e_score,v_score
1.379466718564841821e-01,-6.354139583281808168e-01
-2.055221770212262156e-01,-1.712467348212025342e-01
-1.691779950095321783e-01,-1.114661684781409340e-01
7.428146848485775618e-03,-6.271109163936059439e-01
-1.614769072802268446e-01,-5.632549015118479829e-01
-5.584118298377991479e-02,3.089065534715864092e-01
-3.499696840698072187e-01,9.066704411432362221e-02
-4.516631872720880958e-01,-2.704223853145343859e-01
-1.332413186208151190e-01,4.680525080287850637e-02
-2.742270658735831979e-01,-2.649964526543526766e-01
-1.745466617288063682e-01,-6.144684317564608200e-01
-8.962564861883519363e-02,-4.890673577638631198e-01
2.613366477336118709e-01,-1.526434942040534939e-02
-5.307312861660573589e-01,5.551275880233229598e-01
3.381832463908300279e-01,6.834892844775104503e-01
3.689710208435088568e-01,-9.693928974051417569e-02
-4.455012961442878817e-03,-9.644675920553319459e-02
-3.081583904693851461e-01,9.434691586531916696e-02
3.292970082825256717e-01,8.362459032198198416e-01
-6.235073078831077087e-01,-3.621902827522478774e-02
3.653154528635815801e-01,-3.389610097402457889e-01
-1.414112829901125190e-01,-2.139134278323200355e-01
2.678383130450926256e-02,3.891811403985339646e-01
1.363078405534332016e-01,5.419859682711017923e-01
-3.270073178879359665e-01,-1.227289561511999277e-01
-5.219884697709541339e-03,-2.389206444532761264e-01
1.792830004429762092e-01,-2.911201674223681812e-01
2.764840310468239526e-01,4.332962427403855288e-02
1.200488991125340660e-01,3.044369445696566423e-01
-5.475324493577052309e-02,-2.661414283541250203e-01
1.358001277864769908e-02,1.822407178693235541e-01
1.344130095558558669e+00,1.858820069292257959e-01
5.610979497771546587e-01,1.961597173349096668e-01
-3.673218823538451638e-01,7.755613816795409177e-02
-5.487829080830097794e-02,1.861149715942078675e-01
-1.249434362075285410e-01,3.070087695899433311e-01
-2.073463687375605158e-01,4.879080252202067092e-01
-5.836954575904837461e-02,-7.867458495864380896e-02
-4.156814752869068541e-01,5.607344181045567089e-01
-2.093743205733211710e-02,1.985676482931820475e-01
1.144816188782426906e-02,3.734535731622896232e-02
-3.358548704991122236e-01,4.385211493130362626e-01
-3.354578801868490223e-01,-1.044281845948861753e-01
5.283595657572740523e-01,4.430088828251085853e-01
1.543619502806339860e-01,-6.357053885833311435e-01
1.528003563129742282e-01,2.489739615128516628e-03
1.751436560713415524e-01,2.649523183555714256e-01
-2.741600885101404539e-01,1.668332560274610743e-01
2.775382564220958415e-01,2.640070403215426520e-01
1.304998353738551775e-01,-4.051449129845080543e-01
3.449256385716051865e-01,2.111328579069361722e-01
1.432422240035536309e-01,2.716697750834561886e-01
4.162602207437453017e-01,-1.083940193185837370e-01
2.369799274097760533e-01,1.400924890240685117e-01
2.940621812142824379e-02,-2.503248090003628579e-01
2.849785903336963799e-01,3.435093560772566335e-01
-2.464856568207992316e-01,2.657458511002492307e-01
8.832789775650637387e-02,3.737970151673742358e-01
1.469281881041244742e-01,-1.735096798175974481e-02
-9.049282847454982459e-01,4.329081725781326780e-03
1.045288089647502111e-01,-3.272903912790817715e-01
-1.249580650922180181e-01,-1.755799344046359567e-01
1.708090371623280646e-01,-1.219186443443135148e-01
-3.554388261863521414e-01,3.268599748282523532e-01
2.367565118226325482e-01,4.806399265736504417e-02
-1.343635367149091098e-01,8.101241301620196178e-03
-8.765922300456760463e-02,7.621545881186657379e-02
2.516421333982514219e-01,-8.813086729881812464e-02
3.331420753166894344e-01,1.616328306644860824e-01
-3.866335494178998466e-01,1.483008304554933321e-01
1.647467082131399418e-01,3.123499252569771900e-01
4.283149385660481867e-01,6.055396968238454039e-03
2.460680694127288237e-01,-3.207916570006064116e-01
-5.891503444659300023e-03,5.672492703296508898e-01
-4.969407528822830100e-01,7.092856286127536825e-01
-1.070522323038398255e-01,-2.844104985656820128e-02
-4.661740768377589661e-01,1.830345903263612406e-01
8.752782454985706673e-02,3.757996756142262806e-01
-3.320270994080707916e-01,-1.066391867787584297e-01
1.033740133915124204e-01,-1.373512535831685477e-01
9.957307987259640669e-02,-2.027806467467761498e-01
-3.621545385325213029e-02,-4.432074199631655387e-01
2.965473648417447650e-01,1.421150082732319520e-01
-3.825205208536979762e-01,-1.208642253304286901e-01
-4.049569096042422434e-01,-3.030467829012736466e-02
2.060121532276477929e-01,-2.435308268520426644e-01
1.626497886140877147e-01,2.158810060768108219e-01
2.703302670244433700e-02,1.306660174473027458e-01
4.905186524864443287e-01,-1.501340098171942139e-01
-3.192646703647578632e-01,2.028178142832816611e-01
2.395380736967904767e-01,-2.452582809447108880e-01
9.335903527870605123e-02,-1.556786265170845007e-01
-1.642027600507681429e-01,4.410051592739508419e-02
1.713320042156480510e-03,2.664230681268692225e-01
-1.873853567609041759e-01,-1.488252977205869465e-01
9.566745680223727802e-03,-2.117414795904884461e-01
-9.471228795461444916e-02,3.659373579411002997e-02
-5.158717023913039074e-02,1.941960497816471454e-01
2.128506110779180283e-01,4.521376020994047895e-01
2.514536146942221440e-02,-7.040101304207453392e-01
-4.284104855333398243e-03,-7.879660854169061313e-02
1.203637855797917849e-01,4.333342456664598941e-01
-1.450055690961429555e-01,-2.860642258442895880e-01
-4.341248153754610761e-02,-6.030084012542765576e-02
-3.722533467757952602e-02,3.616140768577400522e-01
3.729470177898268068e-01,-7.024682622712997704e-01
4.306802994567861254e-02,5.396606370671944708e-01
-1.080162420128247119e-01,6.298205680392883477e-02
2.719340127129290380e-03,-2.683959157703605936e-01
9.626418861667282445e-02,2.614428963985013787e-01
-2.419537254776905899e-01,-3.480043954568484144e-01
3.193833245531532000e-02,-9.943339352579892709e-02
-9.643558111644684461e-02,-5.945859263774212755e-02
-1.420906602727708135e-01,2.432374995088553982e-01
-2.176093989350967317e-01,-7.984005886670011432e-01
-3.131424248302261959e-01,-2.999567842468854884e-01
2.583461007319811098e-01,-3.784635115331365374e-02
5.265201628330987704e-01,-4.976071215942758919e-01
-2.061807557174375471e-01,-1.655363859805441817e-01
5.139530871402852030e-01,-3.831713437246031528e-01
-6.091289744127554445e-02,-4.275068987684178534e-01
-4.798747244880062213e-01,-2.713302485410831189e-01
-1.394235187387548279e-02,-3.319633982540196038e-01
-4.477366289193090987e-02,3.831506189750888969e-01
-4.837355204226350680e-01,5.379642047775866631e-01
-1.232789368309061828e-01,2.812217184578784668e-01
5.127851322742779105e-01,-1.880313583897434138e-01
1.157099233468380367e-01,-2.139332555164183067e-02
-5.084285099618386650e-02,-2.180274428690948119e-01
2.872357199787290427e-01,-4.160810548432726241e-01
-1.677821338681851626e-01,2.663404895205664924e-01
-2.653156567681725919e-01,1.393098641135392113e-01
1.544021038432185355e-01,-7.113516159009767303e-01
-5.398357904206954050e-01,-7.787889849752447358e-01
-2.143433070660056283e-01,1.501751478452039712e-01
-1.173081444090345177e-01,-3.411965122394735594e-01
-4.946350888234170018e-01,-4.532934165801308195e-03
1.720748118948355401e-02,1.051859274446294984e-01
5.277593318210823670e-01,-6.535866883863141741e-01
9.966750012922113988e-02,-2.280667199347746477e-01
-3.332967768757701954e-01,7.961437184293702618e-01
4.489719883514279863e-01,1.820513641711274111e-01
-1.973562376175212740e-01,1.881963108899445958e-01
-8.793025023268581652e-02,-4.360139840804804767e-01
-5.395731521389091068e-01,-1.114963085224429246e-01
1.975036023705945276e-01,-2.189074389613758498e-01
-1.020001651011328003e-01,-2.098077804893579701e-01
-4.051906517452170120e-01,3.218816900817818571e-01
-1.708492853529256228e-01,3.202089359749688349e-03
-3.484826190663989354e-02,6.376668239635377433e-02
-2.991116196185135134e-01,4.822962616352758358e-01
5.785596758639116599e-01,-2.143079826943537769e-01
6.817915243605813247e-01,3.707031734621937108e-02
2.292823850210371772e-01,-2.530386511563562438e-02
4.816301936121104021e-01,4.048884679053600388e-01
-6.007448060427024172e-01,-3.212591087378580679e-01
-3.389304230198323942e-01,1.284486156277786506e-01
6.582757872202098515e-01,-6.052174349592232688e-02
-3.164141229742887806e-01,4.097315545800712250e-02
-8.994112696271985841e-02,-1.030790143358472077e-01
-1.488692650978347964e-01,5.852175878880999660e-01
-7.825556771630008956e-01,1.164686361056912756e-01
2.404522018102278336e-01,-2.240979930371972684e-01
7.689259721437037565e-02,3.423208705156474685e-01
2.115558332449249401e-01,-7.073091879472898080e-02
-2.553423649857050615e-01,3.866218982105806834e-02
-2.300786910786409845e-01,-3.361618640384958501e-01
1.423137269882041867e-01,7.113854572392295239e-01
-7.171201729989779006e-01,-1.917815278441484944e-02
-2.225516271710767380e-01,-2.319253446069077795e-01
1.256023354532858627e-01,-1.533558299052074358e-01
5.560308233572322512e-02,4.599652228275386001e-01
-3.170612704766642004e-02,1.755987665591921543e-01
-2.363578229020529275e-01,6.919516239034936289e-01
1.843129407880047255e-01,3.627555842286243060e-01
2.379781970089221710e-01,-7.029458199835304510e-01
-3.116146340093342570e-01,4.841785299034934154e-01
3.426988172650909797e-02,-1.089144303210801551e-01
-3.509221877989356364e-01,-2.697315753504197500e-01
-3.538637312220957454e-01,-1.128402965290126458e-01
-1.652203033819638414e-02,5.938477763764878070e-02
2.233932700108612612e-01,8.763594146307193689e-02
3.081955703450650064e-01,3.266358171432770519e-02
1.859582148879516117e-01,-3.834544493082042704e-01
-1.451359305491033702e-01,4.817258849141635713e-01
-1.713463762886159036e-01,-1.043195388399771190e-01
-4.514663438195354317e-02,-2.193748287422915555e-01
3.044960295004670581e-01,-4.490413353906679284e-01
-1.081994208800687723e-01,6.107484182321508415e-02
-2.594854406916949907e-01,1.226957011199076714e-01
-3.666565782921969996e-01,-4.515792507405884046e-03
1.205693000505655803e-02,1.149621863982348141e-01
2.766042042488423003e-01,-3.154864286668465079e-01
1.915331887695389534e-01,-3.224293361140762731e-02
3.602501983344427727e-01,-4.805465817566198505e-02
-8.883527033671253514e-01,3.286135506211548818e-01
3.457168010723684626e-01,3.075575447407836172e-01
-5.624917568198032347e-01,9.552887968566373678e-01
-5.286824735126836039e-01,-7.257412971677700275e-01
8.290769748801099515e-02,-5.743169275417238095e-01
1.447048961889671748e-01,-4.284481593725983362e-01
-5.545096922099578274e-01,4.198232926309812818e-01
-1.639684390621345966e-02,-3.534603358484531554e-01
9.558149160237516817e-02,-1.892223823188220466e-01
1.208162073036040535e-01,-4.596383402208693014e-01
-2.548944028838953657e-01,1.383439857445113198e-02
3.191053377849783490e-01,-4.125591389723036462e-02
-2.835272881170465831e-01,1.863222381242164993e-01
2.553325396303882111e-01,9.648278375485903613e-01
-3.757912327969669120e-01,-7.183904674401142554e-02
1.950661405825002970e-01,3.806856034723966054e-01
-1.244431633990643327e-01,-4.127925617757861876e-02
-3.402549571352706526e-01,2.947489158542563326e-01
3.318645971637014247e-01,5.479193624002915985e-01
1.061345195452554208e-01,-1.152150541935088313e-01
2.255252368484161538e-02,-1.986500704176539789e-01
2.320364297756724870e-01,-2.560984255098206624e-02
-3.174862423602394235e-01,-5.989127352228220541e-02
3.798627495499861673e-01,-8.797955862905912361e-02
-3.142994323200789530e-01,1.784063885351215295e-01
5.037776931767076055e-02,-7.155651400266227480e-01
-4.630296808748102233e-01,7.669414575996438832e-02
-2.641439240533766664e-01,-4.816266479684589985e-01
-5.941370394092394536e-01,-1.805844106287985973e-01
4.158126352445314922e-01,-3.604063557355914327e-01
-5.391013699105057233e-01,-6.442851593217326089e-02
-2.055543916191171494e-01,3.944528004733929144e-02
-4.408400301778030994e-01,1.795552773241917699e-01
1.310501805350095250e-01,1.390309310194198233e-01
1.375721378113217881e-02,6.298755187070517736e-02
4.069170728491365852e-01,3.572584950963240136e-01
-1.109362240246069414e-01,4.003245027733735167e-02
1.640957219142582246e-01,-2.289712648293927844e-01
3.882581173047782719e-01,3.154462235092201361e-01
-1.189647556525285088e-01,2.188390884325606967e-02
-6.213835977636732455e-01,2.965136037175306050e-01
-6.206990890226671276e-01,1.505651120952445632e-01
-3.808802485177766872e-01,2.903680300949707527e-01
-1.424991057691858132e-01,1.464560639265178044e-01
-1.170305565987209417e-01,-3.206239080871486902e-01
-3.944779491334394761e-01,4.103870804501070224e-01
-4.330993070549414847e-01,9.263379831997872182e-01
-2.432176546665156536e-01,2.430119844352713731e-03
4.066228546423230616e-01,-3.067645978200048695e-01
-4.705008671015909610e-02,-9.119601483639606931e-02
-1.661493198272325986e-02,5.260553168127408696e-01
8.185731660915679386e-02,3.483305296757432945e-02
4.073434918788898518e-01,5.282395622370009147e-02
-4.842898100560159569e-01,6.722999067406785212e-01
9.304017944194756806e-01,3.123307611251039950e-01
2.811369639904893192e-01,4.311984421906743803e-01
2.051186285751957772e-01,-1.699074597981488077e-01
4.144944001931136907e-02,3.893346953372145980e-01
-1.790998552253158724e-02,-1.932672916417291498e-01
2.848991892797272940e-01,-4.046310433599767387e-02
-5.798314424709942738e-01,-2.264678199089804056e-01
3.886643634994442764e-01,-2.776355447295335566e-01
1.714853971741047978e-01,-1.824803970679046983e-01
6.270270334885889862e-02,2.604696826512573615e-01
-2.793430074847185196e-01,5.171053394051295521e-02
4.285411068694035541e-01,-5.770056049668165210e-01
2.413429034636055126e-01,-1.802324687763052768e-01
2.075900527894565251e-01,1.994578032174896265e-01
-8.442186573755834644e-02,6.496443586610498588e-01
-2.991188958144819655e-03,-2.042391157624252607e-01
3.022419549142094097e-01,4.527983988847980590e-01
2.479886132808555022e-01,-4.228077358208328640e-01
1.215861812828447908e-01,9.291699241747791715e-02
-5.651021737201570444e-02,6.556229430334427066e-01
-2.088062809627277694e-01,-1.878887693344713783e-01
-1.883667123615833938e-01,2.925262153720459279e-01
-4.286141915113795414e-02,-3.431810682006041224e-01
-2.379453577169971801e-01,-5.721943601680340268e-03
-5.157059843657708642e-01,3.055604352698242376e-01
3.431776377234225239e-01,3.077943457038777031e-01
-2.657453003450288009e-01,-3.183359556918896605e-01
-5.624859356300997149e-02,-5.140998057222608830e-01
4.369464923997797290e-01,-3.435755453663696252e-02
6.489404262379877553e-01,-8.159362929593456937e-02
2.384465702137034682e-01,5.597421491590458438e-03
3.692780729648011823e-02,2.112431371842708461e-01
1.532487756191612260e-01,-1.593690187620212806e-01
2.041283027279666151e-01,3.103438079379368664e-01
-6.626593485840903686e-02,6.038653064555578320e-02
-7.831833003046935471e-02,-3.649581625457881118e-01
1.864201705216319005e-01,-2.466948332769517416e-01
1.719180750135773372e-01,3.435015034326920347e-01
-3.359666561821734176e-01,-4.716310762239007137e-01
3.986591530311169723e-02,-2.330677293012644313e-01
9.514233165092629563e-02,6.596379180034369627e-01
4.038249418467167867e-02,4.435315427314302505e-01
5.294424279756476670e-02,4.594716727921515087e-01
2.574986731058757083e-01,6.553565253772322130e-01
-1.374187894363048945e-01,2.900371229219063096e-01
-3.758831944079322751e-01,3.899556174954771914e-01
2.001386854306750618e-01,7.161777815599855261e-03
6.927329991876991777e-02,2.912299147962909562e-01
-2.100894493750365410e-01,4.422858897246420007e-01
-1.346058137077929817e-01,4.510689464105200330e-01
-8.968137874574010071e-02,-4.704245797158396192e-01
1.877370225716728791e-01,4.739577885079605535e-01
-1.346600787243938113e-01,-2.697995277405887959e-01
3.722280448152973792e-02,3.380060877962802746e-01
1.807047515582206609e-01,4.429125661243670797e-01
-1.093716284880803108e-01,-5.071728588108601610e-01
-1.112530050066230097e-01,5.607978990347438630e-01
-4.363899324992768780e-01,1.659758891365055722e-01
6.749927783899575817e-02,9.999849138158406481e-02
-1.864826163542411541e-01,-4.356762326529654006e-01
1.036928378499332448e-01,4.393298632092088041e-01
6.071786043451404824e-01,-5.184797397981874556e-02
2.330633419835519415e-01,-8.276859469692511573e-03
3.309899990767405376e-01,2.278514138843899806e-02
4.239497678845196016e-01,2.941134525237644737e-01
-1.478835531756874100e-01,5.041861849619247993e-01
1.622443103319068936e-01,6.123294525819289458e-02
6.583965659525986558e-02,3.061212493331825768e-01
1.431604452673183349e-02,-4.263815356555137881e-01
-2.532912487462531392e-01,-2.457573049157326661e-01
3.048851311944055301e-02,3.889537752024225803e-01
-3.269021255882178512e-01,-5.605344139972056050e-01
6.073261820846497239e-01,-1.235649066779214711e-01
-1.717800014747610515e-01,3.522725172298010188e-01
-1.338569701704830084e-01,-1.142165196580168310e-02
-1.623504161112893640e-01,2.890570830872337682e-01
1.218674875972516475e-01,4.511101297283258704e-01
1.142604129400724144e-01,-1.435386897921258342e-01
-1.595132451166102472e-01,-7.062919993346422620e-02
3.809485320570001887e-01,5.114877746391008895e-01
-1.888971543510163109e-01,2.968152678107875350e-03
-2.796359207620919829e-01,-4.378547167954500163e-01
2.976801360505494376e-01,-3.291793266028289477e-01
-8.005135778476347996e-02,1.256078603520000558e-01
5.304583273954363021e-01,-6.611999226680096431e-01
8.195117083691147997e-01,-2.884734321862260642e-01
-4.710392691929272957e-02,2.303370765808938347e-01
1.767459672182959407e-01,1.207672436536420812e-01
-6.851780077836629179e-02,1.023672540949534075e-02
4.289956149286731080e-01,-4.713266592341934791e-01
8.714381064765923390e-02,3.083325529434162160e-01
-1.995504210355747710e-01,-4.250546753562091107e-01
-8.281925289077346486e-01,-4.068752130729192951e-01
-2.223614437995286297e-01,2.747856294829586488e-01
2.472512488358266369e-01,9.348977680416729885e-02
-1.857986521107156119e-01,-2.730625130336509776e-01
-6.762073221418848368e-01,2.352150493406847676e-01
1.687021939124660475e-01,-1.184505514756469952e-01
-4.687899067952928656e-01,1.860054312647176078e-01
-1.613033813462159127e-01,-1.030334854239769171e-01
-1.378839746404130207e-01,-2.741488821974962242e-01
2.522900733489658997e-03,8.394863329581679912e-01
-4.066293667095353948e-02,-1.871227487045480364e-01
1.811959372339634333e-01,1.834866929474081310e-02
-6.179026670386557341e-02,-2.577541916676424072e-01
4.811681630600689874e-01,-2.688159442491732110e-01
-4.080089322586827327e-01,1.950616199499579373e-01
-2.331079169346889912e-01,2.997986968946196318e-01
-3.485689073721149889e-01,3.942458535993892399e-01
7.385624132834066324e-02,7.437287620550171729e-02
1.530597122152216327e-01,-2.600800584199968943e-02
1.026292115898619073e-01,-4.281354781587436431e-01
-6.230522902630039050e-01,-3.543716356098254860e-01
-3.290492413055422505e-01,1.337718616366601922e-02
-1.819513477495763032e-01,-4.975470285780177887e-02
5.775222145097945736e-01,-6.583593171755399397e-03
5.482507034414876301e-01,-2.093402804876401124e-01
-7.798334016264345248e-02,4.732204773377303719e-01
2.982429565079705025e-01,3.787124813113663113e-01
1.324406597162547661e-01,-3.937409678450645156e-01
5.251751914908429075e-01,-3.413967005332479432e-01
-5.005535329943223283e-02,4.639704515124893902e-01
2.115713014904327949e-01,-5.897173195313397676e-01
-1.975497874441578261e-01,-6.986364503443481810e-02
-1.414062733805487582e-01,-2.409207772955654636e-01
-1.752910376740377252e-01,-4.920187514549097946e-02
-1.911218063565735259e-01,-2.798458403091841351e-01
-4.581535853800861036e-01,2.416458811204688084e-01
-5.396623686123246388e-01,6.158810077903653819e-03
-3.648877622828532175e-02,-1.847641951272368521e-01
1.073001064577321362e-01,4.804512588297417675e-01
-1.152413295338422794e-01,6.695699477971975844e-01
6.160759547986358609e-01,-3.551252809673209332e-01
4.849883801556710908e-03,-3.365913781766252666e-01
-1.382634503293860284e-01,-2.359764958265237744e-01
-2.683742371784107392e-02,2.275172264955580004e-01
2.650156776836755657e-01,2.516026797542831317e-01
-8.247654899198399170e-02,-9.825233366349465924e-02
-4.051333658547170979e-01,1.663509739418773670e-01
1.672288496912007483e-01,2.434438985564952029e-01
1.241516631703846046e-01,1.155877629118390593e-01
-4.387026565460299121e-01,-4.950640550253923577e-01
2.122479283136938233e-01,2.375634366702202016e-01
8.133245550922858502e-01,3.263455582666517363e-01
1.111159129667214501e-01,6.080286653948786535e-01
-2.885065206537896776e-01,-4.813174993305038146e-02
-3.826255279746862414e-01,2.880446707300687303e-01
-3.566416969317771635e-01,-6.655119304436776240e-01
1.510029389590453186e-01,-2.424272871232856230e-01
-1.937311683840505783e-01,-2.347705418886304740e-01
1.677948607910804968e-01,-2.445339034091351116e-01
5.350570351779054823e-01,-2.460993983719340084e-01
4.764413965078842517e-01,-2.244547256933071278e-01
4.606396449322058273e-01,-2.494618391193558216e-01
-2.414849170105325387e-03,-1.677537424961500212e-01
4.352434806106617038e-02,-4.346238924088062783e-01
2.557824366185899867e-02,1.478446846928027913e-01
-3.201764612041201330e-01,-2.271811811969685624e-01
3.788390983030563430e-01,2.243714224221619868e-01
1.152682560211065466e-01,1.739208327066375515e-01
-6.461055528426520866e-02,-4.420953727770515068e-02
-1.031340807191655357e-01,4.229454835157766407e-02
6.751960891323167957e-02,-4.730196192140136840e-02
3.612988170497201112e-01,3.787997710562979736e-01
6.868030193662015559e-02,2.980787793037543709e-01
-5.160545949748016614e-01,-6.709724767490270469e-01
-1.153105637428824826e-01,-1.733289342093651264e-01
1.511223690975006806e-01,-4.907666199773403348e-01
8.561512220470528511e-01,6.651277492868206132e-01
5.569795397781072133e-01,-7.061376417745986178e-02
2.997953227201519133e-01,-4.532502140329882079e-01
-1.944577121578696874e-02,2.154058228009395615e-01
-2.336552264805045187e-01,3.685520239951843580e-02
-3.308691159154340533e-01,3.524169171828030467e-01
-1.117475362779907222e-02,-2.183487063260907413e-01
2.991329085084896977e-02,-4.048022166815292699e-01
-2.945385844465124858e-01,-1.004533474778343205e+00
-3.213890593664507356e-01,-2.237209357121027753e-01
2.832480483787469527e-01,-4.705354390354206662e-01
-3.894319289545274398e-01,9.086617225959836563e-02
-2.241130057109246010e-01,3.326617572396985412e-01
1.739305821382060857e-01,-6.553692571006987377e-02
4.795413106249294399e-01,2.466272115542498533e-01
3.290082547516027384e-02,-9.283264019835478498e-02
4.439882661978049594e-01,2.342301875351838758e-01
-3.898211011395047443e-01,-3.722590043998798004e-01
-2.383200445612585205e-01,3.713205521997998970e-02
6.291972722787190220e-01,-2.667549850219338992e-01
-4.757185991871662467e-01,-3.821700879937079409e-01
1.467665930791487716e-01,3.248368076176025299e-01
-1.999485853442835304e-01,5.878118207199091172e-01
1.364540190253540342e-01,-4.450698971757581779e-01
6.396250874791538088e-01,-2.661244384283632525e-01
3.083361275657676148e-01,-3.420148441073306844e-01
2.265874440069694240e-01,5.298818716300156273e-02
2.735117528183665936e-01,2.357385553053513716e-01
8.422027247017235818e-02,-1.271768618685789609e-01
-1.616857159598829030e-01,-6.126942701927174939e-01
2.231302961919231498e-01,-5.308157505046713354e-01
1.263104630228823466e-01,-2.265524787924941830e-01
1.983386224377650386e-01,1.025492198159638491e-01
-7.306970725246934861e-02,2.254986253996873746e-01
1.745442358442675090e-01,-2.774344176208572241e-03
-3.392992179377561368e-01,-1.092197167247812850e-01
1.607484043844229771e-01,-3.067460752557359394e-01
2.989951275966890587e-01,-1.171730348403197675e-01
-3.253071300843635716e-01,2.588874130536018559e-01
-3.489871067988609826e-02,-8.372586860949071674e-02
3.404594561770334094e-02,-6.277013384613988611e-02
1.747854232008171083e-01,2.028300204887166225e-01
-2.743748099767530646e-01,-4.302835911733096652e-01
4.280627626246967798e-01,2.010548525603468861e-01
5.360144624705850402e-01,-2.971318200352092154e-01
1.497949712440980151e-02,-2.239784617769540742e-01
-2.703099598574249529e-01,7.821786995180447788e-02
-1.069158282657484138e-01,-1.757147636477856822e-01
-1.316375401181236471e-01,-3.957961958715057182e-01
-5.350244385373320588e-01,1.750859068319850498e-01
-9.609476576920775170e-02,-3.274981651819106054e-01
-1.340429202734044756e-01,2.942092327842909527e-01
-4.822601823847399438e-01,-3.681077762692172572e-01
2.753459586536637915e-01,-2.716019224204933580e-01
5.944796311629892138e-02,-4.475205645890834028e-01
3.841103810000992547e-01,5.814407284598465120e-01
-1.501972847438917402e-01,-2.305780349006038010e-01
1.240922513551894271e-02,2.980412864194387224e-02
-1.650965002088044531e-01,7.774373887071645006e-01
2.102084651497996004e-01,-3.569660747346112273e-01
-3.283353261764944131e-01,1.840636312419828557e-01
-2.664676387869593377e-01,3.697066946596800352e-01
3.814139980173791855e-01,-6.016198341797148741e-01
-1.209232454524413330e-01,-2.000935157817251842e-01
1.392990774487672112e-01,3.961312675152717788e-01
-2.306524113766608985e-01,-1.374443167702437130e-01
-3.001865567374104593e-01,-2.556717325400449381e-01
-2.246627978842200002e-01,2.656756084416290187e-01
4.648740923583674634e-01,-6.383766266315331686e-03
-4.304299444200974101e-01,3.600302361672487184e-01
-9.604248597804219967e-02,1.517660159126028342e-02
5.827194620985958196e-01,2.148746482663217439e-01
1.077517619549897901e-02,-2.728355956200358423e-01
-1.532057506313450335e-01,-3.131709964619485143e-01
-3.242294578022842377e-01,3.060418151269785336e-01
-2.032425673653315834e-01,3.615943174016213457e-01
-1.244051721250973019e-02,-3.621814137295177871e-01
-5.831321454761071582e-02,-8.304570777195123821e-01
1.445693970560263664e-01,-2.379800030105844455e-01
2.925494656014982972e-02,-2.291907201468604272e-01
8.001757415999860568e-01,4.245066861308700590e-01
-4.795051151908679699e-01,1.682094761777192318e-02
-1.017375319574956166e-01,-6.018942275348374560e-01
2.941141952915196645e-02,-2.581784145772358929e-02
1.806984828305004953e-01,-2.909620009894323817e-02
8.195163784017039108e-04,-3.560450984904237615e-01
-6.323661033224383665e-01,4.543896192952303625e-01
1.422934430584249857e-02,5.748773652517968902e-01
2.114289189974865313e-01,-6.777376144741859010e-01
-1.961800217032393101e-01,-2.245115073890842083e-01
-4.219246272266533038e-01,-6.796217764113814119e-02
3.281427125993807703e-01,3.437113936868513298e-01
-1.387805376805604229e-01,-8.585243941819735436e-02
2.321311270761793888e-01,-2.203503216572040291e-01
-1.219621318014008499e-01,5.431061397939550561e-01
-4.251173445617067448e-01,-9.366579199904911945e-02
3.075470417692889868e-01,2.108908699616864890e-01
3.520741048830984266e-01,-3.462187793777319889e-01
3.673190179460699145e-01,-1.959435305129189619e-02
2.574047384278479456e-01,-4.934783226939017942e-01
2.554750001483921951e-01,3.367310330552036185e-02
-2.784846215070306830e-01,-2.403973796848741518e-01
-3.213594139165497632e-01,4.415279055032605426e-01
4.437694673858322836e-01,4.721360852621160897e-01
3.239691512685415886e-01,-4.570147169646743834e-01
-5.185907095276844903e-01,-2.618610756676088003e-01
2.272161403849549122e-01,-1.490932998160884593e-01
-4.390127530630159591e-01,-2.158918832874222871e-01
-1.434737500645830721e-01,3.754555168228922435e-01
-7.912476273294524742e-02,3.418422565972071836e-01
3.352720092377802219e-01,-3.769529211154944437e-01
-2.003944393153634929e-01,4.039560989823170467e-01
-4.540358063411916167e-01,1.818220782573603256e-01
1.532177845765607394e-01,-6.661702200885422087e-01
-3.187077755313469374e-01,2.157999183386856146e-01
1.697186429649821249e-01,-6.399616527439497271e-02
-3.314386236392429796e-01,9.647157254802893322e-02
-4.098820674859157687e-03,-2.269988521021150119e-01
-5.669928443059261136e-01,1.931647134671830024e-01
-1.745873716884311366e-01,6.991334534584872640e-02
7.484304309084783835e-01,3.273680900497877994e-02
1.778390460793991823e-01,-4.844810159090817692e-01
1.405795909438080915e-01,3.211995653486388602e-01
6.910636080410108295e-02,-3.160547843661420941e-01
-3.824695635113841141e-01,-3.192163917580689847e-01
2.363532346004054360e-02,-9.957336060702423608e-02
2.055191229806173359e-01,1.325646592655616851e-01
-1.840307484339119559e-01,3.372634375679719465e-01
-1.072507992822273604e-01,-2.579042340271709977e-01
1.861847337050026585e-01,-6.096080611509984148e-01
-2.073391584556535383e-01,6.127984484431449330e-02
1.734432040761358859e-02,-7.265405797340876992e-01
3.667943168267910337e-01,-8.100942263217505990e-02
-9.874879551477543094e-02,3.341804300002448880e-02
2.185236176187009827e-01,6.151387810206467716e-02
3.076082392073866134e-01,-4.090290266863595425e-01
-1.101580054738301034e-01,3.976179406695319885e-01
3.320543661253558265e-01,9.442658351974692055e-02
1.658286110961724180e-01,7.412399001680514132e-02
4.889364060600744077e-02,-2.124107591418879504e-01
1.199405141310594808e-01,3.906743472744615975e-01
1.310893093939086151e-01,-2.430723516855458344e-01
-2.107149140773452792e-03,3.693880000033860078e-01
1.524215722209766033e-01,1.269695792222258479e-02
3.406826349609178295e-01,-4.316534185098649945e-01
4.752382470278462834e-01,1.742665117531582986e-01
-6.856763337210385056e-02,-1.228827561665222362e-01
6.365684678458859436e-01,5.845754757967980275e-02
-1.602268336082305900e-01,-3.511897136977878975e-02
4.946533325648231338e-01,3.017155416108723842e-01
-6.707131879815282360e-01,-5.074477926168797781e-01
-6.067683920595889902e-01,7.742891732300175023e-02
8.588141513461029775e-02,2.087905290659815005e-01
-2.519779341069365297e-01,1.720017795415293427e-01
4.072791172795955927e-01,1.313663030329742520e-01
-3.665938013821696817e-01,4.043799808319327449e-02
9.130684103620101411e-01,-5.848581928065430674e-02
-3.298261238461460132e-01,5.950594008957996728e-01
3.701968721322657085e-01,2.180917273579531523e-02
3.327265151001626009e-01,-2.295965503497362503e-01
3.118013503366169892e-01,2.683094907264820805e-01
5.278171971046743266e-02,-8.746968762900173000e-02
4.324039327183322456e-02,-1.870398558844085790e-01
-1.651649369946140422e-01,-8.047354270658342579e-02
3.629682180032579031e-01,6.132023279495465440e-01
3.965369081176492450e-01,2.905008735859483937e-01
8.115468532291300260e-03,5.817975992375492428e-02
1.457895564610480615e-02,-4.106313468936760303e-01
4.191982826870405687e-01,4.375872939480330293e-01
-6.571807232613158245e-02,-2.668274148283300562e-02
3.379487583565206066e-01,-6.880917613740751559e-02
-3.752955334968389733e-01,-2.855207825409711853e-01
-5.846290606579002819e-02,1.767790769419554653e-01
1.001313964108870164e-01,-1.268092696064311853e-01
1.240168700407031782e-01,2.323488876116930890e-01
1.160767745263228679e-01,8.949912754974706855e-03
-3.147599855535994640e-01,2.661105148913739046e-02
-3.544574422849532391e-01,-2.686210264350245014e-01
-1.569518373731811633e-01,1.083578877641162425e-01
2.504042421408474439e-01,2.183044199952309250e-01
-1.172710196948067579e-01,-3.854393195430059083e-03
1.118644394637883371e-01,1.222958439631194327e-01
5.012571651999343098e-02,-3.208953725959887704e-01
-2.803284382711903611e-01,1.790434025430979736e-01
4.638773939755698184e-01,2.690355375201652910e-01
-8.255048194839939568e-02,-1.644201633105345783e-01
7.106402635269929435e-01,-7.778159690759593736e-02
-1.698540369821363027e-01,1.391954951104392157e-01
-2.090119544205337743e-01,1.961660587981029213e-01
-9.677613384097240312e-02,1.525464906056878400e-01
4.907312260729652653e-01,2.536734573578985213e-02
-6.507048465061324172e-02,4.178648346423080584e-01
1.374802316521656076e-01,-4.438513047833023833e-02
-5.983976492625583399e-01,1.051341431996817705e-01
4.240794187127193415e-02,3.104338391773717731e-01
5.874974531687864043e-02,1.828214244940943034e-01
-4.877942870662423797e-02,-3.808796952915675660e-01
-1.351931472829155656e-01,-3.659247386681964698e-01
-1.846782382534639666e-01,-1.402840364651427862e-01
-4.375830505715740948e-01,2.323185119116707165e-01
-6.902011881831232598e-02,1.995590236130132811e-01
3.258559600356761843e-01,-6.403498633150103703e-02
-5.087341578356289196e-01,-6.790261501741447214e-02
2.180141851748251536e-01,-1.402115934700581823e-01
7.541233432093860656e-02,-3.995242743288011100e-01
7.902112134099276153e-01,-1.925476122678531354e-01
-6.917491483790995377e-02,-1.012857442014337694e-01
-1.447291610985166899e-01,8.876855206874964543e-02
8.516954559866295182e-02,9.022420651784138212e-02
4.186767639162216614e-01,-2.058185649357056612e-01
1.891096328192691245e-01,-3.901598199713111892e-02
4.569370991194332543e-01,2.530607972712062836e-01
4.384110900147491496e-01,4.404499130690402164e-02
1.528576486804671952e-01,1.516311631865639997e-01
3.922314661835518135e-01,-9.205723502906855427e-02
-5.365372598582289765e-01,7.800231792895757910e-02
-2.935571337384199064e-01,2.177565540341105110e-01
6.466437547028379695e-01,-6.645856220155375027e-01
3.237992494416072065e-01,-6.165812723453218541e-02
-1.704393550817940306e-01,-7.954186227178633439e-02
-2.431016666084580002e-01,2.605477390313472585e-01
-7.328606110787633243e-02,-2.599179747220212167e-01
-2.276701249414410377e-01,-1.697852625165005222e-02
3.624753963775653176e-01,-2.351553484329391153e-01
-3.692194135153318291e-01,4.819487052465075694e-01
6.166760806775773221e-03,1.857007209757363386e-01
8.592099542067654916e-02,-9.969859771586966901e-02
8.479623834792079581e-03,5.830255912660983197e-01
6.287612352439603258e-01,-3.488175806641638510e-01
1.224904167179595438e-01,-4.635433641111719877e-02
-1.544211878179998776e-01,2.456881788101227260e-01
-5.058324411977797030e-01,6.810827483791540571e-01
-3.048462694982280174e-01,2.591930387960723059e-01
-4.368978615810251848e-02,-5.308611704552828048e-01
3.782157874088200034e-01,4.132656516223054410e-01
2.076720295540022687e-01,1.918114081605917232e-01
2.936965350222771054e-01,-1.790249654767679111e-01
4.381454270590051103e-01,1.535064447723787362e-01
-4.320482139189333881e-01,-5.282089139750417717e-01
1.006159788616238365e-01,-1.053957308999376868e-01
1.713937402578648017e-01,2.279172621773498664e-01
9.745602036704047177e-02,-9.637469437491841262e-02
-1.636875134311263358e-01,8.243248173952801017e-02
4.380013218830329791e-01,2.959878945129761352e-01
3.772239585506927395e-01,1.755044684310948233e-01
-2.407117570818383401e-01,2.655624947250238566e-01
1.109243820684258364e-01,-1.847556744214634283e-01
-1.603938984827798786e-01,1.647244907994137031e-01
1.436080900510752212e-01,-1.616980393516306846e-01
4.165726011902030623e-01,-2.768291769724081641e-01
-4.579793400793942815e-01,-1.879014898224350416e-01
5.109581286380276977e-01,-5.955680667079844837e-02
3.987146219999976871e-01,2.147871925531038284e-01
-2.942828540091346201e-01,5.395707707300056999e-01
-2.248016076725256052e-01,-4.976470560133491317e-01
3.590004106174139731e-02,-6.611008742777522984e-02
-2.665550667780081651e-01,5.232051742458826427e-01
9.572111829720980625e-02,5.155545544433640659e-01
-3.056420478454117129e-01,1.154841224196941074e-01
-2.716617135451260268e-01,3.544226226736377217e-01
3.469448828047521638e-01,-5.316107877536848519e-02
-2.052905678665614408e-01,-1.133245171783477112e-01
-9.507324117081558668e-02,1.040722549965921173e-01
-2.256492607268297257e-01,-3.304026512002734006e-01
-3.327904249980817020e-01,5.414245242398115637e-02
2.828948615702366332e-01,-1.156408195001765588e-01
6.664629420393021197e-01,-4.846017235697471642e-02
-7.044390202901545939e-01,1.823130509958927059e-01
-4.701684117770744964e-02,-3.374982362742526276e-01
-1.384506652813368155e-01,1.182774026215650115e-01
4.518928622289227204e-01,3.810807671850685585e-01
2.571471664221410269e-01,-3.051233204202437928e-03
5.663264963541088104e-01,-4.983029113015879918e-01
-8.667786587382127206e-02,5.860303512026453915e-02
4.018868618259826553e-01,-3.890788756155352801e-01
3.606400513041295719e-01,2.945526762486916361e-01
4.238254527113134024e-02,-4.705611361630927525e-01
1.671197627094525850e-01,1.646414414521823466e-01
-7.828135869338888331e-02,2.358175306206443736e-02
-1.855307004130241338e-03,7.672381998555044547e-02
2.352371098959381290e-01,-4.842813696874053719e-01
4.879839358143839637e-03,2.903426929397677769e-01
5.374709879981166560e-01,-3.300235762975531340e-01
1.472297400768329545e-01,-8.742643794610065189e-02
-9.120290543063066524e-01,6.305518367138366331e-01
7.451877498839519498e-02,4.256810314737451972e-01
-2.461163349796398891e-01,2.936868275368769154e-01
1.878887201644146299e-01,-4.441841309087529027e-02
-4.535825881904207435e-01,1.922914724112112228e-01
3.371800699038968729e-01,-8.359148874958452491e-02
-1.586794734392808215e-01,3.719648717338990829e-01
1.093297240067358927e-01,5.048941544656652125e-01
1.098602810093427112e-01,5.754691575003858528e-01
1.250650267822494555e-01,5.409689938756886106e-03
-3.606027383597814467e-02,-1.899087851697222329e-01
-1.937930997258608887e-02,3.897626473621350340e-02
2.073185569098318637e-01,-5.738716475561648211e-01
6.169462208424090210e-01,4.660950965068835217e-01
3.643536270189429715e-01,-2.039143179499689762e-01
1.159129028046734650e-01,3.857020643201493348e-02
-3.015162477731673785e-01,1.656748758683309064e-01
-5.107770995172581374e-01,-2.766174729946379585e-01
-5.026213364452234433e-01,6.371544840233110685e-02
1.348338593593992607e-01,4.384365719040472786e-01
6.988572589528718737e-01,-3.436951220451797684e-01
5.002877527243844435e-02,-9.260562959813219142e-02
-1.029373225449960183e-02,2.158940924627936464e-01
1.031323158931702760e-01,7.340444437599250027e-02
1.468157379739395800e-02,1.345345540563953612e-01
-9.999661552295530109e-02,-6.641197015758457112e-02
1.486432233094879263e-01,3.870871790088271647e-01
-4.095681474438159220e-01,-3.061326678292281001e-01
-8.666896853422353941e-03,-2.795763492357473123e-01
1.395567061728549517e-02,-2.360097871490042520e-01
-1.674061995437004235e-01,-3.970802166110402182e-03
5.274111109723214619e-02,2.414692219009364205e-01
1.662579880095592100e-01,1.837207919951176216e-01
-1.102047138410388316e-01,3.048164846201441291e-02
2.298197576960731292e-01,-2.366749626426074282e-01
-1.604846216694396366e-01,-6.255103521446533227e-03
1.542708129249548976e-01,-8.831566617865591051e-02
2.304052095866866157e-01,5.773622650924205985e-02
-2.973231765962817685e-01,-2.023977410635398877e-01
-3.107575906021935452e-01,1.557818861879795291e-01
1.294815297291176392e-01,2.083111718456718275e-01
2.932406122674560134e-01,-1.581885407190491977e-01
-6.000504863028197772e-03,-3.058601504016819628e-01
3.740413794687313387e-01,-4.642592764181073806e-01
-3.417234701174635680e-01,1.462184916145881433e-02
-1.493335690337484478e-01,-3.172922535822759738e-01
-1.488199519303770313e-01,2.501958684610225969e-01
-4.399377577991897548e-01,3.407384934828091572e-01
-9.616696468112791163e-02,3.019020043491781047e-02
-2.587433582733558168e-01,2.228997825502613828e-01
2.590678424931791013e-01,-1.273202749179748738e-01
2.967021330203072349e-01,-1.856503294178805247e-02
-2.019011250066000129e-01,8.727147702330096957e-01
-7.979841860255955377e-02,2.072368352422499505e-01
-5.220859892639135857e-01,-9.357041834683881010e-02
2.337276789114392239e-01,-2.204316831017827383e-01
-1.938034036526292136e-01,-1.806169267169406845e-01
-1.553661662355150519e-01,1.967796683524464241e-01
-3.798111394051563172e-01,2.335204274783948541e-01
-5.368574355477019333e-01,3.125754231445369014e-01
2.591606118031362649e-01,-3.519188309349581822e-01
-5.085786973728078086e-01,-1.678345131585329553e-01
-2.934107579391511123e-01,4.837339552953808242e-01
3.422368984701203432e-01,1.691240124469784237e-02
-8.508910891893798345e-01,2.043147690824514973e-01
3.098819016224489964e-01,-3.179741362137149530e-01
-2.059997583690328371e-01,-2.887221140437132849e-01
3.888683799366489391e-02,2.549565723631952441e-01
-3.067853668369494025e-01,-5.638631321288484211e-02
-2.010617030402511440e-01,3.161840221705985443e-01
-1.071484856436906857e-01,-5.423085381245734693e-01
5.152197043852512204e-01,9.168406670418617621e-02
3.166918142420547255e-01,6.694988044430941199e-02
-1.800247624367735944e-01,2.754441869043461888e-01
3.070690031999580016e-01,9.133334242576846007e-02
1.308796789003006111e-01,1.749479301867597481e-01
3.893836504487860339e-01,6.881994628126222313e-01
1.083228193915045379e-01,-1.780136719548757740e-01
-2.627916599763853167e-01,-1.975292289428239867e-01
2.607144266934571797e-01,-5.394566857472521751e-03
-5.122776978410089610e-01,4.312915354488492947e-01
-4.890534706386067687e-01,1.172630368986540550e-01
-5.652427836823022966e-01,-6.816799769604356407e-02
5.187393998462057620e-01,-3.650683128890809259e-01
-1.880884057782736818e-01,2.817151257722542712e-01
1.748659280546005501e-01,-3.509884787929892780e-02
3.835019175236549782e-01,1.543622786320628382e-01
3.936469545057681985e-01,-9.794362092705258260e-02
-8.165663057571903582e-02,-1.062756420163400023e-01
1.209719586188858498e-01,-4.144319355368190627e-01
-1.103321987425217171e-01,-2.758773738392606978e-01
3.218539576106057565e-01,2.913851847217510116e-01
-2.909092052500059696e-03,2.671895071324570381e-01
1.942935516274926777e-01,-2.449167407903748150e-01
6.146009023695131468e-02,6.138041964869509481e-01
2.938209433594816677e-01,2.424283392780982038e-02
-2.570586423239351603e-02,1.180588671615053209e-01
-2.306215503941307088e-01,-1.240307260290680336e-01
1.915473735957020918e-01,-6.238419646621797821e-01
-3.156240920092629465e-01,-4.284383635834663751e-01
-5.243999207243204008e-01,2.552552201270051335e-01
1.462504486956503758e-01,-8.941205155705327090e-02
-6.280323254996635907e-01,-3.439169970326109160e-01
2.558636320568117295e-01,1.752082650858324819e-01
2.345275957822820223e-01,-5.598005557775130592e-02
-1.626720284691663201e-02,-2.104911352505896283e-01
-4.002836689563560313e-01,-5.427739477089374986e-01
1.826449904615945752e-01,2.165680831642115833e-01
-7.349900141174540158e-01,3.872459706866260981e-02
6.650804564646631278e-02,-2.171778066365791793e-01
1.032911497182934513e-01,-1.116575583075960498e-01
3.760169212034059072e-01,-2.157115637742548220e-01
-1.353957378475664081e-02,-9.152909951871453231e-02
-3.192394931004750025e-01,-2.074969248995937321e-01
-8.055673891872149328e-01,-4.102956974916419641e-01
-6.578845986507430021e-01,2.244406210851579431e-01
2.384733792750858561e-01,-6.397527591714972928e-02
-1.150048778569351948e-01,4.790732309117322618e-01
-7.645472662484915916e-02,-7.502143277192455106e-02
1.992308159782884419e-02,-5.673789582166156586e-01
4.234478159552477194e-01,5.412433416471640335e-02
-1.194235747626564564e-01,-2.090757639698525294e-01
-2.379811427021092385e-01,1.630102861345583964e-01
1.146956037729488787e-01,-8.648563495981858029e-01
1.863622093794439216e-01,-2.293553387783269296e-03
8.583554652498343041e-02,4.152619587047499672e-01
8.260782306636593741e-02,1.562588921879073597e-02
6.217676479961146280e-02,-5.263430842583126656e-01
-4.294826146868226391e-01,-2.474674583981905096e-01
-6.923469348647494359e-02,6.189045323917919950e-01
2.684161507906733524e-02,1.224633023461287745e-02
1.617821058503818854e-01,3.149174499251565229e-01
2.927847868651719532e-01,-8.950578047295673634e-02
3.244387842767917918e-01,-2.323635072472720609e-01
-4.644886740305504413e-01,-6.585660268784034876e-01
-4.925965515672103834e-02,2.009080615903200140e-01
2.445532574957003380e-01,1.317217069788889083e-01
3.177093294579247384e-02,1.693705284451122173e-01
2.776023481176809748e-01,5.259861969256410807e-01
3.698228880046106060e-01,-2.625690683964303496e-01
6.468870171357301441e-03,3.718220584392331052e-01
3.576628046988399728e-02,-1.908335112320683757e-01
5.414212622644075656e-01,2.959949835827443421e-01
-4.572820923228756995e-01,3.380120477063860984e-01
-1.744985743584516191e-01,-3.198607062726366995e-02
-3.626882797687585591e-01,1.465015390175614662e-01
7.773348682776180796e-02,-1.180720049751517731e-01
7.036197412854858779e-01,3.356713613425416770e-02
1.213714568968942975e-01,-4.410834178876330558e-01
8.859164710409248022e-02,1.755719250818107424e-01
-1.438413927556617677e-01,6.383593149270923028e-01
-4.826593546439442856e-03,6.068542438299583397e-01
-2.469597812955592053e-01,-2.538591403197021923e-01
9.521340519722150397e-02,-4.982628452586745915e-01
-1.046265955603402770e-01,9.163730314466170257e-02
2.288038668984838375e-01,-2.554433970839516954e-01
-1.405903703307441466e-01,-1.854848822663064667e-01
-4.804332884383752389e-02,-4.581188088056679653e-01
5.904272349836664491e-02,1.237858761707242156e-01
-2.429789143035107901e-01,-3.280766424941349846e-01
9.889866711043721059e-02,5.724608031198778757e-02
3.974491217796993769e-02,-4.473260628069066214e-01
2.864163576054273297e-01,1.160242264151250266e-03
3.781895580330221773e-01,-2.995999851037524642e-01
2.752679872598827182e-01,1.593176327887529387e-01
-5.321170891760460542e-01,-6.048219494251014239e-02
2.276462855444723599e-01,2.627597444454156383e-02
2.760653433777395249e-01,-1.929006849378183397e-01
2.525154772269637415e-02,1.216341862503747401e-01
-1.173473222248030412e-01,3.692999248550874469e-01
7.866432303973154294e-01,-1.172292694986335898e-01
-7.477553648822496402e-02,-4.160544382537119668e-01
5.437027735409337703e-01,4.383890690830731796e-01
2.280094323791021296e-02,-2.534534458663115775e-01
1.682417144244420792e-01,-3.768242832024523148e-01
-3.765048851096706173e-01,-1.470122890780291569e-01
3.485251336169252756e-01,1.379839012370696616e-01
-8.085857291605608177e-02,-8.840410325584393582e-04
-3.098563061066840207e-01,3.063233719559094737e-01
-1.734005616722430684e-02,1.629068097344328891e-01
3.655764564045799886e-02,3.400181952183298217e-01
1.521401924330202382e-01,-8.806149788447062421e-02
-5.971404272759330001e-02,-5.225955531139205856e-01
2.021846261978481885e-01,-3.862561088980307616e-02
3.227896760318438307e-01,5.525273979418754422e-01
-9.158302479444782596e-02,-4.295141879395801277e-01
-2.132941212458918101e-01,4.619558553227879338e-01
9.948650298681184501e-02,1.008958936865119865e-01
-4.116602620015744618e-01,-3.380536279936278542e-03
1.015285474956644923e-01,4.442681191073140079e-01
-8.924919371850623118e-03,-4.001616855073525381e-01
-6.194765719438785068e-01,3.084451227477337243e-01
1.801113508799944696e-01,-6.934034016820196378e-01
8.145648952256044906e-01,-2.163909023627425335e-02
-8.000827126287848312e-01,1.110406681004034307e-01
4.448306408979921800e-01,-5.384962644234362328e-01
-7.748354085030825789e-02,-2.148539120519286083e-01
2.812885149271774354e-01,1.233180175891697844e-01
4.166195079036636439e-01,3.732476512028286009e-01
5.800417424293600188e-01,-4.106693851823560726e-01
-6.354991280664193387e-02,-6.075188624050366082e-01
-3.702350415004766748e-02,-3.578690811684884232e-01
3.125814868302992378e-01,-1.065349573947036999e-01
-3.286526556658838083e-01,2.483550303845007690e-01
-5.980850360381102515e-01,4.083479107596574842e-01
5.261512993829708940e-02,4.428157214378352635e-01
6.580734815405098193e-02,-6.285184316002087046e-01
4.458190374010874701e-01,1.034773326519689562e-01
3.508834296033262468e-01,-2.771200382200950663e-01
7.179915205485958296e-01,-3.923842461807819371e-01
2.364435598276205530e-01,2.436400011264139853e-01
-8.107061358946024421e-02,-1.187824507114727535e-01
-1.234467641609868077e-01,-3.945513231650771280e-01
-9.418208149615689417e-02,-3.328217612120712432e-01
8.680335274952975799e-02,1.263105000803206590e-01
-3.289045219440138723e-01,2.061088969476656818e-01
-2.760489745798070382e-01,-2.050637681404852697e-01
-6.169313702749988915e-01,-5.659260755391860576e-01
-5.691677853113183971e-01,1.781432116098352614e-01
3.969853672752578500e-01,3.333295966954830103e-01
1.603609322224884837e-01,-1.328576659473104382e-01
-5.341833702015218455e-01,-1.011204889242745819e-01
-1.546317697919001311e-01,4.265796725525758393e-02
-2.018306901208422044e-01,1.038241000666682151e-02
-1.671162828484556717e-01,4.745010472771445803e-02
1.500975481297839309e-02,3.617971593616143844e-01
-4.359356017319668264e-01,7.783218586054707622e-01
3.940250541445436405e-02,-2.310427754235753750e-01
-1.366209279706574742e-02,3.080107229022980425e-02
1.510718547233633191e-01,-3.798884440160190668e-01
3.316891170582326187e-01,-2.905750093283438265e-02
-2.250879433751913627e-01,1.781723738261830059e-01
-4.130044028992409522e-01,4.198794080509039572e-01
-1.569509045523219126e-01,-4.032965901278099952e-01
-1.878468566601927681e-01,-1.013525457540615238e-01
-8.902180703686528307e-03,7.626666766239681428e-02
6.052717712381488341e-02,2.104208858423469927e-02
-3.984252188454573407e-01,1.953233513368164975e-01
2.537780128548569950e-02,3.834815050300985906e-01
3.203573800247368486e-01,3.520424892811240825e-01
-8.283977944121015957e-01,-2.782149038702467769e-01
-2.295550916656368956e-01,-3.431311833643345688e-01
8.541779141731292713e-02,-5.419230750104108152e-01
2.786439351596849967e-01,-2.361634577906541188e-01
-1.414969672356411190e-01,-3.342815027090917934e-01
-2.113107808038096058e-01,1.686576939426095156e-01
-2.224947470562994301e-01,-2.205790571489082974e-01
-3.912747049378281772e-01,3.921380678682134802e-01
-4.079835398614022890e-01,-3.506072725839559090e-01
-7.057781887061791160e-02,2.852948387976392830e-01
4.185831898367960990e-01,-1.629875993483193009e-01
-5.082926859368027545e-02,2.553050387398262955e-01
3.603218178886499756e-02,1.010494980949290661e-01
-5.234266258373263536e-01,-2.697593927283413739e-01
4.179539065740801029e-01,1.875401771192253264e-01
-5.402750561110102323e-01,6.468201014703918450e-02
6.664863223313699514e-01,1.930503950862063819e-02
-6.741850042126398823e-02,1.808351287430515208e-01
-2.575710746141404162e-01,2.199408091400043563e-01
-8.547877079764142072e-02,-1.076410920849619896e-01
-6.413221624164130441e-01,-6.036038596101469395e-02
3.154466036241183047e-01,-4.787300889770773615e-01
-1.441708383865171750e-01,-2.315870416893181863e-02
-5.310123939437162432e-01,4.942867742783774165e-01
1.669042542215737335e-01,5.540221775828796380e-02
-2.697309242763172299e-01,3.059971542403217559e-01
2.603169422344491640e-02,3.358166500868678406e-01
1.299339920465857612e-01,3.895796766199399741e-01
3.792596948077691654e-01,-2.045691548803479365e-01
1.234140591033707074e-01,2.490889486613295234e-01
-1.160395706511552771e-01,-1.505919713171281205e-01
-3.053089133138288114e-01,6.509190276815066123e-02
-1.415568439891307650e-01,-4.008242440094443859e-01
-3.863854072153603547e-01,-9.132924264420696492e-01
3.068870043752817273e-02,3.358111742198179872e-01
2.505960233773515955e-01,-2.764324212965654781e-02
-1.726882820628421536e-02,-1.155458099798156585e-01
7.641725808479151727e-01,-3.063169567270653260e-01
6.758922245939910645e-02,2.429257931002780091e-01
1.750040305622360959e-01,2.350381353113921157e-01
-1.669927705314819266e-01,-2.439280241516179615e-01
2.006073389787751959e-01,-2.833589660413219410e-03
1.548207755182038348e-01,3.426081428579238336e-02
-5.460259321090639439e-02,-1.422471618001739380e-01
3.839389651217885446e-01,4.965476973964104423e-02
-2.116792890625211754e-01,4.206159092465506233e-01
8.389682540017402712e-02,2.799544892376612526e-01
2.508411008227834013e-02,-5.066051492202508499e-02
2.250293772898970257e-01,-6.540020150431004042e-01
-7.275301583762984643e-03,-1.537135451338198996e-02
8.029963821573329885e-02,-4.343174235192677757e-01
2.801569352224232007e-02,4.391519027133423125e-01
4.311677389850724490e-02,3.454151873733630751e-01
-2.498038512450843351e-01,2.219122449337409542e-01
1.561630665674251794e-01,9.231470038235693731e-02
-1.930325599678652526e-01,2.692791464040964478e-01
-2.218569329098193932e-01,-2.647630138924925713e-01
1.303988679441408227e-01,-3.347815665740037083e-01
1.054701503535855761e-01,2.710348665777110450e-02
-7.855452385655959172e-03,3.693911564138145729e-03
1.680862802749142487e-02,-1.463290205805353739e-01
5.018967485211968116e-01,-2.791573591961586387e-01
-4.211168891178585505e-01,3.432167059527392872e-01
1.686929408097566641e-01,-3.183938228659978220e-01
-3.456292053966071309e-01,-7.656910663652997107e-01
-5.024510259335721596e-01,-2.728995503205176587e-01
1.755199621760581141e-01,4.455232296371822165e-01
2.627194378201715974e-01,4.220294623293076586e-01
-7.511950691783501055e-01,-9.372557454099521568e-01
3.935877150256111290e-01,-1.725624914569715562e-01
7.029469391723920380e-01,-2.597603967708107531e-01
-2.602893926045765638e-01,-2.791934904372013748e-01
2.549011350583524349e-01,2.042790216936784808e-01
-2.132916357304891763e-01,-3.999706291689440474e-01
4.418211837524192442e-01,3.527045169431918814e-01
2.049002643936362611e-01,1.613943577357404291e-01
2.413210599967404169e-01,-2.623463106743611495e-01
-3.795594558242280231e-02,-2.301958438832289733e-01
-6.382285790130211300e-02,-3.531389147481993618e-01
6.089778937585034468e-02,1.679352737142411345e-01
8.476211318262503180e-01,2.334551262395274385e-01
-5.042533793372222517e-01,-2.432038477968248291e-01
-4.185441473188820094e-01,6.572679629089945852e-01
-3.105122760740187671e-01,1.901789635155563818e-01
-7.224565202236924444e-01,3.737704758416310891e-01
1.039707431542132715e-02,1.126766872862223212e-01
-1.413360773274240645e-01,-1.383063959008870303e-01
1.364213881456508848e-01,6.782045114433543631e-02
3.202338219811566300e-01,-3.598786894321391872e-01
-5.958522573440767633e-01,1.539120300208827140e-02
7.913993627727540503e-02,1.885330308998179605e-01
5.504829899673061716e-02,9.439558853083628298e-01
3.320322830630252353e-01,-1.029244038502645647e-01
-6.903151354389561734e-01,3.081057310482507305e-02
1.123864846093202002e-01,-2.644951206870596247e-02
5.232345954442052527e-02,3.289674293358618162e-01
2.013065546210225931e-01,-3.438305332115980661e-01
-8.251670941198911702e-02,-7.211002532249154440e-01
-2.685780950084385998e-01,3.831967843872434720e-01
-7.684568610518073724e-04,4.106675909132533886e-01
6.171666185701114582e-01,-4.821565432677913376e-01
3.116236508123056415e-01,3.245431949147332684e-01
-6.552248762602038701e-01,7.824895264492714997e-02
1.215742601756548136e-01,2.942630586394490710e-01
1.209589767979289548e-01,-3.109072498539041107e-01
4.684712289382659406e-02,2.440218602842710860e-01
-7.025509199456024534e-02,1.767538336097990992e-01
3.172137130136883920e-01,-3.111094167043029768e-01
-4.807687477242497676e-02,3.912248975646214211e-01
-3.187497635652163930e-01,-4.620250064813257174e-01
-5.374782989446164061e-01,-9.926777430322034079e-02
3.873275262781830652e-01,-2.435810076453661099e-01
4.570813615440554312e-01,2.425904191071704685e-01
-8.004170406324245812e-02,-5.138812271202560789e-01
9.173778522326374307e-02,-4.519592404558545051e-01
5.601051908850490646e-01,-1.776160441052594408e-01
5.606469210214410914e-01,-1.720708727851609499e-02
5.621940548423465245e-02,-2.730970263343319299e-02
-1.520517884812817577e-01,6.003672882162519597e-01
-8.561979727856894318e-02,-5.818761165581232131e-01
2.752966778241405232e-01,-3.491748305714036382e-01
3.676003347379757646e-01,3.101577036074334437e-01
2.871304197396207791e-01,-5.710335704016274855e-02
-7.833720302104141275e-01,-3.777379705028909851e-01
1.067417205384213613e-01,-3.679465246609091578e-01
1.725560978116171817e-01,-6.746904883061072278e-02
-1.581611443992822844e-02,1.569898416707800337e-01
-3.268315994664341972e-01,2.004715448758186136e-01
-1.878104224365996777e-01,-1.962542213968181681e-01
2.592625306136281393e-01,1.289622655961385478e-01
-2.766561967166675587e-03,4.755252031401173141e-01
-9.589763989657468235e-02,2.876226931782803753e-01
-3.779645434270724746e-01,3.984877538738407776e-01
4.651290429443609431e-02,9.048948901273044798e-02
-1.412308843755106895e-02,2.815116001859139377e-02
-5.614128543685081851e-01,-7.443620832096253803e-02
-4.670575861044701238e-01,-2.065098367995554796e-01
2.728968226795779745e-02,-2.908376095594742416e-01
-7.364023915909713447e-02,3.630944948970533936e-02
3.624263572853527182e-01,2.725189469046756727e-02
-3.723737282842080887e-02,1.014070495088822688e-01
-2.659570826969352431e-01,-9.286975651234855023e-02
-6.480442898043351496e-01,4.671019975860677409e-01
1.954484985601096791e-01,-1.704595732908124606e-01
-1.678843780245166395e-02,4.223680692785303781e-01
-1.130042060596678916e-01,1.686973439539602437e-01
2.684516322094041008e-01,-1.952197279024681653e-01
-2.982332410184705962e-01,-2.268818933919009850e-01
-8.003326920571483816e-02,-3.421334504884970262e-01
1.853749631864849701e-01,7.299143447131004603e-01
2.159674313121788536e-01,-1.490376873780230593e-01
2.868654280260817813e-01,-3.446474313348844576e-01
2.903038927034121142e-01,2.269123610396207857e-01
-5.673336235567747465e-01,2.984825019123034662e-01
-9.800476366967242337e-02,-4.420089500624831969e-01
-2.326324346849922842e-02,1.539351144560842377e-01
2.543825712559857344e-01,-1.624341099901316018e-02
-2.645073317180866579e-01,-1.612867632330174661e-01
2.085002509133830340e-01,-2.631659849745538460e-01
-2.614841913000838791e-01,5.193648148926421904e-01
1.093818711628976453e-01,3.515906224939620572e-01
1.060505227442677494e-02,-2.749914100851695298e-01
-2.503454665691064451e-01,-6.426434643613913034e-01
-2.419346941692128161e-01,-1.025938063500344971e-01
1.481645268348585898e-01,1.044573214043167941e-01
-2.650854388431553854e-01,2.340610386176008861e-01
5.879253899602978617e-01,5.505309763575635396e-01
-3.404818990200355611e-01,-8.648225830655562607e-01
-1.436428388757744756e-03,7.648446695791542849e-02
4.954582169969257155e-01,-2.144090598287600180e-01
4.171137150837614938e-01,-4.652061725783393498e-01
-7.541633581893267269e-02,-3.659549879523925076e-01
2.295319692706914716e-01,4.669328251579144169e-03
4.553709943067649202e-01,2.967876058935530748e-01
2.067362261365083831e-01,-2.239001674796353702e-02
3.732779306539154573e-01,-2.953178718251686097e-01
5.089141957653727788e-01,-8.975092905605613902e-02
1.942060540078064945e-01,4.385993329102539917e-01
2.777273110954389668e-01,-4.841423191800058728e-02
3.513612134212410476e-01,2.263301785207267602e-01
2.140429639466338574e-01,-4.151261798487920207e-01
-1.294953611845911234e-01,1.102367220988804547e-01
-5.485326164532825510e-01,-1.856603030204063420e-01
-7.597369737043875582e-02,1.477701457347173897e-01
6.867631154910948388e-02,3.881235896722063372e-01
-6.060219716994872385e-01,-4.015776326531128593e-01
2.765174460357358241e-02,1.269870881422475728e-01
9.463739756992860241e-02,-2.482038551865491383e-01
2.742576737227834238e-01,1.550072382151401196e-01
1.344521853318285214e-02,3.907176923999399198e-01
-1.205152472752958198e-01,1.356400214271399063e-01
1.342732042104853307e-01,-3.779212121575838967e-01
-7.910331694305904326e-01,-2.895345683480115007e-01
1.483441158033747646e-02,6.327658516730330640e-02
1.575434070579266876e-01,-7.676597366519662125e-02
-4.032629767261162179e-01,-6.474557075524557670e-02
2.746085063103390067e-01,-3.094059561652979795e-01
-1.110795726543081091e-01,-5.106435303096332895e-02
-1.517000868650363599e-01,-4.855874179496021403e-01
1.621967597783375847e-01,-3.876292828247742683e-01
-8.449638982639638696e-03,-1.094928943573236918e-01
1.713074458209662698e-01,3.414570621862527133e-01
-1.235038542567165332e-01,-1.303104507119965394e-01
8.002545236763410064e-02,4.858235262425349421e-01
-3.016833342338962609e-01,1.120023628066652011e-01
-2.821883620534489934e-01,1.437271436067403055e-02
4.112565703340580470e-01,5.387152324962684452e-02
2.331603070941791755e-01,8.571069548438363384e-02
-2.161886324270518023e-01,9.068576943851898442e-02
3.313602101785075860e-01,1.000191377381428812e-02
3.310122735067625999e-01,-8.857599737991021793e-02
-1.923768949173866871e-01,-1.014488425975974689e-01
2.063552778515766878e-02,-3.808963313524761918e-01
2.935358295916589699e-01,-4.140380262359763530e-02
3.061983450631421133e-02,8.674878791256245003e-02
-3.410608882627332861e-01,-4.233988440616106574e-01
7.237862682843586304e-02,-5.477880049378403005e-01
-3.343927962200853310e-01,-3.924668054889279833e-02
-2.306076925119929788e-01,-1.561273724907349947e-01
-8.136931744044204051e-02,-1.959338900561042041e-01
-1.873055113650642922e-01,6.906881727347126132e-01
7.767232072927723330e-01,-2.363952179983919849e-02
8.550836743167857801e-01,5.404695236046950235e-01
1.933309077473406301e-01,-1.936366701137787194e-01
-1.729531787903673401e-01,-5.765495191784754114e-01
6.807021546429645187e-02,3.596722425825422120e-01
2.384534057996757217e-01,-1.654797622604515239e-01
3.177706444056254131e-01,-1.700198679040434979e-01
4.866754677830351095e-02,1.831619456496120790e-01
-2.708401547593880868e-02,2.072555173442302834e-01
3.373174820577658495e-01,1.694488241906705883e-01
-5.264748762782315294e-01,-1.911176993498437948e-01
-5.761682752496882082e-02,-2.445111960502265383e-02
4.020725396494654325e-01,7.885172297049394818e-02
3.460593812210133180e-01,3.213382784421747185e-01
-7.371239077260708372e-01,7.733483547639504038e-04
-3.774434473554825753e-01,-3.426213638974611175e-01
-2.519738495491722907e-01,-3.099266201054127756e-01
-5.830053363171300296e-02,-1.022515593899807895e-01
-4.007124635197249485e-01,-4.826026536161204250e-01
-3.786448743965156183e-01,-5.552261841764078998e-01
5.960394374938452478e-01,4.171864936189121909e-01
-7.454403908388227418e-01,3.749979245744115008e-01
1.599479034356278140e-01,-3.891187148475335755e-01
3.685965619587809883e-01,-1.456889070843333245e-01
-1.617568302453620543e-01,-9.017061442059873255e-02
6.183979714311071962e-01,3.663152395738159539e-01
-2.108988825869621483e-02,7.107377992623634122e-02
-2.776794357139903413e-01,-2.671522987334086219e-01
-3.879658957885031012e-01,-7.593029520680043276e-02
2.315501930889382332e-01,4.573285724838755950e-01
2.960935910301255580e-01,1.017960432850008173e-01
-1.711151912900177874e-01,5.756169041774487072e-01
5.700690095705636395e-02,4.723327597842853498e-01
7.579201828942622697e-03,-1.198493503904714819e-01
1.713839397894869818e-02,-6.861280920823815965e-02
-2.162291001458117590e-01,1.332034093701066346e-01
-1.739959308822661144e-01,-6.667612770206569062e-01
-3.376330265855891910e-01,-7.788472834453177840e-02
-4.407926424312990088e-01,2.892233626861860918e-01
-4.519241014158528191e-01,-1.683977952849662896e-01
1.450015176234348106e-02,1.818184775334024117e-01
2.929887541456325795e-01,-1.363721729264358584e-01
-6.217719585438633012e-02,7.626858146457587972e-02
1.922135630678843965e-01,-3.032158807771976883e-01
7.498931670987452058e-02,-3.526973255586789840e-02
-3.482053038854081017e-01,6.047851289585653295e-02
-3.232440361398211115e-01,3.040243756051735913e-01
-5.017133172414122155e-01,1.566925050361157035e-01
-1.544548944322961803e-01,4.459154937654965511e-01
-1.425423030534416768e-01,-6.272948717483010916e-02
4.749514446429129594e-02,4.242752924406156256e-01
-3.557731167891390878e-01,1.954824768269020074e-02
-1.301736060325183741e-01,1.500896209284185434e-01
1.646843676282971625e-01,-2.582910205297553885e-01
-1.888513158107984202e-01,3.908343771605700678e-01
-1.732374379421154631e-01,1.298867310384968776e-01
-4.238362021654996648e-01,2.762781153686809099e-01
5.874965377747284334e-01,-3.568514451435959023e-01
-4.304342509011995777e-01,-3.800764453215897953e-01
3.798389239964631847e-01,2.006806594405363409e-01
-4.552789853093689998e-01,-8.432917888181531985e-02
4.529384245212888377e-02,-7.138238444449866715e-02
1.169412574549812261e-01,-1.087628976459631830e-01
-1.725649694007874990e-01,2.095160763959673655e-01
-1.074368004674265131e-01,-7.411715627597541267e-02
5.823804171460036372e-01,-4.223112453334382232e-01
1.674549491523829314e-01,-2.778360639156826073e-01
-2.026022483206149638e-01,1.009807233358508971e-01
2.238936481908406773e-01,6.009111002303013649e-02
1.069229616044552328e-01,-5.650738279029480227e-01
1.451563221053834285e-01,3.222368274741856387e-01
-3.377963133147276475e-01,-1.024913211034591577e-02
-3.151790355562343882e-01,1.092712442141843959e-01
-2.939600931960583696e-01,-4.242923083963578978e-02
2.788184972938226314e-01,-1.983142631704734871e-01
-3.937719075997132001e-01,-4.555737150420392789e-02
3.591447152373980489e-02,-4.570976241276727414e-01
-1.380831996369138448e-01,5.104995581764044665e-01
2.620163395723161259e-01,3.682280096725566443e-01
-1.490464754205627351e-01,4.879329397299498466e-02
1.911604179222960997e-01,-2.226266575736279563e-01
3.876532939592284843e-01,2.164002607977014991e-01
1.309339266432602011e-01,-1.510260000732692176e-01
-1.990788960368728155e-01,-6.445564074741892968e-01
5.662616028085629694e-01,3.161722087736296150e-01
-9.638751542839385511e-02,2.469923880862682358e-02
-3.118204470650624005e-01,1.831065879472508762e-01
6.819384801376697502e-02,2.718967059215251503e-01
-1.926516663895458670e-01,6.600913973456098982e-02
2.857919535197561145e-01,2.638314595282438835e-01
2.946950819032504443e-01,1.283496854016198396e-01
1.599029808927203977e-01,-1.662275456004250196e-01
-1.402479335188315246e-01,8.975054186420426683e-02
1.511293923552310958e-01,-9.138890752927809891e-02
3.114028049239169205e-01,7.005974817968474433e-01
2.392805421732489488e-02,2.708209123097919946e-01
1.604973002874950649e-01,1.971611767635956802e-01
6.216306965605636892e-01,5.104135076984172015e-01
-8.355830350821603913e-02,3.583208432537579036e-01
-2.748892149541899976e-01,-4.359878069182815917e-03
9.516062525459448862e-01,-3.239323419953797356e-01
-3.432740066730141648e-01,-1.584759933815188815e-01
1.364263330281555442e-01,6.118613712860089537e-02
-3.934942843508513199e-01,-2.964628390120075951e-01
2.764825097247588515e-01,1.471500146031925853e-02
3.552888272125115376e-01,-2.773518710461520542e-01
-4.271718739827084360e-02,-2.992357344774323469e-01
-2.188491510431000708e-01,-2.422566637713154669e-01
-6.312774912094311353e-02,-1.447131586670116210e-01
1.175890061917653079e-01,7.436559683233294471e-02
1.843957897131978663e-02,-3.915468831640486758e-02
-4.472914211968431752e-02,2.846347839507588628e-01
2.865737180878613066e-01,9.886932196157546815e-02
-5.890687809787271689e-01,2.455335627977240365e-01
1.246903632548342911e-01,-5.375939212772531395e-01
8.419113514609953552e-02,-4.068327820115492655e-01
1.198794614193349761e-01,4.758504010374531301e-01
-8.336055456034702216e-02,2.726787197522213546e-01
1.739567987253750336e-01,-5.614639351408096113e-01
4.583829161403236152e-01,1.408327543258346692e-01
-2.681414798053859960e-01,-2.883928192061401830e-01
-3.245233734653878988e-01,1.628717964401252549e-01
3.618439902183803736e-01,-9.716302775663129832e-02
1.224288706100209456e-01,2.150154448367516766e-03
-6.950784497524913064e-02,7.745486133863486999e-02
2.259454845142322421e-01,-5.574022394607720116e-02
-2.770231297228000281e-02,3.679305921761230058e-01
1.860143039109362836e-02,-1.340905676833817617e-01
-6.226300781349870528e-01,-3.123889417424149939e-01
3.999127893097762648e-02,-2.444668753350493773e-01
2.499540670023939481e-01,3.026904099579684759e-01
2.167268618836425964e-01,2.073785536868762852e-03
-1.815626140885563955e-01,-6.566358542417989330e-01
8.398275797891565642e-01,-4.094607919166781129e-01
-3.706679651742352810e-01,2.223290636323493052e-01
1.282927752170533175e-01,-3.824353984085152036e-01
1.883214451705979009e-01,-6.994108024053409534e-02
-3.833637639515597578e-02,2.523194455320092455e-01
6.077857505345271583e-02,1.243616281207364921e-01
4.454601993098022961e-01,-1.189418554939455919e-01
-1.512444173152886207e-01,1.935243388339942250e-01
3.602088965517822872e-01,-4.479668553632165651e-01
3.001071063358047297e-01,-3.120006512813045529e-01
-1.534062907609705928e-01,-5.692729190943931483e-01
2.957400052019995562e-01,-1.391066629655826614e-01
-2.054873148435815700e-01,-3.586605338955572292e-02
1.421410230593940227e-01,-1.909423382145206682e-01
-2.786552907332935994e-02,2.069783327572228271e-01
-1.218151903557129767e-02,4.944764228769293890e-01
3.652556775402962530e-01,-2.274789573998554915e-02
-2.151545009758327465e-01,1.534785757181795773e-01
-1.148570059930329040e-01,-6.200445179369058479e-01
-1.713832609053284328e-01,-5.390333391191215462e-02
-1.786649505563829288e-01,-2.759793982677816171e-01
-4.621687536921338380e-01,-9.908515309355925282e-02
-3.347189045184629230e-01,-1.894621386431650512e-01
1.690463742456973228e-01,-6.821957902154666964e-02
-4.487063509369505487e-01,4.642495894215614705e-01
3.165273547962099698e-01,3.400770429782229431e-01
-1.882354214511997026e-02,-2.972350298695581872e-01
2.202553183781187640e-01,-2.952889223895945048e-02
-6.771481246668019649e-01,5.781494227311120837e-02
-2.161452825877350770e-01,-7.405914055581658273e-01
-1.705274263790957090e-01,1.761247603691406816e-01
4.597374124654765026e-01,-2.476548186127629503e-01
-3.083169551105136019e-01,-3.286261738040108238e-01
-1.410588532213182256e-01,3.668131466041434779e-02
-7.184760020524801061e-02,5.709965014279039242e-01
1.685899529043697054e-01,-2.444468589958643124e-03
-1.663997376539011197e-01,-7.748825252001909081e-02
-2.038324505915860563e-01,7.203897449465939129e-01
-7.378651567735222683e-02,2.154669414599988675e-01
-7.856382325809178890e-02,3.651000595580030095e-01
-1.513467249212288590e-01,-3.703330338542691613e-02
1.138544702094688998e-01,5.292318189194104017e-01
1.617919650729773562e-01,-1.941429770407944733e-01
9.102745287360017312e-02,-3.900237920900041788e-02
-2.712072090521142759e-02,4.534436936951165009e-01
-2.645049256461827203e-01,1.001688376885804393e-01
-4.623633141572772165e-01,-3.065024835372137657e-02
5.053287775263666237e-01,-4.285730696232720183e-01
3.681103580692135502e-01,-1.944206149848477436e-02
-5.248344096874451026e-01,1.405093074052061186e-01
-3.624485778104585831e-01,2.455226811977373191e-01
-7.551873614006823776e-02,7.817588073938283588e-02
-3.907927867373159336e-01,-1.528366723936527560e-01
-3.536907746445383527e-01,-5.911281982990307382e-01
-3.003277069524777354e-01,3.122357820443785736e-01
9.290932301631258175e-03,-1.462343774827185305e-01
3.255748160365568578e-01,-5.927117238233514662e-02
2.505218060366944943e-01,-5.229427606470309353e-01
-1.721836230190195993e-01,5.077586574820828202e-01
-1.305362671916653408e-03,1.339566354840284086e-02
2.620902705960894141e-01,3.718993934277780578e-01
4.292380536725904361e-01,-4.560973753334382486e-02
2.390856433131418324e-01,-2.432400040674911057e-01
-2.158142707630121560e-02,-1.246690107328542185e-01
-1.673012819129771622e-01,-4.401709989828949121e-01
-1.488726894454434346e-01,-3.604871799752559780e-01
-4.550558181136186153e-01,-3.147136708157316498e-01
-8.707644040229929258e-03,1.912317570161292113e-01
3.680457432094937920e-01,-4.023494003716550638e-01
-1.320072382800651645e-01,-2.873397581253747668e-01
-7.488754056097961243e-02,8.428850132486201407e-02
2.401321785235341066e-01,-4.113585427969883024e-01
1.825698303169847811e-02,-5.483143302530989471e-01
-5.541110854338205938e-01,7.525645577905372419e-02
-1.581640255240175097e-01,-5.238894474552996741e-03
3.068862643956777880e-01,-2.816017952999235949e-02
6.062811559051655558e-02,-3.004098275383111361e-01
-1.065911215355222208e-01,-4.014652335823849505e-01
1.501110807575007366e-01,4.235285988071259555e-01
3.528132004179858061e-01,-3.784258588039249999e-02
4.961121812858393376e-01,2.556901185515726427e-01
-1.745858315266519412e-01,9.327599314710255385e-02
1.229693968989629960e-01,-8.101349886385134091e-02
1.452262971662668378e-01,-4.430001798132366941e-01
-5.181945955310918173e-01,2.793345178141678486e-01
-1.429836661653787755e-01,7.777934124912292413e-01
-1.760545003843084766e-01,-1.077893156298797700e-01
-3.053824246758363725e-01,-3.413738048798326853e-03
4.514864512805691343e-01,5.993011862191365696e-02
3.823861291681860952e-01,6.953943806777526659e-02
-5.234841782305952318e-01,3.089331702843896577e-01
-1.248366001954952786e-01,-1.459973091824915414e-01
-3.596060522521813407e-01,-3.197654663345893544e-01
5.443359404641994193e-01,3.138694312167589207e-02
3.042470326127759139e-01,9.504134389302023797e-03
-1.516138817516202997e-01,-1.686058512495978712e-01
1.955021410245415259e-02,4.218283899484732147e-01
8.034189008802093690e-02,-1.689122490073342586e-01
5.677845669265455530e-01,-5.627024141253330614e-01
4.930376726816843025e-01,4.268628145824150399e-01
-5.438425123979361009e-02,2.518779026472690585e-01
1.303147968391775435e-01,7.236564024125795580e-01
1.507114508665802766e-01,3.623113592332329047e-02
-2.097561738428931621e-01,4.105817726936281109e-02
-3.244084139908142705e-01,2.544409086580399215e-01
7.688933997844579760e-02,7.538790252886225229e-02
-4.200971559109947795e-01,-4.099727980181807618e-01
5.886189424625459798e-01,-3.190376760275894785e-01
4.154206230857482862e-01,-2.512278022325333260e-01
3.077606967377475439e-02,-2.541574497559343504e-01
1.935493420237426321e-01,-4.961582671741092132e-01
4.755648930759479587e-01,-5.369322897711534606e-03
-2.536570982428801857e-01,-8.259102848198790481e-02
2.039857346871599419e-01,3.650676602742594090e-01
3.262363677089018532e-01,-8.994904728631149260e-02
-2.865354433076309770e-01,2.625636820413933536e-01
-4.837556767936045943e-01,-1.092390313675529329e-01
5.565016309361433544e-01,2.044254162891032123e-01
-1.124018607214925108e-01,-9.206451013874739076e-02
8.104062615325502428e-02,-3.136871873975030645e-01
2.682179849504068847e-01,-2.427077527689227299e-01
4.582340405077782730e-01,1.500581698053807811e-01
-1.509164272887598690e-01,-2.094554400465636068e-01
2.653226978921552348e-01,3.157794295604576806e-01
1.548492269917058073e-01,-2.621915452002331892e-01
1.449677262871905958e-01,-7.719352294259335286e-03
-1.661461661224961361e-01,2.019406842480385988e-01
-1.187007431238119026e-01,3.738975614461725883e-01
-8.385860071434267371e-02,2.828457308665896855e-02
-1.208346428592594474e-01,-3.694068187447178131e-01
7.377131857522620240e-02,-8.873096576646225531e-01
4.294153369636559137e-01,-4.025838997150510967e-01
1.745961832330645003e-01,2.712079372137315425e-01
-4.852034136460177116e-01,-1.325370100475047608e-01
3.659444681873285088e-01,1.435857125103535692e-01
1.210153477562153912e-01,7.261316483142127298e-02
-2.122065108193897653e-01,-1.976821849657500740e-02
1.430381552804465550e-01,-1.752202555846030241e-01
-5.450818145703363315e-01,-3.126178751363003494e-01
5.886699129482119153e-01,7.308076407461543411e-01
-2.187961660292952748e-01,7.059316699705578957e-01
-8.121968909800185710e-01,-9.785103248162836664e-02
-4.514016929610725759e-02,-8.698267691258788625e-01
1.263470053651804259e-01,-5.124958031890162330e-02
-4.946464051307377513e-02,-9.292723419717464628e-01
1.115778221588207275e-01,2.755298368076370963e-01
2.173522695582368602e-01,2.645757254605918263e-01
-2.868626260897417235e-01,3.940255895878838066e-01
-3.617325727389033019e-01,6.039268871664309896e-02
1.325857309304334097e-01,1.385682399730459591e-01
-3.577691021443443753e-01,-6.320016619987148809e-01
-2.744684051393301849e-01,-1.514503256365891393e-01
-2.292183200827687187e-02,1.513982089558648658e-01
-3.528536599939020857e-02,2.203582884064775871e-01
-1.072154075757384382e-02,-1.934151547542172639e-02
7.338360426149195814e-02,-2.592841923296245743e-01
9.935479383827034994e-01,-3.705742786883239326e-01
5.566036950459442023e-01,2.465358318672749571e-01
8.633867308870579738e-02,2.971495413817388243e-01
4.146528431307784923e-01,1.670543369549552237e-01
-1.361455271245566034e-01,3.954940421543347018e-01
6.492172667396337582e-01,-5.797865190293929327e-01
2.303868580507528047e-02,1.015351471510424070e-01
-1.125416559502177977e-01,-1.242787689452905103e-01
-3.572015697452336491e-01,3.541100001346373927e-01
3.304742735301258727e-01,-5.542539937795690763e-01
2.260684193737288461e-01,1.027780806586815615e-01
-1.288434673697186617e-01,4.591903653887391759e-04
-4.123066755255457849e-01,-1.325665953204275549e-01
5.919039148679914319e-01,2.357453861281385010e-01
1.954306284442496044e-01,-2.965629537952326200e-01
-5.749801080085478189e-01,-2.526207806967566971e-01
-2.733124988221288243e-01,-8.145774767517185988e-02
-2.092495132212404962e-01,3.645892983941232401e-01
-2.854990481846212402e-01,-4.764596722328758027e-02
3.375630908639654648e-01,-2.842154331787420385e-01
-3.049024551961430074e-01,-5.115537679708082736e-02
3.748610389122902786e-01,5.254092798028235922e-01
1.866416931866978213e-01,-2.266408773222182149e-01
2.525629934377647823e-01,-2.479727680442574966e-01
6.035795399584775733e-02,-3.642177539372535855e-01
3.995776154214150111e-01,2.390429964588446643e-01
1.781567434169179787e-01,4.077749956688007937e-02
3.368056367256326844e-01,1.376077450619870857e-01
2.626775078730635982e-01,-2.973032411561543076e-01
-2.614945423590929185e-01,-5.908117419085136268e-02
-1.110028594980831812e-01,2.395729299006940649e-01
-2.426305242922612571e-01,1.722348946957484861e-01
2.131427040365386494e-01,-1.474792201499937859e-02
-9.414954464139202450e-03,-1.962289143339359943e-01
7.736999177139373962e-02,-6.205829624337647621e-01
-1.290970255384836229e-01,2.833034889609036683e-02
4.244579853531602609e-01,-1.138479492741073240e-01
-2.482567723287227024e-01,2.627823971873952114e-01
2.150320510569482882e-02,2.636318763529875153e-01
1.182815018335701095e-02,1.653625596609483994e-01
-1.731495224500012933e-02,-5.534933991052150004e-01
-4.756903036920465677e-01,-2.141674540035362340e-01
-1.113176639537013513e-01,-8.484109032108273774e-02
-3.330933252358220242e-01,-2.860445427214776126e-01
-1.279593763372984805e-01,1.930537539442279266e-02
2.885386681834786748e-02,-4.276152439119144111e-01
6.310853568695738991e-01,-2.103993881308157399e-01
-8.872863266306559027e-02,1.100486182173113087e-01
-3.215993470375169139e-01,-1.905029750435643376e-01
-3.962021291506985510e-02,4.200131087536411734e-01
2.553427706609219527e-02,-2.909331509833790741e-01
4.890077303128296388e-02,4.726962463086212957e-02
1.093389672839770732e-01,3.424028027238977812e-01
3.273623036883504533e-01,3.020310601174103216e-01
-6.642284300246055484e-03,2.820005726407812663e-01
-1.480084909028578366e-01,1.256916686348462653e-01
-4.920964308889499289e-02,-3.931441268949306123e-01
-2.315794129731679474e-01,-6.531975878930408597e-02
3.219464137416555571e-01,9.675058524640133689e-03
6.154739070099127934e-02,3.512363150323958294e-01
3.618495017571329297e-01,1.019469000389507524e-01
3.213792982710714230e-02,2.917676720786129343e-02
-6.902781136582110399e-02,-3.641192336984129529e-02
-8.860684101410042091e-02,-6.957511386479470206e-02
-1.304310488202256868e-01,4.291360694266469628e-02
-2.327668590834394979e-01,1.240732329392981587e-01
-3.107034353076805200e-01,-1.099205354942490442e-01
-2.617154493681566607e-01,3.715769042123989729e-01
3.232778380399463081e-01,4.709912236736030211e-01
3.182338891130572223e-01,-4.399926816855709993e-02
2.268323359107745317e-03,-3.169498684307104353e-01
-1.590307553383073919e-02,7.231074235791325189e-02
2.472401388442281578e-01,2.778209752023186319e-01
-1.264340935528444065e-01,-4.330869798952898669e-02
1.229994397041714455e-01,8.018239498767532059e-02
7.130998377717719106e-02,4.861542817380609116e-01
1.090992616605237497e-01,2.150208010350836418e-01
-4.845382595821624561e-01,-3.566162058611290209e-01
1.766261890219528452e-01,4.983515641072767954e-02
3.030925564346219070e-01,-5.808940826357767984e-01
-1.958416944678836036e-01,-1.782868279468886041e-01
-7.247283267412727437e-01,2.938295463159221188e-01
-3.346729831466342675e-02,6.519544330986986047e-01
5.716237850876897814e-02,1.556464223859815865e-01
2.648244700482068059e-01,-4.653710565181701786e-01
9.826047037232948922e-02,1.862632872413593627e-02
9.564970659903561379e-02,-2.269016345490008080e-01
5.052109135204783108e-01,1.206069901276851514e-01
8.290106845149485260e-01,1.825673364115599218e-01
-3.397510196676871708e-01,-1.845061377111624490e-01
-1.350272747284091968e-01,-1.344097711103753312e-01
4.116562917733601057e-01,2.555251269895770783e-01
-1.614803817903019412e-01,3.169440885809862024e-02
-1.156211063506928372e-01,6.810072848515656696e-02
-3.921931555793276014e-02,6.469261392364185070e-01
-1.040903726271584367e-01,3.048633049239994341e-01
-2.359813731313704921e-02,2.724430349116161998e-01
-4.304978160194602443e-01,-2.043442905698245327e-01
-3.075871850700084148e-02,1.408107384773622621e-02
2.110302172681922661e-01,1.202103841227463756e-02
1.826090529353601166e-01,1.520312342540719175e-01
7.085514966925912650e-02,-2.873174135862844314e-01
1.560959704912132373e-01,3.862875339065787172e-01
1.725007877611532403e-01,-5.022941665891470508e-01
-3.715330092003114593e-01,-7.772413973632823214e-02
3.264039511015888739e-01,-6.199218110011586180e-01
3.384503899456750009e-01,7.775061546061907969e-02
-2.053234035153089498e-01,8.932792311394355256e-02
-4.308437805630964124e-01,4.402354608022855942e-01
1.483049132242466039e-01,2.361494404077558451e-01
-3.126774318113834106e-01,-4.599626907687274224e-01
3.118324099575818797e-01,1.437179133233955353e-01
-5.260163323212141417e-01,-1.745490557508806995e-01
-9.266813849180526030e-02,-7.807762294287541593e-02
-1.082555820254443857e-01,-3.735461127287499905e-01
9.986231668931667971e-02,-6.062955164736675770e-03
2.414864054323102513e-03,1.488009806208060171e-01
-4.985526198393095028e-03,-2.805831906996018033e-01
-6.728303142337497267e-01,3.114952647326776347e-01
-4.425793299724183755e-02,5.405639108277229266e-01
-1.861944415267004216e-01,-6.666264992054263816e-01
1.016469265408059680e-01,-2.686254653233238754e-02
5.869145772920418558e-02,-3.595197282081042944e-01
5.292690828355275379e-01,2.292072943863256718e-01
8.080649598526413735e-01,2.549958624193294221e-01
-3.751574534541206041e-01,-1.637812867778510456e-02
3.503147822923294852e-01,-3.989497046733411767e-02
3.327589119612482382e-01,2.990015480525332059e-02
-3.408938688541112566e-02,2.098102388182084554e-01
5.868374973549673745e-01,2.572878690251041017e-02
-4.299029196130645381e-01,5.477310483358186488e-01
-6.463810388115016625e-01,-1.378102335081372865e-01
3.705177314136207656e-01,2.278065920929409349e-01
3.307153855822242972e-01,3.654058782567325969e-01
2.778242730381934589e-01,2.768417312523813734e-01
-3.455697662490702649e-01,1.580311955027706439e-01
9.890518842841018454e-01,-2.473647027873058235e-01
-3.983217054236750654e-01,3.283584986717510978e-02
-5.708290658195360745e-01,-1.832926823381764991e-01
-3.663365440615560797e-01,-2.240347678865753714e-02
-4.342636050163250355e-02,-7.624220395409449236e-02
2.401199950606957775e-02,-1.012683952049019620e+00
4.544288766439550514e-02,-4.024613854984435135e-01
-2.336783541521134447e-02,-7.425558017590573323e-01
5.945245278636910324e-01,2.055191514302039946e-01
-1.453618595776799138e-01,4.472017172995203238e-02
4.528038447181483711e-02,3.424096743471265192e-02
1.926893050030471510e-01,-8.175983881982043511e-02
1.295208180864194092e-01,4.613308192311960099e-01
-5.714051329537157137e-02,-4.713056474765786596e-01
8.707183256874313770e-02,-2.092952198237528760e-01
5.434228848358420016e-01,5.257865666052614628e-01
-7.917958200207750319e-02,1.367288703572260011e-01
-5.059663135621575991e-01,2.106879805165617070e-01
-7.212231614712537597e-01,-8.535942752549094403e-02
-2.632177501066437220e-01,4.510580844848458559e-01
-6.831267323192219409e-01,-3.623584853109745874e-02
2.003233233570793914e-01,2.962764651357172041e-01
-2.042004634005380737e-01,2.293523668622551512e-02
-6.119880253828718919e-01,-5.537278735851016570e-02
7.569192788020122353e-02,-1.572318984920557938e-02
1.121111188007820059e-01,5.940058779866063121e-01
-2.556027715402274247e-01,2.634816023686232245e-01
-2.407906516394544560e-01,-8.066308211911130122e-02
-2.061723845397566701e-01,-3.502829106002750686e-02
-4.890918566149159985e-01,-4.260516131721759359e-01
-1.807853416886402997e-01,-4.107276997692735354e-01
-4.906468336066825975e-01,-3.058807044170324119e-01
-1.630954162881912139e-01,-1.137123983521572956e-01
2.458698560593415572e-01,-6.795663358033347812e-02
3.499367556304803228e-01,3.450375292019478568e-01
-3.762463097788799199e-02,-6.975451330643067313e-03
-4.363908766713933685e-01,8.351483361333331690e-01
-8.984028172986244232e-02,7.072137683406411190e-02
-2.338619093046311326e-01,5.541884441815145834e-01
2.311805527191195808e-01,4.750569756697929635e-02
2.404621628651829601e-01,8.746364228737274482e-02
3.325152456304563686e-01,-3.341732167742929027e-01
2.413885463869690565e-02,4.383310684139334751e-02
-2.811245694113773119e-01,4.290148136265181100e-01
9.410689039591768612e-02,-2.228114948326346545e-01
-1.327630212746288840e-01,-3.497839946389878080e-02
-4.192602736977254496e-01,2.222343165805474863e-01
3.340664184559238858e-01,-8.668216386573983634e-01
-9.509065673563123211e-02,-4.887451906163610693e-01
3.224368366277310383e-01,-2.184713548822328488e-01
-1.685811767381361903e-01,-2.143986742471631901e-02
4.822834163388073914e-01,-2.180403904655275615e-01
4.485509956568614620e-01,-2.223087597795956882e-01
1.473431224269612372e-01,-1.151876530345456381e-02
1.668997078749374086e-01,1.957272025988593747e-02
2.310519238025173505e-01,2.167918524204108088e-03
6.296681869880113025e-01,1.710328345513308923e-01
-5.526481588104185105e-01,-1.240901763301871796e-01
-2.125251348873036517e-01,8.165342535902401222e-01
1.231322276046447825e-02,2.765036638474225109e-02
-6.180086962688609020e-01,5.702336032229608775e-02
-6.804248985708541975e-01,-3.444917238553829586e-02
2.048048024961310679e-02,1.169057703441964691e-01
1.552114786891686526e-01,2.540845462715123904e-01
9.620764899455498675e-02,-3.498632979668724330e-01
-3.832023215946430139e-01,-1.724936171923517961e-02
-3.084376020420236397e-01,9.710134383206567299e-02
4.494760539162297869e-02,-6.574243434427751165e-02
2.869268872768563905e-01,1.461547891954823319e-01
-1.594444548067536771e-01,4.139132371708561520e-01
6.117543723015071988e-01,-3.727840503182633380e-01
2.342121239891524764e-01,3.553578490205008822e-01
2.864436465333558002e-01,-7.010308521132678494e-02
1.257722556552614834e-01,1.484169407200637836e-01
-1.375488045703992523e-01,-3.003194048160275909e-01
6.624333435064388986e-01,3.443748536662182003e-02
1.747190254123253128e-01,-2.008129396832282754e-01
-5.423598474904104544e-02,5.686356251816442331e-01
4.365089172784976101e-01,-5.264183726157805054e-01
-2.110243449684572059e-01,-1.356395080029691447e-01
9.750090273176122146e-02,-1.515083721390953764e-01
4.809883338007790998e-01,1.935664846263224215e-01
-2.897641463979781784e-02,-2.931847930884619036e-01
3.297639491948350376e-01,9.014042721579251100e-03
-3.349134123964589982e-01,-3.449780252228901167e-01
-1.897293508097388226e-01,1.042874411405448010e+00
-4.318689891868564557e-01,-6.675812840365223932e-01
-5.043569708712420940e-01,2.707221474462472299e-01
3.484538948053352014e-02,4.808124741928503781e-02
9.419355521445380020e-02,-1.762972033675090644e-01
5.279459878059723499e-01,-6.644563498425695713e-02
5.629285284651138754e-01,-6.067036015201242999e-02
-3.783818489858681300e-01,2.764377678576794908e-02
5.916403532600896797e-01,1.151169312644324642e-02
-7.577735802871156390e-02,2.034094387057721936e-04
-1.338899139064259614e-01,-4.222383630031813495e-01
1.733042829669369234e-01,-1.694552359288311605e-01
1.335515696788918405e-01,3.483537223034419705e-01
4.525631077735358665e-01,2.782013240555695210e-01
1.193460759008146271e-01,4.384863497271750399e-01
-8.272324110536959096e-02,-7.188399936642896337e-01
-4.158417589127429322e-03,-3.320609164655938805e-01
1.255434711630486200e-01,-1.015979820336716521e-01
6.854205694392559445e-02,-1.606444275156178603e-01
-5.103211438486329188e-01,4.626812850542720845e-01
2.086387363896511360e-01,-1.418112460413892550e-01
6.785132994208761259e-01,-5.138619871850040877e-01
2.381328043050910323e-02,1.819667095955606814e-02
-3.611209890697966163e-01,1.480954742625573695e-01
7.309355048819305978e-01,-3.993024827454712544e-01
1.256510131874926661e-01,3.012593019951158024e-01
-1.947915654895495396e-01,-1.487058655755357228e-01
6.907604399673696050e-02,4.420763743610622853e-01
-2.876887066950680263e-02,1.589913169251710445e-01
3.364199116131616485e-01,1.987569716130656305e-02
-4.288523454501748378e-02,3.571116522570680352e-01
-5.472768794408958692e-01,7.542433969222424317e-02
-5.092881515352141314e-02,4.447021322807989119e-01
-2.100968507994635526e-01,-8.116011012634447019e-02
-1.408492027239674205e-01,4.544114295927136060e-02
1.021973644520642877e-01,-1.484655768126559028e-01
1.951116898396591248e-01,1.460822109860794304e-01
8.647610224956452096e-02,-1.466260823271310632e-02
-1.575370149384558716e-01,-3.404708717708429533e-01
-1.605210703967403438e-02,4.066334570429327305e-02
-1.662346194096511465e-01,5.231761020925664862e-01
2.422134246336217211e-01,4.242061369093110268e-01
-3.079496837732480508e-01,6.559524322261194029e-02
2.600764023896279808e-01,-2.387611598850161165e-01
-1.529851145806502277e-01,3.666159631716066625e-01
-1.082979058373245429e-01,2.234434559646117091e-01
-4.329415996823730017e-01,2.421123309646731059e-01
6.716116514533188031e-02,-3.611645874664679012e-01
2.213268254294374349e-01,2.695690505250742941e-01
-4.080365536739535837e-01,-2.280254709551499392e-01
-2.899437866573159606e-01,2.707054943018123438e-01
1.960365239723088071e-01,-2.559667321911671123e-01
3.893063321198843574e-01,7.272173417901682535e-02
5.351500145438244926e-01,-1.514154159641360187e-01
8.144953199846780567e-01,4.863599416756218541e-01
5.414148092046504601e-01,4.255618070394425190e-01
2.914483835275725743e-01,-3.717998426765438680e-01
5.288252229597147913e-01,-1.798285949123243077e-01
2.059120450043690487e-01,8.494992082236338393e-02
2.017427217539840834e-01,-6.501438923316652518e-01
-5.971536583698984213e-01,8.867206087483678334e-02
2.587782565443084715e-01,-3.942937459667261724e-01
7.748757252981447463e-02,1.138423683076406345e-01
1.883675724844416643e-01,8.580240007926095425e-01
2.610109640277541443e-02,2.032898020616520640e-01
9.537388589238658676e-02,2.911758905905348360e-01
5.717491799486679183e-01,-6.321417125092244904e-02
-1.394610239471474455e-03,-2.001423800658738705e-01
-1.113041702793454713e-01,3.787539392696698867e-03
2.333040057072840318e-02,8.445380274739562598e-02
-5.582306444194525819e-01,-1.158721023842150533e-02
-2.335011841193204013e-02,-2.449239559146065282e-01
-1.349617903959391962e-01,-5.098601688070485416e-01
-1.190580412003724858e-01,-3.264286278128590291e-01
-5.041679509868619569e-01,-1.749002777350073534e-01
-6.396072367462950214e-02,1.723680503213894655e-01
-4.529394542324473999e-02,-2.418533143082714498e-01
-1.187186533545883660e-01,3.482860583615259020e-02
1.441985900520549591e-01,-3.993052327163952864e-01
-3.172848085286002484e-01,-1.300516380655259707e-01
-2.948522354649608657e-01,2.502408081500800963e-01
-7.033856531717941341e-01,-3.302836874606425721e-01
-1.365232586341062412e-02,-7.201283460868358743e-02
1.040562093620787804e-01,-1.160149213255447093e-01
4.711458363942588323e-01,-1.830801811262718903e-01
-5.210998022461704737e-01,2.776357516406440240e-01
-1.059197864961103908e-01,-9.129533842855917791e-02
3.354756389854888221e-01,-4.342167444302904578e-01
-1.637110798299109271e-01,-3.021237687101843150e-01
-2.778933989155025763e-01,4.480305114006900569e-01
-9.499923479366541301e-02,5.710983440932429489e-02
-4.457865165022017843e-03,8.617552341826013595e-01
-1.231887259756338920e-01,-2.942562737576217557e-01
-1.035221392702907611e-01,1.875668640690369982e-01
1.074056095353553009e-01,-5.348062901895311166e-02
2.170071154187912521e-01,2.042829344662755453e-01
7.426337845230210344e-02,-2.278405177673650250e-01
4.618233070805335405e-01,-6.649002820589876295e-02
-2.477548878303297286e-01,2.409992470096336895e-02
2.589383323832787909e-01,3.637602108142354296e-01
2.725501014284951173e-01,4.799749724525406713e-02
-3.832559721648173268e-01,2.585134308625312571e-01
1.994342804980044348e-01,4.608584603598408491e-01
-4.835899514128674109e-02,1.917774103550604625e-01
7.515091544553854641e-01,-5.651311022426876995e-01
7.733713784037421490e-01,6.178053728739959193e-03
-2.442661369198151633e-01,-2.837173502756712429e-01
4.930407376131853425e-01,-1.966393623238134325e-01
1.770531113328453476e-01,-2.692385227254310287e-01
-2.503066007785605396e-01,-5.792880816556625900e-01
7.412844503393350992e-02,3.602154649497448218e-04
-1.270422932656534165e-01,-5.279943427098732212e-02
-3.107513602627485771e-01,4.659503102205228009e-01
3.203066471745245059e-01,6.047153167864533635e-02
-3.462773583979184000e-01,-1.773810240736162225e-01
3.031547302311053960e-01,-1.054212376993039907e-01
-3.903771315605680803e-01,-1.011987805021559439e-01
-1.647790406307694244e-01,-1.288386231439276886e-01
-5.647441442315229848e-02,-4.862472094928820265e-01
2.726546349152760840e-01,-3.463433002653786841e-01
8.181724803577022920e-02,4.990606560001634162e-01
-5.310464936485135290e-01,-2.706682173046517370e-01
-6.437102341825252649e-01,-6.947281536297322813e-02
-6.433368070145625839e-02,1.694315320336218979e-03
-1.804456976736124318e-01,-2.910319330636525481e-01
-3.190256252114446744e-01,4.880808625154159364e-02
2.089033779582714079e-01,3.790881156916574013e-01
1.233536432803605948e-01,2.091074879732459368e-01
3.020286590736718235e-01,4.866455709931845619e-01
-7.880737491321977706e-02,-1.141446213597489545e-01
7.161325197743166893e-01,-8.471528123878729888e-02
-3.443742463358427375e-01,2.131697262794427505e-01
-3.059094801461778035e-01,-1.468070838600510908e-01
-3.907724172219066427e-01,3.249145013160037454e-01
-1.084932207754195632e-01,-3.426408717681119209e-01
-3.398167410249461895e-01,6.990189868436942622e-02
-6.313685367575956331e-01,-2.126412403146455965e-01
-6.502912480120756622e-02,7.903135963417610155e-01
6.929790034849491187e-01,1.040834104519844094e-01
-1.464721570384143745e-01,1.169169003113650213e-01
4.139278399869242842e-01,-2.370301115132759928e-01
4.450424815741024220e-01,7.980698591777986295e-02
-5.030085765614030757e-01,2.805447799394291675e-01
3.858442155010444879e-02,-5.309342993247179177e-02
-2.024289560593239001e-01,1.583453172282633936e-01
-5.102547756798287981e-01,-4.248634693935842699e-01
-8.849156183280745824e-02,9.974503075963270238e-02
-1.443068218250208035e-01,-4.707045197849718532e-01
-3.184607861513777949e-01,5.213821936459933637e-01
-3.431374241793379576e-01,3.486114042784617117e-01
4.591634719451261337e-01,-5.515749395813418499e-01
-1.856586904101022173e-01,3.118889067733076614e-01
1.141222278289884123e-01,-1.360089315469088234e-01
-1.000937218609557755e-01,-5.168037538781240503e-01
2.739137740385917952e-01,4.692272188786413833e-01
-6.750887285090940992e-02,1.516800834625300909e-01
3.389556526668063841e-02,-6.895245773763011279e-04
-4.479191350569612373e-01,2.268820319256007190e-01
5.024732558005988725e-01,-4.222267821224302553e-01
-3.657137662006434420e-01,4.272404329403727274e-01
6.307172696169686121e-01,-2.769935801304467676e-02
-6.220714367454128341e-03,-5.950692325946079775e-01
-2.292067777797598405e-01,4.021795221019404676e-01
3.600094036653991858e-01,6.396120103094796727e-01
6.546542239368658977e-01,1.546571895347388925e-01
-4.778940969364794955e-01,1.029691316926224925e-01
2.450128042750527868e-01,2.353280689498254141e-01
2.453255380981530787e-01,-3.946709107311725528e-01
-8.222535374485345772e-02,-1.639049894150120812e-01
5.225191042478809500e-01,-2.676964991796473292e-01
5.997297193662076698e-01,-1.301417806854457959e-01
-4.623352062726054368e-01,-6.436953353432950387e-02
1.155156094723856774e-01,-3.443163472618321341e-01
5.687370955014472984e-02,-6.286738246171628131e-01
3.034028454139312547e-01,4.368807506422189291e-01
-1.827057023414056236e-01,-3.008571079040149310e-01
3.048423628260620299e-01,-4.571589803271648988e-01
2.618336806874330680e-01,-2.717162811585859816e-01
9.359918200081032702e-02,1.480025109665955019e-01
-1.682011855449281335e-01,5.515770108559131524e-01
-2.482936074035294871e-01,-2.495920732627285588e-01
-1.668273789152306674e-02,4.021721505916759920e-01
1.393913496846140576e-01,-1.005351810050115341e-02
1.209077272899651001e-01,-2.157330602292092947e-01
1.716843622430574701e-01,5.019247050510328156e-01
4.623437651475288401e-01,-8.210698477079564350e-01
-5.822718235673749465e-01,-1.526291226121492539e-01
4.106129476207869000e-02,5.167210812630316109e-04
1.325448774884724901e-01,-3.339998664160484521e-01
-2.664658123594811912e-01,-1.582114365575254811e-01
2.035410789238753862e-02,-2.808332111204949189e-01
-6.969904590738042194e-02,-2.348331777657350350e-01
-1.206407562004741529e-01,-2.199113134050676432e-01
-1.749415841817647532e-01,-9.431578090692538385e-02
3.028584741292804638e-01,7.857423739914326521e-01
-3.598980681866195686e-01,1.177878590201999198e-01
1.912205751306952084e-01,-8.874759150649630390e-02
-1.373862411178654597e-01,-1.351242664244795000e-01
3.515408461132621953e-01,5.171122141158221441e-02
2.858943479517457309e-01,-2.091675564943176191e-01
-1.501995993743344415e-01,-1.403336759748187168e-01
7.971847668299031353e-02,-2.544909888370179910e-02
5.068002050527202762e-01,4.090307762039691597e-01
6.064735093960811341e-01,-3.163011473466614820e-02
8.626166662076319158e-02,-1.450894009562040676e-01
-7.337112618338548220e-02,-2.403462136436032848e-01
1.855434632042093079e-01,-4.674105833612845345e-02
-6.724308068668370941e-01,1.435308232443165966e-01
-3.624677424214818866e-01,1.934338123136349619e-01
-6.681311321349662213e-01,2.833349886758781411e-01
1.954002899375076319e-01,-2.272704745808987181e-02
2.396201385755179492e-01,6.199609174835495340e-01
3.404363998784035606e-03,2.216008102415353009e-01
1.547941478740936516e-01,-2.852567155234779772e-01
4.438330464787307306e-01,-5.176416696923576977e-01
7.403334606449112065e-02,-1.378378470353876784e-01
-6.800966677454324538e-02,-4.007512882987340069e-02
4.763921965981685602e-01,8.800231360095052413e-02
3.961004670087275303e-01,1.183719746835223824e-01
7.473567135614989088e-02,2.426923687880432334e-01
4.083889069713398379e-01,2.175603732577492677e-01
-8.815239396870902522e-02,-1.569946233657120230e-02
2.991413510263806613e-02,-9.869682638732057978e-02
3.323550362034060623e-01,3.770683402521060046e-01
1.588571499087914340e-01,3.256331419896185686e-01
4.585368641450958682e-01,3.693338153161915272e-01
-2.281991080856357323e-01,-2.746428525879908711e-01
-4.481704271295403608e-01,-2.052572171343551022e-01
4.046160690154643191e-01,-3.355721705788081155e-01
-5.965273376994161270e-01,-3.572413706546975765e-01
-2.807063065705932003e-01,-1.763922998043908064e-01
4.245911876945029396e-03,2.308124561758943538e-01
-1.455416765796923029e-01,6.482616522286147043e-02
1.146955069444333813e-01,-5.052924860322075551e-01
1.795845952516330613e-01,-4.428299503067107956e-01
-1.780009802086734982e-01,1.276390843254198160e-01
-1.139023289536733874e-01,1.985317706025844786e-01
-1.850278795564929135e-01,-2.888245754753517303e-01
-2.767620452974813849e-01,5.558763853357202578e-01
-4.236614252354339166e-02,2.122039157299517587e-01
1.023347926289349952e-01,2.270963412939723258e-01
-2.833778245203986135e-01,-2.558816420540863668e-01
4.954847680347248401e-02,3.065031534069925789e-01
-8.335283270956606039e-02,7.198939672901727427e-01
6.211419839662720710e-01,-2.704496303489550280e-01
4.615718999427420588e-01,-1.875324017737907689e-01
8.503082520155247348e-02,-1.030072062354871615e-01
-5.399341498130755257e-01,-6.520745580880329406e-01
4.320305707628949166e-01,3.195579082482164490e-01
1.625902955668362187e-03,7.527182501920715030e-02
3.527894390138457958e-01,-3.830273682801514923e-01
-4.005302735123626445e-01,7.762658085365742311e-02
2.412132763247718525e-01,3.612454845575699403e-01
8.491263769361607761e-01,-5.454888292058097249e-02
-2.523664739277622360e-01,4.026361750598509426e-01
-3.029672036334206675e-01,1.240000312817380879e-01
1.404789068208543712e-01,4.163482524367504989e-01
-2.322666836707033139e-02,-1.178529499527884994e+00
2.164531635579534097e-01,3.807315361448787017e-01
4.156823317239066035e-02,3.556277137507822261e-01
-2.710810655329194407e-01,6.847007267742744041e-01
-7.254741176135337533e-02,2.271058855204364235e-01
5.312877579575971954e-01,-5.196747298417292438e-02
1.257372738011083846e-01,-3.335276091091008976e-01
-1.428701590823119594e-01,-8.173901684906299814e-02
1.485034172527290031e-01,-1.088879380285360521e-01
-3.355898614248453010e-02,2.861713543365802526e-01
-5.817291643379487454e-01,-2.323727398458109994e-01
-2.402861039813886102e-01,3.988274352096125158e-02
3.615008861401500934e-02,8.823553987287906242e-02
-2.289759490100475026e-01,-2.048670416090686841e-01
2.408405050501066236e-01,1.632897915521807630e-01
8.841576189512008466e-02,-1.978172335041495367e-01
2.895940010115093388e-01,-4.008873937751675220e-01
6.439137148322791049e-01,2.040548909751083995e-01
1.381732375943487412e-01,7.285871653722929553e-01
1.347894242755353633e-01,2.878689772258232749e-01
-4.379817368685760548e-01,6.968185158947698410e-02
-4.383116368017294651e-01,1.448330021143272861e-01
1.256519142900668941e-02,3.053657290314046868e-01
5.700142972338251290e-02,9.711759898459498830e-02
-4.937932226074693842e-01,4.250018107747431384e-01
3.344269612889835264e-01,2.448517257792020424e-02
4.390025533932913615e-01,2.926537340789391872e-01
-4.137546144731643616e-02,1.016706637453464734e-01
5.243427192398895098e-01,-1.009005612214008002e-01
1.295139743204974658e-01,2.433030639449575705e-01
-1.899050197206278989e-01,3.232355135211697483e-01
-5.524951449205236370e-02,-3.761440026419195920e-02
5.021471918664894840e-01,3.458021701057277242e-01
-1.076739901189038666e-02,4.048595950519456865e-01
3.752433015647978209e-02,8.809327930158336595e-02
-3.361618462688701903e-01,-4.489271974559919665e-01
-1.477635235928817237e-01,-2.191326675416676584e-01
3.454993565341714090e-01,1.810823179540024253e-01
5.112288453912632313e-01,1.859793236888560297e-01
-9.439858471488329905e-02,-1.441269914903492433e-01
-4.877714657490233030e-01,5.079184753941476949e-01
1.544208442197664843e-01,-1.562082615190801133e-02
1.015587944285735456e-01,2.337609861071791306e-01
2.315662256458182189e-01,8.691283400652900781e-02
-4.430964576269157962e-01,-1.465447423437839236e-01
-3.987378009178759175e-01,2.760620287818228991e-01
-1.935865970725207386e-01,-2.549477994691033422e-01
1.562563766677797505e-01,5.266271340354294200e-02
-1.729490445785834551e-01,4.300717965141714894e-01
-1.119755120553960620e-01,2.099971910595971603e-01
-1.680058134970825734e-01,-3.951000312826499217e-01
2.645377809302983385e-01,1.131066709707181789e-01
5.278761328042858025e-01,6.603228180267757541e-02
-3.560850492206640849e-01,-1.409526903360960350e-02
-3.165154309799948495e-01,-3.126287891402717012e-01
1.652575053296085894e-01,1.183943564346045113e-01
4.637657817982612229e-01,-3.724743020413006644e-01
-6.524551069761169719e-02,2.332494844672326206e-01
4.297076789229675037e-02,1.701908992113613517e-01
-2.712364390012328985e-01,2.111307777343209013e-01
-3.707074565652795917e-01,-3.195463898247251078e-01
-8.873555513288765295e-02,-2.699393693186256660e-01
-2.272983129260171542e-01,-6.203182514455744118e-02
1.526560561249356573e-01,3.384210257769159069e-01
1.449001202951563094e-01,-4.964762331461339273e-02
-3.297217033353098681e-01,-5.137142806594764688e-02
-3.001299921097754231e-01,-2.779596399154046424e-02
-4.924979443374433163e-02,-3.520410010991301825e-02
1.074821323064151235e-01,5.912077302922358335e-02
-7.710022956070697320e-02,-2.104394984868955196e-02
2.220906217018330242e-01,1.811832495825629330e-01
6.470479428448066006e-01,5.005962947173760169e-02
-3.248427421612922750e-01,1.615836920614561190e-01
8.137384305653520000e-01,-5.499376754608050755e-01
2.553004693418091664e-01,3.723492371332828843e-01
2.192838017494540825e-01,-3.551180799830970791e-01
1.957805207814614923e-01,5.221054034609700079e-01
-1.262957629123290515e-01,-1.485972210140052707e-01
-1.042494306362197198e-01,1.377351249356797112e-02
-8.199592628575766429e-02,-2.570736728542387661e-01
-2.637483877217927097e-01,2.868658313830044215e-01
1.873038054758340053e-03,-2.653295963443633165e-01
-2.812686869948712899e-03,6.358348270159973337e-02
-8.430886608526360071e-01,-5.687023668720782021e-01
-5.480283523578080018e-01,-2.260976345747722493e-01
-2.179876267854760907e-01,3.370811650712038920e-01
-7.165782407130176779e-01,-2.452117480418296858e-01
2.126345680972205887e-01,2.707348735488594449e-01
-6.786253742272599365e-02,-7.512310492680107123e-03
1.285104210273698422e-01,4.616474151813471649e-01
-4.199351717026039155e-01,6.496932543099134816e-02
3.600885703263172477e-01,1.115814631296179055e-01
-2.490939616475983664e-01,-3.492622958586257820e-01
-3.416153152124576375e-02,-4.240222664119016605e-01
1.253912871522624983e-01,-6.780847503140136068e-01
1.688943999281791175e-01,2.976107242217551074e-01
-4.800303212155986043e-02,-6.666456605899303556e-01
4.861977311778298838e-01,-2.318863990343305592e-01
-2.169663860828539848e-01,4.087046703151384630e-01
2.023778309570784806e-01,3.558504149582092935e-01
3.122871967881791777e-01,4.032669840438724007e-01
-8.026203382799371178e-02,8.168643319795646507e-01
1.080102550309992859e-01,-3.248228118475521287e-01
-2.493177947957185836e-01,8.185887236121325294e-02
-3.383941277596489439e-01,-2.666453577410034526e-01
3.616936715911230754e-02,2.789334995557369301e-01
-2.631570586006492518e-01,3.440814074831298197e-01
4.089457343779591691e-01,-3.272599175511692882e-01
3.566295490878265140e-01,1.299845363214834904e-01
1.148427376624932827e-01,-1.455057525271668878e-03
-2.436694262546780856e-02,1.034313563410464432e-01
1.701685417886962814e-01,2.436655963060956887e-01
6.401828849974295910e-01,-8.196333730271241139e-03
-5.810176684534426039e-01,-3.318284599853819905e-02
-2.016930631990473399e-01,-2.734160435800278011e-01
3.911566382148060073e-01,-1.290231867283768152e-01
-1.117377746832105972e-01,-1.566832684154462474e-01
-2.374444879913890361e-01,-2.133523018320919451e-01
-2.642933534058077294e-01,-4.980347515671069147e-01
2.517039118916179485e-01,2.804668873977383403e-01
6.272047309744014365e-01,-4.416527580137426523e-01
-2.592752180514943938e-01,1.374323614177070108e-01
2.476269430253086046e-01,8.084745009182157938e-02
-3.742561050455889271e-01,5.159404751397804745e-01
-1.430587342784285509e-01,2.895280193172877770e-01
3.588703472540892836e-01,1.043712385126870368e-01
-1.527974530252639851e-01,2.258144642463562057e-01
4.934907369294220802e-01,3.446550527282435383e-01
5.339831877681439076e-01,-4.655918372356808166e-01
-1.776671039305988131e-01,-1.832969649220599906e-01
3.329322522914646837e-02,1.698351220824430019e-01
-2.924464617330624350e-01,1.013320946996878885e-01
2.608283463346993195e-02,7.450184960384498289e-01
2.385260461892625347e-02,-4.496186855961768064e-02
-2.711678599514081300e-01,4.744967926465657598e-02
3.844302806441612930e-01,-4.516012233992646729e-01
9.625802369709364481e-02,-1.555654427341781054e-01
2.055253723528348564e-01,2.153059134605256053e-01
-1.136705278987413109e-01,-2.806046718668224124e-02
-2.180241718366097148e-01,-3.438879632318682655e-01
1.721161308579465254e-01,2.166656504555296847e-01
3.573716588688030660e-02,5.622968309345480198e-02
3.439772314316654200e-01,2.469085673514434184e-02
1.741309707309068588e-01,7.905232779210813465e-02
-7.508931597346243936e-02,-2.589794718723191502e-02
-1.563136593112175177e-01,5.050533384820012905e-01
1.449868878978264886e-01,-1.271731879928673092e-01
1.600259612379853758e-01,3.178898173361092150e-01
3.944888176681069503e-01,-1.126438739073889472e-01
-2.632995610164359235e-01,1.494634800953717202e-01
3.926627033813558376e-01,8.316576754202008592e-01
-4.727111476685928737e-02,-6.233995223793979967e-01
5.579283546440849673e-01,3.869453294667123955e-01
1.008076353621033400e-01,3.889645477111094984e-01
-3.709685072829173591e-01,3.364689048421714013e-01
2.322730418030277133e-01,6.158552184329344481e-01
3.765416730529821399e-01,-4.080570325741653126e-01
8.326836347823261819e-02,-5.944362990666194335e-01
2.715618786444089494e-01,-1.672354110809835259e-01
5.317066418576917863e-01,7.024263518681564400e-02
2.556104388996442434e-01,-9.419267513725676499e-02
-1.548322970477919100e-02,-4.139355255531108613e-01
-1.918942151479013647e-01,-2.524975409460247233e-01
6.247531642983680106e-02,-3.593949841540162171e-01
-3.281793306496291751e-02,-1.430685720236122838e-01
1.130456728403795158e-01,-5.426112375579604796e-01
-4.686497127343927649e-01,-4.191316148411701192e-01
2.057157790564177191e-01,-4.463137276422894928e-01
-3.826929077986960803e-01,1.205847636204013529e-01
-2.116805066565968507e-01,5.227237101883758230e-01
-4.633638023232328762e-01,-1.276811164395984938e-02
1.342053591983509431e-01,-2.446039478405906686e-01
-1.833219142582893368e-01,1.709438943161932234e-01
-5.696089652475022636e-01,1.789224289470234819e-01
2.354796405940696724e-01,1.907232635061471560e-01
3.982446515408902821e-01,-3.464120439447017363e-02
3.958128790421019949e-02,-6.698603720861548982e-01
-3.411422897397073939e-01,2.451862849401125755e-01
1.258961576339093502e-01,1.275978085696667652e-01
2.521796892514825972e-01,-2.503463555972257892e-01
-4.457907776214134477e-01,2.457619830325451504e-01
2.494165864753622799e-02,-1.293402988777839907e-02
1.019268367079587262e-01,2.989104722323940311e-01
5.173760479267627277e-01,-4.282607854180138229e-01
-6.239571178760341952e-02,2.595144000153078445e-01
-4.288528194533785531e-01,-2.587635146686693699e-01
-1.093839317263794464e-01,-5.499284564942675006e-04
3.432654072644255594e-01,-2.806619430831662834e-02
4.277424549522055308e-01,1.721014859106352046e-01
-2.608090594574671503e-02,-3.601077174733218755e-01
5.019537830230584863e-01,-3.000334970154359959e-02
-4.164927646138799067e-01,-2.685730714099861527e-01
-5.148227622506931084e-02,-5.677707548476239596e-01
6.034894278190243433e-02,-2.656902698933936158e-01
-6.885860086805382918e-02,-1.201216208260150881e-01
-9.481589392207027955e-02,1.908189692590513409e-01
-8.577367474770707378e-01,1.801353873916589354e-01
-9.970014885485553591e-02,-2.956153539372458061e-01
5.840544574041445919e-02,3.084366160224894515e-01
-1.321964045165233970e-01,7.975996292331778426e-01
2.001829286043524669e-01,1.854639153820119013e-01
5.191352184127955294e-01,2.961098136509932588e-01
2.828813051488514585e-01,5.974579615586448345e-01
-4.799905169251060810e-01,2.258020851247203031e-01
-2.639718805414835723e-01,3.656030113751354560e-01
-9.871614979287814118e-02,6.866076114924257734e-01
7.368499043014396441e-03,-3.745901320596677908e-01
5.519105812175753023e-01,-1.181750321089347772e-01
1.346147559929163906e-01,-4.043162288355916373e-02
-9.484512695733568477e-02,2.175679624165258175e-02
-1.183818877519349222e-01,3.511767852676956903e-01
3.039041391564247796e-01,2.868860021106484082e-01
-1.894322329943695371e-01,3.778097183308146839e-02
5.283040752454440936e-01,2.521366638313372044e-01
-5.656142270559751939e-01,3.611732478674998248e-01
4.878429643879710897e-01,1.451088810661293332e-02
9.178798328435118503e-02,2.818274348087538850e-01
-7.677439580617811954e-02,9.736208014577900360e-02
6.009607043163445184e-01,2.185768947796336570e-01
-5.544774179444002943e-02,-4.620940880637907089e-01
-4.936390617071809706e-01,2.565134459789899513e-01
3.650949290030313654e-01,-1.525912612553599612e-01
9.081575484600705461e-02,7.553261243281746140e-02
2.394311146522403455e-01,-2.487486601872199721e-01
6.169354215826127197e-01,4.073312254230700424e-01
5.338202256855268946e-01,-3.953643323941473109e-01
-8.259287470020746369e-01,5.771990046186541434e-01
-4.586733661427253583e-01,1.147331873246363182e-01
2.648035107709369451e-01,-2.982496729982971918e-03
4.190677644054465190e-01,3.542033485801850401e-01
-1.670370087000072265e-02,-7.918107668836339577e-04
6.632323633932302176e-01,1.870859511807011766e-01
-2.060760400283507265e-01,6.438795188818867421e-02
-5.276780639668184891e-01,-3.109065176128216756e-01
-2.400927020087776503e-02,1.570577320238980279e-01
-4.997769395449140895e-01,-4.359570383419705819e-01
-1.016776394108294679e-01,-2.005638217667435330e-01
-1.492312767868270995e-01,1.031888395230995403e-01
7.082035925541095844e-01,7.336878112638835214e-02
1.831186677894987014e-01,3.366180720577088281e-01
-3.219784653439124178e-02,4.087439719781064268e-02
1.717641776193506720e-01,-3.533281175642329769e-02
4.015145324370995861e-02,1.899107405356596501e-01
-6.048087870233440771e-02,-5.204379732113044721e-01
-2.463947624900267031e-01,3.547008970757000584e-02
-2.598919421329574098e-01,-3.472028845095008753e-01
7.334186937424647112e-02,5.416070478714106740e-01
2.663736954847881200e-01,-4.329530540845332176e-01
7.227610666848170717e-02,5.266318983721475222e-01
-3.972624833235224306e-01,1.399870471573611691e-02
2.355835205842981561e-01,-4.364912148668469161e-02
-4.508590503778505121e-01,2.605037968442002194e-01
-3.340950472109705527e-01,-4.832840276752172759e-01
-2.977873675928353614e-01,-1.277355923957465555e-01
-1.436320859702791553e-02,-1.043441457787044752e-01
-4.612095895988369554e-01,-1.216551531058061159e-01
-1.383087367530622669e-01,5.754458268590758596e-01
3.167833530578670898e-01,1.164202202812002762e-01
-5.190367336076036064e-01,3.590533820865955406e-01
-4.214011721402671773e-01,-1.029380953491893791e-01
2.485456876610191990e-01,-3.326867055774162529e-01
6.535623845304927571e-02,2.488137283619833717e-01
1.931120221465451592e-01,-1.769251089140309874e-01
-1.519133266374637081e-01,6.797055636627731545e-02
-1.894870587946914375e-01,2.929071885641080543e-03
5.489219138157153122e-01,-2.469939438268065890e-01
-1.327091568261994092e-02,-7.241402167679135415e-02
-1.463352602761771870e-01,1.049675161305444332e-01
1.675280475290546744e-01,-5.325388149510039415e-02
1.067928753397173400e-02,-4.198536231623946624e-01
-2.621075279459108426e-02,1.621138998098155606e-02
1.048608551114378756e-01,1.468428658585474722e-01
-3.805346703329128000e-02,1.542354881786561771e-01
1.996679661757377877e-01,3.277581318948912248e-01
2.020655674341350350e-01,3.369176400144894834e-01
-1.042623980387503840e-01,3.129955750801610703e-01
1.542218072895125934e-02,6.357672722838171309e-01
1.661718935208501280e-01,1.888578198213148110e-02
1.841116360440138155e-01,-4.505425344433096058e-01
-3.422822638826191755e-01,1.604875633399203416e-01
1.563752582100280952e-01,-1.161379140841053287e-01
6.043671094409979599e-02,5.586028859434107041e-02
7.851375886721925768e-02,-2.310948550482408992e-01
-4.342116709338141312e-01,7.110328031349055777e-01
7.678715811450868844e-02,-9.958037610249413918e-01
-1.382436222790640046e-01,-4.057205996854135188e-01
-3.929170442985556178e-01,2.572799294073785381e-02
-1.996705927956600457e-01,1.933442629901732379e-01
1.125941271063519850e-01,1.544080641819350341e-01
4.192158356041456035e-01,7.372588353003693695e-02
2.062978028047459111e-01,3.189857149651337265e-01
2.373451144629573628e-01,-3.495882427921968016e-01
-1.375229344136978948e-01,4.624916584534329855e-01
8.766026054933696854e-02,-2.238508293619984046e-01
-5.527303509988344965e-01,-9.146586911161345146e-01
1.441862165195821610e-01,-5.663236670201050871e-02
-3.582130701425175201e-01,-3.405567149307461294e-01
2.912791758124875785e-01,1.284201854556914491e-01
-1.923852510470086263e-01,4.088972313815055770e-01
1.402789615773682684e-02,-1.676769847618249099e-01
1.341321854841833194e-01,2.250840970616930781e-01
8.542269818755060529e-02,1.134082203841306341e-01
2.398068167092781977e-01,1.405117270908505245e-01
-1.436016717699677980e-01,-3.218441030276275594e-01
2.993896756459480946e-01,2.803644283587638508e-01
-5.752789488467038859e-02,4.776034273266526742e-01
-2.393504841181081644e-01,3.446777654613791819e-01
-1.895717088056481370e-01,3.655281521980140169e-02
5.757696429077109324e-01,-1.708330794023775467e-01
-2.586598374582468884e-01,5.281181211943389298e-03
1.348386434404408585e-01,-3.522773007542844836e-01
8.131809489923720602e-02,-1.941273501970618709e-01
-6.424112393951809941e-02,8.819491193853666589e-02
-5.630792923981559062e-01,-4.170477520822997441e-02
7.531760198300993525e-02,1.974136009316919682e-01
2.104924480562101949e-02,-2.252132672524222445e-01
5.072248166364613509e-01,1.807556926217956939e-01
-5.470790496589527097e-01,1.579070967377008694e-01
8.865226701577442192e-01,6.061161218528465788e-01
3.461973385724490676e-03,3.809348814154664975e-01
2.367801630385177325e-01,4.704568196578688410e-01
1.456063279514604736e-01,-3.644013150864046091e-01
2.824565538725130609e-01,-1.821602308681171400e-01
5.078421883311549090e-01,1.335945372931638120e-01
1.045460372075855543e-01,-5.750645897020954800e-02
5.804976922167893738e-01,-6.016874264520524207e-01
-6.076447354183427130e-02,-5.235138267011785196e-01
-1.741850133781256416e-01,-1.679146069121892071e-01
-1.039909989788424249e-01,-3.613850674594277779e-01
2.461408019921798238e-02,-4.420443079523270896e-02
-2.090760366032548001e-01,3.522861435194087898e-01
3.060047264014700841e-01,-2.994367374483308253e-01
3.383874109429957366e-01,1.834162404333897212e-01
1.853241486082728706e-01,-5.299869815597959416e-03
1.588973904185441988e-01,8.985001075765421119e-02
-4.064236768424488444e-01,-6.002596413925764818e-02
7.143501131812621599e-03,-2.148881185600954591e-01
4.544890344857933084e-01,5.011923636408414096e-01
-3.027937288926334757e-03,-3.522500502089965235e-01
7.729612791653142634e-02,-7.909799220137274378e-02
-7.642734870823962856e-01,2.982225796222056843e-02
5.123846310087294409e-01,1.339880725088345714e-01
3.602442458821534244e-01,-4.310504001126662654e-01
4.271861165084614997e-01,-3.771468766925324956e-01
4.147982278917727306e-01,4.396294333307449453e-01
-2.657390311304088648e-01,-1.860606245581525875e-01
-6.940286863935751782e-02,-2.416734495713922515e-01
1.030940714028797806e-01,1.056498419684580720e-01
-8.491286503693265542e-02,1.526514363963896170e-01
-2.530211895623758478e-01,-2.211412157712529525e-01
1.252354709310996572e-01,1.633507782301019118e-01
2.319761216515618674e-01,-4.461173799663240014e-01
-1.937587129294236210e-01,2.361814513130600646e-01
-2.612193071272511102e-01,-3.764158751249119805e-01
-4.939389475697485501e-03,1.880333391490631445e-01
7.259287102052974783e-02,6.467602752859798187e-02
4.015043302835806793e-01,-9.258413831759378099e-02
1.560268765158948356e-01,-1.244005790132657469e-01
3.450115207981507837e-01,2.399866303431922865e-01
-1.139007191000563322e-02,1.987764370797553415e-01
-1.144495219453541962e-01,-2.169458812596813391e-01
8.736320644604608776e-02,2.453248643568682885e-01
-3.769565350720279762e-01,2.431501368627560777e-01
-2.437443179421714679e-01,5.510227889777781218e-01
-1.755737650438782271e-01,-3.205341008080696275e-02
4.074127655099741285e-01,-1.327067163957461882e-01
9.359837017192179295e-03,-3.158081936696929826e-02
2.329609417886865930e-02,-2.198098094232630861e-01
4.479937338884281556e-02,-2.674038260069081657e-02
1.585607839804210328e-01,6.916578434950334531e-01
4.007558638648212046e-01,-7.683911696422054960e-02
-8.424860160476893567e-02,-6.166286841118342466e-01
7.639144851579300621e-02,-2.358526595479157606e-01
-7.523557089907324802e-02,-2.801436756242820514e-01
-8.370114429553718316e-02,2.827760890587869835e-01
-7.042451048622005993e-02,-6.688042058206209450e-01
-1.455820085568707289e-01,-6.507150774320517861e-02
2.041039154606515693e-01,-5.894438865389880489e-01
-1.138275636680597669e-01,-3.450404652703057407e-01
-7.281521153053906181e-02,2.134572188511328072e-01
1.480394460073859442e-01,1.182999006251783808e-01
3.299555415942628245e-01,2.128541334993365175e-01
1.969255745500750610e-01,5.525720602073354998e-02
-9.414440459422111773e-02,-3.914583450520724428e-01
8.077548339536835820e-02,-4.120642365343749058e-01
-2.520815962153368228e-01,-2.737943442741646444e-02
5.980360963932090240e-02,1.326541596520180166e-01
-2.443179097384718390e-01,1.218740850856269570e-01
-1.122732736850531599e-01,-3.283836270176691552e-01
-7.740506482804195842e-01,1.649202077240945474e-01
5.126703341771058353e-01,-1.713361446780699848e-01
-5.441137493379190060e-01,9.402137292389760315e-02
-1.178280756146923430e-01,-1.515351803485870223e-02
3.098497016564294992e-01,-1.507205501058430930e-01
-1.324419022195980344e-01,-2.584521545736996329e-01
-1.178544004064649708e-01,-2.383281726730052119e-01
-3.108713447982256600e-02,-9.469623280957124856e-02
-7.845079329779251764e-02,-1.164922092790587338e-01
-5.197779969566100888e-01,3.123709439648582054e-01
-2.653972360775650463e-01,2.867652966095368683e-02
1.832871445014844780e-01,6.956496855649386968e-02
-1.058401547186568481e-01,3.963633156124216073e-01
9.719033408303381916e-02,2.398208558672682289e-01
-1.071062007401129140e-01,1.503548587429957839e-01
2.606177849607425046e-01,1.144683717992401456e-01
1.071168737259650394e-01,4.395401975253865334e-01
3.069844063287729408e-01,-2.409366790804486416e-02
-5.121356771754926110e-03,1.187844395503803857e-01
5.094718148206447417e-01,5.723112875339397831e-02
1.354822480808789142e-01,1.488232461173034649e-01
9.046222315665920777e-02,3.816299642533172998e-01
-5.165742632768451914e-01,-4.049868340139721745e-01
-1.236278408160253750e-01,1.012318543691805017e-02
6.110890401790199100e-03,1.701377754761942696e-01
3.836326415492222197e-01,2.194392826636583360e-01
-1.230806842530277334e-01,1.410209644315454092e-01
4.064473572477182994e-01,6.825054640359455582e-02
-1.911174283113450251e-02,5.125388945869544521e-01
2.561334283312447502e-01,9.964187042478883649e-02
5.032224253893399085e-02,-3.519457508001340440e-02
-9.688660043639505184e-03,2.099280512035339441e-01
2.560250701795354633e-01,1.578975371905663450e-01
-1.329420472210643966e-01,-1.668181682370614705e-01
6.150961865559082670e-02,-5.943083337029665403e-01
-9.820556900386099195e-06,-9.097661867250887990e-01
-1.844365732855393625e-01,3.018421284050623599e-01
-2.321177607879059690e-01,1.980640058362014289e-01
1.248408932448456521e-01,-3.860820596761144752e-01
-2.445498903745847372e-02,4.620026118723029041e-01
1.086715840777408293e-01,4.796185495013575717e-01
-4.715392165189922768e-01,-1.714999443520329458e-01
-2.065330099624280435e-01,-3.605638097707730694e-02
-4.307755344429144984e-01,-3.081458020892751115e-01
-3.144056248606723059e-01,-8.441893866871141849e-02
-4.696632392888780982e-01,-2.159492290575397988e-01
-6.624345751334191623e-02,-7.303935544511815925e-01
5.067983523975432281e-01,2.867102205484473587e-01
-2.004893456110512506e-01,-2.299542594363147008e-01
1.110630609482761572e-01,2.668064193062817391e-01
7.111447479841287445e-01,6.041241949396606303e-01
3.025763805894368108e-01,-1.893559106855893792e-02
1.057902809876838657e-02,-4.623846287132898913e-01
1.835467598290060898e-01,-8.275845721919648790e-02
-3.690580675255317189e-01,-4.916302832426624470e-01
-1.018840948083402781e-01,-2.374506976547650083e-01
-9.845289792040888555e-02,-1.229945701604662628e-01
2.251821563723854086e-02,2.889770416939476116e-01
2.718038984149484527e-01,-3.654605552361828158e-01
1.412824112267526966e-01,1.244120762678349451e-01
2.499914090745438688e-01,1.800848333145843583e-01
2.267510366262910915e-01,-6.979526625741870594e-05
1.082178187391783369e-01,2.607632686826799606e-01
-2.772594221532851955e-01,-2.398440339467199089e-01
-7.573406031548916839e-02,-1.547283766539646888e-01
-3.034219742982393608e-01,-2.650825663163667856e-01
-5.283785819002842499e-02,3.509556778944092348e-01
6.400811475402545803e-02,2.327962865245085666e-01
-4.543028546920367949e-01,6.339648707829511620e-01
-3.634525390793813537e-01,-2.580005270111438986e-01
5.254900430728383087e-01,1.428885638077785625e-01
-2.318108037523029241e-01,-4.007561812046243621e-01
6.005079812334470496e-02,-1.692804149587634754e-01
1.970558112744577872e-01,-6.542327465130045594e-01
2.250615367523523813e-01,9.440957975049830975e-02
-2.783633708134140572e-01,1.836213810132616281e-02
-9.009151946325859583e-01,2.890950704061501231e-01
-5.819174226109899983e-01,3.939213143779284332e-01
3.163167939100591242e-01,6.422806609080856932e-02
-1.175797118383567486e-02,3.933449559225168368e-01
2.554063368281791480e-01,-3.684365281955381821e-01
2.859428166897346468e-01,-1.006809935121623645e-01
-3.757525259503532306e-02,4.621251869566818105e-01
-5.238846010941178299e-01,-3.377525403650267766e-01
3.584819229707333910e-01,8.279008447550752214e-02
-2.882960098192847709e-01,-3.813183928186583693e-01
1.161449032875913959e-03,-2.296676800267113960e-02
2.950342309011973474e-01,6.838590235425939801e-02
6.643650092824049391e-02,3.236403193507867426e-01
-2.113845549827157999e-01,1.261695935039111038e-01
1.954361729865104064e-02,-1.846639305757113297e-02
3.459649382949118723e-01,-2.788841878165887467e-03
1.511962345592569867e-01,-2.917660017434010045e-01
3.811777465684591804e-02,-1.466602950635609026e-01
3.939038611749919871e-01,2.516034238254563071e-01
4.972704418430909379e-01,9.047361386358329302e-03
3.639055591225124342e-01,9.074368255557260787e-02
3.591201196286270547e-01,-8.022237522858567671e-02
4.254076283126291269e-01,1.049259846273314506e-01
-1.033154984026050383e-01,2.405074296467126782e-01
-7.194403400464501885e-01,-3.122339513515097753e-01
4.255213848116183306e-01,-7.703790562502934591e-01
4.680289927577597764e-01,-1.064797475540983224e-01
-1.458409238107543499e-02,-1.459570336294208903e-01
1.809164053011222961e-01,-2.102396916997821552e-01
1.293323822115393928e-01,-1.052413893006215635e-02
-2.320210557827094289e-01,-3.228835968561010183e-01
2.468351602486681673e-01,2.622846173180373164e-01
4.922317707020653077e-01,8.599878390554281660e-02
-4.638228809617920834e-01,-1.709203675586438709e-01
-1.873930928853803357e-01,6.242973320381044883e-02
-6.065178948087610600e-01,-7.741820052401801600e-02
1.908997865956474915e-01,3.267053569571845006e-01
4.334322352087132124e-01,-7.142504038005561551e-01
6.182345416955521422e-01,3.476318928139399134e-01
-7.532841301901931352e-01,2.491983723587201105e-01
-2.158111180816606189e-01,4.437916689223611044e-01
1.332208752834308507e-01,2.845208651330315419e-01
-1.322984386407528856e-01,7.151015263822785295e-02
4.759666362419440744e-01,-2.555780677482454299e-01
-2.321616672084448330e-01,-1.143812439721919594e-01
-3.798500035956373089e-01,3.819381699348278203e-01
-3.205133188177986536e-01,-1.864503524582545868e-01
-5.090909725717289724e-01,4.880178691779991085e-01
1.971101247994136163e-01,2.472145724902288788e-01
1.233873443405093667e-01,-1.682706543642217556e-01
-1.623565708121590956e-01,4.346671307461398293e-01
-5.413058174556035357e-02,1.048591559760552183e-01
-4.481083330863530056e-01,-1.441725348252222150e-01
3.344312470312061497e-02,3.121956922931722889e-01
4.186932847261095603e-01,-2.617378428196101559e-01
9.278453598535433278e-01,-3.449186439741814825e-01
4.312340984817157330e-01,1.419952248310667742e-01
1.760295864955359335e-01,-6.511828493753938352e-01
2.722387529432262476e-01,1.234748585248277887e-02
-1.127125728579840974e-01,-8.002839775892659491e-01
-5.907664729832919903e-01,2.513411960825094327e-01
4.200088024785426088e-01,5.292226986355075269e-01
2.072560561941007296e-01,-2.602904404810112426e-01
2.416025710571393370e-01,-2.615699218932044934e-01
2.214831312731222190e-01,2.197647303898136451e-01
-8.454917886849745712e-02,5.563718343810775124e-01
-3.038744194404048304e-01,1.839276080538587155e-01
1.579728300847160760e-01,3.292548545699325313e-01
2.321318576528138555e-01,3.406551652343161041e-01
-4.624237594278353680e-01,7.874078882498405929e-02
-4.200074137440522326e-02,3.420883545027363359e-01
-4.074378824795144016e-01,2.666881318414290325e-01
-9.821833378281906446e-02,-3.029837320386183364e-01
5.494893122826505216e-01,-3.934124017215774316e-01
-9.438382680786240597e-02,-2.400478248631155720e-01
-5.450364949838624323e-02,1.921334882750023731e-01
-2.768628772562317999e-02,4.570199227122144492e-02
1.117637939738347075e-01,-5.077169812537070115e-01
-7.514837927454263156e-01,-1.513380472832493440e-01
-5.939659989766827852e-01,-2.636998730727678764e-01
5.924642717367221145e-01,-3.818497121718038012e-01
-3.007903219545702278e-01,3.576065683239562643e-02
-1.702914995742687010e-01,9.038809197002913021e-02
-3.728947777991430401e-01,-1.675444777703527510e-01
3.050752648966431058e-01,4.126737812121145099e-01
-2.849843922183215028e-01,-3.946907772929146296e-01
4.528586395006797272e-01,1.688440601467478819e-01
5.684218587568942160e-01,4.710910017507325548e-02
-9.134313488573146678e-02,3.019179615646356285e-01
-2.426537616462704494e-01,-3.085934326587680965e-01
-3.259205518636056342e-01,4.025650060729942803e-01
-3.260839849430387516e-01,-1.242057831888675190e-01
-8.516487729941930596e-01,-6.100899467159440759e-01
2.568136223714343955e-02,4.862227215879564302e-01
-2.712509460494298419e-01,1.380092827361342755e-01
1.908009892713763145e-01,-2.375103080495012675e-01
-8.841605761673999864e-02,-3.811355583837237604e-01
5.145580369165272394e-01,-1.833064089675610631e-01
4.224857291491007638e-02,1.210810140064464968e-01
-2.705136421176298003e-02,2.050313217724628878e-01
-1.029692889335747374e-01,-4.099144735185743516e-01
-2.446052983986202189e-01,1.103252823512396591e-01
-1.493607458451751691e-01,-3.499862704180937145e-01
-5.356953363832065440e-01,-1.210279491766181881e-01
2.200695253254744410e-01,3.726329916714530843e-01
3.637704903008232016e-02,2.348567503633777476e-01
7.166678710099265437e-02,1.134969630002902741e-01
1.502667712505016406e-01,-1.677963361438981060e-01
4.138537664158994378e-01,2.762690953610371092e-01
1.982574693182673764e-01,3.132079325625242716e-01
5.012867624527322929e-03,-7.327665800070379820e-01
-3.557993747526617956e-02,5.730138479989657085e-01
-7.940530874894442814e-02,-1.063297559155633870e-01
1.690567529203642894e-01,1.571476797306544937e-01
1.402586127832382568e-01,-3.305201342417058985e-01
-4.836933702958932102e-01,-1.232682658819520410e-01
1.460799478726585721e-01,-1.207478760391997169e-01
1.317248411574518940e-01,-9.517729476570935265e-02
-1.413884061436564421e-01,4.976649161362821649e-01
-4.192082173906250819e-01,-1.589684076666030010e-02
-2.019439307633983938e-01,2.699422357148667517e-01
6.530352160467272071e-01,4.649633826132077985e-01
1.858301247737847994e-01,-4.944786207625816998e-01
9.696678535693253886e-01,4.479192768857528928e-02
-1.392470238501552493e-01,-2.693180287377905380e-01
-5.439844905190781288e-02,-1.949637922043050142e-01
2.740892901585977870e-01,-5.825719308894376086e-02
5.146029134173067954e-01,-1.409035764785416811e-01
-1.801320069441038341e-01,5.728953615808880795e-02
-2.362246176287808030e-01,7.443819704738177112e-01
1.134831730288945045e-01,-3.158922673869054426e-02
-1.863127306387275528e-01,2.025143131656151063e-01
1.123472280691114461e-01,4.415470758541500396e-01
-3.807391722366438858e-01,-6.606227100304326028e-01
8.433636863408582041e-03,-2.114136875758288181e-01
1.200384841486755311e-01,-8.155891380885345321e-02
-2.284117515553902855e-01,1.758762760810040904e-01
-4.011482427822244401e-01,-2.999484356284382591e-01
-2.800834581255468581e-01,-3.172657358319885268e-01
5.304276690509541758e-01,5.146883923056656818e-02
7.949629933366768320e-02,-5.270445678565439419e-03
1.436472264299182844e-01,-2.868330449110801927e-01
3.446107948732373139e-01,-5.977548268071023602e-02
2.808049284444586458e-01,2.549090867098213753e-01
-6.687857769642467920e-01,-9.877456288541061613e-02
-3.391185812313089465e-01,1.386064224594158734e-01
-8.903940705305551928e-01,-3.638411325223141479e-01
1.830451553598351142e-02,3.448536014550298567e-01
-7.894509353757943326e-02,3.953999688532198326e-02
-2.231560558648564840e-01,-2.422655520621939118e-01
2.922631984746918987e-01,-9.876536749933118031e-02
-6.105694473275861123e-01,5.418632294986801962e-02
-1.178109054920883914e-03,-1.329835065044047138e-01
-1.729559135580912843e-01,1.446868606294314796e-01
-1.895487150094697995e-02,-7.833499981971844273e-01
5.013072823368009967e-01,-5.360445119241737805e-02
-1.477240234008750930e-01,5.022377390275420961e-01
2.102809326742804685e-01,-3.852703224592794046e-02
-1.000570621621716533e-02,-4.429200403771421657e-01
-7.822091113751059033e-02,-4.314321236419937367e-01
-8.663624798638858149e-01,3.858521027468040376e-01
-9.415483172514865773e-02,6.844590443490913279e-01
1.234274606169957940e-02,5.799911450204382479e-01
-2.996060606741111632e-01,-7.707321829178291617e-02
-1.959752157367641856e-01,3.204169857372187735e-01
-8.544008573332405321e-02,2.428327123059562109e-01
-4.284493197568627898e-01,1.585851705647309540e-01
-1.780725628117457437e-01,-5.895750144699098971e-01
1.907237607509386645e-01,1.943687387693478763e-01
3.245746779529368187e-01,2.252593709177045656e-01
1.272246255268912885e-01,-6.904710572697307647e-02
4.738462344533711512e-01,1.198448455151681219e-01
2.345740266675397367e-01,3.792072981660120079e-01
-1.382951697412243830e-01,-8.127876931635691360e-02
2.240938014694123515e-01,-4.252360635643602227e-01
-3.374514239744259014e-01,7.304596559316836046e-01
-3.255459847140727558e-01,3.655142364933089971e-01
-1.372442482809817510e-01,1.689349983801550215e-01
4.170910898594628047e-01,-5.943828275831617436e-01
-1.242647486911940685e-01,-2.279791665534778959e-03
4.850965247111698186e-01,-4.444169750932213531e-03
-1.308710579359260995e-01,-3.147152814425775991e-01
2.643010476354628047e-01,2.280214950053922329e-01
-6.354786425235984249e-01,9.671389169618653525e-02
-1.538923657335992956e-01,4.727873585626833353e-01
8.927606178207349308e-02,2.332152087286804565e-01
3.088727499739284121e-02,2.964168160229375681e-01
2.237177458721432977e-02,1.180678830325048445e-01
-5.715395911140757068e-01,7.836692633813785447e-02
-3.070410939426406957e-02,-1.797033525733495729e-01
-3.756265740105135809e-01,1.476324248318128807e-01
-2.921255660593349290e-01,-5.340811903003711558e-01
-8.154519051837552657e-02,8.350503965513302040e-02
1.958436557510614129e-01,-7.172953682449590904e-03
-2.750702251961631081e-02,-3.860386923561031081e-01
2.497487865764923542e-01,-1.239492959588692766e-01
-3.415890795464034957e-01,-2.300411118719302914e-02
-5.186305352537456947e-01,9.822044997846575420e-02
5.900467799513831740e-02,-7.765413763171827854e-01
2.668880850726739751e-01,-3.995465570257342343e-03
-2.723405610633753970e-01,5.711610595183967964e-01
-1.115269289405574488e-01,-6.853128990750405325e-02
-3.093614395626181346e-01,4.575059516704397256e-01
-5.190762307178878876e-01,-8.177494931627314889e-01
5.474586493941825671e-02,1.224855949114863618e-01
-1.464726051708377941e-01,2.138868084442377138e-01
2.120158995139790892e-01,-4.872076874880758024e-01
6.029187765722719972e-01,1.371402246639085755e-02
2.795466533634392570e-01,-2.822169716993207511e-01
-1.007549374027944256e-01,2.308183184270808652e-01
2.916484884648967157e-01,2.491559276834871550e-01
1.980653574588032706e-01,4.228370835022691315e-02
-1.003077405191829807e-01,-3.144111733806514986e-01
5.337610462069578565e-01,-5.741910067303521714e-01
4.232452800191986997e-01,4.827205775770695984e-01
1.557113197126681371e-02,2.504072834401477876e-01
3.026837520723276720e-01,-9.542418269901145611e-02
-9.499128616201923947e-02,-4.594061849369402983e-01
-2.087547437852984855e-01,5.294942636230562938e-01
1.241307262300073155e+00,-1.397881365703554923e-01
7.343989141902939055e-01,4.492695877126067633e-02
-6.654977448904078052e-01,-1.552225912103734617e-01
1.804897290156511347e-01,8.111423119744258503e-02
4.025628531287183121e-01,-1.566347914968753419e-01
5.020250984092593516e-01,-1.026893259450332996e-01
-1.994979963771144060e-01,1.261168785321302721e-01
-4.075907423114251693e-01,-6.749323801648578203e-02
1.461558705499072242e-01,-4.908781195062118519e-01
-3.839080044883445564e-01,9.809799381705275323e-02
-1.372571224340508322e-01,-7.597877046940182399e-02
4.984965633624618420e-01,9.353186476557982798e-02
1.293035755894459127e-01,4.037662613932966882e-01
7.998260821602201642e-02,2.399316799815074952e-01
-3.138354827710986283e-01,2.746623653735949522e-01
8.632753273091883783e-02,-4.075639030909791183e-01
2.336929750544910755e-01,2.068432868046637396e-01
-2.605023516890985769e-01,-7.403811398097158714e-01
-3.884974057776431344e-01,-1.250406898705752334e-01
-1.697697596663515565e-02,1.813561241227321791e-02
1.879563346029445303e-01,-4.521960900761983204e-01
-6.065919794769490947e-01,4.624464691382167425e-01
9.314388978223708815e-02,-6.392261045468382091e-04
3.579433401410717780e-02,-1.434252400889921009e-01
4.221892242627748870e-01,2.489701078841797047e-02
-5.728363229181014926e-01,-1.155994523453839351e-01
-4.932002264273896430e-02,1.440250802271444142e-01
-2.608300192466389000e-01,4.905926124092627738e-01
4.538118915990747571e-01,3.900868971924323914e-01
5.280632204503374894e-01,-5.827181414882592891e-01
-1.771238810142613807e-01,3.871407324899117652e-01
8.425631388848052461e-02,3.753472533621083351e-01
-4.288462588585054691e-01,-6.481241445365620857e-02
-1.522925760068298551e-01,1.055738141975291339e-01
-2.529864365385267599e-01,5.411909014728217837e-01
-2.177726313881565012e-01,5.826915889244911329e-01
1.052638025571234204e-01,-9.113667147225149034e-02
-9.588180250814043459e-02,-5.305517507696753954e-02
-2.578063798587129085e-01,3.158968574632248782e-01
1.659565301456710981e-02,3.001993325640969212e-01
-4.179199338716179657e-01,3.515467025716804694e-01
-3.108749764336978805e-01,-4.423872550907281265e-01
-1.071791984237308037e-01,1.835477293138642468e-02
5.369219889476790630e-01,5.248392630749176835e-01
-4.609370344934647368e-01,3.656796434476567437e-01
9.002170170715936837e-02,1.722403351379274139e-01
-7.310454675306776728e-03,2.501679323022542104e-02
-6.906447437668116196e-01,8.644308467983471966e-02
-1.946140839762500740e-01,-1.120049461238868255e-01
-1.856357618908532625e-01,-9.792073184097611904e-02
8.587274939424330289e-02,3.332112027547465272e-01
-4.202743509955883527e-01,-1.491106658746618741e-01
-4.084868935187705441e-01,-8.391766609670974209e-01
-9.766286384244152186e-02,4.672707552946220866e-01
2.159694724273206468e-01,6.395218935908811644e-03
4.069043413827205802e-01,6.653583728949075127e-01
1.798928405258437557e-01,-3.730083644756785888e-01
-9.843211065021702233e-02,-3.956314669727494793e-01
-3.617640090863351310e-02,1.559950625337544750e-01
-9.797380734235552197e-03,3.260904945488777434e-02
-3.292413536866505008e-02,4.240926287533662853e-01
-1.639024690923168714e-01,-1.747052980999517502e-01
1.056644875975157466e-01,3.531145709243708325e-02
-9.883137656880808600e-03,4.564141045581041056e-01
5.350386494359251621e-01,-1.181468177028311972e-01
-4.177896382369167272e-02,1.809523731151226056e-01
2.881895778697765587e-01,1.595923364036538616e-01
-2.726367231439903449e-01,-5.131653095412840315e-01
-5.308758591383019171e-03,-5.264572129072843387e-02
1.049043002178616374e-01,-9.528760137248711015e-02
5.429574567013666780e-02,1.430990099726678066e-01
-3.515450889991628691e-01,-3.534793027576839108e-01
2.281783311758801558e-01,7.953654767440455631e-01
-1.358865937445645766e-01,4.130358205431218233e-01
-2.765914414556369313e-02,2.035096672326202061e-01
4.599662737471408303e-01,5.441724239312808326e-02
-5.090945558938848176e-02,1.808417018789954533e-01
3.624288129914737810e-02,-5.779277688951645064e-01
-2.983784954688084579e-01,1.395892758944061451e-01
5.566331647815614403e-02,-1.198842533705474361e-01
-7.138570315586560688e-02,-8.151710620778440664e-02
8.330253576657897785e-01,3.079026708768583531e-01
-2.635708686327891681e-01,-5.245452316964294148e-01
1.247793067461291650e-01,4.452421142252635522e-01
2.263368886200775934e-02,-4.353284824196831937e-01
-3.354253090402149473e-01,3.804845586082767905e-01
-1.129632892790970178e-02,7.168723416266270521e-02
7.338008988627626739e-01,-3.672636222589779620e-01
4.655101551127683451e-02,-2.233731217370001909e-01
4.022571815905832265e-02,-2.133394327656256140e-01
2.098690102327790130e-01,-6.306204486605384574e-01
4.818932922093972955e-03,3.637080586556153405e-01
1.761339397345923208e-01,-2.735343074943614172e-01
-7.296132684845064997e-02,-6.197931526923323720e-01
3.015476847439841346e-01,-1.028465259338799814e-01
2.039803599393269495e-01,1.304384388565146546e-01
-4.988728614084325108e-01,-1.797958320041279090e-01
4.758501710826308906e-01,3.969968691723235743e-02
4.289081698428214018e-02,6.901698347882451179e-01
-3.171930386399147289e-02,7.450604592774947577e-01
8.673804023085394943e-02,-1.832661851476939940e-01
4.477640274207851379e-01,8.367244559592237896e-02
1.625959225947172238e-01,-2.133901771877091680e-01
-2.465287772127971733e-01,1.264896014579818539e-01
-5.952038037375557700e-01,-2.010522966224820851e-01
1.980080571987587190e-01,5.075700475544608903e-02
-2.073381073712384226e-01,-6.119465845370388735e-01
-5.842955238938276619e-01,-5.210815882810877486e-01
-1.115575062513555343e-01,-2.432455247649561447e-01
3.289043580924185806e-01,-3.936538610503106383e-01
-3.020247637015854858e-01,-5.665296112371437376e-01
7.542955281575484949e-02,-5.972333815565202819e-01
-3.698150431361027501e-02,-6.012396519857263755e-01
1.698920980106566614e-01,-2.971018235225287782e-02
-3.215462978992599807e-01,-1.517672685521108955e-01
-3.114044065681554896e-01,-4.285198318653349325e-01
-2.308487398271382163e-01,5.662727326338262701e-02
3.488650335854463491e-01,-5.027113800179786735e-02
-4.184862686188232650e-01,3.465014146520012384e-01
9.817938302910868276e-02,-1.229758273615694404e-02
1.666440663660499755e-01,4.300876234556594846e-01
-2.392162206070401753e-01,1.834760949165887001e-01
-1.764877086354890434e-01,-6.439640243650193718e-02
-2.661986251042999796e-01,-1.693654928303124085e-01
1.163300302973433453e-01,-6.285608945959614280e-01
5.100576440197172046e-01,5.210521329650369144e-04
4.202734762944495550e-01,2.881027076002519727e-01
2.262964850310652531e-01,-8.598153053775137167e-02
2.394264083624672301e-01,-4.991182172559460034e-02
-3.382076775633871546e-02,2.598665385578466380e-01
1.066187801115910383e-01,1.059836423429533908e-02
5.480248795898692293e-01,8.484285756271145451e-02
1.979443733321228915e-01,-1.907076491075388944e-02
8.916069019412674324e-02,-1.533350228170725187e-02
4.234095917309815826e-01,2.891317860718407504e-02
6.121398872813621495e-01,5.100743983603047566e-02
-4.491840154642344207e-01,1.473278343798999912e-01
4.103678452001259802e-01,-5.710413212448033245e-03
3.835358724411628839e-01,-4.316136297808522149e-01
2.016917800185735188e-01,3.618713437929480525e-01
-1.578357307473099783e-02,4.042744688957400911e-01
-5.448825619371157059e-01,-1.917928836696849298e-02
-6.756013743183416631e-01,4.739358818297473297e-01
5.330362678285052169e-01,-6.243297800015072951e-01
-5.026237457156057520e-01,-2.873769470156778971e-01
4.316171048345179284e-01,-7.103693482820207239e-02
-2.643842056078164471e-01,-5.167361867989529456e-01
3.388007670553840334e-01,2.067475551354047425e-01
-3.138546645461926521e-01,7.259396100705912680e-01
-8.705738969476618516e-01,-2.606206305721737726e-01
8.750146830013352806e-02,-1.544231332842532778e-01
-2.353279321345413955e-02,1.129701060079393166e-01
1.826194748400157553e-01,1.317851735474913355e-01
3.603196147143547523e-01,-2.468661414839600221e-01
-2.673613984266609012e-01,9.809043933200178866e-01
4.356791990932944447e-01,3.178364490026054368e-01
1.306684994591962301e-01,-4.384560194292179136e-01
2.545746528995134206e-01,1.266469290721621288e-01
-3.097846528223675566e-01,-4.762633020204041188e-03
1.374941472503307116e-01,1.147106042766938699e-01
-3.516919846455532905e-01,6.410141374802533765e-01
1.312600329992581472e-01,-1.838039667790644649e-02
2.939057107881855035e-01,3.122230031652695748e-01
-3.078197884939072315e-01,1.847242766948549719e-01
-1.841163584233729555e-01,-4.162195977073767650e-01
1.875761421442805055e-01,-1.820092456056978947e-01
4.902913627357745330e-02,-5.389456306689088122e-02
-1.327944804585649285e-01,4.189933489481069695e-01
-1.776687585834860472e-01,-1.492584141501662222e-02
-9.748923928134103356e-01,4.630512891820406374e-01
-9.240776775148466793e-02,-3.496887338394889522e-01
7.313999491882230974e-02,-1.571244848340737077e-01
-3.403943709075677448e-01,-7.877932116115680117e-01
-1.430856693034591731e-01,2.231325826052377170e-01
5.122247020908052978e-02,-1.648401001462964643e-01
-2.242376490052268578e-01,-1.317430607054186908e-01
-1.451070215207720671e-01,7.417436701542977628e-01
2.110819340755561158e-01,-3.390666285469683960e-01
-3.024972731570906292e-01,-2.020404470039285083e-01
1.645691420292374474e-01,1.995744481327299258e-01
-1.337510682627751357e-01,-7.148243525493896966e-02
-4.228942624867212952e-01,2.102296566485370721e-01
-6.357770206003038327e-02,2.513258537249266622e-01
5.102803864437943648e-01,-1.743001931830123474e-01
1.117517343383189581e-02,2.896122180853301087e-01
2.803591561533708698e-01,7.239887923865715447e-01
-1.965937374751662303e-01,1.479793679619012259e-01
-2.736790093365662480e-01,1.776720872927523009e-02
9.726734644246665118e-02,1.910990582433113039e-01
1.013761291895605376e+00,2.336518920347893657e-01
1.969820994392740277e-02,3.524681605113120231e-01
3.091878805658350160e-01,-3.154292124375959183e-01
-3.037731021452397262e-01,-2.910372590409003313e-01
4.679739614003378817e-02,7.486304984367896376e-01
-5.099480365679470717e-01,-4.434815612003540353e-01
-2.437161590261359700e-01,8.492895893484117553e-02
4.109484714752085210e-01,4.631179248880741839e-01
-4.647161006698406482e-01,6.168083243059783172e-01
-6.593640557733645990e-02,-4.779284043672911431e-02
-1.699032180069746101e-01,-2.881293752126249941e-01
3.524151834021945207e-01,-4.018785850116896735e-02
-5.829267260549968188e-02,1.356260318900637807e-01
2.700634886814176627e-01,-1.568480561886939073e-01
6.442986351236414944e-01,-1.013497423468116221e+00
-1.284778661150458128e-02,2.898733367174705089e-01
1.298777646152090015e-01,-1.554571740066847674e-01
4.070794479068341049e-02,-1.556953637929758827e-01
-3.802754652713511430e-01,-3.038828165098753781e-02
5.883373392136107549e-01,2.330241588277046916e-01
1.472425752788071862e-01,1.465315748539963367e-02
2.324967523310171591e-02,1.306228287395702070e-01
-1.498585225777479199e-02,7.707518823904362104e-02
1.798910946655049303e-01,1.143585072876145414e-01
9.678917991142108046e-02,-1.395897781633937684e-01
4.656572542762230649e-01,1.329324029887985759e-01
3.434440698535420194e-02,1.682689575605221810e-01
-6.049588425524572710e-02,-7.169593762274575344e-01
-3.899762140010227807e-01,1.894556825757767460e-01
-4.037198290267939305e-01,-1.540630121354921167e-01
-8.121114505391907601e-02,3.231069938217048243e-01
-3.802156595863459554e-01,-5.203842096174385867e-01
6.753692508412357798e-01,2.448950370172175706e-01
4.333216560646970250e-01,-8.679832809236540103e-02
1.944944966848811685e-01,-1.707539596083209876e-01
-8.545677952904121022e-02,1.424103430989820951e-01
-2.289728546772373530e-01,1.983541802002448118e-01
2.373305552547916308e-01,3.787988910549754899e-03
1.655501697996434873e-01,2.857286352299206467e-01
-3.169779039662311559e-01,4.338639010946807595e-01
1.574752305895240068e-01,-4.079359474117932871e-02
-3.534672939324429719e-01,5.649777743005610642e-01
-8.805813091756481414e-01,1.477901603971466804e-01
-4.489824097582223450e-01,1.652716753167210728e-01
-5.219234845833639058e-01,-2.392369995921385661e-01
-4.198162485603965793e-02,-1.492071680516352805e-01
1.856042954084488605e-01,-2.488834745249497438e-01
-6.795612638208496648e-02,5.297176341298559521e-01
1.036576367080727090e-01,-3.815182493306388811e-01
-3.103634574041946523e-02,4.370658413837154033e-01
-2.014263961722937910e-02,5.438294889387147446e-01
6.674468337638730375e-01,-3.037600090986470880e-01
1.857300102912780304e-01,-2.063811651070961706e-01
-6.257962453419719795e-01,3.274436508822504144e-01
4.258325445250225050e-01,2.342009472518592206e-01
1.287238922581584455e-01,-1.634596745723184419e-01
1.586776793339295666e-01,2.354019529761787466e-01
-7.063460892205354336e-01,5.453202420953168206e-01
6.824444300383469830e-02,2.908330883653333920e-01
-1.779841978158994142e-01,9.272594504897731238e-02
-3.948352448740391485e-01,5.349181570782218786e-01
-3.606982343604146490e-01,2.826738182060129501e-01
1.028726152123329018e-01,-5.715016120105702591e-01
1.489033859090360401e-01,-1.294595865550667857e-01
-1.956216567033598752e-01,-5.648380040090573984e-02
3.218550922866165176e-01,-1.377979483281938089e-01
-2.364338883244000988e-01,-3.726562006964778129e-01
3.611882552399305890e-01,-3.793551167690167869e-01
3.216016568777400053e-01,-3.896811512336639249e-01
-5.336763238515598307e-01,-3.057872354335399723e-01
-5.231373166457483626e-01,2.967750620296341624e-01
-1.034027177790129981e-01,1.893890628170180335e-01
7.033092516733853439e-02,-6.290467126542799436e-02
-1.196107906636991319e-01,9.557023592093441544e-02
-8.101808750227648681e-02,-2.191513194957226407e-01
2.193174070069404680e-01,2.137182760349843058e-01
-8.063063088394059608e-02,3.758803924088909790e-03
1.113419199505003149e-01,1.335250803530644570e-01
1.108942945699560589e-01,-3.530694728269809235e-01
4.927566265980483085e-01,-2.594871544516592632e-01
5.430521594987602896e-01,-1.480258488090616387e-01
-1.161513654989833610e-01,4.279291820795323442e-01
3.435014078708855667e-01,-3.201209409227906977e-01
-1.900817766732495195e-01,-2.249186043362373308e-02
4.769264289349232078e-01,-1.310905081171896414e-01
3.654463443764568997e-02,2.545162158661545271e-01
-3.716998944071531197e-02,2.909601819268072820e-01
-4.015961268398268724e-01,-2.797408866873791755e-01
-2.093597851354560557e-01,-3.813026035263029079e-01
3.924156792452085929e-01,1.190910285364327192e-02
-1.725134141351468420e-01,-5.373243292128693227e-01
-1.402012700113633784e-02,-3.555310835293500893e-01
-9.794470471648886178e-02,8.989992393368680945e-01
1.275392925053817905e-01,-4.797965695106140016e-01
3.294788543152374904e-01,3.476159437943797670e-01
-3.393825740049911943e-02,-1.319208009374863710e-01
-3.701822446919128540e-01,4.547358484331078810e-01
-2.445063232674547782e-01,-2.215984746597816357e-01
-2.346201821479303729e-01,8.700765163935970936e-02
-1.294467800584216122e-01,7.735411207758974284e-03
-6.015020421602325362e-02,4.348544828957458530e-01
3.121310840325628999e-01,-1.232575508855123653e-01
1.562828984325099757e-01,-3.385305344344275436e-01
-1.769380994452528777e-01,-1.418173282772461352e-01
1.161748114712479740e-01,-2.556904860974767296e-02
4.924013169833348358e-01,-5.796788444661848255e-02
-1.480536759232903843e-01,-5.944555083398922468e-01
2.564999356479746861e-01,2.460744413668841390e-01
7.005489261815577018e-02,2.251943741946083322e-01
3.002853569412893830e-01,-1.873191185244454104e-01
-4.475490416540747057e-02,-4.335529975783570800e-01
2.494308204912166205e-01,-2.536542482353342232e-01
-1.863173533213212940e-01,-9.383326767825370118e-02
4.206239950466920119e-01,-4.227001514303025953e-01
9.147091171808051369e-02,1.331243886423410516e-01
5.961517554152415688e-01,1.365502690800608210e-01
-2.608661865215834985e-01,-3.647545023695347027e-02
1.754715338147016523e-01,-3.278019964565240252e-01
-2.693465619779813469e-01,1.152846451450711615e-02
-2.669187957909339715e-01,5.180662096513858339e-01
2.581342071676023808e-01,4.005531843061044817e-01
-2.891767532099295268e-01,7.786480630802518343e-02
2.082423972888973740e-01,2.481811497871614092e-01
-2.798765072092998518e-01,-4.049733836345013605e-01
-6.112189693533545132e-01,-2.770078573314826986e-01
-3.475931489824688470e-01,-1.116729790692913976e-01
-1.048368989433729331e-01,-2.005026755082006396e-01
3.759394181364947851e-01,-3.219276930288307581e-02
6.100981317200604437e-01,-6.168343778439774189e-02
-1.233382261479235575e-01,-4.493150720626163386e-01
-1.709989026673218171e-01,-3.569594519780052155e-01
5.131967236225345452e-01,7.420258018396105881e-02
-8.670263484405404952e-01,5.585639450017217122e-02
-1.962652224844783910e-01,2.074620618926237281e-01
-1.711997106840154326e-01,4.821833361825354769e-02
5.518893705192081667e-01,-2.832422905767036370e-01
-1.349220454475986153e-01,2.751442169160486229e-01
2.389913324612915890e-01,-5.090486253318147192e-01
2.115318248675706891e-01,-1.695541618160024966e-01
1.840011760221405279e-01,-6.110486915897025278e-02
1.985698407739529270e-01,-4.499256240665950868e-01
-4.158629920291235793e-01,2.520452639217247714e-01
-7.997934794003607184e-01,2.217018100023658844e-01
2.774215863205163890e-01,7.701670370113575942e-03
4.922254302393918035e-01,-1.059236747040173537e-01
1.889737214872057869e-01,3.157404699829644557e-01
-6.942188909477023939e-01,6.795369398698435266e-03
-1.740168110575544269e-01,-4.877129838100625614e-01
-4.629632169616171300e-02,-3.529259219848873697e-01
6.324621880957020936e-02,-6.014144587013493803e-02
1.934067048497005725e-01,3.473604924819087558e-01
6.182657782886165077e-01,3.489605588807661585e-01
1.370113262738128224e-01,4.487801483256244617e-01
5.607211091488862875e-01,3.566291548173626258e-01
2.540708751780757502e-01,-5.055096640881171499e-01
1.060383776629522483e-02,1.057871895755240488e-01
3.992196693829329346e-02,-3.508195877179448585e-02
-5.553132725179233953e-01,-1.809950230524507986e-01
-2.361358602725605049e-01,-1.965175040691738706e-01
6.733850665455859419e-01,1.817092081320195729e-01
4.483783932543345396e-01,6.885494424606346531e-01
2.727795393700222504e-01,3.068879694932560853e-01
-2.799204072049121805e-01,-2.355085167742798913e-01
-3.684642516936110224e-01,-8.261340897147440021e-01
4.278578607299424186e-01,-5.105282197865289584e-01
1.160089977840004505e-01,-7.608956840870368943e-01
1.700536203440623229e-01,3.933459915078507119e-01
9.997302985277757570e-02,2.229029650974635735e-01
3.326699514923233125e-01,3.452097247523509549e-01
-3.140978328029686573e-01,1.526671765935294633e-01
1.294533137198266848e-01,-4.663864012267849302e-01
7.507140207675803978e-02,7.569563337557773386e-02
1.359665562482961498e-01,-1.033611650969017276e-01
2.865577016352677808e-01,-7.397449209029259842e-01
2.349858397858767545e-01,-8.497883718962075117e-02
1.075931298201026343e-01,-2.198332518216829234e-01
-1.908053062169099423e-01,-3.446115115090149228e-01
1.447034743332420714e-01,4.928292388881298086e-02
4.415482956447970286e-01,-7.215594616256141292e-01
-1.869652214110098798e-01,2.567493881457514338e-01
-1.577352090729092493e-01,-2.011179198172338006e-02
3.451981181589286463e-01,4.135548459191094595e-01
8.981102799130039616e-01,3.868564552311853921e-02
-2.725739485796746520e-01,-4.829568265394204585e-01
2.244043962552557947e-01,2.821248374942733061e-01
4.437269236523831983e-01,-2.896513533050851796e-01
1.954692114645482925e-01,-2.297944733357972502e-01
-1.623969240464391006e-01,-6.873726199011503946e-01
3.836077228630748182e-01,-3.584787632359110465e-01
-8.052968531434639976e-01,2.065176865243311399e-01
4.736475196679973410e-02,-9.641586869059916298e-02
4.716100697814621379e-01,3.654562599849215943e-01
-4.385644021208968124e-01,-3.119462914932850245e-02
-7.031473485347713437e-01,7.713144760741399986e-02
-4.675548171232083994e-01,-7.156357192683338031e-01
2.382750497209188134e-01,-2.507182946211201080e-01
-2.513403107559933347e-01,-5.615654519417068169e-02
-5.461392396925668358e-01,1.368558717479062548e-01
2.182787334660189205e-01,9.320615782082820877e-02
-2.634060975941293070e-01,1.213610912349412235e-01
-2.530807289210775246e-01,-2.461007887520161030e-01
2.035338099566434966e-01,-4.842546394731666592e-01
-5.619916691255945063e-01,-3.611222889745570042e-01
-5.721098758987998023e-01,-2.512241384600754635e-01
9.598866455966058309e-02,-3.632553189248157732e-01
3.115519862222516645e-01,-2.329944020875760469e-01
3.025577419133217427e-01,-3.843675757866766296e-01
-1.047774187031509513e-01,3.577740402305936152e-01
2.902835599816305789e-01,-2.102917908441791217e-01
2.118057209047295719e-01,-4.959638951445457522e-01
-5.479805874888161732e-01,3.028184283727632931e-01
-5.275968674186120033e-01,-1.361727228049023353e-01
2.368170000056785685e-01,-1.972130968819585106e-01
2.088618163331995223e-02,2.744875054876626530e-01
1.833991467327387298e-02,3.439459677470102505e-01
8.696652045778772988e-02,1.188036918252240864e-01
4.847564312421998589e-01,-1.214806722824168239e-01
2.260009417994844269e-02,-7.753980950497380009e-01
8.758620387977926469e-02,3.978951894183017091e-01
-3.595992525489835612e-02,-7.623678431671397915e-01
-1.086043292460230347e-01,1.629126013612572921e-01
-5.176700564755307848e-02,-9.401263813879243147e-02
1.913155792136388422e-01,4.160496448688983939e-01
1.912394104296272768e-01,3.984892336520310940e-01
6.044815455569199081e-01,-2.918310038751804544e-02
1.649551746783515793e-01,-1.768236443734016450e-01
2.681043923131272433e-02,-5.211679817627431349e-02
-4.698185337753059132e-01,1.561457081898549870e-01
5.663220334135913303e-01,3.842066211489862382e-01
4.469401281291232597e-01,-2.545174646794942097e-01
9.861884857693361539e-01,-2.408482853899233944e-01
4.887172466283368766e-01,-6.248332797713030545e-02
-1.947300170677774278e-01,-1.379110813605609054e-01
-1.217336121707399132e-01,-4.273724317262603267e-01
-7.562972810673429525e-02,6.482377301468121855e-01
4.166435828870804770e-01,-2.231294826014540433e-01
-2.729024235829928258e-01,-3.636813672426301158e-01
3.596842844689664975e-01,-1.160343350897582171e-01
-5.226842877530520903e-01,1.349880702768205820e-01
-2.997663727445928350e-01,5.194282383056667562e-01
-4.808829092603644773e-02,3.286880044147564434e-02
-1.555067076771466383e-01,-4.327576762577682590e-02
-2.117041816177907265e-01,4.424662922684173272e-01
-1.046802176550207242e-02,-1.113701993524306294e-01
-1.001097890605320284e-01,-1.538243074747438488e-01
4.082536048311846688e-01,-6.215889103708426705e-02
-3.487472716944572393e-01,6.564400622657287077e-01
5.317369950507207232e-02,1.008289986323041010e-01
-3.373549437228187120e-01,-2.328161874660018144e-02
-5.339695490614917300e-02,-6.241278564439470961e-02
2.358579298382291189e-01,7.663757099342729529e-01
-2.398045328055709580e-01,-1.390075359403428190e-01
6.555340021035803433e-02,-2.417554548518233842e-02
3.462741434320876777e-01,-3.660053624874089473e-01
2.799358819342071536e-01,6.509628222932598574e-01
1.543319002828163478e-01,3.804564839308286484e-01
1.285768019647968163e-01,-1.509106245399613466e-01
8.786973765100761224e-02,-1.316970993695137093e-01
-2.624844133830946391e-01,-6.339462439416391204e-01
-3.431432310361671734e-01,-2.764884514981006403e-01
8.088593859688751218e-04,-1.975261277821580841e-01
1.528747346647187089e-01,2.580856764649934187e-01
3.173442870877076216e-01,6.252689425167808901e-01
-3.969546378004726872e-01,2.950460108434942996e-01
3.145961791725050416e-01,1.932515918309001268e-01
-3.318707288231448338e-01,6.892694179021530143e-01
-7.171685237177029271e-02,6.922970709871616168e-02
-2.860458797847850176e-01,-1.446600699555976310e-01
3.867132709011914526e-01,-3.953138430978322404e-01
1.367236623035723853e-01,-1.601251808251643038e-01
-6.331810988848368682e-01,6.975137472037076791e-02
-7.819056189313751404e-02,-3.205760778600871275e-01
6.166821939810556569e-02,-2.531413775284859224e-01
5.615519400960128360e-01,-1.990100355964778966e-01
6.719803220700459878e-01,-2.869782559994592253e-02
-3.067502286682670665e-01,2.933543255768270019e-01
-2.085532509658446776e-01,-3.176808899397065566e-02
2.091832839568574798e-02,-1.732485046554706476e-01
5.669275565496307429e-02,2.452792025629646211e-01
-3.506183437553805210e-03,1.895646673601750765e-01
-2.218724384923032034e-01,-2.238197032074442927e-01
3.100211045219566919e-01,1.792213301479139015e-02
-6.260692473733652230e-01,4.155000967829871605e-01
1.869282843315083764e-01,-1.749266687898620998e-01
2.371729857838016653e-01,1.940171081473547887e-01
-2.137304322599847262e-01,-5.805173625736229637e-01
3.261560223347216292e-01,-1.503619213551085076e-01
-3.612655910249845670e-01,2.714228546332176362e-01
-4.861595751952086375e-01,-1.725442598148974604e-01
3.105485687270610473e-01,1.501985208975386774e-02
-6.299403421090805644e-01,8.761845438305614353e-01
3.663214439802255085e-02,-5.024985796043544006e-01
1.273997066139716527e-01,6.072115381307811033e-01
-1.233321097481512169e-01,3.534913470084622561e-02
-2.217346295304637727e-01,7.486188221190468450e-01
2.144494000146294210e-01,6.290503996293568267e-01
-2.519485360161063600e-02,-3.123246300772943296e-01
-5.227014896226103158e-01,-3.434738658141807677e-01
-1.958867752520303540e-01,1.509893081731863429e-01
-1.010449167039816493e-01,-1.666029771767726375e-01
-4.111876318739048769e-02,4.918324433677487284e-01
2.131700354681128895e-01,1.419669863342663818e-01
3.292427647497549459e-01,3.604399793625074899e-01
3.843779057835211010e-01,-1.134722002393197121e-01
-4.548236927603686586e-01,1.236597902215500894e-01
-2.526908224129307823e-01,-1.482066611326077199e-02
3.477750377853145447e-01,-4.166167572659217888e-01
7.867830860067877297e-02,-2.325809025107859404e-02
-5.018933871099711119e-01,1.287799488748516963e-01
2.977442815093593875e-01,2.878260352160614821e-01
-3.314671785572771423e-01,-3.881168676141356078e-01
-1.159288354998249809e-01,-5.227469591831757079e-01
3.119261006187651897e-01,1.243860791865436868e-02
3.245848801814963935e-01,-1.882500320909396840e-01
-1.149467618828496351e-01,2.657566145647132297e-02
2.300778633363141368e-01,8.031631755710479104e-02
-1.520622139951479379e-01,-5.823387108246740329e-01
-6.408157850577637926e-02,3.886515588486825767e-01
7.341488532403200873e-01,-4.029025595509503482e-02
3.129095473154053231e-01,1.023127305121088598e-01
-5.281074484695662957e-02,6.020131214327819613e-01
-3.580487970635505279e-01,2.558883740375789140e-01
3.256393305715999942e-01,-4.750996526343970183e-01
1.651381010527038784e-01,3.118451583957865814e-01
3.232914240016526719e-01,-8.966832226309290332e-02
-3.973291436166165314e-02,1.730837685410876667e-02
2.408020906852008092e-01,7.572216533295308971e-02
-4.123354442968983902e-01,2.076262963169031306e-01
5.071522403242214594e-01,1.051352521230780046e-01
2.592236083534030233e-01,1.448403413855983146e-01
3.761630061254063184e-01,9.450861628158745142e-02
1.772226581865958828e-01,-2.807299296929390287e-01
-9.642293067777364668e-02,-5.151683420479752362e-01
1.894872870318752289e-01,-4.975812791633000415e-02
1.813330520803208001e-01,-4.625405040439524162e-01
1.906637915205665057e-01,2.200421445855308966e-01
5.875815932744948844e-01,-1.601126297253257780e-01
9.748546744567126998e-02,4.426563019158255563e-01
1.032193545751162039e-01,2.441824603266743721e-01
2.715054559851601615e-02,1.893931824146463383e-01
-6.452095531653124875e-03,4.046215790675811858e-02
4.289057745901797558e-01,3.095135725443531882e-01
-2.270035137446589912e-01,1.403521196053494902e-01
-3.597148551890719248e-01,1.605244486920614777e-01
-3.430088024773402661e-02,2.489120016143177849e-01
-3.527510901119136344e-01,-2.536541097077548712e-01
2.768763738556832554e-01,3.269634768804347696e-02
-6.164139269148873890e-01,1.713906375280772609e-01
6.032740889968719600e-01,3.572673224605272396e-02
-4.101763781318684687e-01,1.261652073398482343e-01
2.289981068078030813e-01,-8.367841357137041636e-02
2.391086736669383317e-01,-5.495370922971357652e-01
-4.457053968363828417e-02,-5.913577675780994358e-01
-1.941508889667197674e-02,-8.223470064324710505e-01
4.835868754494805632e-02,-5.975874967944317939e-01
1.834215748518716049e-01,-5.589662144720658477e-01
2.704132540232658810e-01,-2.085890727545817724e-01
-5.917918244356933782e-02,3.044907032128170155e-01
-2.203765940999353468e-01,-1.581875617736510850e-02
1.191124377787561861e-01,-1.520537257627969652e-01
2.845818527743724791e-01,-2.600908708823784776e-01
3.162380615607220113e-02,-1.920902807858106687e-01
1.421204423793547000e-01,-9.808266897790351990e-01
-2.201112784163649916e-01,9.561716769874741700e-03
-1.593390463666558288e-01,2.479499271551354744e-01
-2.198386665788197580e-02,-7.041071401199681945e-02
3.606521209102243608e-01,-1.258416862720703258e-02
-2.551060748094758357e-01,3.647279314812130191e-01
-3.254634282884591445e-01,1.673159290043815112e-02
3.474390022257179966e-01,-6.401301803336525986e-02
2.125780653983413149e-01,3.419472859939831078e-01
-2.891401740573099621e-01,2.544810994996325459e-01
-7.649725413429987464e-01,1.144826767409053980e-01
-8.994970023276627202e-02,1.187814471165400815e-01
-2.146776670123538289e-01,4.329358801798175449e-01
-2.850337717349181177e-01,-2.996973071100881292e-01
3.242924803638487230e-01,-4.202331643633415714e-01
-3.059382205481577244e-01,4.866534796142958919e-01
-4.126937686033633756e-01,4.905569213803063211e-01
6.412177401237639796e-02,1.269029860060533199e-01
-2.887300719102942059e-01,-1.881958540696443694e-01
1.419473078656489085e-01,7.040479427421643399e-02
3.372412826680837306e-01,2.708690393518792261e-01
2.798652461097417277e-02,1.181409400552317773e-01
-3.650390036380509740e-01,1.591887592690359732e-01
-8.189474716002036192e-02,-3.045584040767330622e-02
1.597023612585184993e-01,4.445540262438916201e-01
1.506215675219057526e-01,1.356662229655255236e-01
8.795774913922199678e-02,-1.567904797250442572e-01
6.109638163040487235e-01,2.495740899219070774e-01
5.953235120034625627e-01,-6.212138107710110102e-01
-3.736130192394912508e-01,2.637590048273177334e-01
7.831555564142984524e-03,-3.096017772988938210e-01
2.090047099197143710e-01,7.230537338330442210e-02
-8.083069508185757382e-03,5.301447895842118507e-01
-2.103510836773581777e-02,-2.876290673632638795e-01
1.056465197308232018e-01,-3.838583596613880378e-01
4.063718739611427155e-02,-5.623592914935986870e-02
-3.958497756348751673e-01,-4.091281466044830450e-01
1.689132504374618315e-01,-8.243552636824217350e-01
2.395862003331512280e-01,-1.074146647367752450e-01
-2.236429532967892653e-01,2.313261661348529896e-01
2.236608757801092640e-01,4.320472566819832244e-02
-8.043752106340416874e-03,-1.435496222938147104e-01
1.296489999297754936e-01,-1.043530525309437074e-01
4.024322875266406196e-02,-3.519237046259880985e-01
-9.033282542583419283e-02,-1.177512166590067022e-01
-2.089633691163600149e-01,-3.998291869711027569e-01
1.441562129725841024e-01,1.668205064556678996e-01
4.970138378718061412e-02,7.971560807987547459e-02
-2.055022787547693963e-01,3.493180464598596435e-01
1.486277221024412919e-02,1.212730267210106660e-03
9.918406882061238383e-02,-1.139448305869159885e-02
-2.327760267095966840e-01,-4.796652839737652885e-01
-3.210729582993571696e-01,-9.622080080163918081e-02
2.908147028087818553e-01,-1.586068378914267107e-01
-2.809467502841547087e-02,5.790747589094970005e-01
-2.849160571236012546e-02,-1.077926282278888516e-02
7.829632971096391891e-01,-3.975108811130758646e-01
3.799294333300178295e-01,3.992504106992941226e-01
-2.681895915163633459e-01,-2.709284354410957940e-01
-3.903599308053208872e-01,-2.425327730788773284e-01
-6.285639787573467085e-01,-4.735864730940296790e-04
4.129183893314773979e-01,3.934735051678176498e-01
-5.529955328316982222e-01,3.469829445867165241e-01
2.652719906153890635e-03,7.127808857972303680e-02
-4.069208426432790321e-02,-3.797606024131001262e-02
-9.922122955775020126e-01,-1.848969021772480514e-01
2.928931339814405677e-01,-9.608936375609464231e-02
6.030986916049549049e-03,-5.895354038588064283e-01
-1.923810492661851834e-01,-1.859976701235209751e-01
-2.626539059742523663e-01,-3.000419921590906647e-01
3.789410731336734922e-02,-2.899852740816006857e-01
-4.523987902332910482e-01,-9.635795160339127863e-02
5.455829102351623661e-01,-4.577814315752664065e-01
5.630706595070278375e-01,1.525387613965716871e-01
1.221981369483145924e-01,-2.881282212382236807e-01
2.665292923816914294e-01,1.664362806691211671e-01
-1.703793886625855902e-01,3.746793003116954401e-01
4.929204622743909581e-01,-3.065438667291036090e-01
1.469902884366734996e-01,6.636584951682103495e-02
4.219580609861905973e-01,-5.608404889430399498e-01
-1.687685936521194086e-01,-5.064429682859446918e-02
4.099976456053417428e-01,-5.633789328504101857e-01
3.146448788437379296e-01,5.015195830478422212e-02
3.717616099343760139e-01,-1.954497327856208888e-01
2.877314303219147273e-02,-1.829590930923201686e-01
-3.768027961403253023e-01,-3.586041156257822049e-01
-2.612828998141207837e-01,4.200953427548584918e-01
3.072355223259883306e-01,-2.901629837515111721e-01
-4.759971514468315790e-01,-6.302406475419718157e-02
6.534697473255020039e-01,-7.951556409836939565e-01
-3.016948597257831377e-01,-1.715143547038216199e-01
-7.709633645928107293e-02,3.964564595876515218e-01
-4.106263463234762212e-01,-8.488060520843114520e-02
1.048087377920536856e-01,-4.814554724264847457e-02
2.780821191140018245e-01,-6.006918778467138648e-02
1.528192606550917987e-01,1.907395796622203821e-01
1.009959554965672801e+00,6.798229165960743003e-01
-8.804912577521477601e-01,2.659349066361172409e-01
1.678292554846878282e-01,2.980715299235021654e-01
-3.005554006089586339e-01,-3.832204416131170244e-01
4.911552702452672836e-01,-1.141810603220421994e-01
1.116229551294106170e-01,2.868653497054647530e-03
-5.362519804862103667e-01,4.555203588034872353e-01
3.074841290175799879e-01,-3.839822853012609394e-01
-3.072610360144819031e-01,1.445546746303807695e-01
-3.121483821866278263e-01,-2.316450021328673049e-03
3.049350490414716730e-01,-1.578412055361188560e-01
1.319530047822903840e-01,-4.278076435769506691e-01
1.551662148325280433e-01,-9.140886071920198419e-02
2.371910496481487163e-01,3.366129999065337053e-01
2.918734806625114531e-01,-1.420416383220074463e-01
3.269393784603847330e-01,2.110952075221487687e-02
1.729054180991312084e-01,3.229780402942555861e-01
3.352522739816357067e-01,-4.501331067622181825e-01
-2.781510276214225197e-01,3.052833207049088227e-01
-7.204830485624259817e-02,-2.808005990052592216e-02
-5.587941187282072786e-01,9.543345807948008797e-02
-5.382797278188795193e-02,-8.136786563967839114e-02
-3.807731748171789415e-02,1.733857745872887934e-01
1.703929285946187144e-01,4.037728137773423098e-01
3.517956694316897726e-01,-2.271814627618613525e-01
7.800704646026612732e-02,-3.540940177984564646e-02
5.733790924783937343e-02,3.225380893444318442e-01
-1.921650183218622243e-01,1.973107054484604383e-01
6.473719382541801015e-02,2.529173037275516678e-01
1.813320506618224526e-01,3.069245605361891824e-02
-3.830225713369505014e-01,-5.207725207782725185e-01
-1.860961983881491144e-01,-2.583089936847479118e-01
-2.907251244468151974e-01,4.825594654866543487e-01
-3.036380255910620107e-01,2.054924366178167150e-01
-6.346519225559448252e-01,-2.561581112579797148e-01
-7.603730121384547624e-01,1.281412144050757540e-01
-2.616470009592371526e-01,1.482427159433016006e-01
2.015968555700838327e-01,3.026050520268134258e-01
3.968475908595737733e-01,-1.250419340832855941e-01
7.097130020097143499e-02,4.806625975268959822e-02
2.190026646610521432e-01,-1.166582808469224797e-01
5.515692784904094870e-01,1.953592155565693211e-01
-1.216903633979168481e-01,4.851480993643473849e-01
-6.456623357408540487e-02,1.116297802278091861e-01
5.987002110883500317e-01,4.984432400506251526e-02
8.696564784155580430e-02,-2.168631715403761262e-01
9.341925181397021938e-02,5.638895493105858803e-01
-3.355744914817583857e-01,-4.080777069486177244e-02
3.060729623728343229e-01,-4.567345212511294550e-01
-4.997877437232468578e-01,1.880163702730464070e-01
-4.128906337557027711e-02,-3.498958951325103484e-01
-2.703480773014593080e-02,3.325713273340527021e-01
6.357996406358754071e-02,2.338650456043513473e-02
-2.504021950885967907e-01,2.086156065781671204e-02
4.368442612011838588e-02,-3.124066371090139516e-01
3.703008087083138611e-02,3.040454062364195686e-01
7.497266956766339419e-02,-1.850365110717436812e-01
-1.799678092954685449e-01,2.571988891095266516e-01
-5.917682731672535557e-02,-5.076126350963510586e-02
1.493499438789792355e-01,1.455740340159316915e-01
-3.161640068302308260e-01,1.698228637743148528e-01
3.308670603726076576e-01,3.820353789187280191e-01
3.325764587548476481e-01,5.642559975428272923e-01
4.421583026928619375e-01,9.057650408293738131e-01
-8.561769487744927409e-02,2.838643011930447324e-01
-8.052617461568357948e-03,-1.636961157876267448e-01
5.730007531898800854e-01,-5.348062681433387588e-01
4.407129297147368008e-01,1.220732357905846832e-01
-1.661254772418065406e-01,-6.664460654528234773e-01
4.442630015240061070e-01,-6.684748000866648499e-02
-2.601934185075739370e-01,-5.538697655090818461e-01
1.204901774019754013e-01,-1.499276011405280551e-01
1.356441769563438149e-01,3.109160074757894576e-01
2.358097023741774212e-01,-5.227078265544731206e-01
-2.315127652257211507e-03,-3.672844113441048330e-02
-2.826337436870878239e-01,-3.801905285416896096e-01
1.139728726226154620e-01,-1.643288910618557197e-01
4.161484692779102157e-01,-4.549570423748361958e-01
5.066793644771354632e-01,1.828469767179461414e-01
1.552106167168560147e-01,-2.097378186229894304e-01
-1.113059753521562865e-03,-3.877704108170811764e-03
-2.962935714300338197e-01,-7.546248317361028968e-02
8.972018865659818487e-02,-2.117369157028885784e-01
2.363884419851900731e-01,-3.875803252510986313e-02
2.566133967291983620e-01,3.198229778275930579e-01
8.849520444478232994e-02,1.611499137579654461e-01
-2.220669832505926256e-01,-7.267326736548581634e-01
4.378102970076986900e-01,3.807502986090441355e-01
7.357340817834004398e-02,-8.410405061957271222e-02
-1.810067798973498121e-01,-1.863720141700331567e-01
-4.985170307062185557e-01,1.676822306754001402e-01
-3.292334527961489066e-01,8.465839663624845635e-01
3.070055724312863998e-01,-3.461683025294061133e-01
-4.555790266533594202e-01,3.383067816167228403e-01
6.158587383157224787e-02,9.513285459455825266e-02
4.071402630669147815e-02,-1.558052251176557101e-01
-1.632326490473032798e-01,1.289944970735249496e-01
3.682383241597194101e-01,-4.884643798838581574e-01
-8.563322793355206131e-02,8.326011866684852880e-02
-7.654849094882636151e-02,-2.936643723374148807e-01
-3.765785486961922834e-01,1.826772812800613599e-01
8.718757244402178253e-02,1.018946077003630296e-01
-1.886491427551997002e-01,1.099510635089366445e-01
-3.476677058531614795e-01,2.806217382757949519e-01
1.483012885028480721e-01,-2.285793073907343986e-02
-6.146895340785775153e-01,-1.467076317614273151e-01
-6.502945648167713921e-01,1.687211023919207298e-01
-2.621398536742745589e-01,1.782216503444569999e-01
-1.133343296817514029e-01,2.669442698438876937e-01
-4.644509893515935128e-01,3.140298819217514636e-01
2.604398967279470400e-01,-1.189736867757770905e-01
-3.710472802179374252e-01,-1.823637652361217165e-01
-4.212870412507331297e-01,7.345629966734056049e-02
-5.479747833275033092e-02,2.284565446389380527e-01
-6.226413227034325315e-01,1.030835388294560062e-01
3.133433098130534167e-01,-5.674722998730876572e-02
-3.013308411766411551e-02,1.014417057485018508e-01
-1.035928838615356229e+00,-2.397568033582254399e-01
1.464787939031302055e-01,3.848194389521336078e-01
8.918833375864633484e-02,-3.013698649571485144e-01
-1.394574631363331985e-01,1.488267745964924338e-01
-1.538493520053025969e-02,6.534780468152701083e-01
1.444415384032143035e-01,-3.412415535964130053e-01
8.484637808420464333e-02,-1.840754961043099269e-01
2.319740725191319075e-01,-1.164033259498048617e-01
-1.364002221474779897e-01,-2.875131720478514841e-01
-5.876993209957766945e-02,-4.025783854934855688e-01
2.711922458137249192e-01,-4.956309090784830618e-01
3.055645473081163299e-01,-4.495733626400406080e-01
4.038054891822286385e-01,3.865709250441731748e-02
8.933946819780988480e-02,-2.795122693647333900e-01
7.729186920965960272e-01,1.555931975348959495e-01
2.437100014741845622e-01,-2.562088430520341742e-01
-4.046187971870957578e-01,-2.191021099152276330e-01
1.510883081364370606e-01,2.649734588397722468e-01
2.089004473358495595e-01,5.316171423520456019e-01
5.309951374672203794e-01,3.856819114553293737e-01
-3.925393461264819472e-01,1.039294037600722032e-01
-1.227940419833056934e-01,5.897560733212638823e-02
4.823778996478628733e-01,-5.408135169308308371e-02
-5.206719311675030992e-01,2.776128651759370292e-01
1.783865048486942273e-01,1.857990262488064814e-01
-1.631956684525869838e-01,6.738298987539029783e-01
-1.470691176950808809e-01,-5.269122539279229578e-01
-1.189398639152669523e-01,-1.955334328397865529e-01
6.421348356396794355e-01,3.017405171101207872e-01
1.296737960736658035e-01,5.604488161269549629e-01
-4.948154307453671019e-01,2.527183915108266454e-01
-2.656455197567389459e-01,3.754584620743979528e-02
8.213216067449277125e-01,7.470861267229089633e-04
1.010719172708124808e-01,9.492491861099310035e-02
-4.605273035655583769e-01,-1.820377722696667477e-01
6.733453548975670833e-01,-1.456218410818407027e-01
1.860185918833390240e-01,7.819468840203433468e-02
-1.246964275450800769e-01,9.108510642935955248e-01
6.531756987168901851e-02,5.489395089535752392e-01
3.240555184766978902e-01,2.201696774017703473e-01
-2.674977314644841897e-01,-3.921841478476981863e-02
-2.951235343721590396e-02,-9.061331954981586279e-01
-5.573948527953124232e-01,5.392939694875662493e-01
2.389116109580800562e-01,2.523651315804386619e-01
-1.067022915355672202e-01,-8.691249681601090349e-02
-3.657339530509530201e-01,7.350446080713292085e-01
8.228671508295266890e-03,3.943373908745754219e-01
3.813822074837261433e-02,1.566267571511038570e-01
-4.504972957152678648e-01,-2.001774757062586840e-01
3.504896047172607609e-01,1.562286452046751373e-01
6.994632393005008053e-01,1.886133872236822606e-01
-6.847944246414913727e-02,-6.479534919447239860e-02
-5.063496672813150301e-01,-3.974197035893650698e-01
-3.753248245347743928e-01,-4.871462539585344476e-02
-4.515335040780930204e-02,-9.912364355637220958e-02
1.468496935292469274e-01,3.936585003876338744e-03
2.095345391716820216e-01,-8.785448438080163680e-03
1.984559268588135528e-01,-2.261273793517544761e-01
1.287217291745111070e-01,1.422519776291301385e-01
6.502775234204166699e-01,7.136901259049685531e-02
-1.091658106270025769e-01,-5.418023527970187159e-01
4.168485125643908717e-01,1.326696103721324294e-01
-1.140538843108626493e-01,-2.137964838660986189e-01
-6.739368093367952284e-01,-4.677422761008092622e-01
1.734276204561987778e-01,1.237797611324758205e-02
-3.200384141235706331e-02,1.339092934283711012e-01
5.772848140384913007e-01,3.071366863223932153e-01
7.787748029153065965e-02,4.381375437520184102e-01
6.476419210593838960e-01,-4.112531687750392018e-01
-1.224472890674459663e-01,-7.084611105662567965e-02
-8.110779921566764472e-02,1.379250531393053925e-01
-2.841534214491319710e-01,2.114839104378136159e-01
3.133312545964535012e-01,-8.287724703844280560e-02
2.964895164416936346e-01,-7.579061542902529314e-02
-3.387789769602126549e-02,6.040843569952801806e-01
-4.500235989532941350e-01,-1.893709042872200599e-01
1.278869755871013814e-01,-1.941806563746351910e-01
-1.120003344496449532e-01,1.863130390228264488e-01
-4.361060880510846116e-02,-4.457338024200928617e-01
-1.929914430757587521e-02,-2.626893525873473800e-01
9.269907547899405853e-02,-2.999770798905446734e-01
3.403244050238964924e-01,5.328647424336686589e-01
3.958020700710244699e-01,1.096857943782477002e-01
3.949492123398654075e-02,3.772900843522707937e-01
1.974615926425732082e-01,-2.258407024222946757e-01
-3.456540016640461399e-01,7.890758545515493827e-01
-9.663792792382858154e-01,-1.175664400717825325e-01
2.323121823833325383e-01,1.624426608362379287e-01
-2.771582581815815738e-01,1.838682528377022229e-01
-3.617916705315947223e-01,5.336130707779647153e-01
-2.245598631554291402e-01,-4.253093246531486904e-01
-2.873499756513978598e-01,8.866692078054025372e-02
1.360398090075378430e-01,4.757874292597583654e-01
-3.451148615177906942e-01,-1.085099428669357713e-01
1.878832756234729007e-01,2.364283208469935421e-02
-2.610070677043371812e-01,-6.654265619277634214e-02
-4.950745095248746397e-01,5.598153409500095101e-01
1.471025873691267083e-01,-9.940069584486128929e-02
-4.737027180064667248e-02,3.089208198075796274e-01
2.056569587562891432e-01,2.963441452458944192e-01
9.094602728217607290e-02,2.255779852648427675e-02
7.319949635171899560e-01,2.530304842609875648e-01
-1.357045639329109050e-02,-3.739533636881489653e-02
-1.964528015778576053e-01,6.520534231094924360e-01
-2.588089169499694156e-02,-8.600617175055064179e-02
2.169709932267020469e-01,1.849938147314625358e-02
6.447743667037644233e-01,9.291036784257913905e-02
3.391002125873836537e-01,-4.913854517166224567e-01
8.404732070614209793e-02,-1.717408904337139885e-01
-1.896827459921687775e-01,-3.207459515878705592e-01
-4.573105332682205759e-01,-1.009401521416879305e-01
2.149143708216361692e-01,-4.965013651206174466e-02
1.279515877668534751e-01,-2.791769713815751564e-01
4.743774912608929584e-01,-2.236089298987772034e-01
-8.492402998037755502e-02,8.081071368711631453e-02
5.935212810445103515e-02,-1.619139271835520200e-01
3.363936730712260847e-02,-2.584377959512192957e-01
-2.639188509418772255e-01,3.761877113309219367e-01
2.124217329317811820e-01,2.663876047448001105e-01
-5.475738104437515297e-01,1.321054931895542239e-01
-1.749218673384936584e-01,-4.007556991942922142e-01
1.703577859329722943e-01,1.273399783101279992e-01
3.819767453442664551e-01,-1.742991236288053691e-02
-2.012652663765232552e-01,-9.054460785040334414e-02
3.032889759177960776e-01,1.529077961771593552e-01
2.642820894764228989e-01,4.886487007793473003e-01
-5.592046218180768413e-01,1.823926209469218240e-01
1.713430617665282207e-01,-6.296431484770287357e-01
1.665386086308541513e-01,-2.488013789301026304e-02
-5.313485628994909504e-01,-5.684004133326578390e-02
2.847544225216530611e-01,-1.686750938605902916e-01
-1.516506897944337739e-02,1.830204024754321368e-01
-5.849223785604726888e-01,-5.609968486091080342e-01
2.164330674199330118e-02,8.611426871460867161e-02
-5.557234883291375244e-02,-2.614230021168509333e-01
-8.381691463411367060e-02,7.931003721772929005e-01
1.337603213885533993e-01,8.385439453510905652e-03
-4.739947409250223620e-01,2.609648925576895651e-01
1.786461310263727786e-01,-5.477172070004880655e-02
4.177473966988294596e-02,-1.800196206667567175e-02
-8.788275049509153281e-02,3.478958535379137462e-01
-1.793282579773715080e-01,3.627352022630489503e-01
1.571874445320927682e-01,-6.089597607075744601e-02
2.215953403440791003e-01,1.250509092267973466e-01
3.450982436224669242e-02,-4.135235151485800453e-01
1.056985858678664708e-01,3.260583913703674758e-02
7.550739755737753689e-02,-1.906063625490034621e-02
5.590745853396543730e-01,2.262356919655532927e-01
-3.064520817727391933e-01,-4.371560902583203623e-01
-2.831177231191941424e-01,1.254689431858176385e-01
1.235839555261896150e-01,-1.107288293901988740e-01
-4.405086752479308587e-01,-8.611407592220989005e-02
2.604071383803435169e-01,-8.648844494192292620e-02
-3.207360970457817095e-01,1.625747744354542890e-01
-3.814753791086988866e-01,3.062998616417845765e-01
4.859599560528864437e-01,5.287149239353203245e-02
-3.184200823647559964e-01,-2.031748947167920094e-01
3.850793423627176248e-01,-1.744053276764477023e-01
2.658720858318127656e-01,-5.754556321020078968e-01
3.304863287218553491e-01,1.077857245510855239e-01
-9.029421043407108438e-02,2.871149022610200441e-01
1.292385033013140339e-01,-4.275923937435335831e-01
7.651897716437490449e-02,-2.008952402821458927e-01
-2.483944349100655757e-01,-4.412908228505473818e-01
-2.745754102470403524e-01,3.423269312488058658e-01
-7.666246977691328901e-01,6.294610087171835788e-01
2.095017568584286172e-01,4.250027019276823581e-01
3.203276807710925822e-01,-1.503743264016577270e-02
-8.848989406397280710e-01,1.486973350546707540e-01
-9.437028157011037588e-02,-5.345694892918173569e-01
1.032626262968617814e-01,-8.466333432105600798e-02
5.885282256144527824e-03,-8.720328760527018552e-02
-2.702639853461172859e-01,-5.810626442647381928e-01
-9.767894827400565305e-02,1.678931325094589200e-01
-5.088773380971685079e-01,2.538978543947086886e-01
6.900577587914766831e-01,-2.357034234855990423e-02
1.556269135474784293e-01,5.655804244896024853e-03
6.438504824811709382e-01,2.478062298369578670e-02
6.849677427440828414e-02,-1.755078382363159661e-01
-3.989834770786985230e-01,9.582990909915878319e-02
2.782495009698507382e-01,2.654899967378203107e-01
-5.831067478786121638e-01,-2.424178938806018924e-01
-2.144474192838555227e-01,4.503500527332058856e-01
-6.007311450467818226e-01,-1.313174033246035655e-01
-3.341839371009530657e-01,3.733410298323599497e-01
1.830952847784864390e-01,-3.845081849000353547e-01
-3.382025887477886350e-01,2.348957454345790979e-02
-1.786986391518398110e-01,-3.108949174157425999e-01
-1.350627919527369603e-01,-3.306517521010078342e-01
3.770806806057361987e-02,4.349947214084089187e-02
-7.933683321368921459e-02,2.729396469641504619e-01
3.830208004570394981e-02,3.560132706419824600e-01
6.563317904975543016e-01,2.607553380115683328e-02
-7.711814001975639266e-02,-4.882593936215010588e-01
3.419086532714076809e-01,9.874280083063032010e-02
-5.133014569304680252e-01,3.222412519102085815e-01
3.077435654126432496e-01,-2.806018617572120233e-01
-6.145546773320011841e-02,2.006180281337981430e-01
6.147806333052266425e-02,-2.960028438716653110e-01
-3.224510435240042772e-01,3.155187889711473237e-01
-6.551000277683474149e-01,4.880467874931734285e-01
-4.230694808718526434e-01,4.541460002389181572e-01
-1.194555824054270299e-01,-1.173721609189626452e-01
8.725904095518717540e-02,-2.263117353871209048e-01
-5.167223023049132002e-02,3.299656236533418108e-01
4.607227921966246531e-01,1.536565571263885377e-01
-2.656024459695272566e-01,2.658381674975587861e-01
1.855432844282664251e-01,-3.363546716276372139e-01
1.963985351256594958e-01,-1.181027852076588086e-01
4.788435646313797811e-01,3.967490060451082101e-01
1.544314202417327864e-01,1.193419997389797427e-01
-2.658162301817081352e-01,5.763269305136164283e-02
-3.354048221600605673e-01,3.872593601428806487e-01
-8.654216464819926291e-02,-3.819041011496080995e-01
8.573720575021206991e-02,4.306319151154155422e-01
6.165552189979424391e-02,-2.302650607062684818e-01
3.078270104630266846e-01,2.605410825118414930e-01
-4.634935291598925589e-01,-7.535603714717031831e-02
3.702838045776026821e-01,-4.894769192285333137e-01
7.289608516851982245e-02,-1.003879842026875018e-02
1.544071456645392526e-01,-6.163896914851118014e-01
-2.691420004317416348e-01,-1.998686231269287406e-01
2.075027033888647565e-02,7.691597276359227742e-01
7.266364113529806545e-02,-5.272797724510369655e-01
1.805032921373801724e-01,-3.398150804012377568e-01
2.130566582350461036e-01,3.091046951114529567e-02
-2.108551138304814998e-01,-5.801899996200304138e-02
-5.256377625983990609e-02,4.857003995316879208e-01
3.601931445370257223e-01,4.959056434609181996e-01
4.063026579076025602e-01,-4.243992595835671122e-01
6.141630960337922385e-03,-1.451986720422429600e-01
4.500784464973146548e-01,-3.327270750862562076e-01
-6.659570170369973896e-01,-3.668413606802216620e-01
8.044574730294418163e-01,-2.196529047287826830e-01
2.639246289335095419e-01,2.157438985333279546e-01
2.361366372075442699e-01,-2.276634942664572045e-02
2.030571602407671705e-01,4.063751285585730927e-02
-3.410783260909176495e-01,4.722857327205187694e-02
-3.007308437168426107e-01,1.323653265008912505e-01
3.700545452745059860e-01,-4.164945734063792981e-01
-5.301510195181781404e-02,-1.605976201118054780e-01
7.117778307598418563e-02,2.114268111207911194e-01
-6.927574935681280431e-03,2.350701134471502030e-01
1.145727624451518684e-01,6.887890085050982769e-01
-3.500787459896850251e-01,6.545548978582092781e-02
2.454674998301022704e-01,4.272770266931882194e-02
-1.706296005354356604e-01,1.136463570080102903e-01
2.900668103919303298e-01,2.822754352411223078e-01
3.853302631838068648e-01,-8.863949638621828608e-01
1.308180392508614120e-01,2.285077460071621436e-01
-1.325923820040982581e-01,-2.429592937290932786e-01
2.803957159915285158e-01,-1.989683351083599006e-01
-4.862041400671938685e-01,2.267439807933257501e-01
5.840272040907626971e-01,-1.939487627349173737e-01
-1.330015304483323987e-02,-4.380409843353900157e-01
1.565442032481826617e-01,1.237400494073056106e-01
1.425090106957122849e-01,1.613185793644874300e-01
-4.697417187182299503e-01,1.735927289414550267e-01
-2.775871810910092163e-01,-2.455286117970233994e-01
-3.671316954008711497e-01,-4.110362843906776309e-01
-3.767540952490348594e-01,1.448591840706953682e-01
-4.883696189479680427e-01,4.318545336346091279e-02
4.022794189832589185e-01,4.005117225654041269e-01
1.124956633753189106e-01,3.019895542655612886e-01
-3.872434243533535714e-01,2.784776827672378885e-01
1.125115485409847321e-01,-8.293375595555821933e-01
-1.554800923449688177e-01,-7.977004947204306973e-01
3.023636417880664062e-01,-4.048685892807337150e-01
7.175810753615974313e-01,1.261130370852810434e-01
-1.437297302180982339e-01,-5.012248051611668531e-01
-6.669005417381888012e-01,-6.194559664613468603e-02
-5.763456645908074383e-02,3.478917590142858729e-01
-1.335836126734507856e-01,-2.448237307990504819e-01
3.535933139963664540e-01,9.207150722079623928e-02
8.141017767217538503e-02,-1.854583648924703065e-01
2.725308134169986962e-01,6.430148654093651439e-01
-7.152444815484836071e-02,2.529980092992023186e-02
5.100649904576477489e-01,-2.388252385888492424e-01
3.423115848885933121e-01,-3.690464854086554503e-02
5.512355719920024599e-01,-9.923175503599664105e-02
4.252503266477418165e-01,-3.973130651341136299e-01
5.863963494519658370e-01,3.837645268051269321e-02
-4.576804944985519152e-01,4.964549956882024356e-02
4.540573288588541784e-02,-1.107445679019978223e-02
2.565445295709848847e-02,-2.250534587843682766e-01
-4.043368703816928034e-01,6.250470555180777099e-01
2.025650840930383056e-01,6.307713977001602190e-01
7.463203011855561175e-02,2.206943646990959795e-01
6.406877793833734014e-01,-5.994322992255485261e-01
3.047407600636270822e-02,5.814335002546341946e-02
-4.872964281851861479e-01,-1.086370267304102022e-01
-1.007097434762934118e-01,5.369337380388478076e-01
-6.320244136588752670e-02,-1.686738388812099865e-01
3.070976682154260597e-03,-4.545053136784378833e-01
4.029897444332753431e-01,1.095824558159449458e-01
3.415855580778300871e-01,-4.118866520905586359e-01
-2.701374969896247480e-01,-6.790591184989703821e-01
-9.150986267706570643e-02,-3.262649552314038637e-01
-6.717422803677297605e-01,-3.504053924253491825e-01
6.959341981163835733e-02,3.699761995360232453e-02
4.854530552614853556e-01,4.461093012794045132e-01
5.994841303954637213e-02,-2.006347838301953124e-01
-2.456191863010060150e-01,-2.594097827949538859e-02
-1.392362733239831951e-01,5.704363836745384581e-02
1.136195160885598437e-01,5.142864399655657781e-01
1.213500844321751121e-01,-1.500959006156677988e-01
3.373843206302382658e-01,1.375758581876768694e-01
4.429241497975223291e-02,-1.885389915957908780e-01
-2.498538234354591714e-01,2.371381545533007285e-01
3.230187327378977180e-01,3.404093101194363702e-01
1.724641981269041668e-01,-8.974272783196399206e-02
5.306157391565582415e-01,1.249055757457339932e-01
9.374293841053449317e-02,1.851882257726677472e-01
1.047065792019449687e-01,-2.090788488913601084e-01
9.883984797200505434e-02,1.272878059720558841e-01
4.733721259501203482e-01,2.167414601626365955e-01
-1.759868472728075006e-01,-9.819872657287920248e-02
1.729160763796224742e-01,5.648738641882028455e-01
-2.797472424749478659e-01,4.184113409724918992e-02
-7.372862144563734066e-02,2.703973324122497038e-02
2.135843628844740771e-01,-2.334715422336161583e-01
-1.010597433217375052e-02,1.786076264133100097e-02
-1.346605181183884448e-01,3.207239264145912427e-01
1.767252994735845351e-01,5.660589195830967313e-01
-2.029395932482619125e-01,-7.969478802012167074e-03
-5.585708570440158782e-01,-4.908204673290921249e-01
5.608711836156438091e-01,-1.214489182473060813e-01
5.006357164796292336e-01,2.162053853532350245e-01
-2.748639288478169629e-01,9.431851728887853670e-02
-1.290488966998888931e-01,1.338312386885175120e-01
-2.392530685775162425e-01,4.224000673804984562e-01
-3.419227079673801788e-03,3.312066750273459648e-02
-5.054538734501700104e-01,-7.905530337250060713e-02
2.757453677738890274e-01,1.287175815997727013e-01
-2.453855748850134605e-02,-1.345375136619734666e-02
-6.334843267195768846e-01,1.141593839998584908e-01
-5.067972389643313758e-01,5.025270229352257756e-01
-6.328735400628954233e-02,-7.988189952505865554e-02
1.845201503186288394e-01,7.598576294765203853e-02
-4.202889578816238481e-01,-1.235332426961090364e-02
2.658967017182646830e-01,6.027467229887384370e-01
3.922633191547541393e-02,-1.236874104752085229e-01
1.451485326377406626e-01,-3.706435830154358735e-01
1.675863782018784942e-01,-3.355494480074895924e-01
4.432074317630651517e-01,-2.322337266717304782e-01
-4.777496639218549723e-01,-3.886968897774911169e-01
7.358975399210984647e-02,-8.291819974281011696e-01
-2.160082351822073879e-02,-8.266549411349549681e-03
2.709068169114222657e-01,1.795749294912453720e-01
2.048233775320584260e-01,-3.420762455710976147e-01
2.180225656402084156e-01,-2.032737610356368518e-01
-3.449216824449297114e-01,6.555080002188200528e-01
-3.992570328059096701e-02,1.352928303705625557e-01
2.665394741480534013e-01,2.588299046900802147e-01
-3.567269223615932017e-02,2.433819972526623798e-01
-2.034393949825940295e-01,-2.239324137572144546e-01
2.133064055796972669e-01,1.162290046417680522e-01
1.930644105688176237e-01,2.895415735117677358e-01
-1.343963382903339832e-01,-8.749776085320240537e-02
2.875581118775857314e-01,1.898832624944768177e-01
-1.884800965266041767e-02,4.130768932478690592e-01
4.747961993061874941e-01,1.048664301199403737e-01
-2.083710088840844965e-01,3.950225428357426183e-01
2.420126879030010392e-01,-3.436611228738983836e-01
-1.639080084645735125e-01,-2.707592821104032876e-01
-2.064080806278125735e-01,-3.233913650683490904e-01
1.571261231886047216e-01,-3.516656842725529031e-01
-3.032760442628251174e-01,-3.770534158421769422e-01
-5.891231647157007048e-03,-1.017150162266380609e-01
4.303751562743578507e-01,-2.864169850733842004e-01
-2.363594882179786694e-01,-4.697336438421340632e-01
-1.215375538407613004e-01,-3.481440982992523581e-01
-6.277252302919092974e-01,-1.618491943433061631e-01
2.771704535945340164e-01,3.308138222030700404e-01
-4.200735541698346065e-01,-4.342583369139887406e-01
-6.914293495275204426e-01,2.450518265404115770e-01
4.088786519229561378e-01,3.284924219426159642e-01
5.352579383371971478e-01,2.843648925416753515e-01
3.157589537083785869e-01,-3.406273838331598247e-01
-1.556497933204014916e-01,-1.137125947924133573e+00
1.514446906443550067e-01,-2.629789513970369197e-01
3.591735459736079550e-01,1.713170399590312198e-01
3.943710571893280781e-01,4.288608742460365830e-01
-1.483474933255126138e-01,4.002367673376003299e-02
4.212983449124053648e-01,-4.655620487362455706e-01
3.713018505879378539e-01,-2.670909917324149618e-01
1.533528728063474240e-02,-4.213374731656202576e-01
-5.896714490244221035e-02,1.429208076952176720e-01
7.790020695035815290e-02,-8.668422523788017753e-02
6.177752687941029386e-02,-8.390660231690523496e-02
-2.817359421121551355e-01,4.838573746675603818e-03
4.644581499884709586e-01,-1.718995037772750589e-01
-4.275700549857852084e-01,2.715862826900342086e-01
1.827157859415303176e-01,-1.034299539110582922e+00
-2.337473733453858740e-02,-4.234482702746020233e-01
-8.765931740643154169e-02,-1.445617462927135943e-01
3.602116314094826466e-01,2.436584135298869580e-01
-1.115487835454624932e-01,1.547418663737121919e-02
-1.265410162098527108e-02,-2.972352634428326867e-01
-2.227269418773964171e-01,7.784820977752873739e-02
-3.115083790172522571e-01,-1.263412440922271340e-01
-3.641871962126648765e-01,2.279947359824380237e-01
1.438965265627299983e-01,1.884970979832205074e-01
-2.895194823051684963e-01,-1.241962738205483197e-01
-2.041978396671471074e-01,3.130281444185081252e-01
-8.960893859057635080e-02,-2.239902177497976599e-01
1.643460761808509807e-01,-7.578749933660708371e-02
1.568985206262742127e-01,1.431035878365038982e-01
1.521037175034414823e-01,-1.177027971336869622e-01
-5.158002564359207703e-02,-4.798542101819450734e-01
1.748066795961676634e-01,2.567390741765214757e-01
-1.515826344252536872e-01,2.601903689482353843e-01
-2.674389195667916108e-01,2.465626341031972590e-01
-2.163996562975584459e-01,3.833193271915055766e-01
-3.260278227294573228e-02,-5.183108119111590889e-03
-2.203351177609778888e-01,-2.108058345361386032e-01
3.601563855084787824e-01,-2.603200591811354980e-04
1.124858712181786430e-01,4.458401804945328478e-02
-1.795113783396422025e-01,1.049563297131179407e-01
5.850123034395314503e-02,-3.876280483862407089e-01
-1.024809180288784316e-01,6.690922353594830341e-01
4.162504971806406107e-01,2.038832149894670431e-01
-1.944961889353588880e-01,-7.566095928642544433e-01
-5.688417056853816156e-01,-1.927199878012675893e-01
-1.060212581790947184e-01,-6.655893186486708801e-01
5.200056213055359589e-01,3.175116433370147040e-01
2.759596714507334125e-01,-5.853907339806107002e-01
8.862264322659287041e-02,-1.602701106580229906e-01
6.443509960360821465e-02,-2.270663490762918069e-01
-2.521337721566118684e-01,-4.778621999897756933e-01
2.331280756447664526e-01,-1.675515268459813190e-01
1.381342133594593846e-01,6.317652444662222311e-02
-1.457441464192328340e-01,-2.987804681027497744e-02
-5.355086632833629956e-01,1.964453498788192587e-01
-5.015590113709714748e-01,-2.019132709904635503e-01
-2.302077635377015596e-01,-2.717853854795626578e-01
4.588937676133811872e-01,5.402187024367655077e-01
1.050843962729716280e-01,3.409984412316241498e-01
3.148469037922968505e-01,-3.935197277311398012e-01
2.632454189192336980e-01,1.065595693329303012e-01
-4.476399455858421153e-03,3.100137621008131061e-01
-2.280577569436386398e-01,1.655479506351051067e-01
-3.328272937492895989e-01,2.728771561398158907e-01
-1.873874791714196519e-01,7.107844776728992897e-02
-3.501638578146081260e-01,2.411744925223280045e-01
-1.788297478448434286e-01,-4.574380821827832566e-01
2.644746857551210639e-01,-3.515152569403333649e-01
5.365665487486784846e-01,-3.045650743735842103e-01
-1.929477178505295196e-02,-1.076480210155785072e-01
5.371898858964518388e-03,1.591899261729384438e-02
7.059158071782969945e-02,-4.124109916177082780e-01
6.087052193243783771e-01,4.221724969810910361e-02
-7.187042806891793534e-01,-5.020643358162643066e-01
3.206894204378086255e-01,4.076763787822587290e-03
1.888320375590011591e-01,5.631919929318461859e-01
3.072335468750427845e-01,-5.525210692812105862e-01
2.723458410455856585e-02,-5.105961996954344606e-01
6.678360581819210717e-02,1.615653771653889625e-01
9.905653197249207897e-01,-2.592584496877206601e-01
-9.196732676927181840e-03,-4.764128032339448593e-01
2.359210952651805832e-02,-1.700379791669996699e-01
-3.003416270424366652e-01,4.103906436555848636e-01
-2.690537549685931840e-01,-2.740947190413902668e-01
1.388385408524847875e-01,9.834941952170687951e-02
-4.108008300918192246e-01,-4.934302354889243125e-02
-3.173297988555465188e-01,3.252329992130199160e-02
3.275808459566134645e-01,-1.630167385978709485e-02
-5.900050990557369479e-01,-1.129858273055425882e-01
2.039962433996951596e-01,1.229457180011008927e-01
-2.168327427912028482e-01,-2.457903745525896189e-01
2.091897847818687817e-01,-1.289134727026387539e-01
2.909762275796282105e-01,-3.532978206969521473e-01
1.260279939465126786e-01,2.454759378385948931e-01
-1.046648093723617917e-01,-3.339414252486573864e-01
-1.976240743393043731e-01,-8.207185723320123069e-03
6.785032528412792557e-03,3.090853046284968153e-01
-4.933235236697332271e-02,-3.272117843653085112e-01
-4.106592873501278551e-01,-1.687847569309808976e-02
-3.248902717268003365e-02,1.977513514665790034e-02
-1.134240578951872802e-01,3.633275720813234494e-02
8.819780469862750771e-02,9.555745001353671553e-02
2.634157317473225235e-01,-1.525530984203272711e-01
2.255763491880882488e-01,1.489617659032620445e-01
7.456846584533738387e-02,-4.701763585245631316e-01
1.646813685093667101e-01,3.971549316864297907e-02
3.140275382648302638e-01,-1.522781232569770660e-01
2.753475319553534417e-01,3.940407823150327005e-01
-1.717020420043034457e-01,-4.797847516372644727e-01
-2.633693891695670919e-01,-1.165768372780802004e-01
-3.224113976219264988e-01,-1.604813029720312048e-02
4.062683893913877076e-01,-2.803341482215886485e-02
-5.038766831611887209e-01,-1.045530173167166649e-01
-5.488518999246142505e-01,1.485031842554402903e-01
2.926912908118891044e-01,1.194633992131076544e-01
4.135248527579325067e-02,3.142813939105252863e-01
-9.957691582083469384e-02,-1.834353220704078025e-01
-2.920219367620598416e-01,-1.726957796589708716e-01
4.360201499636837119e-01,-2.595125433454181785e-02
-2.555271549841804379e-01,1.013754638671935826e+00
-2.646711260932602117e-01,-2.300954352979503736e-01
-3.003343085365636211e-01,1.840380272557749219e-01
-3.852724537121927084e-01,5.131290922827816403e-02
2.049705933281701364e-01,-4.123407348308927300e-02
2.081531927129695314e-01,1.745595850129838811e-01
3.948101531582794976e-01,-1.727737137431725745e-01
-2.228891947054854328e-01,-2.209260049239833712e-01
1.757259021055959936e-01,5.102343904718243534e-03
1.778746801436058567e-01,-3.023180407275048998e-01
-2.443624945725588263e-02,-3.607856865755358355e-01
-1.065027915687514898e-01,4.720583082413788989e-01
-2.456723632643673105e-01,3.816091816455831620e-01
8.441255427242100318e-02,5.970596279886251079e-01
1.155666131959935117e-01,-3.877387116556357816e-01
-1.489248106491736223e-01,-4.289417609447454538e-01
-6.306818463011645837e-02,2.049388239966140335e-01
-2.530563262292999660e-01,6.103299370151677589e-02
-6.347089220900326012e-01,-3.470292641681329004e-01
2.211308384292933749e-01,4.940405768721399804e-01
-4.961677190226382317e-01,5.064495172104376275e-01
4.750416171759341277e-01,1.592135777940898722e-01
2.373866495593276657e-02,3.431411423767194435e-01
4.230397763546441814e-01,1.601998811297862813e-01
6.979436952893585122e-01,-1.181771618502286264e-01
8.492472733570431698e-02,8.465113605395577223e-02
-1.456580681198010319e-01,-5.066913753018589262e-01
-1.577249696077814844e-01,3.040202412964267409e-01
1.780951439543871362e-01,1.012419862047425206e-01
2.821878063062133735e-01,-9.130422079598111973e-02
1.965412557221127843e-01,3.192977791643179519e-01
-2.614658512167332693e-01,-1.394132523487080499e-01
-5.071636562557862993e-02,-3.835107785663539604e-01
-6.001873991129331731e-01,-1.406566321465993752e-01
-6.565473470963179015e-01,3.378142170786330167e-01
-3.300642655758009303e-01,1.268334773235317570e-01
1.155527766756644231e-01,-3.793273342180554786e-01
1.727412370134684128e-01,-5.473088645402459651e-01
1.294937728622170825e-01,6.638106001049944860e-01
2.188830965585460975e-01,-3.121081420483049484e-01
-5.809420014589278952e-02,-2.351718090426765592e-02
-6.327091700192652990e-01,-1.820683890102838265e-01
5.816660768647132634e-02,-5.338018026562217910e-01
3.818665131411829727e-01,-2.260164950324917155e-01
-4.817195742606328324e-02,3.960615265347480762e-01
1.379929941883429045e-01,1.160240403569480355e-01
4.491976365896645507e-01,-2.642285498833403246e-01
-1.670263376063133298e-01,4.343784967007123798e-01
-1.297213285812901240e-01,-9.251639252782575817e-02
-2.370487714773846788e-01,2.263817733244569419e-01
2.376738176216304510e-02,-5.472578863219770273e-01
-6.626324454161396371e-01,2.075356433939932188e-01
-1.729270873008344478e-01,2.329267825492351562e-01
6.418900696083439383e-01,-2.191851212305581387e-01
4.020808045158500432e-01,-5.241136631278167091e-01
5.865169784526448327e-01,-2.814596313615112533e-01
-1.486065246252713801e-01,7.812221342673276725e-01
2.491959832701936550e-01,-1.050440945963720119e-01
3.263246995110472559e-01,-2.623830738571361065e-01
-1.671109847598146458e-01,-1.906606760848394144e-01
-3.993801821925421214e-01,-4.268905607197019947e-01
-3.014980843655945889e-02,1.786262129292195133e-01
6.819260481125039020e-02,2.610773128064365969e-02
-1.503897047940090659e-02,-2.183172261175742590e-01
-8.214994393510151316e-02,-3.236781959551789933e-01
5.802897266172694218e-02,-5.984942357610407715e-01
2.644054321684852771e-01,-1.809472159799183355e-01
1.319724978775108915e-01,-6.882850117042200733e-01
4.581403939535847458e-01,-5.153737061946911391e-02
-1.363343617563582411e-01,-1.936486902657352099e-02
-7.447469367164660792e-02,1.570494199199403904e-02
1.897594347261505332e-01,-5.175733238069964853e-02
2.065975894997071072e-01,1.580909048404121053e-01
-3.688391642002495918e-01,-5.028804956522969771e-01
5.221471501151578876e-01,1.002015069228287709e-02
-1.648109853682019621e-01,1.260185185002596076e-01
-4.999759835924995621e-01,-5.652043564582183155e-01
-1.461317234791169872e-01,1.633519983103654816e-01
5.302110139427637647e-02,6.386336901678704714e-02
2.589656122184189613e-01,5.450907011084092924e-01
-1.657475865608667720e-01,4.456113932163303926e-02
3.866719344684051984e-01,-3.664523730586494166e-01
2.426210484909244874e-02,2.191200657322968717e-02
-3.082959981082640799e-01,6.096571645661198469e-01
3.887258795039164050e-01,2.861178776919738320e-01
4.516471323141215549e-02,2.389424543810053092e-01
-5.125115530701053190e-01,2.008905054519348754e-01
5.185526208862045044e-02,-9.040074431497487906e-01
1.206170215198849732e-01,-2.676779854272782755e-01
1.762283273912454706e-01,2.750031509463425894e-01
6.868332206900831238e-01,9.059880556056107426e-02
7.730717904856047040e-01,1.926235298487305181e-01
9.516300385385446925e-02,-2.041674626762763900e-01
-4.436767632159436259e-01,3.491739954634912602e-01
-2.948276648594610472e-01,1.517748285910711370e-01
-1.776053318666778180e-01,-4.780275252056076507e-02
1.892166820409896810e-01,-2.576134413392232592e-01
-3.830550865030716845e-01,-1.988494153203025638e-01
2.750509137366309309e-01,-1.744427610249806582e-01
1.749385795929664922e-01,-1.774099003175768074e-01
5.814940476234303074e-02,1.012996275782054728e-01
-4.432538082232642673e-01,1.704484415597343552e-02
-4.826989349619742464e-02,-6.606525353864067807e-01
1.886234296552533884e-01,3.088311867120523135e-02
4.612387086226382160e-01,1.307872960549863808e-02
1.902478443717717516e-01,5.306222797491024767e-01
-2.849822420126452496e-02,1.080973810169951616e-01
-1.616080709939168580e-01,-3.281299843402966654e-01
-2.848892368242060893e-02,1.228939429239492426e-01
2.965566270733975829e-01,7.246406487491494630e-01
-2.749350751863177678e-01,6.281804332103587685e-01
-6.580991028689681110e-02,-1.022000096411858905e-01
-2.498283775681326147e-01,1.736489065919312458e-01
2.755190426209247478e-01,-1.021875554335170133e-01
2.482006577631151734e-01,8.551248675617512118e-02
4.651913950639386952e-01,-2.390661737444541024e-01
1.481341578870520592e-01,9.740610881016546763e-02
-2.377960853870399183e-01,3.952862775583232402e-01
5.669414039352085322e-01,-4.585751698701875934e-01
-3.135151719196065945e-01,7.811079950954254170e-02
3.503596589519818449e-01,-3.276731568577173626e-01
-7.139903387111987687e-01,-2.346474114602672967e-01
1.823827089705262472e-01,-1.625917694832074850e-02
-4.216572453776752383e-01,-1.443377094335351052e-01
1.909586502124640262e-01,-4.932906480510102498e-01
6.846498144629440397e-01,1.117509394625724600e-01
1.853693313916368046e-01,-7.854976595791606647e-03
-2.568937198130825661e-01,1.791264796284459948e-01
-1.569183508861750898e-01,-6.581588963873703790e-02
2.387848711516471212e-01,1.061143094618803850e-01
4.116718783068845644e-01,-1.164233360277282664e-01
1.522787246903291314e-01,1.077232654254504235e-01
-7.156974933579518527e-01,-5.960645899989245322e-01
-5.983029888030308996e-01,2.044362872535819831e-01
-1.932370380436098933e-01,8.215078717096636896e-02
4.814241155460876054e-01,-3.022355303582583211e-02
-1.081982557911577297e-01,-2.578406296666814757e-01
3.281654250691323216e-01,-5.173120544554821176e-01
-1.048271367984556467e-02,1.673302466568277747e-01
-4.560845745091600123e-01,-7.650457722948629524e-02
-1.028680898572094243e-01,-4.321343821803443341e-01
-1.971034498447303274e-01,-2.519759262382907997e-02
-2.073524751864306015e-01,4.463824846531320167e-01
-1.900710144868340834e-01,5.247583122857802929e-01
-2.399837031011358146e-01,-7.461592828669781630e-02
8.895306516507113515e-02,-2.079607764998134822e-01
-1.108755636064176070e-01,-3.211037150977517907e-02
-7.960365937103945633e-02,-5.127202877899462719e-01
-1.494228163689653166e-01,-6.185143166243339125e-02
1.579414045148477275e-01,1.357064811832778550e-01
2.008477018227401711e-01,-5.352164113376132182e-01
-2.889864230299852288e-01,-2.689282230796207623e-02
1.739052563440795368e-02,9.042640183551813038e-02
-6.964784047528255195e-02,2.520207132907977821e-01
-1.308397338185295633e-01,6.840550368367808165e-01
2.243364109344687385e-01,-3.969550863420705511e-01
2.369375443059374697e-01,-1.144436375202574352e-01
2.742261725204021561e-01,9.314865658304541385e-02
-2.990033968150818122e-01,-2.186979076085118490e-01
5.427786529113681757e-01,-2.264796826777902838e-01
3.093597203300879062e-01,-8.104247807903459666e-01
-3.395891307945524407e-01,-2.830887175539486753e-02
-1.044685967551905459e-01,-8.726357934477095568e-02
5.266727303678050282e-02,-7.286013222178849835e-02
-3.258777319632493175e-01,1.523376784448225371e-02
3.005344387737649559e-01,-2.077319307127350190e-01
-4.906520004642105914e-01,-5.924213841393239921e-01
-9.325544818404785108e-02,2.402455253230749155e-01
-1.912464405170180848e-01,-4.386642980941134473e-01
-5.966354310678497613e-02,1.012884360126184852e-01
-5.086579436798954745e-01,8.260413345535969065e-02
3.100559198159424934e-01,-2.491631777262919012e-01
4.060410822940028752e-01,-8.064208306147302441e-02
-4.625802303603581134e-01,7.145942908928112208e-03
-1.307789208457124375e-01,-5.807933091470536269e-01
8.073545192802523696e-01,-9.093349917134896376e-02
-1.552198617229300914e-01,1.698594768919620968e-01
-5.701858886136315085e-01,-2.366240628962221482e-01
-5.226666673842170763e-01,2.225021023620263327e-01
-4.045555290232016876e-01,3.829724757940462104e-02
-8.234422126698302813e-03,2.394828770606606261e-01
2.603486179377448306e-01,-6.806487739516637880e-01
6.046769656141979254e-01,-3.894716563086320082e-01
-1.397265152988591830e-01,1.820011253095771969e-02
2.480849884919226686e-02,-9.130805522770591987e-01
6.547684057180451767e-01,6.809300097008801345e-01
9.554071087384276295e-02,-6.606212998327548602e-02
3.416774001161355101e-01,-2.005158875702345855e-01
-6.776602888438811867e-01,-2.027337006539557673e-01
1.503317856004931785e-01,-8.115011241759562122e-02
9.871397175362280063e-02,2.680798847054095546e-01
3.477945834673326631e-01,8.440358047124936480e-02
-3.902698109190314013e-01,9.027177694952002174e-01
2.006762166777358858e-01,-1.002200540059393439e-03
2.657908014651647610e-01,8.197237753349953526e-02
5.417846761566013081e-01,1.646060291063608794e-01
-3.060507221555847524e-03,1.344030731265877521e-01
2.213063047727521770e-01,4.278817832418194134e-01
2.095346206147297718e-01,4.558562131872411216e-01
-2.243806606237416512e-01,5.634440040552220891e-02
-2.424714489485300384e-01,2.344520057252778567e-01
-2.744313820733561560e-01,4.106675087609970229e-03
2.946578938067330178e-01,-1.637413207066769627e-01
4.691154964191530108e-01,1.945308603447300499e-01
1.605219050804607139e-01,1.711010354256868871e-01
7.484928001429679012e-02,3.186016363386431210e-02
3.649442372533834855e-01,-2.227348130595545872e-01
2.850915934130405782e-01,-4.270112648725068460e-01
-2.358405372694681590e-02,2.347706553654805295e-01
4.738230789761802009e-01,1.903365339877395590e-01
-4.891271830489773292e-02,-2.871189911285050855e-01
3.353020977580121742e-01,5.070465728516534432e-01
4.304118522310753647e-01,1.097381792449349663e-01
7.365038598148599958e-01,8.593243105054503006e-02
5.760956918517444632e-03,-2.420436374635293875e-01
-3.450765588122082783e-01,1.352244344790408115e-01
-1.350266974584118373e-01,8.591885871148964293e-01
6.725425508011063647e-01,-3.244556160572334980e-01
5.733250015926888432e-01,-1.992096110621291438e-01
-2.389212385812871375e-01,3.554213849002239578e-01
-1.092950199979447617e-01,-3.140582689676521544e-01
2.314185518872633462e-01,-2.353166918918887796e-01
3.475491627851091253e-02,-6.068186027166315721e-01
2.551865289198309780e-03,5.901890825561111054e-02
-6.695257280078006357e-01,-4.087297178044309587e-01
-2.509299463189589852e-01,-3.624075566572291240e-01
-5.044890326778216361e-01,1.832393443429519153e-01
4.965086466080590455e-01,2.327078745607703558e-01
-1.683415088156996198e-01,5.461604688424276377e-01
5.333698913313052181e-02,-3.606559926762579193e-01
-1.130089761658654851e-01,2.177266734312789109e-01
1.523453022407486035e-01,-2.447261756217668782e-01
-4.800614111194788647e-01,-1.761364389956071308e-01
6.455597483101305212e-01,3.028093671631705286e-01
1.370859584071763282e-01,6.037056315323936495e-01
-5.970289537178419259e-01,1.856368041103826361e-01
-4.578840892020175773e-02,3.921758744125134477e-01
3.642329869682382759e-02,-1.201324855744208275e-02
-9.365089873030595091e-02,3.156009180489626753e-01
1.484439963260322792e-01,-9.284672537345273202e-03
4.762079815073606837e-02,-3.113426517822041606e-01
-3.150597002639514699e-01,4.408982296317455196e-01
5.125628858505764107e-01,-1.749356374143458404e-01
-2.718888274829452945e-01,2.013237720982552215e-01
-3.945172336983622796e-01,-3.350029890215233674e-02
3.679228055925245350e-02,1.559458753110357261e-02
-5.189853334821387110e-01,2.363627755816369858e-01
-3.391252501362729266e-01,-4.765521396430579260e-01
1.607997995255896484e-01,-9.863324897754656428e-02
5.120222383143417932e-01,2.038399918260620780e-01
1.512239095602477823e-01,1.006541171841793779e-02
-3.494221633701347779e-02,-8.885401638777298827e-02
-4.512610146771345310e-01,5.814763538216836114e-01
1.016443403502203413e+00,2.034257393711980111e-01
2.635406757115809073e-01,-7.576675737081172146e-01
-3.852226178896731718e-02,-1.639965873806113472e-01
-1.418441186991516167e-01,1.796778038015844348e-01
-3.168316359707991359e-02,-2.744321230062484254e-02
2.992663671151743476e-01,-1.066820857971281095e-01
4.838122388018368802e-01,4.475361966409239778e-01
4.140688100487752155e-02,1.800796093022739297e-01
2.873486500051677939e-01,-4.129025884130307911e-01
5.292113730613531852e-02,-3.151045776872926640e-01
2.333066473197260848e-02,-8.438412371591956507e-02
2.933239838403748911e-01,-2.730987073219372507e-01
2.473593975307831344e-02,-7.802638871531071552e-02
-1.401381105327810794e-01,2.825964923440800192e-01
1.214694611460991058e-01,1.502338439782253433e-02
-3.412073592758061991e-01,1.573486230314368739e-01
3.415920099596803094e-01,-4.001825761302648665e-01
-3.557222028384099954e-01,-3.204225754252425229e-02
-6.577823934911075643e-02,3.779122661470949440e-01
4.798470553608019662e-01,3.951904956014768433e-01
1.024564028184569570e-01,-2.832632006807084823e-01
-4.021135681765672376e-01,3.280515596584073212e-01
-4.655913517959676118e-01,6.297325912471336828e-02
2.537432195531464929e-01,-1.537019204327738919e-01
-3.164398020193632255e-01,-1.517713972468866801e-01
3.943131188868498338e-02,3.725972267788881798e-01
2.891153714118387952e-01,1.577575865588239645e-01
9.273949715915723313e-02,1.362641780986784124e-02
2.013300400900353559e-01,1.333976572126732707e-02
1.629012130647850831e-01,1.196434224023877335e-01
1.571789391209353071e-01,1.295347538403050225e-01
-9.491109733804158066e-02,-6.061495579889741858e-01
-2.290120438028976357e-01,3.848409995352302659e-01
3.978879502637784893e-01,-6.925240215457271198e-01
2.483527455532223427e-01,-6.780038392473133890e-02
-1.826049984779608976e-02,-2.675586930281638742e-01
-4.320757004680984004e-01,-4.439403157317334814e-01
-4.996254281070878767e-01,4.038253260988848049e-03
3.126065003486242500e-01,-2.811722790735143862e-01
4.465882679915056941e-01,2.365091731092227034e-01
-5.661167468719286999e-01,-2.760287048088811979e-01
3.677405576051735042e-02,-7.933784914477805261e-02
9.422140417891727848e-02,-2.027633543840343944e-01
-3.261171787847812475e-01,-2.140883643673701098e-01
-1.746730451165482978e-01,-3.470802262288950057e-01
-2.349962880994096726e-01,-1.937318974544659789e-01
-7.157776618818845193e-02,1.961672296544491878e-01
-1.644675187956677609e-01,-1.037606598775114852e-01
4.195341182032225058e-01,6.631161690691991240e-01
4.508984885416753019e-01,7.580168039915322065e-02
5.362299190297336038e-01,-2.881185063124416801e-01
3.116858133036956024e-01,6.275475018910571245e-01
1.706370412159411917e-02,-2.556057809720206353e-01
2.311355155682008888e-01,-1.529730371642545883e-01
1.137675222604619951e-01,3.558473439876837507e-01
7.307071440147706529e-03,2.808370863346525970e-01
-2.684009188060457740e-01,-2.772366620473980595e-02
3.115822541942239177e-01,5.152020446970190237e-01
1.157245509525350532e-02,-4.986917812087902080e-01
5.404001508047404090e-02,3.321370418155487197e-02
-2.078031143125478042e-01,-1.655488494781856001e-01
-3.097248225876275129e-01,-4.059908661059692947e-01
-2.718414479621505397e-01,-1.032071090604127772e-01
-1.977015691985558876e-01,-9.890406366488384282e-02
-1.565402787648879634e-01,9.277762692500771124e-02
-1.887240331136396942e-01,-1.260360631258512221e-01
8.167271944855700738e-01,-2.060263361872936849e-01
8.415727158255678630e-02,1.415934091175730658e-01
-1.592434443187587256e-01,5.846049947396221580e-02
-2.826271001509255698e-01,-5.189311038284109140e-02
3.372178305125926312e-01,-6.043923854959082353e-02
4.005655602284790007e-01,1.112433285692945445e-01
1.944698187033692682e-01,-9.819985936268528504e-02
-3.579707128170804276e-01,-1.816038146622171445e-01
1.716804744247402981e-01,2.175208606548164059e-01
3.666372422918552643e-02,4.482279010441780343e-01
3.424514587098036467e-01,1.229174921417477973e-01
-7.313429815870852169e-01,-9.574765235812612851e-02
-4.066885256671188831e-01,7.478476948811467462e-02
2.402929126866384657e-01,3.599982490117753509e-01
4.094470060883823731e-02,8.458617890818426188e-02
2.522570885305256902e-02,-2.368622186032970922e-01
-2.478352853670175437e-01,-9.218878109391632769e-01
2.516452773989749647e-01,5.057805271981189454e-01
9.104006783059788444e-02,3.463659104618962425e-01
1.912295652340874688e-02,1.292240473665735578e-01
-2.474628587443351291e-01,4.499149122317847582e-01
-2.606834839628335843e-01,4.554997929785345456e-02
5.295351529773620891e-01,-2.658012338603569225e-01
1.728330515955757429e-01,6.644089058615564314e-01
2.079099902178593307e-01,1.443313223120541722e-01
3.516009946347971038e-01,-4.006175197775870833e-01
1.456476887839694145e-01,2.924783095352617157e-01
8.695481434661848918e-02,5.789683931084951135e-02
-4.254315649850536757e-02,-3.751395440460885897e-03
-1.525810118779963587e-01,2.398301713113604461e-01
2.587382148722743858e-01,6.439071441239912867e-03
-1.237446274204219016e-01,-2.317617313334909834e-01
4.139407529533565833e-01,1.486893984251744238e-02
1.810539403924680060e-02,-2.788617849950326688e-01
-1.492636452335932007e-01,1.169457917901159660e-01
1.377147697364397017e-01,1.614417648901956270e-01
-1.273080397814104481e-01,-2.762941416777981440e-01
2.400154723087872255e-01,-8.061492286537291774e-02
1.563105131420109428e-01,-2.865962640565409419e-02
3.410741220199767221e-01,3.405972008119196870e-01
-1.170697314591772342e-01,-3.074802348629933259e-03
3.200417762065634886e-01,-6.587755019901765374e-01
1.025119479164447595e-01,-9.580935891148315009e-02
6.252299466803154515e-02,-2.990977739345421216e-01
3.329986711709277958e-01,-2.761001034228052070e-02
-1.018821465167784324e-01,-4.314738896248473399e-01
7.241407888940845083e-01,-3.944392692585082516e-01
5.072410382721430633e-01,-9.602144639528857606e-02
6.908722695968432248e-01,-4.393138720067308323e-01
1.303126496146157220e-01,-1.404978590143030892e-01
8.102123672168388968e-02,9.812980547839156298e-01
-4.516187755814142779e-01,-1.863619143433709602e-01
-2.489767831682038746e-01,-2.913915023503717630e-02
-4.352021992970956377e-01,2.408611150125926637e-01
-8.981146373796773663e-02,-2.504214076109866904e-01
5.465199968071324937e-02,-2.087125950592283730e-01
-1.655720963796675216e-01,-1.222004293846405340e-02
3.220314023258933345e-01,-2.335394077286155057e-01
5.266495221974907270e-01,1.242655287203706244e-01
-2.887124331437106450e-01,-5.114779324460212891e-03
-1.448493771117893292e-01,-1.204920064204722391e-01
2.265752477973733414e-01,1.150766791173393061e-01
-3.696444684509131995e-01,-1.652238681656899022e-01
5.155600459052575024e-01,1.558831047098657996e-01
-2.950997618781511234e-01,3.409608803798325205e-02
-7.354389621484919148e-02,8.153984349787180008e-02
-6.657595516829840736e-03,-1.909923825420284105e-01
-3.839943882540425291e-01,-8.060724253130488459e-02
3.669416994374199992e-02,2.814791704215561241e-01
2.153907400832479890e-01,-7.103554895876141861e-01
1.133183396534202386e-01,3.912074534269914805e-01
-2.676628540978940873e-01,-3.522177417099632835e-01
-2.984143126678676095e-02,-5.320493640740403540e-01
-6.481670538547351645e-02,1.251956244448318434e-01
-3.642360882380236281e-02,-4.327087375651297863e-01
-7.727860559616203662e-02,-5.507621873733311579e-01
5.926394655556401631e-02,-1.911215019372540513e-01
-5.792094572223205340e-01,-8.972769678297717877e-02
1.560046556314551580e-01,-1.996052925676275736e-01
-1.934810377979273924e-02,-1.085932936577343327e-01
-7.804731746959645000e-02,2.572474948552899709e-01
-2.781072361102149837e-01,3.873506728900060758e-01
-1.346344017969816897e-01,-9.570434258241977341e-03
3.523405907377947233e-01,5.047822069105635245e-01
6.100983169012755974e-02,-2.529197170289815833e-01
-3.594371065526436593e-01,-2.038022957614248898e-01
8.491190293675132672e-02,-6.177440550357240490e-01
-5.388679976253225867e-02,-2.424944400581355575e-01
-1.032612821876639636e-01,-2.763607018576234031e-01
4.469040826949147727e-01,-3.559386262453583805e-01
4.343753487427102211e-01,4.441866349772912587e-02
-1.096726763627078743e-01,-5.762511210833891617e-01
-2.185798823370832533e-01,3.569290279597395754e-01
-3.847860866436274008e-01,-1.135757463895078340e-02
-2.484790553959173032e-01,-2.310959408897874101e-01
1.790155777412842653e-01,-7.727631579104579096e-01
7.116000880612283197e-02,-1.408460040453780593e-01
-4.524107946890388865e-01,-3.058291341758910889e-02
-4.170089283168409988e-01,-2.061096170330375399e-01
-3.869826710671482317e-01,-7.238667043963115111e-01
-1.918059376818981310e-01,-2.796413755950148960e-01
-4.452851219683140460e-01,8.588286350171625561e-02
-1.407919844276439569e-01,-5.795363632379286339e-02
1.522431876671769824e-01,3.775059934121314797e-01
-1.482590840421139089e-01,-3.893425160807199026e-01
-3.696263415418139520e-01,1.896484978939220467e-01
-3.540036721542428877e-01,2.783825220972591663e-01
2.481429282462521424e-01,-1.173474507955368645e-01
-2.773294724754021279e-01,3.905490211571936987e-01
-2.749939635589684905e-01,1.050373341578701991e-01
1.632793044086253420e-01,-3.841342488656670356e-02
3.482585503982302821e-01,-5.896868836176678563e-01
9.489195658916781129e-02,-1.026701046225214110e-02
-2.542688242471730087e-01,1.702174280986767652e-01
-4.237735680180964581e-01,-4.317870306293094540e-01
3.759406307822410476e-01,-5.095825566250618277e-02
-4.365360371682019958e-01,2.208297270588751582e-01
-6.224888715570918718e-01,-3.174417273848394450e-01
5.848142417024271983e-02,-3.991748365932447362e-02
1.982872041137836994e-02,4.249639561088439099e-02
8.046890970660836029e-02,1.692635058250089308e-01
-1.894498231412978795e-01,-3.282061460382956763e-01
-6.967374368357151515e-02,5.830589543694336685e-02
4.299851741051951559e-01,-3.614370989707265114e-01
1.710223465673222643e-01,1.789518036260343281e-01
6.177971928492642650e-01,-3.496025423270614912e-02
4.353664133292907135e-01,3.705469883355013566e-02
-6.683111362680624890e-01,-8.310501050039711401e-01
-9.105451225582539276e-02,6.031382636969059158e-02
-6.487892997507008208e-02,-2.684996925744126406e-02
1.451746020866758469e-01,6.013865289221179689e-01
-5.629221511780894138e-01,3.354921463594950914e-01
-4.884299352055077592e-01,-1.253542302971557831e-01
1.771386527202087890e-01,3.094533260288038212e-01
9.175303387201838579e-01,-3.942111290743112728e-01
-5.346660198429377120e-01,1.682160661409925484e-01
6.871727871705167467e-02,-3.326937364356237214e-01
-6.558750251125207431e-02,6.689792861422261261e-01
1.155623740688652978e-01,4.775229912552746980e-01
4.032617986183065772e-01,2.051384868496708425e-01
6.309281335100737353e-02,-2.119196291560689061e-01
-1.311866097075581328e-01,-2.654307219764098225e-01
-1.077841333598378165e-01,2.322276022725856814e-01
1.127539531735091000e-01,1.644240378433241001e-01
-5.180264706782761186e-02,-1.577498700298434198e-01
-1.667264479158225010e-01,2.243969823971522226e-01
-2.757510312020780008e-01,6.315014812119483512e-02
-2.759038067541406125e-01,-2.979521621323732439e-01
4.857691230885064493e-01,8.306276096702955303e-02
6.851894977549098653e-02,-3.160318515380851623e-01
-5.676721039549399439e-01,-1.751614553704981536e-01
2.750585911686856955e-01,-4.163952383827733694e-01
9.819316488650980945e-02,1.644534798742963988e-01
-1.837530470712004649e-01,-2.282045621100698141e-01
3.482184304919117013e-01,-1.180358351921341475e-01
3.364410457037935176e-01,-1.507895302648006031e-01
5.940775440354942316e-02,2.971812597725717042e-01
3.177346854418321431e-01,1.602690356864846788e-01
-3.446375432224265678e-01,-8.447485128640173924e-02
-1.344151753854505860e-01,7.022270207111105944e-02
3.076081958830227947e-01,2.340437634579852488e-01
-1.731203596430150662e-02,-1.256753392388080259e-01
1.209830016014320359e-03,-3.371279560592757574e-01
-3.178215099246349817e-01,2.033498197874900881e-01
4.280042079374829500e-01,4.132492983504114648e-01
1.422683035781569238e-01,4.263954011229427743e-01
3.458840153792854255e-01,4.752685448204105878e-01
2.249987877248276619e-02,-2.785600830479569856e-01
1.853562141484659531e-01,2.744162339375009196e-01
2.196133608494991660e-02,-7.533425295650712783e-02
-2.752096470536145034e-01,1.368247042887809906e-01
-5.443819570963837062e-01,3.082741720183894696e-01
9.299484196896892763e-02,8.566096111016733294e-01
2.374861516752131696e-02,-4.044534095568561027e-01
7.277571219025347204e-02,3.628152806866635216e-01
9.875924928151447180e-02,-1.780711481752123848e-01
4.487531179116793778e-01,3.007611998369657536e-01
1.701088916241385446e-02,-7.170140720133404144e-02
7.973871826983482125e-02,-5.701839085518305150e-02
-1.303085508035625208e-02,-2.550663756577629671e-01
-3.506251397198505981e-01,9.166512043261849652e-01
-8.122736764989992031e-02,-4.100631176281392953e-01
-5.539631811990869403e-01,1.731093696514433844e-01
-4.651157855008959952e-01,-9.901150850306197904e-02
7.868872994757560024e-03,3.394621933775682776e-01
-6.734215119396904647e-01,-1.194948268368513505e-01
7.720235868779263821e-01,5.433109303357245290e-01
4.543349538716022762e-01,-2.491643810964619399e-01
-1.231908203151866193e-01,2.240384846722026646e-01
-3.729586590944420355e-01,-5.089635052371320745e-01
-1.125072291455470885e-01,1.929035853589467497e-01
1.725531097126901670e-01,2.442076969776166007e-01
1.185558202062320654e-01,2.920723662650162589e-01
-9.085009928972502535e-02,-9.195622655765332831e-02
6.619829121073440847e-02,-4.227376182348931977e-01
-7.849914485277702941e-03,-3.089920905188203171e-01
-9.346854798756970562e-02,3.658034058739537131e-01
2.186570312275033512e-01,5.965834857930419483e-02
-2.427081901291367472e-01,4.327325526862551008e-01
-2.171479744236314569e-01,6.910616084137721771e-02
-4.321127859764458679e-01,8.938715679295877736e-02
1.343610139805297421e-01,3.429733431334756055e-01
2.911105898316232454e-01,-8.764783472160385391e-02
1.123430094253111827e-01,2.660546635117965186e-01
3.716753285733642720e-01,2.522451945564459508e-01
6.341902768767920806e-04,2.051805604696737423e-02
-1.431744721634462258e-01,-2.667087681091826878e-03
-7.050510775100652383e-01,-3.834346704307421971e-01
4.394283108003648186e-01,1.669617927857927620e-01
-3.891372217292845548e-01,-3.487414438433863312e-02
-5.772657927946109879e-01,5.090393640369741401e-01
-5.837819608893040080e-01,1.631937707786720038e-01
2.688360019164821590e-01,-5.567986498377511806e-01
2.246121696043301141e-01,4.998599848240125043e-01
2.409522588097290918e-01,2.627002372381095907e-01
3.022370635018974960e-01,-5.498986025409059453e-01
4.134100382374096827e-01,7.336080901477786548e-03
9.580445300434990707e-02,-1.030671347681463013e-01
-2.400792423125687122e-02,5.988614395245239752e-01
1.290378966993644128e-01,-3.056591361271799312e-01
2.862952344738045607e-01,1.792053306020225389e-01
-1.584881444097576142e-01,2.510109854800482987e-01
2.676016701884280716e-02,3.174350588857817734e-01
2.720262390927853935e-01,-3.711495890268022846e-01
-9.063605835204704975e-02,8.277482290585878866e-02
-7.421072202642322972e-03,-1.612372257169210343e-01
-4.666198637216739109e-01,1.290815170684282143e-01
-2.991404850134749948e-03,2.617903542051102095e-01
-6.090905633773238681e-02,6.236554936408345018e-03
-9.106787471312724480e-02,-4.149471355953983087e-01
-2.884163775665620211e-01,-7.784214768889705094e-02
1.581095846180118059e-01,-1.473208282016110759e-01
1.947128441200392801e-01,1.050898400864499621e-01
-6.444970258572604860e-02,-3.915999599069070469e-01
-2.754036549758128172e-01,3.919224154428768148e-01
3.448673138003433558e-01,-7.970643020637713239e-02
-1.365097833311157971e-01,3.954994964573076976e-01
-4.425392269771791925e-02,-6.184061455183499367e-01
-4.639143551820112954e-02,-1.615468436639231065e-01
5.447079344970500170e-01,2.530918902733327314e-01
-7.925749797247708117e-02,2.974208478417366130e-01
4.726989402095230774e-01,-2.949919012053982548e-01
-7.592333288307053785e-01,-6.658720838350880022e-01
3.011943315178123859e-01,1.808510408268163561e-01
4.474263289214534117e-02,-4.570267248113117908e-01
7.495030690337080304e-02,-4.348373864974524605e-01
-2.133545727023069549e-01,-3.691061277991710687e-01
-3.634653516563343123e-01,1.925161514132791296e-01
4.731714861586931720e-03,2.884242763372835139e-01
1.019088864361722760e-02,2.123648589738639514e-01
7.131453801098627254e-01,-4.516998883310706647e-01
1.447016183500954567e-01,-5.082833652991968626e-02
3.139602065137565567e-01,-5.071439536676053406e-01
1.218601934743118315e-01,-4.091017475552575361e-02
-9.480798085733849190e-02,5.855295172169860951e-01
-2.690705747618629129e-01,2.894518033635454235e-01
-3.186660755025158553e-01,-1.210634667933710301e-01
-6.965919799305082816e-02,-5.450121462341874778e-01
-1.478149191285538788e-01,1.683847586668811569e-01
-3.903114202057770404e-02,1.686725319676087020e-01
-6.334713292973207510e-01,-3.681985553413760770e-01
2.266496766553003084e-01,-2.156630812311637058e-01
-1.743398545985027914e-01,-1.849953143536319233e-01
9.623949482940385991e-02,-1.404377090844561304e-01
-9.906204811742737315e-02,1.719979630063582510e-01
-6.016702312757571391e-02,-2.943143628611866736e-01
-5.890845029831190405e-02,-1.177014131313075668e-01
4.650155137404414774e-01,-1.744528505192034507e-01
4.111748170953346410e-02,-2.001918378304879953e-01
-3.428365997107631347e-01,-7.996764490217812549e-01
-2.656539767219440185e-01,-1.220675417515951072e-01
-1.859165603715650927e-01,3.090325834544562222e-01
1.217848017775519931e-01,2.433683150138747642e-02
1.264969404823528543e-01,1.525617183260259413e-01
-2.311853586365339441e-01,4.828356322148529001e-02
5.835428807963248532e-02,-7.116853124156138355e-01
-3.939688967037469070e-01,3.111864202448108921e-02
-8.704622425456615131e-02,1.267730758734892660e-01
-2.567877891993693429e-01,1.262674278859777718e-02
-1.831710541056545405e-01,2.272150966873283939e-01
6.250321270238859417e-02,4.871299289086622464e-02
5.815437803760614005e-02,1.969552786425622370e-01
-7.903364366932105756e-02,-3.967128005026250848e-01
2.889250380424814371e-03,-1.633010537020516684e-01
-4.504185993181381575e-01,1.939746824549422322e-01
1.537799678064525610e-01,-5.442827667561521698e-01
1.604714425690914326e-01,-2.695367903255384001e-01
-5.307892500569582062e-01,1.466820899025293445e-01
6.479403438957632988e-02,1.664675395377933076e-01
1.624139055097086892e-01,3.882029058253481102e-01
2.066970233024295958e-02,2.159538175291484119e-01
1.138331522985742278e-01,1.558109400504765485e-01
-1.932052362060249218e-02,2.526549877532506261e-01
2.719019801133860104e-01,4.491727574717401805e-01
7.028699798479836058e-01,-1.656645019683567754e-01
2.897496267454270913e-01,5.326531602528780107e-01
-1.211859139408743256e-02,4.329004541847125687e-01
-6.032499448883147375e-01,1.568111099451830748e-01
3.627823070813828155e-01,-1.663955114333188698e-02
-4.250909701136471597e-01,-3.111546641885787334e-01
1.835416948463720055e-01,1.011966941923710395e-01
1.715322536025177258e-01,-3.522295858760288723e-01
6.518203634586106077e-02,-5.694689404889519135e-01
-6.996055015042081104e-02,2.647797786688051991e-01
6.878553104896506509e-01,-3.243162715220955783e-01
7.091990859423265015e-01,-1.111909837044373628e-01
3.011616020719522502e-01,-8.442856296263927252e-02
2.974483308112669810e-01,5.546700260751572659e-02
-3.780210280524028965e-01,5.134590385559297809e-01
5.030287765954225554e-01,-2.558183334426596955e-01
-7.280301608827262350e-02,9.098206585229183796e-01
-5.320732033626864865e-01,-5.251677740798894600e-01
1.272805802055759494e-01,-8.284032099493324197e-02
4.855654726549177846e-01,8.194589572800015098e-02
-4.712454021568749929e-01,-4.246106212953232872e-01
2.495095364439697538e-01,3.971809383306155739e-01
-4.292087241022979338e-01,-1.622174764464818231e-01
4.899746765549116145e-01,-4.837137412406553594e-01
-1.496260510679195965e-01,-2.538884985228179181e-01
2.817027885153358113e-01,5.504749172958997017e-01
3.446273767242085673e-01,-6.732143992719774594e-02
8.901225130352535819e-02,-1.584955797166700819e-01
-4.168942554718572113e-01,-2.457053961901808636e-01
6.779985916840568227e-02,2.412908277198277385e-01
-2.249371514857887167e-01,3.544189940059481181e-01
4.235315485654168044e-01,3.701029262743413817e-01
6.853027083286274135e-02,-1.961721817576028981e-01
-8.041842184800593665e-03,1.186476942739289608e-01
1.121957612758209960e-02,6.991974447660798120e-01
5.945941398638719677e-02,-3.109106986401595218e-01
-6.809188456707267190e-02,2.347034546657055798e-01
-2.795915380135234884e-01,-3.269186712932509731e-01
-1.465371765340432453e-01,-5.081992204916716549e-01
-6.112358401701233762e-02,-3.123614741389282856e-01
6.863636373061068330e-01,-2.037787632414160555e-01
6.028794567989113062e-01,1.184815412328604593e-02
4.116733864346575067e-02,2.192614070429056011e-02
-1.497938183582117055e-01,1.847524639063767571e-01
-1.408814303924329769e-01,9.507683254693349850e-02
-1.341963336858280065e-01,-4.357887558688630092e-01
-4.682729768914082463e-02,-3.208091272690359874e-01
6.507810284534372158e-01,-1.692394308957573812e-01
-3.651515184490641830e-02,-5.115060435911839010e-01
-2.453985598219153297e-01,1.558459049487041226e-01
-2.589163338017806959e-01,-1.994558918848566564e-01
1.350543944074936720e-01,2.237533911668192488e-01
5.240785170728697873e-01,3.741498434938302919e-01
1.402022543847043223e-01,-5.681877547253264514e-03
2.597838539167219851e-01,3.251183059763197991e-01
1.452594086538420703e-01,-3.239198606534099412e-02
5.504648046549951435e-01,-5.501805519541148604e-01
-1.155638565418899560e-01,-1.141829300231446825e-01
1.231177353313729905e-01,3.453303853750965685e-02
-1.204719535263959751e-01,-3.870219840402581712e-01
3.899981666323915075e-01,2.652532020737856655e-01
5.139784209609181698e-01,-6.720845064685676551e-02
-2.390392492555832582e-01,6.595852934958328362e-01
-4.977508156837206488e-01,-2.252188670860639508e-01
3.662475459442604726e-03,2.212731864893513478e-01
4.648041185024352762e-02,1.672746272695466441e-01
-2.482965575679687564e-01,7.583253339239186958e-04
-7.934690054978916773e-01,2.991573940939139531e-01
1.726897651532689482e-01,7.437860878786867191e-01
-1.672534979233783747e-01,4.766835062598065997e-01
-4.623400416387082879e-02,-1.819951961004843688e-01
4.423857534804088165e-01,6.427450449844512859e-01
9.828997651471046981e-02,7.806516995116211111e-02
-1.707991370643414109e-01,-3.540482186780299911e-01
2.780830891507538594e-01,2.529521914734228494e-01
4.133876173676248045e-01,4.062038809712432141e-01
4.200016280099330701e-01,-9.436452331073230670e-02
-4.160224023735082377e-01,3.551583008485618975e-02
-9.227942319656901038e-02,-7.971171133733645497e-02
1.939930397813448559e-01,1.425650400584861921e-01
-1.213022764917113389e-01,-1.692690721169723134e-01
5.606622501238781725e-02,2.816493693245194496e-01
1.379179114502671055e-01,3.609523401164818623e-01
-2.102594672839601386e-01,2.572752238019418991e-01
3.380897281935402177e-01,2.732109636919853868e-01
4.833703246735318593e-01,1.873426200927922336e-01
6.867128416660761570e-02,-5.076792568062897804e-01
8.759343123266671860e-02,-3.955501946788256978e-02
1.160449692123352028e-01,-2.029344478723875966e-01
1.754434181588264696e-01,2.864706603958867559e-01
5.173336903851753765e-02,-4.426169338430140376e-01
-5.492438607706304765e-01,3.629337995794104099e-01
6.313427715087821523e-01,3.868099296258635245e-01
-4.841074667976366826e-04,1.008212714489529344e-01
2.711781239274597133e-01,8.737789033556531137e-01
3.460065898646015881e-01,7.615433353966034880e-02
-8.404874730182801401e-02,2.993219130374355497e-01
-2.273574967653370360e-01,-6.195694095582107708e-02
4.899925645380277528e-01,1.526297733686184793e-02
1.768311422573403402e-01,-1.909863320118157237e-01
3.212874422891565662e-01,-1.330466446926900081e-01
1.176413111648225845e-01,-6.064298278631163885e-01
2.036080425375964287e-01,9.573356638616725700e-01
-6.551582580067629724e-01,3.263652836908743082e-01
-2.868932369773488644e-02,1.405355264862186704e-01
4.118282384491293857e-02,6.512838604926844688e-02
1.406904026535938101e-01,-1.065753537986793148e-01
3.832132960054784321e-01,2.317051019083910812e-01
-3.034378457944217344e-02,4.378458788491079723e-02
-1.026107321747359302e-01,3.859460276512503007e-01
-4.391349841565339029e-01,-1.965407015875214325e-01
3.279077840280569256e-01,4.531487206200646156e-01
5.876447930812769282e-01,-2.127866623544707458e-01
2.858330867483834803e-01,-1.631803244695552435e-01
1.936948506216326360e-01,-8.274847552381060789e-02
4.702156928414379933e-01,-2.658607787830661873e-01
-1.313240350083367536e-01,-4.232039386402677295e-01
5.525084551716304970e-01,1.555173551379386218e-02
4.238676917582996917e-01,-5.158175701810493452e-01
-5.524024290490587852e-01,1.019782322550579101e+00
4.995608467521036045e-01,2.507174765508727865e-01
5.740101498335979935e-01,2.926080174877744855e-01
-3.534986559989336530e-01,-2.479824494265069068e-01
2.738392449533765816e-01,-3.524525688883700658e-02
-3.792758020151527631e-01,-1.343993667878432829e-01
-3.202785588843650583e-02,-1.597332787927879250e-01
-5.158067068291911639e-01,-2.966383175258767158e-01
-1.185839887252479879e-01,1.288723124911639595e-01
-3.813584353756237499e-01,-8.383667748929056820e-03
-4.174337517652821836e-03,1.446437613681618717e-01
-3.261346668394831116e-01,5.682010327221286294e-01
5.877723035748954640e-03,-7.107378567866773356e-02
8.211371744297238373e-02,-1.612531928157774352e-01
-1.108603527503899122e-01,2.589657722939823770e-01
5.276081327996038350e-01,-1.355644492010775193e-01
2.803615362857714288e-01,-9.014865278475663046e-02
1.560727910169417421e-01,1.910599984839524978e-01
2.961763446760491969e-01,4.584376003479786466e-01
1.998645657275023024e-01,2.028669680926310781e-01
8.358483614306276566e-02,-6.503418888544175713e-01
-1.128256414094559040e-02,-1.895638390181330069e-01
-1.421452825328975711e-01,1.372957535706839927e-01
1.888446809255607817e-01,-1.293645791117168098e-01
3.831686840415934880e-01,-2.627138408447122764e-01
-2.181119972130017293e-01,5.435219877910770631e-02
-4.458622731513205983e-01,9.528967544943475754e-02
1.531318161892473162e-01,7.694196956393387632e-01
3.011497229219907146e-01,-3.814837977828360038e-02
2.800292847886897696e-01,1.850314222833669142e-01
5.941336587666746771e-01,1.695087455067188428e-02
-4.183703124547381164e-02,-5.490457592409656584e-01
-3.326672925499708500e-01,1.482897902962048986e-01
-3.717498821613837712e-01,-2.765144180974677401e-01
-8.049806519700716811e-02,-3.033628641874580034e-01
-4.000705485505121062e-01,1.644437492168014658e-01
5.719200443028924635e-02,3.250250179495731140e-01
-1.396257336058343880e-02,4.781079575324205244e-01
2.049363661396627900e-01,2.143983439908576233e-02
5.852243320434065421e-02,3.193732651674146550e-01
-4.959753626434412199e-01,-3.586006872118238098e-01
7.538288676477214456e-02,-2.545405158802505619e-01
5.229645341700186467e-01,-1.210469728879947082e-01
2.818477270151251712e-01,6.264153030348356133e-01
-3.965534600888536709e-01,-9.683934747081238137e-02
1.916434640168052650e-01,1.972953085471867429e-01
-1.133708578551959750e-01,6.647631156123560980e-02
5.659454642044196154e-02,-6.356992199112964093e-01
2.528450276806619157e-01,3.145301252136922243e-01
2.910118595405605801e-01,3.775528249094284305e-01
-3.373120719578026616e-01,5.719054784103674849e-02
-3.991755080400639089e-01,6.252985403399711206e-01
-2.122357981393142509e-02,5.214284854854759343e-01
1.597991330329968651e-01,6.977694862463618142e-02
1.540125499754624316e-01,-3.890023443965570094e-01
-6.409356577690104861e-02,5.404305240524914788e-01
1.743154428742276496e-01,-1.329441699487163564e-01
-1.862834601520056421e-01,6.459637857850096532e-02
9.556174444916072375e-01,4.714139966843831631e-01
-4.688345755781946345e-01,-6.145851065573222360e-01
-4.684543770667675688e-01,2.750590374011425143e-01
-7.562101514105991074e-01,-4.506376631602433958e-01
7.227730186076147811e-02,5.647069665324584431e-01
-2.567653656169611304e-02,5.350946228375509373e-01
-6.026854209460963396e-01,3.977661463223108318e-01
1.043018772638362734e-01,-2.808238828435890011e-01
-1.514284391467360102e-01,-2.061911269341651018e-02
-4.237685603604219864e-01,2.790631030074661179e-01
2.556832858422129484e-01,-1.828186435118369160e-02
5.860071899427701271e-03,2.145070002348237193e-01
5.154531193935216749e-01,4.975796342825332119e-01
-2.914336433033261065e-01,1.686408867831556413e-01
-4.331264989197045057e-01,-1.412611844312045839e-01
-1.369438732340335363e-01,-1.969964978766785557e-01
-3.815790523983730864e-02,-3.564165901302492889e-01
-3.986145759480447248e-01,7.462283954609074191e-03
-3.677457231446890074e-02,-4.043640357121490725e-01
3.379143759220870069e-01,-8.386788407030461301e-02
-7.326730534405526685e-01,1.512836343284562624e-01
-1.028482208583335472e-01,3.664325025404086000e-01
8.529758865562340198e-01,-6.828247455192383575e-02
3.505276321858839528e-01,-5.086418396406722220e-02
-4.071934362314161837e-01,-1.690795427509784732e-01
1.159048519935875626e-02,3.362014120568064257e-01
5.155660935321838556e-01,3.551308746785664973e-03
2.058838714175783013e-01,2.128566405367502412e-01
-1.452579760825838673e-01,2.757100537212079927e-01
-1.170493436207742516e-01,9.209406220028394652e-02
-2.582139036790511918e-02,5.988469915624190787e-02
-1.848975894796377195e-01,2.571294564448525222e-01
2.780848448193594669e-01,1.824538476055873604e-01
-1.540669550816741451e-01,5.402803203606453275e-01
4.894882323963878346e-02,-2.794490015049282405e-01
-2.909048209140191726e-03,-1.565318884408710073e-02
-3.901498002017039085e-02,9.706946206453791193e-02
1.926364584424282156e-01,-4.979248853204635769e-03
1.836229812183664822e-01,5.831373047375268959e-01
4.217108319620359036e-01,-8.371342683584023781e-02
3.652559130468122084e-01,3.262092906282988702e-02
-2.315396075910582108e-01,4.417038571868197594e-01
-1.846223942416874708e-01,-4.895317507585539296e-01
2.323252237498833750e-02,-2.937600357098570369e-01
-4.863409051115540893e-01,6.614482405152208866e-01
8.914483689945643108e-02,2.045801435130929491e-01
3.765602155819446351e-01,-7.406131456530509194e-01
3.172099124497528844e-01,-5.040031707238868952e-01
2.748266955350153196e-01,1.507784837019028601e-01
1.960784688517626939e-01,1.376662084372726191e-01
1.413007556139675713e-01,-3.725881537534158627e-01
-4.313406075235305948e-01,-6.688031664383894404e-01
-2.433164469491288229e-01,3.169344219781309452e-02
-4.349506632583987481e-02,-7.273607386929915875e-02
-1.796031189091880920e-01,-1.445249066224637557e-01
1.266450524064772487e-01,5.625197072565291112e-01
2.135658707010649748e-01,4.772737817036833974e-01
-2.058784592733782781e-01,3.328435124198128592e-02
2.585883166289308366e-01,-2.188977204255194431e-01
-2.245118607762177643e-01,-1.411273021417324691e-01
5.175825561019598009e-01,-4.359142023479217198e-01
1.106567843069535817e-01,5.375894573552141009e-02
-2.565490983941978720e-01,4.197680002815131622e-02
3.764191252328575321e-01,3.124462603346761513e-01
-4.457609044176424201e-02,2.833411113085312905e-01
-1.629400469279240482e-01,4.043772751274445076e-02
-2.844161977745975900e-01,-3.132082458448338103e-01
1.467960714354542007e-01,1.641621185800469229e-01
-5.737222346412432783e-01,2.819012297319760732e-02
-3.578399902248803333e-01,2.607272669896648284e-02
6.875846820226667599e-01,-2.872498153394802967e-01
2.591869882118338353e-01,-2.465740215006765879e-01
-6.056462250150532745e-01,-3.473083701865031792e-02
2.682623347588370954e-01,-5.817926005790994420e-02
-1.172441896855389715e-01,4.266543407085778283e-01
-3.555098709771389309e-01,2.093886084589729746e-01
5.972808580460830380e-02,-3.730020329376386168e-01
9.193388672492998348e-02,7.478041916524830190e-02
4.601373063223250792e-01,-1.338645501980036123e-01
5.594299360612801086e-01,2.622793581463084833e-01
-4.822495118848077467e-02,-2.291578976292958092e-01
1.012455033919329450e-01,-3.952176494328977878e-03
-5.938628774494555396e-01,-2.139210758414572533e-01
1.571000314437916434e-01,-2.532636714878322773e-02
2.804788338960643723e-01,-1.991896401677682171e-01
3.303278014836347753e-01,3.055048851180576786e-01
3.044937309993611119e-01,-5.300721237669014929e-01
-1.387207706424346265e-01,1.238766019380046629e-01
1.866987550509779936e-01,-3.770206543795439069e-01
5.450251916481382852e-02,2.216792905818044113e-01
3.938512793404791990e-01,7.719711233251622118e-02
-4.728097346293264058e-02,-2.356336113834810175e-02
1.567948211090080812e-01,-2.907546884187560132e-01
9.503134206892666080e-02,-2.003256911513718319e-01
-1.698999176444816184e-01,5.406699790521480864e-01
-6.855045480482055420e-02,-3.100773597652423108e-01
-5.421676468495403300e-01,-1.535990532864422442e-01
5.685476806307458997e-01,5.598705898582635454e-01
-4.662605853272712153e-01,1.271802864146438783e-01
1.443267363855885999e-01,-1.695893064416303109e-01
6.660756811395285304e-02,-2.276836659434395282e-01
-6.714055548261353874e-03,-3.056983019314033490e-01
2.726331364842913829e-01,2.420367694257467561e-01
-3.240717464810788928e-01,-2.213288245293746348e-01
-2.294559118695388145e-01,1.288934830338882287e-01
3.073572511398166007e-01,6.591952586018179350e-01
1.688484612563169729e-01,2.792398601368140665e-01
-2.774030467244774645e-01,3.938514398285253293e-02
6.088218705997777702e-01,-5.937462229885099863e-01
-2.852192285036539432e-01,5.650760396097671556e-01
-2.847989624933308997e-02,1.017972167600617456e-01
-9.922912677488578137e-02,-2.329657676175880543e-01
-2.316712368232144367e-02,6.058690812008361570e-01
-4.629643344903059399e-01,-3.971278014335778428e-01
2.098932683033277180e-01,-6.559775023014889628e-02
-7.573626982769456062e-02,3.136941642498684568e-01
-1.654372228710393189e-01,5.287764168823265720e-01
-2.481763508868763124e-01,-2.768862910554831247e-01
1.466705154825923840e-01,2.475252153341114814e-01
-1.652399777193360730e-01,-6.761219593496328173e-01
-4.207158768608733057e-01,-1.466653576913679730e-02
4.196013463165026436e-01,1.146891321705280631e-01
-3.349903550838708166e-01,2.305327161903409153e-02
1.273928086484322347e-02,1.908933737087914750e-01
-1.690769560253706505e-01,-6.257389719189463406e-01
-1.499621432439096347e-01,2.412214544384289339e-01
4.002493347699179194e-01,2.377972101529603477e-01
-5.408482073232861315e-02,-3.318963585119411586e-01
2.332626423614526101e-01,1.794547055300520499e-01
6.356737866170171503e-02,-4.513659318290894062e-01
1.511132077005106211e-01,1.494325254697741745e-01
3.442613672106287215e-01,-3.610045263828017270e-01
-8.591066149567379295e-02,-3.506621370013691674e-01
-7.522853886439215265e-02,-2.755220994269037549e-01
2.059232487640371978e-01,-3.829461135154685336e-01
-2.549470423890630721e-01,4.751079395570838027e-01
-1.769092211846851059e-01,7.937743377971331893e-02
-4.211627056238125832e-01,-1.600363160421491848e-01
2.263127875793055632e-01,2.837174060193738967e-01
1.281334610466629831e-01,-6.143473486045947229e-01
-1.142818425657285974e-01,-3.065400023897205117e-01
3.849285228231015821e-01,-4.019890783739683005e-01
-2.267219363093812001e-01,-5.488339929646647575e-02
5.019601500547862249e-01,5.876357324825440959e-02
9.528589023307494632e-02,-3.984534939819405625e-02
1.309171954328694210e-01,-1.215014326808548373e-01
3.920918997484085233e-01,-4.277690552625589004e-02
8.423521540862691226e-02,6.100548871100715947e-02
-3.206992565527098937e-02,-2.100357029037071555e-01
-1.921051871320930693e-01,1.371442166208725610e-01
4.692648799550385164e-01,-8.773874591478060536e-02
1.687001193690061684e-01,-3.022154493912208584e-01
-2.079768442141521623e-01,4.170702901692951992e-01
-2.887048773809933189e-01,-2.814515891015462734e-01
-2.401662484142377818e-01,-2.963673458723074805e-02
1.223374630066208779e-01,1.968610688460979141e-01
4.229712998588338047e-01,1.269548368488982171e-01
5.917115867480399194e-01,2.997811498210689596e-01
-2.999154732999195216e-01,-2.183544216116837244e-01
2.877263825257234120e-02,-3.158920129570927382e-02
3.340387139624456103e-01,-2.767652833918270855e-02
1.591656906989011855e-01,-1.686602101593322744e-01
1.334703618129985149e-02,-2.061261216795159112e-01
-2.843710769149087603e-01,-2.540833235481624319e-01
-4.988960661148480469e-01,1.635751075283927713e-01
-7.122633286083314141e-01,1.065397976302177030e-01
-2.518004923196482392e-01,1.380044448423579651e-01
-1.059607063095884677e-02,-2.835438752393720230e-01
-4.954530192237348030e-01,4.700335661428154399e-01
-3.692532813269273212e-02,-2.497687645535738854e-01
1.208720380513184367e-01,-2.196409512749644966e-01
-4.003522064083218923e-02,1.333183123088654554e-01
3.441616567781037306e-01,-2.935766042930281622e-02
1.181829456852385996e-01,4.170101953022848501e-02
-2.468403373468212592e-01,5.712307707683339508e-01
-1.841975042577617128e-01,-1.455591867526092875e-01
1.726871107273730529e-03,2.754791381262702843e-01
3.588279063198465124e-01,1.794527773078430921e-01
1.726330224491095036e-02,-3.397652682729603857e-01
-1.247951278821730348e-01,1.151635690433168296e-01
2.841804842787278851e-01,3.794174809843021690e-01
-2.022274031138367734e-01,-1.299948597887112256e-01
-7.646050764557666968e-01,1.389061575465982135e-01
3.915947454179736220e-01,3.368470158381910995e-01
4.868434406801174646e-02,-8.659948972964115477e-02
7.615939718414352910e-01,-1.053759689792562043e-01
3.732130602289653043e-02,2.532925587133926792e-01
5.485845359959515832e-01,-1.726602658002275026e-01
-2.307681120588637169e-01,8.560364123861843866e-02
-1.781124144701774215e-01,2.516631123766524536e-01
1.517504088613326196e-01,-1.635797289170842217e-01
-1.342525947772946482e-01,8.139867302174780272e-01
4.045615763536528769e-02,-1.021788017929407544e-01
2.064822510242144971e-01,-1.743888165288166314e-01
5.207034971746776764e-01,2.942427898926296970e-01
-5.154265260215118438e-02,-3.392981176164288071e-01
3.821916442168127315e-02,4.067935805499325874e-01
3.625303793952456277e-01,-8.587278994778359265e-02
1.476350990363320403e-01,-8.894151674362876792e-01
-2.279257368497182301e-01,-2.606101267386893294e-01
-3.033116608474229273e-02,1.078361128691705112e-01
4.879529878684454869e-01,1.171737048598179148e-01
-4.647468020335357441e-01,-3.218063911583023962e-01
-1.794785723963236018e-02,-4.220977193636876734e-01
-3.143733516736719191e-01,-1.656891015560967850e-01
-1.345295026217940837e-01,-7.378584940029496442e-02
1.243134281950005748e-01,-3.048375614748473628e-01
-8.283539337487963450e-02,3.985229705969089431e-01
3.443520466500078064e-02,-4.378942349753148222e-01
7.569026731036856970e-02,3.847217106057932434e-01
-1.722749346108304325e-01,3.089302911089894521e-01
2.262771640501574644e-01,5.322075212039162340e-01
2.726009820775883163e-01,-4.455297213448407567e-01
4.361209620958168831e-02,2.797981847079098472e-01
-2.989235977184794280e-01,1.002953205668299513e-01
-1.148841704900872424e-01,1.219890767545474264e-02
2.527504374548821264e-01,2.823105525391040316e-01
-4.081474514518798058e-01,2.996316939610372751e-02
-3.218891959948785159e-02,-1.557896259727294119e-01
2.174695935948539327e-01,1.484046528889074457e-01
2.070569781701010748e-01,-1.899587313929429200e-01
-3.839907684217093442e-02,-2.400178887210627221e-01
3.226924259398426531e-01,2.996182112363303673e-01
-2.638152478251862831e-01,2.431700324407095604e-01
1.095931931399168613e-01,4.870959268836638767e-01
-4.257797267588633860e-01,2.813301357413879739e-02
-4.475677825928880277e-02,7.385955738196282594e-01
4.405399459210410096e-01,-1.853766025690830321e-01
-2.145269169590431346e-01,-2.064074125460265696e-01
-2.227219657594498858e-01,-4.918007649981928631e-01
-1.237973766398442338e-01,-7.045752667899315980e-02
-2.874286593385120270e-01,1.841935943661864375e-02
5.941091578700102849e-01,-1.629745191006008176e-01
-2.420003036680377570e-02,4.261550008697818637e-01
-4.055614301039902614e-01,-2.512552828313510123e-01
-1.617335624616582923e-01,6.046691306269670330e-01
3.320556809419009103e-02,-5.936283162798465796e-01
1.141377015952356327e-01,3.470516819567824873e-01
-1.467719235042466153e-01,4.479804518393619150e-01
3.097140465339448534e-01,-1.976326641319035154e-02
-3.238222729043084835e-01,-3.201981076985782049e-01
2.240527998287977773e-02,-1.319118491656527392e-01
-5.086433505821514878e-01,-1.387636303764926138e-01
-3.432117182854236420e-02,-7.475088787558972769e-02
3.471544873475775894e-01,1.813861631794341511e-01
-3.713997489561206011e-01,2.032824168542876619e-01
-2.870816136370846552e-02,5.028804333905654289e-01
-9.813670407743542434e-02,1.870060095475304662e-01
1.490739651983278846e-01,-9.408592968078460794e-02
-2.441241118714634548e-02,-3.288388318305635605e-01
5.470801772538768509e-02,1.787834773413486955e-01
-7.024091303528995356e-01,4.487491822459302449e-02
-3.396315414210286376e-01,6.258625889906654916e-02
-3.685210259268092425e-01,-5.555443754636685272e-01
-2.357036642609216803e-01,4.972052189215013795e-01
-3.549716664608829064e-01,6.966696347752995844e-02
-4.644108345770930901e-01,-2.597524762826119438e-01
6.008513648423767783e-01,-2.936968588752820672e-02
-2.209484117180562368e-01,5.034916122562803631e-01
4.863154815441211309e-01,-1.096594886687936310e-01
6.052220862411641228e-02,4.971465674812341855e-03
3.406699422862433657e-01,3.521814251079312119e-01
-3.487873601803195833e-01,6.519892895247460241e-02
-3.654361639539522102e-03,5.990763608067964374e-02
3.278418547543152650e-01,1.908301596205190520e-01
1.716297721052186254e-01,3.718121506000497400e-01
7.600674672180898588e-03,2.458289600909001060e-01
2.106238134929792616e-01,2.807703357567742919e-01
-1.867181310431446570e-02,-4.187026634236136746e-01
6.612761880310167317e-01,-2.955458484225461854e-02
4.007019500525985101e-01,-1.234384939449894997e-01
3.519286248131400230e-01,2.948629548003594419e-02
6.252010985549339983e-01,7.454989376265835910e-02
1.735257305856545140e-01,3.527676932212263639e-01
7.948092726501263527e-01,2.867084899373704698e-01
3.691214635866736926e-01,-4.519855596233353090e-01
2.014002701973269527e-01,1.264520038684607550e-01
-1.876145069589164188e-02,-2.622321001142237651e-01
5.836500818600991458e-01,-3.426112518645107463e-01
3.992620649967734137e-01,1.108870858988346142e-01
2.188915449716306028e-01,-2.824834748065385148e-01
-2.328159751964121726e-01,-1.216409297362269909e-01
-2.605429758531006001e-01,-1.236442082623253058e-01
4.720760886361157205e-01,-1.023738998778124243e-01
1.054273635866931486e-01,-3.359705758883864690e-01
2.765692100442920798e-01,1.530643292234224184e-01
4.709021010307578581e-01,1.767396130645345342e-01
-8.592077536873686527e-02,4.905326204392119749e-01
3.191876902542779559e-01,5.502157216401964285e-02
-4.311056208269221091e-01,9.533593107030909064e-02
-1.137642163818468610e-01,2.545860042145703939e-01
1.037272468125987890e-01,-4.273582258718111593e-01
2.305348468317602595e-01,-1.268105593317812307e-01
4.042209302305634910e-01,4.192078416166393207e-01
-1.340197602176792513e-01,2.998067298311862250e-01
-5.671036377420670682e-01,9.756846118866870782e-03
3.043545432243211502e-01,-5.194062638648971886e-01
-4.868078717490646468e-01,1.735446032535001293e-02
-4.389531970945263067e-02,4.157993557611989743e-01
1.798491077057823295e-01,2.293296620791324680e-01
4.923042176275179566e-02,-3.306885838203755257e-01
-6.938441825717177325e-02,-3.803428294321687386e-01
3.535771586073622741e-01,-4.055477062709259561e-01
8.263517523510757190e-01,4.955450824353376804e-01
-1.395741501521393924e-01,-4.834042357917173877e-02
1.892454605119812949e-02,-2.136310494493126877e-01
1.840723703196911476e-01,-2.883973031578673796e-01
1.523673813860943749e-01,-2.005634930100803903e-02
-2.494395868282298645e-01,1.236248294202559606e-01
3.107419859767054926e-01,3.398583542854096140e-01
-4.246235313412004553e-01,1.574109882155080020e-01
2.114824463149075628e-01,3.349067747227446601e-01
3.456455295365099545e-01,3.895697199991567938e-01
-1.096882685127230223e-01,4.439327587022496302e-01
-4.551449776824905147e-01,1.337345652638670668e-01
-3.006075950366967064e-01,-4.082681753551213322e-01
-1.499444086584653391e-01,5.028527017816314393e-01
-2.590947671941489228e-01,1.049019506470227209e-01
8.515754112009746302e-02,-3.975799220713125970e-01
-9.102286022878586236e-01,-3.361527396357272268e-01
-5.354964551742182055e-02,-5.224114982928070028e-02
-8.917765438111144305e-02,-3.917634577978743593e-01
3.756081393946760216e-01,3.462945389348222602e-01
-1.428905394516338800e-01,4.186855606705979470e-03
1.069175129909371302e-01,-2.857909003761942568e-01
2.142621005685623470e-01,-8.322544098058035078e-02
-8.525181037367526860e-02,-2.765522803524517736e-01
-1.810943370909705585e-01,2.320153483251901905e-01
1.527604316012442232e-01,8.668521763812112035e-02
4.905492229367363066e-01,2.122671965497045510e-01
8.748968571300676234e-02,-1.910831007129913106e-01
1.897989274535458459e-01,1.928567678056251622e-01
-9.141278653707746171e-02,-7.830742456523162587e-02
5.402045710958445351e-02,6.216225586465651265e-02
-1.208058485607330784e-01,7.464785895003178684e-02
1.080755820870266289e-02,2.194334827034683660e-02
3.273916728927969699e-01,-2.343589174671067143e-01
3.841913877152022261e-01,5.969451298209698525e-02
2.456591716481227872e-01,-1.502158679328265689e-01
5.231037199944718608e-02,2.263825390026477924e-01
3.922307047845070560e-01,5.887275086386637435e-01
1.906486340982657401e-01,-5.043831096149961057e-01
-1.027969325489141300e-01,-1.096124425528998830e-01
-9.467164228860384945e-02,2.684776786698981899e-01
-5.780825642162532030e-02,-5.383312204815271507e-01
1.148490260705292004e-01,5.908750355644768470e-01
-9.390566456326504552e-02,-2.475483131723189567e-01
-4.289012307559882942e-01,-7.076562807426293178e-01
2.323198236455226162e-01,-6.267834693547357228e-01
-2.140801177170653380e-01,4.238160825102507689e-02
8.006082334557457214e-01,-2.023360235554564068e-01
-4.474860618725495232e-01,5.277155113743445813e-01
2.461582194259531453e-01,2.753498840171206830e-01
-9.634124088591452736e-03,-1.101171533927112686e-02
-9.742597928000583038e-03,-2.483752957610838030e-01
1.582083078009953112e-02,3.143037431436941365e-01
-3.491791540811178263e-01,3.664692991580519310e-01
-1.050281953067952745e-01,-1.261207765427230509e-01
7.796706921041815508e-02,-4.671100598674989696e-02
-7.795392336708864556e-02,1.141937480247826736e-01
-1.648887665924555213e-01,3.719607920332753115e-01
-4.360878529654950153e-01,-1.576723200204205866e-01
4.945497231067060295e-01,-3.820488133915923845e-02
-1.808476561785123116e-01,1.221962620758192258e-01
-5.317926713497090896e-01,3.197980739940720768e-02
-6.347662103142204248e-01,1.095237644586501552e-01
2.419735149487629855e-01,3.465323086471489566e-01
-1.979177825058339724e-01,-1.955616861851172394e-01
-7.202685702608889462e-02,-4.151647358707589164e-01
-1.291428056868184071e-01,2.791934689777526568e-01
-8.895179891265290323e-03,-4.238156237104364066e-01
4.712411851639683458e-02,-4.531925660162951508e-01
4.862822546553261516e-01,2.290144115147168258e-01
4.087029968946315900e-02,-1.037720617549425274e-02
-4.078051565657321298e-01,5.570112225305294817e-01
2.759875101590735236e-01,-1.163022729296722124e-01
4.301122611237100379e-01,4.716353057333118604e-01
3.427658654684320738e-01,-4.985699386656842202e-01
-3.745116554302032608e-01,4.425776904235496079e-01
4.697648235290329266e-01,1.579402909125346144e-01
1.213468614756435943e-01,7.028020607419238619e-01
3.223472076546164966e-01,2.560888532889614155e-01
-4.705313841533427244e-01,-4.315767459761152836e-01
2.380600220821084689e-01,3.634437315520759326e-01
6.723928151059878344e-02,-6.458386719993268743e-01
5.280822966976723987e-02,-1.570873836675640567e-01
-5.447785104701281522e-01,-3.473197083622977521e-01
-3.974527087862692216e-03,-3.608886863757619912e-01
5.506883309118820735e-01,-4.176449629151648413e-01
3.626715985847989154e-01,-4.015159936535210305e-01
3.552125218639897580e-02,2.301116201712382070e-01
-3.700267017526356339e-01,-4.322169564754365645e-01
1.293657318840413240e-01,2.853603967625515381e-01
1.587802762308480053e-01,-3.232331590362922391e-01
3.617355518802062853e-01,1.469036065110607969e-01
2.571761000643504880e-01,-2.336841675018243858e-01
6.349373043277297679e-01,1.689102621443341057e-01
-4.214933526830873523e-01,5.773398627520898163e-01
1.666987276427681075e-01,-1.926723422429802990e-01
-3.790587935883245607e-01,6.373270961521402267e-01
3.906814680952333529e-02,1.727957600242357172e-01
-1.342437682164991097e-01,7.405577235325814245e-01
7.727051251797020792e-02,3.992311914154695884e-01
-4.779432109071596324e-01,-7.330424197379876716e-01
1.961630526639518979e-01,-5.619988118663218346e-01
7.093943239776301368e-02,-2.321004395911005769e-01
4.159287378818323777e-01,-3.934871200853447271e-02
4.121494673312441903e-01,1.592904094003131932e-01
4.423447774186159975e-01,-6.657732080682159381e-01
2.599611851682972485e-01,1.513851238948457634e-02
-7.574274712247318631e-01,2.770822752271259182e-01
-5.093567116352714086e-01,2.228491903504601079e-01
1.998295230050231575e-01,2.307807961958588117e-01
4.403392262250251932e-01,-4.272385852644228765e-01
4.812441708352706293e-02,2.848504075826295834e-01
1.423193344103766134e-01,2.036889166548063457e-01
6.950990600067850911e-02,6.521041304427223073e-01
1.036347110892731765e-01,-2.526077902183339677e-02
-4.939718813758616767e-01,-4.891102693055559558e-01
-1.900954476693904674e-02,-2.543471110671606805e-01
-2.404342330237251857e-01,-8.802861224329150414e-02
-2.700942081609894463e-01,5.381249682588201688e-02
1.589181053876283223e-01,-4.106680605588313576e-03
2.488392469303452315e-01,-1.231199558791878533e-03
5.068919252649278784e-01,-2.238834274885831421e-01
3.288651647431604097e-01,-1.393886832214297211e-01
1.585621176003182420e-01,7.391574163317417290e-02
-6.148200344685592622e-01,-2.538951548179745332e-01
-9.647356328624821786e-02,3.033363676160829581e-01
1.538255169434183112e-01,-8.959313813566288642e-02
1.518179227229182193e-01,3.986341127770706705e-02
4.311482616381739352e-01,-1.009753048595279229e-01
-4.872442826666669724e-01,7.780634610452757949e-01
7.034594856113997319e-02,-3.148120192344578405e-01
4.012180930171115878e-01,2.362000520529444203e-01
1.159350326671967496e-01,-1.115676452919965415e-02
-1.585115344880142496e-01,-1.444413624305789789e-01
-5.479286583010416212e-02,2.965523903060489630e-01
-1.485905641274354871e-01,-1.147653312050517099e-01
2.239306762367822556e-01,2.123400603640489548e-01
9.015438650276470789e-02,-9.115184978065607457e-02
1.022176956062030712e-01,2.371470498821008910e-01
3.492613978048755285e-01,-2.438403348245075652e-01
-5.367387870580164061e-02,4.022093802650000827e-01
8.147880751865239635e-01,9.370816234579756876e-02
-2.201669289440120192e-01,1.288548996196541008e-01
2.442804381842232087e-01,-4.758672206571868402e-01
-1.177658188085425328e-01,-6.081816523935462682e-01
4.350898975162098004e-01,1.339422604734890818e-02
-1.428556864371831048e-01,1.693930815259888367e-01
-4.271178549148403891e-01,3.980378045676902787e-01
-8.904405090504606546e-02,-1.966913420176744920e-01
2.128558544989801390e-02,-2.829939106925168368e-01
-3.712663431373134371e-01,3.849433908805963145e-01
-2.294414388270324401e-01,4.959231816277607785e-01
-3.306898855535579940e-01,-9.233923198387841702e-02
-3.072772317855011412e-02,-2.530201152035259637e-01
-1.292645911829594652e-01,5.816791989852856948e-02
-3.493119377948324389e-01,1.547447915902968596e-01
-1.015611650811713562e-01,-5.087970517366385836e-01
2.992504684238623813e-01,-2.949997026135294659e-03
-1.828610725595319619e-01,1.371782318187586003e-01
-5.911044352244103628e-01,4.686273078542737003e-01
2.558149576212589427e-01,4.224637263364925954e-01
-2.517109581647230532e-01,3.404211199354794659e-01
9.475644050422134257e-02,3.500108736259479603e-01
3.034453137671768164e-01,7.544458319067488539e-01
-5.916603059335693443e-02,-6.639420938970796993e-02
2.902438533963745959e-01,-1.183066832790880679e-01
3.259795778064231708e-01,2.124459345216988815e-01
3.159400030169988716e-01,-3.438668113396299852e-01
-5.250874601951488474e-01,6.766736554764390954e-01
-5.954469776414615945e-01,2.568992631625904854e-01
4.282371112750576470e-01,-5.748864647349316570e-01
-4.720139990622433390e-01,-2.558981168720366739e-01
-7.197981862923530372e-02,-4.112544143451635770e-01
3.865437147229785486e-01,-8.965457871850339780e-03
-3.260753086055647176e-01,4.711211884658367821e-01
1.769142260261381272e-01,-3.144063438199977412e-02
7.272959419318447694e-01,3.314099735756084186e-01
-2.504526152453172005e-01,3.981748934007477425e-01
-1.643557162821630280e-01,5.520962557703653628e-01
2.452564800371156428e-01,1.349443837795874512e-01
4.231057003751800272e-01,-6.869229928952527708e-02
2.314056119539105172e-01,-1.409002983808790577e-01
-4.282038775312501100e-01,9.644141175902529173e-02
-2.473191550097781841e-02,-3.882044331335290366e-01
1.579342440440665851e-01,-5.631314931318080058e-02
1.600107487293609965e-01,9.205497236017565199e-02
-5.302050685765786753e-01,-1.608788143170735430e-01
2.911538298819457693e-01,-6.902878671352274953e-02
-2.793469225063084371e-01,-2.271641022123225828e-01
-4.078083313490580286e-01,-5.672714436091080836e-01
-1.824010322526525285e-01,-6.252341506680209049e-02
-1.205964472933608762e-02,5.012450690397985964e-01
1.091118118027131212e+00,-1.502222105146148456e-01
-2.207666589539735991e-01,3.945238390978692555e-01
5.371139884105001761e-01,-2.557286198575857775e-02
7.427388948822138959e-02,3.798565817823911644e-02
-1.439514912027356763e-01,6.027218701957628433e-01
-4.415761694802779469e-01,3.033959685633564884e-01
1.332432040956627317e-01,2.134077228848265118e-01
2.296619766973809484e-01,3.616839706837884916e-01
3.434341685217251472e-02,-6.986556926753726381e-03
4.149178150398089016e-01,-5.508544830270268866e-01
1.243299840654500388e-01,2.743276894676359712e-01
-6.262154431858303616e-02,-1.167410833255795310e-01
-2.893517108226305035e-01,4.689776347157131320e-01
4.554826543474666672e-02,-2.056142111147638563e-01
4.142378901800700675e-01,4.975522925143084363e-01
6.068621748683397099e-01,4.941092319053182885e-02
-2.713121429445192537e-02,-4.191184162207275965e-01
5.510522441082266187e-01,-1.205887654060386616e-01
1.981028790899069247e-01,-2.235884800029024067e-01
3.224657695071399544e-01,-3.408288980539447843e-01
-4.240631494253301881e-01,-5.959694302155608137e-01
9.469819837364606974e-02,1.720677883645576889e-01
-2.731054229341562944e-01,-6.001718856946004765e-02
-8.919074954102030380e-04,1.788470582167711598e-02
5.092832273773718887e-02,-5.000574007391516140e-01
2.033855646184841992e-01,3.050463965826218371e-01
4.586022012232303102e-01,-4.942505736369073310e-01
-2.486564099528352362e-02,-3.966480899524440495e-01
7.821057610605541832e-02,6.911869887357535713e-01
4.727161205449346149e-01,6.242897207598059328e-01
-7.564496270585106819e-02,6.738194084188211530e-01
-4.631994819998626611e-01,-1.662546380785778211e-01
2.116990554763164278e-01,1.319099125213127055e-01
-8.119731247688792841e-01,-1.603135516038526331e-01
-7.131197550260154339e-01,1.605024239923722590e-02
2.550748994517352264e-01,5.122868461251053329e-01
2.300900979027371840e-01,-1.164534771227004745e-01
-3.366150753243762200e-02,1.699845390447169702e-01
2.454206691290756748e-01,-1.242275613324249489e-01
-2.238629873458322372e-01,-2.895351333087943235e-01
-1.032529894016836064e-01,-5.101108454692361294e-01
4.826974658456444078e-02,-1.064243370531060690e-01
6.016008759643187709e-01,-4.753776571439523313e-02
-2.147050941831607496e-01,-3.826273891186549592e-01
8.918332039602429040e-01,1.318596983161180458e-01
-6.231644933762608973e-01,2.780647880121898119e-01
-3.948534182951953242e-01,-3.367879728766854514e-02
4.609413074534596949e-02,-1.981035169506945304e-01
3.825653331219440179e-01,-4.084422251919195834e-01
2.258489602920632500e-01,1.037189742637256544e-02
-1.719702626090032632e-02,6.100312811987070732e-02
-3.881354817400829993e-01,-7.038519884748701827e-01
4.691082652652683316e-01,-7.667893624379308326e-01
1.162979946998439484e-01,-3.799723818744012993e-01
-2.786007199187183203e-01,-1.474673093090620446e-01
-2.233207270426375846e-01,2.067828079633765234e-02
-1.663354277580856855e-01,4.179442452403940578e-02
-1.062541084082096847e-02,9.131661830904463928e-02
1.695779394685271446e-01,-1.115479542503930166e-01
-1.470488485539362122e-01,-2.173355857692337301e-01
-3.304469715350757952e-01,-1.965061404052263760e-01
-4.225839790348410729e-01,7.734300486758238780e-01
2.871652280858306705e-01,5.370106038626438760e-01
-2.110844823183241903e-01,-1.058172351255969312e-01
-4.883026705062614159e-01,1.507521403449448294e-01
-5.206787010460501852e-01,3.054784912230594229e-01
-2.341795818786239769e-01,-6.671704565961501521e-01
-7.632616458854843966e-01,-5.037017114708562671e-02
-1.823974947342678898e-01,-3.740365947258462165e-01
3.339419139758443289e-01,1.013098522994714396e-01
2.436926872732648186e-01,4.070999233631567016e-01
-6.663698012733938469e-01,-1.374376133745854323e-01
-2.954607446024528072e-01,8.372041507573639574e-02
-4.162999754990698298e-01,-4.440690071160086072e-01
1.390375433966440644e-01,-3.158118291974501557e-01
-4.185760978075208638e-01,-1.931914270858881288e-01
1.065698529357094089e-02,2.469394972575748859e-02
-2.381283416621728377e-01,3.378759722430427215e-02
-5.558718080404844580e-02,-1.393788237727238699e-01
-4.733068755650685633e-01,-3.946391061442434678e-01
2.056256523113382806e-01,-2.142186434212497298e-02
-2.321611882522686132e-01,-1.318884618307908096e-01
-2.566258882085011711e-02,1.440359317594182287e-01
-5.361676067562711756e-01,-3.098594745135343498e-01
-3.663779023491650633e-01,7.029089502945519430e-02
4.055604270461192207e-01,1.799187157260036946e-02
-4.151648110352059579e-02,-1.095402687243265533e-01
1.241421992456762380e-01,3.713104235428844047e-01
-1.157284335634323341e-01,4.156563776616075123e-01
-1.807108324883009987e-01,1.000950563136057125e-01
-2.153373810113504427e-01,-8.829508912821872890e-01
-4.620211846368908470e-01,3.712543142014367720e-02
2.409940189072853067e-01,2.159627693337936305e-01
-1.205440764305495960e-01,-2.817434170713694064e-01
1.134633771564753646e-01,5.819703053533461373e-02
-3.000817298683065015e-01,-1.949458223591650219e-01
-2.097411031607833432e-02,5.378197985390158475e-01
2.904585040899334003e-01,-2.957253194912825567e-01
-2.377617676982123410e-02,-3.371927460261220366e-01
-1.966129544185901690e-01,1.933886244456478054e-01
-1.503116479746559597e-01,-2.926084725897259431e-01
-2.564011895818505415e-01,8.116015344491114836e-02
9.263720266265711434e-01,3.743466579825793228e-01
-2.101943481618860077e-01,7.389022827209029698e-01
1.856570966070845985e-01,-3.236899075321770375e-02
-8.202973899015847392e-02,1.962943836886181515e-01
-2.794896525117256392e-01,-2.354708888604331307e-01
8.876401765767633067e-02,-1.853442235060603349e-01
-2.446009883264726181e-01,1.655852596609687921e-01
3.690801967784402282e-01,-6.941034067553387976e-02
1.566835282459559386e-01,-2.038079481611973776e-01
-2.336827229366817554e-02,5.459508684948201074e-01
-4.338055380778200153e-03,4.174217652251376864e-01
-3.281309731146728192e-01,3.747402727979721737e-01
1.628368812319175296e-02,4.023726616287820468e-01
-3.095944304783426193e-01,3.436963984144030676e-02
-6.001430674553115407e-01,3.479391753214773342e-01
2.410323721058303670e-01,-3.436408117845093368e-01
2.965621646485950280e-01,1.248341429007344683e-01
-1.878044685662488555e-01,1.487254383284006276e-01
-9.580681522847704634e-02,-2.235080870283544241e-01
-1.218482522879203028e-01,-2.015660036924817877e-01
9.741720016391980375e-02,-2.936057133332631297e-01
-1.333276339391222531e-01,4.219752181628245169e-01
-3.457966447941782651e-01,1.467027494235705054e-01
-3.277068327287783415e-03,-9.201916177081566339e-02
-2.135391636921140923e-01,-2.536921862261573568e-01
2.794022558714374591e-02,4.533548339427562190e-02
-3.575510659044791040e-01,2.307483953101568952e-02
-1.135954167244654783e-01,-3.136194525364403574e-01
4.450426463072055389e-02,1.924353442314526152e-01
2.295991053393403036e-01,3.014760819914592549e-01
-9.473287797858910564e-02,3.182682412223314938e-01
-5.704235444543401430e-03,-1.124602308344404417e-01
-1.497928955055526368e-01,4.619225937843488700e-02
4.695210166281673647e-01,-8.441686163097013307e-02
-3.909228214012406416e-02,-2.175214955574672204e-01
-1.753556160471126113e-01,-1.798187047865587584e-01
-2.498384501104941036e-01,-3.713010101065187998e-03
2.537837517573747759e-01,-1.581782027345527974e-01
-8.164172138048801652e-02,2.319889213027760966e-01
7.730690457808822580e-02,-4.272260083186327773e-01
1.539753354657110163e-01,1.816218659344696063e-01
-1.672549139492578996e-01,1.249211889494223210e-01
2.804877447455750850e-01,-2.323603853033864020e-01
1.081068713645184504e-01,-6.075947210295029599e-01
-5.665229781803301501e-01,1.764135828113839177e-01
3.324935970728608581e-01,1.643227460805576634e-01
-7.093737334306837727e-02,-9.023497518402742723e-03
4.768203230080190758e-01,-2.465549553629514390e-01
-5.125759943109898797e-01,3.215628043012160875e-01
6.896868295981385677e-02,-4.932065554553154846e-02
-1.213992906088771501e-01,3.785674177728021172e-01
1.762655698466258636e-01,-1.908616684550045739e-01
3.458762763654339989e-01,-3.643167636308236590e-02
4.426102097800975188e-01,-9.795863765397945511e-02
-1.573907788424118437e-01,1.867910558878769223e-01
-3.832470641461083183e-01,-2.508715662606031405e-01
-2.620375176419876828e-01,-3.890849561254920430e-01
2.595678720154739882e-01,-8.735414462952053594e-01
2.616467172799294416e-01,3.901800344665655451e-02
1.185009098726403365e-01,1.082925079536338903e-01
-1.791556039126474265e-01,1.712582360837863749e-02
-1.347792807017176020e-01,5.194228645475770234e-01
-2.175604268410838704e-01,-6.562645889661035126e-01
9.568547206171278130e-02,-1.371145325778188040e-01
1.124130759981389754e-01,-2.536909919094960941e-02
-4.720303270240878701e-01,-2.104236949974772064e-01
-2.288196425893883890e-01,-5.111257211183569682e-01
5.956153560545593972e-01,3.544597385321655164e-02
8.006967021412116914e-01,9.778836799613883912e-02
-2.085287010413948983e-01,5.116197279499017786e-02
5.191397684713453531e-01,1.388181926430284152e-01
-2.505041065479676754e-01,3.086672771833627871e-01
-3.759016397524564401e-02,4.874374078138166144e-01
-6.003171365928977599e-01,3.226032914030175225e-01
-7.293127916268227207e-02,-5.233808243868840471e-01
1.524547018275769147e-02,-4.232506203181877202e-01
2.123536700529990440e-01,1.463928023132521627e-01
2.221603820689782016e-01,8.624271788281742124e-01
4.854876440439035989e-01,-3.941659632331293017e-01
-1.002689731312144672e-01,-2.229780472422223936e-01
-4.790997592773718616e-02,-2.341008452203421908e-01
3.434277222786190076e-01,8.561847985761725233e-02
3.513394210291459485e-01,-3.938162194268028382e-01
-3.149544003717004350e-03,-9.446377893818365401e-02
2.971543946204680542e-01,1.616398771411573995e-02
5.230411271035604326e-01,-2.586072771970125417e-01
4.452006682706512453e-01,4.452338520008197048e-02
-3.940354490433480295e-01,-2.498107132488295301e-01
-1.482043139709222912e-01,3.765986061213542624e-01
3.393976289695485038e-01,-4.848959098769260456e-01
2.715646223414202587e-01,-1.228946041390889671e-01
1.656386794249961256e-02,1.023284568649544396e-01
-4.037213456309174386e-01,1.854493873411501015e-01
3.104807459025908378e-01,-3.246467251192195480e-01
1.769138103258136030e-01,-1.578680910101539631e-02
-5.693230529693733138e-02,-1.941775945844804174e-01
-9.500556713279686982e-02,-3.358162901199720496e-01
1.995547521337220631e-01,3.362372515694638242e-01
5.754469572457877602e-01,-2.452011721303924141e-01
-1.109249413371336951e-01,-1.782922324530522851e-01
-2.136868095473816731e-01,-2.994954796500047811e-01
1.613538406807969727e-01,1.912789786786140700e-01
-6.183094480379196511e-01,5.745621383158153739e-01
2.194437934952991054e-01,2.080412494239036458e-01
-7.914919418845278720e-02,1.030952057238920631e-02
-4.348327766138049832e-01,-2.824295687436119140e-01
-2.449833771230914836e-01,1.649448611578743090e-02
-3.500370861470042394e-01,-2.933568822641507978e-01
-1.773171167454689889e-01,1.714378485950564523e-01
2.464879945110919415e-02,-7.191851813548261196e-01
3.972769554590134811e-01,6.082210584474918580e-01
-5.908539084606777569e-01,5.154858956068260056e-01
8.124074467245490094e-02,-1.108383413751640734e-01
3.294228020263448853e-01,-3.885386356605001201e-01
4.082684665438212068e-01,2.952535747052341120e-01
-1.691262994885321946e-01,4.084173944562460856e-01
-2.884772392555041143e-01,1.037325623706875782e-02
3.465170743845459866e-01,-7.222567996463526985e-01
2.496192748044206433e-01,-2.893643317760073996e-01
1.553936062527830064e-01,5.589822906002905878e-01
1.530361699970336255e-02,-1.061496813318473648e-01
-2.837356113057488277e-02,2.489333302791943425e-01
-5.900354421715747755e-01,-5.777776689537775789e-01
-1.729981939796141621e-01,6.054090265273703864e-01
-2.732086002068278008e-01,2.755048418449011494e-01
1.522046199548979240e-01,6.665157555256741029e-01
-3.359733092707856139e-02,-4.730990729561726504e-01
2.456608215985027488e-01,1.921502315014564366e-01
2.218560137841125435e-01,4.990498650515393653e-01
-3.293028547309453380e-01,5.491570463945819047e-02
-4.703698588662993951e-02,2.594805846148368067e-01
1.110297448124222958e-01,-1.395415058931445129e-01
1.251782079414794080e-01,-4.777988438274398120e-01
9.386002364433365663e-02,8.594961331711768737e-02
-2.337577699545536347e-01,6.073388917277218191e-01
3.916337827586950926e-01,-2.465509115861708733e-01
2.075803441353885337e-01,6.565740795164832777e-01
-2.627942637830213424e-01,3.349834216800865461e-01
2.660711164836034315e-01,-7.988220251910643777e-02
1.993343037525497075e-01,-2.577188104297278848e-01
3.953663389893530278e-01,-5.210342762574772524e-02
7.776854224708470292e-03,3.737792347125787340e-01
-4.424255476178732827e-01,3.656935043830483179e-01
5.325431691146360023e-03,3.647592472276478537e-02
-2.537667513332978950e-02,1.285017490149271968e-01
-5.947074289954300264e-02,8.384277441891376664e-03
9.739142456371592538e-02,1.112983643628510239e-02
-4.974520014086764030e-01,-2.869835301159552321e-01
-7.806444014258030750e-02,-2.638516951139829314e-01
-3.996370454906076897e-01,-1.307229060941605958e-01
1.241301253288223105e-01,-4.415112854046975843e-01
-9.708756811268610953e-02,-3.392570918803012869e-01
-2.087050828827456336e-02,1.582528876644851146e-01
-3.106670105094209156e-01,-1.612389670132005903e-01
-1.524109411902924704e-01,1.101815842835555392e-01
-3.996801768776283570e-01,3.755623343833962013e-01
3.030096656926334342e-01,-1.756210032343197835e-01
2.093240582186546572e-02,1.574617689581018776e-01
-1.867263634572137176e-01,-6.495931141440393075e-01
3.178330558007957940e-01,-1.412439714583912931e-02
1.909107599761625251e-01,-2.615005310443272446e-01
-2.507425008829978347e-02,3.893087531399698209e-01
-2.302244059211339677e-01,-1.879836073649445230e-02
-6.695711936292232137e-03,4.942910955377902149e-01
4.001294109058438631e-01,3.023390264379848813e-01
-2.682382563904836537e-01,3.138544218277198455e-02
5.928778992219241317e-01,1.444269850668388755e-01
-8.030823984302257190e-02,3.358050790109763373e-01
-7.190271428857755720e-02,3.251789544412933552e-01
3.141343213418325009e-01,3.120633069521281389e-01
-2.051834250592457776e-01,-5.239836150432621714e-02
-2.839754637593428499e-01,6.486515471346052664e-01
-4.216233405065519801e-01,1.611976492707757613e-01
-3.730481485943035191e-01,3.894934830908527990e-01
2.402816052169725602e-01,3.590000908762103204e-02
-3.783909021231121050e-01,-3.531497700974615267e-02
-8.181636084803459164e-02,-4.920574189535776854e-01
-1.516624347014789223e-02,4.216833580059091147e-01
3.659456351261848872e-01,-4.075117100143363369e-01
3.155290103382982214e-01,5.059423267729358242e-01
5.717481236438610726e-01,1.511167215551729448e-01
6.515851022351677457e-01,-4.701257505163057293e-01
3.935553302144977339e-01,-2.010582786457208726e-01
-2.422672040844350283e-01,-2.976573122192445187e-01
2.469803301850879707e-01,4.796392558217214552e-01
-7.645179331321787231e-02,-1.458940389763133116e-02
1.352422307973602522e-01,-3.521584085441399892e-01
5.211622381797116343e-01,1.105888884679658429e-01
1.733493425931320886e-01,-4.339425844124244480e-01
2.428968493548008117e-02,2.622308827577682355e-01
2.597701822202976019e-02,1.218245640879681291e-01
-1.148500089629116427e-01,-4.885990113055007078e-01
-9.376005623275797396e-02,6.863858897204295761e-01
-1.553063261604440692e-01,6.240180795004690584e-02
9.877890884829902685e-02,-2.409229860612122909e-01
-5.100027174643292360e-01,4.996350688330574163e-01
1.221677538071174185e-01,-5.092376047522718663e-01
1.972894987911043840e-01,-1.496960200972050625e-01
5.568999088997436120e-01,-8.816394782027525689e-02
-1.491270699403566798e-03,-1.085201961708636559e-01
4.975209418394041516e-02,4.132136749185089664e-01
-4.080996118994160704e-01,2.676816154621554367e-02
7.161258390251725725e-01,-1.706908246522057526e-01
-8.568302060547312582e-01,-3.503141505825988489e-01
-4.297005803722469541e-01,6.105991552413864154e-01
4.587624236774781039e-01,3.169717246822756525e-03
-6.060300262275346572e-01,-9.802590526534901705e-02
-1.327751370850015766e-01,-2.756899632235549902e-01
2.439899973375120878e-01,-9.109329721583346584e-02
1.303448499612088474e-01,6.694414788058207499e-02
-3.493488127008922972e-01,3.311833385884008218e-01
4.287701901771379109e-01,7.474981974213924796e-02
-4.021450363538014439e-01,-2.457978695583790396e-01
1.028312331666414170e-01,-4.166139229882479533e-01
3.642339550058604214e-01,-4.424812691847619939e-01
-1.934500447202439077e-01,3.442015203427073455e-03
-2.549106256521894154e-01,-9.156257725398522784e-02
6.302659985092780026e-01,4.362184222231454411e-01
-4.073242812853991590e-01,-5.200630285695153621e-01
7.264942170433079660e-01,-2.735840120966909206e-01
7.714680933120471318e-02,-1.645675017423298969e-01
-4.014606651307822682e-01,3.162546342797157850e-01
6.117166074945379339e-01,-6.589933587609205778e-01
4.724128548897673502e-02,-6.093670823653670743e-01
2.276931383655734012e-02,1.031779641145625336e-02
-4.752482437334989117e-03,-2.630925477151901393e-01
4.551762826519668674e-03,1.617049360872375996e-01
2.508101387825272810e-01,1.849440424522769133e-01
-3.008440925698718793e-01,-3.256972685981814053e-02
-6.094129619364406780e-01,2.479245646415913495e-01
2.860150565165821557e-01,1.700431520136062025e-01
-1.005651339733809185e-01,-1.073220030101197930e-01
-1.645888607149272780e-03,9.129457888281540534e-02
2.590411293325108888e-01,3.343183260071853624e-01
4.482943725096798226e-02,1.311146590508204535e-01
9.821455372949490503e-03,-6.249808144994693782e-02
-6.328752362221785541e-03,9.437717749836518899e-02
3.455108991062924018e-01,-6.624902399568738387e-02
1.908798020948940244e-02,2.362430109833286163e-01
2.561374219446737599e-01,-2.764159109162429573e-01
6.887065785548956987e-01,-6.499933496011710277e-02
-5.989150490134643734e-01,1.414024658217162278e-01
-4.703094380045302336e-01,1.824138179469899507e-02
-3.767035556580321520e-01,2.253279032622141353e-01
-2.408158138228808087e-01,1.533854807218754113e-01
4.674833070163174065e-01,3.709148792327383592e-01
4.402087610719443989e-01,-5.822736505741481911e-02
-4.682989572937630296e-01,-1.997331091689499571e-01
5.925200842514851685e-01,-1.507449866447148068e-01
5.217312517642767183e-02,1.631928058641680668e-01
-2.144217469669701115e-01,-8.737048913228929736e-01
-6.377226266118400655e-02,-3.633425763857255353e-01
-3.140842932487016848e-01,7.026599935887815895e-02
-1.344053685447546553e-01,-2.188001552711086872e-01
-1.928319202491000361e-01,1.719137647104352074e-01
-3.264038457967746165e-01,1.534362383565746613e-01
-4.365454975364373436e-01,-3.827570747864269401e-02
-9.755134654065883426e-03,2.679863643865020295e-01
-2.116067901637223164e-02,2.880097151005888215e-02
3.303464799167891153e-01,2.185119120635524714e-01
-5.677769848460937352e-01,3.382325113923539406e-01
2.133212983651195105e-01,-2.295565252244193347e-02
4.401175745278346207e-01,3.266700624704939049e-01
4.556703127203299841e-01,-1.090991086190263581e-01
-1.904727195746621915e-01,-1.024026222657210689e-01
-3.624912686985325150e-02,6.715646595655679063e-02
3.192908494966942845e-01,1.485259501877683394e-02
-2.157177503707673194e-01,-3.462914340131998947e-01
2.181436751016609665e-01,-1.536024729923080312e-01
1.732630106530722858e-01,4.586903253594392521e-02
-1.059140084393801612e-01,2.657837199751437174e-01
4.889151306655426660e-02,-5.285150407288931040e-01
4.060649924994555460e-01,3.901661083169858935e-01
-2.665663057347786302e-01,9.886612834800417859e-02
7.447147620989259809e-02,-7.158636595326248186e-02
4.067018649356259341e-01,-2.095479527093331573e-01
-2.990850066052561096e-01,2.700183984882784660e-01
1.766125204048575037e-01,1.389767691259266302e-01
-4.884783142882009321e-01,4.652821722798102799e-01
5.301660218279216075e-01,-9.241796003426509809e-02
-2.260046561043084212e-01,-3.369573764023037765e-01
1.203814762430679020e-04,-1.116003102338961744e-01
6.602874339472109000e-02,-3.265362981976807633e-01
6.839429233904420480e-01,3.360637597167333568e-01
3.260475761270922868e-02,-2.124479680240879964e-01
4.013441467559634296e-02,3.054573963539341519e-01
-1.442483995740300416e-02,-3.448634391068086114e-01
2.796287352756323674e-01,-6.648945627487085064e-02
2.020192131351868925e-01,-2.733946860411437529e-01
-2.272086980835554271e-01,2.098106507424266354e-01
1.174962462966648580e-01,3.733512089834434278e-01
5.212658824209026598e-01,-3.251721542549647348e-02
-4.283368006977825854e-02,-1.123943823212315840e-01
-1.741988569532533782e-01,-2.138778417253779096e-01
2.072738650843176655e-01,-2.317641562122091381e-01
4.243875149855378393e-01,1.494072332086364141e-01
5.458204070159557164e-02,7.470266808751008236e-01
2.361042909803120853e-04,2.261690430417178377e-01
-3.904573912646851497e-01,1.263171281257115530e-01
-1.833884820685336980e-01,-1.617499434678097425e-01
4.985038102233744356e-02,6.554910786363221664e-02
2.269755884021081305e-01,-6.187540812579008648e-02
1.897784679810672614e-01,1.433019940308224716e-01
4.268572271235560045e-01,4.516755559557343869e-01
-7.620100619718342405e-02,6.180019546060624286e-02
-1.135074974351106981e-03,-1.701344145455653822e-01
-3.943032061069537408e-01,2.539599882025993516e-01
-2.628839407357172475e-01,-6.224478255016757666e-01
1.101598538790766885e-01,-3.666941391542221096e-01
3.251344854551466157e-01,6.519578147903807297e-01
1.202032985045283983e-02,-4.405414854829572957e-01
1.629241503004994207e-01,3.495436462266460209e-01
2.695354801705310277e-02,1.255174284030083909e-01
6.225096530020746838e-02,4.992596217721825269e-01
-2.635114247400667242e-01,5.085671242397719061e-01
-2.265807556856189731e-01,-1.405923757478543534e-01
-5.109508941204454757e-01,-5.894663100208408224e-01
-1.245634469373292502e-01,2.009148362251412523e-01
-6.431109895949537192e-01,1.249975531467883288e-01
-3.701188403593377862e-01,2.785050195861288880e-01
-7.849386783873099627e-02,-4.135727774870934237e-02
2.601558935171686127e-01,4.835962075352097100e-01
1.114981956324623408e-01,-3.964811081412907279e-01
5.466159898415229312e-02,8.347347938091485842e-02
-2.266170082588253865e-01,-3.598459580020898496e-01
-1.751715812851630527e-01,-3.620087380662400101e-01
-3.203065767286194521e-01,-2.115000910525065836e-01
4.406421610595593896e-01,-4.250104396707564125e-01
-1.971467188397236503e-01,-3.683610078839581470e-01
-9.246466427181040948e-02,-3.523969923966566165e-01
-6.638073878874731770e-01,-2.562336572585322547e-01
-7.253292253283658009e-02,1.222006157000584681e-01
-6.147365916841325273e-01,5.342336883241603773e-02
-2.368456078683804922e-01,-2.964258940810400311e-01
1.177347537760768149e-02,-2.731034585185865837e-01
4.800070622475415827e-01,-3.245168890816613749e-01
-4.171555109905277781e-01,2.203171193798499627e-01
3.748626771683702397e-02,3.124516686663485199e-02
6.892984238658408369e-01,-1.824642392875030217e-01
1.014278684477642883e-01,5.419721592080441880e-02
1.301707740602589015e-02,3.121147211178055825e-01
-1.734716421817631138e-01,-6.371485937569325297e-02
1.605830754489384893e-01,-8.343703870059092365e-02
6.448917984159217853e-02,4.947367993576778367e-01
-1.508138191425294761e-01,-8.828164898060488763e-01
-3.728551134108082921e-01,-5.047412125764474400e-01
-2.981981062037695196e-01,-3.753042566560971238e-02
-2.702980757689325136e-02,-7.941098280767522333e-02
1.086750829666679602e-01,2.996956741317635675e-01
-3.019559587966647030e-01,6.280944096551278610e-01
-6.765610022206935970e-01,-2.546149039135484626e-01
-1.451102851141621297e-01,4.016924798708190192e-01
-5.182768135534456672e-02,1.857583036536401278e-01
-3.923408116353728214e-01,1.263329779847332246e-01
-2.050498405569602944e-01,9.458321747078658748e-02
4.105194227660960982e-01,-3.480071974243416633e-01
-2.391847956985103107e-01,1.120402282095630253e-01
-9.001762832080968321e-03,-8.813682567248161404e-03
2.190744942856281963e-02,-1.880765385911841170e-01
8.458524889286311854e-01,-1.102469261942813777e-01
-2.762025352122392530e-01,7.803342856933190852e-01
3.381418197034086748e-01,-2.811265352823668073e-01
-1.755140122415450032e-01,8.745498360216236167e-02
6.535355598806948940e-01,1.913822163932994425e-01
-3.991475463014312886e-01,-2.775826825001140308e-01
-3.087099958521078991e-01,-3.777370836041730739e-01
5.236084141181539947e-02,9.580546556244812217e-02
-1.061934976539168907e-01,5.256839253044232746e-02
7.901180914570744840e-02,-2.699301884756481473e-01
3.636834749379554976e-01,-1.771330846148220783e-01
4.825463497171574856e-01,-4.158801165880735007e-01
3.354021364829046226e-01,5.217889984941496140e-01
7.527205680813700908e-03,-4.527279865797633196e-01
-6.106858862953827849e-01,3.428760028483708866e-01
-2.849851109607553501e-01,-2.707539373612574130e-01
-1.812833962330837045e-01,-1.373809462004600412e-01
2.441590782353096623e-01,-3.963827061646661432e-01
3.171290087748243058e-01,1.070672543733488802e-01
3.320613147022822842e-01,8.448293313090375900e-01
1.934551542508020083e-01,-9.824115391597801339e-02
-3.001672019346692255e-01,-4.347774405439497336e-01
-3.811097901133234656e-01,-1.723469968801131375e-02
-4.640251525843364644e-01,-3.784643452885450010e-02
-2.470626795886205207e-01,4.054764291495153300e-02
-2.367571550753568357e-02,-3.177966115951926795e-01
-9.010975782546226664e-02,1.360113137948804063e-01
-3.399761070654894191e-01,2.385425587448239404e-01
-6.834739172783727001e-02,6.607139067044004443e-02
-6.397106211531308206e-01,1.871873538860154007e-01
-5.873975591455726786e-01,-3.741297183849794927e-01
-4.706152106481850672e-01,7.482528466889837304e-01
5.814179225404159795e-03,-2.231861010677147275e-02
2.646548698013966860e-01,-1.697346998726050327e-01
-6.381323061799162866e-02,-3.113992408720016036e-01
-6.110022173485538111e-02,-1.837855903115883094e-01
7.361740550557371865e-02,3.607064454658737845e-02
-5.539553004440337380e-01,-4.709205008808196591e-01
-5.459653915080875386e-01,4.205615497916208589e-01
-1.117948224635592763e-01,-2.499014624155888528e-02
5.765694579985508605e-01,-7.148005427571256509e-02
2.512417655799021321e-01,-1.024657112006316095e-01
3.888029225353469842e-01,4.498176167953127358e-01
2.331354191985051949e-01,5.267257408471432978e-01
-3.159199663206320174e-01,4.749984605179859432e-01
3.468752260475948535e-01,-4.080634234375177805e-01
3.987278399283286645e-01,-5.315284512617992618e-01
-3.875829601847566308e-01,2.619595058652202102e-01
4.355476922949792079e-02,3.733310748248485078e-01
-4.255087320281897845e-01,2.080413525105037353e-01
1.159770130285762701e-01,-1.825364610454371095e-01
9.632720951796555076e-01,-3.698529463170642240e-01
1.362938308829555745e-01,2.158050280699403967e-01
-3.439723960219455146e-01,1.322066555926757793e-02
-1.402866511303703378e-01,-8.272758680143603716e-01
-1.221710844448896521e-01,8.820476291746613684e-02
2.554300636500606569e-01,-5.617893292866459054e-03
-1.889991810158605373e-02,-6.818265576614837564e-02
3.151356371724515770e-01,2.355031034005685420e-01
-8.469758578678629468e-02,3.299590047639299750e-01
-2.497700129844878866e-02,-4.479900180512894625e-01
1.383518298238877731e-01,-2.381022580283269630e-01
-6.589158996247496125e-02,2.645548224279896474e-03
4.706852315570735357e-01,1.505468468716734398e-01
1.344862211547331043e-01,2.068379008093619853e-01
-3.480556500916655027e-01,-8.133933783097124781e-01
1.008707974060322338e-01,-2.587480737356794291e-01
-1.531708332429127239e-01,-3.394812167100595968e-01
1.023123418899464648e-01,-5.266556720004450520e-01
4.256133743672341763e-01,3.210627868776483318e-01
-3.454827996088861986e-02,3.426769854544698957e-01
-1.367809103303466861e-02,-1.183477307435528009e-01
-3.842405029991583509e-01,-7.716793343290671847e-02
-6.537451200559951658e-02,-5.563479686990558948e-01
-2.777771928019338588e-01,-1.248477325784220909e-01
1.287794114739186924e-01,2.486896211730684619e-02
-5.458072396679285176e-02,2.056788001157879020e-01
-3.568225134233308227e-01,-1.107629233294225995e-01
8.834568313255751482e-02,9.590408088190159955e-03
2.899643288915489947e-01,3.894522925513747014e-01
9.986063134309859646e-02,1.082806061780099277e-01
2.174034350260419524e-01,6.504303705100171473e-02
3.828294163390131427e-02,1.319875381792489644e-01
-4.762358842865428987e-01,-7.594568516671000580e-02
-2.006668745072757998e-02,-3.379402839055388463e-02
5.664618704042816422e-01,2.069512530649398052e-01
-3.258255897342026697e-01,-6.739322289619498196e-02
1.019666736434947096e-01,1.996405264167185334e-01
1.315478706691666604e-02,-2.669538536997301259e-01
-1.583901495777652879e-01,-2.338454845615112465e-01
5.430859530194096507e-01,-1.100186312617395384e-01
-4.028953017210988863e-01,3.455463122855982339e-01
-2.266925510482011852e-01,1.598900311609248170e-01
5.941175084998950862e-02,2.600025051186998781e-01
-5.376270502230118264e-01,3.428532119059887751e-01
-2.100135513192493419e-01,1.919629685901484417e-01
6.028965516582134310e-01,3.298377832977891222e-01
2.828223140190611606e-01,1.540918918054072773e-01
2.395378033927867689e-01,7.222191872333245943e-02
3.941534241075873579e-01,-2.486489615191685987e-01
2.365568990695983420e-01,1.746551579609594840e-01
2.125376612888018324e-01,-4.415746446801474545e-01
5.849006168034176500e-01,5.525984912174889407e-01
1.677406369863739255e-01,2.632430884969760854e-01
4.879607232023097096e-01,-6.609663072721269628e-02
2.151535043775891151e-02,-2.585075862517048351e-01
-5.564672737025283533e-01,3.008270562734098874e-01
-4.991831145810260995e-01,-3.101173243437317303e-02
-2.294960106579667092e-01,4.358360199553545228e-02
1.139372396175234448e-01,-1.952214603386092096e-01
5.796222510021674656e-01,3.882374571406657093e-01
2.766818736619056640e-01,3.909415108758883539e-01
-1.595267044176316706e-01,-1.430289622448623066e-01
2.714921088134832350e-01,5.177208520151576482e-02
-4.017875272164494471e-01,2.484641828562365040e-01
5.663180836189014578e-01,-1.088490775112952030e-01
4.211719589917699014e-01,-9.219326162200114361e-03
2.362206309955456052e-01,2.045641369161503853e-01
-8.559696087625340288e-02,-2.519379783623209787e-02
2.712611822919154814e-01,4.428207710860223023e-01
1.984434459568165665e-01,7.194076329332363962e-01
-5.687054690815697144e-01,-4.465051363279832694e-03
-3.862235337600894991e-01,-1.139540289081167473e-01
4.251524419184633113e-02,1.881673876307531773e-02
-2.344979841862781383e-02,4.081810753385771255e-03
-4.475416155207116997e-01,-2.481500132806965242e-01
-2.726317228129719258e-02,-2.746439095347253945e-01
1.295655053272005142e-01,5.075848006702916582e-01
-4.410943238769831631e-01,-3.029171973745983237e-01
-1.762799283856615884e-01,5.970204133806333857e-01
-1.108622766545301098e-02,-1.701942699611044482e-02
4.533610200797606737e-02,-2.045673303671141363e-01
-1.317194511964570047e-01,-8.628725823470133338e-02
-7.618284986392647173e-01,-9.618864091188356058e-02
2.351447287004141962e-01,1.348554559920183971e-01
1.206644202883417755e-01,-2.407615682550224012e-01
1.029640631604273465e-01,5.828234198489178342e-01
-2.415086455932266007e-01,1.099367338272674022e-01
2.854811705406805622e-01,-2.519810845300466395e-01
-9.997512221191673376e-02,-1.200105378695494052e-01
1.175570864994167075e-01,2.220936095248395303e-01
-2.863066895836540171e-01,-1.189275270227270198e+00
2.067426212529953067e-01,-5.088248111294922937e-01
1.384768834285587114e-01,-5.401734640827314804e-01
-2.517385174095383010e-02,5.163153694622185652e-01
-3.198508093432108068e-01,-1.747843293732665448e-01
-2.933118247186813909e-01,-1.184810304107452583e-01
-8.862337704266383398e-02,-7.251826370438158031e-01
8.013011497914140913e-03,2.403950295703154716e-01
-2.552130779235968205e-01,1.991220483081341738e-02
-5.361591588074980930e-01,2.898329402876123617e-01
-1.370660631729055112e-01,3.182113867180055289e-01
-1.108638971587951050e-01,-4.789304962815985056e-01
-6.337537000602481985e-02,-2.780220852115773411e-01
-4.716518355933104756e-01,-5.309337620982026995e-02
3.182814341372925543e-02,-1.722257666289372935e-01
2.163490167248545704e-01,1.331893435169627382e-01
-2.520636832816437467e-01,4.362010025309878136e-01
1.884875406620019067e-01,7.499232875231870259e-03
2.796633910070561724e-01,-4.510804769444428652e-01
1.423503680276875377e-02,-1.507331902103729304e-01
-3.691125254173830417e-01,3.021487539653223281e-02
5.795744907825153835e-02,-3.036918655233500908e-01
5.809647318417000550e-01,-1.242613179086086150e-01
2.538102419203432381e-01,2.384641909848307928e-01
4.648477803535745745e-02,-2.888507587330822468e-01
1.322228278215952790e-01,-3.211507400775610033e-01
1.176098763881177761e-01,3.083271918180753302e-01
-3.351450164337245463e-02,-2.419947695643079599e-01
1.422205722899044511e-01,1.753276724907589512e-01
1.567306291626231751e-02,-1.518156083835819348e-01
-1.116663106265362165e-01,2.524659209571282759e-01
3.711181456298195402e-01,5.970869724907863080e-02
1.351327792678769513e-01,7.082553706487482170e-02
-9.666608534315547507e-02,4.917908337604625091e-01
7.213500909357871416e-02,-6.844608791718943819e-02
-1.051954537321995176e+00,-1.166318289405606362e-01
4.056624207502439461e-01,4.550892848352044995e-02
-1.029840016523682900e-01,4.260331798777881041e-01
2.954034862632990421e-01,-1.649106932192433428e-01
-8.589817731478840979e-02,-3.906371604907308837e-01
2.445833694779748768e-01,-7.756239998045437456e-02
-3.257411508070690975e-03,1.440278970591613028e-01
2.665245702122757132e-01,2.495166058246330032e-01
-2.360453866498816722e-01,-7.622804272835381756e-01
7.050817700528804188e-01,-2.820676180168446567e-01
4.523324045985915309e-01,-3.145236665287631794e-01
3.931356795559031586e-02,3.102656392804376551e-01
1.996075540384740499e-01,8.567058580888886610e-02
-2.810232365194916260e-01,6.609383746558030737e-01
-8.194180565297472241e-02,5.604332310964461189e-02
3.323686656000837125e-01,4.449241547062086216e-02
4.512651843230211512e-02,2.566044607569335501e-01
-1.186359860199767691e-02,2.783670242725282407e-01
4.192235575178167584e-01,3.404661911210456887e-02
4.653186541169111040e-02,-2.729820257070554312e-01
6.757879481916073683e-01,-1.656644781745256201e-01
-1.238762814911087765e-02,-3.592864217927527748e-01
-9.025963604798455109e-02,5.160712267957439092e-01
2.884980898344042741e-02,9.635121540088771586e-02
2.480615011855560048e-01,-4.319695569664322998e-01
5.676132932051145552e-01,3.152711117252768869e-01
-6.192779549705139663e-01,1.424043221275829718e-01
-1.220873630558385742e-01,-1.699540184975912305e-01
-6.284532104114153028e-02,-1.000992832077174516e-01
-6.033534318053940249e-01,-4.425336412853001500e-01
-1.279567564211021025e-01,-3.155372103722074995e-01
-3.940478864426907868e-01,8.298543794595635015e-02
-2.829951107610617633e-02,-1.081740610947934805e-01
-4.948268652374818166e-01,-1.382659763471180137e-01
-1.548513551401695110e-01,-5.417942251047907533e-03
-5.527609958525846190e-02,4.359028753841293763e-02
8.555792952596610879e-02,-9.345281326976206948e-02
-1.317218828181701273e-01,2.296866935825957190e-02
5.034652198982214610e-01,-4.087827153582965223e-01
-7.287081881322307608e-02,2.082181418392861361e-01
3.569394616921772734e-01,1.785274475268181227e-01
-4.513388781730943711e-01,7.289121555114497220e-01
2.098011178073235505e-01,-1.755203234959673564e-02
3.357291873936054105e-01,-5.305378383545036325e-01
1.568098826006852076e-01,5.001620428698110715e-02
1.451090544384563974e-01,1.707701910649930821e-02
5.080085667147060668e-01,5.185785275528498328e-01
1.554584947420961094e-01,-3.340618286167429396e-01
-8.487725787677437295e-02,-2.432373959895506033e-01
-1.983261420624148411e-02,-3.324239315543965900e-01
-1.985200201333676417e-01,5.368830228093622869e-01
-1.577683270634405444e-01,2.086261525704245501e-01
1.303012680337760527e-02,1.635232518814924707e-01
3.133585393556743287e-02,1.649279293684309255e-01
2.224608930282035713e-01,-3.095589098115328688e-02
-2.037801841898385924e-01,4.437090003857371290e-01
-1.775987181944204962e-01,-1.164647511310788475e-01
-1.334663296761386675e-01,6.563888251950882324e-01
-1.551970554392118062e-01,5.847175495591625666e-02
1.201738569940696555e-01,1.520159615052026625e-01
-1.884516707243144296e-01,-4.824827726901377289e-01
1.509826591140901730e-01,-6.529188926020249584e-01
-2.090855357450859542e-01,-4.138755173004485810e-01
1.313004203902560785e-01,2.909716819771719365e-01
2.943423953658221293e-01,-7.235049164956557088e-02
1.109733454367757693e-01,-1.928016728942587021e-01
-1.385933698750716758e-01,8.904265461268567883e-01
-1.602186276619440297e-01,5.814440108413410080e-01
-2.023686579827943810e-01,-3.437483357648561944e-01
7.788638988309948274e-02,-3.065777791435765343e-01
-9.772130167593730266e-02,1.027592962908536189e-01
1.388475627193125339e-01,5.839509886475068301e-01
4.058677925204611237e-01,5.948361024373143291e-01
3.599688909564918160e-01,2.888660671832061211e-01
2.035069697958758472e-01,3.294531528350059801e-01
4.006919794488371100e-01,5.117506901469032199e-01
-3.791760405918367383e-01,4.295577101953995114e-01
5.050292866718213425e-01,6.354821943542909857e-01
1.799038725376893855e-01,-2.663468634225445511e-02
1.006781093171768907e-02,-5.729569461724540735e-01
5.295494518542878115e-01,-2.278716473653977781e-01
8.696505285128926233e-02,-5.263295649561774425e-01
-1.869333057692684485e-01,2.012602926200450226e-01
-1.527987665629798875e-01,2.360978884117006793e-01
4.878896213971714579e-01,-1.507991747571199581e-01
3.989645105670973635e-01,-2.825929306381457784e-01
-1.709982565311373159e-01,5.012620568982174563e-01
-3.037788421848110487e-01,2.662416789965642572e-01
2.436896107132891509e-01,-2.244850425980150777e-01
-2.432913291726134519e-01,-1.027554166317057038e-01
4.461231398370559820e-01,7.253983595813247309e-02
-1.311771585730307499e-01,1.808042756141376717e-01
-6.449533326203941985e-02,6.253464316193682593e-02
-3.428937375752444394e-01,8.977716372679741541e-01
-2.726157143702688246e-01,-6.098599270736105443e-02
-4.745066459596620212e-01,6.730561122100986449e-01
9.303475887126411159e-02,-3.301586227181567135e-01
-4.559237859289557576e-02,3.505622378106439396e-01
4.958983612123304963e-01,1.264710742259327059e-01
-6.958884822980075657e-02,2.939008982031198966e-02
-2.056724513922200959e-01,-5.456966828511338602e-02
2.358551080435273006e-01,3.359578718389831242e-01
2.600989201850156807e-01,1.025027686237722085e-01
3.994676699763926586e-01,7.562614979078277622e-02
1.191248619325887964e-01,1.399629705769170895e-01
1.912037882307345282e-01,9.280584769431697578e-02
4.547987909344882729e-01,3.160437292054877889e-01
-1.392833510188945176e-02,-2.179695072839194225e-01
-4.962039967296764664e-01,3.959339386241174652e-01
-2.021678457200503376e-01,-6.122735520520020680e-01
-1.201563094772622325e-01,5.944438042400631561e-01
1.235970713692404743e-01,-2.380726645973792188e-01
4.844648413195015019e-02,2.493801254795201816e-01
3.868664950189129592e-01,-3.816412006832087256e-01
1.022281797935490344e-01,-2.308329908952070075e-01
5.110259490960753492e-01,3.143435032524887762e-01
-1.880647117413647151e-01,3.749095325909883036e-01
-3.098699709781064238e-01,-3.486410560276202285e-03
3.170362347327231999e-03,3.530914713247091385e-01
3.186581512097060032e-02,-2.810217063713393859e-01
2.775491894716813554e-02,7.782136353784088745e-02
-3.425355018519288253e-01,-4.917668948083401270e-01
-2.477733123912926050e-01,-8.591364964518781455e-02
2.612368986464882470e-01,6.259614298673789046e-01
3.648096025758315597e-01,-3.001108248138189549e-01
-4.769262370865940959e-01,-4.764571603605099459e-01
2.890344424367405907e-01,-1.673764020209810022e-01
1.063634200953740977e-01,2.151533297227636032e-01
-4.248639528614359118e-01,6.031290130908000258e-01
-4.438247775128918993e-01,2.412803038611983919e-01
-5.784529541392376129e-02,1.414719862757078117e-01
1.006277539473185018e-01,-2.632044424403298666e-01
-6.377308361317537977e-02,2.270730352734987856e-01
3.823238837033658410e-01,1.470263584353071473e-01
1.139800510915236348e-01,-5.284253046347617624e-03
2.937354300657220307e-02,2.452329432295846379e-01
-3.398913074230565656e-01,-1.090868917967020291e-01
5.024562729327622934e-01,-1.328966602206470560e-01
1.389446272554473449e-01,-3.800860176387413358e-01
-1.591922253470957893e-01,-1.804980715552629289e-01
-4.057624834073191855e-01,-1.206850408796086155e-01
-6.031902925236594104e-01,1.265820202776539172e-01
8.927527348942311536e-02,4.117737077544845747e-01
2.525327466354662098e-01,1.733754120994243642e-01
-1.917215885308122536e-01,-3.969000812185580207e-01
4.918496145418497362e-02,-6.158391460771352188e-02
3.512182024252584744e-01,-5.757694360657263782e-02
-1.870587385363171595e-01,-4.925937544310832195e-01
2.311045450800624235e-01,3.886603204701977177e-01
-3.647264717112758681e-01,4.665400509336459917e-02
3.520560092366461502e-01,-2.788722950881616924e-01
2.391153530271460381e-01,3.509230441823377733e-01
-5.424046307799422484e-02,1.564387796840428224e-01
-2.692285237366743855e-01,-2.041328100635116383e-01
-1.419668170517545680e-01,4.309969887633487984e-01
6.404941936478128484e-02,6.022085107600331222e-01
1.017768373295986212e-01,4.556796500344269529e-01
1.318559327007206849e-01,3.299336135266497938e-01
-2.987368415257224963e-01,9.523414392224147096e-02
1.358555059731424430e-01,2.002116936377109080e-01
-1.160191561550923262e-01,-3.417631758829763333e-01
5.571788852401634573e-01,-3.783050443298173471e-02
-1.087692296249913593e-01,-2.530410379982788727e-01
5.065724509178249901e-01,-6.262877388375674530e-03
1.157815262228226172e-01,-2.176803644855000372e-02
-1.883908123800488443e-01,-3.999873160466978494e-01
1.970612793977021548e-01,1.183038682887197074e-01
1.907848151438721052e-01,-2.658727904292545671e-02
1.431670392843217010e-01,-8.031175848419096208e-02
3.252344435097894171e-01,3.279942781295344667e-01
1.892434083889489582e-01,-3.141710313937660648e-01
-2.980529577341781144e-01,-2.562871454090356882e-01
-6.548234354607085361e-01,-1.730082030721118713e-01
3.052281318328534665e-01,1.338581071848695958e-01
-2.903853596252143343e-01,-3.112669037085636359e-01
1.298691529111892506e-01,-1.120629253119084789e-01
-6.234675169238125259e-01,-1.784217867806223712e-01
2.064901503136307714e-01,1.447276509565627312e-01
1.668550862054976047e-01,-7.116946303580015676e-02
5.549063164313646629e-02,-5.383166286135078193e-01
-7.550259163089784176e-01,-2.606781337282611521e-01
-3.628731927406169677e-01,7.165081936939690643e-02
-2.083264119017128324e-01,3.737971330327947150e-01
3.697171746710776197e-01,-2.209818644886546168e-01
2.119959443262817433e-01,-3.681746785471368133e-01
-1.780427490400170731e-01,9.161188931997368279e-01
3.735935815767971735e-01,3.111849686319067554e-01
-2.188288976310570899e-01,3.165083044876637608e-01
-2.052118381773725686e-01,-2.559914196229983174e-01
-4.134030255243463237e-01,8.301348368446584414e-02
2.626884297455543971e-01,-5.949384826107803094e-03
7.308890330622129505e-02,3.074111045937952258e-02
1.416322272512844926e-01,5.912889869998857462e-01
-2.404440913962190562e-01,6.491470311596392317e-01
-4.791605423277804920e-01,2.302390737724710756e-01
4.622369538805022604e-02,1.647297904906281918e-01
-1.164338819428995253e-01,2.022587074783722683e-01
1.557653205331367141e-01,-3.453720931399246741e-01
7.646640065582999135e-01,3.444944298538876182e-01
1.650702097456009099e-01,-2.821841597722910544e-01
4.420517394589588978e-02,7.547557339037583857e-01
-1.440512331764843557e-01,-3.948054375624786005e-01
-2.910096286737891003e-01,-5.957671653037971415e-02
1.356350391631840346e-01,-1.329551846479446187e-01
3.009388008643498758e-01,-4.091169432106965265e-01
1.556961274779672944e-01,1.661855016638942029e-01
2.740259027927793301e-01,-8.690484383738740493e-02
2.663726982788354736e-01,3.737384013784276204e-01
-1.940271973070432365e-01,3.195678976230680313e-01
2.046750990112673474e-01,2.267665234911242500e-01
-2.345226674192691096e-01,5.432939164752450534e-01
1.619053166481668193e-01,1.350113914082474165e-01
-3.877134672075796540e-01,-2.893980744269299965e-01
-2.994261477109265088e-02,1.752520895546242491e-02
-9.136250688860542146e-02,9.400476250757128227e-02
-2.146026677694319873e-01,1.773331103222709759e-02
3.871912972677166165e-03,4.466365178083257260e-03
-6.466262772592226704e-02,-3.473773078119302138e-01
1.134146924624483410e-01,-2.104296304822305952e-01
5.330692411039811285e-01,-8.425408874601010289e-01
3.470149873713656574e-01,-4.036378669805627539e-01
1.258721282220184035e-01,-2.048619793039991588e-01
9.892047805753886522e-03,8.683320238357373766e-01
-2.504259776024163608e-01,-2.484614613555663140e-02
5.485933617726407308e-01,7.185038539941768221e-02
3.436249417346276536e-01,-8.558980518631485734e-02
5.665169809501007236e-01,-1.172004512841712531e-01
-1.477521012709366588e-01,-9.500283200103787351e-02
1.292706162353228216e-01,3.552137026921731167e-01
-1.722692474539027352e-01,6.365445379250905811e-01
1.161274833809944479e-01,4.607622970970779580e-02
5.834021726354404053e-02,2.261850901974427341e-01
-1.559090872761907387e-01,2.461717969428973696e-01
4.207503683016388107e-01,-1.493135348882989044e-01
4.409403868463882686e-02,-2.214398404324721403e-01
8.570130341562523513e-02,1.676136433484329835e-01
-1.010096832558168983e-01,-5.806512019165713800e-01
2.367314768078170317e-01,-1.950185826411974773e-03
2.433222113880695037e-01,-1.224419981917217182e-01
-4.478221064980423272e-01,1.875364751537426100e-01
1.704751192014162253e-01,5.708936234315462599e-01
1.225756184048105296e-01,1.486337404821911623e-01
-1.111908252165089983e-01,4.517046579391594263e-01
4.031606587080931170e-02,-1.734236761176620456e-01
-6.213576516680434647e-01,-3.465391970425951707e-01
-5.234385449618495639e-02,-9.477084641489637307e-02
1.358094410597521784e-01,-4.397669311415799420e-01
2.447093068669950466e-01,2.850919597338436029e-01
-3.673275005340266297e-01,-1.071465534457008012e-01
6.590114615868560843e-01,-2.216454824871861295e-01
-1.345514576100572957e-01,4.028787128164261211e-01
-1.638157440521917640e-01,3.050079195772346652e-01
5.265225000374950115e-01,-5.853210600281492093e-01
-1.893495674755162339e-01,-5.439554252628460151e-01
-4.351794820474585816e-03,2.164269584276813652e-01
1.967886661125752279e-01,-1.477880045095799066e-01
-1.566139578004772659e-01,2.876401857553504415e-01
-2.166045977236414899e-01,7.840943566852597024e-02
-3.778278414017861853e-02,-5.071776126772564730e-01
3.767827138640731932e-01,3.445041819767921121e-01
2.335222304737790411e-01,-9.373149560028225247e-02
-2.989924635334922920e-01,-7.317166194374009613e-01
-2.660453198576230860e-01,1.000470793480140175e-01
3.380234626391960262e-01,2.377980377893849084e-01
-5.997367610111821179e-01,-2.946058721670503089e-01
-1.730056123007217839e-01,4.963705296834936553e-01
4.585818538577629555e-01,-3.334664645528409577e-01
-9.123633335493487595e-02,-4.565788383588730848e-01
5.351409592739537757e-01,-1.368453868771851711e-01
-2.146525206704659461e-01,3.780077417513014737e-01
-5.073233012842379708e-01,4.886145726349171436e-01
-2.021793636282453732e-01,-3.115334748041707069e-01
-3.001315922509854017e-01,2.215426545874478736e-01
5.222265850384324309e-02,1.458501202370331429e-01
-2.342906917267685851e-01,-3.994709836826286498e-02
2.182068950676710473e-01,2.374407974045555647e-01
1.620912180427930005e-01,1.038575424986360948e-02
-2.163868812562509403e-01,-2.553695744569281501e-01
3.204456134144911816e-01,6.535402129312574138e-01
3.333320106965773078e-01,6.853466763895807445e-02
-2.237502942363286951e-01,-4.432098367510592385e-02
3.697276267811279715e-01,9.822831456909872361e-02
-2.306792827796516898e-01,-2.762769689227647096e-01
-5.111267356717348609e-02,-1.678287845421359004e-01
4.844454894256518540e-01,-6.140942239176447881e-01
-1.211288184575943783e-01,1.756324549079345820e-01
-2.547316407838265406e-02,1.065702541506107284e-02
1.443052909084840407e-01,-3.213565887999913495e-01
5.353086962398597715e-01,-1.039406292622139377e-01
-2.140705202283705033e-01,6.567146602440895181e-03
-3.936137436800939970e-01,4.946243875950467328e-01
2.022804056992130173e-01,8.986259537107094131e-02
-1.034306053361921246e-01,-5.263372625969274798e-01
9.249009393451312899e-02,2.591864106435895140e-02
4.219958652667497520e-03,4.509424382656064823e-01
1.474049911092015497e-01,-1.566930375629837224e-01
-6.738116913349501136e-02,-3.384989492994663028e-03
3.629470840742088367e-01,1.909115428730450426e-01
3.987630245349613189e-01,6.522655664078383930e-01
-5.920891266922706508e-01,-4.597581660497658262e-01
-5.802899720852264936e-02,2.056389594254777117e-02
-1.727499490173495800e-01,2.735059141089468682e-01
-4.873185833691977553e-01,-3.394872495427670583e-02
3.257473482250611285e-02,-5.724257688090611529e-02
-5.323123922524487517e-01,-4.311653148808788916e-01
3.178635362903917683e-01,-1.971227378143780573e-01
-2.775166493933312051e-01,1.069487285449369635e-01
5.428627875573246442e-01,-1.081561145212726477e-01
1.201667657429037611e-02,-1.271998923672311710e-01
-3.567647140455776911e-01,-2.856911772590273735e-01
9.173054829991528214e-02,-1.245492357955585994e-01
-3.267151605610569276e-01,3.874848444280686866e-01
1.741484599564609714e-01,-1.849776820143659017e-01
-3.508010874241166976e-01,-2.456907168961488253e-01
-1.366943196108997985e-03,1.501358829291284461e-02
-2.871115308386154030e-01,3.886624906780427602e-01
4.473808489292933621e-01,3.489739891830186819e-02
3.878659231901765425e-01,-7.657778210004304031e-02
2.597561044383666640e-01,1.083764898163942642e-01
7.227247685298081314e-02,-1.037491761398612877e-01
-4.054969079571232315e-01,-3.363284594718196630e-01
-1.508628299019285357e-01,8.714501596117682491e-02
-2.313699990527939010e-01,-2.261641907473266599e-01
1.538130548545204312e-01,-9.411256402821613354e-02
-4.478469204518859548e-01,-1.507040263375710731e-01
-1.214050311086917709e-02,3.802874078213426268e-01
-4.338787315401946287e-01,3.263347644638149303e-01
-1.623450669815721531e-02,-1.841645887525990011e-01
4.352692877819437922e-01,1.706906659955615413e-01
-2.507660405962839900e-01,1.709978909473854336e-01
2.811269404602294575e-01,-1.595159055582827945e-01
-6.476848384815048210e-02,-1.957685730888032438e-01
2.748365118804568241e-01,2.463370876884394406e-02
-9.754042355393155450e-02,1.557887678417362864e-01
-6.672571345584911440e-02,-2.035008713318063323e-01
2.595169046263057777e-01,8.333468255992376728e-03
1.130727526760105101e-01,6.229288489103264048e-01
4.096022679014718615e-01,-2.158397717911717528e-01
2.419152934750669615e-01,-1.410779477478082689e-01
-2.479374001276815065e-01,1.002733217439885222e-01
-1.626841989712185244e-01,-6.872483120775038645e-02
6.710849597806704814e-02,-2.992252060761558807e-01
-1.112114652991290226e-01,4.075887298343695009e-01
-5.942624492995964847e-01,2.400077341735001868e-01
1.184224447108315620e-01,1.850679444524543082e-01
1.070806566965177981e-01,1.812479870294015361e-01
-3.632895115656908369e-01,-2.747479523264052120e-02
-1.729040811130985733e-01,-1.034659115087925574e-01
3.300575947991961079e-01,-2.928569640513099537e-01
1.014932973289885826e-02,-2.504015973800720329e-02
3.790381408869253343e-02,-1.581955451918020117e-01
4.220206958509414158e-02,2.375598698182811164e-02
-1.609713695901422992e-01,4.497226026982275443e-02
2.326393203060135029e-01,-7.804276500634264868e-02
2.178493975811118810e-01,-1.300807850973419721e-01
-9.306032115264729898e-02,-2.129815832801838782e-01
-6.797202014260225744e-02,9.484952417454485529e-02
2.464673523285867696e-01,1.267652418677943371e-01
3.823083807888726371e-01,4.663979573127524647e-02
-3.007649805890290073e-01,2.000699761102481614e-02
-3.814935343049597471e-01,3.340291526439651548e-01
4.060060294387067836e-01,-7.910314691513146979e-02
-1.311118354267357677e-01,2.772768722040139244e-01
-5.694395497676681822e-02,-1.159517309333506392e-02
-1.720298578102398557e-01,-4.858081252666573424e-01
5.438286395691378089e-02,-2.111236792474994739e-01
2.649268267533966825e-01,-4.744879952565367875e-01
-6.958529790725518360e-01,-7.351729897007358572e-02
3.817387501284014162e-01,-4.990100056593256839e-01
-5.250481174561736353e-01,-5.917977764594401641e-02
-2.570662308579222954e-01,-4.058505903759696554e-01
-1.893765989934715621e-01,-2.010903627745093750e-02
-6.133679189651534136e-01,-2.798549904165905655e-01
-5.811573125496529713e-01,-3.751312262280026566e-01
-2.261319819471530879e-01,3.890513159879310234e-01
-5.619078475725094446e-01,-2.351247826672718810e-01
-1.905624841413509907e-01,4.509027368340186304e-02
1.300424262350101667e-01,5.803076678411714928e-01
1.925618082534714948e-01,3.922550425208611719e-02
-1.825814819976286918e-01,-6.119105860089286281e-02
1.943343586923279853e-01,2.351509616993497920e-01
1.101135939573946315e-01,-3.698427991301932449e-01
-2.365612442348849764e-01,-2.371394854985915124e-01
2.468330502109547797e-01,2.210519975089003109e-01
2.095176636125688496e-01,-2.655380618761695177e-01
-3.656586403369616045e-01,2.319857295039065292e-01
-1.694473007224907568e-01,4.050802774843541010e-01
-4.001138455404846250e-01,2.575862296836610166e-01
-2.597019681812310354e-01,-6.066049416901081459e-01
2.959746095423997914e-01,-2.016912763797629460e-01
1.060752075965391561e-01,4.564668110637712384e-02
-1.756809808469150802e-01,-3.054199700790290462e-01
2.059849225716617049e-01,-2.137185967471584916e-02
3.392441201885037505e-01,1.004774731637640833e-01
4.295043499466109221e-02,1.041964749081076419e-01
-2.294709177918713428e-01,-7.550836756297645003e-02
-2.918060946679782441e-01,1.219327594780156149e-01
1.977404747315328684e-02,4.838846554558226543e-01
1.677321351376088732e-01,-2.739523174765904345e-01
-2.470071281717077794e-01,-3.761285380262457956e-02
-3.060562510032706698e-02,-1.666733759644275226e-01
-3.238082316112478320e-01,1.196893959123835477e-01
7.346547608488696035e-01,1.765329311718012162e-01
9.709373087318932949e-02,1.570265695025559877e-02
-4.615390605285777381e-01,-5.400249389717866055e-01
5.831570026118857442e-01,-2.327992353253168986e-02
3.128766589445346469e-01,-6.169147963627032161e-02
3.464412250540031546e-01,2.640452474515200265e-01
-4.053009446248513337e-01,-3.352860518565097814e-01
-6.792128239759510563e-03,4.062939632734055562e-01
6.602231595414663479e-02,2.631917556174948047e-01
3.702802378571042885e-01,-2.440148414732639381e-01
1.976447588501435149e-01,3.514241465264943964e-01
5.385315003597958006e-01,-3.292069568065819629e-02
-1.051105301070406339e-01,2.365264445173126673e-01
-5.631718409160573618e-02,1.291039013463940455e-01
-4.276393057543418919e-01,-1.675506208503548811e-01
7.282066490131059444e-01,-1.837100262657512528e-01
-2.805903445774729499e-01,2.067753071623340544e-01
-1.910679713975257654e-01,-2.226205106922500565e-01
-1.055084451948988533e-01,-3.186141353874893389e-01
-1.102375899167636342e-01,-5.699542051783502983e-02
-2.087198986084199681e-01,3.141935379306843301e-01
3.449245327586884513e-01,-1.403848669583946662e-01
5.504130216272115073e-01,1.471697915274742252e-01
7.142508760088907005e-01,1.668690337038898908e-01
-3.872238925587676017e-02,7.869583323686460408e-02
-2.576033580834117265e-01,3.059125723573414835e-01
-2.554617051766271962e-01,3.553736486321332211e-01
4.316491863603663659e-01,-1.051223933851428011e-01
1.179203562140718475e-01,-4.398823112177118744e-01
4.524083439212288615e-01,2.131869390852827728e-01
3.897189761052781698e-01,2.210277195719518861e-01
-1.213182139820896677e-01,-1.716634266791952357e-01
7.065181576869730695e-02,3.335968979815318591e-01
-5.561249936913659209e-01,2.413003598980038300e-01
-2.516131832011609393e-01,1.959138639257494152e-01
2.320694888376260145e-01,-4.882347897818580806e-01
-4.530109659416987622e-01,2.123572003670446129e-01
-2.314631688108438612e-01,-4.994662387198441356e-01
2.861219450282606047e-01,4.246777304755599003e-01
-3.002660461219642252e-01,3.493652870950303968e-01
2.482130254962445770e-01,2.767097356900919403e-01
3.571088157486265735e-01,3.409081629991452256e-01
4.038398466532006070e-02,1.887953504905127630e-02
3.191985142061250502e-01,-5.888945123197759923e-02
-2.307279387658367487e-01,1.973494435576144401e-01
-5.509798574248111341e-02,-3.696955990052743224e-01
5.234002712872505292e-01,-2.097896810610592189e-01
-4.547386250822767484e-01,1.022420098095985913e-01
3.058900667357462577e-01,1.672480398434910143e-01
2.928950801711154850e-01,-4.014146638806650458e-01
1.631200703585072298e-01,-1.054682842011589017e+00
-6.436678603658098352e-02,4.713546954858108817e-01
-1.801130249474804448e-02,-4.918731226346894636e-01
8.817574468071964766e-02,-8.120253443042045605e-02
-7.031019228228855278e-01,-4.172201539450378499e-02
-8.785155440091742263e-02,4.119423182939954686e-01
-1.389253878887547825e-02,2.411979734098423367e-01
-1.806114274489140914e-01,3.963344838182686902e-01
-2.002639717290312926e-01,-3.472982907576374068e-01
2.175059743156813330e-01,-5.381789544473554177e-01
1.333712035832532727e-01,-1.538798112053071931e-01
-5.778416509872222884e-01,1.729361299213567904e-01
-2.498471758944018351e-01,4.977162905229932655e-01
-2.747162199650586833e-01,5.121015647344212551e-01
1.495210366495567170e-02,-1.366491784565732059e-01
2.436817467805714732e-01,-3.979374107395113325e-01
-6.355100138553719802e-01,7.232634936241477686e-01
5.476407270155908558e-01,-5.501324065628357962e-01
2.508125273653310505e-01,1.971415034883246542e-01
-4.340834949144039417e-02,3.728309455325671817e-01
5.842526789784865948e-02,-2.119184837030537172e-01
-1.322272458851450894e-01,-2.748510944417555946e-01
-2.486706548832047503e-01,1.820202262403518290e-01
-6.701020229667303645e-03,-5.925540557323083490e-01
2.295230234781710232e-01,4.363173396701089390e-01
-3.116644312341433354e-01,2.994071683831694419e-01
2.664691342711482669e-01,1.125081759607020337e-01
-3.297025169330377037e-01,-8.722530334329173241e-02
-1.927629297796971675e-01,-1.432188743057200009e-01
2.260594128829853788e-03,-1.417553885111419998e-01
-2.237327714561736236e-01,3.794054761423597544e-01
7.923524257031292484e-01,6.885948619634205126e-02
2.836036530446847115e-01,2.730035354793771130e-01
-5.679971764767044462e-02,-4.691942714205449838e-01
5.274450905494559860e-02,-3.701064033718693413e-01
3.207190736105273998e-02,1.023460961922160462e-01
5.641799846962386455e-02,7.683484503285099854e-02
-3.797440546071734202e-01,2.744223463970074661e-02
2.605299520548685077e-01,3.711067645028361395e-01
-2.676630537371610941e-01,-3.277887031631486758e-01
8.334983710037697779e-01,-1.185367261084400159e-01
2.885602638134689146e-02,4.530994465095395940e-01
1.625210917311304959e-01,-2.587056049912730971e-02
4.534512003812654624e-01,-1.099260094980778757e-01
-3.668488783855868851e-01,3.533930042206171462e-01
-2.362174898666195288e-01,-2.198796949142321211e-01
2.224379041295403148e-01,4.387994371998399368e-01
-4.236228384206908726e-01,-2.360434993915191612e-02
-1.749711883937210832e-01,-1.270641922607348706e-01
3.004235628099016786e-01,-3.204102583218840228e-01
-1.676850374846740321e-01,-7.770798384405194770e-02
4.388595540130613148e-01,2.864685131702587317e-01
-9.218718391444628846e-02,-2.863637396233422172e-01
1.840912196152692804e-02,-1.305728513896516237e-02
-5.948500510652494216e-02,2.575136625388508294e-01
-2.649107311691082378e-01,-1.533717830063850152e-01
-8.991650627195649226e-02,-3.498072163163778569e-03
-1.240392979503901760e-01,7.902489661951810074e-02
-8.140713108278692378e-02,-3.479819597499596989e-02
-5.190925150194166671e-01,-1.032162295868874757e-01
9.193493615971499999e-03,-1.713331886934076065e-01
-2.938101321543755695e-01,-3.816846215420748312e-01
-3.697389798563771035e-01,-2.882009932178843381e-01
7.459500770829350369e-01,-2.193386779335305126e-01
-2.189607840260114902e-01,4.483967909605043323e-01
-3.353140103744173817e-01,3.131234623215130020e-01
7.213991697080307519e-01,1.439716410792958035e-01
-1.543933004652293939e-01,2.658697875187733262e-01
-1.102844278143179230e-01,-1.318355383058422148e-01
1.742570651864167874e-01,1.244032815299614680e-01
-2.186185781092129798e-01,1.360279361804524190e-01
1.878137839133225406e-01,4.529117930833967964e-01
2.023555672273677775e-01,1.666700716332286392e-01
-3.300403543632751679e-01,-5.512034148478485163e-01
1.888224372565574377e-02,-4.956510159748226396e-01
-1.763469523532251448e-01,-3.329116577985545278e-01
-1.123462319247933300e-01,1.447762708378159957e-01
1.266834758317746112e-01,-2.381775529733414776e-01
2.541883093798878446e-01,-2.442759606889056967e-01
5.954179112975594990e-01,-1.590398701099860618e-02
-1.214358679179716322e-01,1.255438472114772108e-01
-1.963097992673554573e-02,-4.841341288520775504e-04
-5.381592485005500803e-01,1.320549315774485477e-01
-1.236211890467561469e-01,-8.268685223738188317e-02
-2.724231784500208975e-01,-2.141022360297039837e-02
-2.512512474449530853e-01,6.045590076391756940e-01
2.975753437343726659e-01,8.903272528495956295e-02
-2.939359221184263404e-01,-6.395480418651373899e-02
1.120552579616402589e-01,-3.528095450398409105e-01
-8.277353599314180022e-02,3.057468715870483855e-01
-1.336170037256786958e-02,-6.354285290103482697e-02
-1.758199104828412629e-01,-1.431428583704328905e-01
-4.360078748951691785e-01,1.989004270768879590e-01
2.964481373771799544e-01,3.416560966317033765e-01
6.077652107709900081e-02,1.196396427681479906e-02
3.610684197649804417e-01,-4.595692682379184935e-02
8.144156305156263764e-01,7.677456173877533763e-02
3.154526593728840256e-02,-2.382219541594848000e-01
6.608600925327289266e-01,-5.096362103518966430e-02
1.955230284862274626e-01,-3.693803784470409135e-01
1.812684292100523453e-01,-3.993774009610012721e-01
-1.670957038886823065e-01,-4.359589334278393125e-01
5.697938942255836164e-02,9.291991964847197416e-02
-3.587684689878457844e-02,1.941320243213871116e-02
6.627620680671439390e-02,5.720928153511349867e-01
-1.083315341698987688e-01,1.804758679741415295e-01
8.094125621530133818e-01,-9.735497063766408721e-02
-2.441396889624781186e-01,-2.105566305271853733e-01
1.178519201498886698e-01,1.534955956134652633e-01
4.743445391661685329e-01,-2.842599602781756829e-01
5.114098229340445778e-01,-6.403625306670845951e-01
8.079477473527929554e-02,4.876603342623866272e-02
-3.197996493345702795e-01,2.814560484502568599e-02
-3.700778786270236265e-01,1.756982661751126662e-01
-2.296721012604802103e-01,6.193062715821984199e-02
-8.045196349177982098e-01,-9.995873271805492954e-02
4.930992006769572833e-01,-1.968406612054206806e-01
4.245532066160046837e-03,-2.418734210608727009e-01
6.310225799518295320e-01,2.510315168807209507e-01
1.217185617363793632e-01,1.783236434301043241e-02
-2.661557596950782020e-02,4.834287202579007348e-01
1.193324635621939994e-01,-2.302995078547114272e-01
4.263101224212627050e-01,-1.715770869443546121e-01
3.629665817118538640e-01,-1.417214565465485798e-01
-9.003844098901619963e-02,-2.727244714125462433e-01
1.218285764203405272e-02,3.607105528017352791e-02
-6.197150073425178318e-01,1.895664337803401323e-01
-1.251636978568156089e-01,7.039215096027660878e-02
1.683780366145633603e-02,8.156911617369032308e-02
-1.190271697137779833e-01,-7.491375249047674267e-02
1.239485297131831532e-01,-1.190805527132466346e-01
-3.794309404370386218e-01,4.035402941883928785e-01
-2.760523233394171494e-02,-1.762588673507075598e-01
3.374227539840036205e-01,-2.468580874469779585e-01
-9.599539896218316215e-02,-9.347651358936094612e-02
-1.184540224859067098e-01,6.802977886196596158e-01
1.352250536421528704e-01,8.493433936836085330e-02
-6.683067822587329676e-02,2.490868958630014507e-01
1.891720392126445410e-02,-4.381299985027825028e-01
-1.811343197958947826e-01,-7.803040205865793832e-02
1.091143619736015778e-02,9.066542030643942596e-02
1.092759390879033954e-01,-2.752628325001816312e-01
-3.702224588637683667e-01,4.395042132813072322e-01
2.875079578972724037e-01,-5.417976932205562646e-01
2.656027321921183848e-01,1.221667994648097666e-01
-8.522413859019997706e-02,-2.739167076529664541e-02
5.162411780513220805e-01,-2.306777351012775645e-01
5.113442444529866515e-01,2.235124429117451295e-01
-3.081770012001118220e-01,-2.452440255701613669e-01
5.250008643418164755e-01,-1.937075411174906392e-01
-1.525146440941352044e-01,-4.873510679999712991e-01
3.453037820482650951e-03,-1.252389778817421251e-01
7.367023468309820133e-01,2.524350582622906236e-01
3.649791796824030099e-01,-2.382390024342608270e-01
-1.733842704543884228e-01,4.666288764357714447e-01
4.317715419497428209e-01,-1.085725439027454137e-01
1.974770235122074724e-01,-1.963302606309095810e-01
-1.316201436245167111e-01,-6.034386603463489651e-01
9.983492299960350369e-02,-1.276952804485259607e-01
2.936591643329074519e-01,2.169050398157975623e-01
-4.784099635726070110e-01,4.664318240723074327e-01
-5.901075005427903336e-02,1.452390233185946178e-01
-5.151540878105121957e-01,5.017826867065421359e-01
-2.850527772120165504e-01,3.178140842294062685e-01
-2.246267338225856336e-01,-2.540116884924650820e-01
-9.691342128058691441e-02,-5.740579506886737959e-02
3.713638680583857266e-01,4.960347335277520142e-01
2.273539610202043315e-01,-3.301634250888330624e-01
1.169906460191904793e-02,-2.814026555221333867e-02
1.577248970727051780e-01,2.264871221864361572e-01
-7.215926359516292021e-02,1.607242935743336265e-01
3.099386424181018729e-01,-1.517869329605972019e-02
2.878396217602344209e-01,-6.413538894850715488e-01
2.323224844433550429e-01,3.136058223918601895e-01
4.386313247410613125e-01,-2.394425343736732506e-02
2.265157305876138172e-01,-4.266082516921101443e-03
2.954047322611941251e-01,5.969058123826826573e-02
-2.405412138647149423e-01,1.415860817153986595e-01
-1.385663743613518295e-01,-4.236301924751138537e-01
2.176069081630979118e-01,8.415598450773793815e-02
-4.001159376548016899e-01,2.696080525427730912e-01
5.917026422251731033e-01,1.074051553217559990e-01
1.322870245051964710e-01,2.688541916149007616e-01
-2.564561303874689502e-01,3.088794431620889847e-01
-1.586012765062377317e-01,1.025198674653515496e-01
8.336572231038723302e-03,4.128861706750212579e-01
-4.281718253791732542e-01,9.949717774744490373e-02
-2.813218728004430735e-01,-9.023296115400560036e-02
1.780023514224846615e-01,-2.093796653290003473e-01
1.859912461774979597e-01,-4.765878806603993101e-01
-2.237970187232840302e-01,4.416439873762172397e-01
4.076156599424916593e-01,3.548536063633631610e-01
5.647647208965415888e-02,-8.744915689387168511e-02
1.895376168633833291e-02,-6.012296446459233223e-01
5.851282628659972840e-01,-2.694635885296770561e-01
-5.214434344650484970e-02,-3.883988084549656605e-01
3.001027938656981586e-01,-4.844016762338398951e-01
1.119218112287530542e-01,-2.134657916676874490e-01
-3.710198560288960334e-01,1.615714086782113201e-01
-1.284289111995207955e-01,5.387514527685476340e-01
-1.194366750927883802e-01,-3.827326650817803461e-02
1.424872570980826314e-01,2.166485209700934889e-01
-2.263390410451886492e-01,6.767638410174988683e-01
2.034729363056166085e-01,-7.611991300240258940e-02
9.048290446364787298e-02,2.503245447798817525e-01
-1.525392385659274375e-01,-4.059179207495925978e-01
-6.640648075390632732e-01,2.259448842223210907e-01
6.486057967031705340e-02,-7.047258684603083245e-02
2.798655053675658810e-01,2.027024282333559912e-01
2.851246760801494085e-01,-1.343973936438966899e-01
-3.838666388052838219e-01,-1.624160269976552976e-03
-2.334721902232632373e-02,-2.763901204941509038e-01
1.180783060657283057e-01,-3.803070823154831026e-01
3.859539608344713657e-01,-1.027913233497959045e-01
6.732405866465866751e-02,4.705558847058158300e-01
4.058797706426964802e-01,1.221683206692854018e-01
3.811785163446961278e-01,4.493188039353761543e-01
2.399975576123676013e-01,2.737178863680445606e-01
-5.927925934471393876e-02,7.326849465605516087e-01
2.131260948483864048e-01,3.905116577514286536e-01
4.449305762782893026e-02,3.246393699874577377e-01
-2.289392678723428942e-01,1.423979581397202265e-01
6.274793081402442185e-01,-1.086189403684877791e-01
-8.149596412029062042e-01,-1.246494955952648781e-01
7.900650139851091158e-02,2.142574032078688184e-01
-4.797385695934157090e-01,-3.863721793734313237e-01
-8.975174623254419393e-01,7.295950856858680611e-01
1.003053948855328198e-01,-4.617755625329237890e-01
9.383769186559194619e-02,-7.437097683469778842e-02
3.266357815459352554e-01,3.244238814871026888e-02
4.893711341807605031e-01,-1.143459370393479363e-01
4.136392099871900041e-01,-2.257859694547820206e-01
4.187622951779160219e-01,5.939736506778555691e-01
2.521001010302989856e-02,-4.468037162645832616e-01
-1.576083868824037504e-01,1.486918746131025704e-01
3.841531338807236406e-01,1.064191352109083305e-01
2.966376197325351627e-01,-2.633165053318173299e-01
2.881957542622783364e-01,-1.022312054382772117e-01
1.604059113233194944e-01,-2.396704961759869301e-01
3.941341041134064915e-01,1.701350741585797299e-01
1.519717491650371920e-02,4.099634634238371600e-01
6.721345202167541832e-02,3.457228317159470876e-01
-2.094318548304718430e-03,-2.058653308100864554e-01
2.072449752591796687e-02,-4.166475677431695501e-02
9.406666529103047125e-01,-4.646798930983212506e-01
-4.713663428047076276e-01,-6.784860043668174967e-01
2.750049298135305229e-02,-2.506737948259970539e-01
-5.561901339336161598e-01,-1.018991774261058039e-02
-2.125348702555079905e-01,4.208953297674142835e-01
1.661314491374665803e-01,-5.607177432658235761e-01
4.206210622509596875e-01,-4.478558204038185497e-02
3.975038010602470195e-01,-6.992310414439093513e-01
-4.292403006702016216e-02,4.224062142352478233e-01
-1.563531065357362249e-01,-3.123037173357135488e-01
-1.374422139819180821e-01,1.887737930901281225e-01
-1.228577865772927935e-01,-1.190479286607367126e-01
-1.771619739362846613e-01,-5.438210297205039456e-01
-6.902187394253593566e-02,-2.682800511906812124e-01
-6.967368185413123916e-02,-5.766742246981080289e-01
2.114841662114108622e-01,-3.888660769485119406e-02
-6.286594063199513194e-01,-2.660781661256627073e-01
-3.553363045752818694e-01,1.401754595367840361e-01
-8.019593972502131463e-02,2.458171019312699324e-01
-3.541417464312318630e-01,-6.847185127778262492e-01
5.524745661321168143e-03,7.598155656814022940e-01
9.841998222118782114e-02,-2.701507320391787759e-01
8.538093602926485892e-02,-9.780940724480241544e-02
4.593907227542250449e-01,-3.663053800864409792e-01
8.966297498381031739e-02,-1.322054064842999865e-01
1.353469086882897743e-01,-2.926668532307702963e-01
5.493853653501677703e-02,4.223191272281349717e-01
2.292224326438098425e-01,-1.686319956420019861e-01
-2.762332352707633221e-01,3.040006380914450634e-01
3.003336518573252456e-01,-2.743376675830612732e-01
2.096126207023058796e-01,-5.884566070055751164e-01
2.972495350375879974e-01,2.678049649337053695e-01
-1.931552492176777103e-01,4.339286148443636248e-01
-6.956708947160353818e-01,1.835912741742876386e-01
2.945857841090145368e-01,-3.384260186337048615e-01
1.966699432106734091e-01,-7.158399773382792541e-02
-2.457802501126053751e-01,-5.327277024657572913e-03
2.573144469255416594e-02,-4.563273429184691032e-01
-4.491519314143883057e-01,-7.598572405212001835e-01
2.577279321137811441e-01,-1.522006365280957618e-01
1.235599219137213656e-01,-3.049503957897145567e-01
5.240197358319265142e-01,-7.107769091624950297e-01
9.914489489232018726e-02,-2.607196261627539938e-03
1.078530605519134322e-01,1.815742348544865103e-01
2.961902253488729597e-01,3.821735421981072300e-01
2.661683903869066503e-01,1.214979468606121188e-01
-3.727608795573579825e-01,3.946842977248699036e-01
-3.045983379455638115e-02,-2.907652800710117807e-02
-2.026262796820439693e-01,8.572136860902178634e-01
-6.995365941230571871e-02,2.687469580175340100e-01
-3.362394539672114990e-01,-5.118728017068602254e-01
2.679346606235088468e-01,-3.668918020810693070e-01
-2.067709975750275930e-01,3.899859377847559871e-01
4.821433151983053333e-01,4.451591579224049161e-02
-3.032422080918147772e-02,2.084303659839086345e-02
-2.957496494024609568e-01,2.931577833644185560e-01
2.398849235449172501e-01,-6.404082059560282092e-01
-1.079241120122439723e-01,2.572350913261595151e-01
9.409153497192536408e-02,2.038625895502365892e-01
-3.196615476885527607e-01,4.044775898946174619e-01
-4.450176066123391616e-03,2.522573869672373181e-01
-8.583734764652478644e-02,1.435742862037620859e-01
2.067947810314373636e-01,-1.542501782668238008e-01
1.480753333737805377e-01,2.137172740270366633e-01
-4.451560690773622153e-01,2.410893961266872831e-01
-2.747686331593862663e-01,6.683039744092150736e-02
-6.708280888202703407e-01,-6.502105388779602091e-01
7.597614543751259886e-01,-5.838724827239617499e-01
-2.509317885078939797e-02,-1.482859916635439201e-01
5.250098113006929079e-01,2.909911932976851356e-01
-2.169678707321185118e-01,2.896945071317797438e-01
-4.920801766538154820e-01,2.316520542995533644e-02
-1.899973428033929213e-01,-3.518877528544248623e-01
1.454124110120617042e-01,-2.608294183914436348e-01
-1.903500303951024264e-01,-7.362920440964412228e-01
-1.581711338692752544e-01,6.074214294842354978e-01
-2.036905897033966517e-01,6.335649205230912961e-02
-7.039574503369934455e-02,-1.803691697938716587e-01
5.441784268900442534e-01,-3.038060394778132056e-01
2.385391908135052752e-01,3.276104942160319999e-01
1.025320586161092562e-01,5.752762213660018720e-01
-4.719008830301464341e-01,-7.685767153944170205e-02
1.395049028442506833e-01,-2.547225222034430470e-01
-7.976896694910554086e-02,-5.052463240368384456e-01
3.581315018516237347e-01,1.179487823652197953e+00
2.350385607294415147e-01,1.289339204740394540e-01
-4.762918563456571275e-01,4.366823901219656773e-02
1.573360327148272120e-01,-7.801205773982895775e-02
-1.225503122589513688e-01,-1.025788671270483898e-01
-5.677367367279986254e-01,-8.675336966505877573e-03
-6.363005671191379609e-02,8.066575355681122883e-02
-7.825503014177231931e-01,4.929104432132082325e-02
1.753467909573897254e-01,3.682669629515913368e-01
6.224943242204346028e-01,3.901497303282324691e-01
1.422609344989374802e-01,2.615538979319911861e-01
-3.867094771843566092e-01,-3.240829857352869880e-01
5.962420600745139271e-02,-5.501260158622676144e-01
-3.129623682042768085e-01,2.560086157362409867e-02
1.189510714498042965e-01,4.539054233766519619e-01
-7.949570609343638294e-02,-3.750628069446067941e-02
3.101944877919630278e-02,-4.623666724259225536e-01
2.393160180423812289e-01,-2.894873984299259351e-02
3.329464596817692523e-02,-8.076965476008263201e-01
3.601125733303440213e-01,1.597350818101508571e-02
1.398766732049129893e-02,-6.909520949470652207e-01
1.771471765000538490e-01,4.356951965960260131e-01
-2.680596250830759031e-01,-2.177625412764930823e-01
-3.144409168428807244e-01,3.814106213634802511e-01
1.031009853805283372e-01,-1.253172845770516020e-01
9.388850658429179208e-02,-1.573601409312605504e-02
5.100894659287771166e-02,6.196562039861134435e-02
-3.110518373352387234e-01,2.780173910643641277e-01
-4.312606041599470474e-01,-7.848881661811532920e-03
2.769927184227505834e-01,-1.202164854881833736e-02
-1.531008626466621725e-01,7.616166130326304518e-02
1.866190304789917265e-01,7.006294898431841833e-01
-7.344215166166742081e-01,-4.164929606096103853e-01
1.730464726203490844e-01,-2.825160319855719027e-01
2.571230711962940729e-01,-7.411175156219220739e-01
-2.074377060874676437e-01,8.976457103095628054e-02
-1.092533936229730662e-01,5.508513607899181291e-02
1.294242410585509373e-01,-1.895004021947652162e-01
-1.047713202511272174e-01,-2.837148655918352302e-01
2.836766433891044770e-01,-3.080491124361576794e-01
-1.089358159864415448e-01,-1.582927063305189785e-01
1.381016891268008751e-01,-4.923628463364057573e-01
5.990551207388242760e-01,-4.437643196168103987e-01
-1.659165973848302986e-02,-4.596198558155107500e-02
-3.955331281294600654e-01,2.686937788998061682e-01
-5.838961539904196085e-01,1.045368673327440878e-01
-2.241682346297500517e-01,-1.074568231201368344e-02
2.444364659754532376e-01,4.402605145542016346e-02
-6.594888788898568832e-02,4.624016739287957201e-01
-4.265150157628527089e-03,-3.690020246408156485e-02
-3.082406596797320972e-02,-8.321146210489273332e-02
-3.738087354215450242e-01,-9.346737190770103287e-02
-2.076154209465063197e-02,6.052101179890678750e-01
-5.305245623254726262e-01,2.058505188124138963e-01
-9.628678216642358456e-02,-6.590594380013331532e-02
-7.354389398494824703e-02,1.877541061771586250e-01
-1.025991376029788127e-01,-3.002694274672130237e-01
5.567708495668953483e-02,1.994385126467544123e-01
-7.938948567694789071e-01,-2.243587713975630712e-02
1.934943685953828818e-01,1.827730855416092592e-01
1.203472320971126497e-01,1.218760673603402622e-01
1.958196770463737080e-01,4.653095840317535425e-01
1.137834272123803420e-01,-2.955411962576295348e-01
7.334121639198136477e-02,-9.609925221872238355e-02
-3.861744133990900885e-01,-2.174577484883452316e-01
2.917000261807660144e-01,-2.026551200013830822e-01
-2.125870848018004619e-02,1.195489471683764682e-01
-4.683677977390628827e-02,2.193388937358202173e-01
7.080712631917668309e-02,-2.438843433652856385e-01
-1.720467358810691128e-01,-1.435827389537824572e-01
-3.720694932886814410e-01,6.321706785845940257e-02
-3.440367933062527528e-01,2.247320792139717860e-01
6.240974626767713945e-03,-3.100336743572133791e-02
7.624003986905469876e-02,-1.716215447422754503e-01
-2.053803786929747355e-01,-5.164801623193866487e-01
1.427044259611167376e-01,-3.026532968889576458e-01
-4.480522298156566080e-02,-5.847793994402817885e-01
-6.613496727818627408e-01,7.197834252157764290e-02
-5.027727970678352865e-01,-2.517663791749086277e-01
-3.651589585235694990e-01,-8.807117143587366026e-02
1.741344063527612562e-01,2.495687640047639932e-01
-4.093847455102478938e-01,-2.601198583211484783e-01
-3.194081992957498173e-01,-2.811131284521367624e-02
1.078094189821416637e-01,-1.915525886573835324e-01
2.011646672988481044e-01,5.073687871368838531e-02
4.138498123707411991e-01,-6.713641905082092798e-01
-3.117290398101331683e-01,-5.432560139719390113e-01
1.364757096985579621e-01,-5.466474632590192506e-01
4.893671072461923677e-01,3.939288222687171159e-01
-5.368517182297823792e-02,6.562950490851989782e-01
-5.202680122344534031e-01,2.700404281660630512e-01
1.692319879346768641e-01,2.004947587323951119e-01
-8.982291929057593938e-02,-1.821453025664889203e-01
-2.919133492375581840e-01,1.027664890343872595e-01
-7.600159764667990814e-01,2.041048236988645403e-01
3.406115507998292991e-01,-1.845132591446445591e-01
-4.007240189942480879e-01,-5.418274571980064014e-01
2.875814829108893633e-01,-2.369924765451668358e-01
3.405558736304765272e-02,5.981938476059411869e-02
-2.989534617171751840e-01,-2.714106574012403739e-01
1.739837417895065408e-02,-3.877995212250403001e-01
-1.533733793036881621e-01,-6.747784256769366606e-02
-7.518396575131303106e-02,3.119328973328588939e-01
3.123397187280543275e-01,8.677616274209758174e-02
-2.720232083540777279e-01,-5.457484240095134692e-02
9.764756468979590709e-02,-5.561193429792852250e-01
-3.330147498838730846e-01,-1.964002522425838115e-01
2.777875558410716761e-01,-2.121050948356387467e-01
1.747548964619915213e-01,-2.316556555520444538e-01
5.688293510197536124e-02,4.610075429861776319e-01
-3.018623735561642984e-01,-3.449022705236362563e-01
3.715725097616462969e-01,3.620961833889282389e-01
-3.527833076101445919e-01,1.227312593691190085e-01
3.129939323897497627e-01,-1.182188454040032505e-01
4.868392860819485968e-01,4.321131524292440851e-01
4.993993059551480873e-01,-1.880956129045393832e-01
-3.671135221519733483e-01,-5.577648547052013045e-02
1.615046856875068659e-01,-2.766241703998059132e-01
8.807851255715029026e-01,-3.534401422956052335e-02
9.024907238454470126e-02,-7.859283684089839461e-01
2.465422749836306340e-02,-5.996226797256021257e-01
-2.224306089393410513e-01,5.668424543567843112e-04
-3.876805379579417732e-01,-1.407701856536700546e-01
2.047617780205975013e-01,-4.814916840541637599e-01
-4.069551853418642423e-02,3.045878015266809125e-01
5.849027872719305687e-01,-4.261371840354452600e-01
-2.426553451713243104e-01,1.609774141236465228e-01
-3.204337378120626911e-01,-5.655769984344939383e-01
-2.213746677604062074e-01,-3.300366415156677502e-01
-7.952376171857222786e-01,3.987410265830751421e-01
-2.424782152651531186e-01,5.331505185567807503e-01
-3.151320025198866004e-01,1.882915755862325791e-01
5.275513704697184503e-01,-1.232695343087232970e-01
2.434050892284145562e-01,-2.316657048498070581e-01
7.777235756467199002e-01,-2.640936797955660276e-01
-4.286955106359997547e-01,-1.471970264076202239e-01
-1.115100107737732049e-01,-4.075825014596958229e-01
5.880992302243752690e-01,-3.231299236667344865e-01
5.162960260556071629e-02,-2.053386969787935057e-01
-3.585713169937818634e-01,-2.464488622227742343e-01
7.770321765175394746e-02,-5.075999598955148462e-02
4.799687471973513309e-01,1.862199105364742771e-02
1.628684055095555305e-01,7.893797418915722564e-03
2.172982545893923090e-01,-2.450866213631383850e-01
3.830173507940302646e-01,-2.728763156982254579e-01
-2.401042233204562226e-01,-1.437921634801857806e-01
1.792233217457355754e-01,4.296984554968108494e-01
1.830738363374668221e-01,1.971517147708480300e-01
2.545622779754782017e-01,1.492705685508390889e-01
1.229370410820273679e-01,-9.995029642865510544e-02
-1.248681753151868468e-01,-3.133352453962564566e-01
4.026621668313664082e-01,-1.111448581703560062e-01
-8.237999209209785970e-03,-1.210891786353874011e-01
9.522861978164763597e-02,2.258089674661135915e-01
8.532201958245808626e-01,-1.198461267722223667e-01
-6.122009701908975865e-01,-2.406444931781194160e-02
3.659208476285761430e-02,-5.628453597964859778e-01
-1.014137972941869525e-01,-1.451731345629686531e-01
-2.594544160813000433e-01,-2.930548512638730951e-01
-9.071654281729547853e-02,3.868828360006243416e-02
-2.540893491815224836e-01,-2.443558007358799522e-01
2.687067144727648960e-01,-4.105080223041648324e-01
4.323951859391227115e-02,6.503382166529855235e-01
-1.514859261213052644e-01,-1.459783777518361414e-01
1.458679370923318952e-01,3.715873550445964596e-02
-4.692710329571044836e-01,-5.802896324355245883e-02
-9.548461236124308749e-02,1.790725986560038341e-01
1.208016634851268728e-01,4.174836910258009626e-01
-6.676280399918201047e-02,6.560187391307521765e-02
8.067628639973031812e-02,9.724028968840081610e-02
-2.235306235525894303e-01,3.407753536601064448e-02
5.915427478627300895e-01,1.167008078288444411e-01
-5.857250184997334630e-01,-1.372516052252456542e-01
-1.102213826751456544e-01,-3.546342544271475772e-01
-4.901276863981161858e-02,5.243391528491599951e-01
-4.230582435936286294e-03,2.041769046935488774e-01
3.205697050636109324e-01,1.159112077470838414e-01
-2.021917062864850845e-01,-2.915755486775591931e-01
-8.874150417747236896e-02,-1.286370522449784559e-01
-2.574614059704819491e-01,-4.911511853345760792e-01
-1.940798696423270964e-01,5.700876617123347145e-01
2.033632276291867103e-01,-3.424371593506578271e-01
1.696007672760076190e-01,-1.282496600141676824e-01
-8.942031264837924098e-02,7.270651068677822515e-01
-3.467347514029955891e-02,-1.074736334546152333e-01
-1.170023020601885094e-01,4.968037569003188464e-02
1.081771415758356614e-01,6.008366905714120909e-01
-3.428530780009120260e-02,-4.603988957875512766e-01
2.320310663430596165e-01,1.027500858664169708e-01
-2.851010359204825817e-01,4.581841291897566920e-02
2.073929021469686218e-01,1.257147352525017081e-01
2.473194044203663178e-01,-7.061997452576940226e-02
1.946434406197985467e-01,2.214077567561532900e-01
4.452467039805476645e-01,5.561566031041152991e-01
-1.536655074415627965e-02,7.352630244231374290e-02
-2.662464527430592476e-01,1.403556668923501560e-01
-1.529056250204856998e-02,-1.795646621965192036e-01
-4.244699753668348396e-01,5.620221826212227212e-01
3.046469128586444530e-02,9.625254709226870042e-02
-2.199649798526759625e-01,1.261789267565059484e-02
3.507821728931230787e-01,1.119655208424240600e-01
3.717130404522505094e-01,-2.003910463011890908e-01
-1.365213229533392414e-01,1.625661137602524009e-01
3.961371132775614590e-01,-1.337668849675269223e-01
1.165999513654847053e-01,8.771787982413555007e-02
-2.414589047394781647e-03,-5.287681868088865700e-02
5.107357782904421439e-01,1.358503047410761500e-01
-3.438714337868809534e-01,-2.625892741184212564e-01
-3.053440694236472797e-01,-1.046196555922933313e-01
-3.999663224500105696e-01,7.925356793848473136e-02
2.852931793779793779e-01,-2.084820112590510532e-01
1.429938173365565557e-01,-2.027095237137123140e-01
5.527387735768288790e-01,1.085598643732873375e-01
3.252183724943928378e-01,-2.285788532601255862e-01
-9.087275392394963958e-02,-3.100862641777428208e-01
-1.275521341692903952e-02,-4.798460903467948735e-01
-2.615783550431300952e-01,-1.403316642010899729e-01
2.742455892839679166e-01,2.972079710372833583e-01
1.537496820305782885e-01,-1.258009876131648830e-01
-1.389276405580940066e-01,2.807004172779004048e-01
-5.617285989879504671e-01,4.393113805603975908e-01
4.734551223800899100e-01,-7.893648172550520314e-01
-1.174078008444151833e-01,1.366473234992499931e-02
1.061332286183887197e+00,5.609650969922592295e-02
1.414529067514229688e-01,-5.761794741639655881e-02
6.255531935193134885e-01,6.759050175619348844e-01
-1.016533136181048541e-01,-1.083073388455194214e-01
-3.366449677761583770e-01,1.703386964570357542e-01
-4.643111359385314052e-01,-7.417726378313177493e-01
3.918959412899193917e-01,2.911473929249722148e-01
-2.416515819762202200e-02,-6.706938348615741896e-01
-1.900262405162338741e-01,-3.961985571589636268e-01
-2.557848434978862162e-01,1.407256329028827302e-01
-1.563061192909527206e-02,5.352482673493820231e-01
2.003320256204929595e-01,4.073532514277916072e-01
1.484248608622212584e-01,-2.175113139288445407e-02
6.932959650373818894e-01,4.987952407435616853e-02
-3.524676725570437263e-02,-2.077584349314735568e-01
-1.379804644943771197e-01,-1.612800898147571382e-01
1.494423674194611182e-02,-7.204133594118929118e-03
-2.924539839374552530e-01,-7.208329639346875428e-01
2.521861322437176645e-01,-3.382606821267609698e-01
-3.497334830780622905e-01,-3.967438056662955237e-01
3.594591213358253046e-01,-4.484753355375943606e-02
-2.425426488702036587e-01,-3.810786727295220055e-01
-2.822303652768616278e-01,2.700656333139184739e-01
2.370487195148645587e-01,-4.470570502335079015e-03
-2.713204129760914962e-01,9.145246151415518943e-02
5.905835821286246068e-01,3.607017864494562187e-01
3.577875153725958435e-01,2.406876122623390346e-01
-3.808483148570611654e-01,6.872509304733470659e-01
-7.698821385285836011e-03,5.019868988179866376e-01
-3.463331179879235860e-02,3.468037504408939820e-02
3.035563498730082244e-01,8.479752396036924211e-02
-1.533924018234729229e-02,4.410374548349257351e-01
5.217590654786322668e-01,-3.916956360442970797e-01
-9.403467565616620283e-02,-5.956968716153508980e-01
-6.093722116557243745e-02,2.249985908750233854e-01
-1.877369834186947972e-01,-2.699670606516487159e-01
-4.405729704851000794e-01,4.859755298730109030e-01
4.539447777978385390e-01,9.692309705050040913e-02
-9.552267095426558718e-02,1.975089320048024066e-01
2.647569301237036044e-01,4.269412941514986182e-01
-4.658432826814549316e-02,1.448247881134319404e-01
-2.651154425929478919e-01,2.570752162309302147e-01
4.585883744008792950e-01,9.529620701042615383e-02
-1.909747269907666190e-01,-6.251367733853053776e-01
6.210334232388770026e-01,-2.614376824752602801e-01
2.172141733131767172e-01,-6.041638802618753967e-01
-5.021194430428112948e-02,-8.182710526633589498e-02
-5.717856497109989888e-01,-2.989404149973122204e-01
-2.999635122841619664e-02,-8.894034350655545540e-02
4.772920631498115962e-01,-4.763822944907335211e-02
4.977543942957647904e-01,8.295683574218927492e-02
-7.602077700755287548e-01,-7.434009441638615989e-01
-6.054393721253274741e-02,3.162205006363421611e-01
-2.396553495484081142e-01,6.743220893823471951e-02
3.847040689545591641e-01,-5.649357879166490015e-01
-2.229224854873018968e-01,-2.916314894620789661e-02
1.046555321301365776e-01,4.121359073964325770e-01
1.913360680927186572e-02,1.305112837879217613e-01
-3.234640337268142596e-01,1.089002472987491699e-01
6.788380482066526389e-02,-2.167636944611431582e-01
1.015753793011616585e-01,1.790436146257269601e-01
1.383799450775231310e-01,1.429932210409560756e-01
3.105885186634540496e-01,1.472222301949242806e-01
1.130365509680103658e-01,5.775171665817524502e-01
1.734336496126036298e-01,-1.047454800582392764e-01
1.966762843580802111e-01,-2.518621002847948320e-01
1.718403733865312907e-02,3.220415045541599186e-01
-3.164846561168487282e-01,-3.282311750925437921e-01
5.022029367220988139e-01,-4.869600754829055411e-01
1.592642204664320715e-01,-7.220227370810020640e-01
4.354782628623495300e-01,3.571148575711895201e-02
1.380769619062205411e-01,-4.408408153457159528e-01
-5.324235446812435324e-01,-5.572978215354833231e-02
8.836239256955960020e-01,-1.661212975734399078e-01
-5.105689385888676490e-01,3.171375775436310329e-01
2.678640769423025481e-02,2.450222596913894380e-01
-1.575699702240088707e-01,1.420232224558914957e-01
-4.307562500988053322e-02,-6.049792762203681784e-02
1.918192468773086967e-01,3.910264559537121043e-01
-2.633161641150119983e-02,4.186382729317127127e-02
9.190053036567701061e-02,1.907793863303892598e-02
-2.291295623007482546e-02,1.321705802658220685e-01
2.178168518361843498e-01,-1.026517778852855667e-01
-4.011616791695085116e-01,2.262542436525423750e-01
1.661399098752712467e-01,-2.836312482893730835e-01
3.300745598598373021e-01,1.258028837460689886e-01
-5.274409541772059895e-02,-1.934739734817459977e-01
-2.088308008737860821e-01,-1.743052133725263575e-01
9.450506694040734790e-02,7.279369054564233110e-02
-2.504148824915946592e-01,-1.953824937619124125e-01
-3.382488232828889663e-01,3.549231746662536158e-01
-1.299105202140781457e-01,-9.398533524534975758e-02
1.354400496277813615e-01,-8.200792017150403401e-01
-8.043666143547541225e-02,-8.929990005105029049e-02
-5.641604649391648851e-02,5.965587020318834782e-02
-1.293728646932670034e-01,-1.486813665187907973e-01
1.692568983463835219e-01,-6.213761344917897445e-01
-2.361707608787339679e-02,3.682369409010762679e-02
8.569981995440506539e-02,4.293589095925264693e-02
2.863495825014521559e-02,-8.412361788146233144e-01
-5.970825257044928835e-02,1.864691044419697630e-01
1.008079844085065790e-01,-2.165816339149059799e-01
-5.434327098358716218e-02,3.850608597442829462e-01
2.674409342274286505e-01,1.172455440260764259e-01
-7.033500509506344922e-02,5.115493721633910251e-01
-1.387288978091334168e-01,3.649578083759010827e-01
-8.455879002919469700e-02,4.561134080264696578e-01
4.695121564371557144e-01,-5.821172668385210525e-01
4.478023114775849661e-02,-6.085713442033564846e-02
-7.056622546105745242e-02,-4.577007938601325709e-01
-1.548895632696578872e-01,-1.454598178698636168e-01
-1.052877971064727358e+00,3.411905242432953789e-01
-1.527901605157132303e-01,-5.611321068441155191e-02
9.029442383585033899e-03,1.107106575845465957e-01
3.785128618777168219e-01,1.974884413909744618e-01
-5.079519688867521060e-02,-1.826681744941016650e-02
1.423815034730359919e-01,2.938642816882604536e-01
3.650205423069782795e-01,2.935473916803758507e-02
-6.534006558209348725e-02,-2.775521796152365939e-01
-1.117489995430325234e-01,8.964025149627560252e-01
4.002289660246997199e-02,2.565948639360761674e-01
-6.319602858327247330e-02,1.247913867590524362e-01
5.270071019517024169e-01,-8.095294636824440504e-02
-8.087283705159437064e-01,-2.241190426827219806e-01
4.539287508425932788e-02,1.142099667518719636e-01
-4.797072012568721899e-02,-7.765596488389944763e-02
3.849349507252883534e-03,-9.992079775555684495e-02
9.600394918398154342e-02,-9.117988004033571459e-01
-1.786062448006164871e-01,2.924446691591637837e-01
-1.129518577149895842e-01,-4.828439819195082250e-02
5.880294514394428518e-01,1.569486109106537630e-01
-5.353817802093980421e-02,1.091449945674997923e-01
5.976308306864436953e-02,7.323406895870772371e-02
-2.268261398246876892e-01,1.273702122267597880e-01
1.595602161137804065e-01,-4.654309319043438697e-01
5.383675900789536284e-01,1.027103759950439427e-01
2.425704675187227710e-01,-9.202396045705030225e-01
2.775802082562621731e-01,-1.732322141968828666e-01
-3.607205283939030616e-01,-4.364816792835484738e-01
-2.106067148575699322e-01,-1.168287075168945033e-01
7.907794678390673848e-01,1.299832882460968120e-01
2.685370569106662053e-01,-3.545396143595252458e-01
2.373031874130122898e-01,4.251109650987412447e-01
1.784487645018308366e-01,-1.103641408052915135e-01
2.018532603549285098e-01,3.866176330183069276e-01
-3.085627609635748295e-02,7.545199820368476973e-02
5.905981863875989779e-01,-9.222900411240422813e-03
-2.902619381408114707e-01,-2.223388152390250450e-01
-3.820127404769448343e-01,2.764247860255966693e-01
1.790640526431702961e-01,-2.503535031142538614e-01
2.376879605652976457e-01,8.782217318854323995e-02
-1.059700430103380997e+00,-3.234288702411484695e-01
-9.891647004493697021e-03,-3.219699896613308354e-01
-9.571964668193012893e-02,-1.080911794850916707e-01
-2.187633790491926578e-01,-3.919524861796225834e-01
-6.485145039686834867e-02,-4.912953538086626271e-01
-1.841520398910590217e-01,-7.411155549248758800e-02
-1.611716768733630900e-01,4.483705888967579600e-01
-2.247592753750915218e-01,6.406867440769967725e-01
-2.280913419520184254e-02,-6.619430531222124381e-02
-2.296327183660246685e-01,8.855906569052399147e-02
5.013309449259373274e-01,-2.705583520398093800e-01
1.924712926184484196e-01,3.091589084595014469e-02
-2.655894341323176144e-01,3.521962478232079641e-01
-2.919705733492207189e-01,3.346014844366404506e-01
1.234300194690176738e-01,2.549187047535346196e-01
2.631613505619380122e-01,-8.252833114278355087e-01
-3.586124842620536657e-01,-2.712591421207993791e-01
-2.217119363193106873e-01,3.300174180425054504e-01
1.160724272511096805e-01,8.588086440742033478e-02
3.440181134422877762e-01,-6.983691049419537000e-01
-4.285824237282007676e-01,-1.832812983415321173e-01
-5.425505176639954241e-01,4.473582232857659102e-02
1.545396489083638858e-01,-2.042026652752944593e-01
-1.264425165705249376e-01,-1.573138060149477380e-01
-4.933125166988909238e-01,-1.212257576934197001e-01
4.566463017350539944e-01,3.320309926912031750e-01
-1.833059261179648403e-01,2.917961301571884158e-01
-5.606824231993293717e-01,-4.723707483790093309e-02
-1.448454292600285243e-01,2.114570838469309877e-01
6.140557166961653490e-02,4.469199373917706053e-01
5.948057302439275773e-01,3.750261786135733466e-01
2.034995108378636480e-02,-5.626860254599000410e-02
1.179189367778813002e+00,-1.422514901536820753e-01
-7.098631740950350766e-04,6.713928134576345741e-01
1.985511970844187901e-01,3.022436203499534457e-01
1.101198007332050283e-01,1.468968288257056776e-01
7.091852254331196259e-02,1.279849558842282853e-01
3.808696247304965872e-03,4.485592740004421680e-02
2.400117167091488091e-02,1.681353578023051798e-01
7.123684146088465896e-01,5.318305837784423340e-02
-1.046641022271839611e-01,5.778946948960014263e-01
-6.441750181492655880e-01,2.606334334556202337e-01
-1.720285803862292703e-03,-1.261956513915768741e-01
5.111040741752560790e-02,-3.950316854609805528e-01
-2.158398738039364606e-01,-3.817976106847644768e-01
3.073213340999227799e-02,-1.612438437388772627e-01
-5.092259138130994511e-02,-4.666320238726916481e-01
-1.222266531251305910e-01,3.605094983681895321e-02
-3.665601899991599577e-01,4.591852317457625343e-01
-3.793061495701511437e-02,-2.635278213545774184e-01
2.070327766364873923e-01,8.145200021543083646e-02
-2.688517231326617019e-01,-2.495584184540171335e-01
-1.058083502466168474e-01,2.689622106268688695e-01
6.285171882323949966e-01,-2.528543414939286166e-02
1.109490283218519530e-01,-3.303259754499607848e-01
-1.905701975256419434e-01,1.358525953939386521e-01
4.048793326298971706e-01,5.435919028925823016e-01
3.815714195188708024e-01,5.354232196440569247e-01
-7.388014601871345510e-01,3.009060473050801932e-01
7.028038760296556609e-01,1.057776555410705477e-01
-1.068961979347084028e-02,5.755258634575696752e-02
-4.984319386724112011e-01,6.870032350734715798e-02
1.069701579436911909e-01,-1.092944998059724726e-01
-6.679919773770452707e-02,-2.623990549932530003e-01
-2.654893664548291926e-02,3.665828510741633156e-02
7.437428500191783920e-02,-8.234977494973974577e-02
5.256614825106767919e-01,-3.054068052676933709e-01
-4.816041526050517108e-02,3.276457091680402556e-01
2.192087592220343106e-01,-8.908136760779455932e-01
3.992709192778112759e-02,-2.285357037722959839e-01
-7.868820744446016757e-01,-1.041350245398355717e-01
-2.595196804618966624e-01,-5.472418068920578693e-02
1.475818503376142565e-01,6.621157072732560822e-01
1.477998123081625537e-01,-1.897516638937258304e-01
-5.561211442052963472e-01,-1.470934028380679881e-02
2.570773226445964219e-02,8.283779089229452441e-02
2.043452706813299047e-01,-3.076812712777663994e-01
6.784734177063266314e-01,-2.957167592922071431e-01
-2.313177009139389673e-01,-9.434365680105843976e-02
-3.331451874185317741e-01,-3.401881271802577600e-01
-2.077296093987098247e-01,2.526731614064642861e-01
-2.401430060378953110e-02,4.127462329238771321e-01
8.896332161884330791e-02,-8.515343244584737403e-02
-4.119512009773019789e-01,-4.935088641303612689e-01
-5.594163666556885017e-01,-7.392977647790363038e-01
5.036024451787786127e-01,1.976546991244568785e-01
-1.668635339208335011e-01,4.388329081912994284e-02
1.055471037372590210e-01,7.051742952030574108e-01
-1.118665245981489559e-01,6.981149682667170397e-02
-2.319269358046565505e-02,3.641075859087486988e-01
-7.527277720536633410e-02,-4.162690539364728992e-01
-1.372167264983220059e-01,4.896177492698183115e-02
8.446363051532010391e-02,-6.946938639510666369e-02
-1.087023495749829677e-01,-3.112451631414801523e-01
-1.130762030309720167e-01,-6.031165146624923867e-01
-3.951179925913085866e-01,3.715437052313319000e-01
-1.914983685587459961e-01,-2.714953033847434805e-01
-1.743916254747303884e-01,-1.879130282433713328e-01
-1.199619495061892728e-02,-7.458362380977061612e-01
-5.747169743789978108e-02,-1.211293111863655514e-01
3.328383446124805745e-01,2.011853667145725444e-01
6.997878112542800511e-02,-4.610885420483349512e-02
-1.276210703186030915e-01,-2.768202729243470772e-01
1.329440110216682791e-01,3.959411710899616299e-01
-3.679592016894641104e-01,-8.022970969581478817e-01
-1.686803326943309422e-01,-4.573428065813314181e-01
1.496356219339006755e-01,-6.887005298876726078e-01
1.889011571680468127e-01,-1.550042142468857909e-01
5.650057151138997424e-01,-3.636770393857123862e-01
1.609226788075552861e-01,-2.143292123108690717e-01
1.016071707134687946e-02,-2.481448035049592660e-01
4.667027140208219738e-01,-1.713014397123109947e-02
3.258153805658808855e-02,1.271136401944185368e-01
1.589133031386486816e-01,-3.683897322537495467e-01
2.202605011943909027e-04,-2.817964165221075179e-01
-2.922498070291553174e-01,-5.607118117072995567e-01
1.284561689929082096e-01,-4.618710803094331907e-01
3.463990936595971459e-01,-3.326149944330752950e-01
3.745841128323154079e-01,1.429380428721643281e-01
2.047405027325642779e-01,1.270660343777900991e-01
2.868956247386524328e-01,-3.432773631749574950e-02
2.328332350248301097e-01,2.875800810737828006e-01
-8.172150061368545215e-02,7.688227749800960464e-02
4.102640183149006137e-01,-3.953409515735781254e-01
3.834575349582051290e-02,3.197588690610256856e-01
-4.344314303967903301e-01,-2.255361015958816384e-01
9.092942238857379400e-02,2.553081744276076148e-01
-1.537134981633758168e-01,5.166821233358123155e-01
4.301618316768119898e-01,5.219153744479054086e-02
-2.823547606013629419e-01,8.725832390781103343e-02
-4.789076136412259710e-01,-3.712335805827103874e-01
1.637601193097580343e-01,8.569901791044090555e-02
-1.290441227200110896e-01,-3.894209547949157857e-01
5.099714458266470934e-02,2.275977989154286674e-01
1.225465567338060724e-01,2.801277744055178376e-01
1.406818767923335989e-01,-4.872221823654918939e-03
-1.670645625167981874e-01,-8.145071502294970456e-02
-5.447301092341496620e-01,1.182888172660454956e-01
3.612337422591865299e-01,1.539721351467517596e-01
7.043517603367520363e-02,7.456188527040723268e-02
4.759452177912298909e-01,3.080765322774117743e-01
-4.723893696574983647e-02,-2.811039681773180310e-01
-4.575413955202186633e-01,1.092237365530684678e-01
-2.042337351206701401e-01,9.337140737392292389e-02
1.366853474696026471e-01,-3.452706938119896041e-01
-3.565417148066613723e-02,-4.756042505912960044e-02
-6.722053767738072061e-01,3.696620006877811004e-01
-5.320012041940315184e-01,-1.526327841920623908e-02
-5.265633399343232490e-01,4.741748867524641642e-01
6.489392443512674857e-01,4.154026141513565001e-02
-6.752521144253070817e-01,-3.978270081165876521e-02
-1.619801762055038674e-01,1.578545958435697769e-02
1.274993213095520217e-01,-3.699077377936302868e-01
-3.190120179379269394e-01,-4.368283563590338869e-02
-7.833859214332732426e-03,-1.820278410886010112e-01
-8.358245784357530850e-01,-6.637165488545737624e-01
-1.615106918802840796e-01,-3.526914101675240332e-01
-9.651587666782089625e-02,2.036263792239813297e-01
-1.928710895576018214e-01,3.550364466786543605e-01
5.030325073228789634e-01,-1.784400788181189634e-01
8.124266876843368179e-02,-3.620579324335487237e-01
-1.302946399694460133e-01,5.016927261913769337e-02
3.686990832633501441e-02,3.106399035971262879e-01
-6.790290111586537447e-02,1.754099286073753372e-01
2.670363842457607398e-02,2.595524397407260597e-01
-3.600902065016065023e-01,-4.237760097549300164e-01
9.933384375384227138e-02,-5.845935029996242316e-02
-2.562886893289802459e-01,-2.260023001248871177e-01
1.096116766015137883e-01,9.238350707158736741e-01
-2.451036301984981652e-02,-5.663400024573552738e-01
-6.739058029146911821e-02,3.428100900341862767e-02
-3.385489817868096440e-01,2.796372821059168179e-01
-2.752959136698104881e-01,-2.960055254207386577e-01
-3.296326248544186877e-01,-1.405178467260935135e-02
-3.112462969530781498e-01,1.820820596743635833e-01
3.121560303375649562e-02,-1.507508364858388406e-01
3.839141119908249800e-01,-5.842931239081212702e-01
4.587600762798217380e-01,-2.249788823237903468e-01
-1.563758605396066981e-01,3.907220846841550493e-02
-4.000576954794859419e-01,2.243731340017704468e-01
3.720716493607984648e-02,-9.411712461211834135e-01
6.683365136182824184e-02,1.706448794365597599e-01
1.617386940893307812e-01,-2.439355076723646598e-01
-3.947815798573219292e-01,-4.106969854440492562e-01
1.175499695547458506e-01,-6.334619936918229888e-01
4.662844899168113733e-01,1.421335683104456571e-01
2.119487595554754578e-01,-9.693252905149504217e-01
-2.115079869959531900e-01,-2.668785496381911315e-01
6.476230103313321274e-02,5.652020791026123731e-02
-3.728189956571554275e-01,-4.874268715986923017e-01
-2.133713577873070505e-02,1.637866580649022519e-01
-1.993033281598856898e-01,5.317201847182199126e-01
6.416480433812832285e-01,9.696975847395730708e-02
-3.736975191164343402e-01,4.017053381349060537e-01
-5.823802838067538845e-01,2.050392694406543218e-02
-2.016929737438383774e-01,2.915192920499640739e-01
-1.447277137474938247e-01,-1.689982037116761482e-01
8.842451591756089746e-02,2.618797011308304223e-01
1.544120600364046469e-01,8.214044042007276336e-02
1.619240091702010553e-01,2.773070657454657084e-01
-6.207567743999255899e-02,6.536406498937877285e-02
-3.577875709364350398e-01,-4.438751473320924346e-01
1.412690274353462783e-01,-1.160194780674038140e-01
1.132987842297017433e-01,-1.251388418359035137e-01
-2.340680952346854693e-01,-7.060121450893390438e-02
1.858077929157834485e-01,-3.551731670626014914e-01
1.924532918500677092e-01,-1.184090542996280859e-01
-2.761858193350827384e-01,-1.394606947825277436e-02
-5.817826295694741301e-01,-5.929571278395816547e-01
5.186026027903752889e-01,-1.901722194233304020e-01
-1.309387772010677797e-01,-2.811145794322669200e-01
-2.751683557210430342e-01,1.067038384212464913e-01
-1.158428133072042232e-01,-2.484822597244749076e-01
2.550837815494669814e-01,-1.945287031891359264e-01
-2.202508284888567147e-02,1.421533896573532740e-01
-6.357323510229120345e-01,-6.365079568418713363e-01
3.265681831973649696e-01,5.800549748454986165e-01
-2.675248548643271995e-01,2.359514732503616846e-02
-6.364637172733299264e-02,-2.524591418531529907e-01
-2.019547795078061869e-01,-2.440708518256031745e-01
-4.003564087545408157e-01,7.118933165248636508e-02
2.823032168405955611e-01,1.745798733303960959e-01
-2.476542923119272877e-01,6.671494592051548100e-02
-8.952409896390924049e-02,-5.603841476640763347e-02
1.367634371616404665e-01,1.042686283905295830e-01
2.665546852968326830e-01,-2.422497881122275820e-01
3.196550653698491673e-01,-2.622484868299055916e-01
2.304711048476388580e-01,3.812029090694932787e-01
1.589278991566447086e-01,2.792277212287103128e-01
-2.777948299334289661e-01,-1.974185270965130024e-01
-2.789142060403204670e-01,-3.215619373957625537e-01
-3.491617852443179015e-01,8.621442399741681417e-02
1.181534520274099137e-01,-4.122841487847530018e-01
-1.728162822187332970e-01,4.677228161118269362e-02
-9.848759781503940020e-03,-5.681526378870923599e-01
-2.824333901436529848e-01,-1.694434248496852202e-01
1.067576144491718393e-01,-2.451231858540276198e-01
-6.629094810392177628e-01,-1.890506355387974458e-01
5.787792500992694489e-01,-7.676631539676018745e-01
-3.817959892669612471e-02,2.725210243147680456e-01
7.539187430414941993e-01,3.214585054316748125e-01
2.646812138590555197e-01,9.403557735443629495e-01
4.470794994280599122e-01,-2.909088233318291583e-01
9.164588213600970146e-02,-1.987369403858646813e-02
-7.637941207845845570e-02,-3.041845345920715649e-01
-4.770953875885326489e-01,9.884135088055154283e-02
2.810259526211584813e-01,-4.712317719496651458e-01
1.890725500709683204e-01,-1.907093135763571756e-01
-2.548292112376667751e-01,1.310917413182448032e-01
3.323948489286635000e-01,-6.975992573923681106e-02
1.658516494604581615e-01,-2.303094127245333411e-01
1.850524584750305457e-01,1.151632321742532099e-02
-2.628080806851635920e-01,-6.612745862174174150e-02
2.884201453098096946e-01,1.650795760535066492e-01
2.406125368311056445e-01,-7.270365358445289583e-02
-1.407739577519410423e-01,2.711080885251681560e-01
1.239103381153038030e-01,1.250652251445734942e-01
-2.809062030355020112e-01,5.210481699524575072e-01
-4.395533575762257117e-01,1.471555593976697600e-02
5.551731229981883287e-01,1.202314974051121726e-01
-1.178057995081607974e-02,-6.072695604856553908e-01
-6.972765928923473078e-02,3.513510498102879187e-01
-5.524908971158951632e-01,2.796379592182645646e-01
2.183131539033797419e-01,2.401976352534774539e-01
-2.759739312399373534e-01,-2.849254832121370096e-02
2.093736119247058824e-01,5.551558536511168596e-01
2.063213294635538042e-01,6.062429259651864327e-02
5.732990899522994593e-02,4.869725086004159653e-01
-4.365123862189891901e-01,5.374752280153127781e-01
-1.459509520134011640e-01,-4.639944510913838194e-01
3.754571057453688632e-02,3.981340331032645063e-01
-7.704101231400745098e-01,-3.534117735193922361e-01
6.798046628769395527e-02,1.220763506240129664e-01
4.428975419128574481e-02,-1.670979742912547528e-01
-3.284305372453078659e-02,-5.880277792679075022e-01
-6.005348822890327343e-02,-5.422313535686409253e-02
7.953229034558282340e-01,3.231580553664106237e-01
8.730083819026616954e-02,-1.400622191442510434e-01
1.848117069970725002e-01,-5.309075059983644485e-01
3.475281681268686113e-02,5.773904885660061798e-02
-4.515393074396602535e-01,-5.445280266970897731e-01
-1.439304674117833915e-01,2.783438234257032962e-01
-1.074306935291087228e-01,5.737295378397383461e-01
-3.392397162712599418e-02,1.635633002653600898e-01
9.788843455145050665e-02,2.426789271910867463e-01
-5.127036194991273499e-01,3.606572329545547073e-01
-3.035644148477984472e-01,1.467090547113021615e-01
3.351818415754288794e-02,3.750338456548721888e-01
-1.040759954028775969e-01,2.452602661842834958e-02
-2.161555719107367268e-01,-5.760523708122240460e-01
2.050428762081490663e-01,-7.846803420694450915e-02
-2.699275858598196853e-01,7.211974959478991698e-01
-4.301750908568952037e-02,4.134876532058519294e-02
2.051896569765234712e-01,-3.235315216643513403e-01
-4.394583602047395510e-01,2.915990371306496076e-01
2.380272977949522417e-01,1.774126509736765611e-01
1.268504460841744265e-02,2.435713210582127752e-01
1.448393529439891414e-01,6.067203315939424524e-01
-9.425002503768389883e-02,-5.020737833014040641e-01
-8.006607037239743541e-02,7.498363773352464956e-02
-4.675586394557201125e-02,1.050212498416903256e-02
-1.039654814799431809e-01,-3.650978607715327784e-01
2.083299952031377467e-01,-6.064058440087811697e-01
-2.030137946270830773e-01,-6.050179713969233708e-02
-5.928066672630532413e-02,7.240492686763958519e-01
-2.624997717155856947e-01,1.789297309467461627e-01
1.511151827814777027e-01,-2.443576303871763666e-01
-2.351467018004587406e-01,-8.812039709213290162e-02
2.033750993943991558e-01,7.744280587671267813e-02
-1.038686886691410904e-01,-9.111298779880104559e-02
3.124629581725139604e-01,1.824064457087669691e-02
1.558868688845992945e-01,1.293095360598345567e-01
-3.297909597448246410e-01,-1.783148094795149741e-01
3.930791900429005115e-02,5.741650766332333927e-02
1.615082684455630968e-01,2.888061597667432867e-01
-6.997449737517227319e-01,1.019369392702450527e-01
-1.124987738729251452e-01,2.318005131135812691e-01
-3.315675900566037448e-01,3.275387575703183063e-01
-3.551471151888123678e-01,2.318754608384334670e-01
-2.790752865282714601e-01,1.847488917681800180e-01
5.546890657598254615e-01,3.989564609494908320e-02
-9.392596436063477272e-02,-2.326747637129528146e-02
1.181906674810515867e-01,6.200866629275135489e-02
-2.416021212295790463e-02,5.461019747220665632e-01
1.229023798838171228e-01,7.620210046758368883e-02
-1.322586278964270334e-01,-5.393040200164568310e-01
-3.876896673169777374e-01,9.922933806434768023e-02
2.996157758248369496e-01,4.978889031958051992e-01
-4.703285202446941815e-01,-2.551742189126448013e-01
1.355183470803396351e-01,-5.612108340256157790e-01
3.327075585160789717e-01,3.030042632181358941e-01
1.244897165912224324e-01,-5.364181241815476481e-02
2.901608561764849187e-02,-1.347642724053922658e-01
2.700451541361546526e-01,-4.738952908438828215e-01
-5.955154769697346140e-01,8.846709850971704037e-02
-5.504601789854267624e-01,-2.190239107501759652e-01
-7.605855602614502997e-02,2.465918033999923709e-01
-5.160764522322973669e-01,-1.760031147525500592e-02
-1.431824436764781716e-01,-5.602301799922075887e-01
6.996261432546682091e-01,2.507798202765839646e-01
-4.350122413439742042e-01,2.411947915761528394e-01
-6.508194982753467972e-01,2.278989586298240388e-01
-3.818851860598588832e-01,-1.927017646234162329e-01
-6.911409648454710508e-01,-3.368103357666142328e-01
3.179196700065823888e-01,-6.588026233448701641e-01
1.056537550829325656e-01,-6.403331420565067100e-01
1.779603416885530143e-01,1.785934765011303743e-02
-1.635870866523301548e-01,2.469351982868465689e-01
3.118692651500156732e-01,1.360449852034171514e-01
1.132192514633544173e-01,-5.290574050904033321e-01
1.126748607504508837e-01,2.327330632651257447e-01
-3.581442070049440374e-01,-3.899016355128384625e-01
3.159617029596270554e-01,-7.953114697065615246e-01
1.967569009546157044e-01,1.965044543917371933e-01
-1.054169570569320341e-01,-2.627659461467158342e-01
-2.508304653135404183e-01,1.174090936939533036e-01
1.557836844893814021e-01,1.554753186892998962e-01
1.789059659474323272e-01,-2.211411897431652118e-01
-2.201722774302725671e-01,-1.128986356793169055e-01
-6.495311393863170690e-02,-4.963207407159395124e-01
1.604466266346717962e-01,2.552858735032401821e-02
1.470570984827852812e-01,2.709382070679054455e-01
2.362699525252514310e-01,-3.824765615642619077e-01
-1.835525544316379265e-01,-6.922301070036623871e-02
-1.694883928166727172e-01,-1.679070068175389507e-01
-3.007656159254892825e-01,1.025035170697891962e+00
-2.528380420023035313e-01,-2.339740395606648427e-01
3.064682534216941479e-01,1.628342180797019700e-01
-1.582295342471030930e-01,-8.647742158338310725e-01
-1.888109329126953090e-02,1.164039871447465763e-01
4.745434691772592584e-01,-4.333600164378382802e-01
-9.254188871545451778e-02,-3.208431677215505262e-01
1.566273088229847010e-01,1.913386656884230874e-01
-2.803998682405182685e-01,-2.730427431322415277e-01
6.268677342766368343e-02,1.681716159792471799e-01
-7.505562753757124561e-01,-3.212436514622714345e-02
4.077857976637176973e-01,1.750125173801032885e-01
-2.537671656382908258e-01,2.713323110356956058e-01
-1.222910554736420935e-01,-2.501934556246107610e-01
1.121761414715749666e-01,4.561495269153330590e-01
1.568924927018819082e-01,-2.552744386166190815e-01
-1.399040670227042447e-02,3.678134996523731437e-01
3.964475414856136748e-01,2.089711223554916938e-02
-6.920082993918621472e-01,2.381598843394701071e-01
1.689155216883569399e-01,8.928693941921216071e-03
2.998152748669500878e-01,-3.618251841234718658e-01
1.671147967805207413e-01,1.785106533659322203e-01
4.553566812036397016e-01,-3.751409080911350946e-01
-9.437337018364279351e-02,2.221063738352302419e-01
-3.088169193147755620e-01,7.919278430149907511e-01
-1.292417697577073199e-01,5.896535542790184992e-02
2.542495414805841514e-01,6.300354627537742003e-01
-5.790974746607818746e-01,1.522760562198390288e-01
5.407363937276444821e-01,-4.782315784659625368e-01
9.915260048984715635e-02,-9.365478412446533174e-02
-5.113837551119357894e-01,-4.783964884714961840e-01
7.400321523842812166e-01,-1.629892675196068508e-01
-1.982458421352504552e-01,3.967809737360891154e-01
-1.490333578492686051e-01,5.795173528825177389e-02
-2.267317828789569285e-04,3.182301927098900030e-01
-4.453877672092339257e-02,5.891299578575093232e-01
-3.106161137597901467e-01,3.040626581307483978e-01
7.976317475922686806e-02,-9.265984657784269440e-02
-4.991588136894116734e-01,2.950627015275746751e-02
1.442250624917537465e-02,1.000620737997354875e-01
-3.428666914074660066e-01,4.268247152963141056e-01
-3.894545910762848423e-02,4.165281602266590055e-01
7.509858599369511056e-01,-2.474176256769083926e-01
6.144896903154601908e-01,-8.179447759157093545e-02
-2.185198825054024685e-01,-2.550301205446605102e-01
-4.455531067589267868e-01,-3.308790193086186271e-02
5.075351351785142295e-01,2.807084145004871134e-01
5.725951730692547814e-01,1.583007468230745174e-01
-1.704628261425270297e-01,3.319611699926952042e-01
-4.783201712667168454e-02,1.227765383738615851e-01
9.737216881401478119e-02,-2.273921468161818893e-01
-2.665437342830349055e-01,3.828131137807597173e-01
-2.246414815419152666e-01,4.470968268829635384e-01
2.072836019653278850e-01,-3.426630852131653526e-01
9.501966057745346583e-02,-2.357750361134279826e-01
3.363130835655281925e-01,-3.802154642406220253e-01
3.733763204027147897e-01,1.624899224851757140e-01
8.860566076769694766e-01,6.182453930635738865e-02
3.671354085179998616e-01,2.110867188173571329e-01
6.300429628890262812e-01,-4.107527608243989603e-02
1.801047056991602613e-01,1.124453352613344337e-01
5.632634713745548333e-02,2.102278643444665737e-02
-1.162997350961583326e-01,-4.379769685818356018e-01
-5.223571532628482755e-02,-5.131854574225278715e-02
-8.845903347136097050e-02,1.402692133616721404e-01
7.851989983208240709e-02,-5.633108501098217646e-02
-3.169637733699166154e-02,9.343477028705429732e-02
3.171416618841782498e-01,-1.932689036009903605e-01
-4.772230087933826970e-01,-6.208802676916541641e-02
3.457315957394534456e-01,9.932172429561503257e-02
-9.075362701120480435e-02,-6.045508767706347236e-02
2.321855824734379015e-01,-3.270632168665661976e-01
8.277906751422464682e-02,2.649663710224398061e-01
1.131613612272509284e-01,-2.114044294472739449e-01
-1.128418920302659556e-01,2.295246876400902636e-01
1.909695499632185212e-01,-1.458499018766734046e-01
-4.135328984395093554e-01,-4.263382796426586768e-02
4.059966544656504195e-01,2.346307217070674189e-01
-1.957872645063183370e-01,-3.557441071024594059e-01
-4.365904951811523382e-01,1.013915590485844065e-01
-4.746501263947782573e-02,-2.357515888283648886e-01
2.001607683652151526e-01,1.604726517062713409e-01
-2.874951994165290264e-02,-9.138420973853815521e-02
-1.974333688256952324e-01,2.329937566232171131e-01
1.856211190781168752e-01,-3.128596152342626863e-02
4.264641026241569599e-01,-1.046529985951175357e-01
6.226882221348877255e-01,7.501194561197440658e-01
6.278040551829330851e-02,-3.316469020564186132e-01
2.226104800970210573e-01,-1.861496026583203123e-01
-9.053142329042825065e-02,-3.367842413868964435e-01
-3.243212631288129311e-01,-5.268593514224798602e-01
2.821723983035431815e-01,7.507729739178164996e-01
-9.300468722479578176e-02,-1.702551738761802491e-01
1.626696533675340839e-01,-2.247564327334205803e-01
5.642879865056643629e-01,2.701521037273703699e-02
4.731790112210820798e-01,2.505481692167176866e-01
8.875159210600006010e-02,-1.598743456931966955e-01
3.297385703153409842e-01,-3.300118262903132815e-01
1.834478007892500762e-01,2.515249913625024480e-01
-2.491267227210650359e-01,2.689997683105827542e-01
7.441784683713525972e-02,3.226576969266581330e-02
2.456521586708782789e-01,2.503918061236622972e-01
2.227206899172994303e-01,4.751033558983818739e-01
5.723441570901962594e-01,3.413236870370813664e-02
-3.787597179240820983e-02,4.927669031547656231e-01
6.208427248209862082e-02,2.621222271885811916e-01
-7.669244286607587724e-02,2.293461729154137319e-01
-5.613980546113077619e-01,3.883637743892463523e-01
2.946348791613485063e-01,-2.877496173257861889e-01
3.404993176767553420e-01,-4.194769654163919143e-02
6.087226899451347872e-04,4.079082473105653528e-01
-7.449108462462810110e-01,-2.777310931351097412e-01
3.101639437652123910e-01,-1.987131217527955129e-01
-3.040508613663706616e-01,-1.593638665166959012e-01
4.813265790476882189e-01,-2.923172951645062745e-01
3.991510584414125762e-01,-3.025284218606595910e-01
-2.418750804501153817e-01,3.799064859091034196e-01
1.423125763828961277e-01,-1.706829520279112833e-01
1.568181757046698543e-01,4.527700948953919391e-01
4.811613637768787921e-01,-3.821933986596326993e-01
3.359990424502090067e-01,3.695484487513605032e-01
-2.475788890647053764e-01,-2.970734750930997259e-01
-5.091841587089815935e-01,2.243512500910402607e-01
3.047280600861889677e-01,-1.835891922577046198e-01
5.352631023274532218e-01,7.605007064546923656e-01
-7.635018220080390661e-01,-2.973358060079462906e-01
-3.932761754027300216e-01,4.079961193188352819e-02
-1.132779642374254075e-01,-1.710963833809124035e-01
-4.131560950352806960e-02,2.370512888588864331e-01
-3.469661835690775464e-01,-4.043152206278539662e-01
2.929905130749494140e-03,2.040091280056701983e-01
1.729763261511251676e-02,1.328623426730181356e-01
-4.305037028093014473e-01,-6.868220772238248228e-01
3.094160966329407292e-01,1.693918791791094169e-01
7.601856067941026307e-01,-3.602098886706023295e-01
-4.087649148028213442e-02,4.981039468113086510e-01
-3.031580096138288827e-01,-2.208320043218023887e-01
-1.942618586865737795e-01,-2.607143894198452605e-01
-5.050566254539017308e-01,6.979799702861334831e-02
8.056496817282995937e-02,1.297716924375786895e-01
-7.226876293138835561e-02,2.032295122210659444e-01
-4.242793597846353237e-01,-2.673288634423488519e-01
-2.179887022703966282e-01,-7.872690032233194135e-02
2.830932141976881811e-01,1.331947132617650742e-01
-1.832645439069910953e-01,-2.717953495102837236e-01
-1.541777117966793842e-01,5.566896578862916556e-01
2.330841033072629243e-01,5.997117699334097302e-02
8.474204174501058784e-01,-5.903530622004485862e-01
6.754061454519748597e-01,3.820452808495633512e-01
2.090150522394084165e-01,-1.232545322878326050e-01
2.188840456635978982e-01,-1.686261969485403633e-01
5.766572714903039215e-02,7.392867398022585634e-01
4.718104859972474530e-02,-5.010720444397791518e-01
4.164304930622180212e-01,2.921409366260098103e-02
-2.913983918808653040e-01,-3.866976541053641636e-01
-4.166961713623704711e-01,2.633901130050287365e-01
-6.401011343120888153e-01,1.419851531943312761e-01
-1.292335228313201689e-01,6.594566165610125930e-02
-5.358401629056631643e-01,9.476696239465830229e-02
-2.608855580431673760e-01,-4.274633809377869076e-01
3.245565989445595712e-01,-1.212722771222143475e-01
-1.541845718467515780e-01,2.693406535582865691e-01
-3.311623419516764866e-01,3.240805087444725285e-01
-3.245942625395871750e-01,3.345033717963185049e-01
5.239632950212413931e-01,-8.192811647566841660e-02
-5.109218096297185596e-02,-2.074743345002229289e-01
-2.209353542475963120e-02,-3.220185027454297490e-03
6.552009525268302770e-02,-4.556282723431954312e-02
7.206479069057981912e-02,4.368051828854572355e-02
3.531214844256914120e-01,-2.316568880668774255e-01
1.514023715994477215e-01,-1.965590667752589726e-01
-1.949391267691384100e-01,-1.478848211369870880e-01
-2.225184745609432024e-01,5.452876357207770974e-01
-3.882847053842997109e-01,2.476677241104822402e-01
7.607206004762863405e-02,9.587965807856041120e-03
-1.458563524496305497e-01,5.180628299385222624e-01
3.817272366101230330e-01,-2.141822054599820946e-01
4.318305471427470732e-02,-2.000605191109075254e-01
5.860782602966024823e-01,2.014663301413770757e-01
3.745093145736425044e-02,-4.656289237369892198e-01
1.604074300701402445e-01,3.248060553543973827e-01
-4.126578907029420096e-01,-1.093892157297979145e-01
-2.436916000564229648e-02,-4.437175031937048292e-02
2.814307471827143803e-01,2.221192902713046979e-01
1.251193460647295475e-01,1.257755376576310813e-01
4.166671095160959237e-01,4.653182297437551129e-02
3.093280607364356505e-01,6.685890033328327486e-02
1.537424831057364050e-01,-1.378117456400219584e-02
4.816090368923428011e-01,-5.560809979153911176e-01
-3.795568245800057805e-01,9.007487745943799640e-01
7.653588435183559247e-01,-1.914185169111518869e-01
-9.340647458574376921e-03,1.134674955515502098e-01
-2.017774215531885629e-01,-4.911503331805594508e-02
2.479386060678234749e-01,2.205995108443865316e-01
-4.305054303381612990e-01,-1.573131047275682093e-01
-3.930131386975377894e-01,1.595493330302807655e-01
1.982085528881194492e-01,-1.904203828072593419e-01
1.047659843074582112e-02,3.274589194175788198e-01
-4.428833509083072717e-01,1.838766911737966525e-01
-3.516172422867570591e-01,3.083671641672358632e-01
1.164779496197471398e-01,5.177784173481816410e-01
-1.613380190209979248e-01,4.200487030305850022e-01
-3.905472681299238524e-01,-3.241665818335303650e-01
2.821741061553699470e-02,-1.837041749003234803e-01
-2.598866030354892720e-01,-8.601728654292487009e-02
1.767808174605973726e-01,-3.012132370268404413e-01
-1.616695501860208328e-01,-1.130016158960268358e-01
5.995462652887778576e-01,-1.307846937305012502e-01
2.445791125583655079e-01,2.492742387216570488e-02
5.660793695363212225e-02,-3.010897356187055562e-01
-4.469780568743097482e-01,5.943237525548842326e-01
1.407211735224887517e-01,-4.907411002474212358e-01
-3.589679551808163116e-01,3.530914860702399349e-01
-6.069839844863065270e-01,1.489206191500672960e-01
-5.737829737258766383e-02,7.361793353596987784e-03
-2.806402253889556664e-01,4.013603027439875404e-01
2.345435082234113844e-01,-7.054440704332602952e-01
2.986830156957736571e-01,1.431580644996594265e-01
3.044113093520252611e-01,2.625013962987359228e-01
1.998809404442131454e-01,-5.065770690470323273e-02
-5.465811620132605686e-01,-1.468852314637348333e-01
-6.339124996613001439e-01,2.490331354141421261e-01
-1.445093915962243104e-02,-3.031801358959778647e-01
-3.421367356523792314e-01,2.991971439268746313e-01
-1.253865219868325331e-01,2.626651937384147373e-01
4.923484337781330322e-01,2.036458074816536457e-01
-5.286510408222661744e-02,-2.058439443708800359e-02
-6.679623228812382740e-02,1.197999692716529702e-01
-2.775151584421007905e-04,-2.411841550763677566e-01
-5.003930436671163440e-01,8.296756281010478351e-02
-9.850660667971278261e-02,3.292292282478409549e-01
1.278913554452721507e-02,2.749996895959743726e-01
7.700847572588119805e-01,4.720487000236948255e-03
-1.928078806509482823e-01,-1.482326765785105804e-01
2.150234801045174116e-01,2.809414958447033206e-02
-8.430524473741207725e-03,1.848683228394380207e-01
-2.806113755295157608e-01,1.814375821394410282e-01
2.522142108836338270e-01,1.376807566878234315e-02
-2.155657016975497109e-01,-1.533035875448897078e-01
4.478905456024688536e-02,9.078482106938005891e-02
4.661286294901796357e-01,1.665811998576258723e-01
-2.281181465805190989e-01,3.365373027104093806e-01
3.919966081392202151e-01,1.477735354742645002e-01
-4.336281426832964969e-02,6.249918651493763244e-02
-5.624802432426839749e-01,1.097594089592805744e-01
-7.136830302516449648e-03,4.322211963949669222e-01
4.506159586799913797e-01,-3.939558813998894071e-01
-4.252113979080000307e-03,-5.419662068597618232e-01
5.060677663269076421e-01,9.573360638645337373e-01
1.906162022487415120e-01,4.104999698021286059e-01
-4.457582871716920248e-01,6.357225293217649842e-02
-1.933963103750679091e-01,4.435457074928478294e-01
2.388091539615039560e-01,1.685098205471738039e-02
-1.206492781323652841e-01,-5.895330573916598288e-02
-4.439918091203667316e-01,-3.111277210885832756e-01
1.347118448610788444e-01,5.668944838508187534e-01
-2.417455573504534716e-01,-3.527475967942135249e-01
9.881510874485635587e-02,3.448215554315119391e-01
2.685827266302985850e-01,3.324044742424099308e-01
2.943081787034961816e-01,-6.681838413208451843e-02
-8.502779531171000826e-02,8.571717690931925093e-02
4.798684529937261023e-01,2.551263798250512638e-01
-1.439700928099543475e-01,2.321889830972647534e-02
2.916205810217394404e-02,4.416834392990323654e-02
4.300765274831038210e-01,9.766004245061504774e-01
-2.138084625656117843e-01,1.479000219327588905e-01
1.983476345703309995e-01,3.331410275928456954e-01
2.208621237659761927e-01,2.483376184886414428e-01
-1.452237766939662167e-01,-3.065072216713942699e-01
-2.313482355873343888e-01,2.132451803638002463e-01
2.196554371437079156e-01,3.766318396814587466e-01
-4.537340721413141709e-01,-4.127416762977020315e-01
8.821822069439994030e-02,-4.641421679765262986e-01
6.333417098738210183e-02,1.863891915885878270e-01
-5.582990529658142798e-01,-2.460864631575602479e-01
1.692160955780494247e-01,1.555145800362922881e-01
-7.948109865733753165e-02,-2.543736340826259767e-01
-8.340773377646631959e-02,3.264883542110700310e-01
4.261144068086341052e-01,2.342434253197448468e-01
1.540758884793827221e-01,-2.958882523019313315e-01
9.737742494001748461e-02,2.486987979976161833e-01
1.774174051911242833e-01,-1.596675958441165499e-01
-6.673015647451842058e-01,-1.221886734746242820e-02
2.009153978596699835e-02,5.195640673660890663e-01
3.149198544089908403e-01,4.908431747616764373e-01
8.975628698406840078e-02,1.446548051414256741e-01
-1.857026283447273662e-01,3.198710197864619575e-02
4.540331155813243091e-01,4.244251008774391209e-01
3.399222633978827290e-01,-2.935736339431133657e-01
1.753752349970524593e-01,-4.736430660828058747e-01
1.623517182922132622e-03,2.709873725443339709e-01
-1.332322008085448650e-01,1.793752172404856626e-01
-8.746910361381509125e-01,8.913540398167758838e-02
7.235438033952894255e-02,1.072410550051318134e-01
2.682918946812061223e-01,5.512630059644371139e-01
-4.053079040702848301e-01,-6.272176216968216034e-01
1.412875355522543452e-01,9.821327380146534225e-02
-1.677058706303006519e-01,-7.427584717973620965e-01
-3.761322020712665887e-02,3.316132765055279097e-01
-2.225651751798038980e-01,3.933423232149102500e-01
1.644290120803373334e-01,-5.438020842526377491e-02
-2.688548839705136827e-03,2.175043256334507624e-01
7.541827040438116303e-02,-9.234075364608097802e-02
3.441079374303777083e-01,1.347158375144413278e-01
-1.348392534738812876e-01,-4.567403780420161152e-01
-3.948049173442395865e-02,-4.205841682408686250e-02
-4.182859492011439806e-01,-2.130852346295217248e-01
-2.157007254406869690e-01,2.667272067756842335e-01
4.125570334069630918e-01,-3.756502477107808158e-01
-2.671463482490039065e-01,1.176794597967329437e-01
-3.244504992487979855e-01,-4.672576356595106034e-02
-2.967190431232215597e-01,2.723135284238840104e-01
-3.007718454802476016e-01,-6.244100501275944015e-02
2.235055209679434329e-01,1.062183556453125538e-01
-2.971496002546696880e-01,-2.333623572350831399e-01
4.138803240790728255e-01,-1.182353021948922694e-01
-6.171765713299085521e-01,-4.149460354834144660e-01
1.171829211798421921e-01,-6.786722921492641114e-02
2.862300795953172661e-01,2.055526891734419936e-01
-7.143104496390641212e-02,-9.344525189011380559e-03
3.743739560578493442e-01,1.122752990569817894e-01
-2.621080199076600836e-01,1.965606810817940586e-01
-1.376160246708223525e-02,-2.995468508184233603e-01
-3.683228459420038736e-01,-6.390928012858566355e-03
-4.234265053384183436e-02,-1.344255903247453254e-01
3.859463844668851312e-02,1.739987524019941389e-01
7.782019130491687475e-01,2.195384067661760308e-01
1.142095074252767462e-01,1.886351578804551787e-01
3.767329564707965206e-01,-1.501488250736237040e-01
1.233206615232402929e-02,1.498020339514612997e-01
-4.810397289225957218e-01,-3.235262829825001352e-01
-1.533942884989516475e-01,-3.003876025965761601e-03
-5.641169943779464901e-01,1.387971300270995079e-01
2.879059351122770782e-01,3.921370132700356392e-01
-4.075450931074849903e-01,4.440146817186580407e-03
-8.713125727607972520e-03,3.961471388086914569e-01
3.729446439771297306e-01,-2.954137861978518576e-01
-1.780905518608937033e-01,8.341943347139725573e-02
1.543113448283180422e-01,8.279956706932257993e-02
-3.602922405027814134e-01,-2.006187995898082999e-01
1.787478808381509077e-01,-1.256310438914963468e-01
1.177255581427362752e-01,1.137694853405872009e-01
1.350831938883862993e-01,-2.240310926552691595e-01
1.253494940887461273e-01,1.838592717301557600e-01
1.994726738353031492e-01,-5.724500827569600769e-01
-3.504745937249885701e-01,-7.574161489980095474e-02
-5.654372108015679466e-01,4.367307302398815150e-01
-4.513616732264555953e-01,-1.737022344977781629e-01
1.400909857489703314e-01,-4.830415764965911296e-01
-1.767647999505041756e-01,-7.099487485970462641e-02
-6.067573971689357859e-02,2.126798179779156306e-01
-9.603024583910654832e-02,2.294449359452826742e-01
1.801830203618880188e-01,2.015628212601249525e-01
-2.997335074313050018e-01,1.895386230945626804e-01
-2.636504416491047276e-01,1.150993574521746859e-01
-3.618800053202696487e-01,-3.586049932160493281e-01
2.720472478766482877e-02,-2.425150634484072310e-01
-4.880140078197414133e-01,-2.497297766420611409e-01
-7.167786677145420171e-01,1.862984289677177552e-01
2.527287709481595979e-01,-1.272480157430668224e-01
1.088961981913930677e-01,3.401013601676771136e-01
4.359466371126657913e-02,2.604870293434157213e-01
2.085329755107604432e-01,-6.400082190334199783e-02
1.024771093199416602e-02,7.237794643261898919e-01
-2.626587110924565316e-01,2.426462417953769712e-01
-1.540900982161441668e-01,6.665817525093984397e-01
-5.096221410776710092e-01,-7.273291612149164198e-01
-1.240523895078588651e-01,3.272479688632637385e-01
-5.779519071173488953e-02,5.452647547053043331e-01
3.871862649510657284e-01,-3.419420992510367463e-01
2.415983879205247653e-01,1.288722985955187694e-01
4.730308317062726364e-01,-6.953580439879986086e-02
-2.141220855893588293e-01,-2.038464692092487873e-01
-1.360016616564143320e-02,-1.396556565756511825e-01
-7.564061398333962564e-03,-2.403067000869432146e-01
-2.032382431545317614e-01,1.970873140310429594e-01
8.060822345616629192e-02,-1.178468061396274191e-01
-1.128600378971491430e-01,-4.018804836333969011e-01
-4.925065252294578144e-01,2.718269438581849204e-02
-9.560427081873384622e-03,-3.033294008983226098e-01
-1.373026329610617380e-01,-1.219049974661548380e-01
2.451527239390857704e-01,1.463343917495849300e-01
7.601270271335784923e-01,2.920927053594457590e-01
1.217225153178567165e-01,8.290180950638437185e-02
3.340549935181393315e-01,2.251337353826612375e-01
3.069643322199733584e-02,2.750627447347667731e-01
2.494309773314997980e-01,7.533257877518947931e-02
2.631004689512442263e-02,-4.890211154169635810e-01
-6.533867087279995878e-02,2.966944863434335944e-01
-1.341378467231830740e-01,-2.960074527325370908e-01
-1.586870805840395401e-02,-1.766357507685384909e-01
-2.658476010862035332e-01,4.620349971948842227e-01
1.369326004167749911e-01,8.359969303090776516e-02
-1.007941622936685405e-01,-3.124838415989431573e-01
6.651469666733361708e-02,3.473645124965243913e-01
-1.162106784790272462e-01,-7.913599002032695173e-01
1.794797263011878863e-01,-2.382103218553216772e-01
-4.438372577094271132e-01,-1.984717254089794769e-01
-1.760780560483863055e-01,3.600898995126069480e-01
2.811760933748251867e-01,3.957999862612879283e-01
1.842192934864227971e-01,-1.312826528913327850e-01
5.728457005031378779e-01,1.777621768936850366e-01
5.270643488152738643e-01,1.262883374093624611e-01
1.212853393039022981e-01,-2.366185499070720122e-01
1.768420730730418597e-03,3.337947709093749826e-01
-1.440892353726309638e-01,-7.971973094810323734e-02
-2.294216202667126170e-01,-1.611653017325828940e-01
-2.204056926423045570e-01,-4.618035663307158978e-01
4.212551253992936617e-01,-4.890513093751944762e-01
-1.877183905344937398e-01,-5.722124830517649752e-01
-5.977711692700534707e-01,1.327534727207473897e-01
4.946603236175821372e-02,-4.138506184403548116e-02
1.786443562876439684e-01,-2.508802484507541286e-01
2.577446091014981566e-01,3.900915290728527718e-01
-3.650652653410816351e-01,-4.265569297656545134e-01
-7.095267208899468381e-01,-2.526000670302409046e-01
5.102375953457994467e-02,1.897226156183736967e-01
-2.151475934493100040e-01,3.193963621933402358e-02
-2.753951373532937535e-02,-2.355327441870210814e-01
-1.291587477854516386e-01,-5.304516649778548976e-01
1.079061366552585277e-01,-2.971026289444089405e-02
5.771352134894013053e-02,-4.563773250897008166e-02
2.066181633718585098e-01,-7.446300877167943977e-02
1.667225853969862281e-01,2.863143125761640276e-02
3.411375549464059076e-01,-3.900004137679615734e-01
3.531615315401171462e-01,3.944970987638165560e-01
-5.720160647728700365e-01,4.545331807284799797e-01
-4.612439466485537820e-02,3.502483596034111080e-01
3.243394476043043317e-01,4.397780883973190780e-01
-3.293056044562363005e-01,-1.500229743205419575e-01
-6.741642038876585752e-02,5.711399744607915940e-02
2.050080374881689815e-01,-3.195218276534886326e-01
9.909399655175220312e-02,-5.397424396977764660e-01
1.168631728681290977e-01,-2.219313267994082739e-01
-1.352284477528944429e-01,7.432419726852407260e-02
1.042201037580109679e-01,-1.724319142521374693e-01
2.674081305498342553e-01,-3.410844165585057985e-01
2.458050092924433244e-02,6.731971444673214011e-02
2.169527883513198141e-01,-4.335765927597898806e-01
-6.654132442570859229e-01,-7.685726659450209386e-01
-2.536757391764283276e-01,-2.583267274223302046e-01
2.819685639829078161e-01,3.648491022104284331e-01
-3.366645296023224043e-01,2.017462992085680695e-01
3.573005265691055476e-01,1.089512134105008329e-01
1.557131632987283909e-01,-3.818354071435205443e-01
4.096447239711427102e-01,-1.010705659208186169e-01
2.713783819972516720e-01,-2.884106244490650117e-01
-3.790731361849537101e-02,-5.168683788854804007e-02
1.337798202422854910e-01,3.315015191689474894e-01
-7.303182013355702384e-01,-7.356461043256753429e-01
1.835809852657309116e-01,2.466948275269272711e-02
-1.335274928248862125e-01,4.097266452612864929e-01
1.368743630185404458e-01,4.681400473482560387e-01
-1.963981712456609185e-01,-3.094354362369700073e-01
-3.683356679986191651e-01,2.924302325372885036e-01
-1.875871798714206784e-01,-1.569694812809815376e-01
8.126442770818748107e-02,-9.484348545633025651e-02
1.419876421615599016e-01,-5.232773222539613966e-01
-3.879922411906055330e-02,-2.378718029636756742e-02
1.496046730131940228e-01,1.619786955106853055e-01
-3.530017658523899038e-01,-5.720387340257043762e-02
2.893145325154981573e-01,4.242678319968175293e-02
-3.901083180014165014e-02,1.961854599880112071e-01
4.839364885340492473e-01,-4.847141209593367611e-02
8.148035341139892029e-02,2.552866655959014075e-01
-3.760058700314390934e-01,-2.293798735675171840e-01
3.130116596984386934e-01,1.629099674058126779e-01
-1.317536757302341655e-01,4.183976643016115160e-01
2.096338362530485722e-01,4.956433527454770505e-01
8.159654098651535070e-02,-2.830703884794321112e-01
1.779719872233888611e-01,6.546729325491512652e-02
3.950830914088951928e-01,-3.572911441712880443e-01
3.483286308751175342e-02,-8.093763526086044102e-01
-8.920491402808448933e-02,1.645847786119183642e-01
-3.525027220652340865e-01,-1.938139687007942383e-02
3.391085498015043720e-02,1.960893309989882038e-01
3.344930353357927766e-01,1.371747558542951162e-01
1.352992546633016886e-02,-3.049588463953295525e-01
-1.977847792881536615e-01,-5.179927491664181038e-02
-2.622132622193124596e-01,1.950985668262033013e-01
5.063620757298182840e-01,1.540870072790971324e-01
-8.012870766465264583e-02,-2.026778305916448475e-01
-1.464200541008317535e-01,-3.828512378779413416e-01
-3.001959421988367183e-01,-9.821327305467894564e-02
1.013723956601277620e-01,3.239772918776991362e-01
-2.080848300589481226e-01,6.568057390715191513e-03
4.624651984973873198e-01,-2.842745729687981004e-01
2.021467668191367223e-02,-6.141766524829117557e-01
1.081236138058924295e-01,-3.879201536089638691e-01
-6.394349629431222981e-01,-1.923314639589187858e-01
-7.452552690365189803e-02,-2.224926989546849032e-01
3.869378549553296742e-01,-3.631234310777095020e-01
5.445909675307583804e-03,2.354241824604601796e-01
-6.486673065096502933e-02,4.794483982178502912e-01
3.231173063857325500e-01,-5.904196084958671653e-01
-3.974427561050823399e-01,4.502619347660450494e-02
1.146679820985990750e-01,1.886482628724488742e-01
3.797737268420236373e-03,4.776174874543007709e-01
-3.897161911955733249e-01,-9.469511992566813363e-02
-8.240951049964995168e-02,2.148864500146155376e-01
-1.677843178216655573e-01,-5.393848537934171732e-03
-8.861037535064714143e-02,-2.656043602994009323e-01
-3.230136726787657397e-01,-3.405185069096989398e-02
-4.825413886221043003e-02,-5.296131444698756741e-02
1.371232614874207112e-01,-2.061947642446179396e-01
1.180122159056617159e-01,4.637415511166587123e-01
2.751250706812997660e-01,2.152520756709183358e-01
-7.943032442546969774e-02,-2.031194906164231484e-01
-5.114411376033608514e-01,-1.071286083801280264e-01
4.686373517295694957e-01,-2.528412937838076524e-01
-1.678797471576339850e-01,9.835680744438619894e-02
-3.410605506507786155e-01,2.706728819345018966e-01
-2.154445380490839224e-01,-3.844879413675201252e-01
-5.509188274855245787e-02,5.184650503877091809e-01
-4.533681337582680104e-01,-2.284575809629594556e-01
-1.787413611572832295e-01,-2.752547848842628597e-01
-1.923815353150406526e-01,9.411580043851539013e-02
1.916513010248474813e-01,-1.951622505629334869e-01
3.129047403084426332e-02,5.115613194530062302e-02
-2.076005387020420923e-01,6.342594766496745251e-02
-5.744674542528442895e-01,2.634728136539746801e-01
-2.114829163624726005e-01,-2.783082743953365634e-01
2.501913422169241841e-01,-9.524734864470958337e-03
9.846211213510934479e-02,4.989313322304602116e-01
-6.006809568207590599e-01,-5.778916396510190845e-01
8.183097694346695011e-03,-1.714033634668131190e-01
-6.192212155170817578e-02,3.581047494560636313e-01
4.086392658264387800e-01,3.129580244913213183e-01
3.909707488937290143e-01,1.062994045323874398e-01
1.106161077104512169e-01,1.060646998068870139e-01
1.767313362086647965e-01,7.935808503148751580e-02
-2.863842328831830986e-01,6.056025021898848310e-02
1.061166452890008605e-01,1.286184035238228940e-01
-8.693117796553664345e-01,1.739107021086134242e-01
2.166216131427932123e-01,-2.650287313620025564e-01
2.665892903450277629e-01,-2.825178698204607319e-01
-6.169114283794986386e-01,3.502459545509772204e-02
4.010606260033303117e-01,1.531270977806396816e-01
1.799472153000539754e-01,-3.068085710927040410e-01
-1.803883428258642452e-01,-3.726607561111088263e-01
2.048200461021875418e-01,1.821686233604953298e-01
-3.250762952291701424e-01,-3.587388181998129033e-01
-5.591459693915924456e-01,2.288789008391625412e-01
-3.181978360785338023e-01,-4.161145108856126318e-02
1.297342778256176665e-01,-1.495473679637410571e-03
9.313371023381518121e-01,-2.832782310340098419e-01
-1.293276991175789647e-01,-6.975255451125184081e-02
3.484558494412760138e-02,5.783523947394412223e-01
-1.461942902750046347e-01,6.181389471008068570e-01
-3.511980366685384380e-01,2.172173540755734933e-01
2.936921377211091366e-01,-7.780340614450708125e-01
1.327522277487299951e-01,-2.151059797018564992e-02
1.295563158778046398e-01,-2.310169574027693545e-02
4.146534067867081452e-01,-4.819883651621015286e-01
2.422230415929031710e-01,3.370945285442937256e-01
-1.443486902779851366e-01,2.029271336437028228e-01
-5.475373247826308409e-01,-2.057007926556273236e-01
5.403810681224027190e-01,-1.627137172132082366e-01
-3.204642755212947502e-01,-2.318563681517206987e-01
4.564157542856183136e-01,9.175406745030185995e-02
3.644542880075729574e-02,-3.637922943680134691e-01
-5.186092702739959481e-01,-5.150146009323073315e-01
-4.365631471473339631e-01,-2.919509893298159464e-01
8.756752988570350171e-02,-2.283427531380644027e-02
-3.544173637072685068e-01,-2.107845472601887760e-01
1.464601027825556886e-02,1.734580662609477575e-01
-4.232646333118006421e-01,-2.232043819322166445e-01
-2.788015910267785391e-01,1.293172819789661088e-01
-4.415713990764127406e-01,-5.950004661190935185e-01
-3.042814605269061334e-01,-4.054186557926949264e-01
-3.321435184896302517e-01,-9.655640592809906775e-02
4.534849355928630699e-01,-1.438388931627521193e-04
-3.487882805499788186e-02,2.115035458198276652e-01
1.191834358137552202e-01,-1.668405603444841345e-01
2.838603570371640572e-01,5.836174020925740669e-01
4.697262701311809563e-01,-6.793130892959219347e-01
2.385335789534381856e-01,-1.620073566120376896e-01
-6.093626728582925978e-01,-3.882947791052803743e-01
-1.393907624606940399e-01,3.711682956520340748e-01
-3.510587540668825279e-01,-4.334312458185602401e-01
-1.434081798347915104e-02,-3.371311720847991467e-02
-2.819482280186679790e-01,4.218438728275145100e-01
1.032159985208788849e-01,2.801898765158142846e-01
-9.289267347863471025e-02,-2.696436228865885520e-01
-3.552231483597156902e-01,-1.576447896941158278e-01
-1.119084420751561559e-01,8.729479185798458829e-01
1.338272514426133153e-01,2.827208281478963206e-02
1.242537394507152587e-01,2.374990876490040426e-01
1.824538787243052684e-01,-6.462708450416414507e-01
-2.134519444119012954e-01,4.788545190990567968e-01
-5.562907944921397646e-02,-2.584392386793577523e-01
1.599940477895871183e-01,-4.198359599710819179e-01
1.544636684382027225e-01,-4.118335897077944618e-02
-1.296633210818979032e-01,9.377592386229258170e-02
6.668344700738340070e-01,3.794651905021762528e-01
-3.013223684549133363e-01,7.726957791535628284e-02
-3.376257521279958929e-01,-7.159105433646818784e-02
2.297901492005462731e-01,-3.395033765303728246e-01
-3.925985940475865826e-02,1.585637286193351259e-01
-3.108349792275882928e-01,-6.428538511256456367e-01
2.954975332970145585e-01,-3.574775933228324654e-01
4.277192305736639555e-01,-2.487299882914384141e-01
-2.344506380987976257e-02,2.378118435711404077e-01
-6.132307939250488671e-01,1.901431021878489391e-01
-2.984518928182821051e-01,-4.226156666585380028e-01
3.024593115066102067e-01,1.769559846972153516e-01
-7.680590328088710006e-02,1.126663502846004528e-01
1.364137337556038110e-01,4.992979037692140895e-03
-2.112025337509579881e-01,2.870156627003613292e-01
-4.576602483924171461e-01,-5.373813747882536518e-01
-1.373254073553349663e-01,-2.032822979140667674e-01
-2.325055955109643982e-02,2.329877921874545510e-01
-7.435612674097497737e-03,1.191078553655404160e-01
1.402095683905719703e-01,5.924330921672646966e-01
3.472724358147028512e-01,-1.885338295432673061e-01
1.865063524759638658e-01,-3.603780091753016057e-01
-4.150404341237413086e-01,1.722098043837536896e-01
-6.673856527264344744e-03,-2.855914032301287708e-02
-6.577542737862881496e-03,1.235793577600910464e-01
2.250008359279837833e-01,1.395044847483756234e-01
-7.540153204018808231e-02,5.032875295883839500e-02
-8.450840141598105204e-02,4.225531064265540815e-01
-9.294752873110377622e-02,-7.894995746897538746e-03
-4.297348594071655203e-02,-7.470569239087854196e-01
-6.871986514218897391e-01,6.557497805211252029e-01
-5.089390964837330333e-01,-3.009460869304830255e-01
-1.156993972364330769e-01,-5.519106603276500156e-01
2.224459865498021327e-01,-2.009110014251427878e-01
-1.043262852988417894e-01,2.703074144047107330e-01
3.542483693948662027e-01,1.042046588251404338e-01
7.664987851403082253e-02,-2.419760766900632409e-01
-2.687943295276400968e-01,-1.335950195425564214e-03
1.129102078071119591e-01,1.743128047870550756e-01
-2.077338118629890387e-02,2.112925188428439460e-01
3.589908138653993830e-01,-5.793734232112530691e-01
-3.083161079117226477e-01,-8.373085582401071369e-02
1.896795170713004020e-01,5.317208883721034063e-01
-5.171762597174658360e-01,-6.419570085304655838e-02
-5.687461419768631288e-01,2.086466357764785728e-01
-2.378867060224315044e-01,-1.311534749776472331e-01
3.374729698354175800e-02,-2.797564050090154963e-01
6.859096436627101223e-01,9.196919472402410173e-03
2.737589994656134708e-03,6.260016082320158937e-01
-1.897734824438986334e-01,1.612953054366352001e-01
4.029624284233984111e-01,5.621250761494483994e-01
2.898688354423005764e-01,2.521937793299795783e-02
4.788654412501845009e-02,-2.668834287863428023e-01
-4.525340241967762411e-01,5.204548899302805509e-01
2.413684503448764937e-02,6.527364358119360777e-01
8.298960030908204832e-02,-7.416097328472090466e-02
2.836188025852570127e-01,8.604764074187457035e-02
-6.085236760907339892e-01,-3.755225443726102341e-01
-2.887036920121998085e-01,4.610729670121875845e-01
-5.080151281630632676e-01,-2.981258919922908923e-01
-5.126881770676089585e-03,2.450176307273400356e-01
7.608668121342201940e-02,5.535678909421590937e-02
-1.504077463837297790e-01,3.938853235934690056e-01
3.131095973537381116e-01,-7.251000576481118065e-01
3.873922678378693973e-01,1.189018364389641952e-01
5.957647367052354426e-01,-6.430015251067483506e-02
7.351656483570243039e-02,-1.361132458192833017e-01
5.123354188318318680e-02,-7.883858731674620035e-02
-2.862625801900680611e-01,-2.210204713572283541e-02
1.218076798374107816e-01,-2.255889922138247794e-01
6.435516785481344426e-01,1.544068029630276673e-01
-8.185664530141796291e-01,-6.106378576057175031e-03
5.104931087223325559e-01,1.813881234552343069e-01
1.083820177732171541e-01,2.539154047282474735e-01
4.669328153188969099e-01,-2.902395557155260097e-01
-2.572952258399579528e-01,-3.434399985181139092e-01
2.934907326107030756e-01,1.402184630838788438e-03
4.697262887041827040e-01,4.141479566110027877e-01
-9.084862597417077412e-02,2.062508616079961887e-01
-4.068171507774496209e-01,2.658577730572736497e-01
-2.664851362868096984e-01,5.260573709938138887e-01
-6.093029324640671096e-02,-4.031820666531282099e-02
6.301870092228223363e-01,1.264781793968390231e-02
-4.052182039122797508e-01,-6.339337623190308135e-02
1.492841239607471948e-01,2.942832085961497035e-01
-9.322478847635498611e-02,-2.701814062687962065e-02
1.854378086859648223e-01,-1.570156615956931623e-01
-3.800506154915146012e-02,2.425942952592924085e-01
-1.285272142377694160e-01,2.558275168049233828e-01
5.074093112102339154e-01,-4.971798008942761998e-02
2.304023190099098173e-01,-5.959458409499202719e-02
3.557783786672123749e-02,-3.051115438818516878e-01
2.053970696743954716e-01,-3.204398034174234522e-01
-1.515298171055967924e-01,-5.150907902572698926e-01
6.527822552024331593e-02,3.310560982777022709e-01
9.386377490494360321e-02,-1.242494752188572638e-01
-4.125115463562065710e-01,-4.472148560173703769e-01
-5.291837554330303811e-02,-1.830786226009914752e-01
1.743494832627413282e-01,4.780437887547357434e-01
2.005760524374941567e-01,6.908597627487713666e-01
7.384117682481487928e-03,-3.888104237084027276e-02
-5.451428011978450838e-01,-4.887471789881045470e-02
-4.996298605671985193e-02,4.369293426205334563e-01
-1.198617699766853090e-01,3.604541502761315908e-01
1.218718125347950099e-01,7.628817876261601016e-02
-6.548740889428110966e-03,6.842272523573891818e-02
-3.263426658124391477e-01,-2.638976826035681067e-01
7.107856693824343708e-02,5.059929539447654001e-01
-3.713323849880796890e-01,1.393605803399620702e-01
-3.329813951459623667e-01,2.585603714213354776e-01
4.800758999696621010e-01,-9.986612451563744997e-02
1.725730031805295939e-01,-1.795902688479364406e-01
3.616171975002893113e-01,-2.861983036480950648e-01
-1.379148471131333153e-01,1.463104992173167584e-01
-4.354727596576798976e-02,-2.888293436871320341e-01
-2.942604449666357258e-01,-1.102105397211577409e-01
7.860577758315331343e-01,-6.609635232050262155e-02
-4.335238068247084242e-01,4.119927723246443740e-01
-3.656037757351825457e-01,9.463459351172405498e-02
-2.125745697442462390e-01,-5.078694479713287135e-01
-2.483917318077784597e-01,-4.956395970638553805e-02
2.545007567100035506e-01,7.135229414398339132e-02
8.419622063440788950e-02,7.439644696852383554e-02
4.054864513610281218e-01,1.446023316868914332e-01
8.311185896684146757e-01,-8.786933984466572742e-03
1.925793272319923644e-01,3.530515784496761952e-03
-4.053405167831166667e-01,-8.263572836405781719e-02
2.474218234114326787e-02,-3.726402854910816353e-01
-1.676092355926656063e-01,1.514730840504152909e-01
7.151719242563461809e-02,9.978110819257074438e-02
7.189416372027885860e-01,-5.004055671066728328e-01
-4.362842400102819387e-03,1.177258604050625684e-01
-1.207204586176336414e-01,3.663923819275129445e-01
4.815875513809701469e-01,-1.179549898892231635e-01
-4.768277960231324109e-01,4.008553173712465778e-01
1.012026558223282947e-02,-1.337491082477283433e-01
-2.680991323995988163e-01,-2.761776843032419659e-01
1.572007228905459297e-01,-4.539542784461534364e-01
3.034417805027955217e-01,-4.642258636682785461e-02
-6.153351962607644943e-01,3.463835059638435965e-01
1.292580791949527463e-01,-4.883185899412696429e-01
2.763477063161996483e-01,2.599741969250208284e-01
2.743682161024830757e-01,-4.569193747487484969e-01
2.889041343934677375e-01,-6.686860469617190994e-02
7.419519921359796211e-01,2.585181604101055020e-01
-1.709483311810241005e-02,-9.252858512367630184e-02
8.836099962295461407e-02,4.863065116712989577e-01
2.768849111812076227e-02,-5.222597590329868256e-01
-1.136147409415248083e-02,3.204635256566058521e-01
-3.636510778026059987e-02,-4.808864247677545611e-01
-1.553660930833402620e-01,1.807060717426752505e-01
2.817862250642155231e-01,-6.014540097446721134e-01
-7.145816520073321465e-01,9.120667139591699668e-02
-8.616475689106643798e-02,5.449042362634337611e-01
4.007454224862711523e-01,5.540701882808910517e-01
4.343355579424941770e-01,1.724783449410582370e-01
8.447474882239984773e-01,1.769944275616051610e-01
-3.556661943380880486e-01,2.860799518830068125e-02
-1.470642359503168684e-01,-7.758728860996828847e-02
7.376522674672582047e-01,-1.834998124355399496e-01
2.526389801360528486e-01,-3.382054440955445385e-01
-1.642842207155328915e-01,-1.187007176977800782e+00
2.147806674129178195e-01,2.494742211818640198e-01
-1.173677042404961679e-01,2.625946631313929580e-01
-5.945970140727622200e-01,-1.577205123231089079e-01
4.370712182431205628e-01,-2.410495068529806134e-02
1.426374899020564080e-01,-3.114904028049832463e-01
3.169450702084203320e-02,-1.762052570067907109e-01
4.574449551461860497e-01,2.870117833724002421e-01
-6.927457011817524102e-02,1.424856590018508395e-01
-2.874475678691782443e-01,8.161096879148901362e-01
2.440985074354777296e-01,-8.595055848044628188e-01
-9.285488518783446832e-02,3.251168916939610187e-01
6.599158912873968053e-01,-1.206589453525194894e-01
2.019704818829688164e-01,-4.476748382858046493e-02
1.078317991160319539e-01,-2.258308225065176755e-02
6.456629802499622706e-01,-2.568115646117724027e-01
3.066782616740021394e-01,-2.730191264196631384e-01
-1.364297927273349087e-01,-1.581329144490907501e-01
1.329820640299241713e-02,2.845931185232331018e-01
-4.014380530370372235e-01,-8.350227075778772143e-03
-2.210841793915142572e-01,-1.679993437396889999e-01
-1.791909351298415221e-02,-6.327130622082428602e-01
-2.670136655174781132e-02,4.000438018935697504e-01
-8.114878956947388366e-02,-4.696121944282503069e-01
-1.365009306168094017e-01,4.607131823142731619e-01
2.143943108086825144e-02,3.072517996292383202e-01
4.605401314088265474e-01,1.160533929947973331e-01
-3.826133897645756510e-01,5.541226506291825338e-01
3.032416133126201174e-01,-3.473397725229286359e-01
2.400981149866539960e-02,-7.793957759503795935e-02
-6.592201953437096425e-03,3.813956525704289557e-01
4.478394115637803208e-01,-3.664845735057914999e-01
6.845419820556800650e-01,2.901050104292681731e-01
-1.702481961543725331e-01,1.947309810724237866e-01
-4.040873472081899648e-02,-4.561780626738136113e-01
8.210723878154414790e-02,2.740294839696403306e-01
-9.301024894659222497e-02,1.446170088061297376e-01
9.175862929689958258e-02,-1.296931367423275749e-01
-2.075230012108130462e-01,-9.797504118127750572e-02
4.566620224470732681e-02,-8.130007170531559912e-02
1.160127133234346852e-01,-1.126619005954811008e-02
-5.762275348218999227e-01,-1.716007869182039347e-01
-7.279202546767983284e-01,-3.408789769739616893e-01
-6.630090563420183714e-02,9.432222681125127309e-03
4.059410294578467693e-01,3.444296204457548971e-02
6.109150276266793467e-02,-1.359368362318534029e-01
-1.671949385976609082e-01,1.028045227889141412e-02
-3.875592132694605924e-02,-3.637790335902152394e-02
-1.960484949044196124e-01,3.039157498750510444e-01
2.462100220434209133e-02,2.904923879217398142e-01
4.460762885891403906e-01,-1.801813477173236921e-01
1.690125173446491991e-01,7.070785603864755686e-02
3.453963675159671398e-01,-2.055751008838986871e-01
3.115413758723981075e-01,2.201295791491692799e-01
-1.635511347847496966e-01,2.442126682994390785e-01
4.414996568352558270e-01,6.004252991040092136e-01
-4.755885769770274579e-02,-1.017531119875506596e-01
-6.741571275634959948e-01,-1.109214835779980535e-01
-3.519021432963492235e-01,3.182749927311645521e-01
-2.860689727185325992e-01,2.261810728009118129e-02
-2.563282913448588496e-01,1.117444963926002705e-01
-2.327485185716199056e-01,-3.334415193931757337e-01
2.977234544556267015e-01,-3.432198280863215101e-01
6.595355744659366082e-02,2.397662128357042066e-01
-2.520956100643357289e-01,1.463344880791707381e-01
5.614908303344678941e-02,-3.830288995793670326e-01
-5.246510456024608936e-03,-3.719361722031379047e-01
-2.988942478953010573e-01,-2.354554688832412659e-02
4.022951491188767048e-01,-1.776150513837626566e-01
-2.874122143377996763e-01,-6.383070778665656496e-03
-1.873242162857975124e-01,-1.193376916638876767e-01
6.824413102761518746e-02,2.277676346686417219e-01
2.475271153338232943e-01,-3.208897963833102218e-01
3.295841719934996528e-01,-6.675914841665661070e-01
-9.008448590522967481e-02,-2.184310216005110744e-02
-3.876851243524220836e-01,2.652927618915169594e-01
-1.447052941228638701e-01,-1.070463001220564314e-01
-4.987043662674949807e-01,2.260157657250080887e-01
8.259394777391017642e-03,-4.065077949761516374e-01
2.558010278383342495e-01,3.435727030165958706e-01
-2.899830971383683398e-01,2.658612917734294867e-01
-2.215858277730933801e-01,-1.476222721613192346e-01
-1.502713335568842123e-01,3.404009105906312116e-01
3.516709274758641479e-01,-2.916449240464307202e-01
-2.843000103534186751e-01,-5.853625054907616310e-01
-4.473942129852505056e-01,-2.789227031690847403e-01
-4.500555329571911956e-01,3.142026338735764424e-01
3.991217630589109500e-01,3.992515536462909465e-02
6.926444865143246976e-02,2.859626220000836549e-01
1.593821390684064532e-01,-3.123672841526372035e-01
-2.334120398111819705e-01,3.519356287881509893e-01
3.356213792486407166e-01,1.799244138932671599e-01
-1.799247673206052500e-01,1.186753540462102408e-01
-4.799327652091915364e-01,-3.445643853539187562e-02
3.941555804630303417e-01,4.738174929742287184e-02
5.865723112289230601e-01,2.509493318177224430e-01
-4.111690182140330663e-01,2.177563345065423872e-01
3.642942412421289466e-01,7.765585438824430808e-02
-4.275586611260227543e-01,-1.205260149348287846e-01
2.090165860286649357e-01,-3.675802643764018024e-02
4.037047571463878159e-01,-1.807696792652503381e-01
1.303926799752325172e-02,-3.601021795448990787e-02
-1.091922652990838793e-01,1.079913116111273635e-01
-6.132402558083051292e-02,7.402182080263605690e-02
4.921315822789036343e-01,8.318684756124115898e-02
3.898748459434810965e-01,1.983841647440597322e-01
-4.683297796807070479e-01,1.588576861258697293e-01
1.854819394599714899e-01,-8.637898028498317005e-02
2.504780509964003518e-02,4.790133280632875024e-01
3.424397947554316257e-01,4.197421005925472404e-02
-1.169098864785343000e-01,-2.260034439438549647e-01
6.272687484929827251e-02,3.081198594611309072e-01
-2.687467447487054129e-01,-2.382198304771434572e-01
7.936246575271191026e-03,2.339361298044413118e-01
-2.280530250229211575e-01,1.549463273476597569e-01
6.730812693018049797e-02,1.651764939492015444e-02
4.146040093301809892e-01,-4.289966128401209722e-01
2.672900634770858930e-01,-1.829237798531884729e-01
-4.850130873114776864e-01,-3.202966728184843404e-01
-4.540295067276595153e-02,-4.061120342981007769e-01
-5.163206056375720110e-02,4.224493346910424552e-01
2.854344797444158255e-01,-2.782527227530439684e-01
3.118557307109449672e-01,-1.772809379837785027e-01
2.605939540646719510e-01,1.323967018223879376e-02
-4.154939438115735628e-01,2.422979464284448492e-01
8.128096343190395479e-02,5.658855294546950576e-01
1.590028444862817344e-02,4.527169493625906038e-01
4.201275952693610538e-01,-2.905190294260696637e-01
-1.501942334341051510e-01,2.504608722520687558e-01
4.771161876240371802e-01,1.657176036200561087e-01
1.638322876325573885e-01,3.664988042194677331e-01
2.122562034860156766e-01,6.968575901757879665e-01
3.262247992671549746e-01,3.109094931060636946e-01
1.038028288575674057e-01,2.901445615079544654e-02
-9.246494678531047562e-02,5.580523700756226391e-02
3.626475215532941332e-02,-2.029432830052226022e-01
2.923426774636592729e-01,4.335803500065683047e-01
3.525406449677718212e-01,1.973064898999589978e-01
2.404475350587777227e-01,8.346406899309920246e-02
-1.711127904195039739e-01,-4.605393368329520065e-01
-2.218800446763040130e-03,-5.952788234189263505e-01
5.267253498404859124e-01,2.796117945987435238e-01
3.564521249225929278e-01,2.865640084335584481e-01
2.393742342977715487e-01,-3.129261373210444619e-01
2.585982214989285266e-01,3.149396655996951622e-01
4.219805559774253978e-01,8.859627470763276058e-02
-2.159569141467764242e-01,-1.298416883978628644e-01
1.556570758671483035e-01,-2.337936698469126606e-01
4.908074233206242698e-01,1.528419614467944609e-01
4.257488215948203036e-01,3.965166204241102887e-01
-7.967984247474668713e-02,-6.696935960426156909e-01
-1.657881091224987224e-01,-3.745297812435699480e-01
-1.922552613113033271e-01,-2.635481807008492883e-01
-4.082764402291232941e-01,7.186857062165620535e-02
3.399697776921629111e-01,1.120676986964168620e-01
5.113325282942073891e-01,-4.155205657564651767e-01
-2.260001997615677244e-02,3.931352899796981826e-02
5.398836388901351313e-01,4.348968414066334831e-01
2.231070039497987656e-01,2.959344743641516562e-01
-6.656239303086283754e-02,4.052106914690088435e-01
9.512956269228241279e-02,-6.870641587428044650e-01
2.426364495892854509e-02,-3.884477510884954965e-01
1.503255384819773000e-01,-3.785423763445124878e-01
6.702261565288585195e-03,-2.160619146272413013e-02
-1.462947434237639177e-01,-2.425062317926666433e-01
-2.008199017256549201e-01,-1.015096383884136477e-01
-3.093262811428152959e-01,-2.221029961891944071e-01
-1.793366789471170508e-01,2.133714755680269914e-01
1.815564976358396143e-01,-7.064783065279220398e-02
8.038844224215323242e-02,-2.996472179053646934e-01
5.534727471091254181e-01,-4.647027378357133087e-01
5.937023658369033896e-02,1.943010740678349779e-01
-9.442683446888135157e-02,8.367753535582718449e-02
-2.225446270468468268e-01,3.074452126101122618e-01
-9.939803646576227114e-02,4.833914625118881370e-01
-1.296378261909784113e-01,4.618270883878811822e-02
6.480660980099128832e-02,6.014516575329833525e-01
-5.732029152390203386e-01,1.155761027169812521e-01
7.895407261261984389e-02,-2.276514678438209816e-01
-2.012381953928657138e-02,-1.864925508419811306e-01
6.326409816216255200e-02,-3.654343903787807268e-01
-3.113837590190784987e-01,3.354141257809495902e-01
3.469397289134792395e-01,6.947243538389435979e-02
-3.410998235805900447e-01,4.589223898546834768e-01
-5.079940534687186343e-02,-4.680758374288514490e-01
-1.130341362913483000e-01,3.067002557780613703e-01
5.583333396803591420e-01,-4.021758284114380216e-02
-1.941916834386032617e-02,6.042908741554195995e-01
4.843726658937166918e-02,3.396691800670007533e-01
-1.368915446111849780e-02,2.894936436068930585e-01
1.060602723840636946e-01,-1.785697986007139526e-01
4.344637287780273027e-01,1.297310767698420242e-01
4.693730662388277408e-01,-1.012421652879118283e-01
-1.566251670540444452e-01,2.464580561418261984e-01
-1.558519583658706398e-03,8.583862929108965201e-02
-7.624618391733260780e-02,-3.920798779505871856e-01
-2.165917884999084830e-01,1.421522725900844775e-01
-5.539217671828610134e-01,4.717410826509148454e-03
3.970183356401498116e-03,-7.933073694196519920e-02
-2.021307740370886785e-01,2.420277779213205749e-01
-2.748398088290993080e-01,3.273422877732924952e-01
-4.356286569157848954e-01,-5.241093830699099232e-02
4.173862288624847205e-01,-1.735693393059101752e-01
-4.356746527909634570e-01,2.349763746345447102e-01
-4.695171105820057367e-01,-8.786703899301462339e-01
-8.955708495085992760e-03,1.274535691690066308e-01
2.506234847863367254e-01,4.534070816535158421e-01
-1.051400451105696104e-01,-1.695297914755874713e-01
-4.383906261721094016e-02,2.458465637372844736e-02
4.669674631045627744e-01,8.441766308289082310e-02
-6.548866492110048121e-01,-1.614751369768498146e-01
-5.123259136284173954e-01,-3.039281274968158031e-01
4.500915211784259351e-01,-5.671413533865427015e-01
5.582394785411298049e-02,9.029558797835203487e-02
-6.204449457413437757e-02,-5.446617978041150554e-01
-2.276591197569548253e-02,-1.185783944883754132e-01
-1.434455280830046753e-01,1.200412435149876139e-01
-3.391522676162338490e-01,2.267278644603425986e-01
1.632859635382173102e-01,-2.973714057887793527e-01
4.444928812063644319e-01,-2.513801770758937112e-02
5.089554994342603278e-01,-1.192110252059308670e-03
1.660877956147649437e-01,1.185049092813055399e-01
3.836522502083682951e-01,4.985027412369405497e-02
2.940539687760094362e-02,-1.800514800835437690e-01
-2.760265780352567089e-01,-5.057147658616442110e-01
7.656964528933214442e-01,-6.100856008685067583e-02
8.411950379437251046e-02,2.882357173173826226e-01
-1.015464262442615229e-01,-4.088354648537046443e-01
2.738007415645804521e-01,5.892766984872830349e-01
-4.851038243310851206e-02,-6.038381274351943828e-01
3.216280742249064684e-01,1.880797872416056227e-01
-4.013860219965766085e-02,3.726395671269531751e-01
9.747476740607269319e-02,3.021096451418468498e-01
5.678976725288372718e-01,-1.512333001285140199e-01
-2.454975520740634298e-01,-3.593535765010844596e-01
-2.712439652266446233e-01,-2.097912380204196292e-01
5.712803597580499299e-02,1.358794798369508672e-01
-2.921068701146221080e-01,2.967077386300261965e-01
4.092033029578556746e-01,6.235716162028522719e-02
-1.048519420318497208e-01,-7.272955663624215694e-02
-1.095407727510767232e-01,-8.498123335455944061e-02
3.348766042711199264e-01,2.776476087811937665e-01
1.617433779894908163e-01,7.314526082130901052e-01
9.020540881460904770e-02,2.713479893673085286e-01
2.300480725565165474e-01,-3.987684114684120901e-02
1.641976508800595952e-02,-3.152331071136370566e-01
3.691274962317014352e-01,-2.874658468785841470e-02
3.120312943058839994e-01,1.619186369029875783e-01
-8.059160717413203778e-02,2.861586120841220215e-01
-7.159067299927415751e-02,4.168275935218120898e-01
-1.598473640903401716e-01,-1.968450793335413396e-01
-1.753715426366140306e-01,-4.432671537217778845e-01
-1.302675012880726846e-01,2.829995707638993108e-01
2.763890391858813689e-01,1.366714457535622984e-01
-2.432445562487328683e-01,1.384434134563031771e-01
-4.134388976920089775e-01,1.712063272674439474e-01
-1.895281902297511201e-01,-2.032783899379682624e-01
-5.015990096568259116e-01,8.464434041897953009e-02
4.893748962694111637e-01,4.922659226348211764e-02
5.390266715698474598e-02,-2.706221289009683173e-01
2.337004332137932738e-01,2.576739067126621041e-02
-8.186131270550164873e-02,2.478897602563854274e-01
1.011352204938089083e-01,1.344163893713403723e-01
-1.230507543353799756e-02,-8.538781328298059026e-02
6.240161736302918261e-01,-5.041813787041372619e-01
7.120029843430440708e-02,1.108176816952607113e-01
-1.483048772023503326e-01,-3.578014457729311038e-01
4.456542984478398806e-01,-3.571534154950734008e-01
-3.074175528108770150e-01,-4.035975096078374125e-01
-1.266005339655688622e-01,-1.868413685253597356e-01
-4.365124776402097562e-02,-2.799088257617569631e-01
3.699618254493411418e-01,-9.832103383201096225e-02
-2.957986547350514583e-01,-2.135166744675755512e-01
7.244311454341414991e-02,-2.887405062363217478e-01
1.503869542362000211e-01,-1.901304157536675421e-01
5.634533026294473723e-01,-5.166984044665183795e-01
3.195856444648114553e-02,-1.659603904275619435e-01
2.552975765803293107e-01,-3.289133025904942276e-01
2.091155344786597980e-01,4.986110741694333992e-01
-3.297471861125486625e-02,1.397673676175149038e-01
-4.784836983248406117e-01,-6.479560097330979707e-01
1.019993504332519091e-01,2.297075474746873847e-01
3.106267747660377276e-01,-1.546556420795987818e-01
4.713990658695815794e-02,-3.753366600864101454e-01
5.370436112644730864e-01,6.647195378516621012e-02
-5.091038325528769448e-01,-3.810930903781102330e-01
1.021054787870297326e-01,5.332550155335828018e-02
2.917082111275561829e-01,4.404643702478878292e-02
3.079072917836084278e-01,6.090890708644797896e-02
-3.369926455455008463e-01,3.718043757162857177e-01
-3.361641770334659607e-01,-2.654813652589399497e-01
-3.083405383842130476e-01,-4.511858403215966429e-01
9.433146106324651059e-02,-1.277837931039418340e-01
-1.308893880126064113e-01,2.160443193412251162e-01
1.928716824619562120e-01,1.707976156872376972e-01
-7.077031914421408332e-02,5.511876559043410451e-01
-1.490920936288958054e-01,2.525997852718375181e-01
2.913549154467964114e-02,2.515502140193494607e-01
-2.034568487349204258e-01,2.078924902941617636e-01
-3.811038307164700545e-02,-3.227205432588566847e-01
-3.704308809105613109e-01,7.624161923583356454e-03
-1.130606164231652729e-02,-5.908156717455325529e-02
-4.129921164190800686e-01,-4.840076072794813888e-01
9.829564648455818565e-02,-2.956568698323654987e-01
-6.284726432931845297e-01,6.096962919089164018e-02
-1.861446714106549938e-01,-1.930900666580662173e-02
-2.023338686218880203e-02,3.092703185871253924e-01
-2.313884386861168596e-01,-1.150904112764274644e-02
-1.042786191549788383e-01,-9.686077754407737550e-02
-3.675791601988074864e-01,4.961707206703363515e-01
-1.470638135714849859e-01,-7.558458401286942407e-02
-2.808151820641277899e-02,-2.346105027599568460e-01
-4.354111484536856702e-01,7.034944133183956838e-02
6.839363283305027741e-01,-4.066952626829472561e-01
5.013115086522782482e-01,-4.783457635311337899e-03
-1.021481719635255331e-01,8.991205504699377737e-01
-3.260061959528166020e-01,3.767273793710965157e-02
-3.427156038064556320e-02,2.547957281404223950e-01
3.074267435719259534e-01,-1.845147359341866022e-01
-1.888484146498269345e-01,5.959920314177986622e-01
1.926867461973483242e-01,-4.274238089737987800e-01
-1.849961077624217853e-01,4.558264636718573626e-01
1.314260773594574105e-01,-1.903805689475936702e-01
-7.798380711274188748e-02,-2.066045688378592704e-01
-4.938177337064874606e-01,2.274397137597798310e-02
6.525637392586410845e-01,-5.717476651165932511e-01
-9.719914924173894688e-02,-1.163740592167798460e-01
-1.020606613049541478e+00,1.264982181558690355e-01
9.845300129869528905e-02,6.073509057914195930e-01
-8.736178014041280637e-02,-2.022142273589431494e-01
-3.866465930312260307e-03,-7.249984349543205919e-01
1.278913590842455095e-01,-4.489977962444317572e-01
-3.377453296035544672e-01,-1.105623367835523591e-01
-2.703098758407350144e-01,6.113821804005752786e-03
-2.584407996852798942e-02,-8.897077666403424567e-02
1.143223249898232402e-01,-1.578524249134951596e-01
-5.944138881038780742e-01,-5.693418531812866751e-03
1.977003243480693617e-01,-1.574523456727966453e-01
5.997011521238241466e-02,-1.284258578589484445e-01
-3.857184381777654936e-02,2.556076270897990610e-01
-5.690580331261950731e-01,9.637598415251197315e-02
3.986142438752762196e-01,3.985296360009012856e-02
-2.313580214403150592e-01,4.584086542835762168e-02
-4.864302638271728041e-01,-4.658523530061607354e-01
-1.093260972330667852e-01,-1.351790587435248436e-01
2.780687802424896549e-01,-1.894860552803301068e-01
9.574941420764516986e-02,1.414363835486642240e-01
1.328349855207608676e-01,3.747919746995994478e-02
3.025531572576974915e-01,-2.410109075450263538e-01
-6.720760265193940208e-01,-5.910593837886151114e-01
1.686782535899208624e-01,-2.238970250986664634e-01
-3.749530368347154252e-01,-1.261864486303717614e-01
-2.336005151591560025e-01,4.313321939582275832e-01
3.945738277011934803e-01,-1.332762767552235217e-01
-4.483853944874126030e-01,8.332117527695245135e-03
2.837957195273651534e-01,-7.302583628459476950e-01
-3.010409550811372070e-01,1.932720551821793531e-01
-3.128663094219018559e-01,5.224126430451860870e-01
-1.886123927497644348e-01,1.120354193325959376e-02
-3.539506631848290952e-01,-5.907309104018648727e-01
-4.114349319407027972e-01,8.209981773143125439e-02
-3.217237488550183655e-01,4.306313595017734197e-02
-9.402550987690599937e-01,1.537836722850635385e-01
-1.307264059962060521e-01,-5.989371048290470512e-01
8.444869050936713861e-02,-1.921413738301177773e-02
-3.560451421066326144e-02,-4.562308609562335526e-01
1.953712396608766333e-01,2.489139985108727027e-01
4.779529801210620210e-01,2.758185479776805726e-01
2.079677709386017481e-01,-1.154727716116527442e-01
-6.162064375129158167e-01,2.840614850242776379e-01
-2.246971366906811984e-01,-3.190853259969679834e-01
2.270435596033123227e-01,-2.304915961055157281e-01
3.207387646501563827e-01,4.548958336067851493e-01
2.292925363444966724e-01,2.437467601885131563e-01
5.529534631592183391e-01,3.542990749986238974e-01
-3.343639021071649897e-01,-1.368512738411817309e-01
2.933679246487549408e-01,2.946813951300154000e-01
2.170716802988762184e-01,-1.468318277246735415e-01
2.465749280217133244e-01,-3.186106808639859733e-01
-2.046018335754722639e-01,1.244745024714111192e-01
-2.957352467661881201e-01,-1.785823013787426750e-01
3.267128411826610845e-01,-1.579727682242607623e-01
4.277871435476123807e-01,-9.590366515742315690e-02
-6.099804627586145056e-01,-3.755067057229535266e-01
-6.512742801746270686e-04,3.162390145046898304e-01
3.123844849994334982e-01,-3.188686227130606565e-01
2.377470975097852601e-01,3.940835167563259134e-01
-7.331161507916414410e-02,4.758115813430563446e-02
1.244973438908557051e-01,3.569362682987714530e-01
6.440551296880352161e-02,-1.533976468458689985e-02
2.612461819443527844e-01,-2.601091092952202422e-01
-8.982638574375756413e-02,-2.829017368321922743e-01
9.901596421849048757e-02,-2.225933911270090368e-02
-8.065651464138900995e-02,-1.287388080938665635e-01
8.432971392287310630e-01,-4.479534624350143823e-01
-2.250505412424653462e-01,-1.631753389459930648e-01
-8.962547578124190062e-02,3.324675857629077469e-01
2.158704723192288177e-01,1.693603775015462276e-01
-1.626551897480436881e-01,4.616900416800387430e-01
-8.091803077793944254e-01,-3.041427887149377729e-01
-1.701114977483050572e-01,1.212097897085597648e-01
1.248954011714464851e-01,4.189633189578708672e-01
1.702171138300797859e-01,3.654176346949568055e-01
-4.112294660452721073e-01,4.987992355120022259e-01
5.839340464351949755e-01,1.575053391895548660e-01
-9.091259543934045173e-02,-9.823180600920013161e-02
6.908693779868988472e-01,1.421917676087984250e-01
4.204370964287908879e-02,1.106388710711446038e-01
-4.543704490014369851e-02,2.664958252305093742e-02
-9.496960756416580884e-03,-6.808531527966511510e-01
5.533301322287553781e-01,3.106319780576081158e-01
1.196047829481383107e-01,-1.011968860524368879e-01
-2.490039934113985609e-01,-1.052121794865807508e-01
-6.495413835679265668e-01,-4.097577091315470210e-01
-3.352816227339528582e-02,-2.109578511479223706e-01
2.706498632998384224e-01,3.201721802834043284e-01
-1.517379438026508244e-02,-4.355046118528652782e-02
-1.521039117793452911e-01,-2.513088916413853680e-01
3.315837575471370369e-01,4.627027953639932523e-02
-3.631719275324775675e-01,7.491587178583205553e-01
5.129713011926441135e-01,1.865431622579935000e-01
-2.912832079464041657e-01,-3.231202236417106688e-01
2.393223602216685564e-01,1.288553941439693207e-01
1.539213041492563938e-01,-6.287989000355101443e-02
-4.478401203274770537e-02,-1.150992653030948887e-01
-2.353959632073053879e-02,1.419344216246701262e-02
3.547821266002941232e-01,-3.028359082001956248e-01
2.994684341068194477e-01,-2.071624412826474360e-01
-2.000695339771342562e-01,-5.957236077852269274e-01
8.840878317065936631e-02,-8.360587549959228038e-02
6.023148893375480234e-02,2.209535837132801384e-01
-2.992779824548577605e-01,8.982021328771130353e-01
-2.699281690488230523e-01,-5.631803695727599646e-02
-6.138470313223494401e-02,-5.817684250964740705e-02
2.505955440846519694e-02,-3.972202733797152718e-01
4.216971790526309327e-01,2.460957181643197433e-01
3.292176940222014681e-01,-5.401166095228229214e-01
8.123710125608103044e-03,2.225048973881725289e-01
-3.604548391130226598e-02,-1.119969852142806976e-01
1.250646626072940415e-01,-1.553153454071478853e-02
-1.997494967473703309e-01,2.995887898693926354e-01
1.921745740037616307e-02,-1.477612339538055819e-01
-1.585241066855342384e-01,-2.629881178038547263e-01
1.515663702830972182e-01,-1.277868410487691120e-01
-5.923388808601593586e-03,-2.120960592824307211e-01
3.243107040955076070e-01,-1.163781928634513158e-01
-1.362897069810883321e-01,2.012474974199436606e-01
6.618084730683701511e-02,-2.950451070486551641e-01
-4.183389191464816359e-01,-3.884038651832744105e-02
-4.276736966733397649e-01,-7.158527574164015583e-02
-5.742968897132819661e-01,-5.232445124439883966e-01
2.538259317884415389e-01,-5.051424956590135767e-02
-1.578016616383693393e-01,2.333519135373731124e-01
-4.683227971561437775e-01,3.399675852764165729e-01
-4.988476100866994778e-01,-2.057266322706712003e-01
-2.836065153023460336e-02,-2.661182190627635058e-01
2.699757714785916765e-02,1.833629828922405947e-01
-4.262192009761091027e-01,1.333389388110166884e-01
2.328088387793802311e-02,-2.058323990798860068e-02
2.891245545326175947e-01,-1.334795747454252113e-01
-3.409977418497857626e-01,-1.218207031141627095e-01
-3.703663470473012587e-01,-3.076706636887638693e-02
-7.893014704160147832e-02,5.189000119591932192e-01
-4.804470949970910953e-01,-4.926358741641660710e-02
1.360568483983771171e-01,-1.906291353119562715e-01
-4.618764623644000533e-01,1.857930024372494993e-02
-2.768518835126704269e-01,3.187680945794600929e-01
-3.473783300759859805e-02,5.747272029801065579e-02
-1.287096621797715057e-01,-2.348623272745279378e-01
-3.048849049438631664e-01,-1.406664756645569225e-01
1.229216891651471466e-01,-1.056342285333507491e-01
-6.651722519660026034e-01,3.391189808377664261e-01
-3.977132283822475134e-02,1.039954992768088032e-01
-1.163487827398266949e+00,-1.102592724064529670e-02
3.531242459811207574e-02,3.700935192398101259e-02
4.842967745947905356e-01,9.368867505978625831e-02
-2.771482437470563776e-01,-9.300318822508908678e-02
-3.442424929249560117e-01,9.405617049824460674e-02
-8.144191009779469526e-02,-7.451392292615871549e-01
5.823651055305458790e-01,6.288368025891569735e-01
3.960571573251164823e-01,-1.977872721731505079e-01
8.910221736348808430e-02,2.542725203378770060e-01
1.871019545343309554e-02,-7.863686878806388503e-01
4.802050583717713539e-01,8.407269360051783380e-02
-2.144779295198670221e-01,-2.408369012158111666e-01
-5.140229807444982590e-01,2.987825300303376119e-01
3.090842646610222899e-01,7.556169024470815732e-01
3.541278190676547810e-01,3.889099928128019190e-01
5.360153041467788926e-01,3.310740082758293901e-01
1.478409505932964073e-02,-1.860785779489830261e-01
7.498452380518917659e-02,-5.461746317372108139e-01
-2.429461265105642975e-01,-4.195066823765281616e-01
-2.596701198067843386e-01,-3.305662991094844572e-02
1.251356635799087125e-01,-3.178967962842912248e-02
-1.860819487197874766e-01,-4.399407105946741975e-02
2.068190111132922893e-01,5.100668403301676923e-01
-8.848816372069135960e-01,8.439279582075622788e-01
-9.944947906642630231e-02,-1.496678546041395885e-01
1.881765181970199499e-02,-3.668106532342274018e-01
7.169875198988519271e-02,-4.041130349141277001e-01
2.149683686881301570e-01,1.957783068895207201e-01
4.071458534803371609e-01,5.059912428993708078e-01
-3.582375480109077359e-01,-2.107417926162468425e-01
-2.717867379512136083e-01,-1.470568278152732389e-01
-4.122821463127045866e-02,-3.876598928864295468e-01
4.288307630080465116e-01,-9.683734320417149155e-02
2.433992053523784949e-01,2.017412039129623247e-01
4.636181983250040606e-01,3.010145118758673563e-02
-1.881666487620325123e-01,-3.977886494174447118e-02
1.718786501626803631e-01,-1.556667261127192281e-01
3.534501985782668304e-02,4.566671399632517003e-01
3.017638002773624928e-01,-3.025695173427077056e-01
-2.028497387173186783e-01,-2.213783045682567729e-01
-2.059204374296671192e-01,1.499105787097054776e-01
1.007779566632616142e-01,1.617275968467919711e-01
2.775549400202087513e-01,-1.984697451847508565e-01
3.053822977207565348e-01,-3.927569521510417827e-01
6.429618279808126113e-02,2.082717713655906223e-04
5.392259051776499001e-01,3.508104914949530806e-01
-1.435058503393240315e-01,2.891477180094930710e-01
-4.134872798886220502e-01,3.100849124520713707e-01
3.172974256678969679e-02,-5.771830940738560400e-01
1.576050697531213296e-01,-1.138902440129689331e-01
2.417467605792876853e-02,-2.280932052531209897e-01
-5.646530818502671911e-01,-5.960501432965271684e-01
1.324528728832528035e-01,1.013767670859588507e-02
1.041027668468516437e-01,-4.105958905147356619e-01
-1.173058929665606182e-01,-4.564030599912908270e-01
-2.661754475349025206e-01,-2.850420499531218232e-01
2.553631840576593981e-01,7.651608986154397052e-02
-3.469799694605774087e-01,5.574262372839244861e-02
1.883700154213568678e-01,2.590133395412583805e-01
-1.847915970731032198e-01,6.950473996394143095e-01
-3.562257860711346424e-01,7.190847407371673272e-01
2.672567937784434133e-01,1.834371859876283151e-01
-2.916138513575661229e-02,3.795963852057740451e-01
5.359935755462265083e-01,6.021635477110681700e-01
-8.671542147902665254e-02,-2.913099904712376231e-01
2.117351578104536836e-01,9.628286313114743991e-03
-6.262687755833356018e-01,4.896041098797249136e-01
4.472796009100919457e-01,2.611526640489310602e-01
-6.149392537482014642e-01,3.658123948517554014e-02
1.478904609037188372e-02,7.286865959697803596e-01
2.244344367657865047e-01,-1.887569281564681345e-01
-6.686746644897025894e-03,-2.633085102698003443e-01
-7.003983603379767553e-01,4.086732371584189671e-01
1.491286112894472382e-01,-3.228792757695337495e-02
-1.338381315958367124e-01,-1.677940124728674320e-01
3.983615601086828301e-02,-1.072396460955704622e-01
-3.002896969026350171e-01,-4.263371785377029766e-01
-4.742303718109524766e-03,-2.630590832953815239e-01
3.388001634631018222e-01,6.487893429120059063e-02
2.069951783513390431e-01,-2.015978230227249285e-02
4.698996948016569974e-01,-3.846762629360240826e-01
1.806788885175115295e-02,-1.127243688601843458e-01
-3.951027203150385692e-01,4.142626216392872873e-01
-1.140647455453545900e-01,-2.507159796722463474e-01
3.640494638493931290e-01,-1.115282385306485963e-01
1.008993586588117886e+00,-1.783600442033564937e-01
5.658109375143212383e-02,-1.190201304771596608e-01
4.675944210477153695e-02,-3.631090457591319987e-01
-2.083797940177627428e-01,3.011773083870696727e-02
1.256558621790608288e-01,3.241662259995370943e-01
5.117507785767296813e-01,-1.081175456236664334e-01
-1.433437057478027278e-02,-4.789272109595622551e-01
1.812757771405337504e-01,-1.688910055957847378e-01
2.632601294130073599e-01,-2.939877391170795939e-01
-1.905822748825796165e-01,-1.609101938867293358e-01
1.833748310470400544e-01,-3.749060965929857936e-01
-5.835844801245658742e-01,-1.467650523426935749e-01
1.134094724862506343e-01,8.676042081167205378e-02
-2.747919238115250143e-02,-4.728563839406227931e-01
-2.423455068071121432e-01,-5.983343841499301208e-01
-9.365368172951855918e-02,4.168605861087398834e-01
-3.042738168755894090e-01,4.263926429468811730e-01
-3.135124429836094184e-01,-4.300520862820869650e-01
2.571252738895311030e-01,2.673721944237166248e-01
1.346885929026573891e-01,4.928776358068389513e-02
-1.507236201894930107e-02,-4.395708205665819213e-01
8.935402171685125072e-02,-1.889732727841253179e-01
3.592024733166647721e-01,-3.139701912525399985e-01
-1.829995049506583371e-01,1.319162347029959603e-01
1.267324406484451327e-01,-1.789902085597974979e-01
-1.528349632818889470e-01,-3.418392673851901598e-01
-5.934655182282651265e-02,1.770831383144299553e-01
3.226857788407837269e-02,5.906175490234652492e-02
-5.487350815138206661e-01,8.917422259163122478e-01
2.528711068705978282e-01,-2.270423703329302600e-01
-5.187660196959420489e-01,-1.739818801851878982e-01
2.380708000659918777e-01,3.038834311206263239e-01
2.218037403325412715e-01,5.253793099792975624e-02
-4.953629955785730510e-01,-1.736393035892974945e-01
-2.237873068902223039e-01,-1.351132730453359632e-01
-2.946426637827959660e-01,5.577345804099332303e-03
-1.086019715467712310e-01,5.608920137987698923e-02
-7.867635992880478435e-02,-8.882652560666252570e-03
2.054164689274941558e-01,-2.563889322865944287e-01
1.197554255179567873e-01,-4.913789671594268604e-01
-5.223022729454168678e-01,-1.788539837567306723e-01
-1.661864687999570211e-01,-1.055018640558324367e-01
-2.047974087916490105e-01,-1.925652573150409552e-01
-1.289182596915504908e-01,-2.306203548551969962e-01
-4.329673948938614902e-01,1.343583559912344960e-01
-3.046147916283632462e-01,-6.464788013750809303e-02
7.833627883966139960e-01,-4.978420468150513561e-02
3.346567980709383994e-01,-4.003086179832644753e-02
3.404256183723670670e-01,-7.065969604600818021e-01
-4.789779816177502925e-01,4.613251673857253765e-01
2.018970837869283053e-01,3.778768668430675798e-02
-2.490310150559454094e-01,6.545518812121877694e-01
1.525649640636849158e-01,-1.351099414895080286e-01
-5.955000517345182542e-01,3.399939423082460471e-02
1.888592076959798027e-01,4.190941602806813049e-01
1.709939216924267688e-02,1.273686025183258796e-01
-3.014004820033626131e-01,-2.713448431262424632e-02
-2.102216474263576551e-01,2.775841325523906722e-01
1.592478582703126533e-01,-2.749009631261317144e-01
-1.512853493221431589e-01,5.439479624321535978e-03
5.509074958593147553e-01,4.982400747728146784e-01
1.259162391280441995e-01,-2.287613363763262297e-01
1.844014285651778551e-01,-1.740078737752440707e-01
-2.596777752952073581e-01,5.112660070058782091e-01
2.599222689120808671e-01,3.863277733671121594e-01
-1.466383318828417825e-01,9.965197525500643638e-02
1.913072451005527752e-01,1.171623949491758798e-01
2.524421718330659981e-01,1.863773032482553549e-01
-7.162934493745685971e-02,1.584991306247439669e-01
-3.258379063024332556e-01,-3.090674146949109469e-01
5.841282679829226110e-01,-1.540622991388510554e-01
-5.222726668390575977e-02,1.588239986889789790e-01
-7.054079358226264529e-02,-1.526262362023131924e-01
3.023632069642915796e-02,3.676137233766345325e-02
-1.003187104464467183e-01,6.011944546393934719e-01
5.486989868555341293e-02,-2.018087249485067958e-01
-1.875267705969549045e-02,-2.926826318904465762e-01
1.675021151014857157e-01,-1.394469358806619541e-01
-6.970671099769523149e-01,-4.430291007671278702e-01
-4.264769217133277945e-01,1.308194485777893212e-01
2.319002795333345926e-02,-3.071672789725993780e-01
9.178932020331644070e-02,-2.540540829750830287e-01
3.102118536760224976e-01,-3.591730349906424036e-01
-1.428828734452122773e-01,2.433734522655221777e-01
1.436364037497408208e-01,-4.152285867731299041e-01
3.943400497826267115e-01,1.290765159870828349e-01
4.317822817086372500e-01,-4.395047096084772065e-01
-2.008983467704744952e-01,2.623761351306093670e-01
3.212669609570934504e-01,7.451099996866204778e-02
-2.023537487495389586e-01,-1.150482839122431850e-01
-9.186316245002451586e-02,3.022876394964251756e-01
-1.981310006576200988e-01,-2.946991766291073289e-01
-7.779994457821448606e-02,4.634348871019919880e-01
1.617478123099181375e-01,-7.671828060513313785e-02
1.445886503684392921e-01,3.102155741534170508e-01
1.278299221617884840e-01,-3.840805469011939199e-01
1.111046820319683687e-01,5.179204199415577969e-01
-2.665204691595424169e-01,2.703048451475725256e-01
7.529457572886449901e-01,1.954069617560448280e-01
2.984207356328502092e-01,-1.634069850725918815e-01
3.867378291763745590e-01,-3.460288149582822770e-02
-2.055083534333273509e-01,-4.423584995397030206e-01
3.364078260101414086e-01,-1.933155935997844521e-01
-1.983911978178783348e-04,-2.540863291877989982e-01
-6.995718388845356683e-02,-2.744720065142301491e-01
2.989787450005897962e-01,9.934517929207917208e-02
-7.715827747845313000e-01,2.847376709512375662e-02
8.632668285257874552e-02,-1.025666723657978063e-01
4.157559918934594645e-01,3.872274455365249390e-01
-2.926036462972918528e-01,-6.841092185456186803e-01
1.666375182925127207e-01,-6.070033151240927100e-02
3.618762112076923665e-01,1.267496406323418978e-01
7.387425687456129764e-02,-1.288510852571014831e-01
-1.783368556921799131e-01,3.061328552092549421e-02
-3.530640532094481837e-02,-3.733054774455715208e-01
-1.475649899019001177e-01,-4.435718258171481576e-01
-4.423360922995232120e-02,9.527645645452922918e-02
9.686645084212683332e-02,7.421050081120148523e-01
-2.980444462584884158e-01,-1.623389828950461689e-01
2.318314116098934563e-01,2.141101793574932965e-01
-2.232381500933798557e-01,2.139603906772299946e-01
1.528342004622633143e-01,1.100892536497825175e-01
3.922810166578263869e-01,-4.384196102278888896e-01
3.576148786972045412e-01,-2.355810342911002775e-01
4.191240290020311621e-01,7.062612522288823635e-01
4.949511945144772357e-02,-3.244119266948957692e-01
-6.008123119868052225e-02,-2.601331532030035087e-01
3.029799893081976392e-01,-4.215645915225434970e-01
5.260616997274222273e-01,-4.152961565144913658e-02
7.909161926790577932e-03,3.149135450350306481e-02
-5.946317214223331149e-01,-1.800482299034348865e-01
-2.087406286386564169e-01,-1.605297557674523479e-01
-7.965333088139511797e-02,-1.319860729528423982e-01
-3.234567631007523869e-01,-2.005376740054087004e-01
7.860439731603399705e-02,4.882705153456007308e-01
3.897282535385991897e-01,-2.104964300371709729e-01
1.832636580842519070e-01,1.498166264898685429e-01
-3.916495147294724033e-01,-2.764683506279960179e-01
-2.192422710531275187e-01,1.080707346589589724e-01
-5.047817289837146504e-01,-2.613958836193142621e-01
-8.548223029011409180e-01,-4.520670447479467335e-01
1.412984287797246566e-02,-1.190815103695764543e-01
-1.679937582781117211e-01,-4.095138711156218192e-01
-9.537919988940297966e-02,1.275141198735819659e-01
-3.057029022913039795e-01,-2.166912151857462165e-01
-2.725147804521393935e-01,2.341051504009146467e-01
-2.425240338015015040e-01,-3.400491362178102023e-02
-1.163997203663705987e-01,-6.737008362134719319e-02
9.194966457300019630e-03,-2.297128903286170254e-01
-3.529217804404165548e-01,2.624420132969210728e-01
7.194648108026953370e-02,1.784014776698258364e-01
-6.293235211562979714e-01,-8.384151189139038562e-02
6.559002155207516171e-01,1.483470082113158284e-01
2.997116139261217227e-01,2.417540326638442927e-01
5.244953075530214281e-01,1.447485037162769550e-01
2.129673124901216019e-01,-5.444116592142170946e-02
-4.405365865051961705e-01,-5.017666499241441036e-01
1.611733741116592178e-01,-6.717380781070966811e-02
1.051407462292340556e-01,-5.042964734244539393e-01
2.567414923122779968e-01,-3.938768433995008811e-02
1.256765323727960376e-02,-4.608610901595206442e-03
8.173800290030214244e-02,4.894034691969875728e-01
4.405422861458388115e-03,-8.941582975725972937e-02
1.162396882634784967e-02,5.037110454952246907e-02
-4.219343574708832034e-01,-5.693943765504718701e-01
-7.601482780896971769e-02,5.563880530423168103e-02
2.814150504613569317e-02,2.414390434913898653e-01
3.280587610073457672e-01,-3.110837289131235250e-01
-2.596350277043900645e-01,-6.143805803570980828e-01
-4.589652164574283821e-01,2.163022742752398753e-01
1.554985359687738877e-01,9.472767794644605666e-02
-1.731053046512246174e-01,5.030318177532913104e-01
2.097171506880247116e-01,-5.327648567747208519e-01
2.659885995836293593e-01,-2.988240422393719786e-01
2.403016838699451041e-01,-5.598476496740267122e-02
3.144748562021056348e-01,-1.350729758969785865e-01
4.137311881127704871e-01,-4.546478568321114522e-01
-3.330594137493267382e-01,-1.586996672179850076e-01
-5.934064953054929425e-01,-3.855209593728158857e-01
-1.159441495592538757e-01,-2.367699164696600578e-01
-1.126927080750214499e-01,-6.555111948079140882e-01
-5.163508842114560293e-01,-8.462668627543501465e-02
-1.893264975690983898e-01,-8.573027576089047030e-02
2.896137187337688434e-01,3.641055441073786092e-01
1.485807423212400814e-02,-1.981436832096511169e-01
8.236249821456975706e-01,5.910365397917702879e-01
-4.565524768014503354e-01,4.486666983061644021e-01
1.526080842809472149e-01,2.680318706048231414e-01
-2.452172261866992498e-01,5.184872805078007962e-01
-2.985565323647082492e-01,-4.033528068124445087e-02
2.446605253383949408e-01,2.971520050396565527e-01
-6.885431119814964390e-03,-5.939191821301016694e-03
-5.427660930785924848e-02,1.030375330974817039e-02
1.859866177234402798e-02,1.026175042695412154e+00
-3.815149385999543896e-01,2.378665284824110215e-01
1.993406317110984760e-01,-8.328546687985854957e-02
1.162581166926776877e-01,7.325456618587107560e-02
4.094298459448430516e-01,-2.184133113685589878e-01
2.979762935993672257e-01,1.603595075894414246e-01
2.187661085716388343e-01,1.829822578367641117e-01
2.754252811928103450e-01,-2.814671011752961083e-01
1.981051459680743115e-02,5.627156830089157236e-01
-3.487043391202993003e-01,-4.900266461074977986e-01
1.185927118479845332e-01,5.643272444905812479e-01
-6.365625290755428933e-01,2.465131786915382150e-01
3.626633792138636014e-01,-1.403928445205130104e-01
-4.682441233617868348e-01,8.377994847419956842e-03
3.030969735889283978e-01,1.655334846930954229e-01
3.659823047761928683e-01,2.314173240958730393e-01
-3.654013039306262811e-02,-3.069563396886740292e-01
2.071598361283502610e-01,-2.551093236854301560e-01
7.682701939139960357e-02,2.343807541306188735e-01
-6.452428158980170192e-01,2.241446897385367953e-01
5.090914393542558258e-01,4.218524712073820071e-01
-2.561995356757938019e-02,-2.248208417931404357e-01
2.063266177801191814e-01,-1.067681511335907829e-01
5.421437811962804831e-01,-5.557016076384773129e-01
-1.419808407487364588e-01,4.216183729269379343e-01
-7.267747979265766212e-01,6.394911947187695844e-01
-4.433729996781270999e-01,1.582472727023095660e-01
-4.160058203649419362e-01,2.747134921664550755e-01
2.042715940058962287e-01,-1.298022881007316331e-01
-4.610471283710997938e-03,5.206744968568919329e-01
-2.269447692623578205e-01,-6.415283502748363176e-02
-4.182230874048182279e-01,-4.797432471213660017e-03
6.866851219898155445e-02,-1.333168898883120915e-02
-3.378257072379011738e-01,6.437080376047548125e-01
4.087873683467195263e-01,8.452080916253505716e-02
-3.641694459165569220e-01,2.203694340094884338e-02
3.183070925483309499e-01,-4.472936880833684459e-01
1.518653641656853848e-01,-5.740904439312889684e-02
1.767334651167426773e-01,-3.913573469685132505e-02
6.112121529110499107e-01,-7.400492204789358430e-01
4.615770670870208425e-01,-7.952359794477195654e-02
-1.476768333739793271e-01,1.371784212238195688e-01
-2.393851154658508118e-01,3.667396807358182520e-01
1.131459781776721352e-01,-2.201332026094991734e-01
2.703023260990363719e-01,-3.109270086153302290e-02
4.328109093131586316e-01,-4.041732976049607351e-01
3.263162138251523570e-01,-3.659254066238702419e-01
8.221159880542544540e-02,5.317591650198176811e-01
4.834477329809595547e-01,2.822640271526681288e-01
-4.512356869437079143e-01,4.149614113164100115e-01
-1.105423689119399214e-02,1.992293589681942700e-02
6.693766218243746291e-02,-2.308087419442073351e-01
8.899296594924216430e-02,-2.825409593265667541e-01
3.002827460694388328e-01,3.454663134690167531e-02
9.483382441909192495e-02,-8.341960350485722736e-03
4.868079852393745188e-01,3.576152276341527103e-01
2.104105645695395488e-01,6.618228245621271544e-01
1.315479122396950029e-01,1.701626216450890516e-01
1.919445033983033580e-02,-8.414743020200760037e-02
2.633669575579342809e-02,2.388829691192419502e-01
7.614204354668520081e-01,-3.129357458299034112e-02
1.006990491867605364e-01,-8.798212082946272883e-01
-1.224154653859774455e-01,2.250286509922795886e-01
-1.431739606264073317e-01,-4.898489901922891687e-01
-1.120702117027461558e-01,5.624590667162836753e-03
3.612277865681046141e-01,4.923363001032551867e-01
-5.038889027760124623e-02,3.656440396446271612e-01
2.327137696969852343e-01,-9.543592869762063113e-02
3.760379297957888167e-01,3.189804083063920714e-01
-2.115420684523814654e-01,-1.639308636470221958e-01
1.852870957587383349e-01,9.881002472023128758e-03
-6.895295637005759148e-02,-1.638568411622002008e-01
-2.984642247122186176e-01,1.553416048450580733e-01
-6.289489649497231882e-02,-2.622183979775588938e-02
3.869107028885150901e-01,3.749609366492506202e-01
-4.873340527096484132e-01,-1.602068369578581730e-01
-2.040917237375208249e-01,4.307447354349123181e-01
-2.256214356062999360e-01,-2.512072361544242516e-01
-3.621349489544279376e-01,-1.946535124460555899e-03
-3.414372174177792707e-01,2.397365812353959569e-01
-4.687669876108005451e-02,4.516681033806089346e-02
3.352279942002508450e-01,-9.043638068869195301e-01
2.306670649766900116e-01,-5.638752224390602280e-02
5.170457887602716296e-01,-3.721322511235613389e-02
5.887183511916530554e-01,-3.137367934455830842e-01
5.178004573862162591e-02,-2.278868860143642983e-01
-1.374437352311030092e-01,-8.591223169199532772e-02
3.560328511648233052e-01,1.281220560270764919e-01
-2.535210362777124971e-01,-2.128515354746861321e-01
4.095767083369611372e-01,-6.855255797300683351e-01
-4.434597124291206338e-01,2.523819744145515132e-01
3.536582425339799829e-01,4.177979515015550760e-01
2.922792058387193581e-01,-2.972229693658604011e-02
2.996958214833430612e-01,-9.329592046008892969e-02
-5.855330075885485375e-01,-3.225182602094741058e-01
-1.918427246062446301e-01,5.656325526290630901e-01
-1.335651108943225196e-01,4.261028195483403391e-01
2.647674408461930251e-01,-5.116859420452785079e-01
1.095217854463748225e-01,2.652035817535313700e-01
-3.409797572173042801e-01,3.434241187924102490e-01
-3.749602589828159027e-02,-2.240766572020090885e-01
-1.282542294613546185e-01,8.468564677408338404e-02
-2.219871692942924357e-01,2.337663319376631910e-01
5.886097596902026829e-01,-1.159108981532162297e-01
1.329975814187788485e-01,-4.416023207408171225e-01
1.197831641824104038e-01,-2.182556482501133988e-01
-5.309482322334155291e-02,3.301227855667016597e-01
5.113137466269971343e-01,3.884825763563434786e-02
2.449102863867732016e-01,-1.123354031490948063e-01
2.278023403703031413e-01,1.305157494397421181e-01
6.882784121457297122e-01,-5.468160059816895568e-01
-2.269268820141263562e-02,4.309654032498946852e-01
-1.262274187747086662e-01,5.033024889869317509e-01
-1.982143937263115135e-02,-4.901664007338725759e-01
-9.492485835281584405e-01,-1.627613820511017717e-01
-5.175907009347591181e-01,-5.475448866452826691e-01
2.200831222219319649e-01,-5.007952030967243173e-01
-2.877914932533204850e-01,-5.270466692790420904e-01
8.913172281733480751e-02,5.821115190217508450e-01
2.757638115496043874e-01,2.975293461497129921e-01
-2.758285513027154412e-01,-1.278574684932571592e-01
-4.031361256373552360e-01,-4.059465336944154817e-02
-1.297188111221017626e-01,1.941194754056739802e-01
1.052702297749814747e-01,-3.257248862314298665e-01
-6.423813583643087632e-01,5.301459358513430642e-01
3.983847656265023240e-01,1.776520470200101259e-02
2.308867901997382621e-01,-7.184869666635024243e-02
4.683545205062037420e-01,7.951398357916011905e-02
-4.501315009108310949e-01,2.069087643749501285e-02
1.394470846267157060e-01,7.999668142485510947e-01
2.528347916548438490e-01,6.464869318818267097e-02
-4.848512580657695498e-02,3.882858620905395575e-01
-6.049324865092197134e-01,5.075924583166252502e-01
-1.046250821453936081e-01,1.617416080165828829e-01
2.054181413293557357e-01,2.722332028700890638e-01
-2.043406358583275129e-01,5.767730792251860722e-02
1.223441001612732421e-01,4.660827053569269879e-02
-5.902294801359662113e-01,2.309763270321817802e-02
5.007056885377699773e-01,1.457275574362508208e-01
-3.897343361455322119e-01,-2.925175664468404046e-01
2.901880672780577930e-01,1.378698408272043818e-01
-3.301552700067261759e-01,-3.995905753204809230e-01
-8.443199077647944861e-02,1.321297440968526200e-02
-2.081888110546519233e-01,-2.032902994140979927e-02
8.892702514637619571e-02,4.972953917267877721e-01
-2.337443017732969697e-01,-4.926318190389383234e-01
-1.112990470941589427e-01,-4.544667725125220992e-01
-7.487741900135946871e-02,9.296102515730521321e-02
-1.068276226362586817e-01,2.824611807999761193e-01
1.958640691016924895e-01,8.743540026684019917e-02
2.106284272416782469e-02,-2.268671905395775734e-01
3.884589204346745039e-01,-5.878938009756833338e-01
-2.596439986091839680e-01,-1.902258024860231378e-01
7.545485675351366606e-01,6.645963573055838070e-02
5.980287615018693437e-01,-1.399296405510956284e-02
4.064229951132425356e-01,-4.554702890273074622e-01
-2.066176373561310342e-01,-5.863430200510560963e-01
-1.324549566931668698e-01,7.050867062155628806e-02
5.738921858267401754e-01,-3.184856360807109543e-01
-1.361219780490290909e-01,-4.672742688298593405e-01
2.306580968759904260e-01,-2.520728106246435396e-01
-1.373430376044348644e-01,4.647428612945225246e-01
-1.902954494867026627e-02,8.989841891804919993e-02
-3.585748100052084109e-01,-2.330775269296059549e-01
-6.164553602638670471e-01,4.564853021251387144e-01
7.953500620804201393e-01,5.847795909331376940e-01
-5.936852012292935521e-02,6.908770772220826917e-01
-1.140587231960568798e-01,-6.234604968404265646e-02
4.436734729175847991e-02,-3.538649472146044306e-01
-5.681828336135272828e-01,1.209875278221540645e-01
-4.738605750212150636e-02,4.043027828183717864e-02
-2.939614530987572638e-01,4.459537925107855960e-01
1.991298125736595259e-01,1.008141205422760228e-01
-2.458012792653370415e-02,2.161795849925459700e-01
3.066776836488676050e-01,-3.561244565431301301e-01
-5.927659131810372184e-01,-4.464744060649922797e-01
1.499489472760801578e-01,-5.814939818828073204e-01
-4.540940272496244434e-01,1.003616744043643316e-01
1.460058947835278509e-01,3.248465151327876721e-01
-7.509787380994612516e-01,-7.695937001625484664e-01
-4.821193500477963245e-02,-5.654364061228628335e-02
6.355162618974946609e-02,6.013927318184582038e-01
2.298623517168500996e-01,-6.502134495981186646e-01
-4.098774694219967651e-01,4.323294132678640739e-02
4.912813095511538442e-01,1.500838761162818502e-01
-1.557600306599720569e-02,-3.838284734492505290e-01
-2.639875004589970278e-02,-2.744727908526496396e-01
-3.963248468560323645e-01,-9.329810969982456348e-03
6.063834420315580287e-01,-5.430797744479094469e-01
4.200426071662331506e-01,1.160028240754854695e-02
-4.652377037518046765e-01,-8.108441471137749490e-01
3.456361618525481960e-01,-3.054259744219859907e-01
-4.622979133782449956e-01,1.616885564925555352e-01
1.033896675995354286e+00,2.928038796796454957e-01
2.005370776002889377e-01,-4.920890923146190588e-01
1.619724240851449504e-01,-2.914015168200095873e-01
1.592951388355147990e-01,-5.666628289483152114e-01
-6.089122092492434829e-02,-5.635767794685996313e-01
-3.379701673693091268e-01,5.264010703040208350e-01
4.176458006186400951e-02,-1.125279626214495815e-01
-3.286533116679012934e-01,-4.729018636134184606e-01
-3.347944789202029203e-01,-8.949572472333694462e-02
-5.135016700575553011e-02,2.691335352070284848e-01
1.653205095946708170e-01,-1.259357431338935795e-01
1.789210311293961686e-01,-1.058741792055290926e-01
-3.713364847546524183e-01,-3.447540844346916322e-01
-2.826064036316738304e-01,-5.211756595508783979e-02
-1.974109164158580412e-02,-2.523988918193320052e-01
-3.118020609222895145e-01,-2.236212919166713775e-01
2.711081306020299286e-01,-4.513418445055409484e-02
-6.241762446753157390e-02,2.032488279728679459e-01
9.543699602909033741e-02,-5.651739065537234735e-03
-9.227048612144027329e-02,-5.347935316781592396e-01
-2.436472180944721511e-01,-8.181231102841526326e-01
-4.398990718142086753e-01,5.966665807455331372e-01
-4.798873104850157612e-01,5.379465880415252449e-02
2.076205912774070073e-01,-3.089199408378490719e-01
1.108165823541630152e-01,7.319001557054359564e-02
-1.067519061395652225e+00,3.265738810019485627e-01
-5.465920702363146200e-01,1.757236038553228741e-01
1.197872533555874586e-01,4.880647746889123229e-02
4.014340263869349903e-03,-3.692770727380118578e-01
-2.033429272608838490e-01,-6.609981471331084490e-01
6.335398144015759181e-01,1.073927244842160927e-01
3.550130085835181970e-01,-1.065504369231517479e-01
-4.394638563019791916e-02,-1.447374902418116505e-01
1.363890680626992091e-01,3.150702311933211569e-02
-1.518438977620550634e-01,-1.218689934286067561e-01
6.059588074539352942e-02,-2.574490336468915341e-01
3.598357581735210919e-01,7.988554990492072183e-02
4.484394149524619233e-01,-8.800107953684997014e-03
-1.252184449300250968e-01,-2.642023072336503048e-02
2.690123512887703239e-01,-8.731937116234193830e-02
-1.624886034660647238e-01,-9.532717138243610583e-03
-3.168709758312479585e-01,1.436261355055699906e-01
4.550992525660680355e-01,-1.224903263172216206e-01
-3.323638909828278143e-01,-2.211486891796166088e-01
-6.079285352536440978e-01,1.795000171010643630e-01
2.715431906677386875e-01,4.961789895842044773e-01
-1.094125509518641265e-01,-3.073257634171437380e-01
-3.146979332154419273e-01,2.082984624829292697e-01
-7.044236914415483164e-02,-8.114222161293735414e-02
5.347250581900660910e-02,-3.498239445490997079e-01
3.488651628620935696e-01,5.010447223897650515e-01
5.636562608285632381e-01,-8.122185552636676520e-02
2.488543846247188995e-01,6.613542287982156209e-02
4.560855959991565456e-01,1.834574671065390405e-01
-2.809069309359409905e-01,-1.351190227903917296e-01
-6.843332664715354174e-02,-3.608460185103107981e-02
2.297352421053033278e-01,2.452236761062120962e-02
-3.650783226504493162e-01,-2.050379769373411321e-01
-2.103440438891852615e-01,1.614541731180115514e-01
3.723371231419314586e-01,-8.607859099887477106e-02
-5.103502047359653737e-01,-1.106696788902335055e-01
-9.545727906667279827e-02,-3.927291016821845004e-01
-5.168839523664898739e-01,6.434947077145497518e-02
1.394322933508418058e-02,9.937340810202026364e-03
9.559580375581448741e-02,4.768257148401812140e-01
1.780218844212102802e-01,-1.237483561241745078e-01
-4.731041725796412134e-01,8.194105599522120975e-02
-3.592804503560152463e-01,-4.562914312285329954e-01
1.774356754899997224e-02,1.476557741593707007e-01
-3.107128540112018625e-02,2.566402666508982855e-01
-1.986129591335186184e-01,5.836272390151397982e-01
1.273117345738817852e-01,3.690485486301172680e-01
3.499311578665115774e-01,-3.461672711394538915e-01
-2.264366016029251971e-01,-7.481486065788081063e-01
-7.622209387202356634e-01,-4.646644052209599751e-01
-7.793959660106821244e-03,2.501048303487490854e-01
-5.583968140450265016e-01,-3.366136580293536684e-01
9.932083113010561903e-02,-2.147059083115685635e-02
-2.536361038539837187e-01,-1.140255719703404808e-01
3.665103326198926315e-01,2.452267718778247951e-01
6.239376367750651964e-01,-1.867362190640145525e-01
-1.637239990976644410e-01,-4.918878424137023142e-01
-4.129228777091550340e-01,3.901374982234631084e-01
3.493645595040181795e-01,-4.397873219763399621e-01
-2.770850228427286788e-01,3.565049029612842868e-01
1.289974130403123420e-01,-6.237040238428894767e-01
2.033903467887631933e-01,3.479013728472038491e-01
6.565740889149712656e-02,-1.036869207600561227e+00
-2.459574082630011094e-01,4.592559125147617216e-01
-2.939784123714996311e-01,3.490472332717140524e-01
-4.781868497487882785e-01,1.026271396851340945e-01
1.313392318258054144e-02,-1.620632563265690107e-01
3.900697612337466480e-01,4.478623956234413228e-01
2.561670333645831021e-02,-2.966197358231606462e-01
-2.577946818183918798e-01,-1.115996993867925530e-01
1.392679813310165049e-01,-2.412262446747843458e-01
1.241987721192511912e-01,-1.785631260160425726e-01
1.093452647285049744e-03,-8.757392783972010875e-02
1.829095794122696517e-01,4.601447466942212294e-01
-1.690869408306212851e-01,1.676164513076112972e-01
-5.327584033313805811e-01,-4.073066705107508123e-01
3.062042117202764535e-01,2.424876943637165605e-01
5.349900547391137628e-01,-3.370170264386794234e-01
-4.739320299728410624e-01,-1.790251817668845336e-01
-3.203651475228655454e-01,-1.454269765848752727e-01
-5.140569863748029045e-01,-4.723645082385000693e-01
-1.740176606354644842e-02,-9.673235401325157579e-01
-2.133087041627909630e-01,-2.215170206461998803e-01
-4.491703729641551290e-01,6.635389881914086629e-01
2.713059281045160920e-01,8.950935980867384678e-02
-1.154229497272722726e+00,-9.514968822873558219e-02
-4.587250979735241901e-02,1.932155665907223374e-01
2.138238894723172301e-01,7.668942438345091039e-01
2.200395652315258188e-02,-1.307037620206799866e-01
1.068750070909930960e-01,-1.847808793123019988e-01
7.375461635214611853e-04,-2.359200746978116214e-01
2.412503583938025442e-01,-3.815804753006247219e-01
1.253437985944841904e-01,5.456683759118514249e-02
-1.465325915004585811e-01,-1.161125927305988320e-01
1.533282666835784624e-01,-1.002550865104312877e-01
-2.478900731717365857e-01,-1.666551744860327311e-01
-1.528842073002713020e-01,2.273433806342183561e-01
-1.507936926613254736e-01,1.903083491193995336e-01
2.604554031718468998e-01,6.485223614907786871e-02
-2.280010349676783177e-01,-1.200845874205112990e-01
6.558745784253109390e-01,-2.471825820218933809e-02
1.092998474534548070e-01,5.676035625331862233e-01
2.172737982931653711e-01,-3.874478725690466696e-01
4.894885311727815713e-01,4.549447057249345616e-01
2.168391004652111265e-01,-2.699565162449407141e-01
-2.198450612538557086e-02,-1.927309497543619743e-01
6.970571108654745052e-01,1.808019977314479776e-01
-3.853447577846644823e-01,2.417332788908147789e-01
1.762682740920098936e-03,3.489698354071476549e-01
-4.909468772354775301e-01,1.047072242663275171e-01
1.423656087817765092e-01,-5.312022688148975158e-01
6.037952792140408032e-02,1.184936952424565371e-01
-8.601559978167709619e-02,3.281993725197658862e-01
1.453708576804479957e-01,1.961877890493176346e-01
1.171252755228108788e-01,2.197489781023809485e-01
1.471787022737717221e-01,4.445996044617780973e-02
1.187775097660990348e-02,-2.060333710811734498e-01
1.212048711828853792e-01,-4.362995728286414576e-01
3.808029977365512408e-01,3.072529827814656778e-01
-1.603693243695741566e-01,-6.655099591195082764e-01
-3.773830974321004672e-01,-2.953155781631565113e-01
-1.190178804765241322e-01,1.771684948280664584e-01
-4.672928621362950619e-01,3.751247966206599505e-01
-3.364276428752708270e-01,2.824239938678115847e-01
4.188338466685232603e-02,-4.906447220329607922e-02
-4.918753838992119265e-01,-1.083862758197884496e-01
-2.510677841416200651e-01,4.659747680344755727e-01
1.183052707951920413e-01,6.044824467000381452e-01
-1.006013174726219511e-01,-5.687148038761225682e-02
-1.238178919321880483e-01,-1.473874248288741806e-01
1.877787696074614543e-01,2.520102236375318938e-01
-3.420048716126532495e-01,-6.733450701267461591e-01
4.025379637697552027e-01,1.033894954707896274e-01
-3.645945438631942870e-01,-2.608228450930391573e-01
3.427367576157026030e-01,-8.159652172234965750e-02
7.953917024192611041e-02,-2.460716109312126587e-01
8.129393829464164334e-01,1.254618183342032511e-01
-9.640560335708510398e-02,-2.001729830836785906e-01
5.007594619697864902e-01,-5.468282750889093963e-02
8.040957074891076639e-02,-2.900117455338954153e-01
5.261220302294882661e-02,3.460020344458948904e-01
-2.599430796396883236e-01,7.006457375638136531e-01
2.199850450119749667e-01,2.437823767146162779e-01
-1.470356107536571477e-01,-6.971069632128111815e-01
6.664179671896189316e-02,-3.049573941264032140e-01
7.099819687788413436e-01,3.176441451977438102e-01
4.384622325033745160e-01,-2.482510430722896511e-01
-3.110589171327278191e-01,3.692216279810059953e-01
5.134947728032885489e-02,6.188828731267675270e-02
3.914762364736681932e-01,1.236987055513218414e-01
-8.463275391620754193e-03,8.429616749818459598e-02
4.974810386885532287e-02,-4.610639373523534035e-01
4.351904315830407155e-01,3.520029057328377675e-01
5.765219285209783884e-01,1.817327448406243218e-01
3.849214948865806868e-02,4.009509602137990014e-01
2.243286305547022297e-01,-3.196479857949076075e-01
-2.314571148714391624e-01,1.918618982927142169e-01
-1.621009392112902070e-01,-1.783484831424363842e-02
7.821649378994813273e-02,1.561524764193652492e-01
1.864690349890815446e-01,1.043747021254987917e-01
5.085404061223562922e-01,-3.009211147756046811e-01
8.332108856245276640e-02,-2.642768260549248072e-01
-6.457143411541248490e-01,3.307775532955490871e-01
-3.483121921481511230e-01,-5.065593517669721990e-01
-2.440209828436945838e-01,-2.361428859850102369e-02
-6.740448188869285762e-02,-6.814976339148977325e-02
1.355913996207834260e-01,4.138021453921990056e-01
4.199606242100423215e-01,2.347724216807275666e-01
5.169109732222944009e-01,-2.301602211400549658e-01
1.568325995485443658e-01,1.035929216263891950e-01
-1.356984035016637058e-01,3.084749117976001709e-01
2.206884918394908801e-01,2.392960079265143980e-02
5.969931065794366054e-01,-2.093847489064679102e-01
-3.661772840966054932e-01,3.222858994924724940e-01
5.043829698384497129e-02,-2.017540479535411824e-01
-1.417163875199316421e-02,-8.836300836205029929e-02
4.567141539225667568e-01,1.423396378683336738e-01
2.014286426360441806e-01,2.760850535992808233e-02
-4.425945136584244488e-02,-5.990594069186717663e-01
1.547340585894491360e-01,-2.717738478915994182e-01
4.693014199547081433e-01,2.427412402208997122e-01
-2.735322922114702959e-01,9.323424782679776146e-02
3.390759189838713494e-01,-4.458662676391879076e-01
2.786549904100238950e-01,4.372331421601216017e-01
-3.563810988845608069e-02,4.057113962740817592e-01
1.840624008748751039e-01,-8.014428758547349763e-02
1.863866746539397656e-01,-2.606277421475438616e-01
-1.824459424830398857e-01,1.654760355523128557e-01
-2.825024015911686281e-01,4.891598823951799346e-01
2.976464638341919655e-01,1.225640043116530374e-02
-3.944535856797162232e-01,9.919593182938428455e-02
-6.463398623191189685e-02,1.458139871787379471e-01
3.127599885725305673e-01,1.187485525295420841e-01
-1.656885678891257263e-01,1.378203258776534990e-01
-2.579167196181575972e-01,2.035546305672998602e-01
-3.076339352057720355e-01,2.504125895544949756e-02
2.640230493131901293e-02,-5.415280435515523044e-02
-1.744747703837114805e-01,-6.028555960957489024e-01
7.058247082254025251e-02,7.480948806740646273e-02
5.666885426280629523e-02,2.363466134534322749e-01
3.090342882408297354e-01,-4.755550635167276295e-03
1.321379613036685607e-01,1.008575227861066292e-01
4.481207207911195312e-01,1.180572961801860249e-01
3.187619619855723563e-02,-5.929779995821112676e-02
3.633609784804859438e-02,1.805919590374075456e-01
4.436534087029080087e-02,4.377256882853856612e-01
4.106632499677408815e-02,-2.619315048091734321e-01
4.563877822069472567e-01,2.716173737104771169e-01
6.089352455256325652e-02,2.683887764165849288e-01
1.226721636585883096e-01,-4.417804934244943388e-02
-5.904040321345487285e-01,1.705263562237519515e-01
3.610411276717016144e-02,1.799443095550287419e-01
-2.589966517073405972e-01,-1.045954746914078970e-01
-3.415940378173428771e-01,1.463019582714020217e-01
1.928257323618082220e-01,-1.043716068364236166e-01
-5.809738297727104483e-02,1.662155285074493338e-01
-3.062072820626077774e-01,-4.735433585893851494e-03
-4.187562876516198740e-01,-7.174766676415116340e-01
-3.049845179605512047e-01,-4.545950290409915551e-02
6.320469125583170200e-01,2.157188087709751290e-01
2.183865560898166081e-01,-1.497237493225367921e-01
1.858203550556980499e-01,-1.481411085951413187e-01
1.833665938542317353e-01,-1.315903029636363852e-01
1.602601268290976821e-01,8.887980625921716726e-02
2.041921368253978020e-02,2.722420979169441480e-01
5.021744741491069863e-01,1.543669041322457379e-02
4.163177888911066549e-01,1.166574782768214913e-01
-2.149749337472814104e-01,-1.801485520740624124e-01
2.039968167709744484e-01,-6.218710025169173899e-02
-5.014662499316994287e-02,2.827893266318090570e-01
1.974791185616087408e-01,6.520451002369126448e-02
-1.621363119578917156e-01,2.329341686619415541e-02
4.733867409246044766e-01,-2.236892415922826782e-02
-8.160000031335935822e-02,6.208048628195832475e-01
-2.287747449943414516e-02,-4.659708182362321538e-01
-6.017553209102743939e-01,6.889161863456046975e-01
1.045518548189623836e-01,-1.554716592946583653e-01
1.945142461139792375e-02,4.858446245298181365e-01
3.559214465556471141e-01,5.626314950093531664e-01
-1.187249646108517881e-01,-1.612936059467801886e-01
-9.429550997046344529e-02,2.739644178444441275e-02
-5.923279515820246977e-02,3.644154745027982645e-01
-5.791337263056341167e-03,3.077769060128031642e-01
-1.201579849584499260e-01,-2.414846567698228919e-01
1.772396842177305643e-01,3.633195746276990379e-01
2.932505661404028255e-02,-3.394190080010561772e-01
3.003999482327832649e-01,9.396294910785708832e-02
-6.233867187002605226e-01,-4.366471254004602315e-03
-5.051317918607730467e-02,2.663163087573932608e-01
-4.465554376116775415e-01,-1.780816354477702257e-01
-2.046928850269661981e-01,-4.496885976833066983e-02
1.829267802849722235e-01,-1.163117503496164384e-01
-3.734772354840129038e-01,-1.475830760342387027e-01
3.611189934995263084e-01,-3.454433113243001174e-01
7.191504437662417371e-02,-1.899457029940068986e-01
9.683968990478195038e-02,5.703524214928692992e-02
-6.225946881268387689e-02,-4.502075069847366606e-01
-3.206550307948710099e-01,-1.806813128505458388e-01
2.286202058059471076e-01,5.057721223716429293e-01
-7.102332985082109029e-02,3.535226518114115701e-01
-1.328500623609054077e-01,4.419953892174797727e-01
5.083489500367370517e-02,-5.828272411063268876e-01
1.688712021192232127e-01,-2.080988622700840340e-01
-6.646690167819953032e-01,-1.510238917630334354e-01
-7.439159931433713124e-01,1.069527500252613339e-01
2.103547489646525326e-01,1.204847590914922967e-01
3.077845978751274081e-01,5.185364874706596128e-01
-8.910666044697895805e-02,7.920881420528514197e-03
1.258649131753474260e-01,2.410777596048896132e-01
5.279634072575546400e-01,3.525919029482896781e-03
-9.886968585690203426e-01,-7.857748414571459616e-02
-1.351329579450147034e-01,6.011788926960590432e-03
-2.703530491396057278e-01,-4.182416751870977889e-02
1.287755799433311643e-01,7.213972743569867507e-01
7.229906771792812270e-01,-1.620897395332400737e-01
1.454312225425344607e-01,-2.165747084156888491e-01
-1.423828409611187784e-01,1.634508692568663454e-03
-3.430843837052972023e-01,-5.241011026372373038e-01
1.691575148385054961e-02,-9.280619096826313308e-02
4.928972140830288340e-01,-4.401250892813074987e-03
8.908641130679785525e-02,-6.620183499017147019e-03
-3.654924354297318656e-01,-1.992833948371939001e-01
1.629997285496064263e-01,-2.899742535727760639e-01
3.560116209671368437e-01,4.804063938631718544e-01
-4.199656960859065452e-03,-8.575522377183665557e-02
-1.509012657260170032e-01,1.886410769175250191e-01
2.764193129407456762e-01,4.314391339680407889e-01
3.106563246516736987e-01,-8.402537752224201184e-02
-3.042120256079647658e-02,8.515815565564170686e-02
-2.550305919674227817e-01,-1.555696618693634958e-01
-6.392889993375837632e-01,6.543728532194263703e-02
-2.548935775207212262e-01,2.203431999354342752e-01
-6.583513571485972715e-01,1.784575782056654347e-01
1.576004725738656409e-01,-2.737865945907791976e-01
-5.302061387181383756e-02,4.924342320404844209e-01
3.095768176018290005e-02,-4.190978494479321026e-01
4.316454173826947960e-01,1.343500901786841006e-01
-1.857543888014835387e-01,3.105104851329009152e-01
1.002803325882037355e-01,-1.033432779274590790e-01
6.602705259051092589e-03,-1.206986782477206463e-03
-1.964684058166813185e-01,6.310694453435322648e-02
2.054091802007816138e-03,1.264300509922537397e-01
-7.019007341913026388e-02,4.783943755305340995e-01
-5.421483027609771410e-01,4.500540706063753116e-01
-1.368364736405265902e-01,3.808992913899991728e-01
2.682972284577673228e-01,4.925093970307554275e-02
-2.007425512508498044e-01,4.874977365807853236e-01
6.452872930962644249e-01,-3.215780707146561040e-03
-1.336114987520488351e-01,3.324044864762524809e-01
3.726957116395863134e-01,-6.936648084607963116e-02
5.114245697232355781e-01,-4.340265265318838939e-01
-1.741012590773942381e-01,-7.287847932160558539e-02
5.271110210327156764e-01,-1.489862688617076547e-01
-2.809594559501520372e-01,-2.507666579283121533e-01
-1.249928876912157448e-02,5.480171750233882033e-01
-6.877304188679278507e-02,-1.653235518779147539e-01
-1.179628366827536051e-01,-4.811968415912653008e-01
-2.887418676570586984e-02,1.601443561311664820e-01
3.901942811114429005e-02,4.727650401024922067e-01
-4.553496609370102366e-01,-7.525412312678207982e-01
4.110236589661799278e-01,3.660297258437045786e-01
-1.172659152964775214e-01,6.807993426349778776e-02
-2.333495469831099456e-01,-2.824064366344942664e-02
-1.915151028199962857e-01,1.721096322621627761e-01
-4.445787415082633892e-02,-2.925125132984575105e-01
-8.041696905937836815e-02,2.362464699400722290e-01
-4.078185250826976693e-01,8.282470098463633468e-01
6.901666922728764142e-01,-2.907156472920141566e-01
-3.944978019087884424e-02,-6.408239949553290460e-02
2.926220872207663803e-01,8.158528173508484971e-02
-3.109240172132509139e-01,-2.666925710350732670e-01
-6.087945458836403756e-02,-6.702732654531533274e-02
-3.008083180566960557e-01,1.123669964329448157e-01
7.757353243080655769e-02,1.269513392033767840e-01
-4.578285888751103261e-02,1.404920593628349590e-01
-4.531971037464179730e-01,9.461132412968113747e-02
2.987948656708520057e-01,-4.128200305598482833e-01
-2.314435748443234853e-01,-1.255641669344430278e-01
1.612950691802981507e-01,1.999283132619771586e-01
-3.294338280772586836e-01,1.727190619691310880e-01
-2.130671916806232136e-01,-6.236288452520942771e-01
4.675695684685245157e-02,1.625270324945677193e-03
-6.110768755797405527e-01,5.050848837607613273e-01
-7.860381027386587061e-02,1.827154125217953229e-01
2.487195530724385650e-01,-9.846711556583642722e-02
-4.506313331000048050e-01,-2.529961130645308129e-02
2.215927143614267181e-01,1.199476785266723883e-01
1.863864812594167308e-01,-4.429279999673643164e-01
-5.739698798216391618e-02,3.180120406610344869e-02
1.488950045706387837e-01,4.000234591460005151e-01
-1.667900057664847835e-02,-3.093731327484273153e-01
-1.252910628842292817e-01,-2.498405459117705452e-01
-5.466346364852445877e-02,3.015994469286141788e-01
-6.300218379551182357e-01,1.183050876605361151e-01
1.762554714318220195e-01,1.045704568093212133e-01
2.713063741101944260e-01,-4.712955034222346962e-01
-1.765002196781982891e-01,1.268110910190182461e-01
1.058966633879483005e-01,-4.923820522687260559e-01
4.039922486871442286e-01,-1.428539789617040423e-01
1.244084316428349830e-02,-8.273852022733313438e-02
-1.815297179774245928e-01,1.978912629752642705e-01
5.489581683858671957e-01,1.206304690004885924e-02
3.264627322090453143e-01,-3.776448885805706590e-01
-2.033803004138406145e-01,7.540981409071877417e-01
1.862755916287423541e-01,-1.628503917910438525e-01
-2.897157529921616237e-01,-1.589154799210307500e-01
-3.312933370452890713e-01,-1.208914896633691144e-01
5.878797849096944507e-03,2.147216485433710575e-01
2.643462606680980209e-01,-2.519369352932975814e-01
-1.188462460958426836e-01,-6.015221109710731096e-01
-5.680832296876157095e-01,-2.789967095120883256e-01
1.829095446856522644e-01,-1.670434392000184898e-01
8.739870926213123836e-03,-6.013134636303463232e-01
4.665318074182182029e-01,-5.558395591992699725e-01
-4.907894842143989966e-01,-3.385635590669655026e-01
-3.746283678376935433e-01,2.105154172415179270e-01
-2.255939987645205203e-01,6.133604711048280117e-03
1.649462953091282436e-02,-1.071957649186817685e-01
2.503432792682889763e-01,3.657867984230884773e-01
1.994703212447908325e-01,4.697848028030742751e-01
-4.285368877705865165e-01,1.895291171598399368e-02
-4.930929514108944867e-01,2.652050134448617480e-01
-5.931874450492541362e-01,-1.025346790469246372e+00
-5.481622527159935726e-02,-2.421186011231810653e-01
-2.308918625199878408e-02,1.485316867245652095e-01
-1.503067243014568344e-01,-4.880972346567108988e-01
-3.161115644477854314e-01,-1.772505827410518486e-01
-2.078091243096003848e-01,8.488422020245611765e-02
3.070621957569399929e-01,-1.938950155522473906e-01
1.363405039927187701e-01,-3.364966572058491479e-01
4.076398534489398262e-01,-1.556509141573296897e-03
-1.616228733331349920e-01,4.488611182748417083e-01
-4.159913406265095537e-01,-6.049175936222667138e-01
-3.807104766298953225e-01,-5.521000627620841622e-02
-1.357739439176679497e-01,2.631127979481584500e-01
-7.173227858610209395e-02,-1.552234391781994209e-03
2.789124945786583543e-01,-6.336913537787911554e-01
1.136369578389485185e-01,1.371819496249532533e-01
-6.790302234295128234e-03,-4.372366575459161187e-01
-1.720734152769480829e-01,-2.297667741993240642e-01
-1.490706814183545004e-01,-5.792227840815381557e-01
-4.941190450196046857e-01,7.720317912843185360e-01
-5.368231791170844369e-01,8.838880715663985366e-02
2.227203557321011385e-01,2.707193592338119972e-02
5.844127746707035442e-02,1.028268238215176711e-01
-5.088625136761723011e-01,8.164342156147896823e-01
3.513222495430821241e-02,-4.514350923296631124e-01
-7.414834248879055290e-01,-9.285100671756309210e-02
-4.751964978156255487e-02,2.622302662307400833e-01
2.440303788816711728e-01,2.443897127630467458e-01
1.522433391778760525e-01,-1.062355371147442745e-01
-1.503735261633470655e-01,-4.378177625515183857e-01
-1.301326370113215780e-01,-7.383050642559911558e-02
1.170796028846985692e-01,-2.298778620607777323e-01
-2.252635595548047875e-01,9.607713940893787552e-02
2.833470662901716453e-01,-1.757780769123417353e-01
-5.305482557688281919e-02,-5.224157999217891035e-01
-7.511553160196625389e-02,1.131196870309924690e-01
-3.071662673188533393e-02,-2.257551220129736802e-01
-1.463035292713020389e-03,1.746464222041679004e-01
5.477325910141273013e-02,-5.105179352814808169e-01
-3.798232232819093168e-02,-2.485537555604583337e-01
-5.045499928545629231e-01,-2.228024023209626836e-01
-2.719072487192291873e-02,-8.205922216499166033e-02
1.797879750277261435e-01,1.083190223781484163e-01
6.481363726824398985e-02,-2.749562551452290268e-02
8.939656070939194787e-02,4.042241846480872369e-01
-3.471932376353366601e-01,-3.056836751706643596e-01
1.982684937651891244e-01,5.105877166731780381e-01
1.881912912927073689e-01,1.355954612312028351e-01
-1.723518289027498873e-01,-2.247093192021848151e-01
4.540586473762792674e-01,-4.939956899044525285e-01
2.035758028067898295e-01,-4.281287536368872382e-01
-4.076970879229783740e-01,2.161493545375751668e-01
-1.172275931926718695e-01,5.426515381168994095e-02
5.003177248913020375e-02,2.480269075950496116e-01
-1.108923612608492433e-02,-1.372107593702925621e-01
3.442072454957151306e-02,-4.596288321288678480e-01
-3.192396903199058444e-01,-7.530849825456169266e-02
-9.208001807484310353e-02,9.358622929368033694e-02
3.494478696826299746e-01,1.541269831273407720e-01
-2.185296006829211875e-03,-7.283221292816483006e-02
1.121084538025242661e-01,3.910053441745429126e-01
-2.755527750257277253e-01,2.849381853145104837e-01
-4.211162339021706780e-01,-4.413637684154012031e-02
-1.667734920736008430e-01,2.002071588873117758e-01
6.590292328915775891e-03,-4.387556980611819202e-01
-1.186903597489231688e-01,-4.099317250255934408e-01
1.111618471314941986e-01,-4.032863477765671889e-01
6.945000915606112935e-02,3.554747876129308454e-02
5.325171445054571739e-02,9.600380387946892691e-02
-4.010788066062212498e-01,1.989061707984609295e-01
-2.577259341208428256e-01,5.878091689760377853e-02
-7.433727187999092378e-02,-3.264124456057880264e-01
-2.059106686743019943e-01,-6.929127415934609457e-01
-3.864471115390763489e-01,-3.390134554232085429e-02
4.779063536443783899e-01,2.455504060566900126e-01
-4.267415194675219237e-01,-1.731144659956182497e-02
-3.610688230320029390e-01,9.339750220286804905e-02
-2.678313454494698487e-01,-1.781619612716874856e-01
3.673559363706203618e-01,6.171543297303783149e-01
-1.673750229928373245e-01,-1.563800198640816763e-01
-4.155159204533541151e-01,2.320409845115639358e-01
3.356737300932472468e-01,2.337641328788144512e-01
1.346117270501232255e-01,-5.776377496273932266e-01
-3.308270453323070362e-03,-2.555178842774774028e-01
5.076013953048463812e-02,-5.063545833507986788e-02
1.271366145020254024e-01,5.048489027033229437e-01
4.504824369825526920e-01,-3.282275427187075212e-01
7.965450268911322684e-02,1.878923653947708328e-01
1.131423759570450854e-01,1.638934813335970672e-02
4.403147867187955367e-01,4.362189013693246881e-02
2.210002936718561128e-01,5.528172947933069903e-01
-3.792196810033560683e-01,-4.426767586407049371e-01
1.582370524222778962e-01,1.794663447308777471e-01
-3.004888839552235028e-02,3.416205727340851928e-01
7.029110250137353688e-01,1.477603597104231725e-01
-4.591637022534948431e-01,1.338321920215831962e-01
-2.604982869257732592e-01,2.613522792083779467e-01
-4.826293912706364209e-01,-3.151938505007016444e-01
1.436234700059443314e-01,1.373861792551151102e-03
-4.978741204289426903e-01,-1.148439646370321282e-01
2.296675616727832381e-01,-1.980165727850818555e-02
3.888531372757708104e-01,3.436341595014203443e-01
5.339341908935756054e-02,4.368963525698855294e-02
4.881125897253796864e-01,4.583346074322494634e-01
-1.833570912843457690e-01,1.136591230311731759e-01
-1.044158626742664048e-01,-3.232659742663166469e-01
1.073790496943208689e-01,-4.418577183163422545e-02
4.114590181825932003e-02,3.365478878036642363e-01
-1.949350486574091268e-01,-7.489243317147533663e-01
8.144850715954311815e-02,8.905676428485826204e-03
1.379322339350475685e-02,-4.180546180245455212e-01
-4.273741345471142594e-01,1.873836263582378814e-01
-1.141337092791852303e-01,4.292956858542409243e-02
3.305001155662511958e-01,7.473862903661132422e-03
-1.110047624683679901e-01,1.872780553684315619e-01
-1.461283058123495071e-01,2.897594329688878978e-01
-5.186599684452078973e-01,-2.580790918937983514e-01
-4.472304073214538600e-01,2.569692139807017162e-01
2.486658228376860402e-01,8.367442780760295240e-02
6.585567664815424882e-01,3.707225317355914429e-01
3.181725210152079875e-01,5.899999419690904467e-01
1.762994841169560913e-04,-1.011684494046839605e-01
5.490776041987468492e-01,-3.180746399535729907e-01
2.255227362718118800e-01,-4.230662628480305609e-01
-1.905145209434265796e-01,2.170416964674355687e-01
-8.102246287705981709e-02,3.949489398468754575e-01
2.510075149595261679e-01,-3.573926168658602132e-01
-4.790863754906477534e-01,-2.660768174074079062e-01
1.061624107762736552e-01,-4.839331637325558488e-01
-5.869475849760730224e-02,-4.298640157779434201e-01
3.053609174467618037e-01,2.141795585351153886e-01
2.888516502613031611e-01,1.385693840632539475e-01
1.118143174589689842e-01,1.008706490894467206e-01
-6.580951318595343880e-01,2.614492344380275335e-01
-5.704768644169152386e-02,2.591529995029644984e-01
-4.417204199999258396e-01,-9.349608196287920170e-02
1.391393367247878154e-01,-2.073565064879482611e-01
-8.862709192565700056e-02,-6.472214598820409392e-01
-6.639606853070535719e-02,3.243445811470658247e-01
-7.027819185827721693e-02,-1.894943399248276775e-02
-2.238469563966062614e-02,4.425644491017979298e-01
-3.899901095665947448e-01,-3.045112999999452508e-01
-1.048401790696427555e-01,5.688785459607615946e-01
1.215781566963397148e-01,2.708526100681088455e-01
4.977357589962586037e-01,2.106659348455684755e-01
7.331149158441678526e-02,-8.268407353932782922e-01
1.432920704152634561e-01,9.076655198629672849e-01
-2.579685820010417796e-01,1.306705847621785488e-01
-4.577052465468239330e-03,4.535352786103957756e-01
-6.110505766573799680e-02,3.886765203454417561e-01
-2.910108029875332902e-01,-1.063198751296456392e-02
-3.071817936181294242e-02,9.082451938676294745e-01
-2.952974326953194603e-02,-8.248437518764754894e-02
6.714456397545396360e-01,4.131607171365827003e-01
-1.509134864113486352e-01,2.338733596536117787e-01
-3.041611964449031924e-01,1.641699906721046098e-01
2.096018965461068639e-01,9.091289849669240142e-02
1.450384917937206503e-02,1.096430880548253384e-01
-7.760894444967443573e-02,-5.573916162194368917e-01
-5.926296371067071300e-01,5.726121597677281266e-02
3.038589087057941285e-02,-6.775789070107022249e-01
2.488238909934043785e-01,-1.272896699841401802e-01
2.057597313771987735e-01,-1.722951493685719593e-01
3.192208751267039402e-02,1.883981436264709972e-02
2.765940063805326088e-01,2.344311430663465270e-02
3.362243312760634234e-02,3.701928119260157746e-01
-8.552005333257364783e-02,-5.584430246716954871e-01
4.426916634250598753e-02,-5.193287107570070393e-01
6.760318441894450636e-01,1.929344164399907635e-01
-1.117194935017463281e-01,-7.405755448314554901e-01
-2.183232805503188823e-01,-5.600019503624001915e-01
-3.389301070517845155e-02,4.485494755370784681e-01
4.036073025533677416e-01,1.161852892147701988e-01
1.501424834595417590e-01,3.713895138532392060e-01
-7.313862971660770596e-01,-1.597009661640924894e-01
-1.879541513682117249e-01,-1.672747539533798733e-01
5.142214992402593943e-01,-3.937137337018064009e-01
-9.218236422386538731e-02,4.491896658456774327e-01
2.192475586982692293e-01,2.347763654220043350e-01
1.694201988745684950e-01,-2.584699806061656058e-01
4.469375666263880609e-01,1.577258922169731403e-01
-1.683904737580465549e-01,7.966045067147216330e-02
-4.403057151733068275e-02,1.725464712789405997e-01
-3.549853467507799731e-01,2.610882484685165261e-01
-2.318626337976196494e-01,-1.280376142336150658e-01
8.729029099977736461e-01,1.948536533813118865e-01
-1.054967026850865824e-01,-3.176291761398001429e-02
-3.064109954535751967e-01,-9.920717437409797002e-02
-3.818279926863101803e-01,-1.371108489424197607e-01
-1.164975826324876895e-01,5.576669131915688027e-01
-6.251512065006324670e-02,4.701434677895005576e-02
2.585516242186029490e-01,3.124906923842278306e-01
-2.762872677453919179e-01,5.905574923227641104e-01
1.369273532606643806e-01,-2.264060299978278568e-01
3.886527676226626121e-02,5.550584687745300227e-01
7.205992370581934536e-02,3.277930422022130585e-01
-2.583193210404824414e-01,-4.085304584279105256e-01
2.259637463115597433e-01,-7.806132312595669143e-02
-1.746861737971659168e-01,-1.593106900974542994e-01
-4.270304967072828875e-03,-8.376236843367731444e-01
1.694741163832854669e-01,4.893875606744111373e-01
-1.880073565992695095e-01,3.833169991312108116e-01
5.397782308926809547e-01,-5.946821771513238070e-02
-2.186610600300410018e-02,-3.878157915253699906e-01
1.061271904055423460e-01,2.673293099704131537e-01
-6.388712012828858811e-01,-6.651378579816843439e-01
1.582216458531907066e-01,-5.284180033446445046e-01
-3.946439253681477966e-01,-2.270965260565733224e-01
1.500971677916583258e-01,3.159462615718289236e-01
2.401932120128170700e-01,3.387692966350900337e-01
-6.471821833487692577e-02,1.980847534960956391e-01
-1.349283806462986957e-01,4.102664349401562160e-02
2.042465670114182452e-01,1.627833131808303080e-01
7.959519290559421423e-01,-3.099959045106883693e-01
-9.769789942199449961e-02,7.908060719663227711e-02
1.810904080123180160e-01,-1.216433919866086455e-01
-2.499818729503682224e-01,1.823706072450906324e-01
-2.217015948120046598e-01,2.415038089805498778e-01
-2.711503202447541616e-01,-2.278512322089964459e-01
1.577298747001504575e-01,4.463754620080167546e-01
-4.770614049950020474e-01,-6.016119053735445865e-01
6.960780475092850916e-02,2.940292335138036672e-01
-4.700171234449701529e-01,-2.534367492287979418e-01
2.345276590355110935e-01,4.164257708000376201e-01
4.889456392856693645e-01,3.019926513890076603e-01
3.421541399490779511e-01,8.240698787888108001e-02
-1.785877183503890575e-01,-4.439065587202578947e-03
4.351071729304300389e-02,4.486890755050327861e-01
2.094090890236070812e-01,-1.369207452327826299e-02
1.351359596031437293e-01,6.389470542913333606e-01
2.792668158940749268e-01,3.128437686818700825e-01
-1.346566606701775359e-01,6.252354753918623609e-02
1.361127544054408223e-01,-8.871718594361599486e-02
-2.451675243794181058e-01,-1.287310319543480408e-01
2.422223912042547472e-02,2.348395881276490738e-01
5.378801172034782807e-01,6.419243566121189959e-01
5.077107054739781189e-01,2.254247940265975136e-01
2.655477429607908113e-01,8.900070360545049575e-02
-1.213260038892188253e-01,1.946321777352018334e-02
-3.232582854405339767e-01,-4.537397661508412727e-01
8.962195172692140333e-02,-2.682869376590276134e-01
-3.316230494573806087e-02,-1.181703251527992105e-01
-2.387423152934560755e-01,-1.483242519112979718e-01
8.895732097841134445e-02,1.197409974257092891e-01
-2.192392143093722379e-01,8.749159358164763922e-02
2.065197665650655989e-01,-1.444063072316154606e-01
5.703292382759559548e-02,5.878008186270277102e-01
6.573218573105789331e-02,-4.392135452158673625e-01
3.247596176742422510e-03,-2.216399551541195154e-02
6.939407725803464766e-01,-2.576552597119063925e-01
1.562149391362434581e-01,-4.000366807123575397e-01
2.386414589022100019e-01,-2.434995424518714979e-01
-3.847108660356729493e-02,6.980012022150573481e-01
1.650643796188820955e-01,-4.416918457642541318e-01
8.116044217257904758e-02,3.614923879741980817e-01
1.805658774332075459e-02,-4.039099278564144968e-01
-3.905082866412475928e-01,-4.200518882501052403e-02
1.254455798712797165e-01,-1.077659116324897019e-02
4.483138630399279290e-01,-3.990983143685711831e-01
3.490453440716132505e-01,6.521556407650175302e-01
2.931947595773009563e-01,-4.516023247757551540e-02
5.404921314923444298e-01,-1.109939286640589245e-01
3.197730114139452628e-01,7.115021553428482193e-01
3.825033389735896794e-01,2.009839212858463009e-01
-1.370139042504409377e-01,8.555413966952082894e-02
-1.311402294038562233e-01,-6.145914128568510382e-01
4.763089871083709403e-01,-2.117291993674433326e-01
-3.240496059010367080e-01,1.123842817957345225e-01
6.658840414361850979e-02,-5.263386930273109554e-01
4.748240743545519005e-02,2.789028124174831036e-01
-2.743326614527348550e-02,4.322878549938387049e-01
-7.882903795942245440e-01,-6.125483671525316226e-02
3.094745562108721093e-01,-7.178988999576332297e-01
-1.209112903955275181e-01,1.479299993238358812e-02
6.516638648204198248e-02,1.889413317645678159e-01
2.915255170744066732e-02,5.098139481900997305e-01
9.149388751499637484e-02,4.370298816086533311e-02
3.487008902938806831e-01,-4.068496235426690144e-01
-3.978118126210272165e-01,-4.167474770455543709e-01
2.715099686145003299e-01,-4.859972391267704528e-01
-5.176525960588087560e-01,2.682887129258020309e-01
3.729070244929343358e-01,1.090761287402556984e-01
-5.970975446190234237e-01,-9.943545169318909749e-02
-1.310842193756666108e-01,2.567603032032694244e-01
-9.274629748607914059e-02,1.751847154202071377e-01
9.424000585921345208e-02,1.486769127291985015e-01
6.066837814442423982e-01,-6.400913958070426624e-01
3.874580471108608482e-01,2.134413587361781162e-01
-2.422778421135721172e-01,8.053728221453038127e-02
-1.670015862940228690e-01,1.144625056495376658e-01
-4.111364677876360729e-01,4.303615815152958546e-01
-1.824221257673976915e-01,6.111723586586428336e-01
6.273691733330324372e-01,2.177916337012926751e-01
4.017645860185553586e-01,-3.229044559836077855e-01
-2.401686826687063070e-01,3.202402708000680054e-01
3.689183227781840380e-01,1.540527993677785756e-01
-2.986471577298128732e-01,-4.516508066746232619e-01
-5.032503448479743735e-01,-6.024743636653752121e-01
4.181184446556817091e-01,2.681253869041067689e-02
-9.204802869560177458e-02,-2.634913107811682753e-01
-4.073711689946912240e-01,-2.478814262957329539e-01
7.535747508796936112e-02,1.098155458644232141e-01
3.394606413456055516e-01,2.421753091900263055e-01
5.500510335069257462e-01,6.702128253200166641e-02
-2.783452614372551870e-01,1.023219357320640927e-01
-9.530759158612482629e-02,-3.281519375290336549e-01
-3.393367998873906832e-01,-9.751887279809422215e-02
-4.866142003529156379e-01,-2.816421795036943565e-01
-3.117818816752288696e-02,1.518582453197154236e-01
4.165106157428115630e-01,2.273203696784553418e-01
1.166606583860398672e-01,-2.037872290218472882e-01
-5.896239615884482088e-01,-1.004324756871232370e-02
-4.978554939410366753e-01,1.755868507609773255e-01
-2.972926946229204614e-01,2.108684044989653505e-01
-3.692457108058408433e-01,8.190126931299819557e-02
2.905098167445017143e-01,-1.655417706886440701e-02
-1.118360127051511999e-01,2.507187864950137790e-01
2.759701667418609783e-01,3.800233323603025570e-01
-7.047840481038060434e-02,2.198497071807665737e-01
-8.689432240702223142e-02,1.791691430979628075e-01
-1.470757046414195579e-01,-1.712965496551010214e-01
1.536645005473267767e-01,-3.721962880525324091e-01
-4.515740079593046352e-01,6.373691158859158372e-03
-7.166447511825895234e-01,3.031971882264070661e-01
1.834332194279167660e-01,-9.717895116985541745e-03
-3.342249097472795860e-01,-3.235119502321032181e-01
3.157991521998151918e-01,-3.794273072294558902e-01
-6.856026852447633102e-01,9.004962209687723818e-02
3.534133380282492576e-01,3.256123351976752955e-01
-2.805236190982184907e-01,2.972784382134032732e-01
-4.030955525118780636e-01,5.610313035764231682e-01
3.484762240500787200e-01,5.989463699888027126e-02
-7.295502177756861828e-01,4.176297502824686259e-01
-6.787910298652842789e-01,-2.934165666225913571e-01
-7.484763533535147839e-02,6.235185979288974251e-02
1.837785877042917293e-01,-3.461358682874900866e-02
5.815129013858449936e-01,-1.085193221721423990e-01
-2.551441767631139612e-01,1.533316526639959265e-01
6.205635152714756783e-03,1.749833546392386419e-01
-3.466975981832987608e-01,-3.325264392556135928e-01
1.307073980510124189e-01,4.082517578288979432e-01
2.662381231505313740e-03,2.594824918162785821e-01
3.995267537180000050e-02,-3.062769812905196676e-01
-1.268797917619189919e-01,2.916996034931068713e-03
1.035345315647616810e-01,-1.045882626196390913e-01
5.179523047457984530e-01,3.874677295610710059e-01
2.915720946927423396e-02,-3.516375451383152995e-01
5.092063543413986038e-01,-5.847890197009612129e-02
2.448241500179554053e-01,1.573626588017313643e-01
2.596255441310634238e-01,1.638420773067317537e-01
4.522565721129798155e-02,8.675447273402550619e-02
-5.085589499218613474e-01,-6.266792329706367959e-02
-7.606930599400459903e-01,-1.625455903249723999e-01
-7.069904300830394395e-02,3.591962809204893303e-02
1.375611082758127213e-01,-2.538526096944876964e-01
4.394196520234359138e-01,2.681883451673233165e-01
3.051987250013834529e-01,7.215700197180037190e-01
-9.203827233017665421e-02,-3.005047661115375912e-01
-1.609716665489007437e-01,-3.689438964910756596e-02
-7.848853833957485093e-02,2.113070092952965828e-01
5.473888106140860632e-01,1.450000082805535384e-01
-2.864361258582084555e-02,-2.177678343982851483e-02
2.020449169911397724e-01,-2.857189954426268552e-01
-3.301168951921107930e-01,1.620738632676431701e-01
1.097268131082818482e-01,9.031283652617765056e-02
-1.082812135731204550e-01,-5.325768738059538654e-01
-1.957750711192808579e-01,4.020046481945350192e-01
2.335754475256852369e-01,6.538822459000104281e-02
-5.918883691024040550e-02,-1.202656699177045568e-01
-3.658891809341073831e-01,6.669962000648194111e-02
2.926277514282456527e-01,-1.471108710357985350e-01
1.123199944846612203e-01,-6.250886678527421692e-02
-5.127411430889602384e-01,9.442485446745441102e-02
8.770990918599861352e-01,-2.837584709004971062e-01
5.654281117551788194e-01,-2.700827612206262440e-01
-8.850951971533826956e-02,-8.284056851516082842e-01
-1.123658037158001693e-01,-4.318970443854945329e-01
3.016130408587717193e-01,-3.327255906647172967e-01
7.161358124450457607e-01,2.337876332403019397e-01
4.106289893701364768e-02,-3.747372944859571064e-01
1.366202025667512809e-01,-7.936646368466003520e-02
1.354961843581495851e-01,2.059765411881206987e-01
-1.498427440370841968e-01,-6.399238581276908144e-01
-9.961699118758592097e-02,6.650591185017842855e-02
5.815286281691771642e-01,2.530144213961541544e-01
-1.240773073821422046e-01,-4.898309491130069526e-01
4.340664374802427616e-01,5.558527773685271178e-01
-3.565830175941481217e-01,5.535781471659564357e-01
4.827037617348664544e-01,8.789022468524268494e-02
-7.832324900206379947e-01,2.993954172146536252e-01
3.625805837340953519e-02,-3.695161357702645148e-04
1.644575710619124997e-01,-8.591666621970413253e-02
-4.155632659911117632e-01,7.940164538338866096e-02
-6.200310945524777351e-01,1.149195758850652671e-01
4.075974151979600002e-01,-2.967570009409115778e-02
5.600392911018384039e-03,7.247890319700066586e-01
5.936612542214204230e-02,-2.858823534900254981e-01
2.121364596378981782e-01,-2.015967562839647287e-01
-6.158996405323542422e-01,-4.404822533318316080e-01
4.877986521472935100e-01,9.503803434473047373e-02
-7.686513513428917810e-02,-3.670397579906031216e-01
-4.245287414757737410e-01,-3.010088261224077022e-01
-4.178290877313163287e-01,4.543703678156985060e-02
2.805160365857847782e-01,-3.434628078632538384e-01
2.530034241454722221e-01,2.770119961180737000e-01
-1.515985399681091528e-01,-1.257802302060144137e-02
-5.787392979969629980e-02,5.443198043735482106e-01
-7.443002302871336573e-01,-6.282008756719369424e-01
-1.878413125940043837e-01,4.525008876573327066e-01
-7.423281749017532349e-02,4.015488112147854172e-01
3.420772321730000121e-01,1.791474852333575229e-01
4.381770920410800185e-01,-1.344214440994827564e-01
-4.331423919163229774e-02,-1.065231900392280343e-02
-2.227993645494986408e-01,3.161761232913530284e-01
-2.161935272120105722e-01,-2.575787483555451729e-01
-4.858751808238361836e-01,-1.858704206429135086e-01
1.623684976730311591e-01,4.019591583964564618e-01
-2.957062087424291441e-01,5.193864031692995153e-01
-4.052895848648401800e-01,-8.208325252463067878e-01
-1.973965987692046231e-01,4.413635628222359331e-01
-5.232922576493401756e-01,-9.124411282451032335e-02
3.499505350238089618e-01,-6.794315812937715138e-02
2.941531007888455451e-01,9.330806319489881595e-01
1.580647524985413777e-01,-5.604174467311920024e-03
-9.956758460506286434e-01,-3.284127264521706779e-01
-2.480832157111382552e-01,3.360025685705377851e-01
1.343034083484633268e-01,-7.763454396779800870e-01
-5.916260058172267966e-01,-1.142274409339014696e-01
-2.760889341855582435e-01,-1.805200437178904049e-01
2.101269277992957318e-01,-2.546447440834668785e-01
-5.596224698289192778e-01,-2.154596111771769074e-01
7.952794034910304344e-01,-1.855868398315854984e-01
-5.593971173940084363e-01,-2.485266640784165176e-02
-1.000135186876714710e-02,-1.708537907202275219e-01
3.294932604641174212e-01,4.309259653574182281e-02
-2.823132360440224753e-01,-4.618227586655347383e-01
5.248971386446411175e-02,5.320996542059631684e-01
8.146965481404662146e-01,1.625999290259821650e-01
-5.381679659533685767e-01,1.475151021866425438e-01
-1.011880610053689650e-01,-1.078811217365854558e-01
1.525746547630106031e-01,6.139583489489430085e-02
1.514617690857169852e-01,-1.141535156925952560e-01
-9.964403260993573430e-02,5.112814837380462718e-01
3.679773419801044554e-01,4.807275392807430769e-01
-8.996855657070754186e-02,-2.746939437503139181e-01
6.405284486954950784e-01,-6.843437472643872921e-01
-4.763782256473548249e-01,-5.640478313910389785e-01
1.813649110695668143e-01,-3.321104117598162597e-01
-3.612287476680506870e-01,-5.536851179892951502e-02
-1.836700490869221103e-01,2.157772488324744865e-03
4.009603581003387540e-02,3.604984129938926252e-01
-1.877072449631980722e-01,-2.441071085723698630e-01
2.153269397833131871e-01,3.601339081743963888e-01
-6.846676581004461637e-01,1.080986739334826030e-01
3.328809064243640203e-01,2.934268282980220244e-01
-2.028769623191808424e-01,-2.919918209390307551e-01
-1.005646141065545535e-01,5.837355226357402449e-01
-7.298114950244556642e-02,-3.609495070975540787e-01
1.594787372337578765e-02,-4.657481926401095818e-01
4.358614903666525042e-01,2.002706666159558835e-01
-3.816186891039942131e-01,-6.925557598721268082e-01
1.636668719987276754e-01,8.374576486668672270e-02
5.420242535794022043e-01,-1.297531775152510336e-01
3.348210717431038819e-01,3.596285282688226337e-01
-4.794797876486923682e-01,-4.154334550276808646e-01
2.841560516801190373e-01,2.866370848888076805e-01
-2.409167986018647678e-01,-1.672756249767732573e-01
-2.536445847749631000e-01,-1.826482680934116698e-01
-1.350537892825773301e-01,3.201619991192002357e-01
-6.557006912190951331e-01,3.592603057911427089e-01
2.822857468512495749e-01,1.203973493143397910e-01
1.381660999062073458e-01,3.645403247652841960e-01
-5.957808246246710376e-02,-2.000196295048035922e-02
-4.579001550497376893e-01,7.907791789786811076e-02
6.952139241342662757e-02,6.611701922858137515e-01
8.618028692783324951e-02,-7.167075675852745131e-02
-1.867940005569597162e-01,-7.833903865281885773e-03
2.418236897453344691e-01,3.176444082352243847e-01
2.944719809344916728e-01,-4.556187371859561908e-01
2.591158032541992506e-01,9.898295123395965678e-02
-2.744421793538173726e-01,8.767643049302208391e-01
9.820159651414477053e-02,4.354516986721178040e-01
1.689063348188097891e-01,-8.345563187886166634e-02
-1.014210442468324175e-01,4.233006652214453824e-01
-1.035117225071488373e-01,2.011274713285007287e-01
-2.298480378218774600e-01,-8.407147290379304860e-02
-1.964178508523516664e-01,4.120423460322929915e-02
1.064779127681228094e-01,6.761219926540375236e-02
1.285026929959720912e-02,-1.997722547415908823e-01
-1.938907740805357327e-01,-1.176799662763778204e-01
-1.211594639699656029e-01,5.565122678750600294e-01
-3.627950266089989551e-02,-1.805326869620240138e-01
-1.438803914170081188e-01,-7.313979333636647651e-01
-4.147270041005121088e-01,-3.270942048899624366e-01
2.200686264120794156e-01,-3.531349946192718359e-01
-3.386664992127453866e-01,-2.120508404382898116e-01
1.114812052583139500e-02,-2.436302432814093644e-01
3.486779913115025664e-01,-5.185631797414967936e-01
-4.003557926405225675e-01,-1.684211329960473569e-01
1.093225568144302884e-01,5.517461877218431399e-01
2.485011662914317354e-02,1.652749863687253684e-01
-3.197128730971288135e-01,-3.678983895307473828e-01
4.154836856567782344e-01,-8.561352114442190020e-01
-1.933763807233075949e-01,-1.073126207272275257e-01
5.762201476058592675e-01,3.379371132557210666e-01
-3.278227788270504095e-01,6.880132936473927208e-01
3.127603366514066230e-01,-4.129187425154545038e-02
-5.490356516489699329e-02,-3.821066379100019339e-01
-1.225889234803440031e-01,1.706539530791292003e-01
-4.689959725476729180e-02,-2.973597612691500358e-01
1.220189183030368496e-01,2.246498554258861413e-01
7.290367202475231956e-01,2.528840231402922911e-01
-1.396130116574535555e-02,5.551446965210082851e-01
1.395512138624342702e-01,6.940763700930218105e-01
-1.985864181299289433e-01,-2.440384566266362298e-01
-4.080954262410914635e-01,-4.313265511646741657e-01
-2.829790113720725420e-01,-1.014089994625798491e-01
-1.210308470995525160e-01,3.438491343151809931e-01
-1.216331240422882515e-01,-6.091590898218799399e-01
8.524677794977120193e-01,-3.932183412544478784e-01
-1.078448078180024444e-01,-1.614422636362419228e-01
-1.977740562211809938e-01,-7.275263966669169857e-01
-6.345019415122866990e-02,3.547966955673099165e-01
3.252204035315163222e-01,1.597334189596430476e-01
5.708963726286239160e-01,1.267015445474286572e-01
5.441988373167306881e-01,6.447800818709945037e-02
5.460041030510632831e-01,-3.458498353149839777e-01
8.906498216275274826e-01,5.631448617533483247e-01
3.216262419870614675e-01,6.716195592145859372e-01
2.725904515084396906e-01,2.918811201389274190e-01
-1.140348564421703181e-01,-4.318807561184687116e-01
-1.850908200085323585e-01,3.675174786792070880e-01
3.254950078075731223e-01,6.100812327001343682e-01
-1.188541197704265492e-03,1.646372803738188340e-01
-1.362341743211403777e-01,-2.993229925744727571e-01
1.606531373375677252e-01,-4.846581430691467296e-01
-5.760509897469781038e-01,1.021739071418376749e-02
-1.817196262555966502e-01,-4.175870596140952851e-02
-9.048806021947361847e-03,-5.263304513155729891e-01
1.579170964498994856e-01,-2.036123669150675941e-01
-2.731458181995465306e-01,6.475313746422340921e-01
1.415911551138384662e-02,6.329821363847382143e-01
-1.354769321259818304e-01,-1.194287194522118400e-01
3.101125595338119489e-01,1.464044122052280961e-01
-1.733238485294774089e-01,7.191004121669980487e-02
-2.727084172414835361e-01,6.855490032681603452e-02
1.781131601362106465e-01,-5.074548918114517304e-02
-4.720856110350666879e-01,-2.390820527256861949e-01
5.833141139843499579e-01,-3.818149597231656478e-01
-2.815699495394057283e-01,2.496219067640904898e-01
-4.906809504717214027e-02,1.603440578429343732e-01
-1.879431738922578421e-01,1.295373167575895046e-01
2.324206620290701075e-01,4.752545737621102773e-01
2.515651464658775205e-01,3.976958719376736395e-01
4.412875698146891956e-01,-1.682395341215559836e-01
4.645181674604251243e-01,-2.277697302363794751e-01
6.932626722608621339e-01,2.062210749746588578e-01
-3.153842592411468249e-01,1.461103134144478011e-01
2.294660064912393271e-01,6.867256357204701844e-01
2.131351906281141462e-01,1.035385419120081751e-01
-2.167107819767872534e-01,-5.471870572955119666e-02
2.106571704294908642e-01,3.949377841182600823e-01
2.797377251765801320e-01,1.989336149286973499e-01
-1.692018219804530127e-02,-2.613986029808882880e-02
-1.320603831162291131e-01,2.648441518197648947e-01
1.439295926001733505e-01,-8.892864400501933053e-01
-1.994586985768741910e-02,-2.165220182509024482e-01
-4.595104189839907538e-02,-5.712046496737734902e-01
-9.912330032654051437e-02,3.421403034939289878e-01
1.088917221061136142e-01,4.543696928551962388e-01
5.218530518543437746e-02,2.598421818581695963e-01
-1.194066886868779855e-02,2.445739773587911892e-01
2.541160816336178185e-01,-1.930336649504438284e-01
2.361475722039587388e-01,-1.716586305326965323e-01
-1.373048506354131171e-01,-2.478577573093881103e-01
5.746996566021713715e-01,-2.172678670905385800e-01
-2.495449090993908381e-01,-2.191580179236090331e-01
-4.467879153553425686e-01,5.402717792111679657e-02
