e_score,v_score
2.309480383119075220e-01,-5.366287033236765563e-02
-8.807471100450965373e-01,1.426723823562567883e-01
-1.232580059690977947e+00,9.107336085443357154e-02
-1.198059835108786109e+00,3.155047173588258480e-01
-9.556609731564724708e-01,-1.907591504437531477e-02
4.497406982847217474e-03,2.139951870397023559e-02
-2.945046006558437734e-01,2.598608474581336480e-01
1.342729201803032624e-01,3.655324437025595508e-01
-5.451098143892055964e-04,-2.287874813645155714e-01
-6.732722836144173773e-01,-2.987443645396123948e-01
2.585451090675282004e-01,2.492395284983874582e-01
-1.355400400450431919e-01,1.177368874274734856e-01
-1.061194014315145706e+00,-8.276061637944570615e-02
-1.469916337376293125e+00,1.465340417804020766e-02
-1.175626384082652937e-01,-6.400802887138808128e-02
-8.692622073851385966e-01,3.025260037747675573e-02
1.316569325917522071e-01,-1.105179030004969087e-01
-1.431661504116697792e+00,-2.102580088662849567e-01
-1.296666768262553004e+00,-1.865309833108622084e-01
4.257392643821455297e-02,-2.877478926756496785e-03
3.481081366529170662e-02,-4.345670842596104089e-02
-3.482929565436864716e-01,-2.428892836709960756e-01
-1.273805129450152229e+00,-2.007824556476835443e-01
1.114574202482319087e-01,-2.449687213311659562e-01
1.352488462964347993e-01,1.376865425307814139e-01
-2.323395034716253249e-01,6.873662967033776494e-02
-4.026597959007091054e-01,2.288741733729919015e-01
-8.961217434908477220e-01,2.076158808944104234e-02
2.685939137716220615e-01,3.205452370982000976e-01
-5.643172062361625496e-01,-1.909543931737296973e-01
-9.801675890660362933e-01,-1.282938691757337137e-02
-9.997579787011279251e-01,-8.358875753463618219e-02
-7.591596466749221950e-01,-3.508947486842073915e-01
-8.268039194125035296e-01,2.504595689385923363e-01
2.898991449756941341e-01,-1.622362503589355465e-01
-1.247730408722292905e+00,-1.532682161137123300e-01
-1.078058086306332264e+00,8.956921098343108290e-02
-6.342765505390506320e-01,-2.124134656197175786e-01
-1.005696304823352927e+00,-4.610773072483396740e-01
-8.311620793152234565e-01,1.932651046802275341e-01
-1.188572139614600509e+00,9.570206451518473156e-03
-6.012325215212008245e-02,9.589135939720969115e-02
-7.351782464548151097e-01,4.003194215810857576e-02
-1.079347027092575129e+00,-1.639257784761245229e-01
1.855469811075373121e-01,-9.269675004238174532e-02
-1.104590529935703502e+00,1.079744232540253979e-01
-3.460151033332432013e-01,-1.201479488899108578e-01
7.481320408044874748e-01,2.743248441518495156e-03
-1.347373950713447011e+00,-2.801913010170984930e-01
1.200420405242271227e-01,-1.986962700869959464e-01
1.849678767051644857e-01,-2.710137825152946767e-01
1.899084060907250127e-01,9.216844346022522172e-02
2.400854320880342063e-01,1.222145201178248125e-01
-8.542229005301777978e-01,1.143585138885333252e-01
-7.105791504913578915e-01,6.547460705246046508e-01
1.370731085413203210e-01,3.865415550553306656e-01
9.283394508626524599e-02,2.816334992491690281e-01
-7.731600240474110208e-01,1.109326180173695053e-01
-1.475592179391606473e+00,1.987241531563405661e-01
-3.287809183162683779e-01,-1.173235679120850639e-01
-1.060298016896381146e+00,-4.319687195629832999e-02
-6.732831984120694890e-02,1.618222736835625286e-01
1.099232187883487782e-01,-7.812722562862658982e-02
1.164978078449281085e-01,1.276113018202345850e-01
-9.062303726364617784e-01,-3.738315120437667172e-02
-8.495908063908643726e-01,3.801182492323074841e-02
-8.997719595780900859e-01,-4.965071583110089448e-01
-8.796319749208602046e-01,-8.046157787378603599e-02
-1.234270567297228949e+00,-2.038794461171587746e-01
-1.356037044613527531e-01,-2.902827256029764103e-01
-1.097841708513620729e+00,-1.940253183372983303e-01
1.222961014268793001e-01,3.638861712532491244e-01
-1.050881354713603999e+00,-5.249200619446960925e-01
4.848559099070413603e-01,-3.302587559509306825e-02
-2.999054750268231317e-01,-2.029759612193132445e-01
-8.481812590417052711e-01,1.194447164225539010e-01
-5.187170483150560507e-01,1.499322081796864159e-01
5.083551367673607574e-02,9.849677280028350246e-02
-1.309281810944068702e+00,-3.395654103358589637e-01
-8.347239962436335814e-01,-2.679943889538858870e-01
-9.074771385332298657e-01,3.818178656323789610e-01
-9.813384347412454911e-01,3.822638755810959243e-01
1.423675551402939776e-01,-1.062978535527549090e-01
-6.550114543744463003e-01,1.682656613456529338e-01
-1.211748629402988442e+00,-3.454263784454023600e-01
-1.887890659931630022e-01,1.872925378632109561e-01
3.318457578116443818e-01,-2.523956191788473968e-01
2.792313104377422417e-02,1.572571601557682178e-03
-8.056366855025226537e-01,4.237412144300135852e-02
-1.255129064227075153e+00,-1.186378924384566130e-01
1.582510442466895928e-01,4.084614245771431285e-01
2.322454063453008033e-01,8.861640624383755604e-02
-1.151476879524170993e+00,3.038686666897284089e-02
-3.997564033704027464e-01,1.012688167166707759e-01
-8.683102550704644429e-01,-6.190039929478458047e-02
-1.127118322623736679e+00,6.123136500948866273e-02
3.324134241537460288e-02,3.366799122163574576e-01
-2.756576909844493661e-01,-1.468147526167190298e-01
-1.138856063614156922e+00,-5.708851701714376947e-01
-1.469178100940212728e+00,3.850395506303817827e-02
-1.230886330711523424e+00,1.262264438491157437e-01
-4.688027512799758934e-01,-1.298731419871297088e-01
4.321852922438076255e-02,2.616861289870315785e-02
2.368159061876725646e-01,-2.965438980276022818e-01
-1.295760230547697844e+00,-1.554852434522456354e-02
-7.348006257911948724e-02,-2.700523200448916583e-01
-2.678737852816736598e-01,-2.105503901289542401e-01
-1.022287744651182662e+00,1.498936739557459041e-01
-6.575023529784272680e-02,-1.584675818181468729e-02
6.556123328411665729e-02,-3.333817446085171055e-01
-5.373730558394691492e-01,8.684810082540690701e-03
-2.412592096391973917e-01,7.805628645476121730e-02
-7.938418367619182181e-02,1.362492604052031007e-02
-1.259148843501976867e+00,-1.310858162267060922e-01
-1.120794358854338313e+00,-4.678916787981566433e-02
-4.420246029313791292e-01,3.488300141539386057e-01
-7.411309771512208933e-01,-2.695375677294538641e-01
-1.357452385835447028e+00,-1.877980558639343323e-01
3.997981163777018510e-01,3.257518999752694044e-02
-3.907514566481802565e-02,2.657903617602869195e-01
-9.368421843847525299e-01,-4.548014741237986769e-01
-3.673238644158549615e-01,-2.100471629669612150e-01
-3.836013449289371602e-01,-2.544188583658442693e-01
-1.685374051970362774e-01,1.456612760950966035e-01
-1.024763118527112438e+00,9.241747534591464308e-02
-9.748497868864212101e-01,1.001949046502572244e-01
-1.099379413063165334e+00,1.100175349644932077e-01
5.692080867493458651e-01,-6.656736582717723283e-02
3.916120228321586239e-01,-3.597867954779850330e-01
4.102907268947428299e-02,-3.378548365538581177e-01
2.703875813529884597e-01,1.495564950543461875e-03
-2.058758647825979504e-01,-1.129516811539494486e-01
1.076239901115483844e-01,-1.723354993092770238e-01
-5.692927919405239567e-01,-1.944363603638931959e-01
-1.287075134272322785e+00,9.781738137004780675e-02
4.238641523138030748e-02,-9.886646775933739806e-02
3.029103330820528961e-01,-2.848050747513186098e-01
-4.767534588193267364e-01,-1.731791401606384007e-01
-7.576630610082044082e-02,5.052968616526307133e-02
-1.191196994640644657e+00,1.207545433264073514e-01
-1.261960094034084712e+00,-3.565343581766262648e-01
-7.591594893674853406e-01,6.332959314879171853e-02
4.567379662632400916e-01,-2.572490939127636267e-01
-1.325528062621905423e-01,2.791436537407616103e-01
-2.940278557046805408e-01,1.207693784736797588e-01
-8.557287318806310050e-02,-4.639923016622306967e-02
-7.617160183011730812e-01,2.825353862963214668e-01
-1.529830186138520232e-01,-2.330055598067119482e-01
-2.691323873458810190e-01,3.940923613447235296e-01
-1.262696791040441857e+00,2.475985078210035106e-01
-1.039256346316730806e+00,8.156277823215755951e-02
-1.071950816970113518e+00,-1.260504480622173101e-02
-1.354474646759623035e-01,-1.209711914371529168e-01
-5.530308778575929174e-02,7.483015643699492125e-01
-9.064653720757597233e-01,6.523882845514153428e-02
-5.551589485593870776e-01,-8.642692476399360668e-02
-9.570631065670233140e-01,1.856534787077298576e-01
-1.023089645874236453e+00,-1.089695537645944817e-01
-9.996023608831419160e-01,1.284409803607080569e-01
-6.609368195066142593e-02,1.078877107077803044e-01
-1.242538358843276569e+00,2.100570464328134213e-01
-1.152645848497759973e+00,-1.367332188806023030e-01
-7.975100092367148896e-02,-1.063813411862458841e-01
-8.070255526784096967e-01,-4.738767667064709421e-01
-1.027468660833550596e+00,-6.101183153668346959e-01
-9.545587836722609076e-02,-4.368779293165301475e-02
5.383011047987346781e-02,2.776191397102626413e-01
-6.914630244599603848e-02,3.605092968102979190e-01
-5.776145763842243097e-01,1.370130950664328329e-01
-2.665121896060092602e-02,-9.114453400147536077e-02
-1.383900254311339451e+00,1.637896534972075047e-01
-1.018537007864588201e-01,3.044558198052352838e-01
-1.093333769389031977e-02,3.059103095066802447e-01
4.495990857735140955e-02,-1.033417080774131913e-01
2.277477371026261355e-01,-5.802208351289443733e-02
-8.301493924461891272e-01,1.373757490815775972e-02
-9.595658648000527924e-01,-1.102910293474852060e-01
-1.059182765119622172e+00,-3.644684315626877669e-01
-1.315558659241868877e+00,-6.137496228270943044e-02
7.169532838890126103e-02,2.178403436550175112e-02
-5.301021653913036147e-01,2.756520813009542548e-01
2.928060097999625813e-02,-1.520743914952876474e-01
-1.063528058141403276e+00,-1.385945339061084025e-01
7.295691860321505684e-02,3.020985826442634803e-01
2.339850649804710858e-01,-3.166188795577107862e-01
-1.128794515328403136e+00,-1.817953085229188914e-01
-1.704241388669894164e+00,-2.651895651590629455e-01
-6.466886650815105719e-01,-3.458521351029731489e-02
-1.176853103976334802e+00,1.326107133204784509e-02
-2.696572712172253250e-01,1.082994913197331543e-01
-1.091360354636452756e+00,-1.228203945146846415e-01
-2.102189358167750044e-01,-4.890671945466083109e-03
-4.548629715881651048e-02,3.626798282162126963e-01
-3.583953380457893245e-01,2.523438906624936306e-01
3.283226457224909245e-01,-4.953528182969384464e-01
-3.866272506353297111e-01,-1.477632881800004967e-03
-7.233647191943703980e-01,4.109820342078723820e-02
-1.013546656605161633e+00,-4.781542356548582617e-01
-1.155270386970880026e+00,1.767458596716820485e-01
4.426631764818315939e-02,-7.213639516444184663e-01
-1.117444464971183438e+00,-1.627371354580031682e-02
-1.914501306225940558e-01,-4.339639493228261147e-01
-4.334447988769463689e-01,-3.739668739014541110e-01
4.077900608644488001e-01,1.205598825667564683e-01
-9.359274826647197010e-01,-1.606888402035650809e-01
9.867961208373815518e-02,1.848757053519763938e-01
-1.169159010893405570e+00,1.529488824083900522e-01
3.694012309072792957e-03,3.978103812237703818e-01
1.041261350018325010e-01,-1.821165409361667764e-02
-1.333155171314021281e+00,4.189150389752412107e-02
2.648194495715743280e-01,1.922231638291052314e-01
-8.623185547944246521e-01,1.863385324951852551e-01
4.431255471053844458e-02,-6.383755460689351235e-02
-1.735005583463769818e-01,2.793588500199460367e-01
-8.089005729254803434e-01,2.166419141425909300e-01
4.816601195013215861e-03,-1.339071844701690273e-01
-9.154415671624084316e-01,2.299056392500282708e-01
-1.154203235369112845e-01,3.210848658513344722e-02
-1.003115760215307795e+00,2.162168457190632165e-01
-9.822997031086928565e-01,2.597609405185458131e-01
-2.387476967781695103e-01,-5.307727183623202061e-01
-1.177850557440023538e+00,-1.946132715376671374e-01
-1.473398649581223907e+00,-8.625077759808238986e-02
-1.060031634644395426e+00,1.446448721801976423e-01
-5.724427679920267298e-02,2.298120887002304547e-01
-7.763270271293973845e-01,3.438943147527793731e-01
1.140852487601779972e-02,-1.877122561590004735e-01
1.341135628003449209e-01,-1.324049666719619711e-01
-8.126101350113861255e-01,-1.039902559322484765e-01
3.214514330331806335e-01,2.818196328061703740e-02
-8.424908167113155377e-01,-9.660233936301092922e-03
4.512496738299019983e-01,1.584432970695401344e-01
-1.218703504425607820e+00,-3.132012320925795512e-01
1.245758799998191030e-01,1.020709883099768650e-01
5.832474849864167574e-03,-1.657901803527294937e-01
-3.502213271454763244e-01,-4.498058855882428042e-01
-6.126348295913193187e-01,-2.171397861842666865e-01
2.943154738768164469e-01,-5.132417903462469511e-01
2.804127100458166377e-01,-2.446112843566539963e-01
-1.319362071150344207e+00,-3.460775352021752682e-01
-7.377418963086539161e-02,1.107140741404337575e-01
-8.990051401225688243e-01,2.290789678210397029e-01
-1.606847758543671345e-01,7.684308182106866503e-02
5.314255328331661532e-02,-2.378948431128857788e-01
-9.918380796455101844e-01,2.873786014114143028e-01
-1.084074479142185465e+00,-7.541639700988084227e-02
9.182713197840204622e-02,2.301712618946018252e-01
2.820710702972127892e-01,3.061434971912952441e-01
-1.208616380628781961e+00,-3.587800695235914827e-01
-1.384989050465504024e+00,5.035205691226095626e-01
-1.105172098406880243e+00,-1.003538419340843924e-01
-7.450954245346497196e-01,2.885601436149553001e-01
-1.003972234856265189e+00,3.441860594005823892e-01
-9.012857960607416619e-01,-3.543481003532383822e-01
2.452695491739220468e-01,-2.418567623278801149e-01
-4.159401145616699602e-01,2.329335732349762655e-01
-1.281365227601930945e+00,2.295621038185699792e-01
-2.742524487925341869e-01,1.781751862325034930e-04
-1.125537520568399286e+00,-3.037036683720497066e-01
3.518705147168657565e-01,-2.023678475539770205e-01
-1.418592549904700073e+00,-6.904141676414723983e-02
1.347002506002423217e-01,-1.130771990209968325e-01
-3.205316485313952635e-02,2.617267294767842631e-02
5.824940181978011805e-02,1.526187493595774491e-01
-9.076175287013047432e-01,-1.475298833563531697e-01
-1.201336526627809764e+00,1.862888131139369408e-01
-1.254610000640265399e+00,3.052125459438249644e-01
-1.318622444807521776e-01,2.139867882532827947e-01
2.835038968156422534e-01,-3.519439007668228037e-01
-8.608510709907808423e-01,9.608909678578782254e-02
9.175067630529414042e-02,-1.982108262857070966e-02
-1.303911783346092257e+00,-1.957026541185104551e-01
-1.998378289587521284e-01,-9.893459240227547857e-02
-2.587569534524719259e-02,-3.354863772039347602e-01
-5.841771484904172418e-01,2.095562822863243080e-01
4.884845105072762456e-02,1.384419844746041239e-01
-1.047465176554284172e+00,5.545252191682426696e-02
-5.513326199316136156e-02,1.191861555651254484e-01
-8.285097092213543624e-01,2.083666772026145364e-01
3.697539225758788434e-02,-1.731732676957568606e-01
-8.232031826977239675e-01,9.893926399490640677e-02
1.701464086642230991e-02,-3.346024673563551266e-01
-9.440464773658134856e-01,2.454927075150415555e-02
2.249865241092687262e-01,-2.426932724788698759e-01
-9.494579271374060658e-01,9.514886773844836998e-02
-3.032222440697872057e-01,7.234979051320385157e-02
1.307052621262348169e-01,-1.629435763588650832e-01
-7.134322016715624049e-01,5.644695071611234571e-02
-1.023433427276901675e+00,-1.775050278999799891e-01
6.635388501950403861e-02,-2.889310704039206243e-03
1.581520349624270239e-01,1.589896449658734778e-01
-3.191143688342680251e-01,-4.366646275468012983e-01
-7.906238655396850001e-01,-1.087485968975741707e-01
1.119522897797738947e-01,-1.410030622511301013e-01
6.097694355407720472e-03,1.831637058063882717e-01
2.742937115181479646e-01,1.401577560607653317e-01
-7.215229334827061303e-01,1.333355209411506981e-01
1.500590055363135167e-01,4.334523490139406410e-01
-1.293474314655839730e-01,3.206341673120907121e-01
-1.054687528925602802e+00,-2.125381713415362417e-01
-8.912903649446913823e-01,6.962418140951916190e-02
-1.092589521166209998e+00,1.058941362477415910e-01
-3.410122576153032381e-01,-9.542484899168508783e-02
-4.052131481920691058e-01,-2.478081828065512027e-02
-9.336746662055865897e-01,2.857765393623241668e-01
-9.890782447330103144e-01,-6.105394612296367596e-01
-5.514063178873405136e-01,2.288132295728736165e-01
-9.823660331370199783e-01,4.138253213415309384e-01
-9.196174775634714527e-01,5.830147360025780268e-01
-1.317186246706406605e-01,-2.420159376129745257e-02
-1.101318132407865580e+00,-4.622421987476891397e-02
5.791203192632392999e-02,2.875662707560903142e-01
-2.420455339764205627e-01,-2.797147357266527856e-01
1.650476149003239357e-01,-2.147092654742855603e-03
-9.744484554725940662e-01,-6.853949294582215024e-02
1.192670871340530169e-03,3.608862551278187447e-01
-9.717577684534757232e-01,1.454738214731657875e-01
3.869042275753370452e-01,-3.316006364989461386e-02
3.301543946457002887e-01,-1.366467950518943653e-01
-7.173310099916085925e-01,3.517511603055965552e-01
-1.067225965291579648e+00,1.798576618149090034e-01
-6.650192165815183021e-01,-1.849672880369060690e-01
2.453771092729269687e-01,-2.190908934419708576e-01
-1.333497279456249962e-01,3.759514239769878863e-01
-9.129810705197982657e-01,2.776012705549518178e-01
-9.809779309425190608e-01,-3.755861350299192214e-01
-6.711629676351890932e-04,-2.934385357975174968e-01
1.797810956484479639e-01,-7.253020335209878211e-02
-1.059415125527969348e+00,-1.864246733288404678e-01
7.026697133764744918e-02,-4.354673267784173185e-01
-9.757899198845430000e-01,-1.464503336847940429e-01
-2.133441604238284495e-01,-9.555035764267570675e-02
-1.035317488780495232e+00,1.205543378551289513e-01
3.850036402509822708e-01,3.139294597085043326e-01
-1.263488760278172196e-01,-1.797196881127729740e-01
-6.365353581492858570e-01,-1.576984743215369134e-01
2.252147276917554619e-01,2.787194332453628576e-01
-8.467603884319666596e-01,3.969917014140207367e-01
-4.065845137228442097e-01,-1.174750726781382537e-01
-9.539237352261306091e-01,3.073310841548294592e-01
-1.369633506566583003e+00,-2.241755352820248570e-01
1.973002490815964002e-02,-3.239441973635301397e-01
-5.348377221990480157e-01,-4.266028259265418066e-01
-1.142207972377847325e+00,-1.745565711728071512e-01
-2.681999941888600358e-01,-6.375472975558366118e-02
-1.007307134141351534e+00,1.409510199293807081e-02
-3.049577391232288215e-01,-2.534307267726167434e-01
-4.749682400247811076e-01,-3.094095702081030574e-01
-3.467293378697973716e-01,-1.040562369867567213e-02
-9.092033887455712726e-01,3.429165904720068905e-03
-1.201929375756882301e+00,-5.612566542220050192e-02
3.031652057300787337e-02,1.132344214836273205e-01
-9.782282555657485779e-02,-2.698927814015670279e-01
-1.031429751937001926e+00,5.153104988705357048e-01
-3.676530620509208536e-01,7.875878573102147728e-02
-2.085205828765203107e-01,5.688007707276155900e-01
-1.256385241548030773e+00,-1.070465725861252382e-01
-8.822480536831358577e-01,1.780349749965360511e-03
3.047666360483862746e-01,-1.494670972667784536e-01
-6.926607261912347546e-01,1.090201194780358318e-01
2.577124269807811244e-02,2.784747353738704634e-01
-6.232978952260258623e-03,-5.610464429061641153e-03
1.266509679169772751e-01,-1.956077388151132024e-01
-8.193278840593355428e-01,-1.008461408724053709e-01
1.309244654468552371e-01,-6.969816115097123010e-02
-1.031653018922553677e+00,-1.104780472257328033e-01
-1.130129515402224172e+00,2.803731685688500008e-02
-1.072206261810196626e+00,3.464313745383172660e-02
-1.163648266441267065e+00,-2.628222538093939464e-01
-8.982074722414298273e-01,-1.403785998532457169e-01
1.042495751404148713e-01,-2.530598140738137269e-01
-1.405541747563532118e+00,1.518380918966023285e-01
-3.435325571757710805e-01,-4.385816154042654902e-01
-7.396259172968893125e-01,-1.726429799678049493e-01
-4.976909004231601895e-03,1.814419236341154873e-01
-3.109410959638552185e-01,-2.295394207927417551e-01
-1.408252391309634810e-01,-5.351975695964206192e-02
-3.879335360444608610e-02,-6.899359424063465640e-02
-7.006984103637998729e-01,-1.712328929617429329e-01
3.234721918630809739e-02,1.252992393393518311e-01
-1.725573553684641437e-01,1.498202254394257610e-02
-2.091326871741333582e-01,-2.966892761268113410e-01
-9.691683472701546620e-01,-6.547570070986725131e-03
3.598297316492256592e-01,-8.187448010105921603e-02
-9.084094748721984747e-01,-1.496487551777306302e-01
-9.647735398487271574e-01,-2.363092914324880500e-01
-1.117227575605209910e+00,-7.455628619211569774e-02
-1.013183672421433951e-01,5.825936223519994073e-01
-1.214102559355034749e+00,3.435412549415543110e-02
-9.433206852827409339e-01,1.425635626593700911e-01
-9.198469638044557417e-01,2.968679652304925809e-01
-1.165930578065517143e+00,2.681673028538342773e-01
-1.113272648202014103e+00,-2.130694957623541774e-01
-1.499928489488866701e+00,5.934187232100802678e-01
-1.072931784038378300e+00,-7.857912089022386359e-01
-1.062536024628843112e+00,5.006247188044213869e-01
3.949846876863654654e-01,-5.057184958107568268e-02
-8.531065142041478477e-01,1.453092605355602029e-01
-6.256326526166867963e-02,2.760120001270111034e-01
-3.441394508422286336e-01,-1.783783828352735745e-01
-2.022970529762330438e-01,-3.492601369290562752e-01
-1.092612259124112972e+00,1.715813961731789961e-01
-1.088369110543419449e+00,-3.743549993743719440e-01
-9.623738991733313819e-01,-6.027255388639790080e-03
-1.124321028765608244e+00,1.196916520156489777e-01
-1.096899109585647514e+00,-1.343157924108168977e-01
-1.460241020528077749e-01,8.286790627169979273e-02
-1.424421953898449660e-02,1.643547401201619629e-01
3.229063393055536246e-01,7.296371600139044122e-02
-1.223047065647743459e+00,-2.652344615277806850e-01
-1.897341793745436767e-01,-7.929745712364429100e-02
-5.996042960565448610e-01,1.047436341302050711e-01
-1.123903382406142848e+00,8.690865880738504745e-02
-5.188083682585771239e-01,-1.337868708993691924e-01
-2.558339219416827515e-01,-9.226245378604903957e-02
-4.076475305603859400e-01,4.927818713953326796e-02
-1.415413006566542675e-01,-4.094298156343938455e-01
1.698183706668680570e-01,-5.782232643544793493e-02
-1.425615694378920273e-01,1.879976170062201413e-01
-1.161197737801494267e-01,2.134922583473571334e-01
1.786964046007791518e-01,7.789187514323725687e-04
-2.405813025547177963e-02,-4.450876549922790359e-01
-3.541810132855127136e-01,5.979035378134834461e-02
2.720518814039653566e-01,4.334462900988576006e-01
-2.864376201672374500e-01,-3.427892836323155890e-01
2.773149542424865888e-01,2.315553014544835253e-01
-1.165231615632923656e+00,-1.158819409754379554e-01
-1.766598020027160265e-01,3.157704625192593595e-02
7.767099082740373805e-02,2.070438705374253452e-01
-1.829283148182206942e-01,4.247306206224159275e-02
-6.559675710078066713e-03,1.256779400906063091e-02
-6.653222297470886559e-01,2.181328002166776914e-01
-1.123418457759679301e+00,2.557869536996787985e-01
-8.720880511765822796e-01,-2.424901725856637158e-01
2.109423472200807059e-01,-1.128091786362860616e-01
-9.140649486162670534e-02,-2.495029992413683728e-01
2.495124348367034339e-01,-2.163691444188058088e-01
2.150216091104142357e-01,1.666585740472646404e-01
2.176467952939794559e-01,2.456898490786358635e-01
-1.626722119787110954e-01,2.108116538913575311e-01
1.643139679111309259e-01,1.542751446786417291e-01
-5.509536187135465057e-02,4.600866177542124041e-02
-8.609948660134121301e-01,-7.233592789338804119e-01
-5.589173283652515423e-01,-9.563075765759386504e-02
-1.247015129621031226e+00,4.879346995551657185e-01
2.433098600813883017e-01,-8.151657575252467536e-02
-1.931036296981228362e-02,-2.498603080699143830e-02
-1.082211139794085675e+00,2.381498199365305463e-02
4.976700359901531368e-02,-4.398397877250450616e-01
-8.134180177791772159e-01,-2.939557599620363213e-04
-2.621200474731674168e-01,3.619691701456833055e-01
1.333690561943625119e-01,-1.367411613364104550e-01
3.562850092588132258e-03,-1.376143560538289901e-02
-1.377817663067356924e-01,3.182696384820816182e-01
-1.092944895582716791e+00,3.459772829101759872e-01
4.974762547896937059e-01,3.842906354084024145e-01
2.649141353434724538e-02,2.747491297898840279e-01
-5.950759838288404158e-01,3.181541717802188196e-01
2.792987654104960304e-01,5.558686996138164499e-02
5.217029395942518466e-01,-7.701789585331846044e-02
-1.115681847631203594e+00,-3.272044898953249681e-01
-1.133215859678703641e+00,2.856779582808494089e-01
-1.312963553846439702e+00,-1.993192211508177381e-01
-1.114881147289844998e+00,-2.754504021256543034e-01
-1.326991168450436076e+00,-1.134254157079520042e-01
-1.208777430472515180e+00,-1.030543633319840335e-01
-9.730817359812563572e-01,4.187539453950890611e-02
-1.096681807325237790e+00,-3.133601574586612482e-01
-6.302499288514390452e-01,-1.214091412246803281e-01
-9.155489732862366337e-01,1.900836085612906956e-01
-1.293815100072181812e+00,8.576773108327018225e-02
-5.696944025921461124e-02,-7.029074523658439266e-02
2.075512472574833345e-01,2.429383919781673007e-01
-7.873825414023524205e-01,-5.163356564618700739e-01
-3.839925857166430756e-01,-6.742769906553539028e-02
2.099905323491010334e-01,6.486308040774399486e-02
-9.504321330836206227e-01,-1.466728871639906562e-01
1.982953248678554492e-01,1.124680733744322370e-01
-1.065553224021421164e+00,-5.692965072533500148e-01
-1.049852905514779389e+00,-4.292163256074714439e-02
-8.358390994385543893e-01,2.869591308725730761e-01
-1.087745371865974420e+00,4.240686435406620935e-02
1.531718296204159224e-01,-1.379141849865336278e-01
-1.047892201773805931e+00,-2.635235991590039739e-01
-2.471774304918770288e-02,1.760618027927269569e-01
-7.909051172564879328e-01,-1.439573418439361874e-01
-6.708418811609255794e-01,1.514547620929682925e-01
-2.871143971015102311e-02,-1.932016890220093416e-02
-1.217426437618463364e+00,-1.345016951611580081e-01
-9.980716389675599043e-01,-1.338045166067370340e-01
-4.244269637263205913e-02,-1.279746705244140248e-01
-9.413558236957544345e-01,-1.934613537174365017e-01
-8.571805983479507951e-01,1.319137599558147245e-01
-1.677781522798778291e-01,3.687034914935167357e-02
-4.508419635061897690e-01,1.947843398359730416e-01
-1.371122027359275686e+00,-1.296454323127967656e-01
-8.356746755192547838e-01,7.763262447478051775e-02
-1.153204611836423865e+00,6.692801946761454956e-02
-1.084345750252732943e+00,-9.147339597790324350e-02
-7.791480248385557195e-02,-1.934661818011741974e-01
1.899800525106219162e-01,6.073816112720840238e-02
-1.666951598893430808e-01,1.198501531574088785e-01
2.303343857044639897e-01,2.845044821828009163e-02
-4.375976363446397732e-01,-4.615207628776885063e-02
-2.457417108483276325e-01,-1.376483494497817150e-01
-9.573462122407731811e-02,-2.458918880097500925e-01
-1.006527483954696267e+00,4.510186789683395814e-02
-8.968459541795692491e-01,-1.081366796198440228e-01
4.403978987991701011e-02,-4.824705335130354822e-01
-1.924934297239388192e-01,-3.625974009955610922e-01
-3.149503959509682843e-02,-2.540181622321560084e-01
-1.141096238441416277e+00,4.302298835453779481e-03
4.420311163524542897e-02,-7.819023599002332403e-02
-7.397408379455516769e-01,-1.843100639046930944e-01
-1.377611930001310325e+00,2.648029074419433124e-02
2.997622030919623315e-01,-2.699569788265922341e-03
-1.667885149605506379e-01,7.703893096710838842e-03
3.044987636773602846e-01,2.138970647024656113e-01
-1.078580150736714538e+00,8.445327881770231526e-02
-8.340912199942670524e-01,-3.659917989758944279e-02
3.758259755845683725e-01,-6.241215916645770356e-02
-8.828530121131913377e-01,5.239806867941871477e-02
-1.285565126476371500e-01,1.199834474333735107e-01
-8.257244884916464800e-01,-2.872384384366953314e-01
-2.081922935917678366e-02,-3.914680455476626797e-01
7.284697483555745146e-02,-8.514654978292514331e-02
-8.621344309302851894e-01,-2.461257290659077737e-02
-9.332497041706828700e-01,6.377676261986027495e-02
1.899310741347896014e-01,1.187505734078330155e-01
-9.353857301878734654e-02,3.790791981178762149e-01
-1.815404468107915115e-01,-1.808354804475297839e-01
-8.533427463714560179e-01,-5.928871328478454994e-02
-8.846445500498977266e-01,-1.977190068889885799e-01
-1.023009773883925444e+00,2.774241997202768206e-01
3.197019346264975415e-01,-1.899590489144871164e-01
-2.695920106854353682e-01,-2.990584959496792039e-01
-2.327163978381591863e-02,5.257506577259079411e-02
-7.714166411457896722e-01,-1.411538746625858563e-02
-8.201992391048966713e-01,1.980813698567905068e-01
-1.053742199199455110e+00,1.666252008811988650e-01
-2.775091307337848590e-02,-8.746127600264931579e-02
6.681601506587706019e-02,-3.070627468613414957e-01
-8.766466879112128074e-01,-1.267806138449503461e-01
-1.238243072032510161e+00,4.156992051973663060e-01
-9.295531630498207187e-01,-1.869218865952063102e-01
4.602560084023953751e-02,-2.917251992055976961e-01
-2.445427559598465639e-01,4.765088927983447686e-02
-5.072585144489457631e-01,7.821163765181285421e-02
-1.307979085010908316e+00,2.090841866288094264e-01
-1.254525653497804205e+00,-1.659607546587621441e-01
-2.248849301133449552e-01,2.552019060319722921e-01
-1.085655501247282106e-01,1.982477789145595803e-01
-9.197329323776370913e-01,2.454268949634262620e-01
-1.412927321857673502e-01,8.483085763266540180e-02
-1.195918615874462354e+00,-1.304810545585700643e-01
-3.037151754945036641e-01,1.836316215206696204e-02
-3.704969654382931354e-01,6.859616456440162380e-02
-1.079789912044370803e+00,-1.381453204429498871e-01
4.049889991173175746e-02,-5.854112803786874070e-02
-1.068377849553346026e+00,3.094896622464826108e-01
-1.022436950581417481e+00,4.099665633548320309e-02
-9.548307995662813630e-01,-2.312870323456306110e-01
-2.839402310097371984e-02,-3.253975912186162223e-01
7.642621404492930259e-02,-1.307166982865157201e-01
3.961724765256430074e-03,2.667746900494467610e-01
-6.151135352915581000e-01,2.174616735536926138e-01
-3.475749284901784586e-01,-5.925755083825166858e-02
-1.167268809242686167e+00,5.120731720142093213e-01
-8.430476688809396268e-01,2.064750798040717039e-01
-1.148876347679963633e-01,5.113240728549407477e-01
-8.865263245317049901e-01,1.518623264596222211e-01
-1.460487211703264343e+00,-3.754784485821157092e-01
-1.033381382950087746e+00,-2.735827647392126138e-01
-1.189956203562007708e+00,-2.419294803977068420e-01
-1.003312841788525124e-02,1.608335306879907778e-01
-1.380556741794611186e+00,1.916659126134990787e-01
-8.947262571527866415e-01,-4.736613906102675187e-01
1.122394567782809133e-01,-1.935641537632395437e-01
-1.029950291785047600e+00,-1.276545917500259142e-01
2.306769349976853511e-01,-2.774605666804874637e-01
-9.105934006900454625e-01,-1.971629149328187336e-01
-2.270191102353680546e-01,1.568239033860813550e-02
-1.191038276795993944e+00,-2.412156360054160120e-01
2.743455474662104265e-01,2.657386129223173188e-01
-9.773489091903345694e-01,-4.029640247900339589e-01
-1.457244654792974950e-02,1.102117810103592777e-01
-2.916451654096597346e-01,-3.270741612700183154e-01
-9.666644030804821819e-01,2.176376741062918396e-01
4.324542425703608028e-01,1.417381711211688211e-01
-1.259605468322986255e+00,3.765522198517454178e-01
-9.484654228254780772e-01,-4.016008118979330632e-01
-8.478501590441527291e-01,8.747828873926527526e-02
-1.752833485370036415e-01,3.723504352044224031e-02
-9.109729231824114093e-01,1.714173708792336714e-02
-8.904466442346670174e-01,2.782403657886309365e-03
1.984360939868501372e-01,-1.530493841069273941e-01
2.354592012040567645e-02,-4.070473364519971438e-01
-2.495559069843552302e-01,-5.566936697574337289e-02
-7.770762298601212592e-01,-4.867329555984779149e-02
-1.337992311486738313e-02,-3.099545973679492805e-01
-4.381506917223088049e-02,-1.359079758000848459e-01
-8.597857912342472542e-01,-7.157843439637544269e-02
-1.734551125093814372e+00,9.410447771885645241e-02
-1.259504446728131999e+00,-1.257372528513023106e-02
-1.003351368821143730e+00,5.495381100960666093e-02
3.005070987169815577e-01,-1.474107202225161395e-01
-9.669835283646804891e-02,-2.157348393381087470e-01
8.433639762831413034e-02,-1.720434468314154322e-02
-8.430162488210952709e-01,2.031488804418157268e-01
-9.946027266810999468e-01,-8.330703078451666410e-02
-9.897920007158264033e-01,1.311487490344106777e-01
-2.188625464277966365e-02,-4.418248635471300756e-01
-1.104111731500536209e+00,-2.716062222698987227e-01
4.224674726576595901e-02,4.107655257015166983e-01
-9.690012828703490344e-01,1.368959290227684533e-01
-9.065243045941764888e-02,-1.633003982936117593e-01
2.939057205215769852e-01,-1.853521580530215762e-01
-1.145258035879753944e+00,8.449192521205876882e-02
-1.251246542240666448e+00,-3.398524103672518337e-01
-7.309757296911993940e-01,-1.112706795031109808e-01
-1.328554254837813753e-01,2.933116818427320971e-01
-8.781904450823514452e-01,7.180009227927436908e-04
3.223485289649323793e-01,-8.393719928257040164e-02
-1.812195575014504886e-02,-8.698803018179677993e-02
-8.122413143873812302e-01,1.253282549622483921e-01
-1.482369662861731330e+00,1.768239358574911768e-01
1.857577079263073860e-01,-1.294073705269444541e-01
-5.783034440902014017e-01,-2.819979915370812718e-01
-1.353564831011314085e-01,-7.048584126565468622e-02
-8.330656141668052461e-01,8.586604751366848365e-02
-6.915239523506517827e-01,2.279143878769845921e-01
-1.060985369493527980e-01,1.410665543409022060e-01
-3.442186617778760782e-01,2.733049311194498676e-01
-9.271982904358302413e-01,8.580882356083610607e-02
-1.174090400408069446e+00,1.341540313492914915e-01
-9.746079032815359033e-01,2.139006139159096431e-01
4.950086207389516879e-01,9.371772617863090293e-02
-1.313192330030140909e+00,2.943592412391800028e-01
4.879982207498349545e-01,2.795861482173725085e-02
-1.192402963846626029e-01,-4.085178264594973019e-01
-1.644009360672384901e-01,1.846171524967827882e-01
-1.099395302950353370e+00,-2.471066972294429231e-01
-6.825636488039986405e-02,5.731592113959408374e-01
-8.541738672585742487e-01,1.673141458533564385e-01
1.357315762292405636e-01,1.183660793697322716e-01
-1.180199424913861428e+00,1.944394144047783823e-01
-1.409849306584139761e+00,9.381839434534233746e-02
1.669324659866275318e-01,-2.475164842702558265e-01
-1.838300386972960276e-01,-2.164082441253230293e-02
-1.177017027828469731e+00,-1.518530500570422770e-01
-1.360521676733368768e+00,3.009504851399620873e-01
-6.340334207357316634e-03,1.864919608556995234e-01
-1.650092818884501544e-01,-4.951377980371661214e-01
-1.275633913364177419e+00,4.642579055163333912e-01
-1.245098845886972283e+00,-1.025845291931637600e-02
-1.055482476479664866e+00,4.224681959559929006e-02
-5.491838631967209221e-03,8.853466149349822900e-02
-9.217648647027458786e-01,1.303022372921382697e-02
-8.791406105359848011e-01,1.465958697436043068e-01
-9.819068314870723624e-01,4.645384958251824736e-02
-1.040789021466067776e+00,-2.277565934659736835e-01
-6.791931735409785509e-02,1.896814016028008920e-01
1.772642651777191769e-01,-7.207805689855145692e-02
-1.053693867167256215e+00,1.080348195621051999e-01
-7.291095380043441931e-01,-2.187062111180810564e-01
-9.648488848215648339e-01,-2.805809106370259487e-01
1.508914951942420257e-01,5.368381811094802281e-01
-2.796527789262491792e-01,-2.082633362025875304e-02
-1.019999773633800233e+00,8.667306166900813624e-02
-1.125060713995395645e+00,1.414090692152057682e-01
4.773724754964742134e-02,-7.515762009613240480e-01
-1.731442595538837739e-02,-1.923332907313965445e-01
-1.799776133398445499e-01,9.694580315138906501e-02
-1.205693717724680258e+00,1.917100546851194520e-01
-2.731002399713827189e-01,1.288467642527224566e-01
-9.539513018592649107e-02,1.150237424754094462e-01
2.314466464071557594e-01,4.831999027688450854e-02
-1.042155032289337813e+00,2.458821711926970910e-01
-9.673916947127122468e-01,3.119813707880196296e-01
-7.834306275692451971e-01,4.274097105792621504e-02
1.830820226684839180e-01,-2.297049430876244025e-01
-1.214100229811482468e+00,-8.510721694437711760e-02
-4.984881257865264037e-01,-1.138580903138178974e-01
-7.725270598387387055e-01,-2.208865661486641707e-01
-1.384175809279942770e+00,-2.898646030098457962e-02
-9.384261445659500822e-01,2.174457645013505858e-01
-1.736419954856071868e-01,-4.436339422490714335e-01
-1.181028534137793518e+00,-2.865250144421789824e-01
-6.923511114925282595e-01,6.116181239996387742e-01
-1.039730502802293399e+00,-1.832492478895539345e-01
2.029613860240057910e-01,9.777249662442510925e-02
2.874339103765007064e-02,-7.882529239793943654e-02
-1.147502871299882932e+00,2.196715941257569304e-01
-1.028744843798020447e+00,1.666193423494303216e-01
3.483201046226735292e-02,-2.586771948278744904e-01
-7.136678355078003300e-01,-4.263957090198174094e-02
-1.127189975519605758e+00,-2.387793995287517401e-01
-7.554490856153841527e-01,-1.842507317323643090e-01
-6.600329972047527249e-01,-5.127918880485953651e-02
-1.091200860048379795e+00,-1.529853671838018458e-01
4.723234352245930801e-01,2.191337339101754600e-01
-2.246772478111030286e-02,2.086541499309999548e-01
-5.972473957252315280e-02,5.598994724592706168e-02
-1.265480656989837582e+00,1.186766402943783272e-01
-7.222723756527880123e-01,-8.233689370520212714e-02
-6.961165108294478099e-01,-1.853967242722756037e-01
-1.008531535554493708e+00,2.365324522214348746e-02
4.602587609917833666e-01,-2.093782697372441326e-01
2.813709746482919161e-01,4.686019995421192852e-01
-1.392684816440159956e+00,1.136408771000286672e-01
-1.021788045508360554e+00,4.006530082198220960e-02
-1.309353363203818565e+00,-3.210401715555882274e-01
-9.030149888110725609e-01,5.826041304878103351e-03
-1.129904219292741319e+00,-2.350139246715617913e-01
-1.037628085558783164e+00,2.549208504985379098e-01
-1.289075019603271421e+00,4.401800676763822223e-02
2.005497362372534453e-01,-6.158962946163927532e-02
-6.649261378866791472e-02,-1.208522838819561379e-01
-1.037975191306104605e+00,-3.258865263600603523e-02
-3.002042735477459742e-02,-9.917962402293356572e-02
-6.839591432077130051e-01,7.268465349515311480e-02
-8.860512981196934090e-01,2.917526471661434084e-01
-2.070976345452729961e-01,-9.864544432964936216e-02
1.004937432467713637e-01,1.889448280109467387e-02
1.084649936629803468e-01,-4.969528364514951280e-01
-8.370040099890956320e-01,-3.282219225410282770e-01
-1.316713919563804014e+00,3.138254295386330162e-01
-7.398042111939661103e-01,-2.021240337327220027e-01
5.509140597087223284e-02,-2.591930918565187730e-02
-4.344243080045128158e-01,-1.023953645968930098e-02
-3.890896655402952264e-01,1.870642216000871537e-03
-1.189896105323306474e-01,-3.072787864078248554e-01
-4.452984251869623322e-01,2.456779021795414408e-01
-2.103163642748962781e-01,-6.376679841092065815e-02
-1.032592361958098115e+00,-1.414134092078498384e-01
-1.130501393317673520e+00,-7.993419881947139150e-02
3.116042870957305005e-02,1.629332870869375227e-01
6.596197621263240052e-01,1.642341781828011299e-02
-1.078617359876754556e-02,-1.251041635330889072e-03
-1.013139206437854156e+00,1.606099046829587706e-01
-6.039743199734026735e-01,2.209172374786143589e-01
-8.288206468763090196e-02,3.075502934410307976e-01
7.790359975995549136e-02,-3.637006841970912285e-01
-7.724972829355272741e-02,-1.951706486953440345e-02
-1.212034737516568157e-02,2.026972535654364138e-01
-6.347531075147676283e-02,1.844509967992029320e-01
-1.023633016751979374e+00,2.208738132379330088e-01
-9.789271385806689318e-01,4.718565508886172349e-02
1.814324405167006271e-01,1.675839642026515641e-01
-1.183220861075756414e+00,8.774385475895338238e-02
-7.895752000542068938e-01,1.485123401073565885e-01
-9.837543938261514853e-01,1.023427267629353626e-01
-1.024487114691825518e+00,6.276557182757001863e-02
-7.435237586587976066e-01,-5.602797495618606904e-02
-9.320033561657641297e-01,1.379693735318844594e-01
-1.163298911716881712e+00,9.962401727625193326e-02
-2.338754562200732190e-01,1.730676367213324351e-01
-1.324362310559959732e-01,1.500513320257278738e-01
3.595717626952768531e-01,-1.394732134229618448e-01
-1.891498064269244161e-01,2.758404436164995643e-01
-1.178721274373187855e+00,-1.982440394029170438e-01
-9.222001483605060113e-01,-1.570422417083076061e-01
-9.321675307910145536e-01,-1.778230356007904633e-01
-1.043399059773707727e+00,-1.629095945737689399e-02
-1.137074535426362054e+00,1.884892492795762764e-01
9.869162317685269137e-02,-1.768036565253437720e-01
-1.134210156568323941e-01,-2.782845019138645987e-02
1.933104489370515433e-01,1.016067259534754463e-01
3.890140618336805911e-01,1.586472803770585527e-01
-1.248638402699865146e+00,-2.378350836639083754e-01
3.379969195099955664e-02,1.444261506415064067e-01
-4.982815364702275485e-01,2.133406637013733620e-02
-2.924704767745042178e-01,2.340363097448395768e-01
-7.625757813544760400e-02,1.715424471987646582e-01
-1.540066074413816155e-01,-7.541673319778162410e-02
-1.113259742150027654e+00,-2.144146837023504504e-01
-1.565043753134280347e-01,-1.870089186242588075e-01
-1.038089864492912850e+00,-3.392454210101884526e-01
-6.462086963652299287e-01,-2.698204904194612119e-01
4.506497949572036976e-01,-2.599701840179841072e-01
-8.980284302662280838e-02,-1.995146372170793041e-03
-1.542629965375268142e-01,-2.057428718047716321e-01
-6.233399066930840338e-01,-2.278256645576906825e-01
-1.185786914409826087e+00,4.103168537799040116e-02
-2.268296486123176359e-01,-8.161662769209064583e-02
-1.259912629607982115e+00,-1.389042965086718928e-01
-7.177537802773552578e-01,2.940834112116534893e-01
-8.735234387925909505e-02,1.346191195529755913e-01
-7.365529326068367966e-02,2.439164800961717006e-02
-3.853159161362936236e-01,-1.879261224183306073e-02
1.369991940873756253e-01,-9.028270969867065177e-02
-8.202155554774126500e-01,3.358605708616977936e-01
-8.995605684966143656e-01,-3.192581641185180952e-01
4.757136916352899814e-01,5.126385987562152025e-01
-1.118929737214921172e+00,-6.812168760856586458e-02
-2.806350190290741176e-01,-3.197935686644800546e-01
-1.448198774818691081e+00,-2.853447270021050586e-01
1.955323845614642675e-01,-9.311127041650670011e-02
-1.168522302464185314e+00,-3.360792965594139869e-01
-7.407081560590291769e-01,2.268614067460349160e-01
-1.342300449600005940e+00,-8.735830827410524801e-02
-3.438185784028502390e-02,-1.074338808769041420e-01
1.114807622381554647e-01,2.072224505321485777e-01
-7.819343649020549236e-02,1.904933783291996585e-01
6.496389323156030737e-02,4.291457880229778143e-01
-8.650770832756046747e-02,-6.635202917591040417e-02
-1.222312901773964094e-01,1.096781365868374804e-02
-1.167001935110821620e+00,4.246101652480850364e-01
-3.134229366629683877e-01,6.318200530669654258e-01
-8.441593195103225256e-01,-1.331180227263754901e-01
-1.838933536649144662e-01,-2.999621624647039186e-02
-1.212441891455983800e+00,-2.595289885547938380e-01
-2.614599833932220174e-01,-1.103290945067592899e-01
-1.158334277645447941e+00,2.467021809356722412e-02
3.780238454213309951e-01,1.215611928852284584e-01
2.051472973842846936e-01,-1.774540332724917624e-01
4.537444291216122805e-01,4.168378095677918727e-02
-1.289654077287714307e+00,3.857750186629331224e-01
-1.298033028217795648e+00,8.532468074307875128e-02
-6.568263018461752978e-01,1.116363773495710476e-01
-1.149737710888935061e+00,-1.553077059975468688e-01
-9.370910219485277803e-01,-2.214002972658369109e-02
-5.350979245627981440e-01,1.496680372115253010e-01
-2.898622389268466493e-01,5.227222142163732987e-02
6.624593557627822538e-02,5.472785632099785164e-02
-1.010637274799161961e-01,-2.436190089827037220e-01
6.458968469478956753e-02,3.990728989539439331e-01
-8.597858511209249821e-01,1.043184608463470775e-01
-7.792113223351899709e-01,-1.761658187407161569e-01
-9.327733327011914488e-01,-1.658013290152468844e-01
1.476717797014141242e-01,-3.321594913702310414e-01
-7.348884911370965334e-01,-1.905607940554102653e-01
1.323331346456153856e-01,-2.536460726613759542e-01
-7.869926126426851631e-01,-2.305308364084047990e-01
6.576704729186304277e-02,-3.047629227582835942e-01
3.579722882167602482e-01,-4.416770395997483001e-01
-1.687979816875861960e-01,2.324833004697412775e-01
-8.264942562251965663e-01,2.205188686345701740e-02
-1.143452632000005131e+00,7.871968631528116767e-01
-7.818340376171877271e-01,1.928937571019897958e-04
1.949279515265270324e-01,2.860225038634933714e-01
-1.317340679894961397e+00,-1.158099118409420258e-01
-7.007351944689311773e-01,1.013466293086464215e-01
2.668345915756729636e-01,3.781037729382077245e-02
-6.995328221143076730e-01,-2.443819421675310355e-01
-9.053796085107124192e-01,1.347904458462314825e-01
-1.434210536188113005e-01,-2.294846472285460848e-01
2.998247543790930614e-01,-3.312090746641669914e-01
-1.068658899738551327e+00,5.445981148989056941e-02
-8.901542963055010249e-01,-8.067850664050298104e-02
1.508627835035732945e-01,2.888031873489612517e-02
-8.301498244015658168e-01,-1.662497265498333598e-01
5.866121955613969735e-02,-3.676901003772815868e-02
1.340359693752491144e-01,1.991797436122679232e-01
-6.197124645606981105e-03,-5.097873558358941709e-02
1.570577226524450809e-01,8.051469706455617603e-02
-1.243016597479866370e+00,3.892571685408243165e-01
-3.957191648601030703e-02,-1.132233364457671670e-01
-1.320449509268179611e+00,-1.383206542416159368e-01
-6.116600246942663355e-02,-1.674790981751210495e-01
4.107942764388252538e-02,-4.262681584642866173e-02
5.348235369769225450e-02,5.739932654459213579e-02
-1.358727568739071634e+00,1.712433202431012658e-01
-2.139483756170675599e-01,-2.024341398797460945e-01
-9.500656624113272830e-01,-2.853084466053459334e-01
-3.266834864330847576e-02,-1.205307095646196008e-01
-7.676591711717749567e-01,-1.141377990993385216e-01
-1.178994508684800380e+00,-5.195273596228624502e-01
-1.172320894838173144e+00,-3.123122345304770731e-01
-1.389677576873011855e+00,9.795725798561764897e-02
-8.982107672034065349e-01,-1.439584925764401946e-01
2.088335457932988526e-01,-1.232036720296213238e-03
-8.366666662595041437e-01,-1.835347471760152283e-01
-1.941045040150131684e-01,1.858182832993965639e-01
-1.017502231130218870e+00,1.564268925300371926e-01
-1.198499293313163155e-01,7.176478315501223261e-03
-1.096696563213231501e+00,3.247730780899959480e-01
-2.561005816836383134e-03,1.845077780868950024e-01
-1.306491086477517438e+00,1.932350136114290018e-01
1.444708301968195552e-01,1.225627560959249435e-01
-1.704477866729306457e-01,2.775400590778848153e-01
-9.029932456146110287e-01,3.983673049849587033e-02
-1.125567891109577889e+00,2.722036901873154391e-01
-1.811710639925999955e-01,-1.670583495566835830e-01
2.235162993936382902e-01,1.885841277508197023e-01
-3.565026891968241241e-02,2.112316521161117233e-01
2.368217000425052454e-01,-6.179334096300014290e-01
-1.101103089767163201e+00,-7.646088365336504988e-02
2.161366331997582879e-01,1.070603206987238293e-01
-9.896684060779702419e-01,8.271445263655033409e-02
-7.002044246292579155e-01,-3.503388733746957973e-02
5.854745197696163694e-02,-8.204214709565700592e-02
-9.034853242737744816e-01,4.508924541371346628e-02
6.379000685745944699e-02,-2.994551877437747756e-01
-3.135710086913690540e-03,1.562286753037572529e-01
-1.216437280316862601e+00,-1.456980775010401352e-01
-7.212425612939621367e-01,-2.868458976424889673e-01
1.406311869029706618e-01,-2.010065566509243451e-01
-3.727586576674504770e-01,2.032276996674779179e-01
-1.162952759884645498e-01,1.566709338920188044e-01
-2.152361706992880763e-01,9.787844208935832235e-02
-3.871633987208206867e-02,3.836801632810074580e-01
-1.048139380938241993e+00,3.058654898391333643e-01
-1.262116964886752735e+00,-4.649777181845950180e-02
-1.043612194463120479e+00,3.823222352513669375e-01
-9.865754820982171047e-01,7.592814657172737569e-02
-1.021109285511363485e+00,-3.525017172050649156e-02
-1.179046269467921348e+00,-5.939327949382585542e-02
-7.330364281352793610e-01,-2.253517646541068967e-03
5.894554085974641235e-03,-3.621590778989382531e-01
-1.347558315929628936e+00,5.371054110886557854e-03
-1.169577200579929199e+00,2.472401493879916243e-02
-1.256424861521309166e-01,1.981503850055023885e-01
1.052342455759021772e-01,2.855031212163225418e-01
-1.124625725595046033e+00,-2.899848873582941966e-01
-4.574831264591663199e-02,-3.122811961450107088e-01
1.105526007028038160e-01,-1.345678238539089189e-01
-1.090828520219960351e+00,7.664817653942246345e-02
-1.099879143642749912e-01,3.886610837740649416e-01
-4.863161242280960445e-02,-2.127641808385796196e-01
-1.045652903630342800e+00,-1.724909054895915062e-01
-1.434897833487153607e+00,2.421335049176340584e-02
-1.143486561266694457e+00,-1.068750799168594889e-01
-1.157234132156889750e+00,-1.850212438801838444e-01
-1.032421573595627029e+00,-1.113328762814037171e-01
1.244475123785509091e-01,-3.963859516209293499e-02
-1.873161891178223015e-01,3.537144556867887757e-01
-3.176568910150370101e-02,-1.453435605565491506e-01
-6.343055037244613725e-01,6.364715605595985259e-01
3.730872872904073684e-02,-1.198753334497761058e-02
-7.173538871260524141e-01,5.936909236655353583e-02
-3.989181982007947852e-02,5.245704524199003294e-02
1.905699909736740527e-01,4.432069278530595957e-01
-1.535311143795169697e-01,-9.020264450768571141e-02
-1.006001955281421001e+00,-5.701745366207691679e-02
-9.659267208358646162e-01,1.121546735930762373e-01
9.052132216114593122e-02,6.442097025474929906e-02
-1.706951786114062897e-01,-4.156447321346881663e-01
-1.125752987091749979e+00,3.327379422521011265e-01
-9.802438111640046081e-01,2.953589360340103109e-01
-1.180021972186471313e+00,-1.207938640682568315e-01
-2.531042085210568615e-01,-1.110922019105850256e-01
-1.464076114130598016e+00,1.279808236017390410e-01
-4.195089340233071340e-02,2.969995320389506310e-01
2.312987619874133927e-01,1.033416466026861325e-01
-1.243829209867141294e+00,7.709955605684983004e-02
-7.696813458841561539e-01,8.506495335461590479e-02
2.540513317128329993e-02,1.995138299269283988e-01
-1.612952753363635860e+00,-2.286435833890881619e-01
-5.096885502668088361e-03,2.544540189924761053e-01
-8.968098256907498789e-02,-1.240517204484675728e-01
-1.034896461934239120e+00,-2.271834652872461169e-01
-2.119565815665579445e-01,-2.982324184693589397e-01
-6.602917361931570639e-01,3.969879054749072544e-01
-1.773097715654957940e-01,-1.791541159882913473e-02
-1.235313058269125186e-01,-1.954621392938299673e-01
-2.308730288060399094e-01,6.063219645426924653e-02
-1.273808730337617101e+00,3.414263992864854935e-01
-5.584553569205308321e-01,2.421022189004384262e-01
-6.979584813499146723e-01,1.782823790990321899e-01
2.119010104992202492e-01,7.618437330156439813e-02
-9.259838102022213135e-01,-3.055948711203784196e-01
-3.311947278125353025e-03,1.279949232518975410e-01
8.204387102734046755e-02,-4.024692392745771730e-01
2.042227096521543328e-01,-1.845317066254155147e-01
-7.042492101000824567e-01,2.355547718123759127e-01
2.941893197883675981e-01,4.501300179030146009e-02
2.195288395584996666e-01,-7.904491131064701748e-02
-9.624976031993353054e-01,1.624395114705338636e-02
3.670489027263371118e-01,-2.958128345112277513e-01
2.039642074682951889e-01,1.234952271427915832e-02
2.778995792200504300e-01,4.042362984944458115e-01
-1.204113686669830985e+00,3.822911336401803584e-01
1.996502217972312143e-01,4.026453190090626411e-01
-1.654515802302876371e-01,-2.140051084132270909e-01
-8.155849723009769292e-01,5.098232572791543127e-02
-3.512301916290498927e-01,1.734929849045993566e-01
-1.063578968241948974e+00,-2.650877571023911930e-02
4.999156575614076281e-02,4.224015823039407591e-01
3.562269613653245431e-02,2.158848738163394176e-01
-4.287443341654974260e-02,1.323288509016292414e-01
-1.365433830055186037e+00,-1.362852035069293533e-01
2.964154474609800305e-01,-1.461031771261480164e-02
-4.935743298171427762e-01,-4.370300837968897623e-02
2.301565167079946128e-01,-3.693919562972524107e-01
2.566583016209698642e-01,-2.213414154028266190e-02
-9.813323914211903309e-01,-2.060024498045339991e-01
1.901607182231268567e-02,8.271003034888453967e-03
-6.946318503349890872e-02,1.252444310205084177e-01
3.316216929493572829e-01,-3.666629514601196793e-01
-1.054028598786470594e+00,-1.056952334356585782e-01
1.592069182473342392e-01,-1.217338757957809880e-01
1.937693575983102934e-01,1.184830304732615996e-01
-7.255708595019340068e-01,9.384853697032972952e-02
-8.126802760383299296e-01,-6.082279792450179245e-02
-1.059565247474413940e+00,-1.166449386567814939e-01
-1.319106850775555007e+00,4.873680400478214159e-02
-1.106029752368725694e+00,5.794560026628097632e-02
-2.070051030717013352e-01,-1.678914760999127009e-01
-1.074783247207352632e+00,1.049374735246974694e-01
-9.171779748238849672e-01,-7.735365712039579678e-02
-4.196444465160298898e-01,1.455035956189934532e-01
-1.273865390847208845e+00,-5.393316870322047152e-02
-1.245711639284720951e+00,-8.429049039583703939e-02
-9.904529774802434128e-01,-4.105286060594767750e-01
-1.024483664589506793e+00,3.797008679523556918e-01
-6.329830370051783284e-01,-2.237192544237334435e-01
-9.395439718044366895e-02,-1.778276391004664225e-01
-9.191487688970999548e-01,2.977068061374055219e-01
-4.300765563553909931e-01,-2.071504408522171770e-01
-7.606013244840750254e-01,-2.466189802617199944e-01
2.095889434645361801e-02,3.115440670950825885e-01
-9.892827403021744459e-01,6.668792009369578500e-02
-1.506932148726604304e+00,-3.149049524416837054e-01
-1.225414437987238703e+00,1.838406060073783169e-02
1.946453450492798831e-01,2.593186984589621047e-01
-1.529577038090979002e+00,-5.704815618600304200e-02
3.085248656270053388e-02,-9.844464366706738578e-03
3.915655760990571221e-01,9.758329670232987474e-02
-8.094973870597537147e-01,-2.189010704129265017e-01
2.121314399035156492e-02,2.310826830628144868e-01
-1.021260261898755184e+00,1.446099718370802700e-01
-7.824601670589916846e-01,1.830047743347022748e-01
-9.455202352781126585e-02,-5.043063644777817656e-01
-9.648827464239176921e-01,2.058092382856042124e-01
-8.037130146730702140e-01,-2.018410610681453110e-01
-3.423421584387313643e-02,7.043797664377250689e-02
-1.139792396199149627e+00,2.459165052410385577e-01
2.337986260015666173e-01,6.190328364844452924e-01
-8.602503414038007445e-01,1.327041343572566735e-02
-8.643039903519569300e-01,3.298874276962399654e-01
-2.410068824289773592e-01,1.909672636697932191e-01
3.413507921746436469e-01,-1.386597397200937665e-01
-2.062499416744712488e-01,9.406015896779768015e-02
-7.875553507137693643e-01,-2.360695762207481452e-01
-1.225736766847485892e+00,-1.548207951589653519e-01
-1.010337878541224393e-01,-3.918655138611261690e-01
-8.983239445827121417e-01,2.169840041749893436e-02
-3.559146560633129619e-01,-1.776718230491018402e-01
-1.077234394277892804e+00,-4.164175180959658884e-01
8.314278990059445484e-02,-1.287327925338088708e-01
-3.458589798120021569e-02,-6.811342290745987793e-02
-2.094508257953059394e-01,-1.071523093502660950e-01
4.395102539091884364e-02,-1.970659227840595388e-03
-8.528671021784242634e-02,1.938952414608524355e-01
-6.131998886016658545e-01,-1.442168553642634264e-02
-5.576879613713042749e-02,3.610496629858457318e-01
-5.636200394710311201e-02,2.827248221191642763e-01
-8.152424090861601913e-01,1.960469177837801946e-01
-9.009274182801538799e-01,1.250290932126790211e-01
-8.686788909702103378e-01,3.509123081446271497e-01
5.549247901724155829e-01,-6.037042677816568947e-02
-1.119254643742634281e+00,7.138981818177325689e-02
-9.635260363204850576e-01,-1.595958374681757108e-01
-8.463202611923762442e-01,4.357204216831650490e-02
-7.246794560775180472e-01,-5.564508776631484771e-02
-2.635052573277852916e-01,-3.636114668540944561e-01
1.880585723203082038e-02,-2.893835757032958700e-01
2.512854214829478572e-01,4.660635048272241954e-01
-7.893626558459891918e-01,-1.591725202305216136e-01
-1.245814765868285878e+00,2.179606126467687477e-01
-9.937179168424671305e-01,-6.811764513911609809e-02
-1.150441349441367889e+00,4.913970271364653808e-02
-1.024641810521607521e+00,2.535043375219003803e-01
-9.811571943017880493e-01,-2.387178914407444841e-01
2.777053332971609299e-03,2.439287604983459562e-02
-1.130942852278463029e+00,7.796979762103942169e-02
-1.329426756789530151e-01,1.443651174994088626e-02
1.780849167935842081e-01,-7.152113687167284406e-02
-4.903375974006009969e-02,-5.033345815522172889e-02
-8.381244418152493658e-01,-1.129270975810624522e-01
-9.425238625965282058e-01,-3.655521259309675863e-01
2.487726547956705531e-02,2.175470791292124714e-02
-3.014569581640057505e-01,-5.410626229768406015e-01
-7.905016559697169987e-01,6.909359084031986564e-02
-1.014748918935273858e+00,2.175024658146653966e-01
5.052356810860825220e-02,2.620667357427700628e-01
-3.093642828989391913e-01,-3.144602911320033556e-01
-1.055173575035013300e+00,-3.592619153749464500e-01
-1.137709891855892108e+00,2.135588803308992867e-01
-1.381783393763019729e+00,2.370748997634617439e-01
-1.070369691188477690e+00,-2.529658521722472075e-01
-3.009971938108104150e-01,-3.510338456315243438e-01
2.003512827625537063e-01,1.119713172453963429e-01
-7.666549573165604148e-01,-1.066392156358205862e-01
2.583638304527211341e-02,1.393221660414588614e-01
1.503460916178147588e-01,3.217471974204363927e-02
-1.028383267206909979e+00,3.998301265881144817e-02
-1.056013152411014122e+00,6.240806827175672256e-01
-1.629447809866216568e-01,6.198249311049142118e-02
-9.778487745644129925e-01,-8.617981020958220828e-02
-8.635453321336057364e-01,-2.496326973969600384e-03
7.056606176636485983e-02,-3.186817071885910124e-01
2.618727120188337615e-02,-1.591918604951465255e-01
1.849108646427376212e-02,9.362659311964092318e-03
-1.069881170893587141e+00,1.499828751707485142e-01
-9.179166507968268274e-01,-2.116970034857348637e-01
4.512374017073433191e-02,4.290094807035442770e-01
-7.167336662916071188e-02,8.920035049035147934e-02
-8.403766206900107338e-01,-3.259191967028064463e-01
5.887437689742662794e-01,-2.899553551393097700e-02
-1.227889854348621190e+00,3.195398607597231544e-03
-8.057837479792879787e-01,2.510022936632651941e-02
-2.656025641202497400e-01,-6.222432250294143707e-02
-1.369966613761298468e+00,3.003655604201865142e-02
-6.113346696644157419e-01,-3.550725224089863463e-01
-1.825846679097230599e-02,1.724118043405482026e-01
-2.527722113711775020e-01,-2.269395495189930057e-01
-2.024120106374591860e-02,-2.475726149675903931e-02
-2.977957559098731721e-02,-5.402450380898878024e-02
-8.906190452979076966e-01,1.418307283425760366e-02
-2.336619219110805667e-01,-3.429591666925828064e-01
-1.081456579182117572e+00,2.753517161199667829e-01
5.241917204468277830e-02,6.316220323475717213e-02
-1.282321237700087657e+00,-1.877847020383980048e-01
9.191323062764257534e-02,-3.064729177369328594e-01
2.083701423897728333e-02,-7.774249176238005876e-02
-3.217746161168424154e-03,-1.818265693976527098e-01
-5.246895901509481680e-02,8.209902271460053913e-02
-7.451152592929013441e-01,1.628904143273733895e-01
2.183018951759348736e-01,-1.318743212588185387e-01
-9.412792495298117901e-01,-5.633367181592243561e-02
-1.372162529544524723e-01,-6.657494920662503091e-02
2.774065698568854987e-01,-3.799412893357805854e-01
-1.129091463158371944e+00,2.591841003230684753e-02
-7.801613731052975398e-02,3.420501144348310485e-02
-9.813051559797069112e-01,-1.265342818278620933e-02
-9.549371356925675514e-01,2.277042929001131810e-01
7.486031979732507557e-02,7.301709507195480731e-02
-9.759149909702279357e-01,1.921602871187362283e-01
-1.305144424663668090e+00,1.903447444190510540e-01
-8.733910185697533191e-01,-8.704667179428021706e-02
-1.335632194748409551e+00,1.546217294952129673e-01
-6.151543850257663593e-01,2.111157301739657877e-01
1.046897106384758330e-01,-3.503606484462677417e-01
-1.309660410969091249e+00,3.391115327927863438e-02
-1.401929170637900290e-01,-1.346643972319049032e-01
-2.942551467401618437e-01,2.011605897200047233e-01
-1.022816922737664891e+00,1.685676026234170510e-01
-2.027516940050779273e-02,-1.364816555453468305e-01
-8.556454954881829167e-01,3.885991238859701213e-01
6.744328233186951127e-02,-2.850185358225441612e-01
-1.239789397699817552e+00,-2.249567953098199069e-01
2.603214254304273556e-01,-3.892145640147996050e-02
-8.453567004046153022e-02,3.266164174059534714e-02
-3.355735606685532058e-01,1.665413558420485510e-02
-2.150107504460356533e-01,5.641546364136840186e-02
-1.288543098583023738e+00,3.611946508057425897e-02
-8.836740246311657332e-01,1.245261026820541350e-01
-1.242686899114038512e+00,8.035840891318726809e-02
-5.539605190583404143e-02,2.026927848324253378e-01
-3.950186533085048995e-02,3.777406790962371808e-02
-9.941926477481181079e-01,2.543550499954645439e-01
-7.559266943422091600e-01,8.751265601605751066e-02
-1.046726930257540378e+00,-9.377186468610435033e-02
-1.096783373094383229e+00,-7.136394854138222721e-02
-1.051071842444928572e+00,2.459723371189936197e-02
3.618096809896829691e-01,3.194196655899794179e-01
-7.472208476622115292e-01,1.907351038822786005e-01
3.841877618353676804e-01,-2.978759136531825003e-01
-1.978102494796913358e-01,3.160171604587390104e-01
9.961874020940829355e-02,-2.172669220155303282e-01
1.624004484970933693e-01,-2.879859259429579099e-01
8.018109247848986820e-02,1.098925802307402222e-01
-2.971636383461474518e-01,2.406710344700443982e-01
-1.068836239036110802e+00,-4.571221200900144610e-01
7.401178912097948481e-02,1.441041793152664785e-01
-2.855936452453969876e-01,-1.217314385152604150e-01
1.307750841054408988e-02,2.489846955369017650e-02
-1.073147496019384306e+00,-2.339630312636864218e-01
-1.222774374893182303e+00,4.646925910146405547e-01
1.249663731573366354e-01,4.358516749920131050e-01
-8.668992312812000278e-02,2.110935698397264360e-01
-8.021408175840508137e-02,4.333500284130765157e-01
-2.447088538456426016e-02,3.021219085994232903e-02
2.378219558670562894e-01,1.843938678437855305e-01
8.782670517190020731e-02,-3.571138284548754094e-02
-9.912857605263453165e-01,6.394564469820969155e-01
-1.261321048099921072e+00,3.445725008153819463e-02
-1.082639541998407395e+00,2.058797511284474469e-01
-1.273713254186069621e+00,1.621521681447641028e-01
-8.921830450922538791e-01,-9.269665013212388671e-02
6.762379079334136789e-02,-1.107379806622916796e-01
1.722415130721717536e-01,-2.469102072881440013e-01
7.050757343766284047e-02,1.815316401392619294e-01
-2.270816969788204964e-01,7.625605317555769758e-02
-8.803353234636361879e-01,2.901555290758087158e-01
-1.328136034777366081e+00,-8.590466846987878866e-03
2.295927940604566564e-01,1.669346194697677865e-01
-1.162026584220059888e+00,2.390475296706889019e-01
-7.215648168571284771e-01,2.735339359970868633e-01
-6.902731891431852507e-01,1.340032506559745151e-01
-1.175261959656704436e+00,2.646248492723591791e-02
1.440231121194824604e-01,7.384157810123305465e-02
2.846522433976070299e-01,8.335852592560132404e-03
3.178863366748341801e-01,2.557349557127384237e-02
1.127954009304468902e-01,1.975098620390550452e-01
-3.367169496219037939e-01,-5.091106699978652228e-02
7.542169203447278425e-02,4.120335079598340666e-01
-1.274641638594448123e+00,-5.785079085480879235e-02
-1.559957846356994741e-02,2.493236317665874502e-01
-7.664752808680860285e-01,6.846521149732943956e-02
-6.203092645684796930e-02,-4.125655078260076145e-03
-5.974848289495856557e-01,1.477755259142370936e-01
-3.994444328895088714e-01,-2.425738139039068219e-03
-7.566604429965202439e-01,-2.386774728167685364e-02
7.421827756556094446e-02,2.303302564681061204e-01
-2.200298776187333272e-01,8.299403060702904844e-02
-6.273792831177422702e-01,-7.209089953109432125e-01
3.550334192804998623e-01,-4.173268361037461155e-02
-9.420816348951852603e-01,1.063933564105432328e-01
-9.509537945106707468e-01,1.200201727330004464e-01
-4.620447573886830028e-01,-2.627117222569562704e-01
-6.221631871549244686e-01,2.681256172397578630e-01
-9.427390545216053352e-01,-1.531328927409765506e-01
-7.240960572723955657e-01,-1.752959880944482407e-01
-1.308688207205003895e+00,-3.143352577575106443e-01
6.175357352085968088e-02,3.998650395274131603e-02
-4.251163601590353114e-01,1.817672096874298759e-01
-1.297987537024866689e-01,4.521075952550916884e-03
2.542755470765373782e-01,-1.294105722622231336e-01
2.108797711097323280e-01,2.725742164617234176e-01
-1.249153039892335837e+00,-3.524138900430892063e-01
2.240868934980749794e-01,-1.927738749249528413e-02
-7.461607826006204647e-01,-4.993646950324884953e-02
-1.728048451066531710e-01,1.047231791321020095e-01
-1.098845320970259110e+00,-4.275314499282434899e-01
-1.065842616276555965e+00,-2.338959420150248103e-01
-1.100409647437933902e+00,-1.789552868469939106e-01
3.478750620671528515e-01,1.033978612528148669e-02
-2.522862286169612611e-01,9.163638576293958726e-02
-9.776538859483454580e-01,6.686000661387692112e-02
4.730224422586699895e-02,-1.598995404987878233e-01
4.459902035011326094e-02,5.214359078693107247e-02
-8.425000652433953796e-01,1.475755798582156775e-01
-4.949988298906702472e-02,-2.214522766151131861e-01
3.231845463840446464e-01,-5.154216745924048576e-02
-7.321758689853063995e-01,3.816422250647624193e-01
1.979400040976510983e-02,-6.459734810519976445e-02
-8.919973658485874646e-01,-1.449424101263623033e-01
-7.360920038130926990e-01,-7.299683238419793496e-02
-4.245622346730709151e-01,6.375345424131723115e-02
-1.907511106102093359e-02,-9.179733244824993255e-02
3.332002956571840091e-01,-7.247685533694588067e-02
-1.436458829358234768e+00,-1.841511112577215795e-02
-1.305090933907948614e+00,9.335288578250119929e-02
-6.176330640005078809e-02,1.069906440718445262e-01
-1.711977132071043517e+00,3.137629174220446515e-01
-6.645402608504120678e-01,-3.602644965554389067e-01
-1.548691301330318848e-01,-5.656895164951983301e-02
-7.611908965220639534e-01,1.125277350002830690e-01
-2.293680735859916081e-02,1.485504367841180007e-01
9.095459940610078897e-02,4.702668867735478875e-01
-1.070652222092664418e+00,-2.064466023893817004e-01
-1.207439334648139795e+00,-1.428412566204083911e-01
-1.081393662189931826e+00,-3.284333533164702779e-01
-4.370212300986827669e-01,-1.770372231948315056e-01
-1.026168311529476629e+00,-2.412639601721618676e-01
1.508115912137553971e-01,-3.919818705233564238e-01
-1.149893206509942534e+00,1.925412293240406636e-01
1.061796984404905428e-02,-1.657009421335171179e-02
-8.452999197423130551e-02,4.573740842694474229e-01
-1.001005328598927990e+00,-4.219509420869986815e-01
-1.150247729005148711e+00,1.471535715931866217e-01
-1.008319244093777434e-01,4.442291446190431703e-01
7.336908912826588247e-02,-9.475137701451899486e-02
-1.170877265079168505e-01,-1.697677933976178832e-01
-1.218562895410441327e-01,1.333030906548169914e-01
6.738032738069138494e-02,4.585569756546076063e-03
-2.392776734312409836e-01,1.764383065883021462e-01
2.444736311766992909e-01,5.539016511086730654e-01
-1.163270425547578091e+00,-4.537497925734816917e-01
-1.795550718056627970e-01,1.903346730122391084e-01
-5.416903302248681218e-01,-7.404277345953544365e-02
3.123319138652654314e-01,3.009889123628673585e-02
-2.898213859124194047e-01,2.952719469738173882e-02
-8.968856942267042776e-01,-1.002187459015719817e-01
-2.473176656928106065e-01,3.867560400725839065e-01
-9.374554682403932748e-01,-4.684471635609321200e-02
-1.057671560475217598e+00,-1.332943040574424420e-01
-1.183576123343239583e+00,-1.618395751060708598e-01
-1.080854590694870554e+00,-8.102073682422226975e-02
-1.070897122684333569e+00,1.118080740768715997e-01
1.569606956476806148e-01,-3.414326836480652272e-01
-7.831121077526467245e-01,9.724330568234587635e-02
1.050864686533513510e-02,-2.032053867953785564e-01
-2.528034354453800869e-01,-2.791324925455647143e-01
9.143383829856327472e-02,-9.727413342664444074e-02
-1.349226491658397142e+00,-1.305901050439641775e-01
1.761828299663852071e-01,-2.230301308924355908e-01
-1.254908013264790956e+00,5.569703150811538238e-03
-8.284333427919431392e-01,3.684699902102526736e-01
-6.299451642366706017e-02,2.729696420296249815e-01
-3.003382882311642771e-02,-2.157311932360067054e-03
2.378112015150289082e-01,3.237038025981018863e-01
-1.138086589983374308e+00,-1.160631076043381754e-01
-1.599967244778379427e-01,2.995756835019696696e-01
-8.689645235984568838e-01,5.264197419132589095e-01
-2.905861144643536176e-01,-1.523252468687126548e-01
-3.471569333973050786e-01,6.541374670411743975e-02
1.936665440029739227e-01,5.439249565580053791e-02
-6.548813972381510064e-03,-2.213008104940434595e-01
-1.142964462858468755e+00,8.226134317792657691e-02
-8.376195048691532641e-01,2.684429685088667861e-01
-9.494273097421868091e-01,-4.741582588889261540e-01
-1.047651742317028400e+00,-9.124531777253604148e-02
-1.144276393766656685e+00,-3.934758665934068866e-01
-9.823752763464435045e-01,4.800050398068195223e-02
-1.701266523213116888e-01,-3.738602053339108722e-02
3.324807455514169341e-01,-8.433524907599354581e-02
-9.529963177051452572e-01,-4.143503060271035987e-01
-9.700165844483190636e-01,4.674130278887811962e-01
-2.370252970481735444e-01,2.803944562482039160e-01
-1.266210828637517993e+00,2.129876733561792967e-01
-1.552185693012669288e-01,-5.957753031621040862e-02
3.042296924959993487e-01,-6.097613280049083567e-02
-1.455276773489486697e-01,1.166818897782740255e-01
-8.963091260255455772e-01,1.444360011936835220e-01
1.983335451515153836e-01,3.136663383625175935e-03
-1.119160569489217938e+00,-1.582763646816207070e-02
-1.035675677254322302e+00,1.778401366549205997e-01
-1.301659814576267449e+00,-2.640564139026838064e-01
-1.248649889988980632e+00,-1.911311528376798130e-01
-3.229035546152816405e-01,5.804630774673624760e-01
-1.094243296896159512e+00,-7.829003264585872313e-02
7.994498769839236685e-02,-1.877290774063600787e-01
-2.506994379502728298e-01,1.092199824544343029e-01
1.842000375052853245e-01,2.471963332056643370e-01
-1.167941931878380579e+00,1.175949561379387720e-01
-1.175279187265239944e+00,1.049993701559342046e-01
-3.267267792112020230e-01,2.818841703827144052e-01
-1.138983361490489177e+00,2.530323420632292764e-01
-8.027859789715560135e-01,2.344519528589585899e-01
-1.147159729506834758e+00,1.824659570837380562e-01
-1.159510352881936379e+00,-3.306550051820859037e-01
-1.168269883431870104e+00,-3.207571071114926897e-01
8.423506936966763947e-02,4.194993602379143982e-01
-7.648237534481376887e-01,-1.988700302884294779e-01
-8.373003320948420036e-01,-9.084656878292297899e-02
-1.111780110753780720e-01,1.291194923008741058e-01
1.152825593861536851e-01,4.919949149968854546e-02
1.107093758775609532e-01,1.063805691677814635e-01
-1.013479117896660897e+00,1.598467999852019039e-01
2.079600536026614543e-01,3.030486276099465526e-01
-8.544721994767057183e-01,-9.286777450448670257e-02
-5.119190140540302858e-01,-5.754732744316065629e-02
-1.330350330944918558e-01,-7.893785914965005188e-03
-2.669037510088694831e-01,-2.570691530164541660e-01
-8.833822578534009651e-01,-1.215047993522480607e-01
2.513170805286319975e-01,2.703381040165022120e-01
-9.972288288367112674e-01,4.190703590928772093e-01
-1.063793906343138529e+00,-4.647841742859352802e-03
-8.321486191439988467e-01,-1.232174709347306080e-01
-8.640222681633210611e-01,-4.307054665300464324e-01
-9.468876827812282571e-01,1.325292721794491813e-01
-7.835428381596131198e-01,2.630359146756001132e-01
-2.771793308145721006e-03,-1.120430239942290726e-02
-5.577229516596458048e-01,4.286150518198785786e-01
-1.280025492412364851e+00,-4.215765520475250328e-01
-9.846785744590758060e-01,2.367500925198529338e-01
2.464100474718468672e-02,5.438694822994614153e-01
-1.352064816886716647e+00,7.550999197576888089e-02
-6.085425991759185749e-01,-1.272836618418902999e-01
-1.167009408564178008e+00,2.680971281109974513e-01
-9.223457315966271386e-02,8.684298989656268064e-02
-8.725723382325017985e-01,1.070883995260808741e-01
-9.543847830016808365e-01,-1.332804298368588936e-01
2.898606657763790340e-01,-2.179995251213395491e-01
-5.682137214336381303e-01,1.738693797033781796e-01
3.537912357200066471e-01,-2.787363714209948884e-01
-9.109755875410510129e-01,2.755988932523860124e-01
-8.732059193591839019e-01,-1.874669498945839285e-01
-1.166747553446158214e+00,9.773748421539620035e-02
2.129207709916720870e-02,2.947953558865129553e-01
-4.507526809139200119e-01,-1.781863633549596038e-01
-1.012782697258656661e+00,6.914414740659098960e-03
-5.857362581170391103e-01,1.537051253830175879e-01
-2.697208561440801455e-01,-5.975396967266083381e-02
-5.232286359325906133e-01,-2.518885632060098925e-02
-1.461344894523608495e-02,3.219890100683990286e-01
3.512661352499018563e-01,-5.122042829975675948e-01
-8.970042433938821280e-02,-1.308274289598888029e-01
-9.322489303382539561e-01,9.076029504354615751e-02
-1.238551615210288892e+00,-6.627818706136785754e-02
1.529658280712244967e-01,-4.585483093680811639e-01
-1.216187044751297464e+00,-2.918086482995954078e-01
-8.900547030993788411e-01,4.081499492579154231e-01
-1.351005767392508439e+00,2.236335700962856776e-01
2.179113472745604352e-01,-2.466427776561055107e-01
-7.587626343228686121e-01,-2.043755193990949293e-01
1.410304304054172397e-01,7.680644858740343084e-02
1.537638306989326520e-01,-8.621351956927614246e-02
-3.042929213469359184e-01,3.814618407154056201e-01
2.950085331580479808e-01,-1.591043046740270306e-01
1.393566616131262752e-02,-5.545654263449377452e-02
-1.500090045651189252e-01,2.952635371155339361e-01
-1.313586817819205055e-01,-9.121935921592790042e-02
-1.258600956441467411e-01,2.665436889960576261e-01
1.015479489137227354e-01,3.185258712710335449e-01
-9.994380606651287469e-01,-5.868180958449926987e-02
-6.884032693954372784e-01,8.108179646454009848e-02
-1.868659744911259357e-01,-9.433631937138232948e-02
-7.723087219879422038e-01,2.790051956377387343e-01
-3.774438076440824342e-03,-5.047026916342434166e-01
-9.358068859055703737e-01,-1.342607561858459586e-01
1.034023880204681806e-01,-1.009387400723042727e-01
2.989296953756468422e-01,-1.608394126788247336e-01
-1.538905156310896416e+00,-2.025327349679597044e-01
2.119523626955489293e-01,-4.780433107246031404e-02
-7.430325681251765957e-01,-4.080851986571806256e-01
-9.143089722029774657e-01,-3.336842629203458088e-01
-1.050061783052530506e+00,-3.459563381110267871e-02
-3.332271317639523001e-01,-1.831735571153386144e-01
-6.395024348079079157e-01,-1.827798458899485279e-01
-8.161729259598997643e-01,1.327019097219323263e-01
-8.443823971539121676e-01,1.929563015039311713e-01
-1.053691967989887512e+00,-9.790570646073956662e-02
-1.904556346919658860e-01,-7.264705717215619307e-02
-1.376605480756060818e+00,-3.781832756565413622e-01
-1.060774237590446090e+00,-2.317165598542807181e-01
4.431765991364611801e-01,1.751678009822983939e-01
-1.324647065512292166e+00,-6.802058240770147979e-02
-7.989359499037778090e-01,1.022806894320224536e-01
-1.082643245218436912e+00,-1.067603497026049370e-01
-9.695628198299487410e-01,-6.026819708578723400e-02
-9.635219495610141127e-01,4.847656942371708633e-01
-3.741440617009959002e-01,-1.998301338344197486e-01
-6.692484735044743616e-01,9.079720057402258793e-02
-2.674473044412090106e-01,1.877144186211876786e-01
-4.223214849795685621e-01,-1.550379541750489532e-01
-7.035867548620534928e-02,1.662841389703848816e-01
-6.590872499654887307e-01,-2.810972142510714256e-01
-6.956453434484122234e-01,-3.266305342869694761e-01
-1.124423025120770081e+00,-8.263996048634772440e-02
9.570144015373979046e-03,-3.583264582541891285e-01
-1.215686176072810598e+00,-9.947113957992777256e-02
-2.560615748786492785e-01,2.195217122624945061e-01
-1.211173810426070752e+00,3.131182371622172611e-01
-1.019935505005808096e+00,2.124254631765655488e-01
6.811541144982907747e-02,1.011559464074791442e-01
2.128450002050916723e-01,-7.901462338392926110e-01
-1.150352947715820306e+00,-2.899896988267152143e-01
-1.328971330530645423e+00,-4.353754082058013397e-01
-1.115895550334933040e+00,-1.577399019700320704e-01
-1.179809350208396376e-02,5.741566124270303106e-02
-1.095984101054901516e-01,-1.945224978338625510e-01
-8.103448847579708403e-01,6.687091073615412939e-02
-1.261839461828060394e+00,1.246059396204124009e-01
7.326456327977118321e-02,1.772073100941185808e-01
-8.523881939926527540e-01,1.965568736853217160e-02
-8.663321849503180516e-01,-5.085490204471629534e-03
-8.305273704005548818e-02,-7.900586400539770862e-03
-1.374534720312128311e+00,1.442053491542678312e-01
-9.226673393827296010e-01,2.439222834744428012e-02
4.080831145105770497e-01,1.167675981750162101e-01
2.178013333600431478e-02,-3.338579340095453735e-02
-1.138216273973704507e-01,4.460238189750836968e-01
3.878588320530487656e-03,1.025159428076810042e-01
-8.496578754073592643e-01,8.008003541519587154e-02
8.076504470640313849e-02,-2.934891127541319200e-01
-4.566980659249893493e-01,1.264648070075330422e-01
-1.276496757004263495e-02,-1.274833768211901530e-01
-2.141182558501490002e-02,2.110511662167103009e-01
-8.931491839342114991e-01,-3.682133268338972920e-01
-1.164263431593796083e+00,-9.047123356132126841e-04
-2.880103927224710314e-01,2.236777591912607610e-01
-9.946789495023781180e-01,-9.797243460878431176e-02
-1.541603378946478031e+00,4.157626220028586284e-01
-9.061890010047125577e-01,-1.471093823513567600e-01
-8.391602202001814392e-01,-4.057876326554421542e-01
-2.599625918451440310e-01,-8.242554715275320770e-03
-8.638385536110328167e-03,4.172877432510552903e-02
-8.054499532821116081e-02,7.750518686677711211e-02
-2.228638767837081980e-01,9.607103976542127888e-02
2.233014262346908474e-01,4.716913598060628043e-01
5.136556958332530454e-02,2.087207298459123686e-02
-1.037253708858046908e+00,4.151099833391850291e-01
-3.298915774889142893e-01,3.114086510259207741e-02
-7.899737220306271013e-01,1.752545091545475719e-01
1.215196242892189193e-01,-1.491601995067009523e-01
-9.845982457188408032e-01,2.618131410580026297e-01
-1.415829030212684359e+00,-2.513453124467408539e-01
4.859914411719518795e-02,3.094831792169693840e-01
-9.386899480421294628e-01,-9.410392086180468423e-04
-9.713272469431250000e-01,-2.714678967784523583e-02
2.680515671330358507e-01,3.748599075102591049e-01
-9.567460122735634842e-01,1.709468956910084950e-02
-1.501930524980071846e-01,-1.575007972086061095e-02
3.857249707269249095e-01,-2.486339911415266085e-02
-3.435581168879637826e-01,1.977749760844659532e-01
-2.272440741969931899e-01,-7.866836134170951400e-02
-1.133706705480032717e+00,-2.556938381212623956e-01
-9.198583759223402101e-01,9.258660540840166209e-02
4.325130570737072966e-01,3.136593029581746239e-01
-5.610714427120035985e-01,-2.965581013740533067e-01
-9.330582123029076969e-02,-5.954958609591920471e-02
-1.404150067188843387e+00,2.695514131260572932e-01
-6.745248545883487656e-01,2.748918134476881908e-02
-1.210632433584053258e+00,1.254234858471835190e-01
-9.190590936577545111e-01,-1.113653336442022995e-01
-1.399674085806125845e+00,-3.905479827090121980e-01
9.289364742424369159e-02,2.388005648913385862e-02
-7.879607340095100554e-01,9.369379789194100250e-02
-9.870801561363002907e-01,1.612689194336664952e-02
-9.683199665168681358e-01,1.867857279984634356e-01
-9.017393506656669055e-01,8.597696961898833312e-02
-6.901316833812917162e-01,8.068631007374788000e-02
-5.212674972109501148e-01,-1.508363255090532373e-01
-1.066589331191453160e+00,3.655648093017818678e-01
-8.931276042314501007e-01,6.491806135919528375e-02
-1.135667113107651449e+00,-2.498934460671680124e-01
-1.002875961724488674e-01,-2.661152933529218820e-02
-8.223125861542581738e-01,1.192336306314343286e-01
-1.455912346039760052e+00,-5.105453960094417931e-02
-1.153657807250659140e+00,1.754837746054578318e-01
-1.138212678120181565e+00,9.518317688898596252e-03
-1.180407497672737893e+00,-3.116217791198387377e-01
4.837508543920608362e-01,2.467983118078148977e-02
-1.052128973706718096e+00,-1.907516257665266002e-01
1.196415901386593122e-01,-3.058334256318380809e-02
-1.906866059853745410e-01,4.157741123550121043e-01
-1.146778611898553901e+00,-3.218496330098176150e-01
-3.045825155049238786e-01,1.537938328893165008e-01
-9.519757138997327894e-01,-1.693446861372405188e-01
-2.303878232826399863e-01,6.327539098467899192e-02
-1.725756749447556609e-02,2.123144171474503628e-01
5.283882765912351065e-01,5.147456888940695613e-02
-8.979657998130526897e-01,-2.934521540931081529e-01
-1.056165759457684983e+00,1.068728247775193934e-03
-1.402703118275361316e+00,-3.153655476207383734e-01
-8.538080143142576794e-01,-1.277738149299237347e-01
-4.625250211259168687e-01,1.345092234283640775e-01
-9.754005578601366855e-01,6.076338088888307010e-02
-1.287803568881388250e+00,1.815837258193616632e-01
-4.444688068033512268e-02,1.751988005770450663e-01
-7.819599778646411092e-01,-1.046178259449128192e-02
-2.908162292457703302e-01,2.760243397859349357e-01
-7.833566765625110673e-02,-3.049393621000822674e-01
1.168770286082785465e-01,1.475922825254327997e-01
-1.244189891471645382e-01,-3.509208042277754958e-01
-6.666679781042176289e-01,-6.392856654369789837e-03
1.600546609447233148e-01,-4.769200877083433210e-01
-1.465097959139457541e-02,-1.288681207587744904e-01
1.044315564681309455e-01,1.893108531565780850e-01
-2.926389839633358192e-01,-2.496856012602482466e-01
-9.299323512023502936e-01,2.288131009490234347e-01
1.408945156467170112e-02,-5.822967713353831808e-03
-1.334398836327900462e+00,-1.251407864061919728e-01
-9.157737622289033874e-01,-6.260667140803441444e-02
-1.217835779189070156e+00,8.199666961819987443e-02
-8.605133744311515009e-01,2.258346080469557648e-01
-7.420950835568922432e-01,3.856735292668708737e-01
2.721995833428127454e-01,-2.683397811504401598e-01
-2.669158592970615751e-01,-2.234052792658525882e-02
-1.008670585819608778e+00,1.166989945770345871e-01
3.188586558190689701e-02,-1.537379341664329158e-01
-1.065095904596731424e+00,8.303279521190420898e-03
1.404126676333522228e-01,-3.691792387345074755e-01
-1.172096472871019701e+00,1.321235380102901528e-02
-1.829254765476132777e-02,1.050486643694580058e-01
-9.260983394146561354e-01,-2.030679311906750661e-01
-7.259113876194296378e-01,1.379189252595280357e-01
1.962632034339270859e-01,-2.647009497255522481e-01
2.293423617893376731e-01,9.439625668006046411e-03
-2.071673681198643244e-02,-1.264827427982372354e-01
-1.624226457669380341e+00,-1.564646701857502764e-01
-3.694583414748997541e-02,2.480236547191636831e-01
-8.751026207036841087e-02,-1.896400953618475049e-01
-2.433718286014667845e-02,-3.767746849539861664e-02
-1.117005709317025808e+00,6.463191712281492196e-02
-1.219634125732938390e+00,-1.738425502994598486e-03
-1.052359684524595718e+00,-2.638604591902355412e-01
-1.259239659652157339e+00,-2.249066034664650715e-01
3.479261052888031336e-01,5.520960941273689304e-02
-2.698859330511204080e-01,1.456891655037008682e-01
-1.097782052476874215e+00,4.710784232057550064e-02
-9.616416689917792193e-03,-1.304149028552408461e-02
-1.234434727534087922e-01,-1.419369174273603651e-01
-8.664521329823915430e-01,2.287389396990514578e-01
-2.111561176719343458e-01,-4.675503206561276021e-03
-8.021021126837325488e-01,-1.904032599459462224e-02
-6.586709843833520317e-01,6.999521706045565284e-02
-1.180767134127805040e-01,1.332679080178174602e-01
-4.635461622308566926e-02,-3.868822620485617425e-01
-2.927736094540672185e-01,2.005393728704336076e-01
-1.280706716456246452e+00,-1.301935488939894858e-01
-8.280450456134116344e-01,2.791943956170353253e-03
-9.611853550595786944e-01,2.882452122146250684e-01
5.810764733433638751e-01,9.935597183786788744e-02
-8.395740481583290338e-01,-3.171664836525617953e-02
-2.478726360489033886e-01,-1.431158993021227899e-01
-1.071868039688999685e+00,-1.004923099623505345e-01
-5.303232696186728212e-01,-8.186843502364439529e-02
1.725950057289455178e-02,-3.051515913303065597e-01
3.214286457896441962e-01,-2.365105519323947025e-01
-6.585591551496954021e-02,1.170584198958150718e-01
-2.791995750585599123e-01,1.345541342112172543e-02
3.030118047114008784e-01,4.692882368326667560e-03
-1.484296283450076970e-01,-2.549897351869545026e-01
-9.164695710942628581e-01,4.881543801556621071e-02
5.676910666172201719e-02,9.961674337550543989e-02
-1.405513136922073691e+00,-1.012795955907602741e-01
3.891510047518770971e-02,8.174442347030628706e-03
-7.766561745710046649e-01,-9.389116261540251781e-04
-9.571025994026582939e-02,-6.732509346801154870e-02
-9.680221096399461711e-01,9.549819453144840764e-02
-1.789597281116696026e-01,2.295775402248404207e-01
1.170486548116755898e-01,8.202079730741518304e-02
8.570138586662589750e-03,9.111459903551623329e-02
-8.944010204096126682e-01,-3.333993701236186991e-01
-1.172145299943005092e+00,4.680291017767995720e-02
-1.228750237866085504e+00,-8.922312901687540210e-02
-1.015057346380159098e+00,-8.027041418485471314e-02
-3.078591704514421767e-01,-5.085671300689494911e-01
-9.661238197220997082e-01,-9.570750702739708182e-02
-8.285354936869633313e-01,2.768999322941007035e-02
-8.578353830433999017e-01,2.193821105456148501e-01
7.078039572537153656e-02,2.510841189182215216e-01
1.781729493358903127e-01,-1.749992846157043258e-01
-8.609440091213665935e-01,-1.321961632196025360e-01
-9.093889142928097968e-02,1.091764947626882171e-01
-1.050702534913235509e+00,2.593228210881134976e-01
-8.738232685988894799e-01,2.633455137027962412e-01
-3.824189059269600399e-02,1.723766723385444233e-01
-1.089549510882370953e+00,2.147738841648242081e-01
-3.698729997336684949e-01,1.484519548526451460e-01
-5.365273838328027400e-01,3.241296921399671183e-01
-1.001786157154933798e+00,3.334600618487624374e-02
-1.060691578925158529e+00,2.431858514273600377e-02
-2.736208038869299419e-01,2.253522346390083864e-01
-2.753056189055951286e-01,3.613585162631391314e-03
-6.883627073078952829e-01,1.548255757385052882e-02
3.237992309105502398e-01,3.367414799742810549e-01
2.543273677610986550e-01,1.625486614095926208e-01
-2.855517585033092720e-01,2.768926407512052323e-01
-1.633918266280527942e-01,2.764483174699286505e-01
-1.059791114157576652e+00,2.244115300521083156e-01
1.233236577392139433e-01,1.360107410336264533e-01
-9.860515107571908855e-01,2.256386213331858792e-01
1.007603018481599277e-01,-4.676107433778508016e-01
1.010648956582033964e-01,-2.969965851409485380e-02
-6.795444711447262698e-01,7.599443213961662447e-02
3.194411720241156494e-01,3.871470814650744274e-01
-8.315712965072637186e-02,-1.207965304127375933e-01
-9.974298474496943179e-01,-2.594906007172963491e-01
-7.334701023055001379e-01,-2.687375551613875868e-01
-1.064951344323931126e+00,1.356706183506764807e-01
-5.889948414727752546e-01,2.107686223629674782e-01
-1.177616008767763844e+00,4.897538854791254059e-01
1.333909632801136835e-01,-2.888667345225928718e-01
-1.027999128482521562e-01,-2.167589259206187668e-01
-5.326760332747528803e-01,-1.976713242849663377e-01
1.765202875742790112e-01,-2.266608356535779190e-01
-8.120564774529835939e-01,3.425692057506414812e-01
-1.119661114475273278e-01,-2.681678519097078217e-01
3.894559280748781660e-01,-2.185925398515318474e-01
-1.187146997865378584e+00,3.488881010945069083e-01
-4.143298438189685906e-01,-3.116649682813250610e-01
-8.233733838590658050e-02,5.458360021785057387e-02
-4.350827578539491480e-02,1.532484100508590685e-01
-2.731035576335457127e-01,-2.290936899307670360e-02
2.438502797644737929e-01,-1.125010356632256681e-01
-1.075964296193162362e+00,-2.675208703185720238e-01
-1.740685644410402411e-01,-4.005002620861529694e-01
-4.485953238571258050e-01,3.186399170859913754e-01
-1.183759649378304690e+00,1.034150532800888062e-01
-1.910955512231874709e-01,-4.466535119063317488e-02
4.502817370921935458e-02,-1.226640287069842572e-02
-8.807416546625448373e-01,-2.283151972601154545e-01
6.068422452204803863e-02,-1.944469354986415321e-01
-1.584845791597511155e+00,1.655338130732901814e-01
-8.248443121139706902e-01,2.438576390292333806e-02
-1.021528890424358682e+00,-1.671645964858417543e-01
-1.099570917932457537e+00,-2.596370530318734549e-01
-9.108297621141620004e-01,-2.226994906642636440e-01
5.556493610080583956e-01,-9.444203014060137402e-02
-1.378304206772607843e-01,1.350166872134672957e-01
-5.839294525396265811e-02,-3.731968196303606655e-01
-9.679385279903033323e-01,-1.412239758454383043e-01
-1.041221974815433438e+00,5.470522219266976682e-01
-1.064757160445587020e-01,4.115097499668814857e-02
-8.325392767435716573e-03,1.343848603094181526e-01
-8.054236517525514838e-01,3.705074467470614863e-01
-9.451136165992707339e-01,2.236969533711660740e-01
-8.328867020104422370e-01,3.358982892433687306e-01
6.826105290903219935e-02,3.254231650479531002e-01
-5.885372990653592318e-01,2.443656437388123936e-01
1.350399199542537572e-02,-1.027442010536847861e-01
1.270039411681661012e-01,3.634477101746240169e-01
-3.381604651496311620e-02,-9.242109073919146933e-02
-1.221928095025670569e+00,1.403320717962532327e-01
-7.943674330403695250e-03,-2.314546024808561975e-01
-1.101022080994308761e+00,-2.426793884838453208e-02
-9.856067308199629728e-01,-3.746589184264524468e-03
1.212326439057531818e-01,-3.925909264305503521e-02
-7.980022421198654237e-02,2.209987846787025978e-02
-6.257833093579401318e-01,-9.855861902978195477e-02
1.180555312606134943e-01,-1.904660706800695713e-01
-3.333119870624957071e-01,-5.091748892095945833e-02
6.494795728436586479e-02,-1.305244589486542484e-01
-1.199679688858644289e+00,4.242214801630542209e-01
-9.823108365381910678e-01,2.743179510391174358e-01
3.672490941671566755e-01,4.590527580280530373e-02
-7.035733052192356674e-01,-2.607807449276485778e-01
-1.636372467825128796e+00,1.346558492100093096e-01
-3.825072736544853358e-01,-7.432901439340665328e-02
-8.585765069735913357e-01,-3.172594243262318314e-01
-5.567495978490191733e-02,5.660134388439337638e-02
-7.861548882658491166e-01,-8.613709901067961860e-02
-1.542927966249040342e-02,4.250995135850987316e-01
2.387920433022076849e-01,6.232696348026500743e-01
-1.134279867859345536e+00,-2.093398632551001781e-01
-8.332241232850351453e-01,-2.055913056459850174e-02
-5.932678349761260073e-01,3.203433840732657356e-01
2.155152945300984890e-01,1.980514310399530964e-02
4.148184646502281470e-02,-2.668200980644037656e-01
-5.545138232979503895e-02,1.254020371298786296e-01
1.915302005224901460e-01,3.097069884096340098e-01
4.434013448630672038e-02,-1.072060571233564852e-01
-3.472850646116641404e-01,3.263688404054709835e-01
-4.971857014664923247e-01,-9.539109898055610215e-02
-9.790447837298409117e-02,2.405438100380677749e-02
6.860560221462067010e-02,1.750792590586508213e-01
-9.996591636023123562e-02,4.454123400854310966e-02
1.903345745342661099e-01,3.158090337220608584e-02
-3.033125711424006221e-01,6.198874744623611432e-01
-7.306059031522438296e-01,1.300843671539122226e-01
-1.268225117711184957e+00,-3.086371689079928093e-01
-1.141106661146901180e+00,9.765147470034635235e-02
-3.280352485687664243e-01,4.878287479416739542e-02
2.653576650780406498e-01,2.164738697978525472e-01
-1.031632225159080152e+00,3.721777940070788437e-01
2.998008904290038190e-01,-2.853748129951671486e-01
-1.050175841562803969e+00,6.441162449254277389e-01
-2.812101196837959449e-01,9.348772672311246590e-02
-1.371028298557957825e+00,-1.731453495957344102e-01
-9.511975600476992032e-02,3.276069263243086560e-02
-1.143322779572136350e+00,-1.188694962551390955e-01
2.791039459841208013e-03,6.784564555767867711e-02
-7.996288523864900633e-01,2.634590538351433420e-01
-6.675073196949751764e-02,1.645701881632962160e-01
5.048519636502088459e-02,2.425535967007189653e-01
-1.448180364798791753e-01,-3.518174241198559482e-01
8.202695205459112349e-02,-2.432632682764018506e-01
-1.001751865838141242e+00,1.740867661676593348e-01
-7.329818000276244749e-01,-2.060919031725229889e-01
-7.232091614870199692e-01,-4.155727204538552932e-01
-1.108740057048426708e+00,7.070269641902642271e-04
-1.087818809434865974e+00,-1.787746697360702575e-01
-1.167497101004858928e+00,-2.403937258066844995e-01
1.416012295955087485e-01,-1.202681364083964671e-01
-1.119088978528793410e+00,-9.980763178175691697e-02
-8.253770592093561120e-01,9.722323746312118431e-02
-1.124064973661150768e+00,-1.077131534668708257e-01
-1.292353964651622000e+00,-3.215110035764057739e-01
-5.755560832386155679e-02,3.089030616953606367e-01
1.471218347025266271e-01,-3.792615020054494468e-01
-1.008871127120392508e+00,-2.371164424370768853e-01
-9.732526683694119329e-01,-2.719957325824193806e-01
-9.720949889491277141e-01,9.860872414440684242e-02
-5.729792750385513944e-01,7.571705199959456734e-02
2.401238139128864524e-01,2.312818970078864278e-01
-1.004049275358393833e+00,3.519685234478162842e-03
-4.658712324462900289e-01,2.774211267930298125e-02
-1.102379774496190512e+00,-9.505859826564809489e-02
-6.719874597198567667e-02,7.112459829870483585e-02
-2.544156789674683061e-01,3.449187015489361130e-01
2.375422383223335376e-01,1.668111133601372642e-01
1.557698314712820942e-01,-4.057228523043424628e-01
-4.450080242203825476e-01,-1.232840480879494188e-01
-7.894010660018312420e-01,-1.310400353085769964e-01
-2.717975087835933778e-01,-9.357153134636332636e-02
-4.484817659863087336e-01,4.022925922283027145e-01
-1.146731660829681143e+00,-1.608288130818892603e-02
-9.469057050063652836e-01,-1.175768350445857008e-01
4.335030233252833154e-02,3.327325542720301343e-01
-1.286005008652316262e+00,3.426114364889648514e-03
-1.147963955215932197e+00,-1.214945709646616523e-01
-1.053880874875765761e+00,-2.827591243279393152e-01
3.353658345851754374e-01,-1.399320755720406262e-01
2.718531394802282120e-01,-1.843055380823860889e-01
-1.019713302343357997e+00,1.002698995441765883e-01
-9.270482636844192825e-01,-5.956024873519819712e-02
-8.039439752038239906e-01,-5.373804103032816387e-02
-1.082269745523427362e+00,-2.901973644726611457e-01
-1.078664225025588591e-01,3.962364857844548338e-02
-8.939707432868959636e-01,2.592044727663769255e-01
2.805669793222005659e-02,4.352838092687264654e-02
-1.003787652105044170e+00,-5.197644289461165329e-02
-1.415763466964383710e-01,-2.291062911809183533e-01
-8.722178519686255571e-01,1.803233727298892974e-01
-2.878947357524297423e-01,1.805592984008740076e-01
1.367408931924291304e-01,-2.220001650828385131e-01
3.492705919868759890e-01,1.636072628254385541e-01
7.524838094403359934e-01,3.207118213041457722e-01
-1.086814234361599851e+00,1.510600786894446268e-01
-1.228503164893916422e+00,-5.150387019908525543e-01
-8.317641192735766853e-02,-5.296745710335991342e-02
-9.239417187789031871e-01,2.702371011702404680e-01
-6.419776854300918156e-01,-9.769542056477198422e-02
-2.308636409586058147e-02,-3.728336605608533749e-01
-1.026754724077854508e+00,-2.707860360285179596e-02
-1.159933863307983870e+00,-2.080719168190945864e-02
-7.728858985870626919e-01,-2.701602664166628531e-01
2.038152394331340378e-01,-1.485154327376896899e-01
-6.833913600694103696e-01,-2.018940249408551074e-02
-8.626859641701922765e-01,-4.632606632785653544e-01
-1.138791326339348542e+00,-6.264482844228063362e-03
4.448711319787892471e-01,-1.021217838500740466e-01
-7.706412234098298786e-01,-1.439513641899951568e-01
-2.272423009517189063e-01,-5.608671892048058133e-02
7.310281715799873958e-02,-2.478431748176553595e-01
3.464245654009135422e-01,2.196783065717405337e-01
3.270297893144760715e-01,1.268369206176946928e-01
-8.478914713458607366e-01,6.969573708679444035e-02
1.132467992541044688e-01,-1.084558278269910914e-01
-9.239633065627363973e-01,1.202528853459131214e-01
-9.633431819566241616e-01,-2.241710176939309129e-01
-2.868285931125783561e-01,1.971282054923038374e-01
-5.315169903147931585e-01,7.435514701641722513e-02
-8.750314111203379985e-01,1.902987768216269637e-01
-5.041284567486221946e-02,-1.676867958522288982e-01
-1.182153567684550044e+00,3.945141772499245469e-01
-8.401847344964851194e-01,-4.738891127038136197e-02
-1.920511757865249192e-01,-1.889265356149646968e-01
-8.269824846475832825e-01,2.303514893363317606e-01
-1.250021652200156597e+00,4.035151765459866341e-02
-7.398210064822566823e-01,4.631755744794388563e-01
-4.993613928889947817e-02,-1.937449243381391129e-01
-1.109717734893784336e+00,-1.737786980453012164e-01
-9.777197465775705476e-01,2.589919077558694993e-01
-8.494213357360895778e-01,-2.109360045116451532e-01
-1.069672569980423038e+00,-2.647589154261357214e-01
-7.694699769238978471e-01,1.865627554807762489e-01
-7.466243755062809129e-01,-1.660982833278850934e-01
3.289020464050895209e-01,-1.049448260013725320e-01
-1.003426218395337965e+00,3.299807067963200780e-01
-7.683117687866324319e-01,-6.376944443483899549e-01
-5.264087954531980994e-03,6.457319731465051282e-02
-1.341397843110538612e-01,3.229240186677446722e-01
-9.200196537701671451e-01,2.510037252746075143e-01
-9.564959990794867917e-01,1.220992951802154780e-01
-1.098212970366769126e+00,3.878201280234101489e-01
-1.210864723001831234e+00,-1.537994244133451260e-01
1.139700994683756907e-01,3.863170666801324371e-02
-1.372979987017463932e+00,-1.090479935817787044e-01
-1.280988396950195840e+00,2.708695940534482927e-01
-1.140357205226047554e+00,-1.494236478760937459e-01
-1.087666474337894096e+00,-1.870029693022910167e-01
4.076443959446171550e-02,-1.582876560855441261e-01
-1.092714302344741650e+00,8.016316405460099936e-02
-2.277659825983654740e-01,2.280221802809323517e-02
8.394244060565940468e-02,3.239360765698046651e-01
-4.477596359608029264e-01,-1.006628264479962481e-01
-1.116018097532277764e+00,-1.791330218627429360e-01
4.728209272687442649e-03,1.824991579196247049e-01
1.214897391243534436e-01,-4.321755265335432972e-01
-1.112718009944127617e+00,2.575651923018722200e-03
-1.400527047391930235e+00,-4.893066658404380265e-01
-1.057747919660689817e+00,-3.226408052812527738e-01
1.997042028505460198e-01,2.030179977039561490e-01
-8.112329889902463176e-01,2.366058661078093983e-01
-8.215369921896082950e-01,-3.100468046898728902e-01
-1.009754910443085851e+00,-2.475925683922288734e-01
-9.282946513858476578e-01,6.703759277329797428e-02
-7.034883730151492154e-01,-4.016840325131464384e-01
-9.475384976877316845e-01,9.611240852220068187e-02
-9.091720148124593504e-01,-5.947133474541566045e-02
-6.307323047179806963e-01,-2.400296222989391909e-02
1.957552936373743377e-02,1.920583094389685941e-01
-1.443301607797796704e-01,-2.096723361837097011e-01
2.247222295064268960e-01,-9.976949175862982744e-02
2.688010713187172773e-01,-1.923553227378742014e-01
-1.333437916738233531e+00,-6.588830073826487665e-02
-1.249626847608332980e+00,-3.123975050782040186e-01
3.156052457787940635e-01,-1.970178717962003390e-01
2.359163535676087609e-01,-2.729948968458825384e-02
-9.247571059283072881e-01,-2.523056769655964704e-01
-1.245075087826196247e+00,4.823739406175454880e-03
-8.598527224583110140e-01,-3.052511209342400125e-02
-1.205171680216868380e+00,5.696024176644384207e-01
-1.203698573339358591e+00,-8.912779250113203600e-02
-6.183428357385620244e-02,-4.565863266365942363e-02
-2.408041450478049794e-01,-2.190089814864299433e-01
-9.320834346294794015e-01,-1.911821595745357219e-02
-3.890605042996344576e-01,-1.315972963253767281e-01
1.846316047899716414e-02,-2.019116908355658713e-01
-2.184082701823878148e-01,6.692729516352791119e-02
1.018441692898377528e-02,-4.565588945911254470e-02
-2.006656661399830628e-03,-8.569169343509525083e-02
-9.642662278896563244e-01,3.110239453228320627e-01
-4.445986384972905325e-02,6.568482932941299701e-02
1.777765098096551200e-01,-5.414568959330743475e-02
3.838251586296315132e-01,3.145953284452508436e-01
-8.867549690683784736e-01,-3.075481633141341486e-01
-4.545094959262374612e-01,7.296561969958696714e-02
-1.163997587050084048e-01,1.041482694760813427e-01
-7.624462460263475849e-01,-3.551300316571793236e-01
1.443729470476102228e-01,-2.100695261990752905e-01
-8.785801420625873881e-01,-4.069520159405763948e-01
-1.488661467379435305e-02,-1.208264446193540731e-01
-2.513998570058821602e-02,1.114306187423527161e-01
3.780953954291756403e-01,6.841327332332459987e-02
-8.522416718497405341e-01,-1.266261309705236648e-01
1.432343206663219959e-01,1.632058485062559960e-01
-8.265658706760031782e-01,-1.982761241106362482e-01
-1.408612669261659400e+00,3.463340934214254041e-01
2.144924296172511791e-01,-1.509158358773190697e-02
8.739248557682827157e-02,1.584393563043580699e-01
-2.395373136142653070e-01,4.432891196748160456e-01
-1.286568452153566300e+00,4.742836000882253988e-01
-6.832206259573863072e-01,1.475406087674225042e-01
-4.671789704840854096e-01,-1.440145420030558288e-01
-9.048874580410652957e-01,-1.333415767901734994e-01
-1.084428368756705341e+00,2.305626598911099112e-01
-7.820402950703181366e-01,-1.870285728277893134e-01
-7.960227741128829138e-01,2.704026801094898055e-02
-8.850754533949828362e-02,-3.872265432280399544e-01
-9.707347528537015879e-01,-2.224870703264550387e-01
-6.157053976983068236e-03,2.835749900610583518e-01
-9.141726829506513496e-02,2.745256989143748938e-02
-7.528961680411464519e-01,-5.228200612590822027e-02
-8.675029488365916253e-01,-5.187735605317454757e-02
-9.213585376480633027e-01,-3.423332734666912347e-01
2.188642306889229949e-01,-7.037969846564642862e-02
-1.369868640848769470e+00,-1.880113521036659574e-01
-1.028383187830897549e+00,5.872433960642560458e-02
-1.181578721745460969e+00,4.247156198566740676e-02
4.884103286051946768e-02,1.182840655477116615e-01
-1.098825968829337363e+00,-1.734768788678185958e-01
-1.300205487217892308e+00,-1.170090888931119705e-01
-1.080810228600729284e+00,-4.226850324736834974e-01
2.078021855778693916e-01,-1.347876973468458417e-01
-1.176988174404126397e+00,1.178645534189334265e-01
-8.928187251813273217e-01,-1.996084246473744106e-01
-1.073272680027057779e+00,-1.396537867635628261e-01
-6.708210513752860260e-02,-9.232446731042854779e-03
-1.332990754210254147e+00,-5.324025515587457735e-02
-1.074752983684353236e+00,-1.400251662807613096e-01
4.286046304564389842e-01,1.665269370010126482e-02
-9.383534416411846157e-01,-9.241789565423234876e-02
6.285790755885529990e-02,1.436472646069351933e-01
-1.032683257375082597e+00,5.207881375741451047e-01
2.998888577474018158e-01,4.050477206571129196e-02
-7.021482469892215139e-01,-3.359643178116561990e-01
9.142076688032284640e-03,-7.513846231135684617e-02
1.279955711399763385e-01,-2.071711735196641868e-01
-1.579502588706019339e-01,-2.331394655086307943e-01
-8.133479562825045583e-01,6.486933188082491530e-02
-1.901220429724803304e-02,-2.530095064964494322e-01
-1.251887694855121413e+00,-1.972442980548734168e-02
6.241002067793605806e-02,3.431756373870204491e-01
7.495739884042941503e-02,-2.584890174138675945e-01
-9.143319802403357399e-02,-2.637179786230047784e-01
-1.110008939585798604e+00,3.426554413119198284e-02
3.055061156768008601e-01,-3.637607202742438456e-02
-1.260348351881845463e+00,-1.609686094640779830e-01
-1.174883155324422557e+00,-2.169569525914626651e-01
-1.055001092305690280e+00,2.583520759481865436e-01
-1.185206897238047619e+00,1.014179076877872315e-01
1.532190183804222894e-01,-8.680362039995409562e-02
-2.123542356457568947e-01,-9.738396095940715300e-03
-1.081399631901802438e+00,-1.485415130980609622e-01
-5.831108656184071787e-02,-5.998526626800432249e-02
-9.739621385181453928e-01,-1.198878542920965989e-01
-6.551903544755649511e-02,-2.405481975609014278e-01
-1.384248731626529727e+00,1.752319807604079682e-01
5.219498138094467304e-02,-1.069421974660146948e-02
-9.213706857943810835e-01,7.508568067713297656e-02
-1.023298694237605888e+00,-1.594853185605833723e-01
-8.427521104478081782e-01,2.910741642337838497e-01
-1.000015245803454134e+00,-3.409264645765639479e-01
-8.324874619040378843e-02,3.216216236850404780e-02
-9.874354314660477305e-01,-2.191503612761182829e-01
-6.634906668135505114e-01,-3.258936612415800488e-02
3.901375495755712852e-01,2.112155454872657601e-01
3.330705477399952819e-01,3.434872351499619336e-01
2.789138280362083236e-02,1.256700111293956035e-01
-1.174623641941383800e+00,-1.697996444456869800e-02
-1.604809137538623642e-01,-1.537255795326730179e-01
-6.395646506102919959e-02,1.650489671231886515e-02
-6.445272574604944682e-02,1.022985173363326894e-01
-6.538571037958889054e-01,6.409624233212919409e-01
-7.866103420632897247e-01,4.737399256912402240e-02
1.752577825843574244e-01,-3.948008293416281622e-02
-1.414503087905721324e-01,1.871915758422002529e-01
-1.975496373463856981e-01,-2.127032150620834783e-01
-1.141909360127532302e+00,-2.752131244904848159e-02
-8.676013733892737889e-01,-4.611159305309407430e-01
-9.065410646852247734e-01,-4.958260171289176621e-01
-1.427346359370423312e-01,3.781301247594647807e-01
-6.362532415756144699e-02,-5.855769150660810468e-02
1.297170833971900694e-01,-5.098717193422225291e-02
-1.217883370647265373e+00,-2.231977612800568334e-01
1.904448788753922428e-01,5.818387216108283910e-02
-1.094942848112842176e-01,2.013069317233470434e-01
4.222569772058821364e-02,-1.140216621386384160e-01
-8.927307090174655402e-01,-1.009334669333107753e-01
-2.987775156502959772e-01,-1.747241555085629061e-01
7.779384253889375100e-02,-5.042433458210508063e-02
-1.142021506761028204e+00,-2.286753134139876686e-02
-1.649369838338133054e-01,2.260951151573903362e-02
-9.438775230555829232e-01,4.099612662734989366e-01
-7.018212338887379609e-01,4.320179684961155120e-01
-1.293165109013995062e+00,-2.193131982807492719e-01
-7.915334624943932973e-02,-8.479395163260315671e-02
8.595633712892537803e-02,5.006722312221446591e-01
3.076446677831514709e-01,-1.148992799414651489e-01
-8.205728694745088869e-02,-1.419483994110071479e-01
-3.529066112820961609e-01,-2.616916060670657629e-01
-9.471875847289960015e-01,1.261541137095894272e-01
-9.223067582018430466e-01,8.840344632454924523e-02
2.397923682295724414e-03,-1.455891469359697765e-03
-1.010629483818566765e+00,-1.992396087157055906e-01
1.050287316469535603e-01,6.567460983200186508e-02
1.747330209600377882e-01,-4.244642280701527159e-01
9.259719847907234291e-02,-1.078558229622107872e-01
-3.006758761828736137e-01,-3.140737033488969487e-01
-6.084350146323833086e-02,3.647708328581859005e-01
3.271733611130549502e-01,-3.848979596875132941e-02
1.189305458311490649e-01,-3.038678008962237415e-02
-5.003795082847518200e-02,5.364240716830178668e-01
-3.718602630326270364e-02,1.800350322179328777e-01
-9.266249179410964709e-01,-1.024938748888061246e-01
-2.677621968889055681e-01,4.409045235118236317e-02
-1.143152135060692721e-02,-3.180666226146621200e-01
1.037800495600073591e-01,1.443533405863411112e-01
-8.854192886428959852e-01,2.212687367567008415e-02
-9.670403545305120696e-01,-9.435330588321325096e-02
-7.846524648793595791e-01,-1.001337056767133971e-01
-6.158102729471430781e-01,1.233905000311039807e-01
-1.182802439860128674e+00,1.871597513948849156e-01
2.824716409108073145e-02,5.236065186666361698e-02
3.001511216872373988e-01,3.165342506672794709e-01
-9.006926538240630498e-01,2.778675450059192240e-02
-2.224058184734137300e-01,7.753405218852545133e-02
-1.236758179028890403e+00,-1.499645339961489243e-01
-8.495287446953518895e-01,6.164744608625310346e-02
-3.326719328220090199e-02,1.451991542006565439e-01
-1.369098734337707235e+00,1.942419952486530432e-01
-1.261505733431605991e+00,-1.166112573290123550e-01
-1.095119368865879794e+00,4.978523817431949189e-02
2.394714148581401081e-01,-1.573895415717768975e-01
-9.614646976213171436e-01,2.462632395767722360e-01
-4.444938289362044825e-01,-1.243330493383401902e-01
-8.134791225019046834e-01,-4.428631762528402183e-01
1.145887765273492787e-01,1.747874561748920252e-01
-2.648696481684077453e-01,-2.792952362195534888e-01
1.965516833950256281e-01,-8.812152811754993265e-02
8.189853042797184957e-02,-1.760692978165268041e-01
9.324801803130780553e-02,1.688190341351786805e-01
-9.614574043444737983e-01,-1.081896282330380848e-01
-9.886539455331811999e-01,-4.522761067977291993e-02
-8.788704772818136668e-01,-2.181845918783487104e-01
-5.342277144938962774e-01,-7.783192863768649550e-02
1.384170245143460931e-01,-1.752430482320414540e-01
-4.547863742607873017e-02,6.783162281073747135e-02
-1.011474183073788335e+00,3.571337646278048839e-01
-9.128060595396770838e-01,-2.312194679572774358e-01
-8.074940281824418906e-03,1.865777850047709574e-01
-1.210524614590581693e+00,5.791464500503413354e-02
-9.055825189192776570e-01,-3.673254806831344754e-01
2.160758250607060227e-01,3.650202190812627534e-01
2.474556611944352461e-02,-1.572425707720250532e-01
3.634187320544252642e-01,-1.692997889203491299e-02
-1.564445901935449246e-01,-1.070533739264831891e-01
-1.310578766180539922e+00,-2.050209987282075944e-02
-9.233181049110947836e-01,1.339626496510360198e-01
-8.338560973878873517e-01,-7.817357235092854684e-02
-3.904247283941969515e-02,-3.953616566985353187e-02
3.167977752563073679e-01,-3.443228994742096316e-01
-1.133557092524669407e+00,-1.598777695847622762e-02
-1.113253409478679901e+00,1.819951778645357288e-01
1.394500439883256671e-01,2.006895707648355121e-01
8.023935364009002202e-02,3.315743616056741061e-01
2.228010003538223593e-01,4.907715746611014951e-01
-1.163837758441570003e+00,-4.553811479597807410e-01
-1.205274677950416651e+00,-2.948478697250798281e-02
-2.484804367302744788e-01,-1.743815621377171610e-01
-1.054549432153749189e+00,2.636225999019974342e-01
-8.429315914157744505e-01,-1.033139989413299903e-01
2.364927328277191543e-01,1.022645478537453564e-02
-2.022569738825332752e-01,1.418895656998879484e-01
-2.039326044114919342e-02,-1.300838639591660462e-01
-1.126410123454938850e+00,-7.626166566812002390e-02
4.295442186041026345e-01,2.494994785013067429e-01
-7.525697264445552204e-01,-4.590052227926694761e-01
-2.721918018973085510e-02,1.179839212466845949e-01
8.676319451271986838e-02,-8.271049676056647926e-02
-3.490472400527553504e-02,-4.456041247616937540e-02
-1.188538967021002701e+00,-1.273291122308408130e-01
-1.008080959861485271e+00,-8.855487595028614656e-02
-9.940631076083139561e-01,1.115701237742292989e-01
-3.098014371528064470e-01,-3.491924453834939213e-01
-9.205528355049016342e-01,1.055103187208546317e-01
-3.780668035318254239e-01,6.020604670801635305e-02
-3.573526057538289336e-01,-1.839794891006360233e-01
-1.238288110610408443e+00,4.051080164815661910e-01
-2.940380959066593025e-01,-2.291821251086254285e-01
-4.662950814806767763e-01,-3.254717200019979773e-02
-1.217074901406095311e+00,-1.642987436937422621e-02
-1.177862135484823991e+00,2.611178415400897124e-01
-1.241355493462817039e+00,2.954677997841190229e-01
-1.249365763576936850e+00,3.728280175299684973e-02
1.053381783082153328e-01,-2.465804353806076987e-01
7.052196027537324663e-02,1.073679080397092339e-01
-8.263767773754778778e-01,-2.986018538607508876e-01
-1.032059299567138766e-01,2.541431925415325588e-01
-7.297393884905498118e-02,1.086392213632309672e-01
-7.712661081001358498e-01,2.047331355682118978e-02
-2.557364978454508275e-01,3.535786597185541780e-01
-3.339432593720596532e-01,-1.808804088559836654e-01
3.878768785888307979e-01,5.164052443300980871e-02
-7.339884093331930925e-01,3.102484908625131044e-01
4.877262218380723491e-02,5.480648051914401714e-02
-2.350942640585955701e-01,4.509990627541305419e-01
2.750428563947014959e-01,-1.713549006203245184e-01
-1.438578087306659592e+00,-6.514688815644717468e-02
2.102659405326938180e-01,-2.312733614800411841e-01
-8.584935900184622604e-01,-1.137361934876321146e-01
5.726813260539513617e-02,-2.355375023848058358e-01
-9.001654251771569193e-01,-6.131560552021880078e-02
5.258628716095330446e-01,-1.434412864639734997e-01
-8.041666442928674385e-02,3.750297954014176344e-02
6.869601107075621292e-03,-8.858563727822056644e-02
-7.363045488534569749e-01,-1.900866574502114437e-01
-1.024498365380389187e+00,1.761562541360820744e-01
1.356324663184878265e-01,1.621991148545395833e-01
-8.683333042639606036e-01,-3.443322621232718372e-01
-1.112964777944814410e+00,-1.201908600456397247e-01
-9.003966881725736782e-01,1.086993231758826700e-01
-1.194425574537640866e+00,-3.938025386712626918e-01
-1.010231992519206701e+00,-5.853852720723274478e-02
-5.588961031068152840e-02,6.629362087101745016e-02
-1.330863444675400409e+00,-1.559078137130548436e-01
2.182725939708628216e-01,2.572789816165085286e-01
-8.571118732758394865e-01,1.354190554141800340e-01
-9.319957702803320920e-01,2.366341109155726818e-01
9.725676865235138857e-02,-8.420404450477730895e-02
-6.744517349197013401e-01,3.276811114164979166e-01
-1.216406092698734565e+00,-5.438086385107296491e-04
-7.854373188132370842e-01,-3.871709516460671852e-01
-9.974240174132124048e-01,-3.064494376836279788e-01
-7.634879839085112474e-01,1.410224154011229620e-03
-2.408443518983462706e-01,1.630486296053258177e-01
-1.245329594349908753e+00,-6.843142996234487241e-02
3.995986744790857581e-01,-4.403289493379396874e-02
3.176654886143125411e-01,-1.282309085163664819e-01
-1.899539557688885161e-01,-7.558203547332194294e-02
6.452936046632311989e-03,-1.325104673916774056e-01
-8.861054804965786680e-01,4.097068862592633809e-01
-1.250917229623545346e+00,-4.011875247476361789e-02
1.090389823216531551e-01,-3.717348153998612653e-02
-8.645621349484412799e-02,3.880558834526480205e-01
2.157683141052678111e-01,-1.839864927741366729e-01
-2.254484798927424150e-01,3.305302058231867623e-01
-8.785743281799462956e-02,1.188683756216209059e-01
3.841494275934142361e-02,1.218271105731566772e-01
-9.256297351764214421e-01,-9.268644140177928481e-02
-1.175743182442959833e+00,5.516695752781522466e-02
-1.020286879726812895e-01,-7.743512385161404644e-03
-1.363969990546101407e-01,8.334680879329722791e-02
-1.044572352827655592e+00,6.210433169670570358e-04
-7.690567894004752825e-01,-7.305392420948987608e-02
-6.814145769081460247e-02,-1.309543546899876766e-02
-2.115761489319259447e-01,1.930630133961132311e-01
3.540032165210164061e-01,-3.507520628305406118e-01
-7.512573040265193569e-01,2.548001413554191186e-01
-1.313194475841836795e+00,-2.089925000729733751e-01
-1.113324207347750727e+00,1.902049177414000258e-01
5.457501147928833785e-01,6.227514126121320298e-02
2.608315224685261446e-01,-2.370232730092020068e-01
-8.701884931787556843e-01,-3.208626807781125301e-01
-2.609879266616966786e-01,1.242128091842928106e-01
-2.216514333111196111e-01,1.043594165273009911e-01
-1.239482535175711941e+00,8.651076158532862437e-02
8.423318457794007341e-02,3.160891412006302525e-01
-1.018666680967051236e-01,1.594757130475592255e-01
-7.263448375011807290e-01,-2.860240852014181434e-01
-1.129604217531111843e+00,-2.849319086480003871e-01
-4.953255015396986205e-01,1.008023700246698517e-01
-1.114662235339124896e+00,2.391609633126863810e-01
-1.039692298480907467e-01,-4.138175699599521695e-01
-1.092368847811177046e+00,3.135264196983156282e-01
4.322578055127391239e-01,1.172730714352571979e-01
2.291660883585414643e-01,-9.270638619818862003e-02
-1.351279008888192079e+00,6.592317813234210844e-02
-1.137574940375364108e+00,-8.375650067719991182e-03
1.047981351143071754e-01,-3.906297835628371601e-02
8.566502268433245915e-02,-1.848969031809737928e-01
-9.842525195077526101e-01,3.377062518596518070e-01
-7.464614945903936816e-01,4.235457341601476799e-01
1.654672649065291046e-01,7.979099712371294506e-02
5.140255295779738720e-02,-2.718792527092101299e-02
-5.914998714010274994e-02,3.966930928163732717e-01
-9.270209006086861381e-01,3.466900007244217569e-02
-1.020471596736663766e+00,9.220349291216292653e-02
-1.122122813465278979e+00,-3.247685415093454764e-01
1.533493531162076311e-02,-1.641823797581358491e-01
-1.100344374483438026e+00,3.802712119939720692e-01
-1.051724332609721202e+00,4.782748562403411896e-03
-9.735972323009960405e-01,-4.083198438472534497e-01
-8.831268616495920876e-01,1.885908548592464540e-01
-7.971661208925417963e-01,-4.111224865701058190e-02
-1.650027127597858412e-01,4.600583231706815712e-01
-6.585843414545955454e-01,-2.074959775727226452e-01
-1.007927176986913587e+00,-1.259771736992419330e-02
-1.060213609600325180e+00,-3.637744426907272427e-02
-1.517206124913299981e+00,-3.576083554686037419e-02
-1.036866403279539384e+00,-4.476368504512460295e-02
-1.199843095095336931e+00,2.194441051129068787e-01
-8.622304042396262691e-01,1.099139656594523701e-01
4.792207483623399378e-02,-3.050139260971916899e-01
-9.519651222850386008e-01,5.523670977453760782e-03
9.071208090583043546e-03,2.408573825016372960e-01
2.599932757849084397e-01,5.968395605545447763e-02
-1.131832739792675735e+00,2.752779103178386588e-01
2.037336665068265329e-01,-7.159356529800565971e-02
-1.056166968736574674e+00,-3.622987601354018053e-03
-1.346613436028618604e+00,-1.891831024083347468e-01
-4.663744607764373495e-01,1.985127521020298713e-01
1.608372773088204491e-02,-1.445602602131138836e-01
-8.307045784873218208e-01,8.202932275449544919e-04
-5.532387497102263518e-01,6.307791604657315976e-02
-1.475488051301411530e-01,5.667278908371641694e-02
7.143432797530051281e-02,-1.287200742317467228e-01
-7.900016580594368953e-01,-2.838181547852999809e-01
-1.321554531906641961e+00,-2.683206279163182287e-02
-1.049871410077254791e-01,2.006610419825842762e-01
1.694677866723910131e-01,1.575051081192847258e-01
4.242495042792274879e-02,8.467647998608643367e-02
2.359350337205633197e-01,-5.934416120309592424e-01
-1.031510750190136383e+00,-1.254987805198885462e-02
-9.220604985762891337e-01,-4.051045338360761972e-01
-7.894545897203664175e-01,1.840861497045879203e-01
-4.102168484580599461e-01,1.157571694219929337e-01
-1.251249629316426137e+00,-6.803795564045983513e-02
1.179745854445676118e-01,-1.777946318569400552e-01
2.244675785889153619e-01,1.072567289273351626e-01
-4.142206999536402479e-01,-1.763678833155817305e-01
1.884460248541973137e-01,2.761282278219867048e-01
-1.250319313146897260e+00,-4.643663392617836810e-02
-1.099365968073305888e+00,7.510601334537266027e-02
2.254850236222009571e-02,-3.997094138067235902e-01
-1.320329712060310134e+00,9.271067695694097666e-02
-1.054510847248461669e+00,-4.037052332472033100e-01
-1.044340776877400678e+00,1.375741000370467038e-01
-1.280576819328294258e+00,-1.289215620660599249e-01
-8.882240638525527032e-01,-1.712881713395228711e-01
-6.943285813781895355e-01,-4.788209801992739933e-01
3.052759580823423691e-01,2.317038999272340860e-01
3.561974658471704358e-01,-1.543071540242482720e-01
-3.420345655275076058e-01,-6.126648713070094454e-02
-8.494006625082763939e-01,-8.785216920477012525e-02
-9.788325131615707164e-01,-1.824169953710216285e-01
-8.439433351470424505e-01,-3.973611878569792422e-02
-9.685191382606092025e-01,-2.255352218769554606e-01
2.811870541063592535e-02,-3.710623426151168913e-01
1.182416839568204842e-01,8.614901097494374882e-02
-1.083007136542861071e+00,-4.687901837784611003e-02
3.837733564199869996e-01,3.685891483732365304e-01
-4.328792963248954684e-01,-2.061332128694663979e-01
2.793156151516386076e-01,1.956625268126906958e-01
-1.213109203399585084e-01,3.628179871877650065e-02
5.049369589920298385e-01,6.235221328214994585e-02
-7.882284577175768803e-02,2.684366674121722585e-01
-2.113585046866431894e-01,2.359955164288418672e-01
-1.061485934357338755e-02,1.126140252844771567e-01
3.605573514846763805e-01,-6.432115796924858797e-02
-1.277894537782839679e+00,4.507863823002484366e-02
1.229710393832359784e-02,1.103417298369758215e-01
2.353136193164840073e-01,-9.740767444074953374e-02
2.557175457523467310e-01,-9.584892187819619991e-02
-9.317081738668758772e-01,-2.997228766433707725e-01
-7.217486079257172671e-01,-1.032833094368742349e-01
1.925861159425257263e-02,-7.077162462498155131e-04
4.144376159874429422e-01,-2.148861376183011929e-01
3.908713626716669443e-01,2.134816330615152968e-01
-1.311036950871637519e+00,1.831784386423882804e-01
-1.088462341461149396e+00,2.682101053864157508e-02
-7.277303541904450723e-01,1.053087920019011581e-01
-1.028670178804569124e+00,-6.054770295206267361e-02
-1.449583976593948886e+00,-6.512519469853556703e-03
2.989426574292251559e-01,2.540909505330087859e-01
-6.952323430986846464e-01,-3.434757544967469989e-01
-1.202005177316166185e+00,-2.315189756684813208e-02
-1.119211208718210449e+00,-2.493111281673932034e-01
2.575953322825258462e-01,-1.648992203499325404e-01
-5.597328487938263430e-01,7.877613536935827721e-02
1.679943034685860426e-01,-5.190500373870921003e-01
-1.297474486351301692e+00,3.696459133661577079e-01
-6.975164229054103826e-01,3.554908116481368396e-01
-3.983524289589065320e-02,-9.136646060760066079e-02
-8.664704598084928266e-02,-1.675983213055164123e-01
-1.057447125998518533e+00,-2.432014586241103560e-01
1.410668995625036504e-01,5.273393968341334725e-02
4.141914842430739763e-02,-6.703339945906079678e-02
-1.298139141900011229e+00,-2.619885740845084854e-01
-1.491899356248961972e+00,-1.303897711037490248e-01
-7.271480501380920280e-01,-1.603065302611074786e-02
-8.875747369033588630e-01,-4.317912783925988152e-02
-1.211730970063903401e+00,-2.051447522646390464e-01
-9.957569532252767974e-01,2.551665629713625871e-01
4.966410687310125055e-02,1.617285850857796276e-02
2.621832305464406598e-01,4.564860385242710400e-02
-1.001524199257121328e+00,1.375962563947311090e-01
-8.933636265384872766e-02,3.592606998226775903e-03
-8.783971494240606637e-01,-1.290964930800938548e-01
1.802916425733362138e-01,2.245414170647610230e-01
2.474161825689997207e-01,5.579654673543070764e-01
2.555884248983640306e-01,-3.238943466040146157e-01
-1.302814022888567402e+00,-3.202452099514534190e-02
-7.840858991754512397e-02,-1.380934850564982663e-01
3.810457131911831885e-01,3.410880491860602270e-01
-3.011490069628198207e-01,2.974031524467594112e-01
-1.030570796546960377e+00,-2.998909199996462882e-01
-2.358197722196427037e-01,1.522089797526185971e-02
-1.088551229796740571e+00,-3.174466286451769204e-01
-8.826071690814586423e-01,-1.846576017560610516e-01
-9.850675241064879017e-01,-1.395246717961032279e-01
-7.591280134864655249e-01,-3.805866270379002492e-01
-1.310539856148013715e+00,-6.830646630826275878e-01
-1.043110033107647272e+00,-1.543862021548120800e-01
-1.179326191189230988e+00,6.880192248932533172e-02
-6.499815934623655034e-01,-1.190991702195903640e-01
-1.012741039143686184e+00,1.391350233900164046e-01
4.046861737834370754e-01,-6.666172565567243247e-01
-1.310562864389388738e+00,-1.635266941119383199e-01
9.314432658370092044e-02,4.791050622898141570e-02
-1.092431881495484536e+00,5.186643590711035451e-02
-1.070817052874659225e+00,1.460208043371428455e-01
1.610713199911576257e-02,-2.473807103755196191e-01
-2.551758818656225114e-01,-9.007596451619492850e-02
-5.714331012572495538e-01,-1.714357539586464640e-01
-8.216012472619517171e-01,-3.048544774089899656e-01
-1.680737790766162754e-01,-1.857484883679614562e-01
-7.393782232550452083e-01,-5.409092429093519394e-01
-1.407419805894321474e+00,-6.352386814770151491e-02
-1.268756485587133831e+00,-4.621509267973809842e-02
6.136301644288531115e-02,2.050685774982701215e-01
-1.446650115330578024e-01,-2.996733480169061492e-01
-4.716489479953478448e-01,-4.958797951426180926e-03
-1.231905521161869022e+00,1.674067890519779223e-01
-2.621986088892490629e-01,2.412916703983242206e-01
-1.049143754960067065e+00,6.090075919309632935e-02
-1.127401785459826389e+00,9.052549655964405029e-02
-1.175420635510965983e+00,1.967735385760816802e-01
-2.864509339805647592e-01,7.136490822713696322e-03
3.088862971180305061e-01,1.043041832112521911e-01
-1.002291222711928276e+00,1.525135818479359251e-01
-2.130557978546302189e-01,6.224403230178221502e-02
1.483982761601261580e-01,2.895814677172168783e-01
-9.535083704742718380e-01,-2.850820600135343108e-01
-2.548569095456482692e-01,-3.120224774032097637e-01
4.486536714273484799e-02,3.032191309303925997e-01
6.635769484252315026e-03,1.600628977656832208e-01
-6.795652352933496954e-02,-4.525184542891256823e-01
-8.708067631853869464e-03,-2.104099519383079153e-01
-1.429238388965838880e-01,8.239556691333353722e-02
-1.088416932650648317e+00,3.611229956192821972e-02
-8.641382063203754127e-01,-1.969068574178894360e-01
2.043376819571156300e-01,4.576363094864269870e-02
5.002057741559739687e-03,1.817543305049910130e-01
-1.356327994664330738e+00,1.600715575881711886e-02
-1.140269634048978409e+00,9.097127894315860941e-02
4.373518917353259039e-01,-1.979622957394429617e-01
-2.162365134868653727e-01,1.756280588810586740e-01
-1.226075718948880011e+00,1.347417713353424827e-02
-1.243880908915817818e+00,1.614807645872988195e-01
-3.798285391500462183e-01,-1.916543255828552228e-01
-1.053228860960414570e+00,-4.835119972383635639e-02
-1.080627563589621892e-01,-1.938978278992120330e-01
-1.137674427404655741e+00,-8.167865129647886024e-02
-2.179445504352759688e-01,-9.519697118080959475e-02
-2.156824802002401120e-01,-8.548373135112058430e-02
-1.669727566944248509e-01,-2.689577983934442890e-02
-1.945173108496086045e-01,2.832829733702687536e-01
-1.751903001748641719e-01,-3.275364746523264786e-02
7.763398163659138151e-02,5.336166848304705473e-02
-3.467780046544514105e-01,6.387553918835530906e-03
-8.369307696135234176e-01,-4.263624288229004300e-01
-1.619478268193913842e-02,-6.174828735100191396e-02
1.147491311616481852e-01,-4.935752903250884560e-01
-1.954780455494804781e-01,-5.239277522192348213e-01
-7.646543007637556233e-01,-7.915510126696090332e-02
-1.286960962450999224e-01,2.109131749980582005e-01
-2.417350810025822305e-01,2.032610588692116416e-01
-1.411754493976643765e+00,-1.206560255491974237e-01
-3.826857566998432270e-01,1.386728544912232963e-01
-8.431779981283406278e-02,2.129502414653388909e-01
-1.524206632401807759e+00,-1.377602731419036164e-01
-1.288935645683309539e-01,8.453321894846442530e-02
-9.295992051962358449e-01,3.291212471098048931e-01
-1.451562912811786565e-01,-2.904239416758051529e-01
-1.139659026716665080e-01,-6.189045206732633059e-02
-1.119081903732175753e+00,-1.122599977574057356e-01
5.710172208123549982e-03,3.142675078505138830e-01
-9.471490705384268960e-01,-2.652845368939761150e-03
-1.200789008413770009e+00,-1.672138085199171287e-01
3.042627059786572330e-01,1.551480974119216483e-01
1.200750938997030559e-01,-1.100480847379036037e-01
-9.381859938554470979e-01,1.665242665937334554e-01
-1.261451082454420614e-01,-5.390144197202263038e-02
-6.812809920166876809e-01,-9.700040504630015603e-02
-8.789991707490756034e-02,8.034751466398364073e-02
-9.828371791941149516e-01,8.685310572495913428e-02
-8.649714886082865428e-01,6.302347255163553985e-01
-7.435686391907331272e-01,1.524661336940293377e-01
5.791652824020382395e-01,1.008579081350549078e-01
-9.212077935560600839e-01,-1.151988729107506632e-01
-7.090069531489232579e-01,-2.143859563300323789e-02
-7.139876850936999197e-01,-1.602340233571453998e-01
2.930363134103495248e-01,-1.650541194369624931e-01
-6.767591433037458692e-01,2.650452992881264236e-01
6.204545174986926537e-02,-1.243207335128488494e-01
-1.332385054426037163e+00,1.253134667837439431e-01
1.049541720910770748e-01,1.883025832118852827e-01
-1.189837870071257075e+00,1.664654820860315271e-02
-1.150347457685644947e+00,1.071752882437798232e-01
-8.976068834026093013e-01,2.822884656602062114e-01
2.257708697443753798e-01,-1.044577683253115202e-01
3.886756199626263397e-01,-2.354407497393139898e-02
-6.334668868223664040e-01,-1.161203947310894824e-01
-1.229986301748404065e+00,-1.942336738824389508e-01
-1.584117356684313638e-01,2.242962172761764628e-01
1.603497748101403442e-01,-1.395007361986582428e-01
-6.243152132211565036e-02,2.117888481636019116e-01
-1.079507466093672763e+00,-1.967576103814318855e-01
-1.082927407714210810e+00,-1.328868778557519004e-01
-2.561366516167069007e-01,2.975623368551659834e-02
-1.159963924282403802e+00,1.174725638762564306e-01
-1.078791388095163839e+00,3.101779244687325951e-02
4.998460574577272969e-02,-1.323731181587770589e-01
5.808235282067037569e-02,4.930209551767754106e-01
-1.473842774663822741e-01,-1.253898526426479587e-01
-1.115241290224678439e+00,-3.836515936173121033e-02
1.147204985767176638e-01,1.219726798238098681e-01
-1.050680444501982613e+00,3.459968290015087988e-01
-1.498998708584545203e-01,-3.280603359779213357e-01
-1.228289624875404940e+00,3.908089123581401925e-01
-8.868280293067683229e-02,3.125879135587267960e-02
-1.124244280241760041e+00,-4.359897090043608758e-02
-1.632258627313442900e-01,1.688233108875852040e-01
1.363672599773015637e-01,2.133869495418372897e-01
8.484363421234213110e-02,4.658903325666702983e-02
-1.073808020390671469e+00,2.543138347185099346e-01
2.538507596821906742e-01,1.654194187720665621e-01
-3.271297515145112911e-01,-1.653730033371998143e-01
-1.094448269260794859e+00,2.483024191179334372e-01
-7.740669316626809515e-02,1.449147784180927247e-02
-3.585127613483979903e-01,-4.487343153933973650e-01
3.959936387323771401e-01,-9.283669194892613108e-02
-2.307580157928435793e-01,-6.695678920906816128e-03
-1.321824682933921524e+00,-5.996602701720576967e-01
-1.241240185798488938e+00,2.891731788309097675e-02
-1.093871870762463283e+00,1.084368944838794320e-02
-5.930161457681225601e-01,1.890801791310414148e-01
-1.010765110147263002e+00,-4.120049071386141376e-02
1.649741447190113119e-01,3.880084627168126077e-01
-6.515903113217170750e-01,-4.752058586417213792e-01
1.463078341790078341e-01,-2.822132068881212930e-01
-1.015366736324683661e+00,-8.727530080255688216e-02
-9.577424682685891089e-01,1.208137688203030496e-01
-2.292560773184158796e-01,3.676010538335178768e-01
-1.108619214034239020e+00,2.099932528652152519e-01
-1.148466372168150118e-01,5.351651303638557677e-02
-9.334726012278707907e-01,-1.904720715630165429e-01
2.663723406444946651e-01,3.878666134418603528e-01
1.124586731270106194e-01,-8.861597870600115140e-03
-6.576983043642297133e-01,2.524028584411284748e-01
-9.861774915209269299e-01,-8.879682994014860553e-02
6.029901870868070030e-02,3.331720969865750726e-02
-1.051412645861053985e-01,-2.245197906927592635e-01
-7.851412340288035363e-01,-3.551394235414393474e-01
-1.083370002686190769e+00,1.383393683013587616e-01
-1.337351146272932167e+00,3.299579187222564380e-01
-4.857707721839487625e-01,-1.727758613405079233e-02
5.827773437610733742e-01,1.041003831632435622e-01
-9.710338640757238959e-01,-1.672852115327279343e-01
-1.401132869634442280e+00,2.858306098250261718e-01
-8.610582494538671083e-01,-2.311167102305079490e-01
-3.963879373983598270e-02,-4.924011302249631239e-01
-8.972410573132162392e-01,1.091953161534589406e-01
-1.133688219244598949e+00,2.457345606942078209e-01
-1.058363113270754274e+00,-5.216400884500490553e-01
-1.104603049781514468e+00,-1.536847256902618974e-01
-6.748970495630275679e-02,1.936928255318492720e-01
-1.043458998319335640e+00,-2.466075911865584225e-01
-5.669986263821920058e-01,7.274518806045508768e-02
-9.877132949209860291e-01,-4.789574519989058254e-01
3.623149480570994618e-02,-3.883459331976307077e-02
-8.289496242159833939e-01,1.285336000117741906e-01
-8.461287298600980167e-01,3.486400821841913276e-03
-9.032715457537778825e-01,-3.566143381155204573e-01
-8.126317716068643948e-01,-7.592329582189141224e-01
1.018471670358867959e-01,-1.351228073307551014e-01
-1.220417951537718704e+00,1.296031980341621481e-01
-1.211181829135257459e-01,2.301289835056683289e-02
2.421322493680532761e-01,-2.629373947271256007e-02
2.316924492416739534e-01,-8.786504889102825233e-02
-6.539541166496394275e-01,3.779018820853940475e-01
-8.354667205873798075e-01,-4.115111123998663190e-02
-1.822245892661894795e-01,2.272612369343110783e-01
3.108228704402744014e-01,-3.676681751754836691e-01
1.747115484767760019e-01,5.509256412632452804e-01
-9.260925146133073271e-01,-2.952260232397436734e-01
8.001231438800306128e-02,-2.792710192675875169e-01
9.776456966306160123e-02,7.371245026256330324e-02
-1.461368313206392600e+00,-1.330916784800340869e-01
-9.147341239195608265e-02,-1.238677511745118892e-01
-7.701782301441446599e-01,1.744558505313566210e-01
2.520426894947805918e-01,-2.094468280886881140e-01
1.764276018878595809e-01,1.795345585308652514e-01
4.894555487658490134e-01,7.963549944310080453e-02
-9.024351588344845521e-01,-2.136558516560151388e-01
-8.746153556763356374e-01,9.545300297154467317e-02
-1.201958737618929129e+00,-2.502857794338350650e-01
-7.346441096445437413e-01,-1.637413277630726458e-02
-3.268053050071318549e-02,-3.090517672413276573e-01
-1.492788955426020081e+00,3.148691547075103125e-01
-6.897018609299211400e-01,-1.856840172852284032e-01
1.768774532832151913e-01,3.171059093057948530e-01
-1.265966499663563616e-01,-3.101755582280250056e-01
-1.021129650210689660e-01,-1.109784433529270864e-01
-7.111907256077457662e-01,-5.465149941361985980e-02
3.378995419437120368e-02,1.927606885203090037e-01
-1.109725849111073082e+00,-3.049719056711076015e-01
-1.293953837482521907e+00,3.406474783936676021e-01
-4.734833405489214941e-01,-2.770251104129183850e-01
-9.586677391608066090e-01,-3.375877044716830699e-01
-8.291346564188648571e-01,-5.826330855054748931e-02
3.039920851466793583e-01,3.048880569457886325e-01
-8.976941900152853870e-01,6.739470434786795638e-02
-1.004805870340826468e+00,-2.826653294669997374e-01
3.207395462298968242e-02,3.904576487308094035e-01
-1.000685612429147442e+00,1.320759877223003920e-01
-1.277068960906885486e+00,-2.052467159302742705e-01
-8.068377741859540375e-01,3.387586138141622238e-01
-3.644087173010192027e-01,3.466345531330497498e-01
2.395075165379593751e-01,-2.129500869420596909e-01
-3.448452831493568210e-02,2.065996258986952938e-01
-7.980336363529936250e-01,5.706447371294522813e-02
-9.473280572295993407e-01,-3.025095979485009079e-01
2.028502295714824377e-01,-3.751102314644983587e-02
-2.348690835961810275e-01,2.756147535875892451e-01
-1.157456568064105351e+00,2.602094364160034701e-01
3.864186204586170237e-01,-4.576640682625725959e-02
-9.512466927198514055e-01,-1.064930491828712106e-01
-9.928067368839988971e-01,-1.030322358761018436e-01
-4.837664515485703420e-01,3.944545678308092329e-01
-1.339761859834687652e+00,8.359177512589008319e-02
-1.357133631985343869e-01,1.607061273143016722e-01
2.873765212983977468e-01,1.730361519975334716e-01
-1.269105149613181993e+00,-1.477170194651012680e-01
9.640572566316397973e-02,6.558022721749096062e-02
-3.355432186332607536e-02,-1.363294197752961956e-01
5.416036132466884867e-01,3.251127938420998453e-01
1.089641600161075224e-01,-3.171583128697078591e-01
-3.543214114293471995e-01,2.061203321951494416e-01
-1.103140785451280914e+00,3.648402186229715571e-01
-1.130684189354067420e-01,4.793556776161070343e-01
-1.207072417310169454e+00,2.733938326466088808e-01
-1.360838918183251200e+00,-4.026089807279226163e-02
-5.917484231622238688e-01,-1.213285065201159529e-01
-1.022102740854599512e+00,1.894103117997993913e-01
-8.216373613694616385e-01,-9.077793977753721710e-02
-8.590603659423143856e-01,5.147960384362865183e-01
-1.956750840340579917e-02,5.264765867428113956e-03
2.130304028469798827e-01,-1.983971443277869895e-01
5.794115203080996146e-01,-4.386035200856911453e-01
1.222325315186442579e-01,4.250060380183968284e-02
-8.399998185019289521e-01,3.755558165041345542e-01
-7.195919786623138428e-03,3.747824284403354633e-02
-7.075800501988338542e-01,9.992992190450074308e-02
-1.347611354487739721e+00,-1.480585927172704819e-01
-1.252995964054613331e+00,-2.222712792797320314e-01
-3.231842684081385197e-01,1.179561184744259972e-01
3.580398473675983628e-01,-6.857713748535737563e-02
-2.008022739804126711e-01,8.231774622582603562e-02
1.695336111297448822e-01,-1.558501708083215032e-01
3.600068284387897277e-01,1.683788281742660542e-01
-1.136646814131586192e+00,-9.533301199515618884e-02
-2.600963924757054291e-01,-4.341190595476783487e-02
-1.080461556081653951e+00,-8.999747551224789033e-02
2.077851407259278388e-02,4.904446482236957811e-02
-1.076918976065517564e+00,-6.983963862133256428e-02
-1.125326770279850619e+00,-1.709765184830744703e-02
-9.470640403116330208e-02,2.332388687282231643e-01
-1.117926424471437502e-01,1.341617827183393119e-01
-5.024036502626535450e-01,1.059504271552641763e-01
-1.209271165754377320e+00,1.245855704462257678e-02
2.060400195141169274e-02,-3.293637864458350828e-01
1.200484680612198957e-01,1.914919881825827563e-01
-3.688610380714907877e-01,8.381880649803269759e-03
-5.574033936610929274e-01,1.944252684304663067e-02
2.004513239593385676e-01,-3.762387352509884986e-01
-1.972631743476944977e-02,2.529940667559823497e-01
1.269452656122861955e-01,5.290841471414043512e-02
1.105565669044129701e-01,-1.687503667512087191e-01
-6.987833047867453296e-01,-4.625588756606968839e-03
-1.387975496421706145e+00,3.023433657664308938e-01
-1.068457009931215396e+00,1.883910984079016915e-01
-1.352913485883128430e+00,6.710372173350620528e-02
-3.339204567918057504e-02,2.207540853249299190e-02
1.444170479087163173e-01,-9.959466799315717933e-02
4.943083491876103241e-02,3.648511939673279841e-03
2.147977596131543099e-01,-2.870633644441456522e-01
1.452063099269357282e-01,-2.185180943711746357e-02
1.640345402981967932e-02,1.598101947045580951e-01
-1.235543008683850807e+00,-2.312902082771932100e-01
-1.232126573223380372e+00,-9.020359348174532277e-02
6.944480081190440059e-03,-1.719735409527353154e-01
1.846954317599136253e-01,-3.427527316844577454e-01
-2.000801109495148333e-01,-1.222954342334259537e-01
1.050067945416538126e-02,6.498027057234077863e-02
-2.028902192983864650e-01,-5.303859267888363371e-01
-1.944343499021166100e-01,1.646823989523379939e-01
-8.255184045963191719e-02,1.987544763912769130e-01
-1.122983764661174888e+00,-1.282252614792246115e-01
2.885928991090019879e-01,-5.596874875346626033e-02
-7.637403799892601430e-01,-2.838481013105749184e-01
-1.235291837497499268e+00,-7.277001972314937894e-02
-2.768715094755272998e-01,-4.283622217879647365e-01
1.081276990478157590e-01,-3.519093059260897660e-01
-6.643581362678230295e-01,7.937931809715526033e-02
1.544430144357829826e-01,6.612698575674428314e-01
-2.791502488180743202e-01,-1.993451264060929762e-01
8.363920673270724970e-02,4.142739693840971626e-01
-1.209548392548775719e-01,1.754451897457928455e-01
-6.748455908570132333e-01,-3.004874976810620324e-01
2.230717037481760520e-02,3.057067559135580037e-01
-2.978709683543381143e-02,3.273711174154018966e-02
-4.824452692896564199e-01,-1.374474841134977476e-01
-9.371943629838559442e-01,-6.550751867364349237e-03
1.876277405654174779e-01,-1.979598858348248225e-01
-1.874839705154461621e-03,-5.558807708183328283e-02
-3.087298342797140660e-01,6.086046922668708614e-01
-9.900783825247597703e-01,2.465773624584871038e-01
-8.969158296408790143e-01,-1.547987888930518578e-02
-7.830855883980831766e-01,2.525862836419438470e-02
-1.069510188647121884e+00,-6.294428981391868294e-02
-1.157708903048040527e+00,-1.003024913388036732e-01
-8.786944869735240360e-01,2.041775333749538263e-02
-9.328373233369868789e-02,5.213410300164993821e-02
-1.156179076973925968e+00,-1.422708690755992988e-01
-1.373251983882133875e-01,2.064119760208052157e-01
-1.635171876913180944e-01,-1.848845229167793425e-01
4.559206413182080586e-02,3.328755796222495067e-01
-9.921037090717226281e-01,3.623235161377479363e-01
-7.610733717740264526e-01,7.557200917923227734e-02
3.634121995292530910e-02,1.057672999265825281e-01
-1.209804792860962097e+00,-3.774791193182068794e-01
1.695381758106522252e-01,-4.800807830124487197e-01
-4.722313806244933521e-02,2.702371200246836414e-01
-9.042524354431297207e-01,1.964683295074065583e-02
-6.238768207173767122e-01,-3.567780973932538346e-01
-1.234982934643494845e+00,7.983721126472889673e-02
-1.658678335170220119e+00,-4.338578199638706834e-01
-5.196962969069481020e-02,1.534891285301004382e-01
-1.062088940849651886e+00,1.132407879895965391e-01
3.994705448136106479e-02,-1.920556299930630539e-01
1.550269544740159877e-01,1.500055241073592997e-02
1.699755063673652755e-01,-1.644061554910996314e-01
3.184710954640317393e-01,4.090341701635217819e-01
-1.496600404835808085e-01,-1.404016736653663222e-01
3.556850102517683000e-03,-1.972141008958280262e-01
2.693388784874952147e-01,-1.333038303137602243e-01
-1.382089784768992038e-02,2.168039687732085941e-01
-9.368727944951799058e-01,6.857453230322932414e-02
-8.279044362069030161e-01,1.348975686979478894e-01
-6.096663621181113574e-02,-4.455746987344520044e-02
-1.021383818957309897e+00,3.459989189075148019e-02
-7.621878959648952234e-01,-3.121628153772249697e-02
-1.215158658924706536e+00,2.116309454160014702e-01
-5.570030607389669930e-03,2.877026746912183519e-01
-9.618701827363623780e-01,-9.194732759589037407e-02
-9.234285687748498006e-01,3.703560372076014628e-02
-9.896654031921997552e-01,-1.347713827651967899e-01
-2.326971712562961592e-01,5.286316542277060826e-01
-1.150186352105564414e+00,-3.501015468337510539e-01
-2.895761521765534419e-02,3.158535821094397150e-02
1.148498011191596141e-02,7.747516668486797986e-02
-1.357324842696929101e+00,-6.178996094023310459e-02
3.022596615911065099e-01,3.735486839779447177e-01
-5.998619517859395955e-01,4.813739950927466427e-01
7.103990132375752331e-02,3.373142042657995554e-01
-2.306341349424463338e-01,1.088058600313862451e-01
-9.907590590912312978e-01,3.187133840480747549e-01
-1.389088100677928317e+00,-4.162731254452892160e-01
-1.103786990837571036e+00,1.443988890172908102e-01
-1.591939311527162115e-01,1.223937648088903318e-01
-1.142773258155362459e+00,1.532694225360420326e-01
-1.008028031134388991e+00,1.828007823404185217e-01
-1.066175650435099209e+00,-8.070119781684818860e-02
-1.258757883229420171e+00,-4.240098798912882855e-02
-9.292090043828985513e-01,-1.243296057514579750e-01
-2.770653176784916294e-01,-2.926579619262936749e-01
-2.414697405555626675e-01,3.152249877606200235e-01
-1.028532851449321051e+00,1.300922965578889534e-01
-9.853873820666008143e-01,-1.750723102578469470e-01
-7.782510310616487514e-02,-7.266035549587555875e-02
-1.388432458134530867e+00,1.443481412854433765e-01
-9.608931335337549395e-01,8.099083208782063836e-02
2.009036082476264862e-01,2.280646368032183124e-01
-3.919920818602297685e-01,9.898819033969495640e-02
-1.373655132747104268e+00,-3.822109451231332777e-02
-1.266408885314153077e+00,-1.683228641333099074e-01
2.360038815010594426e-01,-1.319901771175814066e-02
-1.234280102321202444e+00,4.442449941578581474e-02
-1.037258521347736329e+00,2.422882625392457079e-01
-9.740981327358296804e-01,-7.602816514464252884e-02
-1.035783597507447418e+00,4.416828770926638920e-02
2.982625713530792089e-01,-2.838955796819472299e-01
-3.098981900156619895e-01,-4.080145588373583661e-03
-5.170903312267182139e-01,-4.084565136545749431e-02
-2.020430636954776704e-01,-2.059228392245408823e-01
-1.076779280518043169e+00,2.014252439386660376e-01
1.228439468793351419e-01,-2.755443909991714402e-01
-5.380628837340996340e-02,2.786211625568963887e-02
-1.192320575785290826e+00,-4.146427195368078134e-01
2.531377897248175413e-01,-5.298143143943416788e-01
-1.146025097545936733e+00,-2.331669534931161136e-01
-1.566577353678565432e-01,-5.831454567995612848e-02
-9.150307122161727147e-01,-1.677655265546319080e-02
2.566104520164950165e-01,-1.803307604651628593e-01
1.772751065954251970e-01,2.136300261402151457e-01
-7.507852788886509865e-01,-1.216520609746411657e-01
-1.207905963633767010e+00,1.894756352670387556e-01
1.227727293145586401e-01,4.514696134669320300e-03
1.626567577427346367e-01,-3.062371619888153984e-01
1.015430766078733310e-01,-4.994908966751825455e-03
-2.331642544546284612e-01,-3.559114869273105053e-01
3.526614436711079659e-01,2.523120586730437931e-01
-1.020333714209840092e+00,-1.487106635339317806e-01
-1.321962975449864075e+00,-1.346733790078470661e-01
-4.976540321289614488e-02,-8.187780133137050401e-03
-1.329386925998855551e-01,5.791095324897648222e-01
-1.137053735854595349e+00,1.500781415520446305e-01
1.041745482133750178e-01,1.131599151947776036e-02
-1.108210627193210840e+00,-3.565865778724085500e-01
-1.123305491925816080e+00,3.640791920058044084e-01
-8.985418372464797354e-01,2.265603315624916680e-01
-1.124122187681383611e+00,-4.066715881519741838e-01
-1.209062534357564500e+00,-6.656819246392331468e-02
-8.325461291487515902e-01,2.335190679080919318e-01
-6.444032788014458779e-01,2.174930268682760126e-01
9.910128825261788066e-02,-1.910872429209702628e-01
-1.105084785391661439e+00,-1.785289663648752523e-01
-1.232729798998078996e+00,5.628548114323608451e-03
-4.786273163698171462e-01,1.130297132335914695e-01
-6.498845659307268541e-01,-3.360553020111404221e-01
-1.740493186058492903e+00,1.651385241845008678e-01
1.341767867241056844e-01,1.200220747259635179e-01
-1.001115189074822220e+00,1.315932998838759416e-01
-1.249033188889387726e-02,-1.433457190451837282e-01
-9.391712009705525110e-01,1.733270094147336404e-02
-9.730342179443564055e-01,-5.947947986162567535e-02
-6.930397836241343201e-01,-2.350642141115147910e-01
-1.226462511816307943e+00,-8.876744069526089354e-02
1.831767223174758097e-01,6.485250245235753275e-02
-8.795809542254594271e-02,-6.207303413638260575e-02
-1.092680570536538109e+00,-4.303522478022792641e-01
-9.932500881267943837e-01,2.637632313429151831e-01
-6.094175579856160319e-01,-3.152861566755083556e-01
-9.991317259169998355e-01,-1.689209735848219707e-01
-8.866866222500762174e-01,3.946086706265519162e-01
-1.269998151685858057e+00,-1.053813490733359060e-01
-2.652717296574984285e-02,-1.718114650533210108e-01
-1.153230797188637524e+00,-2.044286397293131330e-01
-7.219958145871242516e-01,1.824988659030821747e-01
-1.294706642999655433e+00,-3.380354452636818996e-01
-1.046731026984188961e+00,-1.829961159239394397e-01
1.309543082653949198e-01,2.447659184239402985e-01
-1.230873780904099046e+00,2.587166062095097030e-01
4.676865694352758673e-01,1.149672713642612559e-02
3.528432553654576864e-01,-2.271813304757925797e-02
-8.448257972886892286e-01,-7.157078722113206781e-02
-7.536663098765257196e-01,3.988980730297760069e-02
-5.573242165641363599e-02,4.259132871335447601e-01
-1.033122006428307094e+00,8.013589032227599884e-02
1.078410738029731419e-01,3.173092669402489963e-02
-4.287914020798904713e-01,-4.369232643646489000e-01
-1.008844592057495104e+00,-6.877703261256566669e-02
-1.107298686146354294e+00,2.233035055068105512e-01
-6.877367665708440381e-01,1.196840987658018621e-02
-1.270098500256138685e+00,-4.186916118245800345e-01
-1.186091169329623884e+00,-6.668421038953888103e-02
-1.071231435016741562e+00,2.071102796480217556e-02
-2.984036208116731554e-03,-3.595312876678724567e-01
-1.227920417640908646e+00,4.033048694005522128e-01
-3.721599886317793482e-01,1.853159363552892569e-01
-3.994919523043125031e-01,-1.687818891951365502e-02
-8.521334939489934035e-01,4.244151765249190023e-01
-6.771458113036405990e-01,-9.967271650667765270e-02
-9.490261733571778158e-02,2.629469982900705660e-01
-6.124232138015579530e-01,-1.080044358136381111e-01
-1.063242028161410335e+00,-6.161289469470894176e-01
-1.269132271613560015e+00,-4.696357443794255682e-01
6.879673002561413966e-03,3.013011196545805626e-01
5.571648667149025486e-02,-1.479553492578011831e-01
-2.691623961281692790e-01,-1.267918778854087714e-01
1.099338706510426950e-01,6.435533221425650263e-02
-1.023879965822659610e+00,2.880894856572369794e-02
-4.419258823614913290e-01,-2.900229826962406054e-01
3.616183253651003571e-02,-2.332573080241141239e-01
-2.424369778534819081e-02,1.607130214540876617e-03
-8.055917474441226522e-01,7.990448631547933389e-02
-1.854882445398143009e-01,-1.703221903198431364e-01
-9.778270122042359569e-01,3.319033650598136875e-02
7.989723530472186974e-02,-4.670069823900443312e-02
-1.147111451594210463e+00,-1.686521834049939383e-01
-1.094133932215387350e+00,-1.351342177886369067e-01
-8.483795993360957466e-01,-5.219081836045492973e-02
1.540567913691977264e-01,-4.329714253238076682e-01
-2.548554302401222493e-01,2.020222778766225247e-01
-1.358084539443955296e-01,4.151557331364982145e-02
-1.096487835111157993e+00,-1.650144540356107692e-02
-1.079377738758154015e+00,-6.359513526018516216e-02
-5.787584571404061906e-01,5.192762483252676229e-04
-6.899088885508467550e-01,-1.172132319234338860e-01
2.429829452265382661e-01,8.430549355128351408e-02
-8.492249241650396963e-01,1.949977417325621937e-02
-7.391985348572895909e-01,2.300212570910883103e-01
-9.214245713647611913e-01,-4.982455511388609627e-03
2.351115846560769551e-01,3.549736218815877087e-01
-1.109000663620756555e+00,-5.172721484873027409e-02
-1.047990191357598411e+00,3.253053941730322252e-01
1.875084215015744293e-01,-4.796091207130369870e-03
-2.826688605456277870e-01,-2.481510524340359292e-01
2.226119693638177743e-01,-3.155996680102994834e-01
-1.086140392914869857e+00,-1.949060278982619413e-03
-1.079642380191867090e+00,-3.504527113996858678e-01
-1.603140699608051334e-01,9.347497565595881686e-02
-1.014033536346431896e+00,-4.688953076594399860e-01
-9.283672565458377379e-01,-8.612855031806156136e-02
-3.279346391009133610e-01,1.657205809137532806e-02
4.123780865567924780e-01,2.730548003138575930e-01
-1.521587544889276555e-01,-6.995498464864852162e-02
-9.191570559504380622e-01,1.734998629152169625e-01
-2.565665793121761906e-01,3.709242776675850672e-01
-1.053661537940086435e+00,5.828465367210886169e-04
-8.840181676741450945e-01,-2.558105067351230111e-01
-9.941577363681609603e-01,-1.947953421671371199e-01
7.034147323723567713e-02,-1.558856318361588333e-01
-9.311150132733815588e-02,2.818032844973896167e-01
6.518090698973437735e-01,-1.137282920068183323e-01
-1.024163956487712301e+00,6.726630499517655126e-02
-8.099599969007701197e-04,8.370723114143696630e-02
9.792313706127037110e-02,1.659036756004585444e-01
-9.182757367923820579e-01,-5.399379077311625835e-02
-3.009440417559568481e-01,-1.396830783956365118e-01
-8.502571279752291211e-01,2.829656894961978808e-01
4.880565200841210233e-02,-2.080857225656259357e-01
-1.406856149872169226e+00,1.688784719293191794e-01
-1.128342536329312917e+00,3.360722137680932642e-01
-8.336056168813916756e-01,4.079647428624033623e-02
-1.281868473157909749e+00,1.198947805918436499e-01
8.724842428628727664e-02,6.011862322285743687e-02
-3.492392517553698662e-03,1.265806442997889913e-01
-9.772492392849697618e-01,-1.359465616035378244e-01
-3.028873411045198694e-01,1.695292477594567693e-01
2.516721761075130792e-01,-1.293748181972371181e-01
3.830910887712479784e-01,8.870575806709828093e-02
2.155023118759899770e-01,-9.085367574181860140e-02
-5.281679360805792145e-01,3.197087457615647166e-01
-1.037621130789451174e+00,1.451361667225210816e-01
-7.317947448839122737e-01,-3.086784224843223123e-01
-1.127563099922840095e+00,-3.486148407854258399e-04
-8.464441415156165327e-02,-7.614715414815269312e-02
-2.958190753416797270e-01,1.288422883984013667e-01
-1.051908297937155679e+00,8.695019314976121239e-02
-1.260800737527226545e+00,-7.242771730670852226e-02
-9.716917266562526967e-01,-1.849938382686870317e-02
-1.146008638283587233e+00,-6.559258739836083818e-02
2.158185756032422742e-02,-3.457818906399454661e-01
-6.642008432466985912e-01,2.158061443501596566e-01
-9.456535847152757190e-01,1.936133067852019787e-02
-9.160498017111253777e-01,1.350805296000727462e-01
-1.389900105052478407e+00,6.656052476447192438e-03
2.497838337356615701e-01,9.330558315015767892e-03
-1.405662697947264617e+00,-1.265164633998987764e-01
-9.484493672317083623e-01,-1.627642070074205860e-01
-9.607989754894341594e-01,-1.057986875219419504e-02
-7.868466066601017550e-01,-9.772931602415424468e-02
-1.182409799011362450e+00,-1.890983441235865037e-01
9.984024026280041708e-02,-7.403709658692861351e-02
-1.327341314801572247e+00,3.010858904234880312e-02
-6.317307715907585219e-01,-2.597986939155275121e-01
-1.449983053873907579e+00,8.185022504144379152e-02
-1.016378714445688392e+00,3.921946684204982159e-01
-1.270528843981963085e+00,-2.185068426324496271e-01
-1.236283149433923922e+00,-7.917904802363466554e-02
1.715759590196328510e-01,-2.198838892134995227e-01
-1.474285697865664879e+00,-3.445275409861587868e-01
-2.791287277809255674e-01,1.210888684621537342e-01
-1.427688476829812370e+00,3.658640294209603572e-01
-8.691438252924026386e-01,-3.621709775692537325e-02
-1.248413425527307608e+00,1.723716323652533036e-02
-1.194423500918984304e+00,1.313462988087574779e-01
1.623679266644374453e-01,1.142989240508336252e-01
-1.023760176776788766e+00,-9.425746176420984890e-02
-2.064176455813007405e-01,-1.001364974882119341e-01
9.630526169011047188e-02,-1.420463663381778541e-01
-1.338021639932803319e+00,1.302296606648137567e-01
-7.379321214097207537e-01,-2.200432915704894909e-01
-1.151105881968581324e+00,4.137251984257757365e-02
-1.519862211225129767e-01,-6.509656466559976540e-02
2.508198139814705740e-01,1.203310437065187866e-01
1.456485826363208003e-01,1.298235622419207647e-01
-1.104611036973832006e+00,2.307778933399768639e-01
8.604956498273698406e-02,-3.662451328512067450e-01
-1.041308246635507667e-02,1.820029378590932723e-01
1.719698400173403363e-01,-2.577617182338902690e-01
-5.159507013513937174e-02,2.153319226401591846e-01
-1.054816890568899490e+00,-5.905073555099918936e-01
-1.388830918407482518e+00,-5.323399719301905586e-01
-6.141948686060723084e-01,-2.432287566423528002e-01
3.926362479440118070e-01,2.088067209656797041e-01
1.263164973082622940e-02,-2.591367267612138536e-01
-1.237850669357587918e+00,-1.890600173399259454e-01
-6.241778885944270217e-01,-2.142524650469485037e-02
-1.004414895530319596e+00,-3.310836352075468558e-01
-1.081165122708398763e-01,-1.173616490570853765e-01
-6.922528568364143542e-01,-1.206077525832800340e-01
-8.144149312898420201e-02,-1.718750603338900784e-01
-2.664275366776858167e-01,2.125603963123472162e-01
-9.105770367526955233e-01,-4.442295484519256932e-02
2.883469128670533843e-01,2.072832449601445803e-02
-2.462450694247234895e-01,-8.486955921681244019e-02
-4.232256929004322293e-02,3.405141211728288653e-01
-5.723172263274545896e-02,-4.563818050686512251e-01
-1.544847895073377664e-01,4.245364199314913267e-02
-7.401753796759767690e-02,-4.785016850791449783e-01
-6.299344641623820518e-02,-3.492497235641343067e-01
-8.644262854072763957e-01,1.355387424274201724e-01
2.466854812980313894e-01,-1.369518231790228524e-01
-7.452683415251286636e-01,3.219548383840875050e-01
-1.083794601108623690e+00,-1.047811429799995336e-01
3.092749674002407204e-02,-3.545948578316795302e-02
-9.375268099294582491e-01,4.516854591507256655e-01
3.364247667000776210e-02,3.164123240306700446e-01
-1.417232007772484259e+00,-7.088497037958047323e-03
5.208114441337117345e-02,2.373786772872786832e-01
-1.046601873607362565e+00,-2.167974225944108990e-01
-1.050470966918517934e+00,1.270521793319604187e-01
-1.012853545165885993e+00,-2.881220238983150939e-01
-1.087780475230720079e+00,-4.580965203686616638e-01
1.810175350706803021e-01,3.203800813307824957e-02
-1.689099507950140786e-02,-3.008563022312568114e-01
1.789185539116703860e-01,-4.623410814833529003e-01
-8.929064660815947407e-01,-1.969051691569673468e-01
-1.085639601023952405e+00,-2.492171252960103944e-01
-5.381078868679498584e-01,-2.543396258650948982e-01
-1.973981801008561354e-01,-4.541944933132480711e-01
1.378745415117952622e-01,-2.083573199072754345e-01
-3.203309215070988814e-02,4.692457811325924377e-02
2.922714326677311458e-01,2.336259139792597750e-01
-7.807575185264109541e-01,8.270104003941746145e-04
-1.130098988861386600e+00,2.346487266062213528e-01
-1.095017479370685720e+00,-3.960738275403288822e-01
-9.924971228451713312e-01,-3.254198898448426025e-01
-1.057152387519733727e+00,-1.444748309033681566e-01
-1.199482098407377739e+00,-4.854231325696857224e-01
3.499513277903803371e-02,4.445334823323818414e-03
2.372834673613988532e-01,5.823105642989720443e-02
1.715862871913845789e-01,-3.240111529569245086e-02
-1.437632133160681391e+00,-8.853949751425230219e-02
-9.903691085778905390e-02,3.731571636700000694e-01
2.222551959723961454e-02,-7.255897573331956951e-02
-1.271556404941031948e+00,-1.499766343377641753e-01
-1.269158196490126400e+00,-1.770837779294952008e-01
-2.357916032425373398e-01,1.759046139991873869e-01
-1.052392698463542109e+00,5.595258415274584340e-02
3.589570249473952868e-01,-2.804178129707319833e-01
-1.054643657221211450e+00,-3.843466582770646567e-01
-8.406595497926704075e-02,4.019624634904706700e-02
-2.742351653270536094e-01,2.413701895430823419e-01
-1.664231460306196952e-01,4.309352278165987093e-01
3.805418863377186406e-02,-2.360292255675242590e-01
-1.717585941506470093e-01,-1.399423635452283765e-01
-6.686096171154712331e-02,2.134696463150065615e-01
-1.365180110012652381e+00,-3.258340761582464995e-01
-1.279345657366535605e+00,-2.703740555216298247e-02
1.246402083363853386e-01,4.855308478398211863e-02
-9.063622848327912429e-01,-1.587738292762845560e-01
-1.009996047366378491e+00,4.188780454730930969e-02
-6.126559105844657793e-01,1.643395214640292618e-02
-1.166995207958042569e+00,-1.960115941496421987e-01
-8.664155925327197139e-01,2.255603494420265753e-01
-1.335630971481419849e+00,-1.480007631586897354e-01
-9.844407921102453773e-01,3.538157308684269919e-01
-1.165238962838169190e+00,4.006699707061379123e-01
-2.562008220493212085e-01,1.848557256987350683e-01
-1.155658312111735864e-01,3.148828465220337991e-01
-1.616332644060558543e-01,3.772848995780744286e-01
-9.332788668993895476e-01,-1.388447804965570742e-01
-9.954720562380303672e-01,-4.530114560939206836e-01
7.716008729214764161e-02,-2.940121040258728558e-01
-1.042539088662624680e+00,-3.126938493529782814e-01
2.228270519125886417e-01,3.277030472199209815e-02
-1.219623055611774198e+00,1.809060337239051797e-02
3.379148622094693688e-01,-1.163460400655444982e-01
-8.518936988819274525e-01,6.416547019739832214e-01
-2.664427106244620334e-03,-1.465589287609984637e-01
-3.788091433010757902e-01,9.942460780647376095e-02
7.137688428859158274e-02,-1.051303157846942143e-01
-9.267680082705453959e-01,-1.062684065249310389e-01
8.031863151002917312e-02,1.249573926974209687e-01
-1.329004810106652890e-01,8.207439631427547455e-02
-3.786030373148425304e-02,-4.399269443934229057e-02
-1.993692921536859841e-01,-2.076899969370813448e-01
1.917479681596034324e-01,-7.823885431467940410e-02
1.153419364486457932e-01,-1.204052086867175714e-01
-3.149270252126580572e-02,5.618961377649571709e-01
1.969975223665636765e-01,-4.778213718487947514e-02
-9.654900028919294330e-01,1.847609089774201463e-01
-9.510953461789727337e-01,-3.770202332217601621e-02
3.250641152850741039e-02,-5.225751887039048471e-01
9.935733050000367106e-02,-7.327116959593159284e-02
-5.473361202504003487e-01,-1.557496883793011710e-01
-8.014720005780826551e-01,-9.973295077467844716e-02
-4.071340590956007421e-01,-1.586240598086017251e-01
-1.096880362611410309e+00,1.755515544150805796e-01
-2.961227175840885906e-02,5.050774996566979869e-02
9.438353127171435208e-02,6.538543581735395405e-02
-1.156629556216228094e+00,1.634287199612450003e-01
-5.842389523999936413e-02,1.015737505763405213e-01
-1.004888712609794538e-01,1.506239130421327399e-01
4.415174784049936685e-01,-1.641143184267193356e-01
-7.903380275353191209e-01,2.552854948956784220e-01
1.415844317385058296e-02,6.498806407107653171e-02
-7.237644257859938701e-01,8.788990141767866193e-02
-1.271108366265439660e+00,2.274140295483232377e-01
-1.000163798459801301e+00,-1.752455516250780165e-01
-7.904895184576050671e-01,-2.800524901401266753e-01
-1.136153839402284538e+00,-1.414797751507123336e-01
3.281080075037507565e-02,2.227518241722568904e-01
9.521625058821922560e-02,-1.139588841926555962e-01
-1.119550313751888515e+00,1.564539603464313311e-01
-1.197350223833697935e+00,5.734694664424417471e-02
-1.292612880485142668e+00,-2.552792737788968092e-01
-1.166007181442634932e+00,3.486194100563442255e-01
-8.890581404660470310e-01,-2.504553863607441033e-01
4.470338116519300548e-02,2.071076603681419326e-01
-8.074601740476616829e-01,-2.708397417618207265e-02
-3.561089677283603427e-02,3.710524372891040035e-02
-8.717023734122848477e-01,-3.090819857009319618e-02
-1.740503801167723741e-01,-1.319729941730167500e-01
1.297983309916033168e-01,1.448323750519369402e-01
-1.075728778320934387e+00,4.451314795524758394e-01
-8.825950335727605900e-01,-2.247268516546651329e-01
-4.448428685184096509e-01,2.466774131740409048e-01
-1.386947848752347889e+00,5.112618629644116036e-02
-1.112247891763533891e+00,6.032754210315381845e-03
-8.560498534021339367e-02,1.626626159426953766e-01
2.563538497337773947e-01,9.453600656675102687e-03
-1.140563541783450097e+00,-3.182371560325682469e-01
-8.815785241038861519e-01,2.846229539397507891e-01
-1.083222167586738838e+00,6.227058839141589308e-01
3.640099364455860464e-01,1.723717138919996505e-01
-8.774980180686519082e-01,1.080081392644405974e-01
-9.869368874415568316e-02,1.313694481984246099e-01
-1.236982441263322630e-01,7.311112830808970398e-02
-8.297314713400862907e-01,-1.607657606604991352e-01
1.420384990310115947e-01,-5.890518778897999574e-01
1.310717376520924293e-01,2.908326223495089069e-01
-3.310471201046547712e-02,-5.900421375355507925e-02
-3.609839386543030604e-01,2.584821060470993137e-02
1.484209544786738721e-01,4.461632836978253192e-01
-1.088056396608649390e+00,1.864679669779139848e-01
-1.099710937965647783e+00,-1.085961358045139380e-01
-1.316187402043917654e-01,1.265767259686496060e-01
4.354136869567275941e-02,1.950608126282068755e-01
-9.434812703141879364e-01,-1.539878325186259667e-01
-2.229376626376263770e-01,-4.483762974987669514e-01
-1.471607597433110204e+00,-2.888009412263533443e-02
-8.225154095620988981e-01,1.255688694852035991e-01
6.007049542136357057e-02,3.489988532976456281e-01
-1.302465606642753126e-01,7.948692089180521558e-02
-7.014529301088174851e-01,3.806828986139730309e-01
-1.235003725642821459e+00,-2.360290763497408517e-01
-3.269591663674363824e-01,2.148893355269668459e-01
-1.377861502921196912e+00,7.491633193888165287e-01
-2.682613659390744032e-01,-5.697315943312247777e-02
-5.366391933057149677e-01,6.607173841924733095e-03
-9.783394868055027560e-01,-2.760627516570006781e-02
-9.201394448863196018e-01,-3.180902148436799970e-01
2.233145036219411628e-01,-1.152126631344219526e-01
-1.218401290257346670e+00,-1.281912547887696929e-01
-1.286244718646383234e+00,-2.872929111461002731e-04
-1.157308568503425672e+00,-1.529947949406489371e-01
-2.650524727294818472e-01,5.280303040328785530e-02
1.883638645258210176e-01,-1.492963487449632531e-01
-1.093504391922889063e+00,2.083983264190683235e-02
6.329597220160709803e-02,-2.428719693030048990e-02
-8.342621790568730544e-01,-2.576268347485037927e-02
-1.604519416407602854e-05,-2.074557282440074868e-01
-5.206207128145903112e-02,-7.867196649476239367e-02
-9.597844851055666870e-01,-4.571144595044523418e-01
-3.557719210886614580e-01,2.467949835025454175e-02
-7.185308527968072845e-01,7.039303565145711705e-02
-8.740786650153691273e-01,1.956230944760555812e-01
-1.465192691625264221e+00,-3.488754031709010994e-01
-4.875427298998321057e-01,4.559408322592819474e-01
4.744223057050844794e-01,-3.150114437500999703e-02
-9.385535883541946678e-01,1.136201960432187547e-01
-1.929202742098524714e-01,2.630850001818088590e-01
-1.140367167717507124e+00,2.223115288479059898e-02
-6.038150704067220265e-02,1.258094523284046529e-01
-5.753889983101354577e-01,2.122263354826387505e-01
1.116729277474238502e-01,-4.537259489178239319e-02
-7.330499796781799748e-01,-3.507229956176832059e-02
1.808568859561385245e-01,-1.856642588924344583e-01
1.789696860084707963e-01,-1.311036732418090489e-01
-7.700891066332733459e-01,2.104494343809784184e-03
-8.767461877911220114e-01,-1.360363918998514499e-01
-1.180416530296984234e+00,9.331047869436996656e-02
-9.931105280640774025e-01,7.964758294248126813e-02
9.994619652055414250e-02,-8.725292367633950136e-03
-5.374070298108527682e-02,4.033325821281819601e-01
-1.102777593781125998e-01,-4.527622938363581317e-01
-1.244698951759280803e+00,-1.599570737407880749e-01
-1.544292467152530657e+00,-3.779155177001309457e-02
-1.023282396323218935e+00,6.092479524667624574e-02
3.132555619214411058e-02,6.110486289913949487e-02
1.537500853090149611e-01,-2.666556734081496419e-02
-1.992490946998717039e-01,-2.388285933088173385e-01
-1.074311842203077960e+00,-2.267281185089098372e-01
-1.221227255773494891e+00,-2.445580520834562954e-01
-6.668222269024649540e-01,-1.051238264184750359e-01
-1.276621473752347136e+00,-3.919606801628972015e-01
-4.518724325019041893e-02,4.294355743949352516e-02
1.116899209196649811e-01,-2.479969306167723389e-02
-1.245661205152688522e+00,-4.293045538475934730e-01
3.654977799372667868e-01,-6.004646365829281046e-02
-7.892882161317911205e-01,8.348259339847281801e-02
-9.688183949372173309e-01,-2.639487532767695321e-01
1.023555927890034550e-01,-2.434045284639909865e-02
-6.338333836069334759e-02,-4.977511757612118615e-01
-3.794811468914955493e-02,-2.861575703466730930e-02
2.202974131752624409e-01,6.437166263292305735e-03
-1.413069863826107442e-01,1.611240961917431158e-01
-2.639589618061590759e-01,4.707133850399757707e-02
-8.030585931578393399e-01,-8.743639966694009835e-02
3.528014417259777158e-01,-1.591020075554596958e-01
-2.700225317057066698e-01,-1.606818081150928612e-01
-1.159897413661708399e+00,-5.804661802184359898e-01
-1.268275743722797833e+00,1.993576017129091715e-01
-1.086540987602069297e+00,-3.876283294098696874e-01
-1.103206168253452635e+00,2.877471186700617523e-01
-1.030161791670787252e+00,4.106557987903562967e-01
3.942586165851160729e-01,-3.109181780258616842e-02
-2.793847547247959584e-01,-2.767853233086380316e-01
5.520250204944093103e-02,3.795963158362241630e-01
1.043087018428229956e-01,3.217981814473877544e-01
5.353794009885127353e-02,1.674380839219357098e-01
-8.347573895771072117e-01,2.368368468981579475e-02
-1.266259691420769939e-01,-1.863764575165692827e-01
-8.858049652549329078e-01,2.735882686097294569e-01
-7.572384229473303474e-01,5.499786258310800091e-02
-1.124953090235475628e+00,2.990504953371094232e-01
-5.997569976983212481e-01,-1.025042392765364296e-02
-7.739948311175173234e-01,-9.902776890927714182e-02
3.908281891234431302e-03,4.941494799845108643e-02
1.308664227635397137e-01,2.564961106003045277e-01
-1.093118856550651108e+00,-2.481183120913319495e-01
-2.668758023666722434e-01,3.199183022352982686e-01
1.268334848354112920e-01,-1.594194786983380019e-01
-8.063964882497537401e-01,1.345572786773654439e-01
-9.483658618059566114e-01,6.854298687628336550e-02
6.922529942008985582e-02,-6.639980179644122682e-03
-7.803876228794964787e-01,1.438408113977472820e-04
-1.266951781347529726e+00,-4.959374991028096119e-02
-9.850879197197736081e-01,-2.188058884413471572e-01
1.936570875773904188e-01,1.543417641808753071e-01
-7.051097226411495722e-02,1.063639183408488370e-01
-1.340649604674665207e+00,9.427685161557979032e-02
-4.751565568576265886e-02,7.601012738704861216e-02
1.832582990006326185e-01,4.708498379768889797e-02
-1.210916613197730918e+00,-4.106545684075631891e-02
-1.820642254258437454e-01,-7.225561738217289864e-02
3.205415567328551152e-02,1.475338655858589310e-01
-9.479494644168443562e-01,-2.706201868742104111e-01
9.237444318372006746e-02,-1.285052047318372137e-01
-1.076106215801922561e+00,-2.422215151143975453e-01
1.318084529959790419e-01,2.391736617669389109e-01
-1.085041893149168546e+00,1.263466250675139013e-01
-1.426479780028821143e+00,2.136525723541339017e-01
-9.906408693127592979e-01,1.168153495080645199e-01
1.687115785296514070e-01,-4.213930465572781614e-01
-1.111605078921608314e+00,-8.773725626560792412e-02
-3.128603400487217079e-01,2.490484039934244553e-01
-1.046716162287778147e-02,1.120642815466087044e-01
-4.895806163374648579e-01,-1.962069132564634721e-01
1.813462995030911129e-01,-9.612093390767982581e-02
-9.221973198111752534e-01,1.769307070624408784e-01
-7.668514750352181109e-01,-3.019254442697136276e-01
-1.073597316456463835e+00,3.504846642611810642e-02
-1.429746483830031334e+00,-4.392682604024041038e-02
4.256792836265542446e-02,6.720848732299793127e-02
-9.518050653670528938e-01,-3.305478441715720694e-01
9.157138518046656350e-02,1.078036955399303276e-01
-5.387574913615609390e-02,-1.851272344165327821e-01
2.297068914811525031e-01,1.264705272609132902e-01
1.317420961365174670e-02,-3.564095250393510550e-02
-1.032560630147989933e+00,-2.729129421565755775e-01
-9.452663247549782932e-01,2.408730392681107946e-01
-2.022486937070724355e-01,-3.685917822825950929e-01
-9.608264895674246686e-01,1.545753167440667986e-01
2.677145606177124271e-01,2.691808511128263581e-01
-5.709542386533091873e-01,1.218819736485484140e-01
1.169214712936068323e-01,-1.517836912106841074e-01
-5.832465546541881762e-01,-1.822367461503078268e-01
-1.064958041608276007e+00,-1.239482998412877630e-02
-1.664796046438712929e-01,1.492749880200177626e-01
-1.313791820713296365e+00,-8.382280347510612240e-02
-2.041238963383509297e-01,-1.987362416667088350e-01
-9.308951423952607218e-01,-4.155956035207561405e-02
-9.666915208305332241e-01,3.254838403947834524e-01
-2.442756192636298951e-01,2.830826837526615250e-02
-8.088061957357889353e-01,3.974087641724178416e-02
-1.040994104245332785e+00,-1.872042175073958814e-01
-8.711156519369056550e-01,-7.642854740998235308e-02
-1.979687367568543077e-01,2.916230094734694189e-01
-7.501290202674870677e-01,1.728516263477363202e-01
2.723148472907767070e-01,1.942763404549033013e-01
-4.109841474487669899e-01,2.693908676297309124e-01
-3.489794614348055157e-01,-7.757136577829450153e-02
-1.125243761813058546e-01,3.636769716280767450e-02
-1.272708428012174320e+00,7.752219248355754488e-02
2.558689977482784816e-01,-2.197981148027529641e-01
-5.058082873984832695e-01,1.325204515477578504e-01
-1.255970101049379117e+00,2.029188621788519387e-01
1.400865200208710748e-01,1.772598783682921564e-01
-3.177527155333706443e-01,4.533587541404249938e-02
-9.469093184178433154e-01,-2.587449448513209904e-01
-1.305041883041314188e+00,1.999748988196814459e-02
-7.489285046287499914e-02,-8.850559083108282266e-02
-9.286603164517021058e-01,-4.291583048347262230e-01
-9.586528403376676222e-01,-1.040944249929909859e-01
-2.439978702656048770e-01,1.883304442717524951e-01
-1.386665263581513985e+00,1.704639101273341395e-01
-7.354772081810294626e-01,1.796356617185278781e-01
-7.027542985231802763e-01,-5.671176897510784576e-01
2.970274606984850130e-01,-2.526042097972879263e-01
-2.928494663743212434e-01,-8.094380064933007213e-02
-1.879405527477513993e-01,9.537125285471372005e-02
-6.321472322572447844e-01,2.185665708951713485e-02
1.958945668968980758e-01,2.339635311484556113e-01
-8.345664967759339747e-01,2.363915134897296155e-01
1.169239632392127387e-01,-3.458169684718991055e-02
-3.459397457539137299e-02,1.190834671397971029e-01
1.080278769951071305e-01,5.166965531464820516e-02
1.037144478666901376e-01,1.622938366848156178e-01
7.161401264540975808e-02,-9.581952900827915565e-02
-5.610645020154330087e-01,-2.277637805414342853e-01
-1.251711138810785107e+00,4.557659617499340565e-01
-1.178092665148902540e+00,3.302376193228542811e-02
-7.209186006105752220e-01,-2.663819474779866581e-01
-3.321612478876293517e-01,7.258578029999661341e-02
-8.319080972228934390e-02,-6.028081738657625060e-02
-3.465521164589142056e-01,1.183953579491097557e-01
-1.050854131599791019e+00,-9.813964643609118799e-02
4.993101648232821377e-02,-4.003731023289983093e-01
1.174081137311088346e-01,-7.490718805175090866e-02
-8.446509272763327303e-01,9.921865808496221906e-02
-1.374764729209149827e+00,-6.632278622131677903e-02
-1.235957717023617342e+00,-1.546757828729013740e-01
1.188461333509021646e-02,1.788215131184152928e-01
-1.039670475425863883e+00,-2.984536087368033219e-01
-1.506584635825493290e+00,-5.721890523429822711e-02
2.498797414874995571e-01,-2.961672973184131807e-01
-1.189510242545474439e+00,-2.587551078569593765e-01
-1.075666274383153320e+00,8.280658505696206206e-02
-3.739343664973151377e-02,1.455455269878830060e-01
-6.454470867290946767e-01,2.142066905594885717e-01
-9.016697841555285642e-01,3.936551471138078490e-02
1.609796369211446698e-01,-1.655855009696059477e-01
-1.156558382151242181e+00,1.488198571900226641e-01
2.364924938076644612e-01,-7.415319397172767668e-02
-8.611785447230527191e-02,9.464885530572181294e-02
-4.739452888858957103e-01,9.984118550488285670e-02
-8.593707346644970935e-01,1.984535973003184045e-02
-1.240209315571854543e+00,-6.012981184641560950e-02
2.634230198895234354e-01,1.896378087141822044e-01
-1.048955912349184283e+00,-3.824106038675389313e-02
-1.209044668495663083e-01,5.605919117335319418e-02
-1.113954132002806130e+00,-3.878909109803433397e-01
-4.566243869424778390e-02,-1.145176516410196799e-01
-7.110319505588901245e-01,1.243631707687805898e-01
1.639949259208158330e-02,-2.881815284972079685e-02
-1.036471363741915841e+00,1.709792267219001349e-01
-9.390248397149667525e-01,-5.792308677886483931e-02
-1.111346693578046496e+00,3.677858372397510567e-02
-6.241503442825195869e-01,-7.593754819431815239e-02
2.456126455926788410e-01,1.522770562493421243e-01
-1.020706622452631496e-01,-5.816495553845545813e-02
-8.290863744806620250e-02,2.189921136321384687e-01
-1.975937049607260632e-01,8.688906820161709788e-02
-1.257262117818245706e+00,2.723651730433182885e-02
-1.186678469283202753e-01,-1.810398946181988183e-02
-7.455443362390248296e-01,1.797909628658809489e-01
-9.868241678543461237e-01,2.596854051148628217e-01
-8.001853742406173087e-01,-1.498196732770291570e-02
-6.545040423280321651e-01,1.327943505344401642e-01
3.766884902028387605e-02,1.471216029017961280e-01
-2.395250143282152411e-01,2.113050031557866804e-01
1.988879590650348139e-01,2.250974386972529051e-01
-1.079730882222354138e+00,-9.171186663535366157e-02
-1.448555315014981915e+00,-6.162964483122051335e-02
-1.026289057245720393e+00,6.348787210460737906e-02
-3.610073615606436137e-01,-3.935074898154754530e-01
-1.027964971025581375e+00,-2.797157761897496320e-01
-5.232350382055099558e-02,-3.829846846476535338e-02
-1.147538930027026671e+00,-4.719773293807126291e-01
-1.279499866217703063e+00,6.862562091065907421e-02
-7.329821379791365277e-02,1.426509840614719193e-01
-1.097622208590369297e+00,2.485257574844858819e-01
-2.373059472530451020e-01,-3.990052398946347667e-02
-7.819472387339916342e-01,-5.729042936169329719e-02
-1.165601894188704302e+00,6.022126646897984006e-03
1.049041518451550581e-01,-9.504327457448553951e-02
-1.884644716975899803e-01,-8.356810555092376858e-02
-1.002443742373997360e+00,1.710100703269752109e-01
-1.257403425463974878e-01,-4.610922917072902277e-02
-9.451454500153505522e-01,-3.204900023568883066e-02
-3.615637700991462533e-01,-1.615231832634405618e-01
-1.079391720022402357e+00,-3.631211318883492134e-01
2.224169483903756517e-01,1.222681434573411191e-01
-7.809719202287343509e-02,1.399178199316422899e-01
-3.450831296466710940e-01,1.835123918573717261e-01
-1.297254553182661141e+00,-2.457426030703727393e-01
-5.665599900924593868e-01,1.641794286723946839e-01
1.503818903399553875e-01,3.839327070632003180e-01
-1.532556842830346822e-01,-1.785770068397027066e-01
-2.777402256135065237e-02,-3.085388471620619244e-01
-2.980121267648918049e-01,1.896003742278487003e-01
-5.208779916477536409e-02,-3.094536364976903098e-01
-1.511351726060862877e+00,-2.665029931772066041e-01
-8.643301513009559178e-01,3.120206245127482222e-02
-1.039307682496753094e+00,-1.028592537536605379e-02
-1.019724708073196817e+00,-1.279472228002661582e-01
-6.094760502567153626e-01,-1.497468800887472862e-01
-1.129015027700033674e-01,-1.924991703186897662e-01
-5.499866155399970452e-02,-1.589098631493046365e-01
-1.222791516027464942e+00,7.645641209731353360e-02
1.357309383331404828e-01,1.656119490682798623e-01
9.064677959246278394e-02,-6.397707435119834307e-02
-1.459029029452982573e-01,-2.759883214704741405e-01
2.008856635677303271e-01,-1.893867885953633423e-01
-8.992174916555278896e-01,2.982186067720447586e-01
-1.530192865479428121e+00,8.714729495706903528e-02
5.205518935146652426e-02,3.223772647328427832e-01
-8.101475335358248042e-01,1.439066127318646728e-02
-1.002937729847751092e+00,-1.206481595066668244e-01
-1.623390951785059766e+00,7.421417717368820194e-03
-6.979357574260221242e-02,4.263994408786714319e-01
-3.998126183697324754e-01,-1.269362602900914461e-01
-3.557769311136400603e-01,2.418011987755376568e-01
5.862104849586480260e-01,1.740980816567561096e-01
-1.025077915333482359e+00,3.658266241061330359e-01
-1.216800806860758755e+00,-9.026942451557874031e-03
-1.064313571958987348e+00,-4.142142680874034699e-01
-1.145111303161229221e+00,-3.220762423281944842e-01
-6.559542992403553929e-02,-4.266820260551253408e-01
-1.429820756690620698e+00,-2.562574736474802495e-01
-7.449260804667637292e-02,-1.367750647505034667e-01
-1.295446660776372605e-01,-4.283878916787803998e-02
-2.105745559826032245e-02,-1.716377299244530863e-01
-2.855834131524240260e-01,-2.240308309231592021e-01
-9.663522305479704810e-01,-5.952475730714672925e-02
-2.346823132591169606e-02,-5.394808536353636746e-02
-7.870319010998463316e-01,1.262513278682332873e-01
-5.155768613747351292e-01,3.220133615613627875e-01
-1.050306543841635465e+00,3.587492618121854854e-02
2.996473524417953560e-01,-1.776681664325086563e-01
-9.791179878148565940e-01,-2.783786298041316942e-01
-9.285173918678364391e-01,2.149058755414479660e-01
-3.118253788425008333e-01,-1.851612456636229920e-01
-7.063779839446863162e-01,2.701512053318219642e-01
-5.069764549911597307e-01,-1.270932993412608389e-02
4.122789928235840451e-01,-3.475387191884269367e-01
-8.043176782925672841e-01,-2.157505604749531958e-01
-7.413098289498465387e-01,-1.286651682136628339e-01
-1.031889237425836381e+00,-2.804606521040119427e-01
-3.405638195126548667e-02,7.374761966769787236e-01
-1.110382307086483111e+00,-6.888623243041810951e-02
5.557772172078491446e-02,-5.784370092017182552e-02
-1.482065595416845183e-01,-4.617753060981354130e-02
2.659738037068742345e-01,8.011113198142303174e-03
-7.780929012456737348e-02,-6.377268949031299206e-02
2.007048806028922106e-01,-1.821089102630479850e-01
3.193213902972688034e-01,-1.845011369341249471e-02
-8.834301863432959812e-02,1.357288035807577009e-01
-1.052675959715403842e+00,2.516891554803695197e-01
-1.013453773796465951e+00,-8.217558441998147611e-02
-9.944667225283154721e-01,-2.184857746568258652e-01
-8.535559296737080803e-01,1.361924843141534558e-01
-1.652456502788654802e-01,1.008259011968622443e-01
1.761389545765343900e-01,1.509738754348696754e-02
-3.565287838577664292e-01,2.646280416632201260e-01
-1.335377489703572507e-01,2.421448048273729114e-02
-1.859829379413546202e-01,-1.577736880334504321e-01
-9.480581373549782365e-01,-2.188699591161057667e-01
2.974615290603818685e-01,-5.481839992739480361e-02
1.362020263059199598e-01,-1.816500443240053053e-01
-1.133619395638859828e+00,-2.207790600088565813e-01
3.732829131350717811e-01,5.275111880446558404e-03
-1.071110391113006433e+00,-2.121459577770363203e-01
-1.203404173697411483e+00,-1.767831661590063275e-01
-1.008050792666997264e+00,-1.120361686082520097e-01
-7.973681923060604859e-02,-8.279953836212428087e-02
2.648027859153349040e-01,-2.966752968516753741e-01
-8.644602975756368601e-02,3.126513940271279102e-02
-7.615820402847872650e-01,3.035290618821788813e-02
-1.173520951321328054e+00,1.171519070642479537e-01
-9.534988957840748736e-01,2.792241127732463801e-01
-1.261375965576427005e-01,1.130700243691915574e-01
-1.014345439146449479e+00,1.559056335104136992e-01
-1.107541592090581339e+00,4.365906453600726933e-01
-1.231056770247302534e+00,-2.356413717851325168e-02
1.437946833126467761e-01,1.489342887756683609e-01
-4.176017848609658301e-01,-4.242648988220333378e-04
-1.336611153729601931e+00,-2.092198372850111524e-02
2.104679080047355821e-01,-1.079227972724440404e-01
-1.081008182727618783e+00,9.866302899522202963e-02
-8.496147089009167125e-03,-9.734787894657338791e-02
-2.877436487961697320e-02,-1.701573622135190145e-01
-1.045088848380459234e+00,-2.520544850852884933e-01
-1.885631192613299867e-01,8.701952535494660024e-02
-6.031391864808133274e-01,-1.542572047094837029e-01
2.798613363657801445e-01,2.959753067286043440e-02
-2.709083637705052006e-01,-1.645839558443559225e-01
-7.342732450043778503e-01,-2.401293001625899037e-01
-4.316354620225427152e-01,3.062997695847212345e-03
-3.073907383833149320e-01,-1.796349958712090411e-01
-1.007879885731758574e+00,-3.496797797146962705e-01
-1.108457067657259820e+00,-3.238653355492419894e-02
4.969741880899974928e-01,4.463789873729746560e-01
2.689148047615863221e-02,2.502776733231613093e-01
-1.035547292973479472e+00,1.045522133173335810e-01
-4.112176612291799926e-02,-1.349201170886082657e-01
-9.326111383105255559e-01,-2.661938499760364008e-01
-7.277980867332300985e-01,1.363134317745375301e-01
-2.106961132691401450e-01,-3.412994066079356181e-01
3.215938576284245176e-01,-1.971372005519115844e-01
-1.006447076314633371e+00,-1.380792626481286700e-01
9.464115358172450754e-02,8.111298212158407628e-02
-1.397880375306365108e-01,1.053581980383308941e-01
-1.024233201920307978e+00,-1.168635492435426138e-01
-1.136356990669973310e+00,-5.023888938506175517e-02
2.268120728908091521e-01,-1.436720098706119886e-01
1.306163450008160920e-01,-3.844765482727350858e-01
7.756060845200442311e-02,-1.280742864190570762e-01
-9.819877797354512605e-01,-2.196921635440890197e-01
3.385168361345809451e-01,-1.489050411549004138e-01
2.848754622477879250e-01,1.023369162782890168e-01
2.847084837558114812e-01,5.055760542091823906e-01
-5.471186946410977470e-01,3.102120034529584069e-01
-1.109827747612526450e+00,1.730353199811743570e-01
7.809221022465819007e-02,-7.206743269088741743e-02
3.437507456403731537e-02,-8.776521850649586509e-02
-9.002163077606161190e-01,-4.491232972524820122e-01
-1.303347764757416982e+00,9.213901837456003885e-02
-9.428448438079966021e-01,1.093395389265071765e-01
3.186549097595152702e-01,4.850220766133109263e-02
-9.262955714793676965e-01,1.319078723038332179e-01
-6.724951255158336796e-04,-1.812167547379427979e-01
-5.704777082386693898e-01,-4.416404152377371647e-03
9.976362137134885122e-02,-3.424080430816023313e-02
-8.859104901829516210e-02,-1.260121024659948963e-01
-1.292759189984954205e+00,2.103806510622159842e-01
-5.836707248924248859e-01,-1.981628425584202602e-01
4.107911489379408865e-01,2.996311950011696368e-01
3.638624619215525408e-02,5.067589767555800984e-02
-1.588559722717281852e+00,1.990267328167710792e-01
-1.028762199609901007e+00,-2.371600132329392333e-02
-1.090537895313786976e+00,-1.768022677167977452e-01
6.802319234833154038e-02,2.252842990047055748e-03
-8.884092123562144228e-02,-2.498492023882355750e-01
-6.236626540953420506e-01,2.492744907018556166e-01
-3.243115827990131900e-02,-2.145536321842269056e-01
6.934264818757591986e-02,3.702869352517938056e-02
-1.313912698606837459e+00,4.055779445965065344e-01
-8.728680877808148164e-01,-1.475161363892323885e-01
3.289137611824895138e-03,3.242983498833538203e-01
-1.200419274477351417e+00,1.749331392557744447e-01
-1.049168120736654330e+00,6.679735348315177235e-02
2.757370456099543232e-01,1.189201934303167618e-01
3.067630599250373638e-02,-1.197863866694307416e-01
4.089668871444850778e-02,-1.292816184586179917e-01
3.077341524101057657e-01,5.861138464320707619e-01
-1.317710854210417892e+00,-2.463123258175504149e-01
-8.344972897693306857e-01,-9.326719394917493480e-03
-1.140380538619761852e+00,-2.430541832112690093e-01
-3.789446353183726357e-01,-4.308680632829550161e-01
-8.503288363515759674e-01,8.803252839129210860e-02
-1.045472330236850933e+00,-1.344286997839194975e-01
-1.585103620227438503e-01,3.265498527295990910e-02
-1.199295696846184311e+00,-1.123953320810903850e-01
-1.348530231579504468e-01,6.043036032915898026e-02
-3.983698171220715345e-01,-2.553916402493819904e-01
-1.246386275910456254e+00,6.297710564777014852e-02
-1.258494661762160849e+00,5.395959452554717206e-01
-9.613019128983577577e-01,2.721854934770795084e-02
-1.038215269893072001e+00,1.548922031799905216e-02
-1.051017030770834637e+00,9.704084244137388404e-02
1.273845356578671151e-01,3.124876760153933244e-02
-1.104473925844558835e+00,8.312158055567318016e-01
-8.951211190946937180e-01,-3.339462607262348726e-02
-8.798586164386043018e-01,2.067900927047584270e-01
-1.236852045921315729e-01,-8.248665964489506133e-03
-7.318902179719093404e-01,-9.083402735859042940e-03
-1.293637591841013679e+00,-4.512149379806691674e-02
-4.855333241807197053e-01,-1.555376609865509185e-01
-2.763637764663747221e-01,1.469298032555910460e-01
1.220433327817372765e-01,-2.456153635760021658e-01
-8.422310187182019403e-02,-3.665825283399383183e-01
-1.485612598812809049e+00,-2.058932060919110019e-01
4.226064784478920922e-02,4.210912698933366727e-01
-8.734922117324395163e-01,-1.168160797530577721e-01
-1.127498268739881127e+00,7.761103600692409454e-02
-1.231491131034061048e+00,-1.928570994640209924e-01
-2.317415366906283303e-01,-1.070823091591163595e-01
-1.204062160876797183e+00,1.275053886083576671e-01
-3.485395839690566544e-02,1.648030582337417782e-01
-1.519640901914569020e-01,3.236678255015053990e-02
-5.900471275896769230e-01,7.456614203623753712e-01
6.564799017570835393e-02,-1.126075726620904965e-01
-5.964268173712963805e-02,-1.074605685432118984e-01
-1.304150236146661479e+00,-1.057746212724332696e-01
-1.183314944771064026e+00,-2.062586241050303193e-01
-1.050866358249388011e+00,-2.882545385213718947e-01
-5.822690388018659374e-02,-7.837522053311679615e-02
-1.029976532621926566e+00,-8.173588903768923275e-02
-1.211090056119674907e+00,-3.715875713625451521e-02
2.758597330290366023e-01,9.421832102944169285e-02
-9.977637684068401125e-01,-3.651664876456683917e-01
-2.669758782698439803e-01,-4.804478321159132842e-02
-7.815317829603070088e-01,-9.662463078136073608e-03
-1.597534816492050813e-01,-2.321227299445908498e-01
-1.038806261423001143e+00,-4.654630746860367596e-01
-1.082670863388498078e-01,8.570680901809495100e-02
-2.305621759785600189e-01,-3.497321827500634583e-01
1.000745486586317595e-01,-1.518144911879442671e-01
2.124060384720055095e-01,-1.890033545748226809e-02
-1.084355827734115874e+00,1.338590168364349464e-01
-1.476935966036975467e-01,1.620869345388235502e-02
-6.198128592605543774e-02,1.762257720482520718e-01
-9.538168338485289999e-01,-2.379994982762488331e-01
4.105824020932731799e-01,5.553919116344925300e-01
-1.208355988517425400e-01,-4.397313549535759869e-02
7.224019118327529299e-02,-6.951307778462043063e-02
-8.253485688185633329e-01,1.412405425490241562e-01
-1.071128831546869220e+00,2.794318366295031053e-01
-3.526906385519559262e-01,-3.862833801974822068e-01
4.090131916534377465e-01,-1.753389468356313444e-02
-8.701581005333376417e-01,4.850481817403314022e-02
3.595951676710641420e-01,-6.017265016108044318e-01
-7.539214690986564271e-01,-3.498222782028556632e-01
-7.547639153829688308e-01,8.207959596062688878e-02
-1.266332234863995376e+00,-3.850799123800420221e-01
-7.592072542213128550e-01,-2.509902976785863271e-01
-1.418020351090630626e+00,-4.512499002400314208e-01
-2.212339250763092624e-01,4.638670769676980082e-02
-3.108442492215858222e-01,2.214447946311916826e-01
-1.223534901175336698e+00,1.396741260689236819e-01
-1.151602983515596312e+00,-3.671308619471759793e-01
-5.006304650756251279e-02,-5.944470989558506974e-02
-1.121808717005145173e+00,3.519827330209731597e-01
6.737179246041581637e-02,2.252948203037319908e-01
-2.026457321951490309e-01,-3.807137825201677428e-01
-1.886726972150751802e-01,-1.512299754793256235e-01
-7.018405883494165109e-02,-3.865319304903065412e-01
1.357508702077063201e-01,-2.085097065600370336e-01
7.809637860153063882e-02,2.069153785930244287e-03
1.820181357426096935e-01,3.609688885157216198e-01
-9.081754277300144729e-01,-3.130982814583688212e-01
8.958158776832417236e-02,-8.956725759780365115e-02
-4.470783227505970708e-02,2.632303383158083321e-01
-1.052644669847381920e+00,3.631338802171374947e-01
9.053774371417281155e-03,-3.245988529950647461e-01
-9.968680543667960414e-01,2.269792581230467843e-01
-1.029383379114918506e+00,-5.237063426255712112e-02
-1.103234377236379071e+00,-2.789584753512366899e-01
-9.244296434834684550e-01,-2.921908567054397055e-01
5.236361658236453609e-01,-1.586410810182794506e-01
-3.409351017114183729e-02,-3.542322401509946928e-01
-1.423399027788584847e+00,-1.457145740375216658e-01
-1.109400784863201483e+00,2.078836323393988550e-01
-2.783958645229621734e-02,-7.290719396513047068e-02
-1.118058364113121872e+00,1.116340786628454984e-01
1.054239243638805876e-02,-2.008099055036565994e-01
4.313796165112551151e-01,8.542130385535003090e-02
-1.125042294197831499e-01,1.138109510327939555e-01
-8.655428887744929245e-01,3.066622951388011664e-01
-9.725799552802062431e-01,5.878655266352116743e-02
-9.491183836750097802e-01,-4.091982811105934759e-01
-1.116788570079929876e-01,1.077004254068327470e-03
-1.036989245885340694e+00,-3.356089941683071398e-01
-2.287039983250530872e-01,2.391128063635611645e-01
2.971162027620327106e-01,-1.839917928135106906e-01
-1.147498868002618355e+00,2.747193243744862068e-01
-8.458912197132955058e-01,2.627115680286480348e-01
-1.157498336468746114e+00,-7.860148732504398938e-02
-8.956195944112881335e-01,-4.641456068033137684e-03
-1.177320245701343415e+00,4.712265940546215837e-01
-1.335865192409485536e-01,3.809243905158068433e-01
-3.033683846017298791e-01,6.453124309202618036e-02
-3.564688634197831218e-01,1.340776235820212159e-01
-1.259278006780720549e+00,3.911803764566388897e-01
-5.720792783957481115e-02,-1.837025174110240855e-01
1.784241388893131053e-01,4.270087359001369376e-01
-1.097149886625442328e+00,-8.776119467320050993e-02
-8.948086911526633713e-01,-2.213562621922013918e-01
-9.510881014080626583e-01,-3.007417886515284522e-01
-1.193298857494080822e+00,7.360719233688194085e-02
-1.254556609486982832e-02,-1.430844503937280521e-01
-9.502746229923819676e-02,-3.745048568990474447e-01
1.077117660117843899e-02,6.871548689015836986e-02
-2.719192048333233299e-03,-6.702123976189104659e-02
-1.420855860848455166e+00,-1.358967420517089852e-01
-7.130782291631897474e-01,-7.145657238093937325e-02
-2.531329940869160855e-01,2.367022729286604454e-01
-2.075981822159473633e-01,-7.541070649211836785e-02
-8.181562748545503361e-01,5.260256939127274517e-02
-8.572589762635963312e-03,-1.467892788440134100e-01
-1.140184832683705185e+00,4.935182882851446573e-01
-5.384982131451877124e-03,-1.376766617692843087e-01
-2.888196343098364816e-01,1.721792679470897647e-01
-9.383233874563017274e-01,-6.642456460132388774e-01
3.156863570069969038e-02,-7.163809856846424517e-02
-1.793345625897786177e-01,-3.673750878037512213e-01
-1.073019081426831001e+00,2.648463616606608340e-01
-1.065502316227427970e+00,-1.369497015662546613e-01
-9.941769046497342388e-02,1.760500576829564789e-01
-1.163371051228263564e+00,-1.578370447015937650e-01
-1.469113290529132643e-01,-4.429791011506793719e-02
1.550858961898904098e-01,-4.518568886751892638e-02
-3.936584910033708029e-01,6.704351332526234386e-02
1.637997779268622334e-01,-2.148087221199858898e-01
1.546594839883860817e-01,-1.371876994173660581e-02
-5.769114634398941899e-02,1.282811037051596048e-01
2.504634195922217366e-01,-1.217322936696011715e-01
-9.622671824846630306e-01,2.539821201845563620e-02
-9.136317697067434240e-01,-3.019257021005760100e-01
-7.693530076703584131e-01,-1.390453049272892261e-01
-9.132744614195864585e-01,-6.239925680016162463e-02
-1.154332652106060397e-01,-4.064330592334055581e-01
-1.825579274449256051e-01,-1.188553227367144666e-01
-9.693198811658347569e-02,1.584232456240513565e-01
-8.304651886398766170e-01,1.791432626554071983e-01
4.415938132294986995e-01,1.778621566255717823e-01
-1.440061887200286272e-02,-3.128279201420375855e-01
-8.414791031203157079e-01,-8.107537639158446385e-02
-1.107096262415796062e+00,1.043085125728052537e-01
-1.315376115234261067e-01,-1.077849415420180368e-01
-8.855690769119288763e-01,-7.871738470741055163e-03
-1.297324879207258475e+00,2.221458429068878804e-02
-9.772464340440737418e-01,-2.423898535882419991e-01
-3.607890137387801399e-01,-6.335872147561506795e-02
-1.085748750334926793e+00,-1.810166458157162483e-01
1.022115347148959547e-01,-2.236115474758771371e-01
-1.104339015404175894e+00,2.167379167646896476e-01
-6.299639899945516652e-02,-3.193047315520627372e-01
-4.179773244879281258e-02,-2.631402624687542713e-01
-9.724426604931168949e-01,-3.253651347544943007e-01
-1.326263120046156097e+00,2.466005879027667880e-01
1.875239652022039905e-01,-3.353865375573900631e-01
-1.375451230535396308e+00,4.491299008993383107e-02
-9.196142024831879258e-01,9.426584109974554815e-02
2.375200419620729642e-01,2.765329459687652230e-02
-1.315239290287250951e+00,2.512039885094969338e-01
1.768509851838236113e-01,-1.335689981279534755e-01
-8.338792502848216825e-01,2.082315449737714985e-01
-1.864102085779710261e-01,-3.835062228831005449e-01
-9.389681124614550622e-01,9.508528056035885079e-02
-9.123468207427483101e-01,2.216272271206507806e-03
3.462143190450572144e-02,-5.790304838362794748e-02
-1.021737945200470010e+00,-8.653939070468348593e-02
-8.440624665754079547e-01,-2.008691288441755152e-01
6.803079677931374303e-02,1.725456122899440281e-01
2.016564511924340830e-01,3.673454821422397765e-01
-1.169776869227889371e+00,2.574674268319214823e-02
-1.080942778586560626e+00,-3.127576472320436340e-01
1.767060643055820834e-01,-5.437216273985653534e-03
-7.241435632177937176e-01,-1.474064300695649143e-01
-1.015899174144490269e+00,2.759350411275976467e-02
-2.093604817985057487e-01,1.438414780132734050e-01
-1.823446523638179093e-02,7.234716749686549708e-02
-3.841902980561921754e-02,-8.814600822760988719e-02
-3.235615697251827405e-01,3.674552443177166866e-02
2.123848797110219344e-01,-9.611247573584114079e-02
-5.051352002209932301e-01,1.780152706724376643e-01
-1.283601639433681996e+00,3.117266476047589885e-01
-2.605493274985520857e-01,-3.250038846745024190e-01
-1.301856994603266537e+00,3.326723218189259201e-01
1.437968104636473850e-02,4.967140930486863004e-01
-8.356695829697655675e-01,-3.109225851945260355e-01
2.012806821279178038e-01,-6.202869459282642911e-02
-1.037889171950456130e-01,-1.910419832098111254e-02
-1.788019001194225965e-01,7.386178092680248213e-03
-7.751550641202622494e-01,2.549625511458645036e-02
-9.145413725755857648e-01,-2.039099548774017390e-01
2.000526767812567941e-01,3.503320651679650566e-01
-1.330358322447217745e+00,-2.218325269056258264e-01
-5.249725413341561620e-01,-3.664498383625068578e-02
-1.246837118254365412e-01,1.596963167647925952e-01
-3.152467666233510490e-01,-1.724007119679544023e-02
-1.238528155897307581e+00,4.248082493734567366e-01
-8.939854823529536088e-01,-3.310312010632995849e-01
3.780719317221061804e-01,7.993696237198229249e-02
2.328407606830874277e-01,3.695876544400644031e-02
-1.110301196868632934e+00,1.493473943300359548e-02
-1.054994446618039150e-01,-3.499817039642248023e-02
-1.335540779899203057e-01,-1.817089373363386107e-01
3.980685451085407833e-01,-1.670885406589972255e-01
2.282681489822236398e-01,4.706599245710965662e-01
-1.836023032244548658e-01,-4.140617618849950499e-01
-6.617695149839415425e-01,3.500104721406518959e-01
-1.125668959787537782e+00,-2.241966309780696331e-01
-3.645275081730652289e-01,-7.631803710183943101e-02
-1.249873651833138588e+00,-3.459151822715875180e-02
-1.021081982123729637e-01,1.799699119439892858e-01
3.567971207994519861e-02,4.928075186218543180e-02
-1.368329919585468402e-01,-3.233469621923945048e-01
-1.018069245374183307e+00,1.108960563458952359e-01
4.930011503366728554e-01,5.780942476738958058e-03
-1.162367461397177060e+00,-1.525470616973806925e-01
-1.901905669560405299e-02,6.688447813985855250e-02
-1.352221649253456892e+00,-9.370996443597516545e-02
-1.027364995553227134e+00,-1.929171781533330077e-01
4.928755822521291297e-01,-9.208102692206825146e-02
-6.523910311518210658e-01,-2.758975722053774726e-01
-3.104850874433663921e-01,-3.264203931767311051e-01
-5.813629458361861957e-01,-2.982287912572099686e-01
-1.323828300759087417e+00,-5.060072430650072034e-02
-2.881146574048227757e-02,2.822063569158824933e-02
-1.062540317460083816e+00,2.487365345346586043e-01
-9.305574921315613590e-01,-2.380392932116403848e-01
-4.949847923350933487e-01,9.424722923304229907e-03
-9.416262313405908690e-01,-1.019681275482976351e-01
-9.295103138383051800e-01,-7.521097763066835439e-03
6.224811725662680872e-02,7.215572380213811088e-02
-7.529526883788293379e-01,-2.148385187658339024e-01
-7.973899239149182527e-01,1.839664170211532113e-01
-1.117401292976555105e+00,-3.845325150934428976e-02
-1.261781901362394098e+00,-1.902249683159323579e-01
-9.142679416781038793e-01,2.670589297053840849e-02
-8.821882755742529447e-01,1.973949624126291325e-01
2.521514924231177956e-01,-3.423585048900996269e-02
-3.508586838781693196e-01,1.290388223115929156e-01
-3.078238162388584609e-01,2.326094550196503713e-02
1.232150541413192385e-01,7.161966094794450233e-02
-8.235664754694960177e-02,3.325349163900886973e-01
-7.357559489620167925e-01,4.689855013972221709e-02
2.076708539128664377e-01,2.120450814980914533e-01
1.436947342959123686e-01,3.383544466393124117e-01
6.884717723898062247e-02,-4.539888551713955334e-02
-1.019720276565026174e+00,-1.257046546788524732e-01
-2.812647838158016667e-01,1.159770144680408455e-01
7.679604650145645250e-02,-2.747085464318733614e-02
-6.456263817320270215e-01,-3.882018658233116204e-01
-1.053250473492987199e-01,1.125242505846278107e-01
-8.993287514525420967e-01,-1.231239653628264652e-01
-8.014178159621205833e-01,-1.037275736344645954e-01
-7.949211881000891600e-01,8.012804290051776801e-02
-1.731351339832189196e-01,2.052830735917715588e-01
6.597009154829966415e-02,9.510655307664642177e-02
-1.031167907727227884e-01,-2.422021973521415461e-01
-1.040705147327466662e+00,-1.229543932061249317e-02
-1.637281984868950713e-01,-1.557406968652687573e-01
-7.665672052068054354e-01,-5.871361894954674199e-02
-1.328910092605283477e+00,-1.721763986998550988e-01
-6.930693625593962182e-01,-7.175699410359633046e-02
-9.748485103864819035e-01,1.985145429361327707e-01
-9.177178319087968550e-01,7.464614180459207271e-02
5.997677158893768845e-02,-1.159472200921818352e-02
-1.142362857754133515e-01,-1.381880412802082361e-02
-2.404961001553641287e-01,-1.561708458431960711e-01
2.596716174799808610e-02,-2.591276455523695565e-01
-1.312720311155601616e+00,2.085916882608034317e-01
-8.582727153800043807e-01,-1.684096671533863998e-01
-1.795094750174360820e-01,2.732195836801714142e-02
-3.065186181118068065e-01,-3.122142097747847567e-01
-3.506744756338399382e-02,-3.509190361255006829e-01
-1.007205901799292480e+00,-1.731806161834802404e-01
-9.954497379774442933e-01,5.720637847657560060e-02
-2.617222779664560850e-01,2.154000334833059971e-01
9.001902594921772083e-02,-2.855090737138213375e-01
-1.020119037294330067e+00,1.340975876150920509e-01
-1.398828919192872666e-01,-1.635674144094528826e-01
-8.506158663573411272e-02,1.217211178487993123e-01
9.685020661117112184e-02,3.179339085682407751e-01
2.182122659093703454e-01,2.645383397462796049e-01
-9.921677886309199224e-01,-2.511461493054960581e-01
-9.805854740236952249e-01,2.777664907200867450e-01
-1.167119791320932576e+00,5.794048607491229796e-02
-9.649777304602404904e-01,-6.867736921903557119e-04
2.171756920385456979e-01,3.559643126718607387e-01
-1.083523854497332461e+00,-1.437570549286715238e-01
-1.100551995674306616e+00,-2.812945658688750239e-01
-9.602724710854638746e-01,1.474445579411016727e-01
-2.296011047322034926e-01,-2.044912784101069192e-01
-1.090134318726407314e-02,-5.291147601924062194e-03
-5.563965442412249079e-02,-4.174028197862248435e-01
-1.158074064930978697e-01,-8.218633021303571595e-02
-7.935662723277805419e-01,-1.225717667742877021e-01
-1.186645441460146166e+00,-1.310148156169650517e-02
-7.870693400657804983e-02,-7.976172936376565385e-04
-1.216877014975301652e+00,4.010385615340451154e-02
-1.376177687169360120e-01,2.488403064847560520e-01
-3.499752983894114378e-01,-3.868434155708133648e-01
2.207459257558978816e-01,-1.995539328147895863e-01
-9.600382151137861753e-01,-1.416496848312263634e-01
-1.096655881688814338e+00,-1.926393393301610024e-01
-9.711397866428972403e-02,-3.426163452750964622e-02
-1.327669159003529442e+00,4.269799810827000774e-01
-7.993633137601509342e-02,7.139677278784918590e-02
-8.042008282988815093e-01,3.820116663305418991e-01
-6.446438293481564219e-02,8.712123377007353897e-02
3.700773331827499346e-01,1.893254268812392116e-01
-9.614578461674218035e-01,7.637650062489301228e-02
1.210110312312942527e-01,8.864697267825899507e-02
-1.008044648266380461e-01,9.767051444639983371e-02
-9.051408753250916872e-02,2.192282874742923215e-01
-1.086444423763475831e+00,2.291458231515614286e-01
-7.948786107671009793e-01,-4.204831014347241158e-01
-1.129226453016792364e+00,-1.378012845341703152e-01
-2.167345739487361034e-01,-3.015286097773214186e-02
-1.216476760794202194e+00,4.718892380211010817e-02
-1.379201880448375661e+00,-2.546952826937490810e-01
-1.232786674460428999e+00,1.778048572044617082e-01
-7.799123011155222329e-01,1.435002629756792769e-01
-7.859787687251465482e-02,1.660905175171136228e-01
-9.430724218493794497e-01,-1.194378627973684825e-01
-1.244908843487549932e+00,-1.570324248575133697e-01
-6.660707422527964994e-01,8.797265367216054732e-03
6.450125780800750053e-02,-4.052421483931237800e-01
-8.422434713271879092e-01,2.639487171321601086e-02
-7.772869603029772811e-01,3.306798064449007479e-01
-9.098628421977998926e-01,1.847554970186045809e-01
-1.194101032699377729e+00,2.715690539734461617e-01
3.072609258663226706e-03,2.158451547927365752e-02
-1.018864418118561987e+00,-4.416524949287546353e-01
-2.516830909926868753e-01,-2.584167798731359933e-01
-1.310455012900893224e-01,1.293521726978478781e-01
1.279185534461725338e-01,3.677709226833159040e-01
9.951275039479667850e-02,1.034228724323952575e-01
-4.263747546820264578e-01,2.355320274967880323e-01
-6.956782239356227304e-01,1.613552815499132986e-01
-3.527960058616467359e-02,6.110354015763445890e-02
2.855840120488415956e-01,-3.451520855994467674e-01
-7.702271352309757457e-01,-3.948186011370386495e-01
-1.119049543824643722e+00,-4.218925056533523454e-01
2.552566305185510406e-02,1.365994134530140736e-01
1.042234327966960195e-01,-1.621433293542953458e-01
-1.002773386416596080e-01,-3.315365125240040539e-02
1.555614456161661871e-02,-6.294416944634077804e-02
-8.106313954707264902e-01,-6.074657546002189268e-02
7.008377807526319780e-02,8.173501964277407605e-02
-2.751658614046776918e-01,-2.276439633179100641e-01
-1.015809638716328595e-01,-2.763888133129961955e-01
-9.659135402242930990e-01,2.353528183748431479e-01
-1.740370988582632117e-01,2.258413826570869476e-01
-7.475817093238587008e-01,-2.279022154433737457e-01
-1.006430405496248903e-01,1.845829225610707072e-02
-5.701468772642933613e-01,-6.721934169610689624e-02
-8.480544407770455873e-02,1.896882710520088056e-01
2.646519366083899608e-02,9.520188077268945670e-02
8.473762715054625194e-02,-2.460489093483222978e-01
-1.066270422958695674e+00,2.096311766855328829e-01
2.590414739268632940e-03,4.595285237591525962e-01
6.767793872935887189e-02,-9.041952873463215967e-02
-8.854277830131919158e-01,9.123777990225054313e-02
-1.169095946319217427e+00,1.348421327573662842e-01
-1.204084728308865704e-01,-4.836233352869543367e-01
1.489893635344849421e-01,1.124837035636986476e-01
-8.676941183575008765e-01,3.337128227636003142e-01
-9.935412944040622474e-02,1.630529123911736910e-04
-7.720829304751734012e-01,1.492569473933098578e-01
-1.180207667800261762e+00,-1.445773098931825429e-01
2.588704024452640612e-02,-8.410687229937917342e-02
1.126098917406097577e-01,8.396213887012717036e-02
-3.939750354574683144e-01,-1.599786138522229506e-01
3.755020779648143847e-02,3.461602312339546184e-01
-1.160638218225282570e+00,-1.504815134667765730e-01
3.942692911460303207e-01,1.866583957834511975e-01
5.929341863365218401e-01,1.340676476748311509e-02
-5.167197799871345865e-01,-3.021802370622264644e-01
1.422142656125211513e-01,2.010015008164869055e-01
-1.001762911904765074e+00,4.406811462471173224e-02
-6.614097531959750587e-01,-3.889870813271441990e-02
5.488925246643629186e-02,1.836198423161507498e-01
-1.028234016559724795e+00,-4.911287327881102421e-02
5.290985498076866689e-02,-4.036615426814658958e-02
-1.311365126380539259e+00,-2.817513352758724832e-01
-1.004707058219734161e+00,6.676866621440259719e-02
1.827271909019732299e-01,2.750598770640196727e-02
-1.036755841356484353e+00,9.252700110356043561e-02
-1.269820581010266514e+00,-7.557014627425030773e-02
3.019499514437061216e-01,1.917293397094320673e-01
-1.453473099526528534e-01,-9.011240516748830753e-02
-5.471048500277312376e-01,2.155663689091919522e-01
-1.109395778500900986e+00,-2.628980705495762571e-01
-2.737732704601967826e-01,-2.538136748061392001e-01
-1.123216269598545924e+00,-4.220716228176536466e-01
3.179670795627743685e-01,8.567070256377297410e-03
-7.734137207921750745e-01,-6.763144898932152427e-02
6.306389453100082199e-02,1.536760274327246267e-01
1.134298904901141491e-01,-1.361071183479667657e-01
-1.331077581491276085e+00,4.355271698746601694e-01
-1.060801031932248284e+00,-8.457966176176982820e-02
-6.290715165307182721e-02,-2.130367216270644959e-01
-7.230091964980382979e-01,-3.068929786566466644e-01
-8.826996024077379266e-01,-1.149052591901787851e-01
1.686963734999303022e-01,4.258827946623088001e-02
-8.942252953965715845e-01,6.785721965355515084e-02
1.321569322627678122e-01,-9.360306750104216422e-02
-1.256256726291456793e+00,1.448076054674892477e-01
-2.794298336907263813e-01,-1.463283094144589291e-01
4.503380179122825622e-01,3.597389041338489024e-01
-5.687326899650517742e-01,-1.365201170403900488e-01
-1.728779752429042471e+00,-5.691444546650898939e-01
-1.007642482179423649e+00,6.454106580663491501e-03
2.589673798006314476e-01,1.803557885656499327e-01
2.752010111878437915e-01,-2.492772793594847380e-01
-3.932541589229934798e-02,4.355562598228483462e-01
-9.763278301421449146e-02,-4.136358515656208268e-01
-6.124687852679309985e-02,1.518365606332276463e-01
-1.839941584060498792e-01,1.948107062754406704e-01
-4.124303059054030413e-02,-2.677212346369556850e-01
2.351801178247639734e-01,1.446644228948457123e-01
1.463044928009309409e-01,-3.199620391878716386e-01
-8.499923652505028127e-01,-3.233462261046069486e-01
-7.675427206461684637e-01,9.005052050728901136e-02
-1.158555376723290342e+00,-4.097116839627654855e-02
4.100824146477802939e-02,1.857910951485603479e-01
-1.297673218180121379e+00,-4.414147455860318869e-01
-1.002955043120326240e+00,3.392666510668616020e-01
-7.549362308245667341e-01,5.948087692211292965e-02
-3.297408421655910749e-01,-2.058064404556551527e-02
-9.590707410335042038e-01,-5.438930039507083869e-02
5.791723905379064091e-02,-3.713869814610046283e-01
1.068112580807214912e-01,2.765129872185778104e-01
-7.574058644029667553e-01,3.853024745493734415e-01
-9.184213320545550063e-01,-4.984103896761182817e-02
-7.881661470282813609e-01,-1.178719719061351034e-01
-1.314514929710502766e+00,1.290581921959254863e-01
-8.879308932551782663e-01,-2.041205582480064284e-02
-1.245285871789269638e+00,1.100975047483889330e-01
-1.294105697351177753e+00,9.503144846452467320e-02
1.134306071120275289e-01,2.557896948617658373e-01
2.137883027005335335e-01,3.645025498977735867e-01
9.212239834887679668e-02,-2.147156383898784215e-01
7.668369485428198906e-02,-3.514398371706275309e-02
-1.053125041603233614e+00,-2.300917238553199518e-01
-6.466194173631960584e-01,-4.274394059526867573e-02
-1.505029183488343358e-01,1.538690972997822926e-01
-1.512716463626680719e-01,-2.721541581477863181e-01
-1.095432950978632247e+00,-2.670143319961442718e-01
-6.001016324488240433e-02,2.038497580726402469e-01
-8.055828828575533063e-01,6.707966027129574904e-02
-8.812367308179960279e-01,1.367070288941948375e-01
-2.128114011384408533e-01,-3.362006125221403963e-01
-7.888239467120771176e-01,-3.744577299306132701e-01
2.041797236881943423e-01,5.936435560439364684e-02
-1.367082952684643415e-01,2.700320795003390284e-01
-9.161934721676053828e-01,-2.489929203702094251e-01
-2.967943529266903746e-01,1.166161971644323891e-01
-8.666668044563603512e-01,1.251895355407979353e-03
-9.651736373431566429e-01,4.750790550089613040e-01
-9.967362516745155165e-01,1.155375517420149795e-01
-1.117599162806554247e+00,3.022246582718968178e-01
-1.071405915057438707e-01,4.209526026836286627e-01
-5.191175523543138937e-01,-1.556243234268184783e-01
1.800162531989861758e-01,-8.602928182961763759e-02
-1.042511403939323511e+00,-6.268817041047251015e-01
-1.259316621323378849e+00,5.164588773325012871e-01
-1.629312260678787427e-01,-4.056878056759259388e-01
-1.045595516154434579e+00,-6.507203391457140607e-02
-1.091891281416450976e+00,6.836300423475581978e-01
-8.599197278627206120e-02,-1.353909394403758071e-01
-2.550815755933272810e-01,6.596718039540581946e-02
-9.048341497705050251e-01,6.769659031978471353e-02
4.810027939522335677e-02,2.404143367668576392e-02
-1.057854633629643049e+00,-4.435325619548659282e-02
-1.480248928319029267e-01,1.621233343300337582e-01
-9.335917434253810931e-01,4.754240136609095835e-01
9.385727630197558680e-02,2.555415923241564635e-01
-1.173506238594712370e+00,-1.951943484994986266e-01
-1.203005002136156243e+00,5.006438420029184905e-02
-1.036167470755893771e-01,1.560422602520858959e-01
-2.367106329652818864e-01,-2.973109789615577814e-01
1.259397151391514202e-01,1.069727510208265536e-01
8.233087513920749057e-02,1.625418369789901341e-01
9.180118426407704590e-02,1.749911281329703527e-01
-8.486895312836213456e-01,-2.666680834838786041e-01
-6.746598205878897581e-01,-2.295941719689882643e-01
-1.415423354891047203e-01,2.931008896729505459e-02
-1.891826096347628064e-02,-2.938187682216914648e-02
5.611795831719392641e-02,1.381863232434656086e-01
6.229216536574731788e-02,1.435507864322716209e-01
-1.906366700419375544e-03,-4.638787720192345532e-01
-7.317178960438959212e-01,4.155588917497169965e-01
-3.122650584909362204e-01,1.930007354808653819e-01
-1.088052667967092768e+00,2.926247264436555029e-01
-9.881792553114081556e-01,6.946583961958700815e-02
-7.755450533435878091e-01,-2.240519887424410050e-01
-3.162026912093813258e-01,-2.835527538190112454e-02
-3.532300206572917128e-02,6.858052859862384665e-02
-4.948902876925570515e-02,-9.949775569453142565e-02
-1.257873944272175915e-01,3.064992619212653091e-01
-1.770736134682394589e-02,-8.948241210162329387e-03
1.178195809523254339e-01,-4.455052766795525310e-01
-7.773806353435852579e-01,4.315820308487891555e-01
-1.123141847940906990e+00,1.852585667974717132e-01
-1.239668991541763798e+00,2.940021206987636013e-02
-1.085631379272939956e+00,1.729983773981217665e-01
-9.266297556143631153e-01,-1.641581406403916366e-01
-9.276349522529219183e-01,-2.410021865484470172e-01
-3.214446538404906739e-02,-1.647745534387569377e-02
-1.177684400695809715e-02,4.047219190950163137e-02
-8.672728859340610441e-01,-2.298979968110028138e-01
6.653067877045047707e-02,-3.197644724923185550e-02
1.112646166440855455e-01,-1.223018510635442979e-01
2.195705209918909565e-02,-4.556198664772915241e-01
1.306636380153683996e-01,-3.926604056689050326e-01
-1.216935002217020667e+00,2.140814707253317350e-01
-8.221594302281484135e-01,-6.495307757911623903e-02
2.414179943833368036e-01,-2.168382451513271025e-01
-1.589986709967567136e-01,-5.279360909226365334e-02
-1.010309591012872765e+00,-8.223845375549530823e-02
-6.547313508292522677e-01,2.836906658050021290e-01
4.179144081705693514e-02,3.753008925542185986e-02
5.648121609827335202e-03,7.694035119639588971e-02
-8.133645501115421839e-01,1.729124618516770517e-01
-8.422061186457152626e-01,4.012039563890937854e-01
-8.482199140590513942e-01,-1.980555364015687270e-01
-7.148044310666510359e-01,2.382319298707257227e-01
-1.041114500400387027e-02,3.313745572728882260e-01
-1.317708295354304560e-01,-1.486138028571971914e-02
-4.510569069448838730e-02,1.672396411512240208e-02
2.165115635372867886e-01,2.518823475441879234e-01
2.671613127305808577e-01,-2.109254062404812904e-02
1.358147824778334900e-01,7.083502346174942732e-02
-2.447133410603266057e-01,-1.100208474751760979e-01
1.361832480487301100e-01,-1.703516521983495721e-02
-1.194286660881703321e+00,1.032821966211938391e-01
1.411908636713808951e-01,3.769553588068664390e-02
1.592708267012208634e-01,4.057458090553662244e-01
-8.252492993901127116e-01,1.271008930569724263e-02
-1.074261285798785215e+00,-4.442707694677369007e-02
-8.616088465035603994e-02,3.321079446162784610e-01
2.652279913962877766e-01,2.576478102489306726e-02
5.923222211831151440e-02,3.514313148278737087e-01
-2.376735068909494042e-01,8.271688819871285403e-02
4.110232479434969277e-01,-5.732787654602619111e-03
4.003492943381422586e-01,2.272104763173923569e-01
-1.013732734162339666e+00,5.899578898349476519e-02
-2.617852941177221671e-01,3.118782293630987801e-01
8.169669372957071019e-02,-2.463274995293666392e-01
1.957556825360426966e-01,-4.028388937790813862e-01
2.639400077628231700e-02,-1.608880632370288111e-01
-1.390846482953690955e-01,7.056857975333676036e-02
3.167629509368842522e-02,-5.517183357768128127e-02
6.411218624701691196e-03,1.385001123233613185e-01
-3.495484726137023657e-01,2.437045609587257591e-02
5.732467516928672208e-02,2.880544565647046307e-01
2.246160841647810991e-01,3.286879811569335952e-01
-1.151661828466405080e+00,7.977451004535134060e-02
-8.639117707862159490e-02,1.638454597687024894e-01
-1.647593734941910637e-01,-3.251986812880749422e-01
-7.190721917288434017e-02,7.768376064538351500e-02
-1.072161741517701383e+00,-1.039338796482079941e-01
-1.094898514637388853e+00,1.958011488493903995e-01
-8.043197987567062279e-01,-2.815062088997791756e-01
2.934401292798805017e-01,1.533914521530281849e-01
-3.684301681176251897e-01,-2.016045316811174160e-01
-7.447994535083771184e-02,-8.173626945583951919e-02
-1.134131927459891692e-01,5.627709846145326905e-02
6.269377489149751542e-03,-2.920445632292982818e-01
-8.255626470030664743e-01,-2.701851742637496057e-01
-1.005604389401089982e+00,-3.016803441458148702e-02
-1.637216967198559248e-01,1.586653425222173119e-02
-1.334465117790586852e+00,3.274993168701786361e-01
2.627220345652988565e-01,8.366915454459752932e-02
-1.982969739482530191e-01,2.026318204828319869e-01
-1.048935529296957103e+00,-2.443791071389692371e-01
-3.486279641021228781e-01,-1.512743975905198324e-01
1.271758558476485113e-01,-2.437526708243020201e-01
-1.022557690762489147e+00,-2.054254976992414827e-01
-3.436355100876590241e-01,1.348890523935358243e-01
5.468352241539303077e-02,-9.522083220230817546e-02
-1.180357532309818325e+00,9.254307496585945092e-02
1.926528064519987538e-01,-1.061349123799086164e-01
-2.281187749109266083e-02,-6.906916079424776922e-02
-2.201803415487284254e-01,-2.576640733704859548e-02
1.995725219084499569e-01,-2.582809119744989834e-01
4.478431780557322051e-01,3.975049687090078526e-02
-5.420947400832696423e-04,-4.449582564275048058e-01
-1.958037376812536146e-01,1.731485059298693355e-02
-4.986846336325332363e-01,2.644564000745220356e-01
-6.739987332238733808e-02,-6.118265254357909549e-02
-1.546455340740965911e-01,-8.816933798191128879e-02
-1.087072988956246045e+00,-1.127593014361638751e-01
-1.019213424209469254e+00,-2.124752311083351886e-01
2.955993413418300797e-01,2.443368716725474454e-01
-1.322358211644968806e+00,-1.153377406335546335e-01
3.107528754400652460e-01,2.947414161989022063e-01
-2.368258328532163171e-01,-1.746821760023684056e-01
9.327087170289329043e-02,-1.550706239853092416e-01
-5.876687451470984092e-02,-1.344190902612578675e-01
-1.417906306687105822e+00,1.834323388172924693e-03
-7.323987350054078638e-01,-3.344135639530010917e-01
-1.074946302526532393e-01,9.401809835172525442e-02
-1.216495877206676735e+00,-6.518736913760470736e-03
-7.702223885223542510e-01,-8.315128286535020119e-02
-1.493286866215206843e-01,3.872081020073513402e-01
-1.417139427235387106e-01,-2.081523654787527100e-01
2.461902798419889904e-01,1.341073054644630336e-01
-2.254058609497668342e-01,-9.415970042988422439e-02
-1.035979984255464670e+00,-7.912001700640726443e-02
-1.260982295026451316e+00,-2.302681415166826437e-02
-1.229023536497610758e+00,-2.006174767648572221e-01
-7.831580064730963020e-01,3.799020203235532051e-02
-1.220144457087257939e+00,8.145711112412479249e-02
2.717628432515382109e-01,-4.349071070759046725e-02
-9.757494304161518084e-01,-3.106227539190212772e-01
-3.459408497494843165e-02,-2.628365323982801982e-01
-9.576544049276504156e-01,-4.976947277938254671e-02
-1.045786527509923403e+00,-3.768902704264915360e-01
1.491926637878877582e-01,6.890895219795017956e-02
-1.201820252622178176e+00,-1.769780233067055897e-01
-1.009196492616902807e+00,-4.441412211966914159e-01
1.568710966442708396e-02,-9.480909575276443707e-03
-8.547495195142863489e-01,-3.234992122044533236e-01
-1.366212867917256713e+00,9.505664908980290817e-02
-1.528192744099023392e-01,1.451416356008944919e-01
-1.745783808919140756e-01,-1.262584436805101185e-01
2.025143547690752902e-02,1.374910729834981360e-01
-4.397403151349361661e-01,-4.691884595177071016e-01
-1.340468672993206267e+00,-2.462358298315593108e-01
1.157983414335422567e-01,-3.156017927147388574e-02
-8.726174634416720977e-02,-2.267984417447687501e-02
2.708680646137707204e-01,2.014605757906298977e-01
-2.486557239963982369e-01,-2.984971148510373595e-01
5.229348341717104942e-01,-2.165079530318907430e-01
-9.079682029273794530e-01,2.176793190672702827e-01
-1.484708898185418180e+00,-2.599528548454674848e-01
1.553910222365703642e-01,4.531242749199394515e-01
-1.181936497888203652e+00,-1.568661628197403346e-01
-9.293354245420203386e-01,1.016078624171217332e-01
8.909985940095424550e-02,-2.395387100090619614e-01
-2.543221700055997014e-01,-9.600671445036215723e-02
-1.053691789537137685e-01,-2.079151687907240809e-01
-1.909884426313805950e-01,-3.914824811848299779e-01
-1.324105443016900141e+00,8.660794134842775271e-02
-1.273656475061812898e+00,2.556794247977777282e-02
1.889126618271952662e-01,8.604532384919918661e-03
-1.390865589892435583e+00,1.865465709042326073e-02
-9.774666359709728303e-01,1.489796244862882924e-01
-7.048103175285834465e-02,1.737398494988357245e-01
-1.857200034980567016e-01,2.816343396193363158e-01
-7.629027093745736066e-01,-1.095368837202997415e-02
-2.517991177549835924e-01,1.738139061827392029e-01
-9.472626737030045430e-01,2.703222870361777774e-01
-1.111557655149977064e+00,-2.916651146582616150e-01
3.155852867385339211e-02,-2.739474108925351037e-01
2.368608118519543726e-01,-9.244316859368825745e-02
-1.456281765149424756e-01,9.727237907492998492e-02
7.411936231715393446e-03,-3.506942328735559999e-02
1.579577361534352242e-01,9.532049523379451661e-02
-1.614284123567407414e-01,-1.867603460474010768e-01
1.003885079329712438e-01,-1.648899261213027378e-01
-1.602855642873637354e-01,4.689103526643224884e-02
-1.030303964060377497e+00,1.186670287289912362e-01
-8.744427449144521747e-01,-1.179689145930869626e-01
-9.466720069937986093e-01,-6.132583970055784789e-02
-1.227834293738339300e+00,-2.125532142125337864e-01
-1.488313453140432951e+00,5.643275430828291472e-02
-1.368884062212220032e+00,-9.896606495266466186e-02
1.813813704543618816e-02,5.223216935027454738e-02
-1.227302421311438962e+00,-2.889581431291190355e-02
-7.683056282399116643e-01,1.764435318659000607e-01
-1.886264056237188236e-01,2.477366551780796622e-01
8.552469072163269848e-02,6.789062485339104613e-01
-1.000833758692753817e+00,-3.538631281122785466e-01
4.412115780890955158e-02,2.476221967065645180e-01
-1.077948699889236472e+00,-1.152725744305447553e-01
-4.596193844394632078e-01,1.386066352637730370e-01
-1.578471685884226927e+00,-1.865999143780457462e-02
-1.086573093232470422e+00,9.654795633097490448e-02
-7.459802471364599397e-01,-1.559579965918934108e-01
-1.486952328819167446e-01,2.784516613223076975e-01
4.457461224624951340e-02,-5.952511572054310779e-02
-8.812840901654506176e-01,-6.039406805621889279e-02
-1.186398939672738795e+00,1.238761345919851264e-01
2.016794393125923013e-01,1.201586006633531267e-01
1.191021343247407284e-03,-1.324628879443832397e-01
-9.605202734211460980e-01,1.735561270247027721e-01
7.652426841261028567e-02,2.286441471883227661e-01
-1.165579382332994962e+00,-1.113828318998723171e-01
3.457349243050434340e-01,6.399533745946279772e-01
-1.145802955328218742e+00,-1.005208735208222154e-01
-1.191633865836812856e+00,2.176070237844220101e-02
-5.933602781010738347e-02,-1.275684556497003186e-01
-7.842740494668092310e-01,1.117071856889041148e-01
-1.118791515403760428e+00,-2.296545158011023546e-01
-6.227197540697355926e-02,-1.656205157062104749e-01
1.738806958355320342e-01,-1.975442371577860665e-02
-1.943356225366759393e-01,8.072319659041464479e-02
1.035364678960961071e-01,-2.612927327190565138e-03
-3.546681697160455893e-01,8.543438760384958197e-02
-1.154125836598086208e+00,5.355777400269163824e-01
1.980093505454469556e-03,-1.423984333742093211e-01
-9.250309238323017880e-01,-7.667361156647686804e-02
1.218333258733419328e-01,-6.299361126981475323e-01
-1.326980186077662438e+00,8.259745183859125428e-02
2.328061831008910176e-01,2.122612294808561006e-01
-8.065205177506111767e-01,-9.598254333345676570e-02
-1.717547800893267085e-01,4.286727395581484967e-01
-7.968732119250660634e-03,3.280771954005997637e-01
-7.553872524622416984e-01,4.279835942117327652e-01
3.614187351685907868e-03,-1.317239380800857562e-01
-6.802748878783484443e-01,1.158205260271769899e-01
-7.768622754721836721e-01,-3.950613210747194737e-01
1.539567497481467706e-01,-9.983686809143650642e-02
-1.313364275612719956e+00,7.391927036027035047e-02
4.919439017387247093e-01,-1.949921501431970405e-01
2.314575123397899781e-01,5.250681789869878630e-02
-2.929605346078498762e-01,-2.210062213560687674e-02
-6.039629368180864377e-01,-5.572537936404983738e-02
-1.459745777188195870e+00,1.905563813590386291e-01
-3.527084012428788329e-02,-6.278248218861168239e-02
-5.557738446213304762e-02,2.002531651044183181e-01
2.375172175133665464e-01,-3.409960753717060644e-01
-9.982286394483076419e-01,1.261333138777998020e-01
-8.879135112448608425e-01,2.635066215785396571e-01
-1.263498470297398590e+00,-1.378178007394351701e-01
-1.014359121132250435e-01,-1.170909099188922331e-01
-1.154732219575936636e+00,8.741921901788232696e-02
-1.133150204603659894e+00,-2.094087432894909673e-01
5.533043870461080288e-02,1.099255114409318640e-01
-8.362229845380534377e-01,1.950255971086068130e-01
-9.031468350946127988e-01,-3.558996185338273444e-01
-1.798350256135432604e-02,2.858207041759381895e-01
-1.073081109131556410e+00,9.247013769022403157e-03
-2.326792077182655849e-01,-3.889469185557428710e-01
-1.005879893173561301e+00,-1.975549059950524808e-02
-9.436626616993065708e-01,-2.929185884622819910e-02
-8.664361480747140298e-01,1.062906603204462203e-01
-5.279099435987388844e-01,3.043923977335263320e-01
-8.233447325930030036e-01,-2.971222009845115308e-01
-8.710815583124993378e-01,3.735935362926955383e-01
-1.187707297854069810e-01,-2.163468171629384373e-01
1.520258528034236778e-01,-1.249422746004629492e-01
-9.177636217225623172e-01,-2.306426638360139780e-01
-1.030796352784509207e+00,1.275335922648809239e-01
-8.833715032983122661e-01,1.107923911708666720e-01
-9.287148731273496827e-01,-7.047890864416531675e-01
-8.608214008492646174e-01,-2.473745730485564787e-01
2.749938795928389967e-01,-1.182993580754564816e-01
-7.716208138053266552e-01,5.787773993515243909e-02
2.002202132363367360e-01,-1.198560626974842641e-01
2.170294118776092684e-01,-5.803602832003386114e-01
4.630028160511404645e-01,-2.238788561067872884e-01
-1.046368736192315074e+00,-1.811820671994872900e-01
-6.817756358183469922e-01,3.647681847425061075e-01
-1.354320923325862402e-01,6.992089582727076605e-03
-5.616433499845102650e-02,-3.093780465365176813e-01
-8.372899418771363456e-01,5.588416121513211515e-02
-1.358136320705308764e-01,-2.210415283607357340e-01
-1.261074104178463662e+00,-3.865905501104205944e-01
-7.559304820179681972e-01,-3.736736508871471574e-02
1.653580936730030537e-01,2.485092425169831976e-01
-1.087618905619989418e+00,-3.500822991390511452e-01
-1.093134564625780625e+00,2.548932358217169680e-01
-9.794682736860553796e-01,-7.682678660986107244e-02
1.066081303549635539e-01,-1.099815079567091486e-01
1.214360736375660332e-01,4.605736647996471617e-02
1.302073992408369074e-01,-2.702173096295616417e-01
-2.058499419556600873e-01,1.213237837582596818e-01
-9.956615424935086889e-01,3.832553368533576088e-01
3.715472302399271398e-01,4.780814438498201535e-02
-8.974575128544330649e-02,-2.956231194942369189e-01
6.148437188544311760e-02,4.645028983313945203e-02
-8.924350678536379089e-01,-3.599448018065716792e-01
-1.140460578600998920e+00,3.166712248333983792e-01
6.570262454419645293e-02,-8.024014373733560912e-02
-1.034270350090940704e+00,-1.389000532774579133e-01
-1.457772936030868660e+00,1.846061375466440807e-02
-1.249739788165567633e+00,-3.106574304418706356e-02
-5.126245985955317774e-01,1.710976472670920623e-01
-2.537323479006877713e-01,9.278397304409674584e-02
-8.915095397591103754e-02,-3.274120245544567820e-01
2.630256340703926998e-01,-5.358553260984285638e-01
1.044799233722272513e-01,-5.691828772969413641e-02
-1.042042320333846250e+00,8.481585252291679033e-02
-1.377705498608782442e+00,-2.068561662674946178e-01
-9.658024686564339323e-01,1.902919740415470184e-01
-1.249059059268529115e+00,-1.327203829779587951e-01
-8.353474403701227624e-01,-2.429547582254848459e-01
-7.804897034772954045e-01,1.923102730421065443e-01
1.369311625867404014e-01,2.121749585452660236e-01
-1.645906253858762991e+00,2.257832217436146760e-02
-8.553633805036362503e-01,2.321548661428819368e-02
-1.018948322876762624e+00,-1.332361640138753208e-03
-1.632431878748642484e-01,-4.325332679099450628e-01
-1.140819522141987674e+00,-3.504737640463999326e-02
-2.003254024039909098e-01,-1.185067028190438521e-01
-2.108937468187074560e-01,-2.156944059142746339e-01
-7.274651636926054987e-01,-1.975080567591510402e-03
-1.922924553076749976e-01,-1.192383345441452511e-02
-1.348812540524700454e+00,-1.490813315968996487e-02
1.514883315511297568e-01,-1.358596219532311744e-01
-2.615243433847778687e-01,-9.785184287981259221e-02
-5.815914243687619889e-02,9.132716484987492278e-02
1.212848789437125513e-01,-4.902370165266671798e-01
-1.282999697147035656e+00,1.177226114854572209e-01
2.949838565704238635e-01,-1.704572297452500249e-03
-9.222434974760286286e-01,-9.746628873073565069e-02
-1.399848884726771159e+00,-3.845655412058497369e-01
1.403957458477418652e-01,2.466973733344629549e-01
4.067355479655023753e-01,-2.376705651770478767e-01
1.427417453155195859e-01,-2.805839251767756615e-01
-1.170809812628436308e+00,-2.807489653734611679e-01
1.441372093496824658e-01,3.095588197039537276e-02
-4.590374755842044907e-01,-8.385509043409275498e-02
1.954629938525315191e-01,-1.622106289718028560e-01
5.571053559061426436e-02,2.692669201475743068e-01
-1.373237845878530594e+00,6.253501759757908174e-02
-8.773087899518780541e-02,-1.840541985683757098e-01
-1.099021014299699006e+00,1.746185800213761463e-01
-2.483119252011049549e-01,-4.573920473951407217e-01
-8.371756598367098290e-01,1.431309307523872046e-02
-7.479809882072995242e-01,-2.997098437305447671e-01
2.014707956472944761e-01,8.443372034908736001e-02
-5.680128975180283035e-01,1.089085041551895727e-01
-9.168558083424069860e-01,2.816058076134542731e-01
9.676814675622563700e-02,-1.185506069133808182e-01
-1.030654367838593100e+00,1.962699238414115643e-01
-1.279284685963848034e+00,-2.537539683344660069e-01
-9.058924665710771373e-02,-3.279196129761748901e-01
-1.247573441173695619e+00,1.829790068232965972e-01
-1.052144130379769615e+00,1.724024289940888077e-01
-8.701529242248755291e-02,-1.164236693882926554e-01
-9.105078650449213162e-01,-3.779006183598425661e-01
-7.275799593694096679e-01,2.289611383162536845e-02
-1.023669911374956859e-01,2.334015656897372483e-03
6.664033437271751556e-03,3.433304905542462482e-01
-8.529283294951892636e-01,-3.321579570132667247e-01
-9.481063962005783496e-01,2.413642905594214905e-01
-8.976267914762811051e-01,2.100751164208661537e-01
-2.406601577827664762e-01,2.582122667358886514e-01
-1.062914493058041865e+00,-7.223680637616326609e-03
-3.258208513652022242e-01,3.735496953188222058e-01
-1.125627987029845567e+00,1.997349225854294363e-01
-1.323881158527703272e+00,-1.266877803988991462e-02
1.264419437562639137e-01,1.979184203630148658e-02
-1.364197635926808649e+00,4.367829864584061306e-01
-2.250264777293305984e-01,2.012280623660982759e-01
1.520785251732115900e-02,2.481781110339716934e-01
-7.425723250544113974e-01,-1.825721886479357292e-01
2.510984404611856999e-02,5.711085318338675609e-01
-1.085264589558227882e-01,4.459107506711422753e-01
1.109097660234408672e-01,-1.680892947835997686e-01
-1.226385129891523817e+00,1.340862731552277254e-01
-4.227883142907314790e-02,1.123964084590936552e-01
-4.247298918444435967e-01,-6.964028325117243602e-03
1.514197661860511857e-01,1.231520425564487514e-01
-8.228449874245549189e-01,-2.976384342002937888e-01
-7.849042512409454275e-01,-2.879004973296759307e-01
-4.985164389788658834e-01,3.732358328220264365e-02
-8.996401778687206363e-01,-1.475675312434792941e-01
-8.456104674421505152e-01,-6.306554554664373091e-02
-1.293749458886190862e+00,-1.492848619390635123e-01
1.531391676256317613e-01,4.290309062317281263e-01
1.881989184263420378e-01,-2.466405062936341819e-01
-1.218626874266909743e+00,-1.720177914290933197e-01
-3.626072578045902994e-01,1.585315657007513868e-01
4.068094920982409657e-02,3.849632925097661636e-03
-1.404391533654077540e+00,-1.549263889870242661e-01
-8.403199647452537502e-02,3.349515804433853550e-01
-9.511352113537232533e-01,3.977867041332042858e-02
2.077719814567970114e-02,6.852540508396258445e-02
-1.983224377134134853e-01,-2.781523175970679884e-01
-7.385751781744731570e-01,-3.551819351461738550e-01
-7.566130636300785195e-01,-1.902407543468083995e-01
-3.914679635182012618e-02,-4.215311468570499542e-01
2.171269588005236284e-01,1.698863048413703780e-01
-1.082715818753866133e+00,-5.015601031405739207e-02
-1.271850889960925990e-01,-1.327128384576865272e-01
-7.063719704061813265e-02,-2.580724337793746104e-01
1.985886767693683386e-01,3.051710791552086355e-01
-1.004400687955056881e+00,1.434857035156894833e-01
-9.444864682731763939e-01,-1.732976015501984379e-01
-1.953799285060920932e-01,6.999760885545461275e-02
-1.051859617633400967e+00,2.624097896686568010e-01
1.598402336812249358e-01,-1.314845297891334697e-01
-2.787095716339124674e-01,9.477589556067481102e-02
-1.053093143625927652e+00,1.519969471923043325e-01
-9.115278358406835313e-01,1.071331472320078138e-01
-9.924152332353369799e-01,-2.163548382273874360e-01
-6.451416089384612862e-01,2.897307556385091409e-01
-1.354494378303994218e+00,-2.377672765851403247e-01
-1.701172692030546718e-01,-7.870637615758620254e-02
-9.723754130207239443e-01,7.985859196754604983e-02
-7.934401760842647866e-02,-2.382848577404509394e-01
-1.152255855696233011e+00,2.049489881616841508e-02
-4.492694513738527962e-02,-2.177800402557796278e-01
1.000709444759177308e-01,2.231897990825800482e-01
1.594444534066282171e-01,-1.789209986799210339e-01
-8.807386748347296734e-01,-1.501063196457434745e-01
-3.075492423256251384e-01,-2.722108785391407770e-01
3.495852483077081518e-01,-1.904111536021911300e-01
-1.121746580364026080e+00,3.631693532534222557e-01
-3.041503461452675916e-01,-1.553562779716068654e-01
-8.753843831197007930e-01,-3.045430144148852381e-01
-1.487669800910426388e-01,1.290610229049395652e-01
-6.896155508893295760e-01,4.176510294364971232e-01
-8.622559282896206101e-01,2.706972889127549631e-01
-1.907641139465360569e-01,-2.369336296807242059e-01
-8.095654124926654482e-01,5.307320886392815490e-02
4.905915803875496826e-03,-2.517171289361614939e-01
-8.649747983564496367e-01,6.836339036807372038e-02
-7.548845074578550696e-01,-3.441405108227255094e-01
1.028740655440698870e-01,-8.542987548027826394e-02
6.052080968933958721e-02,3.787517151830720463e-01
3.696346456385248835e-01,-2.394998827055206669e-01
-1.428884126872989935e+00,2.690254338259508160e-02
3.951030374254041466e-01,1.592516825258183943e-01
-1.160564594196970445e+00,2.508585389218018213e-01
-1.013528922697591650e+00,1.729297556083758403e-01
-9.675195946632640931e-01,2.660181667344434925e-02
-2.908604578080464242e-01,-1.519176602447921964e-01
-6.566327793704140880e-01,-1.774766120420435689e-01
-7.831740009786534173e-01,-7.450778221879959806e-02
-1.752625806579339793e-02,-5.291980429088156967e-02
-1.194736629022404406e+00,1.764083595250839215e-02
1.778331666928301136e-01,2.254884128467676829e-01
-1.665166047218509179e-02,-3.743277989262143168e-01
-8.071089944353659895e-01,-6.578651463844251146e-02
-3.275201774592732540e-01,-8.443004437929470252e-02
-7.096969522270489827e-01,1.120466483875037639e-01
-9.272002673768675596e-01,2.475564650557337361e-04
1.590321446608070066e-01,-2.795733959045698103e-01
-1.571799020848347439e+00,2.399967186173730394e-01
-7.376354250278896463e-02,3.540978002601385954e-01
-1.048315799661679204e+00,3.112591747601800019e-01
3.664062831617588833e-01,9.237021864319372791e-03
-4.555415340616564279e-02,-3.633751738414474075e-01
-6.132734060575248947e-01,-2.381030422551566605e-01
-2.696974304598191430e-01,-6.628794252898745354e-02
-9.828111088735360656e-01,-3.928976252343390763e-01
-9.460062372919333384e-01,2.458480888166403311e-01
-7.100784105324968731e-01,1.372544664115879220e-01
3.722861250553448631e-01,-1.205176379465724328e-03
-1.426711791689309616e-01,1.069582609017583757e-01
-5.391997920725453142e-01,-1.131337624847132683e-01
-1.243547511588502630e+00,8.966700481094819208e-02
-1.785461425316350048e-01,-1.300185353641213071e-01
-1.590682002381280657e-01,6.014148333350090303e-02
-8.660637950756359116e-01,2.896340201847998896e-01
-1.361974097750315027e-01,-1.574346571171078013e-01
-8.314119419803148725e-01,2.023285857795479037e-01
-1.283545520167323151e+00,-2.042713224150843332e-01
1.157884686111320532e-02,2.947841137213371709e-01
-1.008487538428467722e+00,1.811404868233837395e-01
-1.615071677041310938e+00,8.343351891098976791e-02
5.133974330442814954e-02,6.516468105402509203e-02
-1.039330645050615232e+00,1.281751841701155858e-01
-7.019968642604106357e-01,-2.956000452420146640e-01
-6.902970603243345771e-01,-4.769053926339324352e-04
-1.108013314553446316e+00,-1.158399947512880283e-03
-1.058144793087049340e+00,4.562852334507318947e-02
-6.841632670709854036e-01,-8.747190702632852422e-02
-6.966553362407827965e-01,2.663399152495795064e-01
-3.161368914113313888e-01,-4.620538508475034722e-02
4.325025875987720952e-02,1.011913593872679346e-01
-1.029923118899265466e+00,-9.007237478706119072e-02
-6.595549082908887251e-02,2.735212312849892233e-02
9.456902106472927366e-03,-1.700544247891523364e-01
-1.159361514720542941e+00,6.366746840220156856e-02
-1.255959911531397744e+00,-1.031198948663601123e-01
-1.157432667734223264e+00,1.825702353389042562e-02
-1.032044047722829649e+00,1.152509673450817090e-01
-5.333367117966403281e-01,2.731889360929487531e-01
-5.178115558829634590e-01,1.680428360677933830e-02
-5.758117225056316735e-02,5.831804214774633649e-02
2.854073343886497430e-02,3.906443721407961145e-01
-1.159470560462183997e+00,-1.098865714831894491e-01
-2.280559934142725176e-01,9.898469105612744956e-02
1.290786433240480591e-01,3.472366000725767010e-02
-1.341151090497842757e+00,-2.793227860397526699e-02
-2.371499003190641885e-01,2.090840792404986825e-02
-7.903107540681567622e-01,-1.664820195481902521e-01
-9.664433037833830564e-01,2.683741992197827275e-01
-8.989368465561652366e-01,-4.360966698180851475e-01
-9.408954190373472470e-02,-2.149822858471444054e-01
-1.314149152712673851e+00,6.762668788485162036e-03
-3.705295678047765273e-02,-2.651760211189629346e-01
-1.546055153409401084e-01,1.725470993428872557e-01
2.047512906850661452e-01,4.910821755938253597e-02
-5.445341266583745427e-02,-1.263149807328892704e-01
-1.226749068522499986e+00,2.350910916834692693e-03
4.039508827654046397e-01,-6.318002231319648221e-01
-8.226960323872484215e-01,1.168013734805385152e-02
-2.609735508180028862e-01,2.737543980668069588e-01
-9.069756095238614702e-01,7.264667143622335899e-02
-5.807785773392459827e-01,-1.032185913287709256e-01
-7.982773616867281374e-01,8.164563942339253533e-02
-4.955871563441172634e-01,-2.743645579551638458e-01
-1.053931684363470511e+00,-1.143682328789872166e-01
-1.342428152828869958e+00,-2.178558611495538255e-01
-8.921352848470852637e-01,-2.238715560433471585e-01
-1.202444345401399550e+00,-6.176132290178026896e-02
-1.276012288164728448e+00,4.044950868396250954e-01
2.341729940964450973e-01,-2.698486354976804835e-02
-7.847581433931782868e-01,1.171792158466769401e-01
-1.138817331569309532e+00,-1.384855521671811140e-01
-6.097691572441450714e-02,-2.855610307378227963e-01
-1.150828892370675316e+00,-1.006530000980049300e-01
-1.199927568002149725e+00,1.770428845198495638e-01
-1.369667610679052572e-01,2.651494115302114318e-01
-2.117218477090767048e-01,-1.395474787964197105e-01
-1.030260163156493242e-01,1.538384002553566943e-01
1.791761277296159416e-01,2.405833198031285813e-01
-9.980148775864046140e-01,-1.078989757622167422e-01
-1.199982434174610368e+00,1.976090252575085360e-01
-1.852989176279018491e-01,-1.155695708632413776e-01
-1.053895757964226965e+00,-3.399498291903201713e-02
-1.551845428919140513e-01,-1.436828875431810926e-01
-1.121857988695918795e+00,-2.904120713733186476e-01
3.470969672287499974e-01,-3.113359025259216373e-01
-9.488573133576616581e-01,1.318149655496612949e-01
-8.889537711303023837e-01,4.935166382493842430e-01
-4.840527092403889425e-02,7.073366405323118500e-02
-2.386176217787781828e-01,9.154327994843701466e-02
-7.426120359017940320e-02,5.858357696822112399e-04
1.033863191009206511e-01,4.596836203911958130e-01
-2.154952559162715553e-01,-5.983861216399659622e-01
3.176112532073138706e-01,-5.917493340325599149e-01
-2.709229575592468353e-01,5.812008457958166285e-02
-1.270618422459916408e+00,1.538360900503647766e-01
-2.385461765168471748e-01,-1.146553139360264456e-01
-1.122805524567617397e+00,-1.337614568023766382e-01
3.127348907909904135e-02,1.487947312423912039e-01
8.083365273106518645e-02,3.774153526595581121e-01
-1.558946430234916525e+00,-1.295489230712446559e-02
-1.302094708783796406e+00,-4.209600183001691726e-02
1.457453492243699356e-01,2.636889909063921261e-02
-8.730547280358519346e-01,-2.722111648434213937e-01
-1.416184380908628304e+00,1.247889037720496669e-01
-2.112545823168888754e-04,7.317123060634260490e-02
1.061747489412360884e-01,-6.921451975495698794e-02
-8.381250369155778257e-01,2.238727994649152842e-01
-1.298200003208576980e+00,-7.804181803003759632e-02
1.151006076055374194e-01,-2.170152565831049984e-01
-1.236056704329518530e+00,-1.017011117395601183e-01
4.245306721255673321e-01,2.683673098658093670e-01
-1.527523648279815571e+00,-2.001598686747008138e-02
-9.603883054218621471e-03,2.344988726592271422e-01
-1.145080115312353541e+00,3.024158274653863110e-01
1.358809625686815403e-01,3.260058033598766114e-01
5.177515175389629798e-01,1.114914979571001059e-02
-8.531855165364081728e-01,-7.401401553318560922e-02
1.425614248855842925e-01,2.107077109708225815e-01
6.952517519422926617e-02,-3.413238087576502822e-01
-1.164830122240148480e+00,8.058300049038075175e-02
-7.725910757057387335e-02,1.375234268685317784e-01
-4.219862348969068838e-02,2.655800817574771044e-01
9.118538368746952061e-02,-2.817781311982231474e-01
-4.937695516820922448e-01,-3.200639479204933635e-01
4.280658102945058413e-02,-1.752269469898255772e-01
2.737082751886355525e-01,2.988095671873022274e-01
-1.149145203270096838e+00,2.640517191787932205e-01
4.373618002874084254e-02,-5.293857137601019891e-02
-1.248072217274608819e+00,4.552943143087261751e-02
-6.459261255732938467e-02,2.637335372375507747e-01
-2.113966726587630796e-01,3.980739983328205889e-01
-9.793564116485963256e-01,4.440037011020420143e-02
4.856282824481354676e-02,4.091140608965223580e-01
-3.302341278945710723e-01,6.368226757229900059e-02
-1.358052940871500969e+00,7.653679819168746068e-01
-1.364640429192116589e+00,-3.391127638042041315e-01
-1.073994798457164945e+00,1.382933191458255995e-01
8.887176552921417783e-02,2.918360422442312085e-01
4.664839853960813659e-02,2.111663875185004480e-01
1.348958530171191772e-01,-2.712404360128240488e-01
1.792391163642684804e-01,-2.353534956610296158e-01
-2.735333311301553771e-01,-1.637066706378312031e-01
-1.260376232642600236e+00,-1.776086335090167334e-01
-2.658392829072443453e-01,-3.587056679959321065e-02
-1.258758741897316957e+00,2.833895395531724204e-01
-7.509002267714608159e-02,-2.595795719657201239e-01
4.891197843039443161e-01,-8.012180034849847310e-02
1.790855674916226048e-01,6.491933910388798801e-02
-8.352464393731288128e-01,-4.752439932704612402e-01
-1.016699118026209367e-02,1.032298648450013512e-01
-6.080895224645108676e-01,-1.419614155805394018e-01
-1.278439928263990777e-01,-2.910323231681906098e-01
-1.202027729087217223e+00,-3.692694120149010717e-02
-1.221955203745215934e+00,-2.756349287250058344e-01
-2.155609803514689782e-01,-1.084308062465313971e-01
-3.863482728490489349e-01,1.263742063036838725e-01
-8.643134405108560125e-01,-7.452929035557200044e-02
-9.009699613601052093e-01,2.029892375790548834e-02
2.177692624016232814e-01,1.224896115530864082e-01
-1.253173281408047179e+00,-4.975093764783510009e-02
-7.650872331357189485e-03,-4.892688866179829010e-01
-8.155214642804453629e-01,3.226337693986437438e-01
-1.678341456555471414e-02,1.430676953103170862e-02
-8.599906787768175909e-02,4.511270911291594132e-02
-9.937023243009251994e-02,-2.821051324726811527e-01
-9.938779402908642924e-02,-1.040783366604594445e-01
3.643782262998232491e-02,1.895417304953654902e-01
-3.097378481610122969e-01,-3.853735208909414567e-02
3.318219675176466987e-01,-1.827234941273918611e-01
3.263342463278904870e-01,3.745630312724857469e-01
-1.091940974177979973e+00,4.480208080287577666e-01
-1.309786230447676392e+00,1.558208573465069691e-01
-2.048785699097996349e-01,2.899364111181523262e-01
9.747863819178162470e-02,-2.136046485407216144e-01
-1.021342890007557846e+00,5.234084793838343630e-02
-2.517230724732834601e-01,-1.800771427756974186e-01
-7.701808601810987698e-01,1.356570454689670080e-01
-3.664666605833720447e-03,-9.906237085001715764e-03
-1.077303436667399694e+00,-3.456039629427997140e-01
-1.114519942715154477e-02,1.807551115918748230e-01
-1.167311313934703332e+00,-1.518826031002061538e-01
-1.295153472174435771e+00,-2.924239666880723565e-02
1.944360417990766143e-01,-4.752971880953603678e-01
1.059010267140630263e-02,3.232632037535531633e-01
6.089246555361434859e-02,2.240842433986547644e-01
4.816781166606217551e-02,-8.859295865776083134e-02
-2.079396142410566972e-01,-2.790697479215043519e-01
-7.085764045812553702e-01,1.024144784333776842e-01
-9.937053060888496603e-01,1.744626801542310257e-01
-1.727216351692106300e-01,-2.783783366435598206e-01
-1.922703426044481967e-01,1.748701905958315317e-01
-1.253406590077065896e+00,-2.162775826266122858e-01
-1.126712810647145346e+00,-2.323702687249891430e-01
-1.373936650810542615e+00,1.049663147911382571e-01
5.487514771667835189e-01,-1.813128600842830659e-02
-9.060676270894754136e-01,-1.389226404949586158e-01
-9.867686186354150957e-01,2.402803888061668947e-01
-8.437406223415678808e-01,-2.964664324259888017e-01
-7.872216073343232257e-01,2.224017603963060197e-01
3.454133578455446663e-01,-2.245273659559356982e-01
9.826408296607486159e-02,1.545215824238860836e-01
3.291882823676267056e-01,9.183283243993145550e-02
1.320568101830052465e-01,-3.231160002555060751e-01
-5.996354711877237564e-01,-2.337402886707956873e-01
-7.409649339370552035e-01,1.225888064895119256e-01
-1.212555334400326590e+00,-2.905427604276473175e-01
1.623941659079675970e-01,-1.939081839047476774e-01
2.535423320653883983e-01,-1.957897202153107141e-01
-1.038004948998086485e+00,3.753612082621995971e-02
-9.040901878515692491e-01,-6.410743633870227831e-02
-8.340250053535696040e-01,3.019787529569385454e-01
5.574633047478377151e-02,2.920582269961432553e-01
-1.044881953909544414e-01,2.435709529848291421e-01
1.352291807059160522e-01,4.104910624300248806e-02
2.602874140731437080e-01,2.990951717354554118e-01
-9.859109638304890399e-01,3.552126562145049293e-01
-1.009775989284216635e+00,1.670967525018967614e-01
-5.059127007760554073e-02,9.207160997012975301e-02
-2.043759916139162025e-01,-1.301796058767558661e-01
-1.553953912038186669e+00,-2.774001110363612521e-01
1.729652828420150668e-01,-3.911077716714681518e-01
-1.163840252364334749e+00,-1.024746619495139552e-02
2.898670798683038452e-01,-4.727684403605117436e-02
-8.567054921104011456e-02,-1.357002812531407643e-02
-1.084262746242411701e+00,-2.215808577098934695e-01
-5.769931790103284275e-01,-3.514839627419058532e-01
-1.229500494060077109e+00,-2.637222669666038355e-01
-1.171413384064660557e+00,5.661354976288442975e-01
-8.401530369908971618e-01,-5.772336983881547479e-01
-5.905647214237078058e-02,-5.110630803500652158e-02
-3.028200645220237644e-02,-1.418661474144188861e-01
-1.217291592266704692e+00,1.222678896881091021e-01
-5.626432069114705586e-02,-2.096529460137643852e-01
-1.135349222630416710e+00,-1.924667504678577792e-02
-1.055676807583347143e+00,7.838186796276933738e-03
-1.341862990644622222e+00,2.916415114631998873e-01
7.449705064501059570e-02,-5.076905892352536614e-02
-6.053593108178764726e-02,2.191241913345478298e-01
-1.872318221081136214e-01,-2.677035852063729474e-02
-1.041834569588499404e+00,-3.280887885300554085e-01
-9.511273593426374795e-01,3.434270073651998073e-02
-9.356260484271086142e-01,2.827583131650475701e-01
-6.443811491762287125e-02,-5.857252356387064596e-02
-1.149681073896418937e+00,1.929271055736442309e-02
-1.004324398739669055e+00,2.286606569439941228e-01
-1.490080930475329024e-01,3.299386914205663240e-02
-1.848265369969098737e-01,-1.306600979927204642e-01
-1.201268381331667356e+00,2.459347724505209776e-01
3.887126745426731055e-03,6.045569106686998068e-02
-8.580178734287018383e-01,1.910930010473126939e-01
8.960154471849657298e-02,2.510200333760418401e-01
2.825058265961884474e-01,-1.216435784051025926e-01
-1.356044198575995785e-01,-2.373478951110055135e-01
1.243000470123132861e-01,-9.781181925335202809e-02
3.746280754472040564e-01,3.482840755963920176e-01
-3.847910399413195792e-01,7.041616392259703039e-02
-1.246213628772465665e+00,1.761591784942812267e-01
4.943602085905411947e-01,-4.387764368889997268e-02
-9.040722638074685236e-01,5.798953993289970854e-02
-6.600087634919340474e-01,-2.160644872383797599e-02
-7.203998722606954619e-01,1.440612427679603125e-01
-5.103771295813302328e-02,7.581160726150240614e-02
-1.271296515668719040e+00,4.152087445436412616e-01
1.345445559445797579e-01,1.057248801040740066e-01
-1.147439382634299454e+00,2.018079721997730613e-01
2.544405385011195841e-01,4.270394284111131977e-01
-1.110069039036410521e+00,-3.445090431398765141e-01
-4.226908038645850185e-01,2.917268987941316616e-01
9.487608440019734690e-02,1.099282530283379744e-01
-4.465633586133840316e-01,1.377492801401215827e-01
2.972572577802112814e-01,-4.153104540905612208e-01
-5.466319753907440404e-01,1.904184382570306075e-02
-1.515024705551015205e-01,-1.064647251820823176e-01
-1.386521702926879762e-01,-1.558523942023799513e-01
-5.391970215007002576e-01,6.407244260333465335e-02
1.004903886714491046e-01,2.601320972830035716e-01
3.267590643951721052e-01,5.987685689364639907e-02
-9.781528514786892448e-01,-1.547565614533109868e-01
-9.765861989553428213e-01,-4.621487480040680773e-01
-9.537928853410606589e-01,-2.764909737845688276e-01
-4.791329779567192193e-01,-9.145327966744623560e-02
-1.253612944468024404e-01,2.193589478831726447e-01
2.638082813693966022e-01,-2.613849933921331137e-01
-1.282659484098250591e+00,-5.868999060691405117e-02
-1.442185178983193206e+00,-3.037124112660619102e-01
-7.437669342112048776e-01,-2.240896974390330920e-01
-7.905686091167599683e-01,-3.722231783359796764e-01
2.331499692772651400e-01,1.065716001010294650e-01
-1.144450769402778567e+00,-1.419338309524257047e-01
1.517907797480117782e-01,2.213139500713891816e-01
-7.684990561158754341e-01,-4.489805421579273585e-03
-1.871442059665988644e-01,4.736543765213129809e-01
-3.704555770865465281e-01,1.108166053581379484e-01
1.364571506830609127e-01,3.738989580104726818e-01
5.308419946781758186e-02,-7.445521009638837728e-02
-3.991835691308607270e-01,-5.618749052234368185e-02
-2.330304103763898849e-01,3.753759212218862190e-02
-9.100111163493422861e-01,-1.615232325252994872e-01
-8.775852268035525539e-01,-2.021020171606544291e-01
-1.090643756963158184e+00,-7.234242028601008956e-01
1.098507873378717636e-01,-1.302073905657976927e-01
-1.021846542603231933e+00,1.523077213697422716e-01
-7.053115202528837946e-01,1.718750396319340679e-01
-1.252539192734638984e+00,-1.514586141874329217e-01
-7.782850553760102263e-01,3.019727488353965428e-01
-1.211914000980560818e-01,-1.196399173282836209e-01
-1.400185182581428656e+00,-3.280033939093890405e-02
-7.840982565474585719e-02,3.940611209790440689e-02
-1.325497914130708166e+00,-6.486750055512208180e-01
-8.374975171393539419e-01,-3.343400846531757731e-01
3.297138830734694936e-01,-6.715015144441326134e-02
-1.152396641055183357e+00,1.848174348121996713e-01
-8.159681465199665196e-01,-6.171813857031546724e-02
-1.100273122683488758e+00,4.856710041602104178e-01
-2.918629513555459076e-01,2.680617785030117717e-01
-2.475769076008639547e-01,6.672080061273295837e-02
-6.307471567385608546e-02,2.782960599862515164e-02
-1.246636415456230607e+00,1.636748826275000526e-02
-1.851006044707271397e-02,-2.579479110939859876e-02
5.554341598797007951e-02,1.972611333259819966e-01
2.568761143687813275e-01,7.882305149516272147e-02
-9.844299343781279799e-01,-2.926504900597005909e-02
-6.943670505044789998e-01,-4.975433360200699484e-01
-2.797635201870766197e-01,-4.793583402918822484e-02
-1.255570134810334970e+00,4.251020113896057939e-01
2.936460371310367287e-02,-4.295544635699377056e-01
3.340936362992710101e-02,-2.573173225259492436e-01
8.155300506995115384e-02,-2.652480819473664320e-01
-1.088254036043637019e+00,-2.329619121643019541e-01
8.644870915553509727e-02,-1.074514076341817059e-01
-6.504998095771288291e-01,-1.056362317823766606e-01
1.801507749700243244e-01,1.485366231601976950e-01
-4.165559870569300605e-02,-1.931496764505312436e-01
1.929584737927882709e-01,2.538561278876891314e-01
-2.305982510568959920e-01,-3.479074696612315942e-01
-1.137952011685865739e-01,3.232720974817384074e-01
2.583183005985957917e-02,-8.750740392364698972e-02
-1.361043303129519710e+00,-2.314912552162682324e-01
1.902511989076504373e-01,2.186793904477109529e-01
-2.284749863203972553e-01,3.215905640418696421e-01
-8.623032264910492906e-01,-2.258598058220960200e-02
1.414648566401778829e-01,6.216608151954813311e-01
-4.262608996748297185e-01,2.519319445709137795e-01
1.141599037626511298e-01,4.094661600152471048e-01
-1.095293957434924526e+00,-6.778094444042792599e-02
-9.959964693144849335e-01,-2.333436328366584114e-02
-1.039923090919416371e+00,2.192459618437967717e-01
-7.001426908700680851e-01,-4.309167892134914586e-03
-9.699570146922198433e-02,-3.774359276439575028e-01
-4.238445285023309528e-02,-7.130791158553624609e-02
-1.430273428380268497e+00,-2.953658853555587438e-01
2.435254434712391114e-01,-4.685897326303304494e-02
-2.117281420085339871e-01,8.573996748225982956e-02
1.116463038610591429e-01,3.191378078825626852e-01
-1.280185244890556184e+00,3.559567519718433437e-01
-8.952883876626184234e-01,-3.015481113575343985e-01
2.185329383851996043e-01,1.914091149189967311e-01
2.349420110639517667e-01,-1.516647385412386584e-01
6.721380173765595378e-02,4.117289850056880529e-01
-1.162537493168617875e+00,2.106197277041647886e-01
1.312951406919842245e-01,-6.812436918676009756e-02
1.903161620585421820e-01,1.657348611749839551e-01
-1.802477303534649189e-01,-1.005442602843468342e-01
-1.637215523132076744e-01,2.742945145592308176e-01
-2.834483276982100505e-03,-3.494944393531951299e-01
-5.325048106770524647e-02,-2.866629170321706166e-01
-1.634098269722049912e-01,-1.049371511549366670e-01
-1.198090702778799033e+00,2.291268031969455610e-01
-1.066399639446758696e-01,-2.242675956974216414e-02
-1.060526620148736443e+00,9.260147963266072979e-02
-9.146673412043968554e-01,-1.113608630632617474e-01
-1.098924183024965862e+00,-4.538487450716257587e-01
-1.472893829604078109e+00,-6.347278465478122661e-03
-1.078175611238492815e+00,-4.134259684695754666e-01
-2.118071987307984863e-02,-1.561881457612368240e-01
-1.066463381587082981e+00,1.728059370217949475e-01
-2.378808275602679601e-01,8.935832471993905568e-02
-1.148241197641456379e+00,-1.051141234761101967e-01
-8.829843398946161104e-01,-9.869507682489381262e-02
-1.038339346892064530e+00,1.804938919041886372e-02
6.789205075722397342e-02,-2.049310642440931030e-02
-4.019248463083413547e-01,3.929510636297591231e-01
-1.074400623729524051e+00,-3.918976894189419302e-01
-1.105803388003891774e+00,-1.803849067259776992e-02
-1.200124065218765468e+00,8.159400508637365546e-02
-1.361261387436694781e+00,-1.354237013967850567e-01
-2.902329545161825841e-01,1.238164633104231471e-01
-8.221139083047463991e-01,-1.170271346649512378e-01
1.954753516901179544e-01,-1.725535637126500155e-01
-5.887563353306473068e-01,1.907770203550992749e-01
1.368144633383068243e-01,1.993614376772331054e-01
-2.968056525788384525e-01,4.652159315896209346e-02
-7.792086074989847955e-01,-1.842041749723040134e-01
-1.074569680431451069e+00,-8.284158368124677763e-02
-1.146911262479593629e+00,-2.052822683857987163e-01
-2.018280256329264832e-02,1.284338993683337149e-02
-2.372741470097542438e-01,-1.790490181531653457e-01
-1.333972380712861450e-01,-3.839882792085077406e-02
3.161305459455507338e-01,5.379027664691093946e-01
-1.157220362613790438e-01,-1.327401027290861860e-02
-1.261319341999508126e+00,-5.007432955051386442e-02
3.385700362827935572e-02,-6.882077774921886715e-02
-1.390775194527242298e-01,1.311151853325676075e-01
-7.426120955257625722e-01,6.608767433609823161e-02
-1.036754917158949185e+00,7.772643118123512274e-02
2.807176863702990910e-01,1.043328821025589909e-01
-1.081295105126281131e+00,2.761816552675414038e-01
-2.851828603460754286e-01,-2.875556408944717757e-01
-9.032041300646600490e-01,4.118966039152229253e-01
4.771966578659254943e-02,-4.134463755112300909e-01
-8.983776346619976039e-01,-1.017186174418018008e-01
1.836907886417547542e-01,-6.322150454914886308e-02
2.742079919378919706e-01,-1.254453132572097285e-01
-1.993468847584456069e-02,-1.578957498932009318e-01
-9.516707497038716657e-01,1.804769643833794568e-01
-1.333019861567867448e+00,-9.161809411190771635e-02
-4.412717709767650653e-01,4.538404216905247979e-01
-1.669802517596137292e-01,-2.466850371494518426e-02
2.233322762655582383e-01,2.076353593872711789e-01
-8.284406613770014527e-01,-3.378814894177858269e-02
-1.196944614303217191e+00,-1.968246849053332248e-01
3.854213025063659148e-01,4.230986087753070835e-01
2.956920539778372381e-02,4.257332484750780965e-01
2.870929415314436017e-01,2.030708873997044417e-01
3.955631977677698946e-02,1.751754730501714208e-01
-1.010820770369542210e+00,3.482986214461291086e-01
-1.237339669239449380e+00,1.624731841669462551e-01
-9.901671746791891326e-01,1.071217594337020920e-02
-1.098320564137553967e+00,7.028068444436938456e-02
-6.886656073634389585e-01,7.753088105485189674e-02
-1.320785866356873672e+00,2.008123421718867874e-01
-2.008863542065642549e-01,-2.237373628039695250e-01
-1.633937139884358292e+00,-1.081149191912214869e-01
1.621883517493298565e-01,1.523286331391415505e-01
3.535289205132958190e-01,1.451552823615948756e-02
-1.173470849231376567e+00,1.792705190446184094e-01
-7.774991028856663711e-01,2.395823460219563029e-03
-5.453507723454673606e-01,1.258802827459782891e-01
-1.177000322023324275e+00,7.066398772685228424e-01
-7.443742528770080913e-02,-1.437780170471168184e-01
-1.153272580959806559e+00,1.129823713025762261e-01
9.778624330881398319e-02,-5.510262934357710307e-01
-3.786628563558002702e-01,3.471441747857942350e-01
1.098455705108400682e-01,1.356902362290275110e-01
-1.295967241986945906e+00,-7.645414192858478453e-01
-1.323421333471051842e+00,4.357584612864187634e-01
-1.553671631053407109e-01,-7.518318216312523672e-02
-1.126709902161680432e+00,-6.820395568384396423e-02
-1.069442394680210739e+00,-8.543296798786255419e-02
-1.090925807616048182e+00,-3.973189686564250200e-01
-4.289799129193036520e-02,6.373288750727085228e-02
-4.285796116276930912e-01,-3.312618982005868795e-01
-6.542241166798218321e-02,-8.233282985177073354e-02
-7.759177036375932701e-01,-2.746531609404105900e-01
2.358014200249515802e-01,4.279342459732872750e-01
-1.353925132083501293e+00,-3.243475707615235404e-01
1.295419336763929674e-01,1.321467390407536635e-01
-2.036122069635775689e-01,2.431559610977836183e-01
-1.017861334109387839e+00,-2.911030121858383946e-01
-3.830959276185871287e-01,-9.231496807798567072e-02
-1.035506295409852839e+00,9.148552389620545622e-02
-1.077163742834192472e+00,-2.347958648157545958e-01
2.664263753067406260e-01,1.557809567147313765e-02
-6.796792534124018736e-02,-2.681573449024812761e-01
-9.711308746962208360e-01,-1.563779271787459346e-01
-9.681268686210622310e-01,-4.076540804587489020e-01
1.531326021140284599e-01,-9.619745585470131435e-03
-6.999701064712035015e-01,1.942394845239748813e-01
1.559958204737773579e-01,3.732150445755851552e-03
2.355065668758299646e-01,-2.474412122656348689e-01
-1.002169313449613464e+00,4.650044339746829403e-01
-2.423396220457240541e-02,8.264976890538201781e-02
2.431547862992489983e-01,-3.900274366464436815e-01
1.180509491404766187e-01,-2.744440370604835366e-01
-7.737013363699353219e-01,2.939114167053372695e-01
-7.094775283832366330e-02,1.747441682498674376e-01
-1.200165218842432324e+00,-1.348768798058198048e-01
-1.668426641210117023e-01,-2.669816490617589744e-01
-1.148998134740364163e+00,-1.061733917182442477e-01
-9.458903891675538578e-01,1.158268541739087458e-03
-1.298696128554218277e-03,2.078615698742452000e-01
-3.094919751288804366e-01,2.288989629981815488e-01
-1.122159850304782713e+00,2.001329487795829032e-01
-2.212844047919285961e-01,6.870279455894448550e-02
-1.135662853215396728e+00,-3.642448960120263091e-01
-8.686551361089895895e-01,-3.866389538953712290e-01
-9.216632614994688666e-01,1.400233892989885820e-01
-6.793543713277787610e-01,-4.139226413828829831e-01
-1.206535030141578924e+00,-1.127833163330791005e-01
-9.949382427590489630e-01,-7.722453575659408986e-02
-8.494216299834471684e-01,-1.411951062031613358e-01
-1.212351232201312579e+00,-6.095616566388076252e-02
-1.381563357060831311e-02,2.672068692994281625e-01
-3.086829747121559026e-02,-2.583069491951076740e-02
-7.647695251796263749e-01,-5.978906510041831664e-03
-3.952610891143207850e-01,1.407539592878000456e-01
2.681128326735175704e-02,3.168215265687053528e-02
-5.318233408759507341e-01,2.143776999574752706e-01
1.044724736507603030e-01,2.841804202020149495e-01
3.065622895965148809e-01,-1.812091987177999117e-02
-7.129562170126360066e-01,9.248091584462467263e-02
-8.272277482685265193e-01,7.234554221314215550e-02
7.916721107324480033e-02,1.067153832893537845e-02
1.498872987304711857e-01,1.690467848215888025e-01
-7.203039868275651347e-01,6.560146928990334518e-03
2.396612631140977168e-01,3.965065414294132590e-02
-9.460932103257563286e-01,3.433404668902713397e-02
-6.291533078173459081e-01,-3.960913433652700766e-01
-2.828985490364880478e-02,-1.158083583419504126e-01
-6.492005928951349869e-01,2.044150954409858223e-01
-6.268232493868398925e-02,-1.680265433270670128e-01
-4.817699283440104452e-01,1.354095408856793303e-01
2.465964091649480161e-01,1.014613219122081078e-01
-2.091241634153046258e-01,-6.463942848339490621e-02
-2.841788441818626221e-01,2.753363434776380791e-01
-1.190282964244719494e-01,-1.770726216631188493e-03
2.414150938997916551e-01,4.358324974518045791e-01
-6.026189558416009673e-01,4.051735747486651662e-01
-2.330114428215651068e-01,-1.075334195076973892e-01
-8.856939822384076733e-01,-6.391485174419701820e-02
9.059781378186360090e-02,-1.122561403997046348e-01
1.305943228646107290e-01,-3.547800267146304920e-01
-9.671916345255823222e-01,-1.036345432949542233e-01
1.023451117072993882e-01,1.749473169148869356e-01
-9.642051457378703061e-01,-1.226976958086382213e-01
2.412875738245634505e-01,1.372199375525378906e-01
-1.151507432411353893e+00,1.455796859263180087e-01
-1.139144306823673736e+00,1.130603207712417568e-01
-7.885385057770204209e-02,-9.975825873990168402e-02
-5.936167521730853838e-03,-1.251445637284527845e-01
-1.482521496432869998e-02,-1.033075823540838128e-01
-8.962162657607557481e-01,-3.620463857988134304e-01
-9.262608246640025023e-01,2.173094657064265078e-01
-1.287367699532909970e+00,2.822111343817735318e-01
-1.167399826834694121e+00,1.180951154875704290e-01
7.826759939082521267e-02,-3.255899638719125244e-01
-3.120154163613512912e-03,1.832097333082206014e-01
1.716651040666480887e-02,-2.421344666485044927e-01
-8.931097572971594678e-01,-1.585493170642264874e-02
-1.006763926720195546e+00,3.742434364997748730e-02
-1.135308793887862766e+00,-3.411415925740348548e-02
1.092973749229870090e-01,-2.054312602168892055e-01
-2.626345611195381458e-01,6.378311075888439818e-01
-1.448389440036468523e+00,-1.295923600675240317e-01
-2.869060553575800698e-01,-1.961305724994460709e-01
-6.053711584896110942e-01,3.502104178364799369e-01
5.914962394733678380e-02,9.247453282195568225e-02
-1.089056417844529889e+00,-3.287388106110116781e-01
-1.163770715609496742e+00,-2.027020385504899880e-01
-1.082541079196733369e+00,-3.492140315478879375e-01
3.812239547617403412e-02,-3.850859568516864506e-01
-1.214241862977554876e+00,2.220771466820818107e-01
5.072942408344439658e-01,-3.630810660554727454e-01
1.771556305366766559e-01,-2.045174193200794965e-01
1.691764605304496016e-01,-1.271782277300737285e-01
-1.152475274203416333e+00,-3.280029577461858192e-01
-4.969477129755148215e-01,1.602871377955631671e-01
-8.318658560451981376e-01,4.082750557061846086e-01
-1.334485437035463073e-01,2.945279803507650038e-03
2.304354199232363232e-01,-4.069377255160296358e-01
-1.299190195278721482e+00,2.783913060488059088e-01
-1.220418215589615274e+00,1.134427969466780123e-02
-1.331260241399847555e+00,-2.131584033665345490e-01
-3.395516542382818193e-01,1.776459470117102424e-01
-9.024048807618940682e-01,7.634009085108416082e-02
-1.105008978274757636e+00,-2.713316476415178480e-02
-1.335858417791617181e-01,3.181752716781002244e-01
-3.286793554931746048e-02,-2.702339985235563957e-01
-2.996057169724017019e-02,3.183371005891958427e-01
-1.011141738737993512e+00,1.403944810889067030e-01
-1.419427004195264352e+00,1.802827654052765460e-01
3.015022886779112898e-01,9.970732459721019791e-02
1.421883153397461019e-01,-3.344845609069855841e-01
6.955955191608241550e-02,-3.648525164235831841e-01
4.199713123731780851e-01,1.021920308230854224e-01
-3.270471590171074999e-02,3.496358013553567123e-01
-8.322401913421907382e-01,1.139326159724474985e-01
-7.388939364753462080e-02,-3.720867549673754771e-01
-4.423651370255211879e-02,-3.102281854515059334e-01
4.300777716335293377e-01,6.963246037271852984e-01
3.987011289465272057e-01,-1.205694316929629001e-01
-6.532422859048390151e-01,-1.041711130440386816e-02
-2.486157200449435334e-01,-2.618392318550951670e-01
-3.867249548767254241e-02,-8.480091574810770527e-03
-7.919391714942353167e-02,5.391602158619290819e-02
2.275212071643893386e-01,-5.850979842300493144e-02
-8.720405875843664778e-02,6.313775648112077143e-02
3.035648322571277494e-02,4.486472229920870219e-02
-1.242613620988199941e-01,2.983943973564099905e-01
-9.868038990297252067e-01,-3.284934861123986471e-01
-1.163221651455001338e+00,1.175615614431022027e-01
-3.864484744025419721e-02,-1.400111843305250348e-01
-1.209355645620530106e+00,1.107216519451271891e-01
6.726664472581800336e-02,1.387049643061089854e-01
-1.999568171300186992e-01,2.846953703565603955e-01
-1.177057694503730600e-01,-2.661042062040211986e-01
-7.718963345060623205e-01,1.822762916296221530e-02
-9.002741999675553108e-01,-1.316245126334968651e-01
-1.680858102922465902e-01,-2.431000388834485826e-01
-5.862797838637983094e-01,1.879715114464479142e-01
-1.360957375048472251e+00,-5.514246178369433538e-02
1.826536477074174603e-01,1.175141702763538715e-01
-4.317421413366236971e-01,-2.578433218673812921e-01
-1.119599841352946656e+00,-2.940235855194078263e-01
-5.598555433835290529e-01,4.795201063992091811e-02
-9.675494467758087858e-01,1.112039518331394139e-01
-1.109498971650757282e+00,-1.875637236848435863e-01
2.513340940578870364e-01,1.590110254088916361e-02
4.420646479266135964e-01,4.647182837980367576e-01
-3.468495136820647362e-01,1.718213205656664855e-01
1.095542616249855095e-03,-1.809271027118481978e-01
2.554100145017373230e-02,-2.575418054957477332e-01
-7.260853641066482567e-01,8.481925815119369105e-02
-4.522201394905342453e-02,-6.704593241346798460e-02
-7.565079729553449983e-01,4.697099793328370354e-01
-9.049225255881173657e-01,-3.119047161385301581e-01
-9.482598054005825922e-03,-1.256860196044897870e-04
-9.469524667288712338e-01,-3.035840503325298312e-01
-1.862164168634309336e-01,-8.759604165408339804e-02
-1.113435529816699576e+00,-9.558044505759268061e-02
-7.297202977328534068e-01,2.447751689775942985e-01
-1.220707779191821496e+00,2.644946525302160900e-01
7.310919035586385673e-02,-9.056276418599173983e-02
-3.866783230461632304e-01,-2.730154856081566384e-01
-1.162171835395998887e+00,5.363059147850582353e-02
-2.799935372991078086e-01,-2.909301201796596903e-01
2.110799519041085537e-01,-2.585301031040014574e-02
-9.845856367022310929e-01,1.981045821064088275e-02
-8.773628459493347798e-01,1.800014841717487712e-01
-1.012619055788867684e+00,-6.887168712403923809e-02
-1.124176193347226516e+00,1.004426102181755903e-01
-1.317804364733608846e+00,1.875943405180803825e-01
-8.160340204183706703e-03,4.775485078024691021e-02
-1.971289765938423200e-01,6.940311113557798284e-02
-8.432060319491940792e-02,-9.768678808169550809e-02
-1.499867573293190981e+00,-3.856133237586616830e-02
-8.832338462570179516e-01,2.205709481693584328e-01
1.837918357815423454e-01,-9.477007826109618005e-02
-7.818519951080138419e-02,-4.557021127866094368e-01
-1.068886537668305658e+00,1.275205835112231401e-01
1.167972126658320120e-01,-1.886150971035029655e-01
-6.972369531718678459e-01,1.510662843328698934e-01
-4.694018715054154023e-01,-1.153788254150539122e-01
-6.107438487778471536e-01,6.119293223716869290e-03
-1.120312142393962818e+00,-2.028765150287718533e-01
-8.364199387327888591e-01,2.255834230962388554e-01
-1.126248061341770690e+00,-2.017632383912811370e-02
-2.553004549235613485e-01,4.061940908098531366e-01
-1.197530073851069243e+00,4.789137207055634698e-02
-1.308681182227485529e+00,3.359020083719975736e-01
-1.175829128733184792e+00,-1.478739543462700423e-01
3.058986884672298956e-01,3.005866194153637982e-01
-6.878349372372485337e-01,-5.216397730485035529e-03
1.718230751639231169e-01,-5.881719405760000435e-02
7.615323583706905264e-02,-5.584760405442109471e-02
-5.786002058247341137e-03,-1.770666037410843774e-01
-3.920554453363724323e-01,-1.367913924018448850e-02
-1.725222201531994015e-01,1.909887539410959623e-01
-6.758150997852670205e-02,-1.177733973604900702e-01
-7.027113471112691467e-01,-2.876484368570872419e-01
4.892585939741060652e-02,-3.234706544253856259e-02
-5.446915225145779194e-02,5.371466121986273601e-02
3.597071930019148378e-01,3.051699412104211251e-01
9.691828324226376204e-03,1.854262394695185279e-01
-6.753967102992453064e-01,3.588140234700226139e-01
1.616920336036800077e-01,-5.006911505490813791e-02
-1.172305312266495481e+00,-3.030511480016785386e-01
-7.412462981734386780e-01,5.471664979351870128e-02
-2.745707336544110366e-01,-1.704473489122263485e-01
-1.426094169101824960e+00,5.302565315278245928e-02
-1.124079670574584799e+00,-2.319246194256314175e-01
-1.069220717723875724e+00,1.197188903461574201e-02
-5.534292664240352683e-02,-2.135792631157454324e-02
-7.877994217171445379e-02,3.084041663155865365e-01
-1.185406839586906180e+00,2.707005616311903839e-01
-3.793582225234616578e-02,1.653428041705929108e-01
1.807798055208686694e-01,-4.677953112880180453e-01
2.042519694937088570e-01,-1.216616708357060039e-01
-8.752556506544735271e-01,3.003893629259625775e-01
-9.745256626766009012e-01,-8.647509560795155203e-02
-2.326224401805390141e-01,-1.051053839910867926e-01
4.802260343861288194e-01,-2.146472440587742780e-01
-2.729345671968214648e-01,1.300940490841502595e-01
-1.232920412343945227e+00,1.232127627896439648e-01
-2.312496524252820318e-01,-4.328613741654288583e-02
1.529767003315939400e-01,-6.126981100806579150e-02
-6.483924377830048158e-01,-1.389719031587299536e-01
-8.141125978486735137e-01,4.009015407955375254e-01
-1.970837187675431590e-01,-8.287102903974512269e-02
1.659267596271611078e-01,-2.992235004775837398e-02
8.771827850385983255e-03,-1.489735189781201952e-01
-9.752113486955009680e-01,3.322694770617461851e-02
2.468034528292520693e-02,-1.852739801495509320e-01
3.101280740323262286e-01,1.687455646735600001e-01
-1.055536883089752020e+00,-1.829848056550893373e-02
-5.733100239325466391e-02,3.485410430584752195e-01
-4.099647609574701423e-01,-1.987710715074644530e-01
-8.298154580920730217e-01,2.158067507736407542e-01
-8.715104765077585913e-01,-1.537165589569720468e-04
-1.065320483624700110e+00,1.911266592047265178e-01
-1.082077868538043219e+00,-2.291910957635122717e-02
-1.138018443866709140e+00,5.311818961700993241e-02
-8.782591959289657302e-01,-4.885830387581068246e-01
-8.746972644016622889e-01,7.170350782448152438e-02
-1.223425924368946704e+00,-3.756680831880738758e-01
-1.058418271560278123e+00,1.433564265609184596e-01
-8.654163562451119285e-01,-5.624655324590578480e-03
8.459120091392613450e-02,-1.180485507464276718e-01
-7.223353370183410727e-01,-1.155825140323711170e-01
2.426786847755083021e-01,-4.312938940552397959e-02
2.775592302871409678e-01,-7.845495393545117574e-03
-9.962798366404338468e-01,-1.157859937914594017e-01
-8.574881636290310194e-01,-3.157492950090159400e-01
-8.838659933696295656e-01,-2.333424713591302213e-01
-1.066240943661065366e+00,1.192931115070492709e-01
-8.702281234114248587e-01,1.511421882829516727e-01
1.304668732463264424e-01,-6.076335461237047236e-02
1.663950602117235111e-01,1.561129370385911652e-01
9.207882642846990096e-02,3.299136366724329111e-02
-2.503602189716994664e-01,1.164812737862708641e-01
2.838754213175191943e-01,2.044308418539667327e-01
-1.790762435558101301e-02,-5.968825686734558628e-02
-3.978313971472562938e-01,-2.948949891267050455e-02
-1.076949748855451916e-01,-4.137041824331908618e-02
2.172705331029232967e-01,-1.745799874650904027e-01
5.447343368425023452e-02,-1.411737202407031266e-01
-8.123267122995719847e-01,3.521149249177456947e-02
-8.741214765013534116e-01,-3.562432072573869513e-01
-1.121171681903629036e+00,3.166648813758361491e-01
2.994987168977803621e-02,2.039097247072099162e-01
-1.029721434908652311e+00,9.484239858148231506e-02
1.230884941420537027e-03,1.134954407975890117e-01
-8.366719039586869577e-01,-2.812585341352695778e-01
-1.158891593693037736e+00,-1.453475605844601892e-01
8.768773573096748375e-02,-1.714312452343045440e-02
6.281004064661208086e-02,1.681481832831387482e-02
-4.838134929322100986e-01,-1.965634250479531275e-01
-1.417412831396341888e+00,-2.984664240463315021e-01
-5.443146650267760567e-01,-3.277475996241024925e-01
-1.988317383298730257e-01,-1.195444942290330159e-01
-1.423764161019513086e+00,4.420735822592766762e-03
-1.945809104115062138e-01,6.998565006964502754e-03
-7.389859346929650297e-01,-4.381519190111739237e-03
-9.676795620576035262e-01,-1.829292031295794985e-01
2.347958506293762182e-01,3.282762690008876882e-01
-1.871719498868731069e-01,-1.212603437310569715e-01
-1.178175775330573716e+00,-3.980747442964552851e-01
-7.095303327812275684e-01,-1.389924721928611218e-01
-9.739679936659698667e-01,-3.519682532857690976e-02
-8.442527397329757655e-01,1.192216158390211611e-01
-1.153142103263695484e+00,-8.443272278878750925e-02
-5.193366636663832026e-01,-1.832510629099033325e-02
-3.160600448022843345e-01,-1.840238163656927051e-01
-4.948785377329053548e-01,2.136060476713170786e-01
-8.914785102084801238e-01,2.668257064574392629e-02
-1.261297212196380579e-01,-1.042912274328901823e-01
-6.392410982268759145e-01,-1.483502082694127533e-01
-5.183395494206308879e-02,2.226486977993781535e-01
-1.254638964193147244e+00,2.439403651611473933e-01
5.819038851034439436e-02,1.640379723998438843e-01
-1.025608998047777609e+00,2.421690757577224795e-01
-3.560439525268238592e-01,-8.190242754005988557e-02
-2.711867746493558731e-02,1.950739936905514227e-01
-1.221905102178332703e+00,2.931763785787471766e-01
-8.109873987486353464e-01,2.369635322751062131e-02
1.078974629520497615e-02,1.048283009000831739e-01
1.613764597484607100e-01,2.759130146366132186e-01
2.697816879313895688e-01,-8.025493820558460278e-02
-1.034360581617789210e+00,1.178731290572622263e-02
-3.835370494947747122e-02,-3.270471728274375045e-01
-1.312757611459365314e+00,5.542407131502435913e-02
-8.970458160619759758e-02,-4.246342491954521736e-02
-1.006990709600988632e-01,-4.115368995869014140e-02
3.130863593993524763e-01,-7.795110011252009974e-02
-1.222248419719980328e+00,-1.270477390805880569e-01
-7.679940678921047814e-01,5.019792098966215782e-03
-1.109426781355674629e+00,-8.081599060799206369e-02
-1.315550827029873915e+00,2.571472029824286021e-01
-1.963095450928075414e-01,5.904647572222470470e-02
-2.863874074072204623e-01,6.972898888137760154e-02
-1.285941365760688182e+00,-4.343571791531246860e-03
3.119528843824750930e-01,1.403537799427039857e-02
-3.291234070917188614e-02,-5.562784338933085548e-01
-3.863949988719945772e-01,-2.478063778529238925e-01
-1.621156917119251917e-01,3.334429653978184804e-01
-8.371215175370061434e-01,1.448398122036994029e-01
-1.551433187500400601e-01,4.272248407637826290e-02
-3.341781007727424591e-01,1.387407355426271138e-01
-7.842787641251552921e-01,-4.315142509331081899e-01
9.036973851946039638e-02,-1.334397033564496335e-02
-2.125241097149818681e-01,-4.311211296574452012e-01
-1.291321098139143864e+00,-2.617184822896080343e-01
-1.189560099200410503e+00,-1.012911054592077198e-01
1.690603408223459100e-02,1.340618459853525346e-01
1.320933337399179258e-02,-8.779210049811057154e-03
2.123454240266330340e-01,1.511350008062270489e-01
-1.027278010183911627e+00,2.600451063453552702e-01
-8.438198414566486227e-02,1.374887385256519656e-01
-4.044819050048797243e-02,1.758519232905500496e-01
2.772807966908742983e-01,9.267019997619450888e-02
6.952799261286847499e-02,-1.068335868999720495e-01
-2.516776578714599033e-01,2.261359434946360880e-01
-8.843800959358221192e-01,2.652348110765408440e-01
-1.610444083692854356e-01,-1.141034041088517664e-01
2.352214513056684886e-01,3.261100482135834699e-01
-8.494297040742562199e-01,1.302308244961985495e-01
-6.880868463739223673e-01,1.563385159630938104e-01
-2.749715510817169473e-01,-5.180239506736487864e-02
-5.889544257820977791e-01,-1.329298722024711277e-01
9.884093673785364353e-02,-4.208489375298858637e-02
3.509848554226129708e-02,-9.990869820273401425e-02
2.661186273399862023e-01,-1.200383169809438738e-01
1.372163806928219654e-01,1.980719779674964265e-01
-1.068552990274363124e+00,-9.490572813803833940e-02
-7.248746172700955004e-01,1.991546154621219866e-01
-1.307634965505031222e+00,3.281299255101714496e-01
1.320971573071368088e-01,-4.822090269987538980e-01
-7.058361459718993647e-01,-1.847304243315117667e-01
-3.778940964513145540e-01,-6.687591397234028678e-02
-1.007607132926498089e-01,1.987719005051720722e-01
1.232392090257342920e-01,3.165286572753754357e-01
6.007630548413499944e-02,9.599902576292787537e-02
-9.473925729841640164e-01,-2.007759802505494073e-01
-2.858801996363076192e-01,8.958218563793018951e-02
-9.005380365841022527e-01,5.816143563029889385e-02
1.694065866154774447e-01,-9.877084442768205297e-02
-1.464604209767979892e+00,1.040156450565880575e-01
-1.316141164955385856e-01,2.447863353103589545e-02
-1.293330387308827101e+00,-1.489670891771633088e-01
5.791367884260176790e-01,1.309992623671460965e-01
-9.546681675459943728e-01,-2.741078036806471330e-01
-1.074741338142133573e+00,5.651733521382729108e-02
-1.052606606888403018e+00,1.599735707550729857e-01
-1.375244503688484166e+00,-2.307195090162561246e-01
2.478490520555303445e-01,-1.848054322114011105e-01
-1.404818428159201549e+00,-1.894173988280744847e-01
-1.108713006551635516e+00,-6.180030339671729323e-01
-1.085302077301613544e+00,-2.577969090165259103e-01
-8.967196313740251057e-01,9.774817422698518776e-02
-1.294784852788620100e+00,5.930088717128216558e-02
-2.380300567272362888e-01,-2.160024247597805980e-01
-1.072752252518503369e+00,1.803512185555971037e-01
1.523546132461756075e-01,8.787657058489883877e-02
-7.588006112756793264e-01,1.794229647561551011e-01
-1.377993801871901569e+00,2.271179036016393593e-02
-9.377920332082585464e-01,-3.020744046895789126e-01
-7.345109205502560190e-01,-5.218627622029691215e-01
-1.557862213314887279e-01,-8.636192563411197731e-02
-2.493704047762056175e-01,2.511346156139958596e-01
-1.215617733890714369e+00,-7.328409983128700289e-02
-7.589311317108627941e-01,9.164028057359037416e-02
-1.186553499022062530e+00,1.901794173447031167e-01
-4.514739371671039891e-01,1.016502372655814779e-01
-1.016405901337657930e-01,2.592069435658365117e-01
-7.183974038595013489e-01,-3.759287661619548637e-01
2.866821062519075425e-01,-1.156957889929316995e-02
-7.499683717426750551e-01,1.036867309989319003e-01
9.902611119049660460e-02,-1.224833919062799648e-01
-1.041649299505848614e+00,2.733062362068149412e-02
2.497729642476367029e-01,-2.605506476193559379e-02
1.592497549792057931e-01,-3.152955746286485034e-02
-8.028540181676111498e-01,3.183330581596043318e-01
-1.330739251010791824e+00,3.982988911574378843e-01
-9.348770983282876923e-01,-2.003677478856093486e-01
1.780350541832888267e-01,1.025399617535239921e-01
-9.590772545440642838e-02,5.183201175485378093e-02
3.193703286470155056e-02,-3.285135879615063148e-01
-7.875504878508561291e-01,3.030021436899818510e-01
-9.906508245036337312e-01,-5.180834712284778654e-01
-8.962493419151161822e-01,9.804272526451343617e-02
1.889159859307076028e-01,-2.669927565319297341e-02
-1.443298611432916878e-01,-2.255339319967087502e-02
-1.039460594654594283e+00,-3.325973757065974201e-01
-8.856001268635135260e-01,-2.346873534918759718e-01
-1.113018234978812471e+00,3.019038001738058030e-01
-8.688321107450068803e-01,-1.965755544381482256e-01
3.416908486247003940e-01,2.416104050299267003e-01
7.279220787579812613e-02,3.732545664263740015e-01
4.684351874111011144e-02,-2.191616459932676231e-01
-1.051231965883102415e+00,1.006379620629929278e-01
-2.861379117655601587e-02,-3.443566532787968593e-02
-1.305113071583811291e+00,1.636074306905575537e-01
3.024366852220950475e-01,-3.150552286881156405e-01
-3.215820003119952974e-01,1.835366592241729766e-01
1.675109283289261675e-01,2.760094622435732004e-01
-9.081799653811847839e-02,-4.206495835042667331e-02
2.480647765925263204e-01,-3.967959576999222637e-01
3.001253389654217618e-01,-2.123045128331513820e-01
-1.116178023852265389e+00,-1.320362461593760084e-01
-7.206042864638943779e-02,-1.757266434204289574e-01
-1.557292834967167194e-01,4.897933793140086811e-01
-9.154947638292134648e-01,-1.224744075088285145e-01
-6.071264958706322490e-03,1.109797992490817731e-01
-1.648764494246393042e-01,-2.474946175484308078e-03
8.266610889943905305e-02,2.986625136387877077e-01
-1.563876379334741273e-01,-2.145395584253217691e-01
-9.284252682139321200e-02,7.159847364496556288e-02
-8.222236619589312623e-02,-1.583757951620319571e-01
-1.541443859171175657e+00,-2.238346339912084815e-01
-1.035510202138661295e+00,5.915873231429309015e-02
5.271938309782916443e-01,-1.238605184520101821e-01
-1.060572028541210798e+00,-1.041678719190154423e-01
-8.670545305503981615e-01,-4.960826826647987686e-02
-9.558259657759712313e-01,-1.764540870622740010e-01
1.189302817765718057e-01,-3.207413902529172023e-01
-1.063542618867572509e+00,-6.855493028150946855e-02
8.909904887932916517e-02,1.417799188658443177e-01
1.302660354421887046e-01,2.636144987892983793e-01
3.148686285459966205e-01,1.042969046210667217e-01
1.990151459739445960e-01,5.885609405105919276e-03
-1.010113655898402740e+00,3.777700250714291497e-01
-7.252237343857061980e-01,-2.003710632841405603e-01
-1.342989457657385310e+00,-1.535575182025800955e-01
-8.588611120858413717e-01,-3.362941340849612271e-01
-1.223845937346952129e+00,-3.724635107352166630e-01
-8.778822232337496478e-01,-2.546842401467204198e-01
-1.055349771307717788e+00,-2.170492783753930899e-01
-1.059774203285940575e-01,-5.373439339376150092e-02
-5.064604279555778854e-02,-2.234609027219082444e-01
-6.892849391643418588e-01,1.444351418149741606e-01
-2.350816136001743495e-01,8.979664604565243402e-02
-4.164071169989890797e-01,5.109478822750859184e-01
-3.231454213981706514e-01,-5.568456154909275091e-02
-2.963828347876594216e-01,-2.481350251480554936e-01
-1.006312497267918049e+00,9.215982872168280993e-02
-8.826891252834825341e-01,-1.395700350524063937e-01
-6.977327416751899491e-01,5.008422862923996854e-01
-6.346540497879371578e-01,-1.412337593468515895e-01
-7.829940870908327910e-02,1.001678528818610581e-01
-1.050496361951889668e+00,-2.700005916878530088e-01
-1.871632219337669608e-05,-6.988682761882955563e-02
-3.452610452017539355e-01,1.019041795684546975e-01
-9.506945792203629342e-01,-1.402048027605721225e-01
-9.187814497615416354e-01,2.998369847004818123e-01
-6.676485338288907778e-01,-3.123942667405021911e-02
-1.037160285453950781e+00,-1.416334485241815266e-01
2.066205456587461298e-01,-2.418389538664816873e-01
-8.317634834881644235e-01,2.319057737868109870e-01
-9.838446287416462432e-01,8.850912804880886608e-02
-1.960781751340330004e-01,1.425449234193190695e-01
-1.195076182354102290e+00,2.933520187450227874e-03
-9.256689128118316123e-01,-1.545834416309195547e-01
-9.030670652357919437e-01,-3.254414487427213509e-01
-3.318043232713393520e-01,-1.177113431257650472e-01
-1.355223852899438697e+00,-4.110915850767862811e-02
-3.708623453426841948e-03,-2.958301199943289550e-01
-1.479063070162874305e-01,5.346278768178091001e-01
1.869277238128672358e-01,5.035947237238929536e-02
-9.264491108735617431e-01,-1.573069939706771281e-01
2.113534471190659653e-02,7.823712372086059907e-02
-8.383393028634282818e-01,1.246336034686127414e-01
4.022518621795131422e-01,-9.700165308318263457e-02
-3.554934824091269263e-01,1.927838449640270277e-02
-1.338084444530289741e+00,1.373335900487124561e-01
-1.678115375302824397e-01,-4.089529645395856838e-01
-7.474201151336590243e-01,-3.352601261355582507e-02
-9.243910970155467810e-01,3.426179864415145326e-01
-9.320036703667108346e-01,-2.520051141933388195e-01
-7.776810735665773411e-01,-2.758916097132870782e-01
-7.784226771321598459e-01,2.641378555162555708e-01
-1.113514354622640479e+00,-1.585920559619583350e-02
-9.332024360428323728e-01,1.683938212950686353e-01
-1.383232411920177318e+00,2.580266286178188317e-01
-5.244955084600633199e-02,-3.260682356578720742e-01
6.018919077345077917e-02,1.156318352052079640e-01
-1.215110080141517113e+00,-3.171366317938929813e-02
-8.586680518507067150e-01,-2.107766046606167065e-01
-1.156931510108698324e+00,-4.366271997490685924e-02
-9.014967045741453244e-01,-1.486335290566424133e-02
-6.583858631486969037e-02,4.368495175640214889e-02
3.443181879937425860e-01,1.561036697925230754e-01
-9.920722420498157001e-01,-3.712139475818852508e-01
-1.088993863768421999e+00,4.218835206052403142e-01
-1.153882687446042166e+00,6.481575560259256186e-01
-1.050035941743085122e+00,-1.460152892316299578e-01
-1.509418224731337577e-01,4.251359498284298377e-01
2.600386465649300871e-01,-2.620431201483466865e-01
-7.059442000266253903e-01,4.412374112762918466e-01
-7.832462666754289593e-01,1.708428444935732871e-01
-1.358112828702081831e+00,-7.330679640707662426e-01
1.592234653628191166e-01,5.925492789728629139e-01
-1.310203826757847745e+00,1.129931335386528124e-01
1.442637104235531820e-01,-8.357523075815263824e-02
2.057711235193498134e-01,-3.288771948273276624e-02
-1.196340632004960103e+00,-2.127487809151951403e-01
1.991903392261752670e-01,1.313661525909919914e-01
-1.376599322639816769e+00,3.424278284016780277e-02
-2.044214064417733227e-03,-1.238192209739732569e-01
-1.495883623453848066e-01,-2.279895490710471748e-02
-2.833407342218058345e-01,-1.589362501998857202e-01
-1.052435593546594550e+00,3.699581009955789646e-01
-2.442162818474767627e-01,1.677309745998141755e-01
1.510938313454185666e-01,-4.650066446117478436e-01
-1.017246590656777805e+00,1.423970400834384253e-01
-2.389394025398313970e-01,2.657534070057569475e-01
9.243537209727441598e-03,-1.309374544811494623e-01
-1.049030658504843672e+00,-3.742897748039691191e-02
-8.382007922606177219e-01,2.496869060360113191e-01
7.051707873101870083e-01,-2.688170632372868796e-01
1.971508297786708219e-01,1.518806376593979657e-01
-1.243886293802846377e-01,1.441920329240115317e-01
-1.349807181511877063e+00,-1.626087484893714297e-01
-5.545038415056507963e-01,3.906777065046171948e-01
-9.619740904221615319e-01,-1.723410367356336403e-01
-5.246848640687540311e-01,-3.429639881693417047e-01
6.704815343685020801e-02,2.590095122968471553e-01
-1.872154747603995695e-01,1.341358820031146037e-01
-9.501757367345212146e-02,2.958277380072779073e-01
-7.405130889847257869e-01,-2.485790669182509627e-02
-7.264428556240953849e-01,-2.283990652126085263e-01
-1.170582059601342095e+00,-2.604844299884159220e-01
-1.671102196310626509e-01,-9.300218598749657173e-02
-1.926372045128075527e-01,1.413563514001276167e-01
-1.634401782530519875e-01,2.829643433569343780e-01
-8.638608363261093270e-01,-2.372910023139270241e-01
-9.395860345526081403e-01,-3.251911617272965627e-01
-1.265053322227961408e-01,-5.309838783571689536e-02
-3.023347879900326052e-01,-1.232263300132884409e-03
-1.245124336194524561e+00,7.138064992760025096e-02
-7.918143421832505302e-01,5.593931812766094608e-02
-1.165827206857844578e+00,-2.485079398002512652e-02
6.203669963389450009e-02,-4.725841141346766583e-01
-1.094318246974698844e-01,4.654052608150771597e-02
-1.230352683290655488e-02,2.323441404244963315e-01
-4.959565234821441786e-03,-3.082199811226696839e-01
4.141594276426641130e-01,1.386057593221072803e-01
-2.032391943938338386e-01,-8.864197409778004633e-02
-1.135272205421492542e+00,-1.209654792218238933e-01
2.800221653555834966e-01,-9.147555092895416629e-02
2.959207449961358538e-01,-4.165918302721100530e-01
-8.756246860452280290e-01,-1.147623047781568817e-01
-9.104764638172492264e-01,-1.663375166537909844e-01
1.057923376474538268e-01,-2.206021255483215926e-01
-9.046114065282051531e-01,1.285805488091976145e-01
1.154107049825321279e-01,3.949214165724110326e-02
-1.936237147369240796e-01,4.928822055103641575e-01
-9.726593702123642604e-01,-1.392982788689150486e-01
-1.061315567685930494e+00,-2.177228324666749260e-01
-5.530098376596774383e-03,6.564989559960256182e-02
-2.516669766143372899e-01,1.735971753479441104e-01
-5.424381661862748283e-01,-1.247341610931164690e-01
-6.089179063880985066e-01,8.428747822363880093e-02
-1.524410577364256336e-01,2.079111311520778216e-01
2.019484770988760614e-01,1.358492288988209229e-01
-2.975609881330049111e-01,-7.205758049660343501e-02
-3.238165845556627009e-01,-4.717081819514911678e-01
-1.277154285834296799e+00,2.050403450489251267e-01
-8.530944790016042889e-02,-9.520124679533650824e-02
-2.660105445697332760e-01,-8.279181556106153528e-02
2.970580875008876354e-01,1.473415216017673612e-01
4.212803738905447903e-01,-5.039161660708704193e-01
-5.643258859102959768e-01,-4.377668246162865207e-01
8.991717468894155907e-02,7.132509886301903468e-02
-8.853716521822889707e-01,-1.031499879272821350e-02
-5.607861176975315054e-01,-2.805126601512281104e-01
4.266965295361836441e-01,4.958290416479681495e-01
-1.271250059127397858e+00,-4.207611375070959003e-02
2.913853150324606234e-01,7.549150539978152774e-02
1.940026242694394554e-01,-1.061689266627644651e-01
-8.003649067523339600e-01,1.227188481687658816e-01
-1.771352707707715968e-01,2.133671962882487949e-01
-8.151168034100892967e-01,3.404065464634613292e-02
-8.259871369309079725e-01,2.425678382845640746e-01
2.881710967333521167e-01,1.842826856329548013e-01
-7.512276949261124104e-01,3.679888482639583902e-01
1.089719431779397063e-01,1.939448177180470023e-01
-1.065435620774698666e+00,8.787015834722881891e-02
-9.905187238822191764e-01,-4.026847022076480292e-02
2.862533290506678596e-01,-3.074972859633985922e-01
2.531433411484275142e-01,-5.670079618821786960e-02
-9.433393676481927059e-01,3.713159136657762649e-01
-9.730843574475824820e-01,1.124613126258671020e-01
9.019581060411625828e-02,9.211134922971693506e-02
-6.902533314619579974e-01,-1.288973073496281763e-01
-4.469001164172842211e-02,2.336821184592306755e-01
-2.630380922606300742e-01,2.164582492572590389e-01
-1.450187480024255127e+00,-2.078139036715971333e-01
-5.667837678362840081e-02,7.652688357017524423e-02
-1.157891293602182570e+00,-2.918500133906850105e-02
-1.118835032891442927e+00,-2.361961102371470389e-01
-4.148828630639858628e-02,-8.641480315488055119e-02
3.240175087818684269e-02,-2.249501801827987479e-01
-1.234175751152439604e+00,1.549744617874274366e-01
-7.160246493361823727e-01,2.370103586768853021e-01
1.571559314023901477e-01,-1.209591208793460576e-01
-1.092559664099299388e+00,-3.644874877105318961e-02
-1.691573967234429321e-01,2.698669416939040167e-01
1.607543350779852831e-01,7.785893768504331680e-02
-2.694160371772874596e-01,-1.249150870542619328e-02
-9.257420271662681888e-01,-2.311273348400770533e-01
-1.384342381687885482e+00,-4.022742927197142104e-01
-4.303545766212480417e-01,-4.179877529931396579e-02
1.841389960666361680e-01,2.856183117166142260e-01
-1.404706525064575162e+00,-3.081043733127918904e-01
-8.746170826798196352e-01,-8.199905124214242058e-02
-7.356287924781245158e-01,-6.125213778221554051e-03
-1.337242409799942022e+00,-9.076181935350136759e-03
-9.677314944074419945e-01,-3.396203087877386340e-01
-8.151441003985560041e-01,-1.688069916563041117e-01
-7.570805656507468839e-01,2.179990433130237215e-01
-7.324150920121322295e-02,-2.409696936729595063e-01
-7.590553320700602069e-02,-1.166443160292638254e-01
-9.581718348381776940e-01,-2.796488561812674953e-02
5.168141467166836867e-01,4.083375529130176540e-01
-1.090095470580374037e+00,-7.813855156111994271e-02
-8.899984100589528602e-01,3.300285895890332499e-01
-1.020581638485838827e+00,1.418817372934977894e-01
-1.292520645448512751e+00,1.947383888882752434e-01
-4.106682687539840726e-02,3.013855377034445060e-01
-6.574408223967480591e-01,-3.660486921572527752e-01
-1.055284895260883760e+00,5.552847802482660522e-02
-1.203223121099505390e-02,5.821031563771560113e-02
-1.265892385162869616e+00,-1.929815317057840263e-01
-4.939945134457217613e-01,2.732421677181297026e-01
-2.046720641955658004e-01,3.288777479943594262e-02
-2.567521201340797199e-01,-1.711510863560331830e-01
-1.190894651749434763e+00,1.994200975954937838e-01
-3.673507639757257748e-02,-2.020444153276254873e-01
4.469084729079801643e-02,1.277235274708551083e-01
-9.243037510968076242e-01,-8.132232599411763629e-02
-1.733848594254931985e-01,-2.419896946221838097e-01
3.764049566137722125e-01,-2.335211639685879637e-01
-1.676634050060050507e+00,-1.535470875130959534e-01
-1.410839169528186332e+00,-1.784435530986314966e-01
-8.287646330228497504e-01,-2.222042917041950061e-01
-2.083649802016104488e-02,-4.092203965862296206e-02
5.731171396613284896e-01,-1.613851532049248305e-01
-1.090501342687788089e+00,1.891272812417115201e-01
-1.018240598131774644e-01,2.375667034836755620e-01
-9.419976075670758453e-01,-1.163569635854825451e-01
2.415467951930740931e-01,2.317713456285301343e-01
-9.008382035211522920e-01,2.022255362380015187e-01
-3.315812777360903629e-01,2.794380447763171182e-01
-8.869321347672902700e-01,2.209111535450931918e-01
6.136889540934397508e-03,-3.188293158851109310e-01
2.127655936446515295e-02,-1.250031321320515219e-02
-8.118734284535331636e-01,2.939894256052082988e-01
8.008452472550381396e-02,3.648017552967628974e-01
-1.191569733407674248e+00,-6.779176304042716650e-02
-1.004666448466502215e+00,1.907504785735076036e-01
-8.788040256534890293e-01,1.628404559692564757e-01
4.105383739509428920e-01,-2.442154627075816820e-01
2.661937815458913503e-01,-2.809754025674078837e-01
-3.143994560126060489e-01,-1.993760686378652780e-01
-9.521743265580957793e-02,-2.549485534159920963e-01
2.404620082240473133e-01,-2.610470332044967923e-01
-9.126953299577440504e-01,4.602365382864653798e-01
-4.545257108510052102e-02,5.903812819504531545e-02
-1.019400622889146790e+00,2.864597072735115650e-03
1.852762911711242633e-01,-3.026814096426890411e-03
-3.119576810208404272e-01,2.935955280509131016e-01
-1.109734718282696209e+00,3.039042656294995703e-01
-9.966004087404047862e-01,-9.837745115737697721e-02
-7.636902597094750167e-01,3.167603745232472345e-01
-2.961794224639741624e-01,2.675314617140996110e-02
-9.922151908787562036e-01,-2.828769315391838068e-01
1.571844568528517061e-01,3.401336743212590163e-01
1.452507439471396322e-01,4.016791910088350626e-02
-1.388106458750009597e+00,1.444670005856293071e-01
-9.204264391931176181e-01,-2.897876438548032674e-01
1.347149142719206993e-01,1.111824481474095322e-01
-8.403690774460602364e-02,-1.795824305399355003e-01
5.274529050091390781e-02,-4.199890784440459268e-01
5.721785662250003512e-02,-2.977590623567005768e-01
2.213683225038231422e-02,-7.024840765526162156e-02
-1.047065272838488381e+00,1.361333924335220991e-01
2.422700031328228754e-01,2.088665554862458029e-01
-9.267735645131692790e-01,-5.208071528027801572e-02
2.330432175221129887e-01,5.018280620008706665e-03
1.277079642424228667e-01,8.816165995970068336e-02
-1.156504585604493984e+00,-4.315400557588794928e-01
-1.238315380833759916e-01,2.209764765848701018e-01
-9.970372755379767193e-01,6.319669669559392633e-02
-2.230769061853861146e-01,-1.415044216221614248e-01
-4.456383218379125766e-01,1.092510396305654691e-01
-9.304852399023991749e-01,1.209137235107231312e-01
-1.069314403591762552e+00,7.510253106958685032e-02
-1.090218273600732229e-01,-4.472292366295734650e-02
-4.775140743422128242e-01,9.166410433202855368e-02
2.594655263919356525e-01,1.240274030718254289e-01
-8.280885463961857873e-01,-1.053075896333663108e-01
-9.768013320277785239e-01,2.098101187375649712e-01
-1.029766468042477401e+00,3.098731562801540496e-01
-7.135504844611754993e-02,2.125198017802331918e-01
-1.149550136753177965e+00,4.598676733801346783e-01
-7.447716794322515321e-01,1.216039199606642335e-01
-1.207462939682817593e+00,-2.044020450086127538e-01
-9.570204292631190324e-01,-1.903279576789580485e-01
-1.217884438919384369e-03,-8.050757251018256233e-02
-1.283982339530334027e+00,-6.196270094104004700e-02
-8.716069116132689754e-01,1.710140631289856425e-02
-9.708536734816490821e-01,2.515370324567337001e-01
-8.404695143515117373e-01,3.519992944425714976e-01
-1.080589872021056275e+00,1.311701101800549218e-01
6.106851506162151721e-02,-3.394236485560581662e-01
-8.274128764581750728e-01,5.455975460634603369e-01
1.943027158113207475e-01,-1.304626266892027764e-01
-8.029812629930870305e-01,1.667630267858062065e-01
-9.153911474335492127e-01,1.541257862675578516e-01
-2.084575210402369316e-01,-1.797274694342996804e-01
-1.292126316391605023e+00,3.624865923247831412e-01
-3.848992818907764346e-01,2.924708636253307015e-01
-7.815030092299246611e-01,-2.832254920625555672e-02
-1.205925676050352058e+00,5.899780280353789097e-01
-6.823496628061698210e-01,-3.714209446764228650e-02
-8.893532349365151912e-01,-3.557888167498669540e-01
-2.991731479769620949e-01,8.925432755601024615e-02
-8.958096064022619265e-01,1.999314888365793241e-01
-9.703202082992722355e-01,2.408459395541784620e-01
-9.822928350452821145e-02,9.014348512179831685e-02
-8.955141011856950772e-01,-4.248746354428988292e-01
-1.208958581302789659e+00,2.710188407928687537e-01
-5.788551281295452496e-03,-1.231192435175534061e-01
-9.338514431560618334e-01,2.029741207917018231e-01
-8.521932175601634185e-01,3.903869572378917407e-01
8.937667410906291465e-02,1.758126696641503228e-01
-1.095197709643865203e+00,8.331226607494671144e-02
3.275570373740751412e-02,-2.760620278632793245e-01
-1.308823872123171528e-01,-1.052032553184360647e-01
-6.598974246219792006e-01,2.065025648790128066e-01
-1.808900659202606898e-01,3.058703692153803312e-03
-5.277633423412066982e-01,-3.071898316578779986e-01
-2.864351245749906238e-02,6.758020653070798134e-02
-1.232662636736522543e+00,3.525770529152289640e-02
-1.455814697059290896e+00,-4.154928000738066299e-03
-1.101404689305778506e+00,-2.190294135180003432e-01
-1.301424781384054319e-01,1.610676031154536225e-01
2.592488558835440160e-01,2.181496109496431149e-02
-7.892757309364051288e-01,-1.920417956372393042e-01
-1.426620489369272882e+00,2.284658271586490208e-01
-1.776663357538724730e-01,5.119634204012086381e-02
-1.115365375802597647e+00,-2.084322711296320366e-02
-1.137772009233899650e+00,3.165615935110474392e-03
-9.149347068227594582e-01,1.669962717574289268e-01
-7.962673162395059734e-01,2.303727941632639498e-01
-1.953856574241063238e-01,-5.424149757950903067e-02
-1.209525268967666323e+00,1.002606007237732966e-01
-3.621170207582872225e-01,1.389589903913590885e-01
1.058292281486949843e-01,-2.577415198567421517e-01
-5.906404904269978440e-01,4.217645026447562895e-01
-9.134812178460636201e-01,1.010424545468744939e-01
-1.116385551835590961e+00,4.099032494072658017e-01
-9.988742831179588944e-01,2.662603272907364954e-02
-2.964636336081000745e-01,2.697165249695056971e-02
-8.016596087009188187e-02,3.081061953741061343e-02
-1.038815683092671360e+00,2.601516570752678281e-01
-9.641060439052404618e-01,-1.919559613172411860e-01
-1.028600300508591969e+00,-9.916516475032044475e-02
-8.653156502634635761e-01,-4.492054750367701493e-02
1.922894103124695997e-01,6.049965453068012478e-01
-8.926600159602992024e-01,-1.716745031064892124e-01
9.349992798727171928e-02,-5.717849015316188444e-02
-1.639615408124510676e-01,-3.037503371601192881e-01
-6.719735651305600022e-02,-1.951922904899801650e-02
5.948460179857283786e-02,-1.850779033476778190e-01
-1.262818793546022444e+00,-8.781314255215881548e-02
-1.041832447306529907e+00,-1.549478360665129673e-01
2.487781980564279100e-02,-1.272195266228262345e-01
-1.055327607426886694e+00,1.505559386757768237e-01
-2.102035433557658262e-01,1.852313821431552099e-01
-1.232436209756611056e+00,-1.369562489457633314e-01
-1.744240503380496410e-01,-7.386706932982883833e-02
-9.210892279873920951e-03,-4.799516971324634396e-01
-1.008915604663965571e+00,-4.592878636385344104e-01
7.663109017346886320e-02,-1.971657069765297698e-01
4.460115525628635669e-01,1.440791807721936157e-01
-1.783360028127219110e-01,9.173194583676774760e-02
-3.027396646768635291e-01,-2.035062662831864100e-01
-1.100964289545198760e+00,-2.487127578840313824e-01
-1.000803025362128951e+00,-1.629797806117419812e-01
-1.213554563334875880e+00,4.173309800754637644e-01
1.932625919172184514e-01,3.517004605738670020e-01
-1.285503375030488060e+00,5.767646806315403218e-02
-1.492433081898233427e-01,1.288312098047990351e-01
1.590197778658430650e-01,1.362416640032044490e-01
-9.808702004375615680e-01,-1.492005947953320422e-01
-8.690886316409047740e-01,4.406059443841289086e-02
-3.394269530063288853e-02,1.391425571739285660e-01
-2.431864846825060322e-01,-2.602216537892788617e-01
-5.935092954094092071e-02,7.158248539665679200e-03
-9.756969352251118055e-01,2.661800384407932984e-01
-1.243585410979383576e+00,2.017602869576762825e-01
-1.038826080741234836e+00,-2.365627301312830111e-01
-4.759349060800517617e-02,3.474404747945425420e-01
-9.608193440264746477e-02,2.137322062821203281e-02
-1.101996087691918369e+00,1.847075408641056862e-02
-1.183399214529501808e+00,6.171191563653308926e-02
-5.123048794843532150e-01,4.478945302918325988e-02
-1.015489107225030052e+00,-2.085167421452689962e-01
-9.367160873692623735e-01,-1.363906119215311553e-02
1.122959277773819819e-01,5.461592953837102193e-01
-2.403383225203821749e-01,1.553625629010842862e-02
-1.285480503980480638e+00,-2.953462818845625781e-01
-9.877128660962244400e-01,-4.294259155973785269e-01
-5.399272606007735759e-02,1.603822917210014076e-01
-7.236985472206690639e-01,-2.318811882363294372e-02
5.932454851039275362e-02,-2.955510008467030492e-01
-8.506392407122106425e-01,2.359197684245231130e-01
-7.083021332292790406e-01,2.837137369784897833e-02
-1.079542762562218483e+00,1.121094272888685239e-01
-1.240978811447809305e+00,9.662399507299489210e-03
-3.421301500769188819e-01,9.672017478961930648e-02
-4.004659304170586631e-02,-4.703104733654135672e-02
-8.531703708080173865e-01,-9.344876837657452306e-02
-1.269927144533889329e+00,2.706514408809280181e-01
-8.131367820463227813e-01,1.708341830580946130e-01
1.144449212251407166e-01,1.431532495474674982e-01
-9.318460032980114827e-01,-4.761508152165385699e-01
4.191016759569582972e-01,-5.719505377272762758e-02
-9.690339166506622970e-01,-1.357639662938983638e-01
-5.240772029078728522e-01,-1.281848273508746638e-01
-1.145611282010021936e+00,-1.703153158771282538e-01
-5.814857525001583538e-02,-8.074304948595265041e-02
-7.247626212856375094e-01,1.001965901486699673e-01
-7.839606148010411779e-01,4.997358449615268428e-01
3.013027900967276129e-01,-1.546278419198383880e-01
-6.511400999778037546e-01,1.136660142165803189e-01
-8.762750767755875803e-01,1.793812052583394767e-01
-9.629878666882737970e-03,3.608862511169086407e-02
-8.944992411466745619e-01,-1.653663185106884204e-01
-1.047111141787090194e+00,-1.392741764242838229e-02
-1.040747403517723102e+00,-5.243442091869893185e-02
-1.170907919097663452e+00,2.606520896465450154e-01
-1.084399786631584650e+00,-4.529098353251015951e-01
-5.875659559678236138e-03,-2.619898405697700106e-02
1.124442615897832259e-01,-4.898539403055953700e-01
-1.942177740968525634e-01,2.516282105386996037e-01
4.915100026729289640e-02,-4.872221362468267397e-02
-8.708801778861534337e-02,1.521974867809094412e-01
-9.596471454450249405e-01,1.704618128346774009e-01
-8.383204459866664404e-01,-3.525375648851550303e-02
-1.990687037561459649e-01,-9.956438674461683125e-02
-6.202040370909891465e-01,-1.410625047376354024e-01
-1.361356131954786441e+00,-1.551914109052807966e-01
-5.943123972004829003e-01,-2.075207709721322846e-01
1.004398437657876841e-01,-2.490723343032807957e-01
-1.148460670296817199e+00,3.212491588487337846e-01
1.242117647036295597e-01,8.008614098662393543e-02
-9.443379110253419251e-01,-3.370320164804099794e-02
-9.544936835783343065e-01,-1.707000386527880720e-02
9.919842112930012112e-02,7.708001648585387222e-02
-1.211423408773281384e-02,8.195207357855489871e-02
-9.439384062533789921e-01,-2.447351442253511977e-01
3.883157251984563074e-01,7.597551109238288858e-02
-1.240825577171895455e+00,-2.806688128591365294e-01
-8.967160008410892669e-01,2.298067328630631623e-01
-1.096949269055693010e+00,-1.183916389287003879e-01
-7.616099262860373531e-02,2.202265662112442013e-01
-1.281203100773616599e-01,-1.810096655662602749e-01
-1.128868340617926957e+00,4.248679702724632301e-02
2.065610514943198028e-01,-3.585379093378909254e-01
-1.238603031817715250e+00,-3.852627457025863955e-01
9.465807926906594227e-02,5.639798654153376639e-02
1.447066114006951287e-01,-7.658951395890616076e-02
-6.410860623386077650e-01,3.670152458049204536e-01
-1.309479740094797728e+00,1.867880653897658061e-01
-1.046496820474639655e+00,6.647287640169943779e-02
-7.394511783068843935e-02,4.425984976785038438e-02
1.431809446485916293e-01,-2.146340572268563493e-02
-1.061074851256187612e+00,2.498766061651525316e-01
-1.072885668198678255e+00,1.197801925037556827e-03
-5.156633682312863343e-01,1.818530162756679947e-01
-1.055832137706225471e-01,1.839515879639041784e-01
2.222845064812895566e-01,-1.421712035504962002e-01
-1.789894295082537223e-01,3.531458005426713620e-01
-1.119703650037594256e-01,3.703724371041478003e-01
-1.076537108919390695e+00,-1.399716127991369463e-01
1.222730458660642727e-01,1.356121102755432906e-01
-1.052198496119537641e+00,3.519961467647605979e-02
1.371298755914225620e-01,-2.244861213073516895e-02
-8.913116520727921710e-01,8.573132288576590376e-02
-3.848001508800383969e-02,-3.274616378307863007e-01
-1.088306110541349625e+00,1.666366345891156231e-01
-1.324648792104547723e-01,6.793791377750577065e-02
-1.086289519326791297e-01,-6.624591071214150362e-02
-1.022224324004405549e+00,-4.112243480440648247e-01
4.604343564321314863e-01,2.980176187339900196e-01
-1.177757331902673288e+00,-1.828178260648477826e-01
-2.176786338323768721e-01,-6.255468368554355230e-02
2.864687827274582932e-01,3.546797490479104698e-02
-6.969438094239782666e-02,3.535682582832819776e-01
3.136258421262131391e-01,3.932916272284151665e-02
-1.481893082656025040e-01,-4.021065726514311267e-02
-4.930733875777978253e-02,-3.899501142620236897e-03
-1.442530423003028084e-01,-8.690797169535535716e-02
9.249072841953601132e-02,-3.297260599764719191e-01
-1.182806642328048774e+00,1.102073206563943392e-01
-1.321625639426325272e+00,-3.916734819052540562e-02
-8.916324371359739542e-01,1.175072528089219637e-01
-9.922750195390860339e-01,-4.260637248480305672e-01
-6.202138128900470671e-01,1.777794131782589049e-01
2.377900884668928544e-02,1.939306644613817132e-01
-7.660070844725036521e-01,-7.605511573703449546e-02
-4.069021746554396524e-02,-1.811943747245894076e-01
-9.931615695227169471e-01,3.672334742586289558e-01
2.700101815644279646e-01,1.941316902569351910e-01
-1.387962594048217646e+00,-8.011971002782820872e-02
7.905371612685485605e-02,-3.749282028476669856e-03
-1.040533459800311311e+00,2.343232983231339772e-01
1.455080747750990555e-01,-1.420271193016693634e-01
-1.076248611846787773e+00,-5.242129586990401657e-01
-3.789807240899205065e-01,2.564542922935714730e-01
-1.694203797943529266e-01,3.425293937955322110e-01
-1.263340549304609262e+00,-3.325064952468111401e-01
-9.695589321965498719e-01,-1.619230673156217548e-02
4.602699047345186478e-02,3.588009245730990060e-02
1.743389251025042053e-01,5.937091015341409289e-02
-7.620007865147936377e-01,7.648322258670884992e-03
-7.204686872632076744e-01,-4.908884225660816725e-01
-1.616379567903520054e-01,2.459491538506277386e-01
-9.414891045578356321e-01,1.220473149672848812e-01
-1.243468849478216010e+00,1.626116920980437974e-01
-1.242649610435699437e+00,1.858972076173736054e-01
-8.119503675015664612e-01,-2.801630036561717496e-01
-6.118127374930657815e-03,5.718731738339415116e-02
-1.245565962016330630e-01,2.642506059219726366e-02
-7.919986584201059443e-02,4.280837219340864926e-03
-8.542930977242801927e-01,-5.808272269852658987e-01
1.091944830266796534e-01,-2.464748287723095010e-01
-9.712812571825770736e-01,-1.366279394620805721e-01
2.912845451559691323e-01,7.364998143092186741e-03
6.667789736633380517e-03,-1.536543960414099297e-01
-3.638471773433409051e-02,2.825530459623263324e-01
-1.967755229446681575e-01,3.633618049516697257e-02
5.639716450781660393e-04,1.431687236927390583e-01
-8.692602420959937293e-01,-3.640929542692969423e-01
2.170694230864132768e-01,3.006380407119259579e-01
-7.234243962521891280e-01,-1.448438080231789493e-01
-1.113828354946617250e+00,5.414642173927735058e-01
-1.922409206952720717e-01,1.046481478727536024e-01
-1.039650119310415954e+00,-1.127735774951669906e-01
1.551006292284789478e-01,2.213920007848055038e-01
3.454908526431141325e-01,-5.827663510207940767e-02
-2.568343531823930048e-01,-3.097012640641110814e-01
-1.382099600964798336e+00,-1.501449343077953524e-01
1.139794377728446106e-01,5.846255495238329020e-02
-1.602043688200384952e-01,2.298843344873019168e-01
-1.176291581640602768e+00,-3.990862879709533018e-01
-3.870602728382159796e-01,6.703642699652040404e-02
-1.626936921345661646e-01,-4.357654896885793105e-01
-1.536696538169843029e-01,-6.430979044407544865e-02
-1.209517330590735629e+00,2.998577179634098755e-01
-9.176330793876843472e-01,-1.172981846594764975e-02
-1.137930122056189708e+00,1.608343469685948324e-01
-1.136299641408520245e+00,1.813139165425157184e-01
2.722948218413288046e-01,2.675875828335328999e-01
-2.207827739971584755e-02,-2.496065240386317885e-01
-1.050982691963159743e+00,-4.179109013256502858e-01
-1.121504017578621726e+00,1.186829339232990943e-01
1.380983578828865743e-01,-8.077775435016393930e-04
2.583492789319737359e-01,2.662474110308495415e-02
-1.012191404881620738e+00,7.390318273784919623e-02
-8.659764908880580592e-01,3.973273458948652914e-01
5.623491763530721332e-01,-4.598060571519990702e-01
-2.767171465258779772e-01,1.782765186716086525e-01
-1.225427067548054749e+00,-6.916380344897742061e-02
-9.119043297157252148e-01,-1.167187852808954929e-01
-1.184537448237865442e+00,2.289648006019193716e-01
-4.022634516244148750e-02,-1.585386771296776881e-02
-8.011099389444517049e-01,-5.422278652219271189e-01
-4.655751917413438745e-01,1.644681693949990031e-01
-7.415399980194721241e-01,7.810877527128572140e-02
2.112425056374136190e-01,6.344752020662097758e-02
-1.184631842305019056e+00,-2.289430536585891351e-01
-7.279302211033836234e-02,6.846219063575440522e-01
-1.300000281170536898e-01,8.122622137627466543e-02
-8.298205111690125646e-01,-2.159100625057568390e-01
-6.779907777637077526e-01,3.408973526258630149e-01
1.884518206893207037e-01,-9.175949140451640507e-02
-1.107506360867385187e+00,3.271272205918975690e-02
-1.010075932916641328e+00,-3.928725535100070498e-01
-1.401289838193046366e-01,-1.109047698340206028e-01
1.186887884421142098e-01,-1.167693937811255939e-01
-1.079517779196283112e+00,9.944175812123193237e-02
-1.088963875781926216e+00,6.020637156331894863e-02
-1.087295029704546945e+00,7.785192057537926313e-02
-7.981453510622606995e-01,-4.341122888189135470e-02
1.141161467822412318e-02,-2.337508692004204303e-01
-1.395263355575889541e+00,-2.432218030325920821e-01
-5.049970223676787384e-01,-6.940598193066505051e-02
-1.151552540100117428e+00,-1.125285155533243819e-01
1.365060464947896735e-01,-4.432194900167771984e-02
1.695444364668381443e-01,7.215989300157998887e-02
-1.602108357774249259e-01,2.455865816521600187e-01
-1.915719633048306170e-01,1.525682220591315363e-01
-1.179601257751273335e+00,-1.949401253404892675e-01
-1.578582704779091794e-01,-2.195451950341660574e-01
-1.698800525290261945e-02,-2.179383786300703174e-01
1.926836565967007808e-01,1.814656142111900627e-02
2.580780537324759427e-01,-8.290313403478116738e-02
5.232753033362935735e-02,2.503622712743770462e-01
-1.191764742310983616e+00,1.736163544508449452e-01
-2.568867388480094646e-02,-3.302247674969958635e-01
-1.149852361089404917e+00,1.602406924895672172e-02
-1.058681831660186895e-01,1.374384926511704706e-02
2.048081325884557879e-01,2.193737054575812737e-02
-1.477847840063323537e-01,1.565108306759316337e-01
-3.640038379432502524e-01,1.051970450699592080e-01
-4.534356304004850957e-02,-4.562013862276997206e-02
3.785413780855651639e-02,2.739282250450499889e-01
8.635052397033038396e-02,-4.063854976843588734e-02
-6.651103553788038913e-02,2.473619433823456837e-02
-1.128412337839269419e+00,-1.658497997057135354e-01
-1.402363970518483993e-01,-1.781197301496379171e-01
-1.057238832222989755e+00,9.932366441814130531e-02
-1.149358401142420050e+00,-1.752920899228360696e-01
6.592376720607808771e-01,-1.212669625700767417e-01
-1.072899957650071512e+00,2.899313290944361410e-01
2.505961034390379316e-01,1.694462155258730923e-02
-1.062935768601249276e+00,1.646779947870698479e-01
-6.576447819403868911e-02,3.606945775799278581e-02
-1.932318089978921072e-01,-6.538712284363734639e-02
-9.622756336258656007e-03,3.099851432952951402e-01
1.052933322632512853e-01,-1.560874152487448374e-01
-1.157673938785512835e+00,-3.785505913087868213e-01
-1.038043363328563951e+00,-1.526760512857434915e-02
3.603349373833566460e-01,-2.091025428285585852e-01
-1.977085566373371420e-02,-3.236858640609716758e-02
2.646917666469164043e-01,-3.789314357825744883e-01
-9.310319916994843625e-01,-2.390988848455077032e-01
-2.568240106256922117e-01,3.621269980909729846e-01
-6.495867225133037867e-03,2.581732300138389613e-01
1.736999365458213040e-01,3.712482883616860518e-01
-1.359424234949893284e+00,6.615183142563918484e-02
-8.020503495666084226e-02,-4.515215908821801349e-02
-9.933976843236105303e-01,-2.641784336341316403e-02
3.538988290644792811e-02,1.458934149452837670e-01
-8.312189694492260195e-01,2.907524018870011884e-01
-7.454955960750948574e-01,-3.846791853926093130e-02
-5.367058310586449166e-02,2.308155857917480458e-01
-9.993598408916432030e-01,-2.698582062775148338e-01
-5.933275126967029189e-01,-4.388244906794865341e-01
9.411073030541906859e-02,1.293618545999499769e-01
-5.556036716549551668e-01,1.122986866536385131e-01
-9.533041233625213495e-01,-8.882337446994409413e-02
-1.152894887827455639e+00,-1.560121645811081981e-01
-1.081063888841510723e+00,-3.392184733238642336e-01
-1.134246478669858949e+00,2.550361700893801625e-02
2.717459989453405722e-01,-2.875302941664565903e-01
-1.418506340215162531e+00,-5.041970888042814902e-01
1.328953237924105080e-01,-6.788142467718305539e-02
-1.002177926596423997e-02,-2.967558941443485532e-01
-5.970974004396675111e-02,-6.880898990244743718e-02
-7.223268106851019610e-01,1.646579477256108204e-01
1.798417890087317464e-02,-1.901761978318849411e-01
-1.438383117387029397e+00,1.831052326043590139e-01
-1.936870809018085282e-01,1.069715715902489761e-01
3.772069487438159952e-01,2.576872139583052390e-01
-3.103757307006104194e-01,-1.391027918356028126e-01
6.832061537987721422e-02,-5.251157174047319659e-02
1.608624380834333401e-01,-1.790358112637415733e-01
-9.960151616568021504e-01,-1.421124697512603507e-01
-1.757175486605497827e-01,4.400055467002267351e-01
2.239680103414033174e-01,-5.467454775875697504e-01
-6.542728097847515939e-03,1.122915603828518738e-01
-1.166797559317245048e+00,1.552031458060112445e-01
-8.225568271902151674e-01,1.174148719317605338e-01
-1.641474490677204134e-01,-4.310957752958444189e-02
-7.940398513140412007e-01,-8.717292500543226408e-02
2.974988667450231272e-01,-3.617796341315988040e-01
-9.558050552092600682e-01,-1.094370529260451919e-01
-9.457552205002400791e-01,4.432229563717522969e-01
1.714227267041563141e-01,-1.900997888871817643e-01
-4.791405516349598465e-02,1.202624474310378805e-01
-9.480516198781375747e-01,-7.491802694596663703e-02
-8.154543796990383342e-01,3.960787459404351840e-01
-1.204420696200754870e+00,-4.007388700539683823e-02
2.102087621803704065e-01,2.753336047514278184e-01
-8.660958596175369895e-01,1.032749739216451829e-01
-1.900457057454654763e-01,-3.658138678696688517e-01
-1.659462001547907517e-01,-1.652850708422463899e-01
-7.827170763485800098e-01,-1.313234715041705358e-01
-1.026316776343260129e+00,2.971942918902513719e-01
-1.202776317662193728e+00,-3.790531848245646263e-01
6.057156824005088813e-02,2.560458441413617225e-01
-9.620714165606685242e-01,1.633206413232625165e-01
-1.252112788162084434e-01,1.614133798226174976e-01
-8.674426821782181829e-01,1.858765568420267245e-01
4.324223804485006761e-01,1.984715520834167135e-01
-1.731465498375399648e-01,1.351991253488355194e-01
3.229807830788867240e-01,-6.582067740235562903e-02
1.722656139087727356e-01,2.966322137192258235e-01
-9.971583040939121512e-01,6.359042510606418563e-01
-3.091594231576711982e-01,5.337639027786484497e-02
-1.207579287266895118e+00,-5.344090399716383555e-02
2.962675863449048402e-02,-5.078029861103339204e-03
-3.313298369073920391e-01,-1.352076117723238213e-01
-2.230619877989940825e-01,-8.107175379982088648e-02
4.391669526191517847e-01,3.017771085916263751e-01
5.294474672569055712e-02,-1.035175349833866998e-01
-1.047194569228386607e+00,4.886218706163584224e-01
-1.131228651979921285e+00,6.010923628613407121e-01
4.918140340829679248e-03,-9.419563010360378075e-02
-7.130483547706398806e-01,-4.225742363750633612e-01
2.347672130712317728e-01,2.402691144745456864e-01
-3.573918382313608783e-02,-1.629545703533729906e-01
-5.471899584150232559e-02,4.752777821207175846e-01
7.622019466995816339e-02,-6.771982423564919251e-02
-7.352077327692094766e-01,-2.264294207572850881e-01
-2.452345160428012483e-01,-3.483312778272742438e-01
3.828370046386392334e-02,1.246319466653584423e-01
-1.979398935128793280e-01,3.952799989506487061e-02
-3.483549530653098358e-01,3.143978745859925261e-02
-1.128043596623611755e+00,-1.919428616444997238e-01
-1.731781097910284895e-01,2.461667582818793110e-01
2.014187381109060482e-01,-4.534790315630257695e-02
2.985834943199083130e-02,-4.166857238067669389e-01
-1.158698474788929511e+00,2.404488337517443064e-01
-9.721296487718157353e-01,2.119266044734742227e-01
1.352791273159269572e-02,9.998398605905027547e-02
-1.707043793955144995e-01,-9.155053592662858175e-02
-1.174680090548854583e+00,1.430883018423590725e-01
1.992409041908138612e-01,-2.528176668355645584e-01
-1.327976716802028001e+00,-5.892930653230692151e-02
-1.281242821061036041e+00,-1.620569393202441477e-01
1.613544934163640976e-01,2.459227914913948987e-01
-1.025807902836709751e+00,4.613813291086079627e-01
-1.170222851843340184e+00,1.635662973861943051e-02
-9.824362881877504172e-01,-2.312620050685237072e-01
-1.209043292769896860e+00,-2.371810860474780347e-01
-1.237307026500091389e+00,4.659185637118126028e-02
2.693467548368202458e-01,4.589917738862775987e-01
-7.061862803777032571e-01,-1.578617714300687980e-01
-1.280742183147298263e+00,-1.353035594338598824e-01
-9.343701229542537012e-01,2.338951755934553789e-01
-1.139089839138663018e+00,-1.280551802215876556e-01
1.863124591129866701e-03,7.769611174576441463e-04
-1.028576907742899005e+00,2.597875117092686148e-01
-8.202539350871465018e-01,1.378784280170643195e-01
-8.063368414205559498e-01,5.896858817897707855e-02
-1.031558971087572774e+00,1.324943401119521025e-01
1.722902535745951813e-01,-2.406766999832802845e-01
-3.903323941872754999e-01,1.416003816044133778e-01
-1.110673189320413451e-01,1.386854528449175950e-01
-4.028315116905045734e-01,1.478103330849230568e-01
2.030111151794213031e-01,-9.326732378240462640e-02
-5.412295926229073739e-01,-8.706242042129590242e-02
-9.112445449741117809e-01,1.377059637003885950e-01
-5.979995573478797954e-01,-2.248232360958833109e-01
9.404683592071903797e-02,-4.391882161992692324e-01
-9.426740014616056262e-01,1.959826058336369414e-01
-1.230110597102663517e-01,-1.804917036707368860e-01
1.176929938202476711e-01,6.336426238110619280e-02
-9.557577479212110705e-02,7.028907005532439994e-03
-1.727168204585443900e-01,3.145555984800256222e-01
-8.927033493274364462e-01,-4.349563779930421537e-01
-8.932381991399591659e-01,1.838065817806115443e-01
6.173683533265508089e-02,4.890475568310428955e-02
-7.900825001742243225e-01,4.157222594680040628e-01
-1.100772386473720665e+00,6.960126955133594251e-02
-4.980177242172448282e-02,8.835860890552846292e-02
3.522480468311984247e-01,-2.896936559177943349e-01
-1.149815617249475785e+00,-1.970556018665983178e-01
-7.339206237263156130e-01,2.294620034610094506e-01
-1.144748399551668294e+00,-1.315106355123409898e-01
7.056525776713670761e-02,-1.806559123922574228e-01
-3.234552071915641758e-01,-5.460106643111029001e-01
-4.264854102396523627e-01,1.787657787061134110e-02
1.050821064535220339e-01,-5.555474765529596660e-03
-5.782207861181128117e-02,-1.937995043203514026e-02
-1.171050452608668642e-02,2.444542422955044148e-01
-1.044393346273052581e+00,7.762847080919037246e-02
-1.169524454446933870e+00,-2.384642158741718532e-01
-1.386348143106079789e+00,-4.543849457602024133e-02
-2.031207475132331408e-01,-9.942287695980715767e-02
8.787554865793487102e-02,-3.691361211944318987e-01
1.371671089471387592e-02,1.912043672079192375e-02
-6.801155260884499398e-01,-1.918173313023762705e-01
-9.689816974182637876e-01,2.123787052884828219e-01
-6.250058796400739802e-02,3.234950634938549285e-01
-1.027564368738657974e+00,4.619752886979533457e-01
-4.082795734172743607e-02,-3.869678479184456843e-01
3.347477715089182682e-01,2.664063242019173994e-01
-6.438100944584705665e-02,1.241414611954676749e-02
-4.964399979982524469e-01,-2.273550426257669177e-01
-1.162545927006947144e+00,2.340685125789931376e-01
-1.048515150990888767e+00,3.753695037363433684e-01
-1.062467842975639565e+00,-2.426242305961228418e-01
4.054865147994246577e-01,1.404017317134385323e-01
3.649498429923660886e-02,2.587454421267576521e-01
-8.484501226696204990e-01,4.101074777458145748e-01
-1.022814298908536257e+00,1.193500514989218053e-01
-1.585542609398478964e-01,3.968067730572062517e-03
-8.240061137988647921e-01,-2.365887763578847780e-01
-1.114367241206434711e+00,-1.086004681935360816e-01
-8.787419800210378718e-01,3.938389751619390533e-01
-1.114831550902320112e+00,3.444370965092545256e-01
-5.663330703604897431e-01,-2.584853836703746577e-01
-7.692661874620181361e-01,1.120162709002647111e-01
-1.125361026349429583e+00,-3.359548454281615637e-01
3.265089718150853693e-01,-1.862698054105158818e-01
-7.795833188198143526e-01,7.626998288214953403e-02
-6.953769734869862384e-01,1.537138606677538877e-01
1.307214915011225068e-02,-2.242084216901491234e-01
-1.127175618668667223e+00,1.880938409479901707e-01
-7.559462158749893357e-01,-2.652409553388614394e-01
-1.170768770195807829e+00,-2.239607126612145338e-01
-8.058761110931520477e-01,-2.744020993901961636e-01
-8.911895933377165235e-01,-4.922146901220866844e-01
1.830950945534757235e-01,2.155325948001426406e-01
-7.524625449295444524e-01,2.635555817300358830e-03
-2.162378806905577988e-01,-1.083158796869042040e-01
3.100396708926350664e-01,-1.154764646199493011e-01
-9.737246155552626847e-01,4.128742936412527209e-02
-4.107500600417150760e-02,-5.547247246679149618e-02
-9.893195959638366732e-01,-1.620190171437616011e-01
-1.305899046209974657e+00,8.214318993224535570e-02
-2.500265919565389794e-01,-5.901858589724490872e-02
2.443455617644018918e-01,-8.236754782597448254e-02
-6.429085751863127252e-01,-3.514623740988704337e-01
-1.193027063158943024e+00,1.344899599352908648e-01
-1.088324227769784658e+00,2.821728755860146154e-01
-1.927429917267670378e-01,1.548188378019273170e-01
-5.326325836000068703e-01,2.472493825967798931e-01
-1.010760633929113084e+00,2.324503247695052510e-01
-1.334620529095898345e+00,-6.628743258716579545e-02
3.525657321895745572e-02,7.016105089849142794e-03
-7.959050629690106460e-02,-2.581911461856794543e-01
-1.304800609498980801e+00,-1.691081581642711884e-01
-2.804659575780764358e-02,-7.229170764066969457e-02
-9.638420235676996572e-01,-5.799209945927209786e-02
2.744075839494169444e-01,-8.699639176253649853e-02
-1.249180735246167018e+00,1.734934878712559095e-02
-4.857739418693546307e-01,8.489670226472591230e-02
1.013301526434256042e-02,1.961441227049913472e-01
-1.429850663002534550e-01,-9.990633717860437912e-02
3.338098909227430466e-01,-1.972160580781886219e-01
-1.001269744368467052e+00,1.824086552867214828e-01
9.426909778462949641e-02,3.055942356228699697e-01
-1.199407309090264828e+00,6.073724892571406506e-03
-7.378186522850835316e-02,2.408326518362376711e-01
-2.370717129456885452e-01,5.329624237647582335e-02
-1.214273056949691565e+00,4.091639683234497837e-02
-8.880451544375074224e-01,1.301315142925240920e-01
-9.419312796202220506e-01,-5.423144240424559309e-02
-9.786355916186563197e-01,9.158538533585132424e-02
5.873543564001290074e-01,-8.657311712735243914e-02
-8.782644664298562553e-02,-1.865324926671680650e-01
-3.337106621642246251e-01,2.593181576004529587e-01
-9.401482582094390361e-01,3.110428986687019948e-01
-5.118433476193535309e-02,-1.616610189349065307e-01
-8.914680852090217655e-02,2.774492962406971408e-02
-1.274103362353670610e+00,-1.271016029935349012e-01
-7.931201444233230147e-01,1.921622687567625665e-01
-7.413144469977429873e-02,1.815950781293064822e-02
-1.474331776087956791e-01,-1.664224661131568916e-01
-2.228244944449540854e-02,-1.845341460221779917e-01
-7.192733798047010740e-01,3.208259943360927680e-02
1.485736701502943756e-02,-2.051748900787424192e-03
-9.000200738486885399e-01,-2.027441519728087060e-01
-1.232139467236933683e+00,-1.592875374372558495e-01
-7.618251285950696783e-01,1.278692069582481050e-01
1.475177420098793268e-01,-8.689520003782884305e-02
-6.990825685881474350e-01,1.513706439065462817e-01
-9.761610175439306980e-01,-3.204322020765245638e-01
-1.062852739823971326e+00,8.879529119016202343e-02
-9.876181269586113975e-01,4.550927780738587280e-01
1.579281027288445272e-01,-3.715366738252907919e-02
-3.925410166186304450e-01,5.606087729842705591e-02
-8.724202432808551011e-01,-2.689937634699717806e-01
-7.086464803298393456e-01,-2.942060195321186122e-01
-1.198323040583323174e+00,4.342605422613409621e-02
-1.106074825572984421e+00,1.281757538301972199e-01
1.121253908665785365e-01,3.600461565919116924e-01
-1.148216017221671326e+00,-3.571496578769484814e-02
-7.764652257115198797e-01,1.746423334618876499e-01
-1.114304852818033709e+00,-1.415481440985315864e-01
-8.978237242707332033e-01,4.797063768484250423e-01
-1.802614957794421713e-01,-9.505559065389149187e-03
-1.964477001790907590e-02,2.375814749750915222e-01
-2.705364361698901488e-01,2.725735701491454610e-01
-2.104398745738121634e-01,-1.711541155129167602e-01
-9.954338853867229497e-01,2.058167744126506229e-02
8.542481332592435569e-03,-5.885479911765886252e-01
-1.072575760670376743e+00,1.245922560986377353e-01
-1.499289406756452614e+00,-2.411816618011504987e-01
1.427529782860126883e-01,6.211193646882298691e-02
5.210676568768707329e-02,-5.431951354087060507e-02
-2.409999152619904383e-01,-1.270995006687666018e-01
-8.335207204739278897e-01,-2.490019881882814534e-01
-9.973402945631423266e-01,2.096254368855163530e-01
-8.747470219948795256e-01,1.404651477757823674e-01
-1.025842819265383010e+00,-1.092253858089117097e-01
-2.156956759869512186e-01,9.808908194004324621e-02
-2.642639317907112262e-01,-1.768301102721425155e-01
-7.877250563082631718e-01,3.184377954766757363e-02
2.304502068436084794e-01,2.388780527512632534e-01
-8.789196099128342154e-02,5.143174174771650287e-02
-3.310779783034746293e-01,-3.610096265891391543e-01
-1.104388941200104224e+00,-1.208360845878491199e-02
-8.372504172746284556e-01,-3.383384274220885279e-01
-9.410428466778050227e-01,1.568109979797403242e-01
-9.423340757035619797e-01,-2.802925874130803297e-01
2.081274329855093905e-02,2.512086404916738513e-01
-1.188823800628412863e+00,-2.041872471352488838e-01
-9.669961802557027752e-01,2.022924884378514421e-01
-1.272206195905107196e+00,1.264711355437161400e-01
2.158560479352988892e-02,-1.837958432532793007e-01
-7.614765121436659623e-01,4.009249805740585648e-01
-1.126696263338084369e+00,-2.665492649378306544e-01
-2.187977925498993392e-01,-1.965574563898974114e-01
-1.072165401199066226e+00,1.720457296578474793e-01
-3.311316482349659918e-01,1.672349156805971460e-01
-1.042703629635981288e+00,2.712846355957193589e-01
-3.464359002215843253e-01,-1.391457724629303894e-01
-6.547737042224139881e-01,3.489321687823169343e-02
-8.756888662831979753e-02,-2.508781564005370043e-02
-9.326734656773092436e-01,4.987482585775159655e-02
-6.117930961755196906e-01,-2.602800271705657531e-01
-1.629584989163354244e-02,3.274427393103272049e-03
-9.432802084870082204e-01,-1.708018285030224459e-01
-1.896731735330278168e-01,4.846883059065614646e-02
-1.186686755607125443e+00,-1.200158965751705192e-01
-8.854753000201116553e-01,1.052504198902173560e-01
1.957804136733136136e-01,2.611915667434917907e-03
-6.684185366977474230e-02,6.808326710594607423e-02
-9.643465149539315329e-01,1.005949639257796985e-01
-9.074993903375923043e-01,-3.395155650162037103e-02
-1.027032154347113924e+00,-4.045532987166938765e-01
-1.498219965089201550e-03,1.839804437174031859e-01
-7.206034717290588087e-01,-2.414194431357498394e-02
-9.786455043125757980e-01,-2.007652265876005149e-01
8.352564740809480248e-02,2.989283195788613456e-01
1.893741294374229611e-01,-4.872006957347190803e-01
1.233262786655240639e-01,-1.262101778507734029e-01
8.605543954367088355e-02,-3.107488981977777898e-01
-1.523610467481254505e+00,-1.249093619261408550e-01
-4.659146081552246188e-01,-2.855370123484590739e-01
-9.221436935732184592e-01,9.847099747227448796e-02
-1.131711984680178862e+00,1.080405095894546447e-01
2.109698787650107210e-01,3.444714010797129133e-01
-1.068765997742082030e+00,-4.463951566491344281e-01
-7.443181000415031168e-01,-1.516577816300459201e-02
-7.194350204076696009e-01,1.753554086876274801e-02
4.461654983166761235e-01,3.920427677693229529e-01
-1.096166007808426990e+00,-2.787852287768474713e-01
-1.067313546403016122e+00,8.303439255166975008e-02
1.315492263108716253e-01,1.059149989884896614e-01
-1.144651929724784134e+00,-3.461425826730646915e-01
-9.204668181240205360e-01,1.587746498384822458e-01
-1.253724962580045899e-01,-6.824438820244971282e-02
-1.212130823457983342e-01,-2.522415123027667572e-01
3.160849163310461840e-01,-1.625240532974770169e-01
-8.651537615231066347e-01,-2.181351862661431162e-01
2.765476849097177614e-01,3.790636977264970620e-01
1.221228941539909477e-02,1.916255043956298643e-01
-1.062560036437445676e+00,-1.659021933868178589e-01
-9.467431256577887311e-01,-5.696101088925541178e-02
-2.750503748858620923e-01,2.871551538942671272e-03
-1.860837476745772490e-01,-3.119935949234998174e-01
-1.164883107662644468e+00,1.920789296937567558e-01
-1.271590777050239485e+00,-7.665999307722796974e-02
1.681735525831874528e-03,-1.062416814964238648e-01
4.675112026779758012e-01,1.379459858390017779e-01
-2.220875308466000175e-01,-1.627417736260405590e-01
1.047270970806808421e-01,1.635861700249761630e-01
-1.073880690724347831e-01,7.223295411423649726e-02
-1.061739286551276029e+00,3.604679988225072476e-03
-1.048408425721563120e+00,4.244470725890996943e-01
-9.841126848157280005e-01,4.196340952985827544e-02
-8.388461418762553912e-01,1.028671136442800838e-01
-7.600031823692020572e-01,4.732375097824711441e-01
4.054233352145027447e-01,1.377994255812453328e-01
-9.459199885547264763e-02,4.970021023030687241e-02
-1.324260362147493097e+00,-2.494770261035245129e-02
-1.236889103103918641e+00,2.149860614300880823e-01
-1.295776617145244947e+00,-2.920243376605229924e-01
-3.324602557493387678e-02,-3.768443233032777173e-01
-7.206033971237482127e-01,1.335955451551464612e-01
-8.201304143277880765e-02,-8.439096706297909145e-02
2.807082382349894711e-01,4.703156660082807861e-02
-1.317126966381889641e+00,-7.150471924043043381e-02
-8.065955145113138380e-01,-1.703707491603483337e-01
-1.263203280825810904e+00,-1.204553435974325820e-01
-9.089837535647621314e-01,-1.037657156978022410e-01
-1.492575537964918819e+00,-2.439275892921563549e-01
-2.632299820040985838e-01,-9.641299894450430785e-02
5.194959603212245813e-02,-2.395973601370223749e-01
-5.740165647985422809e-02,1.235354175016895040e-01
-1.272760491670129168e+00,-2.093638808874111745e-01
-8.894818763032281694e-01,1.481592394185895223e-01
-9.443456920814742306e-01,-5.892326757557968860e-04
-1.181426831256044530e+00,1.059146768321959087e-01
-2.874738400822554260e-02,3.690433243195044843e-01
-9.301437069462797913e-01,-3.480235601886041974e-01
-2.990776312789070746e-01,-1.787483836480797394e-01
-1.083749321323343562e+00,-1.185710305091478428e-01
-9.669232228172560673e-01,7.446631414187100673e-02
-3.409357120886054027e-01,1.681583896039994808e-01
-8.664921252153311160e-02,2.236342856316460570e-01
-9.673530249932964509e-01,-1.440530342176014056e-01
6.711746912616595173e-02,-1.604272196172639997e-01
-1.533785700413068942e-01,-3.042944301946237662e-01
-2.014682308857229931e-01,5.625252267372603948e-02
-1.111250561229996769e+00,1.434716246512700299e-01
-3.003000099831009129e-01,-1.866899763284708691e-01
-2.637141664486395420e-01,5.686962677964652740e-02
4.507606433849168925e-01,3.990122718256752105e-02
1.963807367650870772e-01,1.603643258058974064e-01
-1.839863759086644290e-01,1.906621331360200955e-01
-6.853695951470315517e-01,3.861704569230565709e-01
-7.297210013095491998e-01,5.549992814215194692e-02
-8.514109413666383075e-01,-2.885206016482001479e-01
-1.085641173204190180e+00,2.597550926044590036e-01
-1.000525936447271169e+00,5.647957521282296472e-02
-9.759525090394290114e-02,-4.420852515510527436e-02
-1.203355023154281334e+00,4.963592487868500464e-02
-1.105101173613995513e+00,4.587460610002695033e-02
-2.701115309149682564e-01,-3.360659459091704937e-01
6.675543516862578186e-02,1.726868261927404224e-01
-3.228477469118982285e-02,-8.447381579857481115e-02
-7.706578370268677425e-01,2.837874095047440356e-02
-6.406966184570271616e-02,-8.122399192250635835e-02
-1.076539004737919303e+00,1.225475896365241929e-01
-1.834325050579626581e-01,-1.866107998261248291e-01
-4.926302342459157324e-02,1.797549393145218277e-01
1.531599543146223430e-01,-8.153857076024303985e-02
-1.170355421312663374e-01,4.147531188691975235e-01
-2.375099877731416953e-01,2.310687348847782763e-01
3.314507366472002059e-01,4.564374825680524855e-02
2.351190721525052985e-01,3.133711557709212281e-01
2.038253775444568705e-01,-1.150133178497148717e-01
4.091711512498629605e-02,-7.582629040712784985e-02
-1.081602488887073665e+00,3.453253083994377304e-02
-2.005897957978005491e-02,-2.938762629635490158e-03
-1.275135592325067124e+00,2.789846512121538780e-01
-9.699705887662577464e-01,3.464046809703900109e-01
-8.662334573633584389e-02,-3.902010621160323378e-02
-1.271771895747390857e-01,-1.082648558590014881e-01
-1.203101873821535106e+00,2.559955780395349600e-02
-1.681428942530455162e-01,-1.788582484829033536e-02
-1.773291701940526710e-01,-2.197484076401470809e-01
-4.104277933343231100e-01,-7.859900729207373871e-02
-8.528200942551400487e-01,1.669015510069968844e-01
-5.721890996628816728e-01,-1.018775147109347579e-01
-4.920989999029245360e-02,-3.035565290959639784e-01
6.258141531875484331e-02,-1.145479952337718176e-02
-1.208219216585014522e+00,-1.723101320422437341e-02
-1.271442108056239639e-01,2.649669617283374468e-01
-1.208521142445657004e+00,4.120450577975136308e-02
-6.897209984911627512e-01,4.048338649043094484e-01
2.293181707283210580e-01,-7.682178772048756099e-02
-2.354099588031582369e-01,-5.682372616645606916e-02
-8.832949745895161964e-02,-4.348616640225178888e-03
-6.564711278743813327e-01,-1.821660410661777585e-01
6.096630401658322505e-03,9.298894612197168563e-02
1.997121332506129887e-01,-1.651427141927041820e-01
-1.320957427880638857e+00,-1.584955363436786058e-01
-1.786092714175036567e-01,-2.708206372827066111e-01
-1.021358684034781250e+00,3.080788234983543594e-01
-1.066813479220143801e+00,-1.344229768220885080e-01
2.458714025352478350e-01,-1.790309676040006126e-01
-9.911178338356887441e-01,5.087340603838813591e-02
-9.945561957962177901e-01,1.744272940191626542e-01
-1.362657153283147737e-01,3.136400351109860929e-02
3.138030839933910604e-02,2.736792111517236670e-01
2.417898104467379808e-02,-3.332919473045609648e-01
-1.144551049385071018e+00,1.312220381793966772e-01
-2.311430191464686479e-01,-8.772200728637792599e-02
6.002934983626991017e-02,3.158868432342592514e-01
8.096907142405872226e-03,1.510468478792747482e-01
-3.886590156215858349e-01,1.071785147133434701e-02
-4.538577079580379259e-01,-1.878894644088304200e-01
-7.826147420741754734e-01,-2.223254719638944887e-01
-5.172989900212197900e-02,-5.130636929456652284e-01
-1.148417769932375654e+00,2.415688974207551021e-01
-1.192142197158826855e+00,3.726780318560974359e-01
2.077672545840843765e-01,-3.152623509008243285e-01
-2.274397936608297255e-01,5.361349455935161129e-02
4.593373284672319645e-01,-2.385244833628037409e-01
-1.278963720744070276e+00,4.931036531859518679e-02
-3.067639805135011222e-01,9.318967097000731281e-02
-1.974565605265233281e-01,1.678975479932833526e-01
-9.774953664178683832e-01,-2.536265792292680121e-01
-3.800289479196844455e-01,-1.032054738196696159e-01
-1.336433361542511467e+00,-1.207768878872296781e-01
-6.084657415546479431e-01,1.815010293526158336e-01
-6.906661353718494822e-02,2.142273569692063617e-01
-4.359474935065894008e-01,3.201736864664886939e-01
-7.110452095558270624e-01,2.406963051896779948e-01
-3.982147287998413776e-02,2.532247027121303784e-01
-2.962247401757175241e-02,-1.670216209754177561e-01
3.042790617456684332e-01,2.009417989558955620e-01
-1.257864836381861195e-01,-8.034615010692174042e-02
-2.415769639022554219e-02,-2.300667824672094353e-01
-8.171190206497923603e-01,-2.981083220839585990e-01
-1.233343541856838366e+00,-1.091795235689859145e-01
-1.057924903049199727e+00,3.455718185681222465e-01
5.566564428865750092e-02,-2.030027293930540266e-01
-9.102787705649103556e-01,-2.835397260921214135e-01
1.992676065632348892e-01,-2.868461704087324482e-02
-7.687891649558179497e-01,1.810710772322838003e-01
-1.595366700857594189e-01,1.916080690421013422e-01
-9.104119342678301807e-02,-2.292026807408178435e-01
-6.273290901751595039e-02,3.316151319956556764e-01
4.702832793983446197e-02,2.070404715490020697e-01
-1.214784370682922443e+00,4.772285776684136172e-02
-1.017245003205720089e+00,1.441428947557775106e-02
-9.327408686949063554e-01,-3.849975902718388854e-01
-1.185373307430727108e+00,2.763460749362535718e-01
3.680610024235683175e-01,-2.703739441129751619e-01
1.226697042382292237e-03,2.039243452748759969e-02
5.960314685533043416e-02,1.684870130724916426e-01
-6.850549431166474967e-02,9.419312606065907700e-02
-8.234897504625511289e-01,2.303989280890005875e-01
-2.020280026596218970e-01,-9.888872614203964018e-02
3.318770515597045390e-01,1.707688600280213020e-01
-7.826321172660277714e-01,-6.593840328098206083e-01
-8.870504615985276287e-01,3.786846172714983805e-01
9.335828677246799101e-02,-1.231683420225405806e-01
-1.211162989524602107e+00,2.992070754309067090e-02
-3.132692331884891490e-01,1.071300569873101100e-01
-1.128618884599011718e+00,1.421877144964470152e-01
-7.785547661114249340e-01,2.506909302594632072e-01
-2.132639293013061446e-02,-1.210492756194130881e-01
-4.817932706851577734e-02,-2.592654506594953556e-01
-1.151705473593237716e+00,-6.111589356603198270e-02
-1.096193626067384352e+00,4.245583484141365327e-01
-1.329344032527466357e+00,3.390794964557816149e-01
-8.585462950447911856e-01,3.692697682723305452e-01
-1.172162987436326409e+00,-1.024034026456830671e-01
-1.037144484700873948e+00,1.172509479735138471e-01
-1.172763565524741702e+00,1.060818838735566941e-02
-7.834937188414667353e-02,-1.000704609118211186e-01
-3.844786472598081817e-01,-2.592491102048843366e-01
-1.034546189295087792e+00,3.345403591369370822e-01
2.492585634258774330e-01,1.783614278720872526e-01
-1.072723088104096251e-01,6.054166411031524087e-01
-1.377266037186206216e+00,1.690622828441458170e-01
-1.044225849012826668e+00,1.740933844524091001e-01
-9.966897114500380406e-01,-4.254015618980374475e-02
2.599273196915491413e-02,2.281306793659584886e-01
-1.342653307222164694e+00,3.687494298581932978e-02
-9.504383542241785906e-04,3.367317188780386689e-02
-6.451529420714591234e-01,-3.406418258231890817e-01
-1.463907388662760434e-01,-7.933303040360042968e-02
6.367570130006144913e-02,-2.350971158226394797e-01
-3.350379111626961698e-02,-8.605710345825615115e-02
-1.071141494671001837e+00,-1.286689765641818861e-01
-9.317803443871269797e-02,5.983804090864212194e-02
-1.200298317109208313e+00,7.700654178946582384e-02
-9.146065441412848385e-01,7.267940540827703133e-01
6.552736494231338471e-02,5.623862656298354162e-02
-8.317680547932730928e-01,-2.421779331586740650e-02
-1.226475929774574869e+00,-2.041765670947057465e-01
-6.861661707008087641e-01,-1.429337857896769981e-01
5.876801878977735982e-02,1.777751867054246926e-01
-5.573042266023262026e-02,3.207988534057260588e-01
-1.175562322117913894e+00,-3.137131949441320233e-01
-9.688167991655330935e-01,7.323781748977907513e-02
-1.167750852913422843e+00,-4.525588341975396722e-01
2.146764107984469039e-01,-2.267446069881074444e-01
-3.501941483989624154e-02,-1.925954625735795955e-01
4.265557504731368882e-02,-2.754417332845539579e-01
-1.841681896337010738e-02,2.157197097625583593e-01
-8.284500918623047619e-03,2.368824188049076587e-03
-9.168128613049947306e-02,1.046621962621663467e-02
-9.699764995638722465e-02,-8.274734632696451042e-02
-1.279822428863663486e+00,2.760310644560715621e-01
-1.228382976634488699e+00,1.234548510507697400e-01
4.355744931655541885e-02,-3.633798184863863967e-01
-1.221980068181925727e+00,8.359778026218161323e-03
-4.860248881052613434e-01,-3.203109984700109325e-01
-6.782129789596254288e-02,8.084940421903701047e-02
-1.451216147590310701e+00,-2.960026693063092518e-01
1.886574138552214175e-01,-3.047669178319777350e-01
-9.930015149525396323e-01,8.599413943542640049e-02
6.139636483549485574e-02,-9.726739416495915058e-02
-4.399890070263413888e-02,-2.184982745233899903e-01
-1.325104967845240622e-02,-9.979173605450825796e-04
-1.699093129653687362e-01,2.568214320557805630e-01
-9.568717407168046973e-01,2.475468407695010920e-01
-6.850083383924181479e-01,1.150208104925801687e-02
-6.767278580963589918e-02,-2.356498290367158299e-01
-3.163470447578300981e-01,3.225643265003289017e-02
-1.389873832241711682e+00,-2.532158846987713763e-01
-1.027726968097033122e+00,-9.028820837982652614e-02
-1.984199083155435694e-01,4.116796463400065192e-02
-1.289971937543247460e+00,1.800132319813198545e-01
-9.494492371138789633e-01,-1.437003969250497393e-01
7.702874436902994171e-02,3.762167772469815485e-01
4.045399099384253683e-01,-8.764815105573800502e-02
-1.068072639512156474e+00,9.815555036553426371e-02
-8.825146019757316163e-01,-1.599327508287417404e-02
9.823836172517524945e-02,-1.039234053222252013e-01
2.991165515079669546e-01,-2.976912555284012551e-01
-8.601224621663402514e-01,-3.334329229366523317e-01
2.424210583392661100e-01,1.638306851780351459e-01
-1.443060283137448163e+00,3.399564721126790978e-01
-1.523343493775335122e-01,3.663320197228664976e-01
-6.109699775971746405e-01,-2.208427225093962526e-02
-1.929867184294416227e-01,-6.539485983218257248e-01
-8.742603377044604329e-01,3.614025761982790352e-01
-1.099351220350514913e+00,-7.228820136138729147e-02
3.172844706951034599e-01,2.353885978972356519e-01
-1.342546206510850215e+00,-1.687761370554261842e-01
5.288545987556180633e-02,2.542605971422365885e-01
3.888118484083370047e-02,-1.483602399093622848e-01
1.800512815955576315e-02,1.053917602786365454e-01
6.202109621419282098e-02,9.976002632656953695e-02
-9.771425862368580129e-01,-2.757700372880016459e-01
-1.178717951251953694e-01,-2.775909291237074195e-01
4.439513589146711903e-01,-1.108569541999580993e-01
-6.577326394751044358e-02,8.317147751028031166e-02
-4.555513970228567411e-01,-3.624274024081821644e-01
-9.191117938867122694e-01,8.948816035923843823e-03
-9.104075646088769513e-01,-8.372172696429272531e-02
-1.184508843581927096e+00,-3.130299423784483337e-01
-1.112334430971300359e+00,-3.316343146889665361e-01
2.828995170609401033e-02,2.988198191205643922e-02
-2.060348201817444602e-01,-2.326707400140388682e-01
-1.331371493613319634e+00,-7.948990295043467658e-02
-1.329769138916989890e+00,1.051904009099414727e-01
-1.502117109674282192e-01,-1.359594480190974390e-02
-1.004425114227445848e+00,3.361617934362112203e-01
-6.692863076930245514e-01,-1.592135006123291674e-01
2.295818411249483104e-01,-4.040702254274060323e-02
-5.242757467880041489e-01,-1.349573376427430360e-01
1.003567148099603623e-01,-2.802515483213621761e-01
-6.667020886203860464e-01,-6.007565924498238508e-02
-7.879955021299307472e-01,-1.949616336192492860e-01
-1.434317402996412305e+00,-5.949144899207060855e-02
-2.056466081268199519e-01,1.569744297986150894e-01
-7.840086770489966828e-01,2.200039653105069770e-01
-5.428051991098883367e-01,-2.214672840542930010e-01
-1.331682728518615466e+00,-3.470630592210478815e-02
-1.365631911955544897e+00,-7.841527160243587369e-02
6.521502142209406605e-02,6.837293138943508763e-01
-1.144956164655081210e+00,2.855245020431170996e-02
-9.367784899180714442e-01,-3.178126996150520966e-01
-8.352001494538732196e-01,4.188183072640091487e-01
-1.118812024441483283e-01,-4.498936111839155205e-02
-9.037699375888581521e-01,3.124199487115843499e-01
1.405186188786692117e-02,-8.306184787465584196e-02
-6.617423343662776070e-01,-1.467513711365060480e-01
-8.771288151586983384e-01,1.084347923304006950e-01
-1.431791980799463904e+00,1.377618899931161607e-02
2.449695039445797251e-01,-2.897574645295759033e-01
-1.229725158360414294e+00,5.432901483915324181e-02
-2.575004538480736224e-02,-2.777258450569073528e-02
-7.419205609105894439e-01,2.901506450444316654e-01
-1.019907862192149350e+00,-9.557166986602964875e-02
-1.189069237062164497e+00,-1.734499317155870635e-01
-2.395034355809393667e-01,-1.702447380296115420e-01
1.150639329726267646e-02,4.489281835172481000e-02
-5.640442392674609451e-01,-3.342757863858428768e-01
-3.364457131305760851e-01,-3.160515988446396113e-02
-3.066738276335883705e-03,-3.490014377837068471e-01
-1.361807027049355856e+00,-1.739730049600577699e-01
-3.260592087566036718e-02,-4.871800083733442421e-01
-1.003738038644244712e+00,1.164044424888116269e-01
-1.255653198888728950e+00,-8.887920261025172852e-02
-1.257906171537080509e+00,2.512766238268361249e-02
-2.496937991752864183e-01,-2.409898757580661577e-01
-8.678099800286461774e-01,-8.462502418653038150e-02
-5.315740350968469613e-02,2.016011244899703347e-01
-9.153250945174621345e-01,3.405012498431236878e-01
1.378163250450789856e-01,7.805085883159347537e-02
-3.575526997001740592e-02,-1.155027721100758131e-01
1.872436912737249215e-01,-1.511330896418600356e-01
-1.250953522418355668e+00,1.415971162811801576e-01
-1.177009736674567986e+00,-4.148510392279886050e-01
-2.550679593478183960e-01,-9.260510188297585432e-02
-2.506828746371310146e-01,-1.246869810596385325e-01
2.146061338918754668e-01,2.731521657623898203e-01
8.143188486051725072e-02,-3.450143215917960693e-01
1.454604080845234015e-01,1.387437307051388458e-01
-2.475620587405951145e-01,-1.002492246320734193e-01
-1.793570589937028559e-01,-2.131102277157301550e-01
-1.018716517526288223e+00,-7.756167519019398215e-02
-1.163297715637312324e+00,1.895596286398022745e-02
-1.126791942186545770e+00,-1.312017679616702959e-01
-9.162676345024603486e-02,-2.529185553173696199e-01
-9.881438476947194127e-01,2.754955565818932306e-01
6.141950494700175733e-01,-1.728178890576309024e-01
3.022014382305521218e-01,3.563993303691988246e-02
-6.795952223758248978e-03,-1.118566775944801889e-01
-7.775534051860713003e-01,7.523449333711174081e-02
-7.559762717845484037e-01,-2.899915127498386633e-02
-1.047129034856923546e+00,-2.289947612822098577e-01
5.551622197120111013e-02,-1.916170867198782046e-01
6.224313191531282569e-02,-2.104613516226898698e-02
-1.165304463405361923e-01,2.291402901830396632e-01
-9.996097291356654813e-01,-5.377255266111161808e-02
1.005489583984643387e-01,-8.211425959485529891e-02
-1.436503593831145675e+00,3.614895652067047771e-01
-4.883379229670677946e-01,-3.886794516106487629e-01
-1.082584972363759279e+00,1.102468861458668833e-02
-7.530631526511125662e-01,1.601713762569114546e-02
-8.119197791027076283e-01,1.267390067787630293e-03
-2.713269580198003350e-01,7.817743472028415097e-04
-1.262066811241816314e-02,-2.563129644522450790e-02
-1.499738849704228827e-01,-2.269084514492126503e-01
-1.293827101036476357e+00,-4.944300484543944774e-01
-1.285503991650409850e+00,-2.575582096083125494e-01
-1.502293818594697961e-01,4.598991164773693630e-01
-5.893083860033193622e-01,-1.611018120661908415e-01
-2.219868241235687933e-01,-6.765629676750199717e-02
-6.330840987350357940e-01,-9.306849678116605254e-03
-2.121827993339126528e-01,1.238005170676987066e-01
-3.918920068205967167e-01,-1.681384562088835966e-01
-6.360774421748593976e-03,2.380303361647025107e-01
-1.072341205331966751e+00,2.989771653886571026e-02
-7.594166333717027317e-01,-2.309114878253540684e-02
-7.173570023878518553e-02,5.962753517852170670e-01
2.334741001780943070e-01,-2.054049205715275939e-01
1.225367629775684503e-01,-2.179287037535532559e-02
1.722662004035732386e-01,1.325055573569708378e-02
-5.715422343197686939e-01,1.640254429229558719e-01
-1.122913171701740653e+00,-1.233582092536831959e-01
-2.359979165381094479e-02,1.809268789049305881e-01
-8.056668115975278432e-01,3.230840176919913542e-01
-9.310380484806828338e-01,-1.621273431795880182e-01
9.082979445774866378e-02,-1.545976396045169454e-01
-6.254766720569248095e-01,2.064517006862383319e-01
-8.557743253735805578e-01,1.433109907768017610e-01
-1.021728750022820265e+00,3.232062263805753899e-01
-6.741370560058305150e-01,1.139929758116696445e-02
-1.195780068662317897e+00,-1.059319817069388908e-01
-7.120330892725180993e-02,4.019327817636009909e-02
-1.111980546310986639e+00,-3.279679178707744502e-01
1.596387345841246697e-01,1.081476273620609052e-01
-7.823802673494568705e-01,-1.507624713289424656e-01
-1.221187965801131536e+00,-4.220391709803313351e-01
-8.614907088871001095e-01,1.704839458760985457e-02
-1.029852050254464135e+00,-1.926315651793664707e-01
-1.033725890963043570e+00,1.074524314066623992e-01
-2.006797732921248301e-01,-3.527926756382566698e-01
-5.276215123398364515e-02,5.713552926291797819e-03
2.697621793250681299e-01,1.567968268087781836e-01
-9.196685239728741301e-01,-2.732441906655996289e-01
-9.748845452068981565e-01,-4.842429890544646537e-02
-8.559159806840045404e-01,-2.936986812396257807e-01
3.059026718511472231e-01,-5.418013177859979518e-02
-6.107972076120868898e-01,8.437484896282369806e-02
-8.377515299311162345e-01,5.993421078258007878e-02
-3.331658378197547427e-02,-1.534037689391102577e-01
-1.212305157170951109e+00,-8.703343735372337520e-02
-8.831613050524131925e-01,-1.751078813178447158e-01
-2.801330010863250716e-02,-1.640938455491978420e-01
1.710736330225343660e-01,-4.449516874808915889e-01
-8.203873160698309519e-01,-1.074115169949143300e-01
1.556100826622113797e-01,-2.840373886223727662e-01
3.365866600645996964e-01,2.694524440549957989e-01
-2.696621493363012823e-01,3.933229849917153076e-01
-1.016698624244777971e+00,1.596102332835952486e-01
-8.604244547908288521e-01,2.593999888286271233e-02
-1.040614629767662391e+00,2.966736332085082584e-01
-1.179304289351608581e+00,1.560073644425510886e-02
-1.830659165754320306e-01,1.557946235750447272e-01
-1.297273983672373010e+00,1.037515964040921085e-01
1.814218079831263208e-01,-2.282381504178700726e-01
-1.099356433013600060e-01,-5.016453196269481385e-01
2.521998151646166475e-01,-1.111612439062748814e-01
1.462049691152676467e-01,2.194807642597168540e-01
5.041631941205059197e-01,-9.461658950911291943e-02
-5.172180186053767503e-01,2.413957504613257858e-03
-3.558397428574057164e-01,4.924557596280249028e-02
-1.005768829189570335e+00,3.232817479850837866e-02
-3.077691142556045478e-01,-2.323276741167504267e-02
1.834362443436062806e-01,4.740910492816520772e-01
-1.217082082901008500e+00,-1.287737615618878562e-01
3.596565365940663783e-01,2.334609981226352937e-01
-8.320290789819387994e-03,-1.481652163910251660e-02
-1.081943293197656919e+00,4.677178809649713553e-01
5.974714264352801868e-02,1.515080660727827037e-02
-2.123849793967547139e-02,9.116546703860557710e-02
-8.863375219321775744e-02,1.276354830632208948e-01
-7.992097200669112667e-01,-1.186439612152081491e-01
-1.170681954856240381e+00,1.414949063986960520e-01
-9.472845591961641665e-01,-1.860063164747175479e-01
9.283669659774220970e-03,-9.354828411869600679e-02
-8.914152115021647949e-02,-2.435950074708886359e-01
-9.747567211942178567e-01,-4.170432454719990578e-01
1.417868802252687799e-01,-2.412604632647092628e-01
5.903525660947546438e-02,-6.328562524495567887e-02
1.918052264321639527e-02,2.432847477905589473e-01
1.170789283800542091e-01,1.868928321595056397e-01
-8.840133250382912200e-01,-1.267352993477189882e-01
-9.388532066458897818e-01,-1.544825433801999826e-01
-9.256544829503027261e-01,1.345437901715020035e-01
-1.212043255771310335e+00,1.858699173255790593e-01
-6.655658277717226845e-01,1.713294521242935409e-01
1.719634232378007277e-01,4.473935855160873776e-01
-1.440261174192586369e+00,2.007395069819617739e-01
-8.957269614531118695e-02,1.273796953473075311e-01
-1.192163492781634471e+00,-2.191132629298581103e-01
8.132871030048026417e-02,2.129350360782736595e-01
-2.530734318238599956e-01,2.448649588353405127e-01
1.047999938185724539e-01,-3.476359730483103427e-01
2.774404553076522673e-01,1.923618929107175912e-01
-4.972794983948806286e-02,1.947538800137028348e-01
-1.146862937287095541e+00,1.037762592605155632e-01
-1.347661889367200772e+00,2.758539258052017384e-02
-2.450346217969908147e-01,-1.468013726549557696e-01
-4.464383950492964992e-01,-1.102302791008264865e-01
-2.699115684233865387e-01,-2.457674346910324326e-01
6.474972444723423037e-02,1.551710861425524834e-01
-1.109667435176589778e-01,6.041045415964595849e-02
-1.099856632447350213e+00,4.397765702938626897e-01
-6.122751860313896399e-01,-4.697102975011338555e-01
3.373503715785134416e-01,-2.301555768163071614e-02
-8.267114874991702278e-01,-9.751871034974608776e-02
-8.727967273727030295e-02,-1.884782598950866805e-01
-5.677177639359687333e-01,6.455475446557432107e-02
-2.841599936461361442e-01,2.099134900294124251e-01
-8.757485599472689675e-01,-2.566759426398881189e-02
3.684804290729528087e-01,2.765617820712311659e-01
2.680106947240160631e-01,6.978072641902936801e-02
-9.625793365342457664e-01,9.940833768565467132e-02
-2.199509269766356245e-01,3.694793556933789747e-01
-7.953423585396565132e-01,2.242973197888810666e-01
-9.705535768745718883e-01,1.095380453717734737e-01
-1.129774360807925121e-01,2.117567258364647098e-01
-1.440696609891916891e-01,-1.462912977517266955e-01
8.682204818816197101e-02,2.235211325629617440e-01
1.450567068174804519e-01,-1.011968556074162723e-01
2.517581014043274723e-01,-4.145716874384332007e-01
-2.569118755157692169e-01,-6.788100561994769855e-02
-1.952333429973916387e-02,2.370425836902035899e-01
1.955846154289664629e-01,3.074328627581127127e-01
-8.001563077474447283e-01,1.284448190009106761e-01
2.723669286418518021e-01,-2.625324230561114636e-01
-3.169553915148961010e-01,-1.606754755224572839e-01
-1.134018263570859553e+00,2.316586805010225070e-01
-7.207331581016649391e-01,1.413923690045263970e-01
-1.122054462819122467e+00,5.574870923395573996e-01
2.104484883256440009e-01,-1.972895622681074546e-01
-1.905837172943493085e-01,1.060971104111061575e-01
1.169914144750937857e-01,-2.832557197933573967e-01
-1.526951136083504745e-01,-3.472550995287494724e-02
1.728402869379317419e-01,-2.880812965668224160e-02
-8.937774408093160927e-01,-2.167035675530006866e-01
-8.756826160927395908e-02,1.068221404377540651e-01
-1.696959189019594527e-01,4.302140428869004329e-02
2.606941828690466090e-01,9.189620262611909729e-02
-6.837996570096107618e-01,2.494609612132020759e-01
-6.219185054671562130e-01,-3.723318549803439348e-02
-9.998247639209006943e-01,-1.372111648074341439e-01
-5.450776006653349631e-02,4.392540967493629989e-02
2.480552165987414404e-01,1.844595311952151317e-01
-1.360288751844378918e+00,-1.269731569673651639e-02
-5.470031736704419889e-02,-1.184428627848661264e-01
-9.273178174698530896e-01,2.529593341463521883e-01
-1.242492425298137970e+00,2.076129163220708229e-01
-9.993944614040384256e-01,-2.448217290948711544e-01
-8.297303831704108124e-01,6.790245652488869667e-03
-1.160041136471684720e+00,-4.736127304680246008e-02
-1.584850391448118859e-02,-1.104719670166361550e-01
-8.960934850229678172e-01,1.858005625350185042e-01
-7.870159911103394856e-01,-1.560425727021194087e-01
-1.151440820026514711e+00,3.781346738387589279e-02
4.356277073265861777e-01,-3.399929576324289271e-01
9.500873892055120007e-02,1.311683756547843693e-01
-6.868821907757614031e-01,-1.525864899038363240e-02
-1.432629757883169264e+00,-9.084556883446573416e-02
-1.027182085028564895e+00,-5.007305817557439198e-01
-9.558448611422368790e-01,2.385129607993906609e-01
-6.716375962937430888e-01,-3.096454611990321487e-02
-7.356217268088115491e-01,-3.138040569598596896e-01
-3.018374768346877013e-01,-1.032381272236434222e-01
2.514499150076563994e-01,2.897369796909090023e-01
-1.018843248526851042e+00,-1.594120781756750427e-01
-2.446168139762242011e-02,2.836323288384314800e-01
9.170884609534675491e-02,2.599667323708123590e-01
-8.155625117336458008e-01,-7.753182501109820261e-03
-1.170751268397640793e-01,2.277169271346811685e-01
7.386707210841474136e-02,-9.521938567295491762e-02
1.687399986848101274e-01,6.454721099005245044e-02
-1.136134109833023764e+00,-8.509647318851053591e-03
1.642412403732594062e-01,-1.747985841850136224e-01
-8.817158381171317227e-01,-1.218606747743823139e-02
7.482934222474668662e-02,1.736695849443052053e-01
-1.391485663339618650e+00,4.587725967122771586e-02
-1.563400290908224743e+00,-1.846516694158794603e-01
-4.008591986258426554e-02,4.117591355175075074e-02
-6.981185870089920420e-02,-1.720238776894788546e-01
-7.270468406369617886e-01,3.328821465599295926e-01
4.228065237350575600e-02,3.016882569200426967e-01
1.294120949515719099e-01,-8.007031317322474417e-02
-1.113840082480063831e+00,1.780198933531013383e-01
-5.523987915375767194e-02,4.335187924011180138e-02
-8.422778493576902337e-01,9.227246810212194617e-02
-1.055755312960217740e+00,-2.110196520443022999e-02
9.636949024728350133e-02,1.039261669111153502e-01
-1.020634965766271884e+00,3.472536020216069330e-01
-6.283813275589551495e-01,5.329346690880211457e-02
-9.696848249768781347e-01,-1.124249666209941878e-01
-2.781208070287964351e-01,-2.948459953694605451e-01
-8.831866112091485421e-01,1.662387770361487549e-01
-6.623896591344911877e-02,8.747879518552365008e-02
-4.423769814886543278e-02,2.190758032807633704e-01
-8.468045567715177802e-01,7.458286734936263318e-02
-1.450163507008523645e-01,1.606675703753270013e-01
4.596806197139318151e-01,9.907343120611820930e-02
-5.441740927052303167e-01,-7.116705624835406585e-02
-2.267842832871396763e-01,-3.472124806568093747e-01
-7.457285147212967535e-01,2.285394155983769271e-01
-2.433288584988209727e-02,3.073145181408188931e-01
6.327852569569089071e-03,-3.106063207498157008e-01
-1.149237320438705190e-01,-2.836895355934870161e-02
-1.927577006355818967e-01,-7.667839154018091241e-02
1.323365344506935992e-01,1.187002825008135441e-02
-1.062937015017021869e+00,-7.882119413735819147e-02
1.276229597571476495e-03,8.852159424901913376e-02
-6.952693763157904439e-01,1.075188196808806590e-01
-7.570213477646511313e-01,-1.607745089644472825e-01
-2.278876964688408002e-01,2.791249016146485906e-01
-9.677644494962223121e-01,-1.582945142198765032e-01
-4.573014607414107452e-02,-7.918322067209668247e-02
-1.023351027132046287e+00,-1.385884268383097140e-01
4.028797837124981074e-01,-8.475719110573183557e-02
-7.502517622324513802e-01,-1.452226951272066191e-01
-7.814712635619246450e-01,-4.459020709582304232e-01
-1.420092004665060581e-01,1.515481793714303083e-01
-9.871542278201902443e-01,3.791230471238431488e-01
-2.129947436283936846e-02,-2.323646603560308999e-01
1.298527514938560001e-01,-1.106862516140614261e-01
3.665539521685684532e-01,3.513484824697312159e-01
-1.408179557588065345e+00,-1.926791717286745753e-01
-1.724175269354756568e-02,-4.977154493483959552e-01
-1.010503093382788542e+00,9.213272411830925046e-02
-1.628722292285619475e-02,1.260470065260660688e-01
-1.910088093085013650e-01,2.621882085529637085e-01
-8.988604021661265042e-01,1.398612120530438319e-01
-8.735538319675664187e-01,-1.135798226568561775e-01
-1.584468308936052006e-01,-2.555559396639566772e-01
-1.213866264419226626e+00,-3.258590801863419512e-02
9.493776524429138608e-02,-1.210398132251001672e-02
-7.650237275168660089e-02,-9.092967371960898604e-02
4.690755449081560752e-02,-3.010988169256112457e-01
-8.088342338608331961e-01,-1.978140998874527434e-01
-2.765277265102404625e-02,-1.763377559317097498e-01
-9.343349925547721480e-01,-1.214591882961956609e-01
3.651908736847810782e-02,2.442388830804296806e-01
-2.736575776666503867e-01,-1.089354437271496806e-01
-1.275369350161128734e+00,4.779150832538223148e-02
-1.056092761207059638e+00,6.179207748931642846e-02
3.830860004343075026e-02,2.868523190271145551e-01
-8.808137703207702396e-02,-6.082722250450516704e-02
-1.051999335549212766e+00,2.892265058215744977e-01
-2.971409104027912251e-01,-6.502622736562351236e-01
5.077505831554965932e-01,-2.997433501528312672e-01
-1.091017849955812746e+00,7.887912779169729827e-02
-1.262954757968826947e+00,-1.805165682884626033e-01
-1.068618905249610757e-01,8.064686492706116261e-02
-8.238169641156427581e-01,-4.324815354183252081e-02
-6.149516092058501249e-01,-3.843436475992562107e-02
3.460717996986232281e-01,2.470177565871596592e-01
-9.384263405297444960e-01,-1.788117289766998907e-01
-1.117810909382274343e+00,-3.937579607476977550e-01
-5.798351915585187033e-02,1.787503067890197084e-01
-7.219920562025867738e-01,-1.559660805612443080e-01
3.123601339262031124e-02,1.595957915120817944e-02
-9.798236744569455148e-01,-1.280115537041467966e-01
-6.266781683089724456e-03,-5.569320477012359299e-02
1.542109027011844338e-02,1.633486343477007913e-02
-1.080696933882622224e+00,1.650616549026200641e-01
3.622005319354085762e-01,-5.760067038387467475e-03
3.445231872772718806e-01,2.213215570208837690e-01
1.614143496317145265e-01,2.234560447952818885e-01
-5.475402747066271392e-01,-1.478752472864312828e-01
-8.953899728805284619e-01,1.234659030035340638e-01
-6.517759331404640033e-01,2.385188799134709339e-02
-2.610900582827989092e-01,1.994874384024788172e-01
8.865729466857971697e-02,-2.612564941782167804e-01
-8.960490284856265086e-01,2.543966184172380754e-02
-1.153737670367375623e+00,4.928333563605803019e-02
-8.121720145265726165e-01,1.042465842534240628e-01
-1.136694432123888543e+00,-2.047672694314853492e-01
5.016814739491230746e-02,6.634356553819960312e-02
4.463394353400079173e-01,5.032492059532533979e-01
-1.017457474112045457e+00,1.057342447529286966e-01
-8.570991514363600350e-02,-9.780007571958273527e-01
-8.936496135659637297e-01,-1.898321663890454869e-01
-1.075324937357264199e+00,-2.638769861646149684e-01
-1.047528998941759992e+00,4.470371603667837312e-02
2.652334191306217615e-01,2.130173203345099298e-01
-1.020588817212793042e+00,3.362913990945161080e-01
-7.102557696604738791e-01,2.230811043550007863e-03
-9.314854157202860918e-01,-5.429223237233252175e-02
-1.006858212448719980e+00,-4.673707606522472385e-02
-3.516027602979169275e-01,3.396777360066893098e-02
-8.872780246574262231e-01,-1.451907523022001878e-01
-1.395865209890840841e-01,-5.101127599646002597e-01
-8.294070009578038416e-01,-4.168492756794046072e-01
-1.071330767790338090e+00,1.710206130748198328e-01
-9.420690792354020626e-01,-1.840743414222011376e-01
-8.637103329072433056e-01,2.187648405969140619e-01
3.209887239933661984e-01,3.380291453560657459e-03
2.514607330501779647e-01,-4.470570496055210896e-02
-5.664346404601783291e-01,1.548187181590163219e-01
-9.040073300785205213e-01,1.239379648925438004e-01
-1.277602337481591022e+00,2.505131257119921906e-01
-1.059163865921830316e+00,-2.610417666437227502e-01
-1.665827011182814954e-01,-4.345061338883472041e-02
-1.349920568961856804e-01,-2.201271959887967922e-01
-9.617558434194635186e-01,-1.855067459732527013e-01
-1.095207886047244727e+00,2.222534199374503680e-02
-8.529336806008601668e-01,-8.859575804647239206e-02
-1.393174448173167157e+00,-3.274221731933255053e-01
-5.741934247607953512e-02,-1.237395515546302165e-02
8.558969524689399866e-02,2.585901408344674635e-01
1.030313180702184389e-01,-1.139862881862536564e-01
-1.067798803677876052e+00,-6.113982112849744577e-02
-5.281318981300104909e-01,3.801333620999883256e-01
-9.666058485107805742e-01,-1.490469474634779634e-01
-9.318248593085211307e-02,-8.480278861848287997e-02
1.101473238265219569e-02,2.432416350794759929e-01
-1.124883980640016379e+00,-1.227695944402727168e-01
-1.422201258261979739e-01,1.711991696099659718e-02
-1.378256512088043895e+00,1.492997789989737034e-01
-1.315030661935103762e+00,2.306848948506043384e-01
8.871311238205327465e-02,2.903732092305998935e-01
-1.194579268531700045e+00,-2.731131871384591125e-01
2.519270085546114202e-01,1.390261474241531459e-01
1.551011800808697605e-01,-2.436746202518827106e-02
-9.502178360148161307e-01,2.043951899632173996e-01
-1.032924681856046023e+00,2.700091771714857591e-01
-3.946071105875905705e-01,2.326841465270588008e-02
-2.318456498453904391e-01,2.240404519203043898e-01
-1.388003027090980668e+00,-3.184009389596960671e-01
-2.008970423880054867e-02,-6.847536502352716270e-02
-1.132418889999203149e+00,4.757216127241510883e-01
-3.169611616018782607e-01,-3.643025999990731623e-02
-1.470499996861983627e-01,-2.034375321343908916e-01
3.570884009275600290e-02,3.797774874750116658e-01
-9.566820268610964906e-01,5.391831526248624246e-02
-1.053757978989531940e+00,-3.061692714682877521e-03
8.738783014246920278e-02,1.380911749256487908e-01
1.543466638615835496e-01,2.451712236178976712e-01
5.226448358168428454e-02,-2.387766391020152146e-01
-4.727948815355393491e-02,-3.167218112564879617e-01
9.020423895598057851e-02,1.663298224257013513e-01
-9.945855367447121731e-01,-3.192067784935955221e-01
9.971803543434656913e-02,3.856454444767189460e-01
-9.962662710345266959e-01,-1.206254391577254725e-01
-9.268025146361327238e-01,-1.274832200256885706e-01
1.124502011874179419e-01,-5.055307163600313292e-01
-8.149632294422244350e-01,-5.705793937169303387e-01
-2.613062831244668538e-01,-9.847715904872011983e-02
-1.269055075541193900e-01,-1.113390854149592657e-01
2.501296312545300826e-01,4.272134663810602251e-01
-2.095151875705545952e-01,1.490690399706514346e-01
-8.499090696180777726e-01,-3.961889015312909934e-01
-1.735911703306018961e-01,3.403827376882110484e-02
-1.172428663259104664e-01,1.353502009900920400e-01
2.100237842947353939e-01,-2.018470726539698876e-02
-1.200230841601692244e+00,1.198669750562716685e-01
-8.398129861129121077e-01,-1.809531012054529930e-01
-7.666350696183654723e-01,1.417114301243295460e-01
1.592847851570050044e-01,3.773013533313112622e-01
-8.030617054490352125e-01,-2.026689709737928766e-02
2.783045415134129952e-01,-1.190992259123911379e-01
-7.312457036611239580e-01,-7.144754227035042538e-02
-1.139637460523329038e+00,1.525359073188730513e-02
-1.219289188123611201e+00,2.314257476509467837e-01
-7.816923755721248979e-01,1.127165737868333212e-01
1.911484301817280643e-02,-3.348916712768088000e-02
-9.721696723165365039e-01,3.565868727253119208e-01
-1.020920232539525907e+00,1.118351861353006488e-01
1.244197916440206997e-01,-1.750341115635168920e-01
-1.445464221119441506e+00,-3.456858933822309354e-01
1.047292317808976997e-01,2.888080945666497423e-01
-1.605810382289875327e-01,3.132461471275454351e-02
-2.762294733705008554e-01,1.821161351285949526e-01
5.883530020590280879e-03,-7.239106360419735042e-02
-5.335953636456580718e-01,-6.607397295355466049e-02
-1.357766557488224168e-01,-2.740906829662300703e-01
-1.086362683096833842e-01,-2.189300722110143205e-01
4.468257649859083136e-01,1.985457382349375965e-01
-1.248657767636516924e+00,-9.618468058327372949e-02
-1.173706718122841552e+00,-2.647353736844835215e-01
7.429575326390709666e-02,-6.128278437932190847e-01
-1.249352605657404247e+00,1.857756743321320458e-02
-1.036884081689805476e-01,1.567993638685823699e-01
6.463485680991619409e-02,1.163045687740366929e-01
3.087088622672605198e-01,-8.986636938760149407e-02
6.910811865872577842e-02,2.287198568701905715e-02
-1.036943157452347553e+00,2.602152286458111474e-01
-7.002603431663623201e-01,-1.209167993975772959e-01
-1.015583898923823281e+00,-7.365898981352700381e-02
-1.384277736019994043e+00,6.640722867782843375e-01
-1.194225988769097802e+00,-3.344701459216990747e-02
-1.125645195266699705e+00,2.436810449934723455e-01
4.708679770545315391e-02,1.116568931573839046e-01
1.555960564398885526e-01,1.952645233004650371e-01
-1.191059655946840268e+00,1.076445144981723889e-01
-9.052774269670127438e-01,1.711285608410079428e-01
-1.129636950963948339e+00,-1.885014740944947476e-01
-1.083805542774566089e+00,-1.606419266971693960e-01
-7.096461070303787810e-01,5.079809662726306185e-02
-9.806138875731250648e-01,1.382126290478787600e-01
-3.599673103689274289e-02,-2.631636485623191010e-02
-8.118704241657603848e-01,-1.354621017729972787e-01
-1.120336917438564450e+00,4.287044544029628423e-01
3.664291012701689776e-02,-1.256882436773068823e-01
-9.202878626216498548e-01,1.896755304163210976e-01
-8.344704539143941169e-01,1.223221215343292118e-01
6.894020108095737231e-02,-3.527704935571396305e-01
-9.849175028880127400e-03,-2.701042912000719554e-01
-1.040892733043428331e+00,-2.068244903992457473e-01
-2.092618862372205291e-01,-1.329439201152959492e-03
8.186658563266387134e-02,5.906742269606443489e-03
-1.280149521598564766e-01,1.347308870115214163e-01
-9.666047826506872775e-01,-2.660459830235669121e-01
-1.198068503175256483e+00,2.593909476913905388e-01
-1.059147064880288536e+00,1.599161373265055586e-01
1.472083849761479657e-01,9.006970012617658561e-02
-1.017532556772363428e+00,-3.148717282747712232e-01
-8.249599109559234700e-01,-2.726206511633161300e-01
-1.085390818072087038e+00,4.815669029467206097e-01
-8.115335091724797945e-01,1.627633324778348656e-01
-9.389244038849717811e-01,-1.412316995975906597e-01
-1.224498744811594930e+00,-2.909726741797433736e-01
2.878800956827877733e-01,1.376091871194257410e-01
-9.518827245743386456e-01,2.653512507046413074e-02
2.635336215395640003e-01,-2.183962526800338130e-02
-3.128280062690101393e-01,2.012729636808150424e-01
-1.617126224739311516e-02,-2.849884196211558418e-01
-9.530976648906601678e-01,-4.835458989500173166e-01
-1.783708245240345491e-01,-1.162861952954402298e-02
-9.659503078544631194e-01,1.783525203326284392e-01
-9.994774533767134539e-01,4.150727581460846027e-02
-1.142552140343594314e+00,-1.826349818940680228e-02
-7.894761308826034329e-02,-3.623111934017136382e-01
-9.264213168128669906e-01,2.638223569162803650e-01
-8.824423968685825015e-01,1.311552824719737151e-02
-1.276929037092931818e+00,-7.990371847188657006e-02
-4.807594561551883361e-01,-3.441714631008304104e-01
-6.770832424975903492e-03,-8.402227280346007132e-02
-6.374612984086085454e-01,2.072621144384081959e-02
7.340192994286426353e-02,-4.304083537763840339e-01
-1.090590698057220115e-01,5.864716119028796637e-01
3.817874265780314968e-01,-1.724701444131473416e-01
-9.464628201503481053e-01,1.909361458252490651e-01
-8.540058771358108869e-01,-3.164538648497478013e-02
-9.990541215081673032e-01,3.735334242914333802e-01
-1.092515137112893386e+00,-2.220255503595672808e-01
-2.432823761129695450e-01,-6.442488109309416067e-02
-3.035506548787011635e-02,-9.526325434051119423e-02
1.149931963618043562e-01,2.669990702882964542e-02
-5.112855900566672801e-03,7.431943250066855300e-02
-6.046579086742529530e-01,-2.562193237338293850e-01
3.648257566254058393e-01,-1.508887916996025369e-01
-9.942384736522685840e-01,1.970384719388520167e-01
-8.606151154561828553e-01,3.417396544904346412e-01
-4.647815299228212627e-02,1.559772081611723871e-01
-1.060876265537588292e+00,1.046207924419268881e-01
-3.913092577133781003e-02,1.535359392776385924e-02
-7.331777398053680450e-01,-2.542764746362507003e-02
-8.207160001410673811e-02,2.942152645782321052e-01
1.390895860736658940e-01,-1.041781110995737142e-01
-2.168105654909800173e-01,-2.178448160928646293e-02
1.741348434030146053e-01,3.232594082416618830e-01
-1.058939082455081060e+00,2.297431812667682927e-01
-4.316895224053166752e-02,1.808220496193014282e-01
-8.528365385510480179e-01,-1.156679495638742242e-02
-1.046758866358912687e+00,-2.135531218037891033e-01
-1.018629784827482343e+00,2.102400733623330797e-01
-8.871200436915930299e-01,-1.629119455008975481e-01
-1.005504802402672704e+00,-1.518950538343192824e-01
2.435844015980409005e-01,4.563932784654674280e-02
-6.552988176511100882e-01,-1.070558765842637150e-02
-9.547368915921463639e-01,-4.884375801042841747e-01
-9.939166772324764532e-01,-1.194378591972876102e-01
1.107755731205207900e-01,-1.099698711035815984e-01
3.001151860725102538e-01,1.809715485376860861e-02
-1.247919863586663514e+00,-4.055462942551806282e-01
-7.874308454597913620e-01,-3.649226809086440759e-02
-9.189891571076942434e-01,1.718884595175209362e-01
-1.017529655203761152e+00,6.677431591448987902e-01
4.126199469192838865e-01,-2.583945977336004132e-02
-1.021983579112204055e+00,-2.655564602019672149e-01
-1.265509553425441802e-01,1.520550803928338579e-01
-1.069236273731454467e+00,1.771772156092892569e-01
-1.012514640434888147e+00,-2.628259895415230862e-01
5.699460441633443647e-02,1.441976306903972049e-01
3.202452471678098322e-01,-1.606655074464938271e-01
-2.140628648804406287e-01,-3.719289040454622497e-01
-1.612934015391188081e-01,-1.728927167619672689e-01
-1.080726532464376666e+00,4.333929786621716629e-02
2.901297761311982248e-01,-2.292316606404585788e-01
1.028486329038089120e-01,3.378173226855696321e-01
-7.022725184376729657e-02,2.646326309543090005e-01
-6.733316601650225497e-01,6.642201770994111965e-02
-1.195863383003174851e+00,-9.891423610589529514e-02
9.285441894372534199e-02,2.550710743155185645e-01
2.026743618974636008e-01,-4.305270458245350623e-02
-9.669407392764305387e-01,-1.006453840247698711e-01
-8.905465608294155233e-01,1.592552192600726335e-01
3.290803659924890212e-01,8.147410329992522959e-02
-5.681271720574428974e-01,2.082277500284870630e-01
-9.556566937977358789e-01,7.876465267700445694e-02
-1.062168630653327117e+00,2.848113444816867124e-01
-1.423456290420757608e-01,-6.487001867114619569e-02
-1.539901604850515970e-01,-1.819960934478517256e-01
2.835430176510484457e-01,3.158368371854463064e-01
-1.015485903927695333e+00,4.012860110472847852e-01
-6.851262871201584392e-01,-1.732799248069992748e-01
-1.155842761277533937e+00,1.176023035243879827e-01
-7.863226621965602181e-01,2.712233254654988768e-01
-7.831544809789117156e-01,-1.075546632022700150e-01
1.959292726407523277e-01,-4.913874162957491132e-01
1.204532629033634866e-01,-2.908219112749872437e-01
1.661548426212535942e-02,3.012431314672693872e-01
-1.415261572857761552e+00,-4.289438874363533938e-02
4.811836374340406897e-01,-5.810973969355600482e-02
-1.045517665689663422e+00,-1.053576193013269291e-03
-7.274046817660675401e-01,-2.326005774972189355e-01
7.043716802416927214e-02,-6.071672124497807799e-01
-9.015551931037762978e-01,1.663452816138714652e-01
-1.063038457739907017e+00,-2.673871954891562583e-02
2.229933726106415534e-02,1.372708819656872636e-01
-2.008815054440334091e-01,5.795612827229476016e-01
-1.911651910636122109e-01,-2.636922605024366040e-01
-1.299692474205220272e+00,7.191892172067479438e-02
-9.208401446237441945e-01,-1.538625570932316000e-01
-1.360613075749964374e+00,1.766768685033677788e-01
-1.007023187196214753e+00,3.025454976049863909e-01
-1.115817863463126614e+00,2.209079677675241660e-01
-1.030176062517773161e+00,2.217731179661179830e-01
-9.700065998981158844e-01,-1.654251069020594433e-01
-5.884307658065360963e-02,-4.789108396159411953e-03
-4.342493704655003284e-01,-9.267069422629180264e-02
2.580417392862497175e-02,2.778037583652250841e-01
-1.226272644466736450e+00,1.879288145355609563e-01
-1.407416711218901773e-01,-9.166560487135714391e-03
-3.531622786468679442e-01,-2.543536936409407923e-01
-7.314998102448279083e-01,3.016964029442864917e-02
1.142522963983841205e-01,-3.448297364280338284e-01
-1.269764557218749257e+00,1.921348621692410830e-01
-9.079348668516070697e-01,-7.899597599789241753e-02
-7.335594750105185469e-01,9.482036779315720920e-02
-1.331934285044813482e+00,7.709870213506525571e-02
-1.324895227837867839e+00,1.175117453680290247e-01
-9.744667316017664449e-01,-2.547347906440761700e-01
-1.210057393295528083e+00,1.109779296574049945e-01
2.988052463171827350e-02,1.485199855565298432e-01
1.302468773573568946e-02,1.859065951248751458e-01
3.151945155625669459e-01,-2.668785980771725130e-01
-1.124400579465668182e+00,-8.193390061596321494e-02
-8.836498747982314272e-01,-3.945174483344511263e-01
-1.123542044872982704e+00,-8.032434908538836627e-02
-2.457361392493670194e-01,-2.247698698017269181e-01
-1.239280979318538867e+00,-1.114907676733609410e-01
-8.387047441154038552e-01,4.411985225650935649e-02
3.238760782604407917e-01,-6.155613425893307483e-02
-9.522901403725558822e-01,2.350301731698696828e-01
-8.380110353617102881e-01,2.863601553303854463e-01
1.722864128382939619e-01,2.836950165469583757e-02
-1.061826601118673663e+00,-5.107738097205234418e-01
-1.386015075110507588e+00,1.358246708343225639e-01
6.593032068414265978e-02,-1.282923969839737666e-01
-1.089323289959713170e+00,1.116666952327278889e-01
-1.176785820094935486e+00,3.427082591889374918e-01
-1.226808319983552886e+00,2.410827769675018620e-02
-1.021994689947297585e+00,1.957161976548464632e-01
-3.278608538542733264e-01,-5.270404185480928594e-02
-1.028442016281350346e+00,8.236051826590215508e-02
-9.740384284464255193e-01,-3.982648418063466922e-01
-1.146618452293621360e+00,2.490595896143817933e-01
8.780592507289827764e-02,1.096020794138623938e-01
-1.039638770290078895e+00,-1.304489936048391051e-02
-7.913696532606617762e-01,8.810811541576664407e-02
-1.985206231262823529e-01,-2.156903137571481166e-01
1.834102334275796997e-01,-4.271170182704152052e-01
4.559126971392490901e-01,2.874756119763844375e-01
-1.042590669325632380e+00,6.246871049334629111e-02
-4.488093867778139012e-01,-1.039596762617715636e-01
-1.764892722855755658e-01,-6.361931376193850907e-02
-2.180519915346026960e-01,-2.195468705687533134e-02
5.349078930517959796e-01,3.093363173628989604e-01
-1.006729462571518852e+00,-4.194329332306725999e-02
-6.875375548435406214e-01,1.182008968263094650e-01
-1.929266502080193013e-01,-2.545990129776679600e-01
-4.613488677180701547e-01,-4.724710477778411993e-02
-1.354593769711112783e+00,1.889436444936566373e-01
-8.731005087033755219e-01,-2.183669437412706638e-01
-1.275363143768534435e+00,-1.040135439982863286e-01
-1.051917502772284463e+00,2.605272471883905011e-02
5.054266998379566833e-02,-2.142871999363638591e-01
1.700182725804034178e-01,1.626524245706153782e-01
-1.092147251796427909e+00,-2.506027930554015626e-01
-9.123078009651790499e-01,-2.623962481377780862e-02
4.309564229438849620e-02,1.450960068207537701e-01
-1.652934101161983999e-02,1.725608933687496072e-01
-3.869343602725935048e-03,-3.528650719611919340e-01
7.493487985291205633e-02,-4.274166653993914933e-01
3.692429878266335619e-01,-1.298215263208607195e-01
-3.247792057802641463e-01,-2.296805402697557619e-01
-1.167157060711784267e+00,-5.796627618515985680e-02
-1.201885310422104114e+00,-4.746172748125022101e-01
1.013522797228556954e-01,-2.490233681096813423e-01
2.417155995421433889e-01,3.436172075070925147e-01
2.567535775909723580e-02,-7.440076746665619245e-02
-3.996488803187071559e-01,-4.958881933128421460e-02
-6.129366823264109643e-01,2.826286716287580991e-01
-9.128546534534132117e-01,-2.941277604922379330e-01
3.411781350836065041e-01,-5.701055135471450735e-02
-3.174176914047250886e-01,-2.664704420170757038e-01
-8.285605930243451489e-01,2.094733029815753211e-01
1.029133059928977190e-01,2.015953092015833337e-01
1.360526593972072595e-01,9.861082787196319421e-02
-1.212961220713332233e+00,5.770656321808651651e-02
-8.707285931731131301e-01,1.639929231595214087e-01
-1.163316150236782587e+00,-2.059822139891542003e-01
-3.966534476513148277e-01,1.503211558922075697e-01
-9.572062273652631736e-01,-1.882186419726008531e-01
-3.911418319966009083e-01,-8.686982487452440602e-03
4.083549480329509013e-02,2.634183800187609448e-01
-1.094732085103717445e+00,-6.911044516577677932e-01
6.875871652153925373e-01,-3.304505394716312217e-01
-5.190974674736255068e-01,2.443415384679263336e-01
-2.023058941186535176e-01,-1.932849300398070125e-01
-1.170363076464263186e+00,-5.271992451501245069e-01
-1.210748515370325684e+00,-1.418091974934362724e-02
-1.749104506820857441e-01,-7.638374812401108049e-02
2.370746903201363665e-02,5.580370002459590119e-03
1.142285035659059839e-01,-1.012328352288311972e-01
-1.405084888114945807e+00,-5.414891446190221724e-02
9.985076457124958393e-02,-2.850590894760050009e-01
-7.720987547542359497e-01,9.969405657536004051e-02
-1.014781567594183365e+00,6.394924537844758061e-02
-9.890585398680636908e-01,-1.951441953805534701e-01
-8.859113512097883669e-01,8.267730757371209716e-02
-5.796960083008538545e-02,2.692630899179730974e-01
-1.199602321315838216e+00,2.347199125126155361e-01
-1.022089874160097667e+00,1.547591915490307279e-01
3.832217346635813371e-01,-2.258850257522361793e-01
1.153338763362757868e-01,3.627414165061945139e-01
-3.631906935145954307e-01,1.276582995831839363e-03
-1.071807938280723571e-01,-2.486292506420390014e-02
-1.228982463924728208e+00,-8.985061691475323964e-02
1.527447480089114962e-01,6.240063041067073907e-02
-6.933026883192886514e-01,-6.724840318995602140e-02
2.588275228052755450e-01,1.589668533885025409e-02
-1.077757791376522611e+00,-7.025779743470497718e-02
3.639638876672349754e-01,9.863206389001638597e-02
-7.394397443848883811e-02,1.902760553732319171e-01
1.512828113307268865e-02,-4.387902672942951554e-01
-1.084934764981706712e+00,-9.242896114084107884e-02
1.042677563960893034e-01,1.444909791096576079e-01
-8.455832167664250054e-01,-2.049245813006017325e-01
1.520344668135900634e-01,-4.132107455438687182e-01
3.690789715216151456e-02,-1.793741488472537782e-01
5.055439182757612837e-01,-3.962267428274886955e-02
-1.254526304311363027e+00,9.681554391829813588e-02
-1.151794954781302671e+00,1.306660824890150674e-01
-9.785074549164162194e-01,-2.700612451559257221e-01
-9.638570699515109919e-01,3.314457287085882664e-02
-1.201925225362589833e+00,-2.276570430598670591e-01
-1.508796831186608234e+00,1.528250004494587921e-01
1.327611349300764909e-01,-1.800078189711934451e-01
-9.565641516994730087e-02,2.225296762836122821e-01
-7.686613419167460659e-01,2.961735959900560489e-01
-9.158239488013105722e-01,2.386133414530262342e-01
-1.400083195648532119e-01,2.356772922630882838e-01
-9.390852991572505859e-01,6.415419884833795106e-01
8.274083528683313926e-02,3.502252872554683649e-01
-1.216449016368766234e+00,1.435923220042521209e-01
-2.666586358798846979e-01,4.998616569315250668e-02
-9.533446882742706574e-01,8.479554517390708313e-02
-1.493334295663657940e+00,-2.769302412040363093e-01
-8.258558405125787649e-01,4.614449549291836927e-01
-1.518034473291420272e-01,-5.061147561965250175e-01
-4.533243913322026475e-01,1.763864219318188875e-01
-1.236328127270236887e+00,-4.196396305923429798e-02
2.027055481908895673e-01,-9.071321235494864132e-02
-1.180092348918561296e+00,-5.188269269674602308e-02
-1.221430798785036353e+00,-1.898917574664566454e-01
8.253801007530703338e-02,2.597515466782848725e-01
-3.925066603371175633e-01,2.462545750100125080e-02
-1.277102832733906901e+00,-7.299803939786574103e-02
2.146796223826822614e-01,3.109351686303740703e-02
-7.904402495428010100e-01,-1.936341923563354717e-01
-2.632024304918296198e-01,-2.164626249393919177e-01
-1.190645211400506609e+00,2.945817367501298856e-01
-4.250517510066584848e-01,4.749918175948400489e-01
2.391834342881249131e-01,-1.983269077375972300e-01
-8.860329201434692659e-02,-2.113993540353447942e-01
-1.840728386798623772e-01,-6.190016467118336640e-01
-7.637874220220353116e-02,6.734001998945193801e-02
-1.616717359432907897e-01,-1.713474102873239480e-01
9.514033753518176539e-02,-4.600487478421256826e-01
-3.461875934561979562e-02,1.069230023705180915e-01
-1.451372944633809281e+00,-1.679004809815968779e-01
-1.066713342458963876e+00,2.044226264388420700e-01
1.901298419064838541e-01,-1.382818443544299170e-01
1.028080498149224614e-01,2.195124444862899815e-01
-1.385997068880918892e+00,2.674054716363607901e-04
-1.190414888067607979e+00,1.686085986558842967e-02
-9.398517058031841120e-01,2.797641673511631621e-01
5.718086711847836234e-01,-7.081304158807943949e-02
-1.105373392523139486e+00,1.347311042071663301e-01
-2.344644072567506621e-01,2.819399545226622394e-01
-1.412861589573627952e-01,3.764621070772040667e-01
2.950602521070029294e-01,-1.279149972893505183e-01
-6.557232147457267013e-01,-2.753546904468819334e-01
-8.530030772453336407e-01,3.344884922896215057e-02
-5.124595157214113517e-01,1.027086531093081845e-01
-1.013700313712358803e+00,-5.071934004008682439e-01
-1.130610948392423154e+00,1.214257363349254687e-01
-9.037723704835123328e-01,3.252822764835122671e-02
5.523496785166495671e-02,3.401236321815307995e-01
-9.096797126578937132e-01,-4.330244066355300875e-02
-1.063113869918949739e+00,-7.541074936607526646e-02
-7.371030859473198804e-02,-3.623092871403070236e-01
-7.569104423083200528e-01,-1.085044065171195254e-01
3.454574991113852911e-01,7.279081377957204169e-02
-8.850010861466616197e-01,-5.221022220270528091e-01
-3.700735710023599773e-02,1.862022452342599887e-01
2.628695817567659465e-01,2.884899876508486560e-01
1.560598605348980372e-01,-4.216098994240370379e-01
-6.915707473943324413e-01,-2.100896200438530648e-01
-3.255564045111408733e-01,1.755371101052633775e-01
-1.047691833740339584e+00,9.062234990729750583e-02
3.191416186981295422e-02,1.686500676729508208e-01
6.504393813920772427e-02,-1.799108949344748187e-01
1.254433211599922764e-02,-4.885404130062586114e-01
-1.145361592781406618e-01,-2.256644939594728561e-01
-8.453671023390476602e-01,-1.262576138538859249e-01
-1.284616486658929801e+00,-1.013214149761334781e-01
4.162519655298232285e-02,-4.331911338403576089e-02
-1.247282483524678520e+00,-2.953310204707832246e-02
-1.139028455830657816e+00,1.489970616634783002e-02
-1.091571015172512205e+00,-1.727787519308049136e-01
-9.480693625514616807e-01,-2.984686099407285464e-01
-7.897072522003656392e-01,-1.779299199683220811e-01
-2.094697167388146486e-01,6.231552307448096073e-02
-8.492746450007472303e-01,-3.251223302513597813e-01
6.087484218106425926e-01,-5.382518129209534763e-01
-7.656256404309272900e-01,3.486251750587299192e-02
-1.181132923350891373e+00,3.044348176919153826e-01
-1.313063460549305006e+00,-3.408721714714386120e-01
6.350442185416339813e-02,-1.658592513805359492e-01
-9.809274420707460029e-01,-2.228444108261751488e-01
-1.212102046462807614e+00,-1.733481978701821580e-01
-6.508042000061464716e-01,-1.564301241016572697e-01
-1.091528844058295311e+00,9.075593623380547037e-02
1.485957708368285113e-01,1.689685136783401209e-01
-1.500002456009807139e-01,6.632811767109075655e-03
5.708569193070916342e-02,2.366944391373790590e-01
1.510948283360427080e-01,2.493129156667304655e-02
-1.001610978566885857e+00,1.057532994999638709e-01
-1.143660697770264578e+00,-3.467571387060118249e-01
-1.129445852066605527e+00,-2.013411943993219655e-01
-1.452105431787885426e+00,-1.171564626527906439e-01
-1.131044815681550908e+00,4.348858506512083277e-01
-1.157703311133097213e+00,2.975240141779730285e-01
-3.945808629712705545e-02,2.582957066368081200e-01
-1.045506155255367275e+00,-5.751250908159174363e-02
2.683207329157476922e-02,-1.432660218042795530e-01
-8.772275106142051193e-01,3.620936557562686176e-01
-1.237230206374231756e+00,2.508325294965176866e-01
-1.107537223535680848e+00,3.008749349076734192e-01
5.740189452758529161e-03,1.488805653847825039e-01
-8.905729462049077894e-01,6.362036429703263156e-03
1.411142020117035489e-01,2.328114167959704703e-02
-9.455761455450631958e-01,2.563123201034124277e-01
4.618504694605483213e-02,-5.099263747861590944e-03
-4.368877532253394314e-02,-3.141012375203577206e-02
-8.034081917127812167e-01,5.849071208449941467e-02
-1.017922921406229309e+00,-5.144191284603065462e-02
2.577088436792105419e-01,-2.851422348445988852e-01
-8.850218264583445960e-01,-2.770199350909948177e-01
-2.468423759326831834e-01,9.318111776913548527e-02
-7.474149600714770081e-01,1.680800148196121002e-02
-1.174110060818222889e+00,-3.532083963696230344e-01
-4.873579073412577789e-01,-4.731302828560098039e-02
-8.082788300796189818e-01,-6.173221558945930776e-02
-4.555439754055808782e-02,-2.493360558194539778e-01
-8.701181912683333408e-01,-1.864017230153567350e-01
-1.429861205418937686e+00,-6.516530838134959591e-02
-1.114417882922014380e+00,-8.720639732901591668e-02
3.073964233927826140e-01,9.884874123222267550e-02
-1.176393175673453806e+00,4.391798784668791145e-01
-8.044419274388485697e-01,-1.104918380554872764e-01
-1.359756544567365832e+00,-4.493881479887874841e-02
-9.329043969107695400e-01,-4.807556719421365865e-02
3.641207522335578317e-01,2.139467067766780140e-01
-2.850746156513168095e-01,-1.913738286437075276e-01
-3.384429661092993036e-01,-1.599304251751559325e-01
-9.150167275956044843e-01,6.605646982161425540e-02
2.121532541352717099e-02,7.348899945302514447e-02
-2.228486759457773692e-01,-9.608176178200533496e-04
-8.492673894438085291e-01,-2.300127764671493213e-01
2.770862026532758815e-01,2.836927156098083547e-01
-1.175016002728252795e+00,-4.965061376254847891e-02
-1.116159194234015661e+00,-3.032343358489302323e-02
4.072081586362533145e-02,6.322347763488231909e-01
1.072862452233285108e-01,2.931371479314351935e-01
2.493710537502969726e-01,-1.372093346021254212e-01
-7.075481421862110931e-01,1.627312389276074356e-01
-1.114336825547456167e+00,1.388907283583651620e-01
-4.849178541139478188e-02,1.981205341966469635e-01
-2.396087755189711677e-01,1.337660557178843301e-01
-9.875058238461111859e-01,-3.257380835299734934e-02
-7.760394125522077080e-02,8.783574313574046832e-02
-7.560607540633357271e-01,4.589792095883574174e-02
2.119719689635594373e-01,-1.005476185774906855e-02
-1.072477908326646689e+00,6.393850162533874781e-02
-2.550064655518038403e-01,-3.860485075067576766e-01
-2.190509994021797580e-01,2.625595027566432482e-02
-3.154162812822971507e-01,5.129874339407561323e-02
-8.027371041005244567e-01,1.380821718206608293e-03
-9.034545504789017745e-01,-2.927377085410052399e-02
-1.018988988929472983e+00,3.502804661507628592e-01
-8.262318037015334848e-01,-1.439222786749952965e-01
-1.369449258510187173e+00,-2.635445678032299899e-01
-1.204754793940046920e+00,-1.846760085745854651e-01
-1.105638946745927331e+00,2.863751081284560129e-01
-1.142912363033766310e+00,2.263093751264183551e-01
-9.430944691623377452e-01,1.362728092594336915e-01
-9.223236447454109532e-01,-1.362984559464721357e-01
-1.346751492565653630e+00,2.610698201803066110e-01
-1.188375143998347205e+00,-2.458127409375101824e-01
-8.782515522805222075e-01,-9.521859254937320438e-02
1.444751396896652674e-03,-2.710799894191205650e-02
-1.030366667590372487e-01,-4.435115938790556295e-02
3.114175485851700120e-01,1.032568624309105759e-01
-9.906112133359241678e-01,-5.392106089578362071e-02
-7.186584957589319256e-01,1.896751609242919578e-01
-8.921004176705661370e-01,-1.006764405682542829e-01
-2.476423848156694973e-01,-2.259248881835575762e-01
-1.053980839907145750e+00,-9.801547692773623921e-02
1.608046883307838737e-01,8.603924543929775126e-02
-1.349535901184637510e+00,-2.340792435678911571e-02
1.028437587679845167e-01,-1.452356883906041618e-01
-8.764276411989386784e-01,1.923620186836669799e-01
-5.329175261475933151e-02,2.284212688086142973e-01
-1.462618464018481390e+00,-1.192506567410673568e-01
-6.830711987290967180e-01,-7.374000926463569749e-02
-1.032551448018734108e+00,5.485892167733796149e-02
-9.558016996322509229e-01,-1.708736059132727747e-01
2.754229211998532323e-01,-1.866684735515889981e-01
-9.175497456810488561e-01,-4.970565590458999039e-01
-9.604902066457854382e-01,-1.709454016932316356e-01
7.159036081138785146e-02,-2.220114871260624873e-02
-1.009634882416910129e+00,1.817432099026274339e-01
4.919268734469972983e-04,-1.729811198167034991e-01
-7.952015684580167054e-01,-3.813729715507394036e-01
-8.403081301647886692e-01,6.505715295954563049e-02
-8.061557397327953067e-01,-7.791898360425192349e-02
-1.561485148567825498e-01,7.251215336775007625e-01
-5.784714739121541438e-01,3.161781348711163470e-03
-4.054721450876848723e-03,-7.013815117575392111e-02
-1.028446907031261404e+00,4.482493744791467560e-01
2.482494054801304695e-01,8.064626687339713010e-03
-9.382770478260701874e-02,-2.543842250559226748e-01
-9.444837584644917294e-01,7.062556866194444893e-01
1.854699659230194539e-03,-7.123705150535405983e-02
-7.812733070584453043e-02,1.490647322217601434e-01
-9.224883870413713716e-01,-5.975882391119636747e-03
-1.404553397271222637e-01,-1.475025285373426365e-01
-1.262844695743377654e+00,1.103052209895972885e-01
-1.090263471134317097e+00,-5.396127230623203735e-02
2.590770564089129868e-01,3.026200473984467232e-01
-1.055603617625168633e+00,1.616125218672891384e-01
-7.600190662255008611e-01,-9.401263796318348742e-02
-9.824050541830945393e-01,4.235520727224046378e-01
-7.468262083306371757e-01,2.534978604215805675e-01
-8.176758151572426359e-01,-1.956689548743472951e-01
1.306028132662146179e-01,1.041851470754129455e-01
-7.900377212721884645e-02,-1.320508131416215092e-01
-1.232713559589538654e+00,-1.191227367201470530e-02
-1.101795672169218143e+00,-2.651573282435791823e-01
-1.221716215005488326e+00,4.384693315790326451e-02
-3.348366442951821731e-01,-3.395291510282967273e-01
-7.681390396630402018e-01,-1.257899519069084204e-01
2.771541797983983479e-01,1.297586266542071487e-01
-9.580644888083335031e-01,3.791696850568480603e-01
-3.697884259740242263e-01,-3.730501282999108548e-01
-9.776508478820197245e-01,-3.744356977520704177e-01
3.935155523994349758e-01,-2.489906716571067546e-01
-9.757782530672275412e-01,1.098946880276902710e-01
1.345862420242005808e-01,-7.829555841970453622e-02
-9.064003306697652196e-01,6.926506647881988318e-03
1.332765410420099217e-01,-1.870802669055524614e-01
-9.768697770348448994e-01,1.808707248680661460e-03
-3.730702322417083633e-02,-7.599002318472698747e-02
2.172889603310788897e-01,-4.701821891410908894e-01
-1.268103638512409148e+00,2.763632043425605644e-01
-7.115203157259273326e-01,-7.982559324561518121e-02
-1.116557920512176061e+00,1.695231312752629171e-01
4.536193884195874500e-03,-2.808808223679740146e-01
1.329026473345901460e-01,-3.467358791173253962e-01
-2.866673646259208508e-01,1.562483348921608894e-01
-8.438228105925242861e-01,2.373708357168275163e-01
-3.296921011789558653e-01,2.823329845296734808e-02
-6.778364689175702118e-01,-1.947409447638708824e-01
-8.192965014514248523e-01,-2.576474575124172994e-01
-5.791027019669535703e-01,3.657997511980180805e-02
-1.105869299755558588e+00,-1.001903778860201155e-01
-1.183866465155597680e+00,-4.572223345571443942e-01
-2.470189051161853777e-01,3.910609738819455228e-02
-3.177567298373228932e-01,1.695462279775875325e-01
-1.547589125669071586e-01,3.760855774647920979e-01
-1.195179182490034853e+00,-2.334824943091469152e-01
-2.422644329179633044e-02,1.877567371343519254e-01
-8.391876947688486910e-01,-3.613265974556972848e-01
-2.298991083031982352e-01,-1.147151532705772414e-01
1.324687954199652296e-01,1.176002853918620694e-01
-1.899889518885947426e-01,-3.391833088466666979e-01
-1.117193630971653695e+00,-1.398400333697848164e-02
8.484266759329640861e-02,-1.775031490036637349e-01
-7.027591833839097468e-02,-4.282207985207403533e-01
5.034668066711314727e-02,-2.050046120848295766e-02
-1.375420135054593873e-01,2.452280962917627039e-01
1.871184822356054267e-01,-1.338156614045112880e-01
3.961775506090326610e-02,4.049603168270079351e-02
-7.394399996167899669e-02,-2.539488947455166845e-01
3.370155694445863825e-01,-2.921338262452033430e-01
-8.572320113957310195e-01,-1.170065986533555397e-01
2.008469254521901559e-01,-2.190732728955435971e-01
-1.015169815505737455e-01,-2.277988882596893461e-03
-1.318499725295379232e-01,2.184721919596351869e-01
-1.104088362730097472e+00,1.961892030123326691e-01
-9.697226127236209248e-01,4.924028767802635098e-02
1.262959612798097431e-01,8.571474625327955843e-02
2.707485154657963133e-01,-2.879349338000365410e-01
6.853774642548423300e-03,-4.713691822430725320e-02
-8.469578824793974059e-01,3.765088838015487327e-01
-2.475619694430326034e-01,1.673549413613241721e-01
-8.983954393212973955e-01,-1.591544751677493874e-01
-1.013177550974292185e+00,-1.976211240002398728e-01
-1.080565944450511406e-01,2.936444000720437875e-01
-8.626267103178675288e-01,-9.978515386833945733e-02
-3.939212959057202812e-01,9.549725258276649253e-02
1.464944890213805417e-01,-1.274561638880127301e-01
-5.079537162325332700e-01,-1.177123789934687442e-01
-9.430630174930574317e-01,-2.309610233716977157e-01
-6.904900823310247682e-02,-7.270524187673450822e-02
-1.043307512366974832e+00,-1.053960467493750830e-01
-9.230726503065364019e-01,-2.331101048209918009e-02
-1.026186739574219908e+00,2.759442961413276219e-02
-1.333131654689884371e+00,1.597737506126016560e-01
7.148441664095803172e-02,-9.016060320966394481e-02
-8.627977187145297044e-01,-5.169059773537338504e-02
-9.490230420157304003e-01,-9.790308264844831132e-03
-7.770608610421753104e-01,-3.559604362426044971e-02
-7.800757752656936050e-01,7.951877441287885651e-02
-8.520867370249327610e-01,3.398922711114771844e-01
3.663650640202742448e-01,-3.935683875172293900e-02
-4.670793529189273124e-02,2.688514288807945449e-02
-2.098655952305985006e-01,1.615580598928766376e-01
-1.054483502291633096e-01,2.900817331378304290e-02
-1.227864458397490921e+00,1.272023068771160059e-01
-1.546790297392189872e-01,9.987153536113210772e-02
-2.196140692891979940e-01,2.055104836766348531e-01
-1.080012810633145665e-01,3.034041499962319977e-01
-3.100439078654241842e-01,-6.793792371218609905e-02
-9.154846594915085900e-01,-6.867252741216971212e-02
8.690106731048800881e-02,-2.556547338155386040e-01
-7.751155325844895361e-02,-1.448121769453357688e-01
1.035606133061144629e-01,-1.435333177162572207e-02
-1.730291189017147957e-01,-3.012909672816507789e-01
-1.059633677101666338e+00,5.472777292056416054e-02
-7.804469661049463491e-01,-1.072858787026795546e-01
-9.722812715755716484e-01,3.060752071931022167e-02
-4.596969170137469446e-02,-5.523098696457052342e-02
1.598568475041216574e-01,-6.920002262994706665e-01
-9.773023084556269335e-01,-8.797488470352332612e-02
-7.564053753863992924e-01,-1.221611856290260451e-02
2.870920506002928585e-01,2.096333397516055297e-01
1.064071554294209743e-01,-8.434041894609470291e-02
1.311834663981229221e-01,3.147164991579485815e-01
4.401761559648784128e-02,7.763196519248251326e-02
-1.222813141863434927e+00,3.488998137916571318e-01
1.289082902616328352e-01,8.936141412677901796e-02
-1.129241039722696183e+00,5.482453639762013831e-02
1.292625093871309916e-01,1.172340774992281648e-01
-5.842146580817692003e-01,2.169020464722229147e-01
2.922134944110534316e-01,1.800309136125047560e-01
-7.309314079994879698e-01,3.763432027171246252e-01
-1.561606586570175592e-01,1.049906909029259955e-01
-8.800493428680568053e-01,4.568794978755301717e-01
-9.549042005277656731e-02,-1.947099724514401442e-01
-1.596239389301921663e-01,2.762117033966080340e-02
-8.491535587504313032e-01,3.757654941734058229e-01
2.596629080935902723e-02,-3.141903221721701889e-01
-6.564718948282782796e-02,1.534535270154051279e-01
8.625974879842736309e-02,-2.061133939931373837e-01
1.183045549097920257e-01,2.193947739247335132e-02
-2.712148421015900812e-01,4.583815582272576794e-02
-1.484784468721201678e-01,-2.327647199895847285e-01
-1.251429310037482256e+00,4.568697006266788513e-02
1.732971739615416507e-01,-1.286153848677556999e-01
1.550727012427680629e-01,-7.027889005905441078e-02
-6.975654552143484288e-01,5.731105491017989273e-01
-7.922476260395272529e-01,2.034831353750695127e-01
-7.397151372699793948e-01,6.236378057699073496e-01
-7.366117479678875313e-01,2.422997161042055037e-01
-1.227159091682859637e+00,-1.600832788759102843e-01
4.516491985438255696e-01,2.225467817674297299e-01
-9.261401967483033626e-02,-2.050968462717492891e-01
-2.658669903635951098e-02,3.447949028100580904e-01
5.297439022072122222e-02,-5.785293694741886483e-01
-4.656913728099296157e-01,-1.723488683392272180e-01
-1.020497693205783651e+00,2.211398864296828526e-01
-4.659380855736339200e-02,7.338672591593337069e-02
-2.181859525902418995e-01,7.213488011133806221e-02
2.484093146579590405e-01,-1.484893240246470125e-01
-1.068365094294572826e+00,2.315370571175296710e-01
2.992444067295025878e-01,-6.522917950629453232e-03
3.493430417194026694e-01,7.413780078874730728e-02
9.533636329015087590e-03,5.767185944516529661e-01
-9.583849847649882348e-01,-2.581831770332614906e-01
8.718839234495694146e-02,3.014953901574291550e-01
-8.654426726041449802e-01,-7.396437188766569193e-02
1.743616240462876887e-01,-1.457048187306065334e-01
2.120304166254231015e-01,-1.413976022367696150e-01
-2.188392349628232592e-01,-9.922271352953904167e-02
-7.277388103679981457e-01,5.402353819315691696e-01
1.386641468318838138e-02,-2.728656505298921453e-01
-8.755549415329417773e-01,-1.657819933551440972e-01
-1.046962664257934605e+00,-6.490739648778948157e-02
-1.098710274561374600e+00,-1.839064517310405877e-01
2.550405646066230547e-01,-9.221592838587161500e-02
-1.121788373607859990e+00,7.192463013064592792e-02
1.437665405235683154e-02,-3.604914132182216457e-01
-1.451261331712721259e-01,3.887509130040872618e-01
-1.769131071450449899e-01,3.664571808466705605e-01
-2.739031461401246759e-01,8.045809777207789393e-02
1.481974344711134706e-01,1.880307396610260695e-01
-1.092098403818139385e+00,-1.880441149733763639e-01
4.543450174410252479e-02,-6.131686065106554256e-02
-7.761250255039360280e-01,-1.667288825293992416e-01
2.819864567217207907e-01,1.182821241814945856e-01
-9.190467347339956738e-01,2.183590176337703304e-01
2.544664904433791702e-02,1.565376556594749724e-01
3.583835954722194850e-01,4.027214402164330104e-02
-2.133721443392228023e-01,1.819433753228667516e-01
-1.210188211685797821e+00,4.601602566564607089e-01
-9.355788240513990273e-01,-1.741260858420986546e-01
-3.489642087773753287e-01,-4.504812590357740176e-01
-1.476409480007363495e+00,5.982951038493599105e-01
-1.157559195843739897e+00,3.995164450158011915e-02
-4.824858594581567517e-01,-1.530247820155711995e-03
-1.857208182366552052e-01,8.718048943827065925e-03
-9.432003937109093572e-01,-1.768188504048350818e-01
1.281070078392877454e-01,-2.273327054570707384e-01
-1.641434331422491621e-01,5.927806547883878591e-02
-7.354614396288907674e-01,3.891365274146674907e-02
-5.577069187332541755e-01,1.932503556880219853e-01
6.156672810651917516e-01,-3.050142812462743880e-01
-3.985943421368220996e-01,-5.281017495793834809e-02
-3.646858540666525483e-01,-4.540231993278405209e-01
-7.842797315572637151e-01,3.913608461098816993e-01
-1.237129709382657428e+00,-8.193406789618108699e-02
6.168292046602271705e-01,-2.015911967115877404e-02
-9.798948503221113215e-01,-1.282565943410370578e-02
-1.351740857542752805e-01,-1.237786191956312815e-01
2.332930385358797654e-01,8.234443328431385878e-02
-1.171005916998508756e+00,3.550537859536235796e-01
-8.677547026928349450e-01,-1.301367315275098191e-01
1.619017536880185126e-01,-1.936052462071567171e-01
-9.592533425662924662e-01,-3.151376635415324007e-02
-7.355778791918281545e-01,-1.233610459459664466e-01
-1.170204883805564755e+00,2.390472469249945997e-01
-5.021237029351419690e-01,-7.552569929910676882e-02
2.986636049470751259e-02,2.234971617043161052e-01
-1.281619700875878731e+00,1.314470291464545637e-01
-1.656210170221511773e-03,-1.359690380214166883e-01
-1.352880975272708342e-01,-3.155560535440400383e-01
-6.968794881761813942e-01,3.528399822698075755e-02
2.285277094150177934e-01,-2.276321606682481791e-01
2.971450541577318628e-03,3.066190106790126491e-01
-1.082270235317192575e-01,-1.439443676950265816e-01
-1.265259648058052466e+00,4.511556855966876445e-02
-7.950068961926147482e-02,-3.152914309329259424e-01
-1.167131619281609023e+00,-2.259588593574098081e-01
-6.511838889671082153e-01,-7.419184915897200638e-02
-7.090799170133229579e-01,1.246942530051217181e-04
-3.465432287230915120e-01,-1.234265709453372106e-01
2.252411272622157623e-01,-4.861245172065574160e-01
-9.068747385773280323e-01,1.989209913785748574e-01
-1.049851291379948481e+00,-1.533412061885024158e-01
3.812315603212509257e-02,-3.444294909024865903e-01
1.722796361754758698e-01,2.137763498137233986e-01
-4.354129896715128734e-01,-8.393228472130558060e-02
-1.103948704860405750e+00,-2.028863027921033735e-01
-3.517218717268625477e-02,7.538207647781380860e-02
-1.035465940381396166e+00,9.904957024351418449e-02
2.973326692694229778e-01,3.563275153427204467e-01
-1.430056035739507569e+00,3.742501157485866869e-01
-1.282940365007729122e+00,5.822152469397945396e-01
-1.977045219983402657e-01,4.625788139763553075e-01
-1.129890639671213393e+00,3.728950237020827729e-01
-1.250304337865031784e-02,1.552829569014562705e-01
1.133644218029042638e-01,7.966168773953100080e-02
1.776965653218856023e-01,-1.627140208683933997e-01
1.711220707345233183e-01,4.700821588196640172e-02
-1.240836024488315426e+00,-4.478961171872420377e-01
-2.243827412829568768e-01,-3.223647905013718451e-02
1.803426695883572350e-01,-2.835760591536441444e-01
-4.756055113348634511e-01,1.686960245675124537e-02
-8.039763383360918336e-01,1.289665424826554885e-01
4.882107588934658238e-01,-4.104306683209091866e-01
-1.239238550792355786e+00,6.800557946850935287e-02
-2.238637002045154867e-01,-5.074701436419359890e-02
-1.174834740767565444e+00,-1.676932191433691544e-02
-1.010455743874439705e+00,-1.370028480706917719e-02
1.584640057006882295e-03,4.494096597501269219e-01
-1.006782263466413641e+00,-2.899297537496644539e-01
-1.631549810115758392e+00,5.004567665844663477e-02
3.186898856517127870e-02,3.421357977459297817e-01
2.598025076280124912e-01,-1.482010117153083895e-01
-6.573929493823473802e-01,1.845042311144300118e-01
-1.534829381053219866e+00,3.826461750347605051e-01
8.039673179129090685e-02,5.228895710839426975e-02
-3.809791437413538873e-01,3.667759195186049564e-02
-4.852336792351339551e-02,-2.321984658080875896e-01
-1.086486870016684980e+00,5.269689687108317089e-02
-1.025323183048643338e+00,8.539624087742218872e-02
-1.008104391338868089e+00,-4.137042485127944702e-01
-1.838792517557680528e-01,-1.604172399317948250e-01
-2.193538274435430091e-01,1.947019258932048552e-02
-3.816888473192431852e-01,-1.908559594151123737e-02
-6.594151829997458858e-01,2.494483684344243335e-01
-1.626122000219566363e-02,-1.483289843093007487e-01
-4.765985243595696058e-02,-6.431396084440769156e-01
-1.182668408237335544e+00,-1.255933581317455507e-02
-9.335911791549481586e-01,3.323698525140200699e-01
-1.813751702960718359e-01,9.942890704786709610e-02
-1.074116309268438707e+00,5.787955317904240893e-01
-1.222132168490464466e+00,1.103011959187316232e-01
-9.189124378114947866e-01,2.546756535363524643e-01
-3.809072379152763504e-02,2.890174939122038822e-01
-6.194046310238205955e-01,-2.246448860050300478e-01
-9.638285660645399266e-01,8.035274464427900887e-03
2.581194350566101345e-02,-3.035165992828852133e-01
1.554326238022763207e-01,2.722061048285520993e-02
1.703484969482549349e-01,1.857501800635115718e-01
-1.063779030380298973e+00,3.046364535261669726e-01
-1.104001007128098122e+00,8.198275154936190967e-02
-1.036807551080542567e+00,-2.978694180174620287e-01
-1.276542887621709976e-01,-4.221988136281085713e-01
-1.188062412037304671e+00,1.575781070967865183e-01
4.138629412432633936e-01,3.747393963526071126e-01
-1.018444127183527170e+00,-4.611561688227659717e-02
-1.053670595736182047e+00,-2.540137790259796580e-01
-6.318769139688545922e-02,-3.376636924525927008e-01
-1.118631249499618230e+00,-3.071834860980898751e-01
-3.756550724412634490e-01,3.791520774490712009e-01
-2.569653150063093139e-01,2.991146438526034457e-01
-9.882874042893001754e-01,-1.230154807780238779e-01
-1.275934568792709056e+00,-5.005815472788000681e-02
-1.042498289839920433e+00,4.008374024679904890e-01
1.372350125358416939e-01,-2.362759434219235677e-01
-1.044837472572563986e+00,4.249789728907221731e-01
-5.859350249247456954e-01,-1.817104105529779648e-02
-8.645288707456963984e-01,-1.354075687969885644e-01
-6.503501804238417949e-02,1.186740472922986761e-01
-3.939705583082702689e-01,3.342061298926339852e-01
4.860073727816290323e-01,-5.261378770554488993e-01
-8.312327654660213450e-02,-1.192285867840322811e-01
-5.053842399920027706e-01,-5.653925916534263685e-02
-3.217058838560868939e-01,1.683188399028339999e-01
-8.430045632036314851e-02,-8.878251987622134966e-02
-1.011479764435924356e+00,-4.872789988434199082e-01
9.253210663255857782e-02,1.581338859765914484e-01
-8.914768740197296371e-01,-1.494021615890908927e-01
-1.028136697564277169e+00,2.597075061279774943e-01
1.903348842188564427e-01,-2.914328226919890019e-01
6.521826875674184565e-02,2.334523322492750852e-01
-2.870902988798929023e-01,-4.072979979145128354e-02
-6.082962185469713290e-02,1.487660465387086461e-01
1.750683080823130788e-01,2.223038013152212489e-03
-1.107463507959564719e+00,1.434774651969454931e-02
-2.332263832601771947e-01,-9.731711630264498758e-02
-5.816684424967800693e-01,-5.084963134066768919e-01
5.512353825425473502e-02,1.746388087367463926e-01
-7.845840919656916768e-01,-3.534229514044732734e-01
-9.639411580894523546e-01,2.967522378731012878e-01
1.809109515902223020e-01,-2.704715086382952771e-01
-1.147190691946803787e+00,2.765864927427645337e-01
-5.585564442436665722e-01,-3.021394981081222397e-01
-3.469622696250946881e-01,2.122442183840537455e-01
1.406758844328349078e-01,-1.873644025843111960e-01
6.997924144897053889e-02,1.970830659743074212e-02
-1.114693811300146109e+00,1.303726101663895409e-01
-1.727098851630345377e-01,-6.796320855679528761e-02
2.244445015061658222e-01,-2.564568934332611683e-01
-7.691861149402916542e-01,-2.606001761377942927e-01
-1.022042454349442631e+00,-3.179150260616683821e-01
1.071282302727938479e-01,5.467159136318763130e-02
-1.196730710208143034e+00,8.398569819419388072e-02
3.093344871671829255e-01,-8.573900351326896319e-02
-9.875061006752799964e-02,-1.155297170191699058e-01
-3.476358368749997707e-01,5.148938651858872562e-02
-1.291696692298886173e+00,7.464656144874649846e-02
-3.657411389369152194e-02,-3.016929471023367948e-01
1.842516094463094167e-01,7.214088662518576556e-02
3.356228185181000523e-01,-1.955214620672661441e-01
-1.008997453484349327e+00,3.089479516768693923e-01
-1.052032567393003992e+00,1.239565477778243191e-01
2.490845378518039832e-01,1.732983995911584543e-02
-9.188988178455466393e-02,-3.427110507432974684e-03
-1.128862122408511359e+00,1.311798433694132959e-01
-4.891742123490988581e-01,-1.820175888337141334e-01
-1.307294649275383136e-01,-1.014914460219230735e-01
-9.689490759513811335e-01,1.710857639687471399e-01
1.496848239277481507e-01,3.280959227538503969e-02
-1.009257377420652801e+00,1.553203736718439254e-01
-7.294699728606504063e-01,5.585851516501651876e-02
-4.812841603757443687e-02,1.794736758595196491e-01
-8.174223658157956374e-01,1.368105964127895591e-01
-1.712818978627215572e-03,3.947814428433579215e-01
-9.276051847808506334e-01,-2.973216202738563352e-01
-9.076044821955515651e-01,5.028143637451951697e-01
-1.320265248889524567e+00,3.725773533140417371e-01
-4.390333298706139420e-02,3.334160564578637631e-01
-1.719476465659919573e-01,-3.504894671758156388e-01
-1.064449496878118850e+00,-1.416668570949111694e-01
-1.234037502423571020e+00,4.803672774711442717e-02
3.064183507465825240e-01,-1.361906909761926299e-01
-4.915946875177994863e-02,4.013220559207534288e-01
-2.583347099427092675e-02,2.335901821616548912e-01
-7.391865426723147614e-01,4.204087974244602455e-01
-1.203479975429781579e+00,-2.934329969531678239e-01
-1.032891408686685386e+00,2.888470852029565439e-01
-4.557551028875701515e-01,1.193770017507843756e-01
-4.612697498207680713e-01,-9.259452366791057210e-02
-3.551663342968458537e-01,-8.553722264659484320e-02
-9.748488904748853212e-01,-3.011837658028028789e-02
-4.208236884684594947e-02,-1.192716172427397553e-01
-9.067041289196968445e-02,-3.797907698589842451e-01
-6.621506083514841490e-02,3.423761771424234102e-01
1.854535653107410031e-02,2.146124721717054123e-02
-4.480813142676774996e-01,-5.156404029142030998e-02
7.070526170325851234e-02,-2.586742076095449039e-01
1.049973623855098709e-01,4.643757283778638389e-01
-2.995070103240697890e-01,9.647520391607107559e-02
-1.132122419134967140e-01,2.178673107786079002e-03
-1.039066209504615923e+00,6.245281107172661467e-02
-1.015268527561476564e+00,-1.250111975621698845e-01
-1.047679016185558476e+00,-6.408772415381244758e-02
-7.739170740849964369e-01,1.946610570731222289e-01
-1.490141900171279010e-01,-3.612260285580490837e-01
1.680522703454026823e-01,3.653632321166195435e-02
-1.104662554312207945e+00,3.495572812294960030e-02
-9.926899521735049747e-01,1.892838075906179696e-01
-6.683234268883002649e-01,2.501750967253905111e-01
7.968625375061232086e-02,2.220021440585483175e-01
4.007978542891837415e-01,2.678677213937659674e-01
-1.219004222790261577e-01,-5.006985313536839177e-01
-9.273858283779974343e-01,-1.749030068689121642e-01
-1.007016637197113651e+00,3.575927874220605207e-01
-4.299323045077398792e-02,3.617877565425851871e-02
-1.366669715556291520e-01,-7.719678188912773575e-02
-1.104051638171548833e+00,-1.173530974855240133e-01
-1.039040915869374304e+00,-5.525166131588637314e-02
-1.021572660979458425e+00,1.254136850729107300e-01
1.933327751982882314e-01,-1.275195255346105450e-01
-9.974252507585683603e-01,6.119834331767242119e-01
-1.014636721737886882e+00,2.336251850948717623e-01
-6.882957550840465011e-01,1.469229619454845981e-01
2.530248128610508851e-01,4.788799453097978415e-02
-1.032114795027497811e+00,1.081529942065378169e-01
-6.971852209096117692e-01,4.594256801843203675e-02
-1.158248351074155469e+00,1.183325502956023706e-01
-1.040789436578354543e+00,3.832970052287967277e-01
-1.160890622925016880e+00,7.719805130541426696e-02
-8.076905994950439593e-01,-1.625232828715270361e-01
7.677127200387413863e-02,-1.008792738366396643e-04
-6.624396091996818114e-01,1.587348021239770035e-01
-1.151342604961211186e-01,-4.973936743692420476e-02
-1.667290845072929573e-01,-2.322595067460793417e-01
-1.218063439176789498e+00,1.441689997879299356e-01
-1.150126884283336537e+00,-1.182985544611595517e-02
-1.319492842151693823e+00,4.838555899641831110e-02
-7.371134838062198824e-02,3.570590852002273330e-01
-3.949763843322339762e-01,3.344329905229878608e-01
-1.430019448630116763e+00,-1.265209102119547457e-01
5.045345981446072159e-01,-1.467899456994184171e-01
-3.222010151256319843e-01,-2.558917498844677230e-01
-7.357130551077338820e-01,-2.128407122756781344e-01
-3.077893405321531217e-01,1.159614806950481358e-01
1.130839829074488517e-01,1.235972632641239161e-01
-3.414033992345286150e-01,-2.648414948907577005e-01
5.879021563518218967e-03,-1.077937291381909912e-01
-5.962164469277374534e-01,7.583542611452721849e-02
-8.709963049834575921e-01,-1.859733359211170334e-01
-5.627221364140861937e-01,-1.857055746228669646e-01
3.004529206116628992e-01,-4.651175411025884054e-01
-1.061428296838348440e-01,2.537223941250715264e-01
5.031920431577957542e-01,3.289919771551960692e-01
-6.405198886168519401e-01,1.820177419940955388e-01
-1.013106064950388241e+00,1.376483282291281196e-01
4.451346198658150399e-01,2.182455236426782408e-01
-5.956521764212423520e-01,-1.667248571520344447e-01
1.553759782751494289e-01,-4.652783799509639662e-02
-1.001291533882366913e+00,2.936688073954123526e-02
-8.744078823527033917e-01,6.401597308021026410e-03
-6.538445265801526851e-01,-2.484391830818805380e-01
-1.194199450769781040e-01,-1.467941741326259930e-01
5.648576157336580167e-02,4.501878720623005425e-01
-4.670914777168661859e-03,5.227465040762507148e-02
-2.118605719614851182e-02,1.908231710937119061e-02
-6.987879383006114775e-01,1.115331029050584399e-01
-7.286856428217126647e-01,3.058023078815659823e-01
9.194182389163255142e-02,1.032986879227204835e-01
-9.678816745392181398e-01,-6.762796236792158189e-02
-1.184548190362510467e-01,-6.833916405238371627e-02
-4.379912283127498918e-02,1.152822557655312496e-01
-1.339890378338721044e+00,-6.514526914935662993e-02
-8.503431066704983943e-01,4.807262696204551711e-01
6.081659689840220040e-02,3.934247225755158062e-01
-4.426823041355066463e-02,2.691398545528151387e-01
-1.232796644172492240e+00,-2.071404028812510317e-02
-9.536461788382794014e-01,-6.577443222081466589e-02
-1.328749074479166792e+00,-4.853301155910341169e-01
-1.235621993283783082e+00,4.170560596485129584e-02
-7.544906378646893952e-01,1.773733829293309416e-01
4.203827015768652614e-02,1.200164969403337833e-01
-4.646925860045210133e-01,-4.879935038611722675e-02
-8.485193150105450055e-01,-4.693036993059170880e-01
-6.794095407554214816e-01,-9.541527101115886145e-02
-8.810571599672643028e-01,-2.316185947298377845e-01
-9.388199846612936827e-01,-1.333138125515545558e-01
-1.014236739687352618e+00,2.260139614210499304e-01
-1.518811821336527035e-01,1.921807149488406405e-02
-8.447636618672043074e-01,4.230465087563922699e-01
-7.534812509472388342e-01,-3.066225961817396484e-01
-4.287725571667060087e-02,1.302508193084910559e-01
8.459195468528686590e-02,-2.038881325035267755e-01
-9.200115750055032349e-01,-1.570483267607971078e-01
-2.269793067921089813e-01,-2.953022299935437189e-01
-1.023386820410262743e+00,-1.374221564946882246e-01
-1.158549347727616086e+00,2.061550466001813714e-02
-1.063212796817277539e+00,-2.992083376335969436e-01
-9.905716031448931203e-01,-2.971179637426134557e-01
-2.163088272900052511e-01,-1.323128872880592333e-01
-1.248877353548874858e+00,1.400073220204354693e-02
3.049351193997414458e-02,-6.612628627824396199e-02
-8.884672350485902648e-01,3.064046559705054310e-02
7.109332106446261124e-01,2.519690855821800635e-01
2.405472863720282684e-01,3.204379065073628130e-01
-1.874127649147586117e-01,-5.172415014861546645e-01
-1.178947836393654303e+00,9.983409440731549900e-02
-1.019661669850348673e+00,-4.432494749532198686e-01
-1.069081794093279969e+00,-5.480703895619700589e-02
7.979139788620240314e-02,2.420653645932835663e-01
3.853610939736092367e-01,5.368615983071157727e-01
-5.877028949207701025e-01,2.884422994890420075e-02
-1.338491005557136404e-01,2.355706756161813076e-01
-7.115689442902921324e-02,7.164553614877893217e-01
-6.051365843139002720e-01,1.123379726675363538e-01
-9.311026917815311554e-01,-6.331935250803621962e-02
1.950773985001515720e-01,2.079609109079548837e-02
-3.594767011545285107e-01,-7.324106385705948796e-02
-8.523560273198982351e-01,-1.878124647454293764e-02
6.482729123931463278e-01,-1.490141550570325824e-01
-8.491475131862774584e-01,-1.249145867621835743e-01
-2.449730051886660209e-01,2.654790844484819501e-01
2.866764729429375214e-01,6.448060023114053629e-02
4.809594040119896663e-01,5.294577395561010646e-02
-2.929330545693902832e-01,-2.721073074428769778e-01
2.141019959765571024e-01,1.885689588197998409e-02
-1.375806331822859496e+00,6.501859669791619500e-02
3.304251898262718784e-02,-8.030295078627187888e-02
-1.246493160433123970e+00,2.483217667635997661e-01
-1.152283839512959901e-01,-5.483073905916707041e-02
-9.642354779413895294e-01,1.347204988278496995e-01
2.111453996684483081e-01,-1.271557236889384879e-01
-1.206545414295573826e+00,-1.066670745624149208e-01
-1.077738167349222564e+00,-4.773669283460712370e-02
-1.342543136566512363e+00,3.426321098244515251e-01
-1.010852830228271104e+00,-1.324795382010788003e-01
-1.180147287447148141e+00,1.709207589804774552e-02
-3.799426353045595728e-01,-8.109327256091559966e-02
2.414468774989465827e-01,-3.728796791964346102e-01
-1.182828876462855838e+00,-5.244755281430055760e-01
7.276459525572853693e-02,2.394649603433875173e-01
2.083518448303189538e-02,-2.458732962496946450e-01
5.010510372290645220e-01,1.663915892865941437e-01
-1.205263445104482134e+00,-1.638053705384099612e-01
-2.117611422906446605e-01,-3.461454720041398092e-01
-1.227760835768932246e+00,7.979116107299689953e-02
-1.094162685395931645e+00,-1.574158512070672087e-03
-8.451799949515275134e-01,-2.720584791436629901e-01
5.277807846283829596e-01,-2.584497701601869424e-01
-7.678602452920246790e-02,5.403806160524227305e-03
-1.770192598554772567e-01,2.419494858561259953e-01
-2.082031465556961336e-01,-3.920450765858375930e-01
3.860518404977939660e-02,-4.699990986860005937e-02
6.634551402797198016e-02,1.454120006598499937e-01
1.439468780034588724e-01,-3.463942062536184419e-01
-8.906749904260089501e-01,-1.421091395149121084e-01
-8.966132728245725936e-01,-2.531241322271307603e-01
1.076897033538353893e-01,-2.679490940864280857e-01
3.803410689249693277e-01,3.009275992381859610e-01
-9.094637691387461587e-01,-2.724622088911577977e-01
-4.199500767537703294e-01,2.842427965003477830e-01
-3.937804893898714798e-01,-8.482499062609215670e-03
-1.393705515635680570e+00,7.956865854637269753e-02
2.297254359989858441e-01,-1.553504147987865291e-01
-1.409435525230958275e+00,-2.960700792639926401e-02
1.201041493844886426e-01,1.622458674808467116e-01
7.024469362167246045e-02,-2.173237243605238012e-01
3.825887493563313035e-01,1.668524537459120383e-01
-1.424275034213118851e-01,1.540187313632327970e-01
-9.900950452660202405e-02,-2.219670825547465087e-01
5.576955207308043061e-02,8.348458608623879340e-02
-9.993901174268857712e-01,1.884187539684561985e-02
-2.610506085047663016e-01,-1.532046930080896985e-01
2.479454654089607579e-01,-6.717475545532311521e-02
-7.302907848106784394e-01,3.283809582803774996e-01
2.611711822267528404e-01,-1.073241497909967479e-01
-1.373747069983832336e+00,2.827940945495844849e-01
-1.093381452069227322e+00,6.903714844158226338e-02
-1.000027354783351807e+00,-1.881720740648171186e-01
-1.735532647230881020e-01,3.261551500004649662e-01
-1.651840173411534274e-01,-4.260752405069184179e-01
-2.783198682114592648e-01,-3.714206343592553750e-01
-3.255950337791502780e-01,1.620563023389835211e-01
-1.573964196775567093e+00,-6.137546320440745440e-02
-1.657743313036433297e-01,2.848458640598189318e-01
-8.240323513399110400e-01,-2.114774612008505847e-02
-6.873076426056462518e-02,6.609013292824472696e-02
-9.135606770573773128e-01,1.351512760717880068e-01
-1.242393037949477419e+00,-2.918748920680297454e-02
-8.546832968840158973e-01,-3.051353176667760403e-01
-9.452884543968069764e-01,-6.541683948251438702e-03
-3.749541057514903519e-01,3.849354853129544757e-02
-2.538286574308669108e-01,3.865490239016818319e-01
9.916050256648545336e-02,2.599876691853379440e-01
-2.554878025267783848e-01,1.792679495369633724e-01
1.061600876117948095e-01,1.177860184766691409e-01
-9.909312770899849632e-01,4.277712451837852037e-02
-1.451362490448930009e-01,-1.475804786882859709e-01
2.989870844110882886e-01,-1.525615241542675748e-01
-1.306028510889484018e+00,2.641635918872011282e-02
-8.057972499899472563e-02,2.607816485331639345e-01
-4.269561086682576168e-01,-5.435718084684290630e-02
-8.193981335710800451e-01,1.368922765444109402e-01
-6.759728598736476635e-02,-1.265896783514534607e-01
-8.620875814026207618e-02,1.327156655000454044e-02
-1.028200481935529043e+00,-2.277422676355468634e-01
-1.316919347150046438e+00,-2.461351063961235985e-01
2.407844166081291315e-01,2.614119396588982513e-01
-9.723570098657356719e-02,4.129332578409727894e-01
-8.722277135714511243e-01,6.757067199791352841e-02
-1.143370973158265302e+00,2.698104978753927408e-01
-1.055361641415700991e+00,-6.109053327523082666e-02
1.184385116834255069e-01,-1.944961676369029099e-02
2.511938222187438119e-01,-4.110302923573554978e-01
2.375961087452545528e-01,1.930856631854969696e-01
-5.913113023804855012e-02,2.998547652507573338e-02
-1.127004391019436502e+00,-4.070101787010403649e-02
1.166342146250549938e-01,1.426376219546195701e-01
-1.113102164895706458e+00,2.997614816612168553e-01
6.000678801235643373e-02,1.009549780793897733e-01
-1.148521527335806702e+00,-2.307788787927487484e-01
-9.212930861414302397e-01,-2.953680975312200085e-01
1.672922191108494605e-01,-3.122381538206897011e-01
-9.769767351547000711e-01,9.432257337736267566e-02
-8.729240049730619955e-01,-1.970189341145007489e-01
3.153126688310251557e-01,-2.113140094896800991e-02
-9.145736032330880061e-01,1.454346836399327825e-01
-2.748378224504275519e-02,-6.635455661179945341e-02
-5.858597991364423718e-01,-8.327969478046320928e-02
-4.834443254742822049e-02,1.369877762776283703e-01
2.686368771926506693e-01,4.627356150341180863e-01
-1.050223800980506494e+00,1.570819090587864675e-02
-1.642751223450021891e-01,2.431236645995329682e-01
3.875780848030674353e-01,9.619025520293442155e-02
-9.932610131611988588e-05,-3.272005170604061486e-01
-7.802854082729674401e-01,4.637778376506244277e-02
-1.879209491164759716e-01,-1.889180079799432366e-01
-9.509510107341162533e-01,2.223938510349533770e-01
-3.933696216431539772e-01,1.824606459680942483e-01
-7.293195552474941445e-01,2.479935835064617233e-01
-1.174381475105692241e+00,-3.820537257740890258e-01
5.280546605884610667e-01,-1.111887176433789537e-01
-6.875322685453696403e-01,6.281825243540564707e-02
-6.914772645588419531e-01,-1.164387550553529493e-01
-1.151354049921374578e+00,3.160036734560437398e-03
-8.522240222503857376e-01,-8.107308264155367594e-02
-4.938997002660785451e-01,-1.298323614451343255e-01
-8.813230404122291972e-01,-3.255926138296229289e-02
4.838786187506301933e-02,-3.672198762933263638e-01
-7.849987026262964518e-01,1.717271312010281992e-01
-1.119479281768842149e+00,3.163013745712106028e-01
-1.044707016434817337e+00,-1.178509185169488577e-01
-4.532305619775867100e-02,1.039878578764721895e-01
-2.759600321481587848e-01,-1.549872874654108917e-02
-1.034596593094363914e+00,1.820919760776770202e-01
-2.104021596544375927e-01,-1.115819402971966329e-01
-3.583350410383413509e-01,-4.121703001775575692e-01
8.881020293767942497e-02,1.801702233580540491e-01
2.056505419025933534e-01,9.785710476958450754e-02
3.459304009551710246e-01,1.187050042773305919e-01
-1.194576881082808351e+00,2.120785906690244582e-01
-1.131000142313653978e+00,-9.696229297531247515e-02
-7.459090350732471286e-01,-4.301833799502829958e-01
1.855230356295879679e-01,-1.148971323664791516e-01
-5.424372248565736410e-01,-1.096524652367787539e-01
-1.317460251680118377e+00,2.049117772553224748e-01
-8.229677067142335822e-01,-9.126732567569695309e-02
-1.060227514782541958e+00,6.114046889744907676e-02
-3.973094068065530227e-01,1.620055043983982535e-01
-1.075969588400643939e+00,-7.461960250328282529e-02
-7.150591424453353606e-02,-7.116246144164505016e-02
-9.434134398769760121e-01,-2.674499585569273946e-02
-1.493314971547527126e+00,-3.574051067042163243e-01
2.460874689870324317e-01,-3.677082879055076220e-02
-8.950186339741159625e-01,-7.256609375720098065e-02
-1.011761021793190496e+00,-1.004645750639651669e-01
-1.391627828583509863e-01,-2.225137256124145868e-01
1.825500737824061470e-01,-4.048276065854773953e-01
1.009369123236230625e-01,-3.559629195212889452e-01
-1.059522935587048131e+00,3.297939853839115254e-01
-1.248185288496147516e+00,3.105219247694986917e-01
-1.104649252843528329e+00,-5.653016076229704090e-02
-4.779963527979529947e-01,-2.151756783878775448e-01
1.223169317684916491e-01,1.419432707180863333e-03
2.974778037011910903e-01,1.467154088009732515e-01
-7.145461551714473725e-01,-2.291028897034467215e-01
1.839850039426344785e-01,-1.285111782042069328e-01
-9.807650177215456733e-01,-1.354225732096667467e-01
-1.032150830485065063e+00,2.332317181641064274e-01
-1.165300955528721927e+00,2.513740241077477289e-01
-1.373207602859138676e+00,-1.714887238146418566e-02
-1.612983852068226864e-01,6.336864974340331580e-01
3.452478919651672529e-01,-5.386847614154116615e-01
-8.034063149305206153e-01,3.295564230853807383e-03
-1.151968318117010809e-01,-1.073305403613275394e-01
-4.976547583173214495e-02,2.928160125446626072e-01
-2.488555965568623601e-02,2.418738408522375927e-01
-1.234630653535406575e+00,1.117988522257407635e-01
-8.382555424033076852e-01,1.353695456902710148e-01
1.309418726630418306e-01,1.058964001718213643e-01
-4.305038062771276985e-01,-4.180275637606575279e-01
-8.651520838141282255e-01,-8.030859714440889696e-02
-1.039606153478507045e+00,1.938513112012454354e-01
-1.633686388330417849e-01,-2.547093704575418838e-01
4.932825600442055647e-01,2.410181222001553658e-01
-6.794207442750767045e-01,-3.159417966582873660e-01
-1.162799808119856948e+00,1.596497765764819665e-01
-1.677816418169639501e-01,1.998552494237582633e-01
7.578083283141590076e-02,-2.126692880729801616e-01
-9.531272198852661637e-01,3.354628124221388785e-01
9.306399768529782790e-02,3.155072932567107996e-02
5.762335145083054971e-02,1.372831819464672698e-01
-1.142616099719429457e+00,-1.819859692162893172e-01
-1.020465361780667823e+00,2.100396141347495582e-01
-4.467732756326387999e-01,3.142786321344367417e-01
-1.283309915931125866e+00,2.731649820164115949e-01
-2.427154136918023911e-02,-4.118166557453832588e-02
-1.100848145006518425e-01,5.478829148880060701e-02
-1.337057068019862793e+00,-4.266334340814488812e-01
-9.359000190774485750e-01,3.913265963316886475e-01
1.028837288980179870e-01,-8.725603389138680832e-02
1.259052279663256946e-01,-3.296150883118595942e-01
1.460296381425260914e-01,3.178603192982550757e-02
-5.555345329683634148e-01,2.881938622689218521e-01
-9.015655915749027915e-01,9.664778799336977422e-02
-1.784007467690703341e-01,-1.674807034214723656e-01
1.319634083544516112e-01,-7.424522899344194841e-03
-3.057014833170197954e-01,-2.126588803828521335e-01
-8.065477763287451918e-01,5.490409341895374773e-01
2.682438432017122606e-02,-1.379695070814553337e-01
-1.343487665325845438e-02,7.527553132071496123e-01
-2.575381923175590337e-01,3.027818149582828799e-01
3.506543560674885707e-01,1.593117886763979474e-01
-6.941608840072552300e-02,3.254535792485179768e-01
-1.538191740820776143e+00,2.256289354168189432e-01
1.635982079742726303e-01,-1.087635639594387721e-01
1.022412976868962986e-01,4.827439815480998875e-01
2.178920334116604407e-01,2.065250335765782264e-01
-1.151600032384729744e+00,-4.370853775420480494e-03
9.759185645931273134e-02,-2.023080964920475899e-01
-9.532929094640706091e-02,-4.335493540644380639e-02
-1.320098918655484788e+00,1.754154261639601919e-01
-9.031344308670035126e-01,4.118057754671792248e-01
-1.020333927622599779e+00,-4.577823416376893273e-01
-8.783141059508322579e-01,2.533315545172785122e-01
-9.715981108923327225e-01,-1.280808671543851585e-01
-8.126351741812055940e-02,7.313880584362673909e-02
-4.118966610029674569e-01,-1.043994708222210042e-02
-1.599383364592418333e-03,1.420671576298379590e-01
-6.865852125261422134e-02,1.164372370214434571e-01
-9.073796477248725623e-01,-1.186953832257319902e-01
-6.538209493546774664e-02,-2.193880239663656140e-01
-3.685810664848278573e-01,-2.539459601473593175e-01
-6.735773769484670881e-02,2.772917747298305757e-01
6.566570458406624511e-02,-8.993438738170314584e-02
-1.569979197031073692e+00,1.922661523126846794e-01
-1.371705739431407389e+00,9.352430298181337032e-02
-3.072524043576425109e-03,-1.959450522290784036e-01
-8.320511193460015109e-01,1.140823813460405817e-01
4.904040372515543478e-01,2.471663565753108027e-01
-8.569622583897387180e-01,1.554038379265409997e-01
-2.633110146078262437e-01,-1.971135899966540150e-01
-1.159567288901477866e+00,-3.190474578120245930e-01
-1.225303498461911694e-01,7.130914002064023260e-02
5.304190294428244856e-01,1.410875680894972950e-01
-9.529420763968355912e-01,-2.212027697493393341e-02
5.956659015909634286e-02,-4.278366076056560469e-02
2.719573132035936203e-01,-5.708404395846695678e-01
-8.810296251379783339e-01,2.996474271333811057e-01
-1.385821727545672732e-01,2.531834041597878504e-01
-1.265094382847542276e+00,-3.930875699184243621e-01
-9.766849685231281386e-01,-3.016978961757247890e-01
-9.979294820153260526e-01,-1.682105260321621054e-01
-7.762400708460580612e-01,2.860082190513432154e-01
-1.058325089411757736e+00,-6.661798352652242503e-03
-8.539685377917740627e-01,5.002264033304585356e-01
7.021107636492755766e-02,1.310635026662023139e-01
3.258529466142925934e-01,1.694610067399477948e-01
6.486004422745955678e-02,-1.080673843917408922e-01
2.493185777122332997e-02,-1.469488630446757760e-01
-5.327692461153758080e-02,1.652226018718624123e-01
-1.105252900683687978e+00,1.302074321879453239e-02
-8.507579456164831022e-01,9.593064130425124625e-02
-1.002817275470082592e+00,-1.864135587449866627e-01
-1.473254221576996148e+00,-7.868604928605925364e-02
-5.382472747952509184e-01,-4.072519297175158232e-02
3.798762264519134346e-02,1.212245340435148394e-01
3.050720474772956603e-01,7.037140481972629924e-02
6.738676378196427341e-02,9.929885404211660771e-02
1.601883272033342298e-01,4.554594237949075586e-01
-6.791426806285127959e-01,-3.928182598369964890e-02
-8.029991599441412831e-01,1.510219148077424078e-01
4.253706204077424557e-02,5.027434286556220489e-02
-1.032626609353037850e+00,-2.863381257905412425e-01
-8.732040855963298931e-01,-8.264321340227846757e-02
-1.036545554416876458e+00,3.003594258554005414e-01
-7.224009707410101733e-01,-4.294222645019170337e-02
-9.900891088517475014e-01,9.055042509074059942e-02
-8.102107534868192851e-02,1.593180232339102831e-01
2.584269732500421024e-01,-3.384548928473575247e-01
-1.135396306343994022e+00,3.612683533175136130e-01
-1.224378209077419677e-01,-4.341563781195066918e-01
-1.199698559356245697e+00,-2.248456010764499913e-01
-7.687147842740875703e-01,3.364468031327230713e-01
3.570412674271514208e-01,-3.339938520077712775e-02
2.383984352052595235e-01,-1.458313681950646201e-01
-9.154855387649227794e-01,3.954465649671741190e-01
-1.141643675819769443e+00,-2.001098567288633612e-01
-3.824580195448872011e-02,-5.575004367467837479e-02
-1.177601227679067941e+00,2.083062067264129097e-02
-1.102468792436723799e-01,-1.039557599333048588e-01
-1.572234264818060390e-01,1.665933553643915432e-01
-1.277298023775966795e+00,-4.094295755054387365e-01
-2.271176745519914719e-01,4.295573293468375464e-01
-1.061339042601728622e+00,-7.971121960998191203e-02
-1.134410931602703565e+00,-4.045991921403855641e-03
-1.050495972741942063e+00,1.289950206826190604e-01
-1.377845979421722600e+00,-1.371221617685103034e-01
-1.109843210372906119e+00,1.994829727922597939e-02
8.773417864706723260e-03,2.032469597882471252e-02
-3.968516624235611245e-01,-1.807035477077982011e-01
-1.064799449449093993e+00,-8.321508431848984033e-02
1.583610060072243308e-01,6.277272680452493370e-02
-9.719711548161458214e-01,-7.204432151816801688e-02
1.871400923625259616e-01,2.213230057767027331e-02
-1.160501929177134128e+00,-1.417647083567076249e-01
-9.735004270464954201e-01,-2.410359093229040017e-01
-1.018719546305923984e+00,4.282941193986236628e-01
-5.398336408763632289e-05,4.184413589021718227e-01
-1.140747079570855638e+00,4.681688168470593547e-01
4.749868190650420874e-01,3.421560454782368033e-01
-6.484492666744974265e-01,-2.854158856384598764e-01
-9.759691100923378881e-01,-2.918164587873909796e-02
-1.208410822675195062e+00,1.608215858002139120e-02
-1.402207589793921461e+00,-9.024188074133331072e-02
-6.723804451986771236e-01,-1.913906157541667985e-01
-2.503904507409726032e-01,-1.605875883426929052e-01
1.495110811797878414e-01,1.657024496002054703e-01
-8.308966562863725480e-01,2.455060715183811082e-01
1.286536958594860780e-01,3.565921679534589939e-01
4.073716048540968471e-01,-8.767098012188169476e-02
2.995468638486610824e-01,-1.028967915839223285e-01
-1.444579343665032711e+00,1.550885691226036034e-01
-8.366027197297245532e-01,-9.923167234671387282e-02
-2.710680316929778844e-01,-1.659416631958857136e-01
-2.096309401393363636e-01,-2.253530395493525407e-01
-1.108010094139515456e+00,-2.206429282756675048e-01
9.120874419841995540e-02,-4.621093975170099677e-01
-1.098159852508733964e-01,-3.033710482601370551e-01
-5.566563642742525797e-01,-1.441200289837648585e-01
-2.046321565972999967e-02,-6.462955416596620761e-01
-1.118984618349027904e-01,1.245847831707134479e-01
-1.098346647539609089e+00,8.370261844299645149e-02
-7.222939672295507485e-01,-6.268118724208937217e-03
-1.393148965741554557e+00,8.931444340186907305e-02
2.486213574295654399e-02,1.963161306904864789e-01
-9.809881156615664066e-01,-3.048653549318745132e-02
-8.198987688243799532e-01,1.578329516931994414e-01
-1.184937541387133475e+00,-3.964673119484974362e-01
-1.036571667329269752e+00,1.700780801156318023e-01
-4.815317487240976524e-01,-1.390629049061717359e-01
-9.411446798102012234e-01,-1.800484332922076269e-01
-2.707071499083640864e-01,-6.887193402528632435e-02
-4.174397488317432153e-02,2.610809712526643844e-01
-6.431678421638333809e-01,2.262546001886377722e-01
2.908237206536715830e-02,-1.680670991335099229e-01
2.690999576129777249e-01,-1.462557689432155972e-01
-6.372618803759924067e-01,-1.900018745953684640e-01
-8.986417059375811922e-01,9.012731285471443921e-02
-8.240485672447941390e-01,2.654096287348127817e-02
-1.240194578351365706e+00,1.097421933168265945e-01
-8.662865093152347651e-01,6.359335363574723787e-02
-1.340058728655190823e+00,6.798282597088774193e-02
-9.854626994979648336e-01,9.468894374358835520e-02
-7.805369148006210955e-03,-8.835117638039124977e-02
-1.066623285356144590e+00,-1.746578768801763382e-01
-6.609461784267960383e-01,-5.390686887430989893e-01
-1.261522598863171085e+00,2.827150186292868295e-01
-9.693182641202421346e-01,-4.098422558799026949e-01
-1.041703290557975059e+00,-2.595748447492646216e-01
-1.511150067798546104e+00,-3.104514151498134755e-02
-1.044381890417172443e+00,-9.339888242330010582e-02
-1.085166446026564868e+00,-1.266758241094537718e-01
-1.272938807729307342e+00,1.855160819379476356e-01
-8.351506622307951488e-01,1.488011388343755681e-01
-1.103906473671170119e+00,3.670031502581848071e-01
-7.425147832540990311e-02,2.436470672321366937e-01
-1.417191315791957340e+00,8.057691032361565808e-01
7.866985161134794347e-02,-5.293860673528602012e-01
-9.534728896070657767e-01,2.286172787507859960e-01
2.575599895052558264e-01,4.948247950980292492e-02
-9.373902212283079516e-01,-2.705508795169184189e-01
1.999298118758034704e-01,-5.495478654290836262e-01
-1.480495659767053773e+00,3.857556259909129120e-02
-9.394196492009609933e-01,6.204783108993105339e-02
4.089368852657035425e-01,1.763511063858388961e-01
-3.525380259316471809e-01,-2.646642021778842779e-01
-2.070686202852077551e-01,4.427317936263570897e-02
-9.175364816427710180e-01,-1.853934232753973524e-02
-1.049375178909934370e+00,3.030498520784556948e-01
-1.037991197969659156e-02,3.095105349105416459e-01
-1.103427674192629881e+00,3.139467114493685318e-01
-7.402848197991832024e-02,-1.543480528877361202e-01
-1.310298564605052452e+00,1.855672214061857284e-01
6.544265211974260865e-02,2.083421133035130157e-01
7.146419464732979739e-03,-1.979560210902871487e-01
2.360179399057484861e-01,9.661858483707490286e-02
-2.642417051806556505e-01,-3.223762764398861447e-01
-1.214450197282078037e+00,-6.268845328959575525e-02
-1.034906574037407934e+00,1.680379390108574511e-01
-5.350182682358403663e-02,2.638161108421847589e-01
2.799210334961695357e-01,-1.549768493227525468e-01
3.303320114714628497e-01,5.106114322446674292e-01
-6.188663377379698127e-02,2.108805918047926553e-01
-5.760322853555537304e-01,-2.170884380630873356e-01
-1.097354455977473803e-01,-7.138406524357084060e-02
-8.274129638304044132e-01,4.225123151767264384e-01
-6.626487416217597959e-01,-4.859653813928620919e-02
-3.289442559252379189e-02,-2.742436243008604668e-01
-1.210151103366461145e+00,-1.449343726361232709e-01
6.301497628462086054e-01,-1.371707559053274850e-01
-9.005403153051803056e-01,-3.345549663049590117e-01
-1.090183641525067415e+00,7.216659086184089300e-02
2.626948241346672153e-01,-2.515945213713950968e-01
1.048702151244582659e-01,6.977836800911091375e-02
-9.747141569323553023e-01,1.520445468980204939e-01
-1.166138522015060630e+00,-2.489394452398168700e-01
-1.556198091485706536e-01,2.134294668873695511e-01
-9.921622011863585611e-01,2.219315809678769624e-01
-7.030742707986227247e-01,-3.323967286841006952e-01
4.749961621578535631e-02,-3.368977956486498941e-03
-1.001764253859598608e-01,-4.939770782456895382e-02
-1.364423744410846739e-01,-9.997500177531624260e-03
-1.275891175320196913e+00,-1.664589286204855648e-02
-1.227331854673601591e-01,-2.009616716266527103e-01
3.641782387462018655e-01,-4.019756189512901368e-01
-9.481638131207887898e-01,8.398035203389359049e-03
-3.302223424254085993e-01,-3.648165643506198763e-01
-9.727549744473719395e-02,-8.512600078947853144e-02
1.468146906210252844e-01,-2.482298619037064669e-01
-2.424710627626916748e-01,1.556336226568733327e-01
-4.001987072819346986e-02,3.326498260999551926e-01
1.276411133190618052e-01,-2.267862686005089889e-01
-9.928862796400932389e-01,-4.803338050721181474e-02
-2.106972885556788744e-01,2.423045065553702804e-01
-1.052018996231608883e+00,2.913772409033190125e-01
-1.388358289879527419e-01,2.581830750829669074e-03
-1.720471621911804153e-02,2.827271549752930976e-02
-1.210892519956483060e+00,5.666117081415663476e-02
-1.156961106865640743e-01,1.466195816293331122e-01
-1.207441642116356295e+00,5.972826206734326362e-03
4.939720826077166338e-01,2.866101730485459687e-01
-8.262515330594699670e-01,4.434321547859644552e-02
-1.245874108591591201e+00,-5.774468486660719879e-01
2.700118219195712932e-01,4.618929135068050029e-01
-8.714209489882192294e-02,-1.361477238823032843e-01
-1.223908608625936534e+00,1.057715760871568572e-01
-6.368907427349133898e-02,3.469668017190754017e-01
-1.699349695227813095e-01,4.380724494851038764e-01
6.710643196650295517e-02,4.851811365015442634e-01
-2.683300118880024496e-02,-1.392735338963550784e-02
-8.868475444889974968e-01,8.413962145397212156e-02
-8.088212079845650271e-01,1.675166105689648577e-01
-1.041553581024953434e+00,-1.682236651931025007e-01
-6.585114349449929794e-01,5.053438489047985538e-01
7.701854101161573424e-04,-1.409754652188928981e-01
2.680543982993842111e-01,-4.015862624236916228e-02
2.702987261878334602e-01,-2.491920859559637880e-01
-7.095522259669965375e-04,-2.311657426093840784e-01
-3.652959760531376832e-02,-2.989293650608034758e-01
-1.976303967844221521e-01,1.203962420532105615e-01
-1.217952026794467901e+00,4.034994767436806407e-01
2.858949409737577829e-01,3.675349205658165475e-02
-5.837375019097550410e-01,-1.909261983901920645e-01
-1.187778371823525969e+00,-4.671430486833107881e-02
-1.136029285452839543e+00,-1.754219624339226069e-01
-2.006399511362065916e-02,-1.215702558353810997e-01
2.151359548254992149e-01,4.961342254146487024e-02
-9.230390593215486161e-01,-4.680535842581153849e-01
7.973426166827700390e-02,-4.072191406677870551e-02
-1.044295539899664921e-01,9.167167747066744254e-02
-3.772627843697231032e-01,1.123979151288038575e-01
1.408066647886025424e-01,5.398319057143408789e-02
-1.140340841527181182e+00,-2.049639064263104049e-01
-1.002380314852165943e+00,-2.474361372972520290e-01
-1.197299994512632804e+00,1.604064003397768223e-01
-6.506625192660056567e-02,1.440522648319439436e-01
-1.910054607591334663e-01,1.085957097396616639e-01
1.464233319701370162e-01,4.199611689767742684e-01
-1.290739463496261452e+00,1.581692798528514798e-01
-6.499264954349641688e-01,2.080478932913171208e-01
-1.099996932661330584e+00,-2.355046956346393550e-01
-8.255083109335726865e-01,5.718095267900177858e-02
3.542637603821823661e-02,-4.453707049332403939e-02
-1.069911161332990635e-01,1.388992138461279668e-01
6.560535614937268445e-02,1.131887346609346812e-01
1.096026394670677750e-01,-2.520064287949146109e-02
-1.167201318461681847e+00,-1.085396478197884623e-01
-1.238675935360316505e+00,-1.282423598046658342e-01
-1.033713429419389929e+00,2.341563817597337172e-01
-9.263218687860580447e-01,1.817974271949143045e-02
-1.125627053381171416e+00,-1.284873738633847129e-01
1.094051784975511449e-01,-1.541197361111876218e-01
1.982032064897921650e-02,1.270529819852017073e-01
-1.115098416759985778e+00,-2.380723311052731217e-01
-1.019255112997318413e+00,7.932231158029906526e-02
-1.175748489402537844e+00,-2.717454408618057982e-01
-9.038350497855320853e-01,-3.409249443486629394e-01
-1.436795707345397410e+00,1.107029708057787193e-01
-8.673871354909776787e-01,-4.472334031013342481e-01
-1.198575985528300691e+00,4.639946727589643327e-01
1.774376534458097995e-02,4.183393291020519322e-02
-8.562128308037151303e-01,4.151225613077150767e-01
-1.221448157142094315e+00,6.122609344205921095e-02
-7.045035056653350392e-01,2.849428120187289665e-02
-1.103484645762253663e-01,-9.997613155446144484e-02
-6.830997463747372489e-01,-2.694991105847681645e-01
-4.254264167367782790e-01,1.504965988041065961e-01
-9.551680807055098477e-01,-5.564670335226655773e-01
-8.695852798376509929e-01,-9.082412647559190422e-02
-4.177275784785120516e-01,-6.257104136149329969e-03
-9.255117501343149700e-01,4.006328653066653089e-01
-8.802808820075658236e-01,2.965905156477293136e-01
-9.447630762765549806e-01,-7.228005071065259080e-02
2.235073900547442372e-01,2.527211672856005328e-02
-1.175313769391158614e+00,9.839057970500429684e-02
-7.979399544558274382e-01,-2.405459298996090456e-01
-1.428248433022862307e-01,1.084931019636588695e-01
1.126498434130989851e-01,4.401694904191506552e-01
8.367775882534755905e-02,-8.182709635499026135e-02
2.378307332700499155e-01,-5.438494931129273652e-02
3.062332460746003057e-02,1.999883065172740337e-01
1.200198091634956249e-01,-3.941439458464466306e-01
-6.516111709637460725e-02,8.722133450795338527e-02
-6.250336565562630842e-02,-2.836819854798551185e-02
-1.114926165703514993e+00,-1.725304167617951467e-01
2.196852748284612578e-01,2.457405339342990658e-01
-8.601224790208235049e-01,2.293826341568561689e-01
-3.552222286359647818e-02,-1.914716292174060974e-01
-1.410998286657490386e+00,-6.365768542183100620e-02
-9.685931972632454423e-01,1.755390267286314199e-01
1.670192743967693211e-02,2.329507032622712415e-01
-8.404811188606784444e-01,1.658709763358129918e-01
-1.702475116588493820e-01,-1.799936579044977281e-01
-3.464626942998089154e-02,8.499831162256893391e-02
-1.958072363463646548e-01,-3.360433283488356015e-01
2.135183679893437603e-01,-9.725972606732914694e-02
2.240592423176445136e-01,2.560221236519394927e-01
-2.436916342085873322e-01,-5.585749962786175360e-02
2.275251049509736945e-01,-1.900717510554432998e-01
-1.568060916709100305e-01,6.436903861086526457e-02
-4.542366256739334140e-01,6.550236258957147228e-01
-1.082276201411448646e+00,-4.147356392132038883e-01
-1.076266357152542152e+00,1.628002976658236567e-01
-2.473309395386757703e-01,-2.207432104641102733e-01
-1.081496371817973312e+00,2.354620921235819064e-01
1.321323198418182347e-02,9.988062917603587887e-02
1.431144634557516004e-01,1.322655847364535842e-01
-1.004617496534027543e+00,-2.582593701596065938e-01
6.290938428229154999e-02,3.637217036624566524e-01
-1.066609277727915694e+00,-3.841151399581560488e-01
-9.947303150692653889e-03,3.199349546541482847e-01
-1.592922448128370583e+00,-2.744378261668370400e-01
-9.415781548546832136e-01,5.590287976667980552e-02
-1.003506935708213810e+00,3.094050123148751053e-01
-1.330250920450351870e+00,-3.384700859317235078e-01
-8.305609693804357763e-01,1.890673378159503371e-01
8.290414383982411262e-02,2.799516160436793522e-01
1.048053461925338575e-01,1.219009243638707711e-02
2.238019339435489419e-01,4.160245751885905952e-01
-1.726641290518267091e-01,-7.023361491808940982e-02
-1.036991607652397063e+00,1.331737761410150267e-01
3.770667560673999358e-02,1.113714193868214353e-01
-9.281838083485000057e-01,6.707934242971290428e-02
-2.912706603890801715e-01,6.119928361480542721e-03
1.402362389836946804e-02,5.703602929397537380e-02
-1.100480924063915511e+00,-9.665166097949151602e-03
-9.767886476257199302e-01,2.182221000566273716e-01
-3.471619954154928772e-02,1.023242708149090935e-01
-1.107166319710799707e+00,-1.387679462286671161e-01
1.426559581189160708e-01,5.590854138286436431e-02
2.600739392418686124e-01,-3.381459100780961347e-01
5.126807432850315205e-02,3.253191550059982007e-02
-4.827962537636866780e-01,1.421968320502139949e-01
2.986047162126382326e-01,-2.236383662636856340e-01
2.558690147600029552e-01,-5.585423236969642158e-01
-3.278052111400786561e-01,-1.201801215154547353e-01
-1.184590129920222834e+00,2.797547123341704300e-01
-1.046549187528571956e+00,-3.837727499785718588e-01
1.654501138438954355e-01,4.254818210974894294e-02
2.643718075524740391e-02,2.074979532178005959e-01
-7.776441033031170624e-01,-4.353548038123487493e-03
2.213608704381080095e-01,2.390781730915586267e-01
-4.033785012779549373e-01,3.362170007121460524e-01
-7.686835754924550845e-02,2.747527907007212278e-01
2.613967969452469231e-01,8.771604111002767601e-02
-1.314764030871110601e+00,6.935320491552178328e-03
6.276974485501740642e-02,3.815968779960444701e-01
-1.068282963884122638e-01,9.255679936656683801e-03
-1.069945813020363179e+00,8.889072386805188519e-02
1.602429645372439038e-01,2.762429655221899094e-01
7.709880783105077517e-02,2.511383071437019998e-01
2.592515203653771028e-02,-2.169636417010047946e-01
-1.404745820242326193e+00,1.482443711220542415e-01
3.068273603573625774e-01,2.534191067730184876e-01
-8.099048780968218786e-01,-2.285721676684009385e-01
2.453141478662854702e-01,-1.690019063606909740e-03
-1.093622240698339798e+00,-3.280434824380867864e-01
1.393782692819185431e-01,-1.095441384078894576e-01
3.119440271966953532e-02,-9.094160473075713069e-02
-9.095812280967785490e-01,-1.940882140904114372e-01
-1.095932788269216696e+00,1.003112868676797054e-01
-1.456017619808965824e-01,-1.784826669227322360e-01
-4.696746695557591639e-02,-1.524749824301427185e-02
1.967910215252573203e-01,-1.618382247290296727e-01
-5.909143420639572097e-01,-1.324194450172484772e-01
-4.452382483839010252e-01,4.332313361721953915e-02
-1.179117290409440022e+00,-1.708638424511947293e-02
-1.119125462749218425e+00,-2.538134638833837164e-01
-2.433763674261641974e-01,3.867196075535954125e-01
-1.011878439762012583e-01,-2.406020765580330067e-01
-9.299435499412170847e-01,-8.449734384350822414e-02
-1.438005675935833727e+00,-3.126196174030305697e-01
-8.733765256103367403e-01,5.042355026356085818e-02
-8.287742838380673938e-01,-5.222620270301455703e-01
-1.083118261607477040e+00,3.797795104395140231e-01
-1.048391732574205593e+00,3.856634244514341447e-01
-2.205021966320664384e-01,-4.175918949549273229e-01
3.277690577620175350e-01,-4.624636678154499941e-02
-7.043696735065436976e-02,-1.807663651354145251e-01
2.230844399501017150e-01,-4.303381014336443711e-01
-1.212354122736981621e+00,2.573212421379464376e-01
-8.552776448356564920e-01,2.248014522286033989e-01
-8.993099392963322947e-01,5.269344082828041065e-02
1.516080687370681968e-01,1.380548913404566203e-01
4.051857180379027645e-01,1.988475721929534035e-01
-1.156056790615705321e+00,1.665201570658946806e-01
-8.422048087432608687e-01,2.716072959950894261e-01
3.140173907312761581e-01,1.903085196196094286e-01
-8.186074992472175405e-01,-3.694888004075408405e-01
2.977401365251141074e-01,1.285278660677082740e-01
9.806943764047347523e-02,1.344552081716083591e-01
-8.292059082664164915e-01,-1.193872828046243090e-01
-1.914466793570668013e-01,-2.240372002498356718e-01
-6.580632321140310603e-01,-2.130368759434107528e-01
-1.062922121669935605e+00,2.960856158191029208e-01
-7.191774344612246184e-01,2.724292778666176362e-02
-8.067016499217963821e-01,-2.631034914849698092e-01
2.143106913260610924e-01,-2.241291405973309114e-01
-1.805951571333846706e-01,-1.033533014912744741e-01
3.684659552372523961e-02,7.085595017909690485e-02
1.587053149766209093e-01,4.323183395016810260e-01
1.006583347234586839e-01,-1.077251021335491055e-01
1.178818250329155548e-01,4.337343423799700504e-01
-1.232821038982305772e+00,3.368261289447042894e-02
-6.675782084498472768e-01,1.871144251028228622e-01
-1.261570003912597215e+00,6.091518524063814499e-02
-6.337707538029533350e-01,3.947533077138862811e-01
6.489374112199645939e-02,5.236388348640550472e-01
1.187882550924008801e-03,-2.665369210681144962e-01
-1.683800066436677290e-01,-3.582915166670671558e-01
-9.967098213264204976e-01,-1.699597286218815922e-02
-8.745701705205466414e-01,2.930073657979430715e-02
-9.926937721693105399e-01,-1.394091697713843031e-02
-7.960879858123133257e-01,1.407760605252929564e-01
-1.055231758604875614e+00,-1.094543032076138456e-01
-3.443851538553263647e-02,-1.817084712425787521e-02
-8.404529149324604376e-01,5.287785704143498355e-01
-1.558752289163654881e-01,-1.658180882016677404e-01
-7.316546186919552219e-02,1.718382055464623137e-01
2.287986793794744289e-01,-5.345854251366695398e-02
-8.667807652190190337e-01,3.065054983827429913e-01
-1.245366933019753652e+00,6.489473629199481175e-02
3.072256832689564399e-01,1.684168566164863101e-01
-6.435977041137368460e-01,-2.499298485133240599e-01
-1.121197799890703450e+00,1.921426858079916256e-01
-1.128566619885462419e-01,2.874409852797177867e-01
-1.173407431362459175e+00,-2.644691719904133237e-02
-1.931403703531549554e-01,-4.833169833030141471e-01
-6.726629522567965092e-01,-8.421501993472174652e-02
-7.472150790893008487e-01,3.562810313959380304e-02
-7.680756255465743809e-01,-3.302874388821813167e-01
-1.286676734542831768e-01,1.890150238686069128e-01
-1.029951071601777901e+00,-3.688440979887704363e-01
-2.139171797178892609e-01,2.323874449807706022e-01
-8.280323653906511705e-01,1.677252319265216396e-01
4.686583648733846919e-02,-5.682150282087040649e-01
-4.065870984175121161e-01,-7.587931710830593535e-02
-1.270513583508440236e-01,-4.569750863573575628e-01
-7.895961490936557192e-01,-3.531960638255917662e-01
-6.808048555803526414e-01,3.921742936675309821e-02
-1.362861126898476272e+00,-8.478768496358253526e-02
4.934218791467546994e-02,1.157154226004747516e-01
-2.776172390331092532e-01,1.061912230155997172e-01
-1.169164166278406469e+00,1.949653553137558823e-02
4.141309120403472988e-01,-2.560921281871473276e-01
-1.339796017982928911e+00,3.309496707114257252e-01
-3.133793375796549152e-01,4.509330363177768142e-01
-3.143525212846261518e-01,4.371106162772413206e-02
1.169297400125344083e-01,-1.033986066762441203e-01
-8.310363828385607388e-01,-6.861127991930975056e-02
3.440206073961065703e-01,6.365722395564818448e-02
-4.992541823283214164e-02,-1.026050814714483533e-01
-1.575585358344732345e+00,2.015928847204671581e-01
-1.040495543463349160e+00,-2.018351074665653000e-01
-9.602590101264054656e-01,3.090736847392727780e-03
-1.160101876607678717e+00,7.091671459515051790e-02
-9.348426644561956544e-02,-1.549091456233602504e-01
2.493481159822869830e-01,3.506806189423265496e-01
-2.380939688733432064e-02,3.707148723092350967e-02
-9.076739030002208830e-01,1.352138194907598068e-01
1.747645577665174824e-02,1.227747561866337767e-01
-6.530362126453184146e-01,-5.436871277728579088e-02
-7.777751451184479192e-01,7.142503011913016453e-02
-9.688386055753082093e-01,-2.572006771820691262e-01
6.899853163815273041e-03,4.224682842838980296e-02
-7.434142065227091756e-01,2.464573376956628870e-01
-7.550815851931109712e-01,2.557261322897957240e-02
-6.327334943074697758e-03,-7.247136477852032799e-02
4.870167019151651344e-02,-1.527463164316469058e-01
-1.363533090610160592e+00,6.231783937241508475e-01
3.732334844463609524e-01,1.375304647536741143e-01
-3.974177983856369556e-01,-6.191660131456553362e-01
-1.322830877513564429e-01,-3.131605661212208958e-01
-1.159384683340240807e+00,-1.591841234673158634e-01
3.171206188293472783e-01,3.510077222200154723e-01
-1.602859546747076536e+00,-1.951417547043574063e-01
4.485421562633729597e-01,-2.083384202097023907e-01
1.088571459527998414e-01,1.953447901218190730e-01
-1.090439633110135281e-01,-1.333958348466782184e-01
-1.396676483681461578e+00,2.193057980232750170e-01
-1.928032006190478487e-01,3.565123860251530052e-01
-9.303695647725400697e-01,-4.333491723176212673e-01
1.350876738867719598e-02,-4.383618977689139606e-02
-1.879931605370932512e-01,-6.573158246986615660e-02
-1.275925213853346118e+00,3.423169684323644213e-01
-8.823568557209706675e-01,1.718233509747778276e-01
1.347520989006671388e-01,5.953922177265349447e-01
2.798582097434168525e-01,-3.409660558213324921e-01
-1.228915504107538581e+00,-3.734730062592472866e-01
2.769528569511410243e-01,3.034607706131704496e-01
-3.271788608264122877e-01,-2.545807169181970031e-01
-2.959010847461586158e-01,-1.123874716779520860e-01
-1.091572098081800890e+00,-1.171050649931491272e-01
-6.536922248825216553e-01,2.595295229429792072e-01
-2.770448401418431073e-01,2.698161470691003427e-01
1.010802956436163136e-01,-2.745770245465418147e-01
-1.793723673327621282e-01,2.809830233347759276e-01
-1.129212444250575320e+00,-4.945926176447293376e-01
-1.401189811509026439e+00,1.407926681499008063e-02
1.736905884306526038e-01,1.557981008799159128e-01
1.046505408856407693e-01,1.511941910554999990e-01
9.234536154164457722e-02,-1.822869352204372073e-01
-8.528875885119915345e-01,-2.523513448386763974e-02
-9.369679876923526773e-01,-3.572688767113167407e-01
-6.702388075474333129e-02,-1.517840489178407526e-01
-2.283721228056865837e-01,3.054157705773163922e-01
-1.531066963057757135e+00,-9.152052177355214646e-02
-9.839951916796930709e-01,-5.476275965736144419e-02
-8.608593993133046851e-01,-2.232512077586922689e-02
-1.340635423888307365e+00,7.037919187728704229e-03
-8.543289175672463820e-01,-2.207560603553998246e-01
-1.194790839086954826e+00,2.876407766510641895e-01
-9.310457224362149731e-01,-9.353447423742000666e-03
-1.461224544510073553e+00,2.231098060392913141e-01
-7.057340559571513572e-02,-8.557985856291669413e-02
2.969131652124896159e-01,8.325196379683640069e-02
-1.051267381803485224e+00,1.674696353887316150e-02
-8.318903920229410165e-01,1.113304927750393969e-01
-9.607555393567199786e-01,2.955067382492916339e-01
4.070465190077204864e-02,3.693052903794180053e-01
1.831499728373809366e-01,1.849812994909787456e-01
-7.359162981573414974e-01,3.098137497977361821e-01
-1.007678218947512194e+00,-3.036085733675140119e-01
1.765427165349029437e-01,2.645136925666087824e-01
-1.305349496668073872e+00,-2.983230863461021065e-01
-1.479726102828463619e+00,-7.972258624442575548e-02
-2.432457077649031185e-01,1.424022699358949429e-01
-1.073439239749083729e+00,-5.818445953322135683e-02
-1.042542062626258259e+00,-5.992956680288459570e-02
-8.221502681540391322e-01,6.010275143808146980e-02
3.463602443423761945e-02,-2.071677532001846012e-01
-1.208199622809653206e+00,-6.388021921418708671e-02
1.426845568699388334e-01,2.909003975990673285e-01
-6.714418293306942953e-01,1.826958665084023326e-01
7.937981675096470249e-03,2.890962925307179535e-02
-2.363423042930009876e-01,1.177470903809559322e-01
-6.747033618616717909e-01,-2.257110436055749236e-01
-1.374774281834140743e-01,2.705161606147179487e-01
-1.219885480731559418e-01,1.071564647238005263e-01
-1.449471645474158521e-01,-2.711054523100559499e-01
-4.489017764272666411e-01,1.933375045025339523e-01
-3.113275776408349071e-01,2.307995284813999792e-01
-8.235873021467778887e-01,-1.592615694898593393e-01
-8.916322105287771693e-01,-1.120101903238513233e-02
1.143693595757047238e-01,3.536545198136474277e-01
-4.045751946803859828e-02,-3.146537608643391187e-02
-1.485213495560599561e+00,1.583244548352902015e-01
9.597283817663038175e-02,-2.487053912808422432e-02
-1.154311350794852808e+00,-3.147793509708311094e-02
1.013989170927031280e-01,-1.186084742099923622e-01
-1.270444931712843839e-01,1.021440046769860575e-02
-5.987024984374279546e-01,3.246305529305857362e-01
-9.254992043918943700e-01,1.161899626807065544e-01
1.886478855190015791e-01,1.577214572384625646e-01
1.075160348192489707e-01,5.622540224878863624e-02
-9.646856131254780697e-01,4.321901381168959805e-02
1.353590877235597567e-01,-1.635283096079369058e-01
5.283500408606132265e-02,3.911481064477416170e-01
-2.990958500864689118e-02,5.257323193584782089e-02
1.851918091524268339e-01,-2.927166659046322450e-01
2.525116425791231189e-01,3.850200986229670441e-01
-5.433062419819861127e-02,9.067188436509572569e-02
-1.114380605602868002e+00,-4.455257244067094002e-01
4.030518711587982583e-01,2.301900349846158766e-01
-1.336779210603495915e+00,2.693525391171983085e-02
1.013308741272576780e-01,-4.037949588124597478e-01
-9.121363506518912478e-01,3.537204484297738760e-02
4.167518073647309002e-03,3.989060249222854404e-01
1.866067039082896506e-01,6.619982910829052755e-03
1.659618603527206193e-01,-2.174737149785851698e-01
-1.022674555126851237e+00,3.451943146524202310e-01
-1.018278799675108148e+00,-2.429000883056958715e-02
-8.817593962041151423e-01,-1.857126802401313781e-01
-5.098386779288471837e-01,4.620726989109765204e-01
-7.150458172205181873e-01,2.304957992516455390e-01
-2.364594662473591402e-01,1.395547269253609099e-02
2.528532064666314666e-02,6.681072232799134536e-02
6.512823467190904936e-02,2.131001330031734031e-01
-8.953737915613120268e-01,-1.036629850032857042e-01
-7.211206355551560421e-01,3.633780592134089327e-01
-1.169825701427858133e+00,-2.002936138447078962e-01
1.821753025798485415e-01,3.646726443178335830e-01
-9.023134396595073881e-01,-1.200935477838932508e-02
-1.084505942669799911e-01,-2.382592213731576647e-01
1.107092434109812340e-01,-2.501097798068930289e-01
-1.219361076223298701e+00,-5.593713069772189572e-02
-8.464435238599302691e-01,6.461030072690700232e-02
1.755156527042134595e-01,-9.111683199244043074e-02
-8.265047556541320617e-01,-1.324073545494335036e-02
-9.282553766919245802e-03,-5.224190501479322180e-01
-1.489532850214505544e-01,1.157600563141711475e-01
-1.262163876453330280e+00,-3.881320017095060693e-02
9.840806926552710815e-05,2.429577116372780288e-01
-5.501139525060843027e-01,1.283319339107743262e-01
1.922266525933976622e-01,-2.742665306158659222e-02
-1.189481980693553265e+00,7.695429802629445704e-02
-1.266552709603262716e+00,3.432301496838912058e-01
-5.857078897372103299e-01,1.214863275470363935e-01
-1.183176225270717419e+00,1.968573528185903476e-01
-1.971470367548906755e-01,-9.786444974469715036e-03
-8.501899019595460238e-01,-1.477147243861967607e-01
3.042398606321982668e-01,3.373697579518105116e-01
1.185181889493640561e-01,-2.796079228749706602e-01
1.027969481349423758e-01,2.484869398436649057e-01
-9.033687036065600751e-01,-1.197863147170194625e-01
1.052989259743877248e-01,-1.588350539275480422e-01
-2.782551311293727792e-01,6.589027260561797217e-01
-1.106186300621582630e+00,-2.317618834801242478e-01
-4.195243555022161730e-01,-9.652072873848914492e-02
3.950991562350679165e-01,1.491377957335168203e-01
-3.932235733170270919e-02,-1.665902845000366006e-01
2.605514186296908896e-02,-6.092557748937695722e-02
4.052474353019651365e-02,-1.078824143813243014e-01
-9.856375492686380094e-03,-1.271288878649318166e-01
-1.044422923673257314e-01,-4.202277132352619793e-01
4.142024680050044871e-01,-1.376559155109736698e-01
1.623811895698177299e-01,2.112721033529448289e-01
7.374399261987436838e-02,2.909484486004562109e-01
-5.714635330443937900e-01,-1.737610620201783806e-01
-1.119601270372586610e+00,1.567306696554692236e-01
-1.926517028064703152e-01,-4.386605501677452029e-02
-1.149531897730959429e+00,5.520609510665519526e-02
-1.084254382416068641e+00,1.952705569828124821e-01
3.632567796919259906e-01,-8.676925890922260187e-02
3.837313927310016526e-01,-1.763160081966018145e-01
-1.045293076155968115e-01,1.172427916754600757e-01
2.612924975792332849e-01,2.752945638203863621e-01
2.535092299834337121e-03,-1.207235874774393036e-01
-1.019905523531138059e+00,2.350525261772644023e-02
-1.262644235285924399e+00,-2.975877222272783063e-01
-6.968013658109575292e-01,-1.734307647095703619e-01
-7.828584377358338564e-01,-1.641784722909599703e-01
-1.471858321543239589e-01,3.025250314964846310e-01
-1.466373944103653404e+00,-1.105436109129848965e-01
-4.647179515192263466e-01,-4.512965408065409689e-01
1.336524930737195971e-01,3.584004880473016241e-01
1.062287651513250109e-01,-3.849298396651561482e-01
-6.855378657047744850e-02,-5.253816402070761171e-01
-1.122354741461679684e+00,-2.271177426915974851e-01
1.642802196206288035e-01,4.601099541174928365e-01
9.937743807353230374e-02,-5.827510481329283010e-02
-4.881061084979320119e-01,9.407100395450303243e-02
-6.433398111107364592e-01,8.754705997666337169e-02
-3.812347157719243040e-01,5.227341143693700065e-01
-1.012470334642533221e+00,1.674972707896711099e-01
-1.026599700653730407e+00,9.340418618429043723e-03
-6.256870049482199381e-01,-3.459103195559758426e-01
-3.796453873714188409e-01,1.728028104632745865e-01
-1.021200629549537275e+00,1.629546663534612583e-01
-8.414934131857469690e-02,-1.529810276078696074e-01
-8.462397729083769304e-01,-7.725971223127238441e-02
3.737647934020217888e-01,2.001617345118645030e-01
1.307044392108575315e-01,-2.258639814221838904e-01
-9.320477940853876264e-01,9.944673364158230708e-03
-1.346650505400146969e+00,-1.774303649843810005e-01
-1.554141961031887842e+00,1.735348557934704716e-01
3.866488785191926625e-01,-6.673367976020357084e-02
-3.731097922775670761e-01,-3.506185717774982780e-01
-4.893989670929192459e-01,-7.477385839388737965e-02
2.512511418544879360e-01,1.423698746887808730e-01
-7.648223089356961379e-01,-3.158692976505803052e-01
-9.535300962849296846e-01,-3.304838745494569768e-02
-3.594321708660647846e-02,9.704757582072551236e-02
-8.852917151699936094e-01,-2.602775066265547999e-01
-1.063852816105752774e+00,-5.687088757577177245e-02
2.808638632334708660e-02,5.382285539167673549e-02
-1.279392548868850454e+00,3.711940361784918929e-01
-7.714002465192858482e-01,-1.359840455894617550e-01
-1.194814810542536021e+00,-1.686704434855148260e-01
-1.027735226818680125e+00,4.127483936649968266e-01
-9.774000273425963448e-01,-1.032003315268382147e-02
-1.076868761687774123e+00,-1.517602495550261776e-01
-9.820120206074572922e-01,9.690565414234117436e-02
-5.956571623420301442e-01,4.354312370570197488e-01
-5.412777433556047874e-02,-1.406603359402988362e-01
1.480986960721205059e-01,3.507712101505833235e-02
2.212346907895066384e-01,2.609720145268537017e-01
-1.155106661280399072e+00,-3.035563958932951945e-01
-7.145710445670523658e-02,1.949562317071233397e-01
-1.239765684562745385e+00,-4.362631230758612921e-01
-1.429527056225700754e+00,-4.281197755947880462e-02
-7.379655893601220207e-01,6.358809005879453857e-02
3.491391988556366913e-03,-2.456290559491345060e-01
2.325688015425842192e-01,1.471031902534919444e-01
-2.893104678917069461e-01,-9.021792565532105179e-02
-1.369050977442064776e-01,1.643414201273376285e-01
-1.309036809341566077e+00,4.065999345522668951e-01
-5.768433325937834949e-02,-7.718624784385098858e-02
-9.133011669934379961e-01,-1.430332688732264268e-01
-1.042645614712514740e-01,-1.220810523841223821e-01
8.928766326511229645e-02,3.688855129350927797e-02
-1.267691794363988711e+00,4.066616583740029905e-02
-1.029302572885698819e+00,3.668724336042142320e-02
-7.138180204641587645e-01,-4.563257982291355486e-01
-9.405952682372944462e-01,1.794997007117124857e-02
-1.134491787515968131e+00,1.340484724044286868e-01
-4.662683080607696318e-02,2.874496735515689738e-01
-7.335430876557298419e-01,-2.500176302624855795e-01
-7.847820324867097463e-01,-2.296466559892017256e-01
-1.302047476058506792e+00,-2.144725819353086871e-02
-9.133592737386576621e-01,-1.372474987052464679e-01
-1.038534095029983506e+00,-1.600782832625191054e-01
-1.022572519384316925e+00,-2.327123501702040020e-01
-1.182520079040629835e+00,5.885609256842753989e-02
3.886802787601723597e-01,1.816504836638083153e-02
-1.144482906114278720e+00,3.594351866324242972e-01
1.911058358988450556e-01,-2.999414271085015793e-01
-1.369351736520060259e-01,-2.949493011109651786e-01
2.494011784713297819e-01,2.610697425783876646e-01
-1.195748724774087002e+00,-1.968595470169421657e-01
8.512179000601123591e-02,1.675579821470853797e-02
-1.039134432561533483e+00,-2.738197056022844290e-03
1.348918175077495063e-01,-2.643301429399548264e-01
-6.955287544279249445e-01,-1.323591764331812914e-01
-1.291230615902791756e+00,4.625486893383883302e-01
-6.486288831745183892e-01,-1.657373331427516028e-01
9.328846244790162112e-02,8.944151109816442236e-02
-1.230835910067275440e+00,7.348402583177661429e-02
-1.492415050906775176e-01,-1.822551425321838059e-01
-1.736078709218066007e-01,1.450600669399749743e-01
-8.216047765264199443e-01,2.042531657289451685e-01
-8.873398251714628149e-01,1.974597155752393640e-01
-1.036736650698435458e+00,8.518999844410941880e-02
-8.701784573917841215e-01,-7.107656218093039158e-02
2.249128523553897696e-01,8.146305072715516460e-02
-1.110834074376266356e+00,1.075865573040347134e-01
-8.300884752572998959e-01,8.558849736925867868e-02
-1.597845510439356298e+00,2.705799997631352372e-01
3.456489948156156178e-01,-4.586314485564284560e-01
2.286022788404974693e-02,-1.268074018536378689e-01
-5.983388392402455569e-01,1.364273023931317774e-01
-6.902742181153462275e-02,5.225645712105063678e-01
3.698578787718973665e-02,2.307657761973239963e-01
-3.935177381018808290e-02,3.250242986773897030e-02
-1.356358725700723022e+00,-3.573477355888012297e-01
-2.244754214906335421e-01,5.111487423402627517e-01
3.644318063047883860e-01,1.157178987841705614e-01
-1.040489186687841183e+00,-1.601602731838982219e-01
1.586882480987315269e-01,-1.258507948114626074e-01
1.422170843321889783e-02,5.297065959069245655e-02
-5.903466208459023923e-01,2.096445672250971809e-02
-1.007224795202406931e+00,2.392233812444018726e-01
-1.162509628195582234e+00,-3.692925862016633864e-01
-8.570035566341749345e-01,-2.431430264347831105e-01
-5.791904816976045645e-02,-2.531753369222066175e-01
-8.372428248108048088e-01,-1.782514551099487476e-01
-9.579675516467024421e-01,-2.169253806143366381e-01
1.739050611730714735e-01,3.729294800612287242e-01
-1.181495051315736511e+00,9.109769958956499825e-02
-1.482555510096706719e+00,1.749376873570896995e-01
2.017229535107737393e-01,1.302792176190031674e-02
-1.008608886020839090e+00,-2.083872914275760879e-01
-1.062334566686099713e+00,-2.058837760785454593e-03
1.209719945920196132e-01,1.582396085520746676e-01
-1.349476968021041223e+00,-1.544029770807286810e-02
1.282909382159442835e-01,1.864180680464794793e-01
9.579655410531691395e-03,-1.264638010143075975e-01
1.566405322543450163e-01,2.481415794929889840e-01
1.025768416618384610e-01,-2.772194964901165265e-02
1.876859915870115469e-01,-2.599798824443703693e-01
4.254749679293270276e-02,1.131908746551599926e-01
-1.330577332906135002e+00,1.211456315826089647e-01
1.270497903642581472e-01,2.312473185536782494e-01
1.235555719442253952e-01,-1.461649985934263540e-01
-3.612463074899702198e-02,1.418389187036652732e-01
7.116847795559907985e-02,-3.767989053926050214e-01
4.855187841353734990e-02,2.209400035326708756e-01
-2.456081422142430137e-01,4.226090331956277590e-01
-1.124965645323996011e+00,-1.063426223523078057e-01
2.673414821818956288e-01,1.057757803490134013e-01
-1.471935872173756543e+00,-4.827112062872583320e-01
-1.541245933611437580e-01,-8.247553807388328939e-02
1.420841927115694403e-01,2.272374306290711743e-01
-3.014655808066176584e-02,7.173845955944704866e-02
-8.666349657980922938e-01,-8.309208408299153387e-03
-6.077614059491683873e-01,1.955176453803313952e-01
-1.053672900550530978e+00,-2.144162531882204958e-01
-1.153346199411034556e+00,-8.413280858154412178e-02
2.138906251371681666e-01,-8.657023063138716279e-02
-1.877641648786582129e-01,2.029620298076476870e-01
-1.267965171403816260e+00,-9.939728146593974911e-02
-3.403415064893247077e-01,1.053463480527509349e-01
2.733469395514120936e-01,2.107434037725114673e-01
1.363854691818357223e-01,-5.468393165674804157e-01
-1.129440871292648030e+00,2.019495374698654921e-01
-1.068342506641778877e+00,1.186128905108431025e-01
2.534128057302121317e-01,2.330675218352404668e-02
-8.963507130059024108e-01,1.620968008576904318e-01
-1.275718263599341373e+00,2.349192063005952069e-01
-7.651105791204910744e-01,-8.386009992404157287e-02
2.665341099401806191e-01,3.585584729921386105e-01
-8.852939728437418665e-02,-1.158951020614177319e-01
-2.380745504379835065e-01,1.716590468192113472e-01
2.415821027082427630e-01,-1.414980828880005037e-01
-7.273784978967667847e-01,3.984458884534430173e-02
-7.970609867311309049e-01,3.518936753045454613e-01
1.875851883137695797e-01,-2.862787209509345399e-01
-4.889126281733763291e-02,-3.055316509246272169e-02
-4.496612482159914048e-01,-1.206825016353950814e-01
-1.220288174074630083e+00,3.224753804611740216e-01
-9.916275811287682540e-01,4.637423102156711802e-02
-1.696879077606349567e-02,4.183846578647045650e-02
-2.810694563630421194e-02,6.399545135962468601e-02
2.738410783628247858e-01,3.895433832143722214e-02
-8.378961317806176146e-01,6.416995928663460358e-02
-1.223667396938947327e+00,-3.304835796425822370e-01
-2.048982346527753462e-01,-3.498066923708995635e-01
-1.090461717219630033e+00,1.723378786569864651e-01
3.208177036986498143e-01,-3.015516760653380035e-01
1.543485902464234727e-01,-1.097932904051568959e-01
2.118561244917768205e-01,-2.913804450998300211e-01
-1.696768076794539781e-01,4.100077822266678385e-01
2.454407638644510448e-01,-8.682759783254867525e-02
-1.135534099011518805e+00,1.083287806746783682e-01
3.914123405195240463e-02,1.847367842769118140e-01
-1.319446039112844637e+00,-2.279131921692912899e-01
4.905554995680586755e-02,-1.566449920100888293e-01
-1.347182229537745302e-01,7.859244309762659919e-02
-7.005141728058819073e-01,2.688662088988404419e-01
3.029266771457279073e-01,-1.354685359956265267e-01
-6.569312510462953503e-01,-4.076722753582632253e-01
-1.200034368000888030e+00,4.060474225728422648e-01
-7.615769105444402109e-01,1.011342396893350620e-01
-1.078836497527575933e+00,-2.605686578229348127e-01
1.482245698501016562e-01,-5.395258243431561712e-02
-6.217404106262465202e-01,-3.796803607537141412e-01
-1.196939013595466061e+00,2.593778633266000666e-01
-1.754186766075385984e-01,-1.315922934726118099e-01
-1.034488600069699782e+00,-1.490627157515435341e-02
-9.226083645196689331e-02,-4.618747128515044986e-01
-6.528981616593540656e-03,-2.080988421456213266e-01
-1.030856489391913877e+00,2.211447045217393159e-01
-4.866870690263684456e-03,-6.977446967200807981e-02
-1.080580317952204439e+00,2.568694697190803677e-01
-1.491575496292288638e-01,1.540382378704794886e-01
1.765815649497259054e-01,-1.524332485096116345e-02
-1.126769963997618529e+00,-3.021090781948280735e-01
-6.212240664685755309e-01,2.412435602544893976e-01
-1.251344058226439016e+00,-1.012576971658536162e-01
-1.130458226661658905e-01,-8.146814494271488460e-02
-7.125081639978099179e-01,3.149184291708675976e-01
-9.231341715972857243e-01,-7.896003803385756581e-02
3.462999121161512983e-01,2.183514095521011389e-01
-8.832216876112678472e-01,7.676199439830881655e-02
-1.253701119547912191e+00,-3.306140260302581346e-02
4.845124414708316257e-02,1.357395695016135606e-01
-9.348141927318338595e-01,-2.607243762603848533e-02
-8.085185853719724092e-01,-2.823593861174106268e-01
-8.114979951097992528e-01,2.876450122818169919e-01
-9.651153844324433795e-01,-2.627462232064169123e-02
-9.576960622503086773e-01,1.331048513785817733e-01
3.334502188116608701e-01,-1.758893915405189134e-01
-1.294687995352291343e-01,-5.281942108879002229e-02
-8.613211646050709103e-01,1.001900831772254141e-01
2.084497832215896282e-02,-5.334636336712103022e-01
8.160448013232775299e-02,2.982529981074817371e-01
-1.836661522003698102e-02,-3.156241968062247771e-01
-9.742633829505071841e-01,1.444020643101900925e-01
-7.783980783527552072e-01,4.222600234485107129e-01
4.099438413372849532e-01,-4.483040322567301283e-02
-1.126093125643278903e+00,-2.244954408386920161e-02
2.889438004730001675e-01,6.401590905866583192e-02
-1.423934338338414540e-01,4.003154363688667811e-02
-9.890530988097744336e-01,-8.206971343383562267e-02
-4.174867486757653789e-02,-1.516054521050765914e-02
-9.929371909049458100e-01,2.521336991577746711e-01
-1.375249061352286972e+00,1.366751993903473628e-01
-5.190252510566317062e-02,-1.768116507879604615e-01
-6.845994815521043719e-01,2.395867227851930237e-01
9.947915007512372898e-02,-6.873041814577497688e-02
-6.791235597291263026e-01,-2.026686114157123103e-02
-1.018749829601250489e+00,-2.585225796820250430e-02
-1.014566704550898146e+00,-4.776543263213539059e-01
4.567479268240619561e-01,6.227483024808801171e-02
-7.749270652034204732e-01,1.227691499024139571e-01
9.739606936639981505e-02,-2.703084750534485298e-02
-9.150428607356079214e-01,8.004812762631537603e-04
-5.243810400418204981e-02,-3.887932546018766367e-01
-9.495548850221268156e-01,-2.035785588569128668e-01
-9.165814882532499763e-02,8.318206529954115525e-02
-1.961769471022923594e-01,1.054290846389828451e-02
-8.190749797074853289e-02,2.713317564154139605e-01
3.239011727590657141e-01,-4.228074555064331719e-02
-9.740415754392924841e-01,2.037108210282318269e-02
-1.005759683204461297e+00,1.751569086305852507e-01
-1.283255300734875981e-01,-8.778604972674480811e-02
-1.139718549748669707e+00,-2.402160419382693424e-01
-4.715369153762594828e-02,-1.235138259794412441e-01
-6.991674722487892790e-01,3.827914005562796373e-02
-9.501257812282639659e-01,1.022498129899885450e-01
-6.182115388650943899e-01,-2.108643662383900275e-01
-7.514079222107075129e-01,1.751189626486333861e-01
-9.968300609504979759e-01,-1.556131717612003751e-01
-9.840219991775055464e-01,-4.858950991952576404e-02
-9.604955399304535013e-02,-5.139184916419018562e-02
-3.025284675112240307e-01,-6.806681699248874617e-02
-9.733456876390573775e-01,-1.632301980345318704e-01
-1.008421800954977909e+00,-3.292671123981025239e-01
-5.293996132072925631e-01,1.166011865060113534e-01
-1.268707007006453225e+00,-2.827309346359877518e-01
-1.055753147087691524e+00,-2.458846850491911151e-01
-1.153832164899976087e+00,-2.818896502562564521e-01
-1.134470083111732031e+00,-4.571337353668462195e-02
1.694875799940886718e-01,2.386568237097700385e-01
-7.183457358434424123e-01,4.965879808103030313e-01
-1.612552051593671154e-01,3.669113277856499433e-01
3.153317987023501745e-02,-3.565039009518652380e-01
-1.227809198809239222e+00,9.462768913241700885e-02
-1.963933732081379613e-01,-1.736892806685169308e-02
-3.158640587188094595e-01,1.928118225841886357e-01
-1.093000513978655386e+00,1.909414724482458858e-01
-1.030747293832576350e+00,1.680479219153268450e-02
-9.676523477191467659e-01,3.904790909556625500e-02
-2.584749550302132826e-01,-1.619936786551731400e-01
-8.581168266101006914e-01,4.759812937489369400e-01
3.130192836929754363e-02,-7.663278905432246990e-02
5.412409234460809765e-02,4.428442066115449993e-01
-3.224693796778473898e-01,1.564331345223012038e-01
2.432332109551486321e-01,3.416320003341313249e-01
-9.171584650215122148e-01,2.704809541468291556e-01
-1.092830847287494800e+00,-4.655580581940311135e-04
-1.179027822601238729e+00,1.800802132622149332e-01
-1.289117967417676924e+00,1.648281795196793464e-01
-2.558013145013540712e-01,-3.381176747178236686e-01
-7.432010464393470350e-01,2.420733208863277142e-01
-5.602522013829557695e-02,2.196962508953992643e-01
-1.365821120233915165e-01,-2.425270673355286316e-02
-7.957464236131313040e-01,2.788383387806537411e-02
-3.004113885180320076e-01,4.263300218736821440e-02
1.378451916053742843e-01,-1.443620175155033158e-01
-1.433371447060985682e-01,2.238771908470715277e-01
-1.148633825360741101e+00,1.997339173357608466e-01
-1.224002256223895024e+00,1.995717299444559889e-01
-1.094572955905538381e+00,-3.657639539350330815e-01
-9.235344231722455999e-02,-2.915722912943851663e-01
-8.555661284241351527e-01,-1.767010799421344647e-01
-6.262041703810483639e-01,-4.712729981085435338e-02
2.548638683334883970e-01,-2.798564532683082140e-01
-1.172477008739290838e+00,-3.310898516918261980e-01
-6.288291452882766031e-01,-7.051594442151901121e-02
-5.786500612431528211e-03,3.543525943584909660e-02
-1.196162762555245340e+00,2.262316871331267187e-01
4.374980430543992105e-01,-8.775295624183039600e-02
-1.128588698330398765e+00,1.141846025545915043e-02
-1.102616616749133305e-01,-2.698217349196775916e-01
2.826161734374109669e-01,-2.950441550900333443e-01
-1.325941465431702770e+00,6.140409166537318802e-02
-3.533083053378197613e-01,-1.654468929122429599e-01
-7.517027109787679517e-01,2.596671264848218197e-01
-9.430525014374055992e-01,-8.037216059945709312e-02
-8.603064254129949573e-01,1.589253170192256315e-01
-8.740499014670173317e-01,1.168856554747147447e-01
-1.144364439849863357e+00,4.265858142325262836e-01
-1.276550944590410408e+00,-2.343010794950459441e-01
7.360271284496618105e-02,4.190506643976978918e-01
-7.497070000333196926e-01,-2.557935213997540869e-01
-1.102519223339120114e+00,2.507143393102205797e-01
-1.307331225641803263e+00,2.771685181095339678e-01
-1.049559706179159946e+00,9.301096884158498168e-02
4.715589491652307230e-01,2.532333334844333317e-01
-1.018661731482484845e+00,-2.333141807647761135e-01
-3.092879182623727852e-01,-7.117507277853883929e-01
-4.862633210887048474e-01,9.545647090390915745e-02
-1.253659326587070133e+00,1.009851564133118357e-01
-5.962409853266382731e-01,-2.185619070268226272e-01
1.309825375315300522e-01,1.710805299204953001e-01
-9.732290381165690230e-01,3.644027929619615414e-01
-9.906053763803102097e-01,-2.880992326899518841e-02
3.301359156125503458e-01,-3.290477899581427668e-01
-1.018668578932938606e+00,2.562719556279727251e-01
-1.001904331950871141e+00,-1.920605903774109391e-01
-3.075990361586858901e-01,3.020263295746224985e-01
-4.212952176335338361e-01,-4.256229902730925829e-01
-1.128178356434769158e+00,5.667753631423864125e-01
-8.487277762718383745e-01,-2.161241643434673801e-02
-9.390822203775700538e-01,-8.200977820875224311e-02
-8.650165894870128769e-01,7.458509833756180041e-02
-1.025654215503341238e+00,-3.506896669060029920e-02
-3.300992767737583877e-01,-1.190623315041720864e-01
-7.387837120339966201e-01,-2.891450407363274078e-01
-8.590771534750625271e-01,-2.075289188844914867e-01
-1.353278352848541255e+00,-2.867528018077547536e-01
-6.547211129409246100e-01,-1.890105325587283225e-01
-1.092692157359977045e+00,1.054060457447219823e-01
-4.494765631076356738e-01,5.102314765059539486e-02
-1.056994789871545798e-01,-1.446363100817382175e-01
2.117392179696040225e-02,1.177897767787493104e-02
2.022088446531564512e-02,-2.160679411909819381e-01
-7.931034528567652009e-01,6.927305172240889874e-02
2.693019685571326205e-01,1.198251268800798984e-02
6.193156222162014835e-02,-1.965498323524769164e-01
3.560572854335768977e-01,2.857351158679538039e-01
-8.308882197032185779e-01,2.122685342124031871e-01
-1.697865832256598151e-01,8.629848753264919570e-02
-2.108611655185715569e-02,-2.564143049801098639e-01
-1.105967436693637174e+00,7.311931966137433236e-02
-1.116296840762325049e+00,-5.402537183961034217e-02
-3.394750927118721229e-02,1.502097267056980677e-02
-1.057894297594207805e-01,-1.542852917136552371e-01
-8.210512649670771712e-02,-1.124656086230849117e-01
-1.043999587917431748e+00,1.971769198610068830e-01
2.867988184977781074e-01,-3.536997385683249839e-01
9.991166149215201936e-03,5.939100247043315184e-01
-5.337304480573414889e-01,4.395593607090454435e-01
2.246501578239777641e-01,-4.245668427768409248e-02
-2.835768005510736628e-02,-3.814066954234997253e-02
2.260085711102474693e-01,-4.122044183906289905e-02
-7.309981619286201049e-01,2.052519242936518551e-01
1.194673346799580288e-01,-1.454963659137279153e-01
-1.007636095969570295e-01,1.378895462147526896e-01
-5.499292468042997761e-01,-3.496158419641543502e-01
-1.132183442247188143e+00,4.897867712638336868e-01
-1.225920376979444670e+00,4.545405591064600667e-03
-9.960791779383235123e-03,8.145517652831649191e-02
-1.134102357655648152e+00,1.777780354683003994e-01
-6.760079780469485655e-01,-3.088997563229732568e-02
-9.302281852006621943e-01,2.494810947529024214e-01
-1.221428486441841654e+00,-1.707270439693728548e-01
-4.416229838766998900e-02,2.377483418838975682e-01
-1.293628467562547346e+00,-2.082575375992953559e-01
-7.352244559986551575e-01,2.104853305417342391e-01
-1.145178779238285482e+00,1.907193324893838304e-02
9.760343212807026658e-03,-5.716687554672457150e-01
-2.143074744341703641e-01,4.523497797190822317e-02
-6.153365705151809806e-01,1.470907502178029902e-01
1.822720450865885078e-01,-2.856691490464269845e-01
-7.772592982404304962e-01,-3.029831490562487351e-01
-1.247394983150628578e+00,1.373084374531060581e-01
-9.438085877940674551e-02,-2.818033959998805446e-02
6.209497803056040349e-02,3.984217417358584257e-01
3.431589960274809142e-02,-1.040876544317080460e-01
-9.074851755195515457e-01,1.407734646878200380e-01
-1.193658250616840277e+00,2.702721604439423109e-01
-1.096847901365316957e+00,-1.842922197270572549e-01
1.520321901266626086e-01,-4.250720765127633527e-01
-9.108654620882750130e-01,1.463324887269781549e-01
1.092582776135513911e-01,5.503629874870125810e-02
2.086940800721415745e-01,-3.642821019803222943e-03
2.421585238087104464e-01,-2.346942410934263479e-01
-1.843096796153848860e-01,5.991647269398163618e-03
2.383376584720302283e-01,1.692437184573820363e-01
-3.400332348013432315e-01,1.100209010795292208e-01
-1.084218713990545702e+00,-2.471667232616664989e-01
-1.373021090694055424e-01,-3.844368790179354956e-01
-7.840000994802520662e-02,-5.390602370003862165e-02
-7.619037552513796552e-01,1.027238335277032705e-01
3.770811946859446706e-02,-1.847932520746219942e-01
-8.844868394493268227e-01,-2.609241841210529489e-01
-9.126147896316307850e-01,6.596189965952839462e-02
-1.232005817168436816e-02,7.384493527135554958e-02
-1.018713837808842421e-01,-2.091020676480439267e-01
9.493320904911557723e-02,2.308866245390109595e-01
-8.509446641627779750e-02,-3.563785246173494237e-01
-9.110467260999178807e-01,1.620124514525765336e-01
-1.015035130180275275e-01,-2.670531215823991333e-01
-7.755353982612477326e-01,-2.129215360574619187e-01
4.200989654714723520e-02,5.324449105304339402e-02
-3.161028584941827368e-01,-1.228891107402441674e-01
-1.793345532994195524e-01,2.614098050357640535e-01
-1.410602372060242526e+00,3.845734691806315109e-01
-2.025570981729944986e-01,4.016235018576613802e-01
2.705275068682991627e-02,2.248138136954516003e-02
5.399052212994519540e-01,1.772915483875442009e-03
-1.302749256320387294e+00,3.403962472168965414e-01
-8.176526240202717233e-01,-3.566123655255669100e-01
3.016068625336366660e-01,-1.190201451260592402e-01
1.533652547305724423e-01,-4.474164230013878696e-02
2.756867024210065686e-01,-2.644559425981645173e-01
-7.131219652648502771e-01,1.357664701245673775e-02
4.004724186091543521e-03,-5.875275180587532509e-01
-1.108615600902775666e+00,-2.447355491975240771e-01
2.810879554781924861e-01,9.657076159205837951e-02
-2.463130268026260672e-01,2.565645095687345001e-01
-1.000175750428230703e+00,1.920649868718295183e-01
-5.138700886813324376e-02,1.926702658043329963e-01
1.946245571547611797e-01,-2.006295747244247751e-01
-1.342206200390415383e+00,-1.572903769225632853e-01
-8.716144314980260599e-02,2.395235219824908834e-01
2.510568418426453174e-01,2.002911234738699309e-01
-9.457096508977438365e-01,2.007251455360186121e-01
-1.350877687794182602e+00,1.489749244957187524e-01
-7.115778880611480783e-01,1.829629192583021868e-01
2.628815398502045916e-02,2.736586855042331956e-02
4.413015076192472463e-01,-3.022864454270295445e-02
-9.887867298748690414e-01,-3.920584634158393866e-01
-6.520541488968447652e-01,-5.389430682989853477e-02
-1.188502575174896103e+00,-3.281946994554024721e-02
2.313038126245321735e-01,9.270164995179537570e-02
3.805428119912138696e-01,-1.304216211708681961e-01
-9.242330683528544866e-02,1.973104484681020843e-01
-1.158094876032507825e+00,1.675334256302835889e-01
-9.326406629514576441e-01,9.661661292596122885e-02
-1.235176668041289894e+00,1.208596432754204253e-01
-1.146844570750760184e-01,2.119131499231555193e-01
5.346942489134574039e-01,-7.346540667549933228e-03
-1.366633769234580020e+00,-1.344435307637866506e-01
4.730120948466245284e-02,4.501119398050460602e-02
-1.427159457083752858e-01,1.457492356846172010e-01
-1.279979567619691228e-01,2.718210442724767334e-02
-4.161664731761946512e-01,-1.302972110216019108e-01
-1.073417537766026442e+00,2.900736266850243925e-02
-8.707255939831960723e-02,1.611264535669567899e-01
3.258775542529051411e-02,-1.629164601504410892e-01
3.534868669879993042e-01,1.260932324384009540e-01
-1.380283875377304181e-01,1.711370446169339921e-01
-9.021683234750527136e-01,2.227849246196667299e-01
-1.064119256355842841e-01,6.304587301615652284e-02
2.035401261900099748e-02,-3.133662705082241318e-01
-2.618003284861251112e-01,9.668641700668646755e-02
-1.056898763014404885e+00,-2.403507282068545470e-01
-1.162891013152969943e+00,-2.633976321075543001e-03
-4.508343162840439816e-02,1.178478155790327608e-01
2.046712177430690463e-02,-5.081434531567847745e-01
-5.044086479479752416e-01,-8.479663233116996324e-02
1.047114814497758506e-01,-3.149813045433875192e-01
-8.712645119034285734e-01,1.121592834685934681e-01
2.930878091424642951e-01,-7.692505802292687322e-02
-8.882099418078227560e-01,-3.317285945355217258e-01
-6.841050100004786305e-01,3.398374442592073108e-01
-1.229270394823693602e+00,-4.091594269002005735e-01
-9.280861254581418418e-01,2.895033489674802007e-01
-6.619619678950625641e-01,-4.829097935759580351e-01
-1.041274754764740296e+00,-2.788548553318573875e-01
2.917973419366828303e-01,5.693264986132047234e-01
-1.531723614170940273e+00,1.914656926990725150e-01
5.636030165637195832e-02,1.284588825607340945e-01
-1.194215292030800457e+00,1.484836337662349404e-01
-2.046950163076561788e-02,2.720404626636901968e-01
-7.208944739576279848e-02,2.244401231260765850e-01
3.566610537099356160e-01,-1.665690398702186215e-01
-1.091888425527516748e+00,1.161017121804352181e-01
1.257887071681694224e-01,-2.125697774232961079e-01
-1.325096710361768571e+00,-3.299225483104986090e-01
7.897116875275458914e-02,8.054000772162994704e-02
3.977205295128572460e-01,-1.791757128937486454e-01
-1.601066425913696967e-02,4.861750574562113125e-01
-9.784000227311645537e-01,4.745341620059449761e-02
-1.350258663828421135e-01,4.915963335364247760e-02
4.953461158694598132e-01,6.511703266861308681e-02
-8.109378088106701243e-01,-3.615568123506720521e-01
1.312506171827893531e-01,2.038973908868041696e-01
-8.502251986924624916e-01,-2.824570993940483388e-01
-1.961661820759478259e-01,-8.560340642774384723e-02
-9.220737962452618675e-01,4.816764817360083550e-02
2.228180143374705602e-01,-1.636982186433810216e-01
-2.460634273580102893e-01,1.087634627904395107e-01
-9.303332014559295704e-01,9.422830368508398891e-02
-7.765161588363942435e-01,8.510769629842318551e-02
-9.071057147662527909e-01,-1.126599940599856409e-01
-8.153531704295380322e-01,2.155230146020144788e-01
-9.858777892195137449e-01,-3.760256694442297432e-02
-1.060412979255222821e+00,-1.607001965004194455e-01
2.637063693511567108e-01,-3.106035990638726929e-01
-8.979906699993236430e-01,-2.361619804714600868e-01
-9.433175817378121331e-02,-2.695021035095307993e-01
-1.557789457854813764e-01,2.247201881108129573e-01
-8.681371816657647011e-01,-3.444640720622205721e-01
-1.604453676482355262e-01,-3.687016664419695000e-01
5.752187953178031915e-02,9.714113484436216750e-02
-1.393460008196593769e+00,4.354799162002343516e-01
1.552338404587119136e-01,3.757353117895218531e-01
-6.576720000794709919e-02,-6.686304785359471585e-03
-1.453583772075362379e+00,-2.235798219613038540e-01
-1.031702804386635197e+00,1.365817886073633358e-01
-5.592831989052117481e-02,1.498298221310628842e-01
-1.206616849103753664e+00,-1.374678352964444628e-01
-1.315375976562513705e+00,-3.316890027940017638e-01
-5.509424699111653556e-02,-2.185832880990661309e-01
-1.478723123618967739e+00,1.838449324740449031e-01
5.631738099823787452e-02,-2.944979220675584264e-01
-7.050455403878035376e-01,-2.675111520370748730e-01
-1.359273650505852693e+00,-2.615780013818073679e-01
-1.236897343562034290e+00,-2.281348372475794709e-02
-9.696606264264441277e-01,3.258802017418429425e-02
1.421122439517938096e-01,-1.440481035300037738e-01
3.478536720297557006e-01,1.238664506989202996e-01
-7.369206418550799942e-01,-3.000792734095944145e-02
-8.058055293891170923e-01,-1.893551663320974243e-01
-8.360394070390699817e-01,1.854914529992028605e-01
1.197159162223902611e-02,-2.755039049053194522e-01
1.787706465457242488e-01,-2.557633237894230138e-02
-8.372600916804364690e-01,2.349537724156037233e-01
-5.967049873355157602e-02,-2.247322817354807933e-01
-1.506707963666703287e-01,5.151070836042859202e-02
-9.671968951557639027e-01,-9.738966233660392713e-02
-9.378617063213694482e-01,-2.509244352584528159e-01
2.039233757037331174e-01,3.184051328813868875e-01
2.269436877379123751e-01,1.836658860424315864e-01
-2.938574195751487150e-01,1.497891193914039016e-03
-1.505929091218775606e-01,1.290679974286404186e-01
2.232470340355201532e-01,2.720804839881742487e-01
5.867801808496580368e-02,-2.869939809312648804e-01
-1.111484988236451699e+00,4.117123734771880872e-01
-1.080338956782144422e+00,4.210535151554549715e-01
1.045765420792848094e-01,5.678784554932549827e-02
-1.487537288110797953e-03,-4.836129555359338084e-01
-9.975113200993280804e-01,2.971740509896131453e-03
-1.347087194546101152e+00,4.725730147300444967e-02
-9.576924286891037585e-01,8.815053797594705337e-03
-9.677834513434806496e-01,4.198568111574049189e-01
-5.754960940048973184e-01,-8.574382427340006274e-02
1.755007598783775435e-01,4.981734958223348053e-02
-8.835488215824592872e-01,-1.095864367083777685e-01
1.082426075925422837e-01,-1.657630334290717544e-01
-1.154199167635491019e+00,-1.208078023709028698e-01
-8.376772194547023320e-02,1.452391093988854298e-02
-1.365438782274126295e+00,3.312813409463961078e-01
-7.397331085544485152e-01,-1.652891963907051620e-01
-4.500701944132621812e-01,-3.720011340898110586e-01
-4.689958404633678968e-01,-1.025684467233574371e-01
-1.095190680873497496e-01,4.600268810067923986e-01
-5.064479463142770865e-02,-1.210954550061235369e-01
-2.297440022433363538e-01,-2.011586880838184821e-01
-2.628453913027628541e-02,3.092679269161800470e-01
-7.379843008349631361e-01,1.204844675097336282e-01
7.929289788001876726e-02,8.139505773259635146e-02
-3.925251706827808662e-01,-8.309000695405475978e-02
-1.295706264837793942e+00,-1.894197707856795365e-01
-6.827893770854138733e-01,4.277616996998233057e-01
4.105140035421176586e-02,-1.506295212228621616e-01
-6.919489807985770291e-01,-6.641974521346899821e-03
1.972348692265300518e-01,1.995838977328891761e-01
1.197044115435914324e-01,-6.756195724777704914e-01
1.522115344227351064e-01,-2.713109164741158152e-01
-1.472536719050871801e+00,-4.504681695313796919e-01
-1.071069131779815331e+00,2.132693875592279187e-01
-1.131810242499710961e+00,3.581543309803490449e-01
-1.165532181864581851e+00,4.396626015252960706e-02
-1.093279393957022005e+00,9.153044122404359328e-02
-1.051614076218809757e+00,-1.621196030606592564e-01
-1.315810954313750170e+00,-1.526342256304870915e-01
1.448094144155623597e-01,3.653723019048620291e-01
6.823872367392807073e-03,-2.707531209784792142e-02
-9.756808215457520861e-01,-2.024950941083722075e-02
-1.242944412760758205e-02,-2.409895336277278755e-01
-1.127841407949654151e+00,-5.855376082470682420e-01
-1.240866899940455514e+00,2.600937386125024009e-01
-1.832351620793690739e-01,-4.938181000685550881e-01
-9.764532898151574436e-01,1.327358799114692067e-01
-1.289490078265786543e+00,-3.426672493033193767e-01
-1.183504725168709470e-01,1.885241448237160444e-01
1.585536529144236928e-01,-2.372358056286753836e-01
-1.212774163747791567e+00,8.183042778915643189e-02
7.101169332912152243e-02,-2.587303993394158841e-01
-7.403896102522418143e-01,-3.786620003477822460e-01
-7.741450283439599289e-01,1.902946834373399343e-01
-1.122695152854629036e-01,-2.378707057256691515e-01
-9.035985126112788812e-02,1.209926447201030569e-01
-1.107754349343668343e+00,-2.936100759270188210e-01
-1.237206133057439761e+00,-3.562434361046289827e-02
-8.746437913121731800e-01,-2.657966757526223911e-01
3.726101148495501447e-01,-1.100945683443282641e-01
-2.230653201770551597e-01,1.549692884765480616e-01
-1.710968098513227509e-01,3.473048557340044917e-01
-1.026256467497518976e+00,2.038097271831269819e-02
2.910805200712074034e-02,2.153708206643853429e-01
-1.200734530410709544e+00,-6.729120750091154013e-02
3.401370529986491587e-01,3.466623872996582589e-01
1.528373534678607315e-01,4.387459908785967255e-01
-1.384940475724920905e-01,-3.114506103411125437e-01
-1.046836511969940320e+00,2.485082616074649198e-01
-7.710693323382243891e-01,1.319312463698082138e-01
-8.800756481977557444e-01,4.322181557145366448e-01
-1.024557568274365504e+00,-2.782117433253808100e-02
-3.460044949802121295e-01,-2.170501995996728384e-01
2.902891852242640014e-01,2.544159651856015003e-01
-3.042688237927153039e-01,-1.286677796982412803e-01
-6.892841971524692468e-01,-2.274798134497595659e-01
-7.662953352930876871e-01,-2.756090054459264804e-01
-2.997512079548197428e-01,-3.965870939566926157e-01
-2.452851283342446231e-01,-2.498722909742295273e-01
1.670916337322089218e-01,-3.485125800549128683e-01
5.281928582505326375e-01,-2.733202309282988796e-01
5.362841785290521912e-01,8.302702359969087176e-02
-1.259029493066833982e+00,8.274691659519593789e-02
-1.418769693760490558e+00,-2.497953025723008424e-01
-1.857414566682665802e-01,-2.887455864627258562e-02
-1.531029905140053882e-01,1.581439892830800442e-01
-6.126102694825681372e-01,-1.789607249251262688e-01
-1.029550916646488457e+00,-1.028479180718062380e-01
-3.764906824201549318e-01,-1.097783198047897063e-01
-1.252265571981755199e-01,-5.894789020664965157e-02
-9.399215171076695796e-01,2.050834162519620252e-01
2.337239971293512963e-01,-7.106197143640689828e-02
-6.243193658768761978e-01,4.641429376907293264e-02
-1.392997962974121817e+00,1.103922767568989161e-01
-1.323532188853460578e+00,-2.350809457385653056e-01
-1.017250155888679730e+00,5.689050679363390900e-02
1.492789057997008229e-01,2.413226824039898799e-01
-1.053436031723927080e+00,-4.131388823350949924e-01
3.688361209641280447e-02,4.022597258558792688e-01
-1.600616237461105040e+00,3.436851462108176380e-01
-1.093424175858988656e+00,-8.389843949879333129e-02
1.499801755791558833e-01,2.818615343453233502e-01
3.839008724757247276e-02,-3.397364061651572120e-01
1.392570414333540452e-01,-8.914148405387042895e-02
-8.948641516301918397e-01,-2.828730509101249901e-01
2.720365571431331286e-01,1.771804693242669537e-01
-5.432515464483314016e-01,-1.137284337312278182e-01
-1.049360901161663806e+00,-1.538658580394096087e-01
-1.180651811019296088e-01,2.975895330663952953e-01
-7.161421774156777331e-02,1.447655571830586650e-02
-1.608137190845072562e-01,-1.668526544647563059e-01
-1.054711590781978181e+00,4.769536852491631507e-01
-7.695565649692194254e-01,-1.407636263410395328e-01
-9.508773350164831939e-01,-9.768467463152684382e-02
4.287456399238359639e-02,-4.684325213666919868e-02
-3.663565486652637371e-01,-2.277295350944316121e-01
2.011457414612585481e-01,2.731911893684607073e-01
5.819014816613580360e-02,-2.364095720533088418e-01
-7.328410333291790479e-02,1.488548098247504115e-01
-1.121455498837355513e+00,-2.500225851382156250e-01
-3.885496302839345217e-01,-1.650095729706094749e-01
-1.034717117169405176e+00,3.642016622669058679e-02
-3.311960706937623344e-01,-1.387300301834542282e-01
1.629010741047285105e-01,3.009803987581610163e-01
-1.235850409974678654e-01,5.440361068820031010e-01
-2.896708937705603781e-01,7.326952087991908669e-02
-1.236230649688541572e+00,8.793898475114104996e-02
-9.705400987663341805e-01,-4.923365141163849601e-01
-1.348485900162697426e+00,-2.378912228557236441e-01
-8.068326378273218968e-02,2.893300256072116050e-01
-2.614476707010955359e-01,-3.025829831372380263e-01
-8.015990839585653838e-01,-2.963127838903479860e-01
-1.000727411320349924e+00,-4.286386750528048961e-01
-3.110145889644465658e-02,-1.020298258089465532e-01
-3.485715328596473150e-01,-3.826123863462904118e-01
-1.184827169730151120e+00,-2.308445869972613196e-01
2.350167158089942476e-01,-5.182704197512703198e-02
-1.025848172391032209e+00,1.717366768979637914e-01
1.266745332750640607e-01,-6.830027159987338715e-04
1.232733859034120839e-02,5.642565770964220739e-01
-2.613019667857525707e-01,2.922883493038118119e-01
-1.153757769011160894e+00,-6.292455163016755226e-02
-1.206316583546273247e+00,-2.366476607866791759e-01
9.907620825148287513e-02,1.753332009021423832e-01
-1.130284848359401018e+00,4.176270004713498740e-01
-2.757633632216297537e-01,6.578445157112543240e-02
-1.193349304922696197e+00,-1.819262304692348745e-02
-2.349928280944478878e-02,-1.155983140466362684e-02
-1.151323768387534585e+00,2.735091095804997319e-01
-9.377956492956144308e-01,-1.299381971157942753e-02
3.921431845726244120e-02,-2.477897455575610308e-01
-2.887317379096158154e-01,-1.479806621886359530e-01
-1.061769127449212036e+00,-3.017833226772875244e-01
-9.610631619317004937e-01,-1.509435982000121579e-01
1.937486104478043925e-01,1.212811935672659380e-01
-9.698059372298964975e-01,-3.201882711342128318e-01
2.766245757209493394e-01,3.542615430235515062e-01
2.179981879928418464e-01,4.923942918347800624e-01
-6.656341577422457689e-01,6.479305959739203313e-01
2.160485727751756679e-01,-8.783504878402041693e-02
-5.456150540168480667e-01,-1.985304596561943691e-01
-7.134161837635260017e-01,1.840704402816750740e-01
-1.444454452373205577e-01,5.555603621372062761e-01
-1.354359769060970164e-01,3.083811785139856654e-01
-1.280872765615880038e+00,-2.464978254802149271e-01
-1.088622728065506751e+00,-1.694897898433475603e-01
-6.509595829521416244e-01,-2.131136681089636498e-01
-1.139149766069080805e+00,-2.928101297287480018e-02
5.419736443571966655e-02,-8.359573131811362523e-03
6.906846511067940564e-02,-2.619124964621729612e-01
-1.184970063746816349e+00,-3.501855827404995458e-01
3.650415352734262542e-01,5.090971024268957645e-01
-2.440787905458025042e-01,-2.071388442989411105e-01
-9.831767566550740911e-01,1.811480110969817259e-01
6.997814024277726475e-02,4.876101569077799514e-02
-5.965448932777387414e-01,2.445693725348397352e-01
-6.081230199208279563e-01,-7.422964833501440041e-02
1.511676180854813409e-02,2.899463982637803250e-01
-1.109266097337726409e+00,-3.226490958332239867e-01
-1.203560386724667142e+00,-3.452421816760672391e-01
-1.198214406229012874e-01,-2.448388904128002697e-01
-1.177215577865006857e+00,-1.615693107103655449e-02
-1.134757614872674125e+00,-1.690421702250359814e-01
-1.185445381294720768e+00,-5.483491837007185149e-02
-6.622089543577771575e-01,-2.060842937324627172e-02
1.688033211054530969e-01,-3.174566769908718222e-01
-8.943662838738307697e-01,3.195428557719863782e-01
-3.070107271865438539e-02,-1.677164673663104622e-01
-7.444221249058137202e-01,-2.004895301841725930e-01
-1.281606818127177527e-01,4.106404474865011922e-01
-1.654839000457179188e-01,6.910960489384197769e-02
-3.308361368777319733e-02,-4.268273376375766176e-02
-9.253023102022123192e-01,5.036942686743717951e-02
-1.112511240075330088e+00,-1.880972327147294454e-01
-1.102463692998449041e+00,3.593697502377959929e-01
-7.428155305073914638e-01,-6.227619814126593434e-02
-1.215517573227606452e+00,-1.204313175720090612e-01
-1.093352038266840021e+00,3.086528667454818131e-01
-8.592831320501490566e-01,3.001968269627132424e-02
2.340119101771643562e-01,-6.593040151040875652e-02
-1.153775982536820788e+00,2.289163872700379909e-01
-1.010209576020050015e+00,9.656107142222093709e-02
2.684973453234849594e-01,2.964698880098893263e-01
-8.711743719365878658e-01,2.042604510792344133e-03
5.587278227256026186e-02,8.421122777579263807e-02
-9.853266305932988356e-01,4.228583756838132923e-01
-8.318589816326167341e-01,-2.576977052645701982e-01
-8.940102212888700883e-01,1.609515404986509579e-01
-7.950864779083983702e-01,-8.147698655011934021e-02
-9.472312455186673308e-01,-1.519054410657708354e-01
-1.097749011845480682e+00,-2.211129310389231550e-02
-9.012517053526061250e-01,-8.068873047692443068e-02
-7.140614532366056366e-01,1.959098248790564767e-01
-2.080288728886051097e-01,-3.892849736672016059e-01
2.193389250915851185e-01,-1.091922239801801885e-02
-9.313898519203916981e-01,1.603287537390853668e-01
-9.240952989903010728e-01,2.157075200719300867e-01
-1.258369729500335765e+00,4.716907857098200790e-02
2.102148383978197088e-01,2.273913830378340162e-01
3.017084652046411741e-01,2.721114186818201497e-01
-1.245813606012486474e+00,7.055315424768487942e-02
-5.917217494843560882e-02,-3.679488588433352247e-01
-5.295460749532141520e-01,-1.326769956192748179e-01
-9.453763896595154259e-01,6.213307763361233110e-02
-2.849621753287368553e-01,-1.877110978511530026e-01
-1.119824074491711619e+00,4.898337616427988345e-02
-9.485663723506178036e-01,-2.817306076233860312e-01
-1.121540711735631524e+00,3.226340116162740856e-01
3.251402582218332893e-01,3.381410006586938466e-01
-7.447343164077194211e-02,5.230593470047409377e-02
-1.409664001124742327e+00,6.019350922231218870e-02
7.778956428018300728e-02,1.262259307254293972e-01
-9.212874062548316312e-01,-1.689286900665278313e-01
-7.887269315937631697e-01,1.526045984373448627e-01
1.827138334480051529e-01,-3.807054907522015690e-03
9.512139347617595830e-02,-2.626046012069821467e-01
-1.276361232065640117e+00,1.786498199700206069e-01
-1.039642462104400700e+00,2.460242386657388591e-01
-1.000941461855626713e+00,1.784596766343516661e-01
1.770044514632718446e-01,2.429009102390911334e-01
-7.236378200535219518e-01,-1.311830420394278496e-01
2.028683438634568403e-01,-1.809732609978324247e-01
1.965176013425634916e-01,-1.045341412375452861e-01
1.010855222673408410e-01,-3.144517669761653367e-01
-1.046070088611822241e-01,2.011124490970172055e-02
-7.688438605921634750e-01,1.336902415322460680e-01
9.572105519583920530e-02,-5.791524917372697055e-03
-1.022096656412526672e+00,-8.968020427258201199e-02
-9.732044255894741758e-01,8.360468587031337495e-02
-1.258230675283713573e+00,3.570621950674948697e-01
1.720614790441552522e-01,1.205859161793091938e-01
-1.424223750124662125e-01,-5.834427507531104728e-01
-4.167314051761822347e-01,-3.167168915372919197e-02
-9.106187445810686940e-03,-3.572777498380332872e-01
-7.589970496459297333e-01,2.776896708714709505e-01
-1.083179155695064511e+00,-2.115184857454631695e-01
-9.593599866618538474e-01,4.312340080951865828e-01
-3.609295188432070645e-01,-2.523393408206135724e-02
1.617355940209947440e-01,2.339805008096617067e-01
-8.608226991677357942e-01,-1.738525874452672981e-01
-1.309099499790137067e+00,-3.957478162793276466e-02
-1.147266402823974518e+00,-3.268592122997531768e-01
-9.704999493971682156e-01,-5.985767670688935810e-02
-1.198348553880223433e+00,4.509246177638751019e-02
3.114062466980332955e-02,1.509615845443755891e-02
-1.158952134625074182e+00,1.779902574153057471e-01
-2.102183785903693689e-02,-8.773930669988341813e-02
-1.982658811280697472e-02,1.586169233528587560e-02
-1.223278630554155422e+00,-1.332670215558003912e-01
-6.833606209572931078e-01,2.415260145272719039e-01
-1.374054324259200488e+00,-3.201098963908689532e-01
-7.437992022682005100e-01,1.277011274705721067e-01
-1.032770288048426299e-01,2.438972712816588617e-01
-8.584618094732212601e-01,2.864899263223801285e-01
-9.327906719327390128e-01,-3.026737043207794464e-01
8.121567173542210138e-02,5.779121690816734630e-02
-7.805231214799481787e-01,-1.537001392375393072e-01
-2.726973628523212678e-01,4.322709521795399801e-01
-8.905525115949300963e-01,4.008334069945621719e-02
2.609596027518628486e-02,3.842026718754539827e-01
3.888780068948566315e-02,5.000809586669854312e-01
-5.825832632219279938e-01,2.598152732679040455e-01
-3.041086893754948450e-01,1.425854423345292513e-02
-4.705084079245264173e-01,5.994950226842377800e-02
1.469087652904521868e-01,-1.364940700514287730e-01
-1.383162321210912538e+00,-4.211467603231613399e-01
-1.753757382442950596e-01,-1.331132788042699855e-01
-6.334712756621594387e-01,9.171049091529399899e-02
4.668856496846592041e-02,-2.959864424409123715e-02
-7.427728085469658126e-01,-8.739766142003488336e-03
-1.378825051547546199e+00,-1.944259675475168980e-01
-2.006841167264403480e-01,-3.830932262717686720e-01
-1.119019699631033538e+00,2.771239642739645181e-01
-1.033965412041268683e+00,1.074353665648836026e-01
5.037532739051029385e-01,1.038880358825242517e-01
-8.868455612751606487e-02,-1.335479635550154420e-01
3.390262484513647534e-01,2.168913712630515522e-01
-3.927738817607293043e-02,-3.025390751151352253e-01
-2.484178090312774423e-01,2.075309899282035686e-01
-2.185245085449831481e-02,1.154768708335189992e-01
-2.991461118383823004e-01,-1.700473450085780158e-01
2.072459456161713509e-01,-6.563247470568770447e-01
3.828913802237179365e-01,2.618964776742874756e-01
-1.089645820394350872e+00,3.766662070935941631e-01
-1.222344062502645823e+00,1.543627602969486756e-01
-8.041454838643924408e-01,1.104413631784798289e-01
2.165615181193372707e-02,4.243032238577456594e-01
1.286624098414198836e-01,-6.242958983927928557e-02
-1.053118327274900345e-01,3.036481206048660120e-01
-1.007492712051620387e+00,-2.879013726861263667e-01
1.640457580603180143e-01,-4.162545981686177066e-01
4.595167011533480422e-02,-4.674575391042147532e-02
-6.760454769229060634e-01,2.869787970556038001e-02
4.859319957129964451e-01,-2.566541564162250766e-01
2.825737682249453986e-01,1.987920708410270687e-01
-1.104708925431371114e+00,2.074130986738274007e-01
3.559734185752582714e-01,7.843541080576492408e-02
-9.050333947521377320e-01,-1.258391361041613365e-01
-1.110437490589970322e+00,3.848797161339090334e-01
-1.027447338981864577e+00,-1.893744022607679323e-01
-1.043836756874442218e+00,3.437589669846041751e-01
2.103025972915702549e-02,2.524971771447177549e-01
-8.221619406825676490e-01,3.066952877448314019e-01
-8.767403631915309248e-01,1.245161516985738431e-01
-6.434983092509751756e-01,-2.358255958565232957e-01
3.202944900165329289e-01,-2.476238275330178429e-01
3.748169537671782181e-01,7.476807851522275505e-02
-6.459198998161765903e-01,-1.025189856380239600e-01
-1.623578759194246601e-01,-1.713703012747794796e-01
-7.977925313215836756e-01,9.487769723323000171e-02
-1.355381723992438392e+00,-7.107829844668316077e-02
-6.351476802539115507e-01,-1.351722469708459828e-01
-2.668569717727008461e-01,-3.502776307122066335e-01
1.276166994006696417e-03,-2.877058470908746557e-01
-1.145191829344209600e+00,1.490888738265289393e-01
-6.419350974741297455e-02,-6.617032565938898991e-02
-7.963672821212905983e-01,5.421394894120985103e-02
-1.062484196763461286e+00,-5.866005213656605433e-02
-1.352519170499862700e+00,2.113873224289090566e-02
-8.858870116121442262e-01,-1.105605154884712199e-01
-5.569306957701801453e-02,9.745829601741930193e-02
-1.090117012498767357e+00,-7.826350012137116285e-02
3.936450490528216606e-01,-4.477422710154206342e-01
-4.752995960719258450e-01,-1.286695631381043758e-01
-5.765613804183822300e-01,-1.695317126588813950e-01
-9.261421369186690900e-01,-2.977500496051274093e-01
-7.876375607681774804e-01,-2.722425760294479580e-01
-2.493270991968802100e-02,3.697599930552741831e-01
3.381184928967359005e-01,3.956525852870983878e-02
2.021143218253833862e-01,-2.392206879575040357e-01
2.150046672408453263e-01,-3.806778909425686530e-01
-1.813496126354440241e-01,3.419137217859034017e-01
6.458011794270249184e-02,-1.864675964920832762e-01
-6.154793774771598613e-01,3.993683064333954785e-02
-1.247315698596571210e+00,-1.591963745636602034e-01
3.072735206338629843e-01,-2.387526808986699112e-01
-9.859405060280439503e-01,2.176601680428064678e-01
1.215776702892016198e-01,2.010660782027969273e-01
-9.971529133389235300e-01,-6.360580961432735214e-02
-9.391832847506355331e-02,4.264760756494451882e-02
-1.220299696834590053e+00,-4.407020756213919088e-01
1.179903331466469057e-01,2.777656018536461269e-01
-9.896536807657301260e-01,-7.585882627846717019e-02
1.388173944522661518e-01,-1.804023177812289214e-01
-7.073604023858172385e-02,-3.971595462634058826e-01
-1.278624712832881816e+00,2.195244983605608088e-02
-1.324877007305331755e-01,-4.422164641172119937e-01
-9.793339118534366561e-01,2.410187992766268938e-02
1.306070447735272755e-01,3.032832075805971250e-01
-1.257972542438034191e-01,-2.652404934611226617e-01
-8.909814394213477762e-01,1.086662159183182132e-02
1.175155224651130426e-01,3.893508064981132666e-01
-7.384300054211806463e-01,9.683801886471103681e-03
-1.127146678961514326e+00,-2.019739018352068038e-01
-6.287613965860010534e-01,-2.407594442737591156e-01
-8.036510312529685507e-01,1.048648860244486419e-01
1.105752025272949968e-01,2.826560191673071348e-02
-1.149642214419000608e+00,2.008808438070239233e-01
-1.372142995820713640e+00,1.596499271029209188e-01
-7.963288283325313799e-01,-1.318210951589187940e-01
-5.715985393545156695e-02,3.485739291351697688e-01
1.782575706489549494e-01,-2.655767830091507187e-01
9.056167115554296376e-02,-2.570424099080265701e-01
4.972690863334879377e-03,-5.920220888559458994e-02
2.766181236315665148e-01,3.213418557644444062e-01
2.540481464188008576e-01,-2.535367565301716031e-01
-1.441416882162079860e-01,3.533522499713933063e-01
-9.095156142674688526e-01,9.135760693341023198e-02
-7.737737560547054416e-01,2.935751427535732705e-01
-7.967200849994966472e-01,3.045407998018349882e-02
-7.032551843377972123e-01,-9.090452803228742801e-03
1.133402100796715301e-01,1.862092638062715910e-01
-6.715168576032601866e-01,3.141112651621973395e-01
-1.210462915930136663e-01,-2.481519054548409278e-02
-1.170438516909850568e+00,9.676410420724332329e-02
-4.173797838644342090e-02,-1.205421114463818832e-01
-4.143924436903355102e-01,3.169485059143934413e-01
-1.070603719944472232e+00,7.178506362005573904e-02
-1.021418760095896827e+00,-2.915495226715629218e-01
-4.978156023667738017e-01,1.895357286445658040e-01
2.732724710591059036e-01,3.399037057715281057e-02
-1.055281680415348866e+00,-4.119876059719320138e-01
-2.456722618479601286e-02,-1.708650703245020719e-01
-1.030805732157908272e+00,-2.427784734432546498e-01
-1.443444110812649228e+00,2.959542345064088420e-01
2.781204448535761209e-01,2.259380909385803049e-01
-2.362966602515942094e-01,1.335370090869197890e-01
-5.201233690373575635e-01,-2.293989750490469659e-01
3.426021137789871940e-01,2.467011885881916292e-02
-1.402670403274060562e-01,8.619393072931805233e-02
-8.527936902906524397e-01,7.784092820323319784e-02
-1.106093754822928155e+00,4.540265305075339569e-02
-7.697574009864888156e-02,-6.479568649940919967e-02
-1.226745665248452966e+00,-1.920025116201139193e-01
-6.674480920884077184e-01,3.253874439655665141e-01
7.740141903590701256e-02,1.894169924275902750e-01
-1.190005416746742872e+00,8.636762712860804325e-02
-8.682107714202000892e-01,2.643681238846203041e-02
-1.211137485606893271e+00,3.824386715273921378e-01
-1.465994413866235746e+00,3.880970676136917263e-01
8.206901114490303129e-02,2.001780489314413103e-01
-5.809377309902769015e-02,7.642124269024161420e-02
-1.285485422839123926e+00,-1.179752145979072186e-01
-4.107513122172052333e-01,-8.201386231815528671e-02
-1.165697188840297160e+00,1.038477854379023235e-01
-8.255597998731715181e-01,5.620161931170572500e-02
-1.349214266577847265e+00,-5.343030488596484107e-01
-1.068710005744692326e+00,-1.763138214081616528e-01
2.470695039680472493e-01,5.294801572832255054e-01
7.104491811550303626e-02,-1.913058354330726130e-01
-1.815783999391591963e-01,-2.179207745454731782e-01
-1.206309914833276986e+00,-3.426392706536887101e-01
-1.036400733603774826e+00,-9.797250240917899922e-02
-6.094682250101459697e-01,-1.158448789038146048e-01
-7.126427086328108729e-01,9.018247230356243871e-02
-9.318161402012459238e-01,1.987716231219196494e-01
-1.888407767245927071e-01,3.665326647246053837e-01
4.994129287555779673e-01,1.179353736130575314e-01
-4.477988422054459544e-02,-2.043790691621446762e-02
-1.237119699491002534e+00,4.718020622696318944e-01
-1.498334542222764521e+00,3.724757675291070491e-01
-1.713421906915530701e-01,-1.217628431924279581e-01
-2.385929832675497686e-01,-4.756179621276498265e-02
-1.056168696032894205e+00,1.181791881130428296e-01
-1.158210490344757509e-01,2.027392018225922937e-02
-2.913003029011138612e-01,5.477922522622145907e-02
-4.143118887936145245e-01,-1.003236028966862647e-01
-1.313858363318660905e+00,2.210172257178603383e-01
-1.191489422287154598e+00,2.073185004389521413e-01
-1.001270401990966286e-01,-2.259731986313685131e-02
4.991445180152705857e-02,3.623327989561199169e-01
1.722901868954720972e-01,-5.651590524243755853e-01
-8.111001032468548311e-03,-1.434962372525564467e-01
-9.481053222946414505e-02,-3.856932537377231185e-01
-1.070015545826333431e-01,-1.343447102431940543e-01
-4.238405000923692878e-01,-9.442952525662298702e-02
-1.352200371555065228e+00,-2.702243693461024443e-01
-9.355450218689578823e-02,4.436743968886946998e-02
-7.184118046179512884e-01,-5.616665207391177000e-02
4.228121331007831940e-01,1.098544063434223061e-01
-3.632970882895494302e-01,1.980259199742565313e-01
2.352380219606623468e-01,-3.552837531622030087e-01
3.301423224831158687e-01,2.606143289071848335e-01
-1.738090811403941172e-01,1.235959469659720505e-02
-1.239792515496601411e+00,-1.251495771540768187e-01
-4.894238188876268159e-02,4.002556644220659626e-02
-3.027636547477341455e-01,6.055707534822993982e-02
-4.631247093681380989e-01,-2.322001414080274995e-01
-2.162459644204069512e-02,-1.420378805488081153e-01
-7.619805669729587949e-01,1.192409572178896593e-01
-1.149238783852166046e+00,-1.985267019218625029e-01
3.649860106689486461e-01,1.263593208127518699e-02
-1.028028984841858673e+00,-5.434190434190464547e-01
-8.538017881473769499e-02,-8.077734623342497020e-03
-1.211261483235700764e-01,7.795478317925610967e-02
-2.343009414599462603e-01,5.284709972231012021e-01
-1.185100748015623262e+00,4.890936440249823436e-01
2.735660870905073372e-01,-1.391459079464964499e-01
4.225784992935675555e-01,-1.879020100991998510e-01
-3.269325687201708307e-03,4.704591131310988938e-01
-9.827496450074164613e-01,5.942716434880288556e-01
-2.336580547366791105e-01,-1.835807677885744893e-01
-1.334087880959287986e+00,-2.652181099694829736e-01
1.949560231406577970e-01,1.994459565433590043e-01
-1.471892843182151633e+00,-7.630962110683947586e-02
-7.962347745683435729e-01,-1.055810510007336445e-01
3.131124219746573845e-01,1.170588057811852711e-01
-1.055214414887307939e+00,3.676390739377408123e-01
1.334045373664366485e-01,-3.327276770095604075e-01
-1.085228431236916702e+00,1.665324675131507060e-01
-1.177864815491924455e+00,2.753367995599013129e-01
-4.391849770449448576e-01,-1.381225026153803381e-01
-9.542937768131179999e-01,2.525665187003465206e-01
-1.244260224484454030e-01,7.124109758043002671e-02
-1.232001029505170431e+00,-3.884306569772043582e-01
-6.025871629483470215e-01,1.510122230324611459e-01
2.277989743958208357e-01,-3.469523633695007492e-01
1.214284483130418785e-01,-1.869868283043765039e-02
-7.722916323193142196e-02,-4.526504931793169928e-01
-7.353788962952585440e-01,1.659127221794529372e-01
5.435012148085252570e-02,9.885552525670922297e-02
-1.218747699538613727e+00,-2.505843337722360453e-01
-9.204150582066976671e-01,1.202831506233800335e-01
-7.737398764187339850e-01,6.304487981977387190e-02
-5.057722077219298229e-02,3.945839018045623758e-01
-2.093725151275389329e-01,6.148242092252299840e-02
-1.697520216670736493e-01,1.551956501824677684e-03
-1.407979061288385791e+00,2.236657221822416775e-01
-9.519896818691551132e-01,1.753894878119797718e-01
-1.162087424979349137e+00,-1.415818189835823526e-01
-1.754417132240620458e-01,3.194069943189810079e-01
-7.817778984730046066e-01,7.055942978035649460e-02
-9.755764126543168269e-01,5.445582256655562281e-02
-1.584777593330816692e-01,9.532044344320131368e-02
-4.852537267462133097e-01,2.795526529011392869e-01
-1.183913644846433133e+00,1.727906675688244825e-02
-1.282255681702590966e+00,-3.534549856738784523e-01
-2.953619097174697145e-02,1.047250709442099359e-01
-1.080251308013042921e+00,-3.879277521104984583e-01
-1.615058142968286981e-01,-3.282649803403954458e-02
-1.884965674937300883e-01,-7.560435326182213256e-02
-6.633136050989745236e-01,4.009929856679021049e-02
-9.768460297718681851e-01,-1.115697821985649346e-01
-8.180928380600251126e-02,1.326952451717681447e-01
2.204448438145205913e-01,-1.968732912529119472e-01
-1.127450772235069204e-01,-2.342547968625290911e-01
-9.463375493870684885e-01,-3.381404376671734435e-01
-1.127473254646809142e+00,5.818175487381856831e-02
1.852697611148143020e-01,-1.825574102043771019e-01
-1.278609007723514823e+00,3.230005759127928255e-02
-2.114191121932570971e-01,-1.154731217942882998e-01
9.211845685948866908e-03,-3.945548300955080134e-01
-7.857314541075141601e-02,-4.056322167590321603e-01
-1.932178028392349256e-01,-1.657185187003263893e-01
-1.178762819048346344e+00,-3.493092114129290882e-01
-1.879464204887465739e-01,7.429161904434223862e-01
-8.508106818434441054e-01,-5.931035570780744150e-03
-6.859095725537157906e-02,-7.855446066650458026e-02
4.201351345710880869e-01,6.168724219093000283e-01
1.424492096096162397e-01,2.130877363804531965e-01
-9.633296703617405532e-01,-1.564460220029496307e-01
1.595437730236563267e-01,-3.613732046940590359e-01
-9.545738029841320804e-01,-4.322636155379692979e-02
-1.014215214537260490e+00,-1.713746019732365899e-01
-1.449129288083292055e-01,8.607603476004571652e-02
-9.405733137884885187e-01,-9.849712586865749797e-02
-9.754510369850517559e-01,-3.169076130535136010e-02
-1.048855554466479267e+00,2.042974225735505467e-02
-1.148114566493453115e+00,2.702671189241486957e-02
-9.463859169563403062e-03,1.537774106033848176e-01
-1.675184684821809100e-01,-5.075598496867900211e-02
-8.779659018461783981e-01,3.184281171959548740e-01
-9.413872098974174207e-02,2.696929326045211517e-01
-6.397152629035044447e-01,-1.491955959891075323e-01
1.983137725603063839e-01,1.121148313367169858e-01
-9.836050785257340889e-01,3.966436953785740238e-02
-8.520152827086711900e-02,7.151893589964500308e-02
-8.382087141972873745e-01,1.667136799298186700e-01
-7.454263443636082176e-01,-3.002187023699395274e-01
-8.362591030122773494e-01,1.646891132250722367e-01
5.669990788799232906e-01,-2.884449871725552339e-01
5.491328910466154456e-01,-1.743930936217686634e-01
-1.044033750730827270e+00,3.065361023683181307e-01
-2.369233465359018784e-02,-3.211770868827263509e-02
2.021686023470155302e-01,-7.089442491817879444e-02
1.847410157716448398e-01,3.440877963617038765e-02
-1.402005625145632817e-01,-4.403709417298143358e-01
1.644589576749003468e-01,1.215275590252391930e-01
-1.229447809241414509e-02,1.973785067138834337e-01
-7.779704226492231145e-01,-3.014476575331549446e-01
-1.003922123405889932e+00,2.611360861492150257e-02
3.004339676698015993e-02,-7.875820417367568327e-02
-1.337211640714478289e+00,1.938936265980063800e-02
