e_score,v_score
4.181273314836111282e-02,7.075193757535449546e-01
-6.345913070153542945e-02,9.517964104947854720e-01
1.557743033214786244e-01,8.282597629713723819e-01
1.157754600262171085e-01,8.114292050869014172e-01
1.555714941029304188e-01,1.239809070629899646e+00
-9.053147986313547779e-01,-3.160677533312740949e-03
6.293203017576066705e-01,8.954811580018583461e-01
1.319891382657354395e-01,9.751451707933465052e-01
-3.803671039757787198e-01,9.230973560486743779e-01
-9.302646136496793838e-01,-6.620098264606971705e-02
-1.048729800460790340e+00,2.176801697765535226e-01
2.056673125822109927e-01,1.056528200277059737e+00
-1.015928667322048229e+00,-1.854440224253240885e-02
-1.151896051840124668e+00,-2.332231978697968389e-02
-2.446602943491578419e-01,8.899432395107047533e-01
-9.223260639133682437e-01,1.791252831779950871e-01
-1.752766489283930362e-01,1.241010018103250179e+00
-1.023925314768613148e+00,-2.683855453108269229e-01
5.428060085089496389e-02,1.297182965364793494e+00
-2.045747834909646123e-02,1.125290008947493092e+00
-4.404402184016091848e-01,-1.970684810169675560e-01
-1.297354116252286804e+00,-5.386588905028891205e-02
-5.186446721398072501e-01,-2.526696417582209309e-01
-1.302824574091435039e+00,2.078737521752722639e-01
2.490730678153143529e-01,9.457192005767299792e-01
6.325114074898169347e-02,8.852623735142977068e-01
-6.946019835714156709e-01,1.707327033372796066e-01
-1.214248635036398571e+00,-3.535182452321738444e-01
9.445496724273716796e-03,8.227260533435591938e-01
-1.251663468954341107e+00,-3.982971397680297454e-02
-1.179538397053327525e+00,-1.423825991221599196e-01
-1.283470327944774558e+00,1.798309879516849646e-02
-3.157890926857706004e-01,8.671424897208747096e-01
-6.039258528337703158e-01,-1.089453369573049474e-01
-6.395599734088261434e-02,9.270194561883933204e-01
3.045488807991897362e-01,2.543871602985694480e-01
-1.075555074273609302e+00,2.374500762251804259e-02
-1.038641248510955850e-01,8.906833628752952592e-01
-7.090223282446606046e-01,-5.004645402220451664e-03
2.049888470703805921e-01,9.676812947375156293e-01
-8.603554909663801986e-01,2.101730865731941608e-02
-2.260831027622020595e-01,1.238287866588822617e+00
-4.254045573333677943e-01,-1.056639610139980812e-01
1.555559428553827950e-01,7.286082428618622098e-01
2.825506168399833859e-02,9.496976705655892914e-01
-4.187348025595166168e-01,1.323092647041945735e+00
2.071111658448858139e-01,5.704509248485636341e-01
-3.351871200740881851e-01,1.141346734885116510e+00
-1.116475181642475389e+00,-4.256807012332750606e-01
-8.597923591529823550e-01,-8.887929650005244042e-02
-9.238631572277120618e-01,2.654503160148729557e-01
-1.121742857560395379e+00,-1.057404034578063867e-01
-3.531467168879218743e-01,6.984236194323711899e-01
-2.208288470391075731e-01,1.273325557920706785e+00
-1.519291354892298163e-01,1.112156227118439977e+00
-2.805892903147429451e-01,7.436461267148193333e-01
-1.666070403655919019e-01,8.639654386542583442e-01
-5.362746259558203582e-02,1.516336167624527498e+00
1.353924535840123761e-02,9.111121902165402187e-01
-7.436806325444176302e-01,-2.930911291400897234e-01
-1.485942907792229040e+00,1.753169184969110006e-01
1.349384899286678041e-01,9.695775023134970416e-01
-9.558282206700039474e-01,1.452399183629838886e-01
7.256280816585600202e-02,9.746044609483085486e-01
-1.012084083035616366e+00,-1.359820311766337109e-01
-1.305791933747493028e+00,-1.381397246517228894e-01
-1.068390172570224950e+00,-2.445111581292027381e-01
-7.418112505281739821e-01,-8.448298586541319599e-02
-2.843386116196054414e-01,1.226878863416242638e+00
-3.432883318095601363e-03,1.185303779554615744e+00
-9.404970928526560359e-01,-6.754489205936504981e-02
-8.675174887163256826e-03,5.497214225594135861e-01
-5.982295925018092930e-01,-5.284351164479730301e-01
-3.074602496056081380e-01,8.390726508312271736e-01
-9.847564719547200474e-01,1.136465201331290642e-01
1.587621992797592640e-01,9.798266073955774758e-01
-9.573204222438661537e-01,-3.455809409439061231e-01
2.664741355151150227e-03,1.347421407249625336e+00
-1.096159137845561959e+00,2.029835067729330311e-01
-6.760815697819536618e-01,2.020697243993343217e-01
-2.519128575575824702e-01,1.357589973554423679e+00
-8.045182118686291517e-01,1.343973027288404565e-01
-2.182527215891306160e-01,1.013130191194104412e+00
-1.631380335384482322e-02,9.183388950400853679e-01
-1.105122157881324174e+00,-2.856463141154692159e-02
-6.205201495246711607e-01,3.076276879696469568e-01
-8.141279617535704394e-03,1.151837264516094583e+00
-1.573368165717605183e-01,1.011037076427545367e+00
-8.332549000741077405e-01,2.868206382270526572e-02
3.434736704369897864e-02,1.009367456064164337e+00
-1.159004267898458451e+00,1.313659335777762338e-01
-9.131057253695047393e-01,1.529359034374319637e-01
-1.193736392764197962e+00,-1.216192467345513645e-02
-9.044854838569665878e-01,-4.315498190220867780e-01
1.413375078634752924e-01,1.366993122129843918e+00
-3.245788903101552991e-01,8.120053259713937432e-01
-1.073063903741978020e+00,1.037582589431532976e-01
2.478172833751623658e-02,1.187615832399336657e+00
-1.200760580556420987e+00,-4.013168724080119765e-02
-1.179850649693139353e+00,2.609831677972016539e-01
-8.555131946325988945e-01,6.407599162172417095e-02
3.649045938291733959e-01,1.028435879410414922e+00
-7.127464782072467919e-01,-3.669034568638895877e-01
4.908407658018359987e-01,8.668475452247216273e-01
-7.972763652518892741e-01,-3.022572878878438951e-01
1.652932990436365157e-01,9.347391723922396922e-01
-2.420145276885772856e-01,6.827567154099758451e-01
-9.856357436241403036e-01,2.266215771452222971e-01
-6.129817382977913454e-01,3.197545138455545194e-02
-6.620652734611154333e-01,1.252296931533754543e-01
-3.685946575753358545e-02,1.012859883873474365e+00
1.296461482732133921e-02,9.416772593980188288e-01
-1.219601240232145001e+00,-2.427467464248914686e-01
-8.544081574127204703e-01,-2.221534456944868063e-01
-1.244944218423548632e+00,-1.360551232470192384e-01
1.533468521215401170e-01,8.321279117111470836e-01
9.280369421876800973e-02,8.745880813351977201e-01
-6.853028632003241860e-01,1.336012519242378918e-02
1.063083235987965919e-01,8.845107940638977650e-01
-9.714196574237032866e-01,2.360146955215760289e-01
-9.292230021903132853e-01,5.013456566120753216e-02
-2.782289114361900101e-02,1.185971405770806175e+00
1.137602140400765238e-01,1.103708397561704579e+00
-9.001663126063558229e-01,-3.102636487599779724e-01
-1.142631735287030548e+00,2.764378250731731046e-01
-9.074984621272147445e-01,4.676754598674545682e-02
-1.255982389572889157e-01,8.184640852935507471e-01
-7.383596991270555687e-01,5.095872769847617501e-03
-7.982164729177450013e-01,5.035607445216623290e-01
-1.799527273575070307e-01,6.843625798897561285e-01
-1.025571019371452897e+00,-1.442283053057078490e-01
-1.390157537889421535e+00,5.594393110028305499e-02
-9.549424413616227625e-01,-1.504137605525202037e-01
-1.119839616755082368e+00,-2.159485505763729940e-01
1.019453857506584793e-01,8.533171288647132258e-01
1.860539878048829976e-01,1.182851567052412900e+00
-8.962820413633169059e-01,3.165414571374088326e-01
-1.410580487588226850e+00,-4.255758246262962563e-02
-9.234924774335842024e-01,-1.399938890630202382e-01
-7.715567263154208266e-01,-1.964353126208685241e-01
-7.955422677166175127e-01,-2.128902911219428817e-01
-8.964493043271040129e-01,1.235900581265329673e-01
-9.406531857203899172e-01,1.191980515123061135e-01
3.237909860976036919e-02,1.406273524443343526e+00
-3.755582076014936099e-01,1.197788371877598124e+00
-7.095262710884175927e-01,6.242397933409721267e-02
-2.830547674244434098e-01,8.543883115470490841e-01
4.142117953234790706e-01,6.319286653027569312e-01
-1.149957295096641685e+00,6.606192963313908817e-02
-1.125778219108914735e+00,1.252155265847657295e-01
2.198055041291716305e-01,7.604204352400357747e-01
-8.236740927944683488e-01,-4.255805625575285189e-01
-7.969343678326469282e-01,1.313083682761046478e-01
-7.065175265489609391e-01,3.100802921809031609e-01
-5.887217183697815992e-01,6.779168747224958991e-02
6.184134991986980912e-02,1.230857183391993015e+00
-1.412517462895300335e+00,-1.236173161497359230e-01
-3.578774278233285422e-01,9.370336822722329373e-01
-4.151467409139485143e-02,9.554639335451059479e-01
2.028847772274574579e-01,8.396958722796701302e-01
-5.318086503521405467e-02,8.922455562060210843e-01
-1.036187637426310149e+00,-1.341474558441380360e-01
-9.135831244679218921e-01,2.749279609264522473e-02
-9.897470284865987900e-01,-1.952805493652139124e-01
9.996826275189710231e-02,1.282485352029083092e+00
-1.108414170224358175e+00,-1.213042290868018153e-03
-8.045934268298979841e-01,-4.358883099277232470e-02
-9.859201949427566225e-01,1.522579319513921725e-01
-1.138965312313700906e+00,4.905939170397031340e-02
1.311379470282144910e-01,5.973363243823229807e-01
-9.487834413103117814e-01,3.820152689285047365e-02
-4.943012048839450640e-02,9.987588789621599794e-01
-1.277542386256962925e-01,8.711748552453896233e-01
-1.295838384269323740e+00,2.106537549597616854e-01
-6.651465375932239521e-01,4.296684497638886824e-01
-6.954839473862413080e-01,5.548476307206255953e-01
-3.410209346425280286e-01,1.322222813179500633e+00
-1.077593481319223834e+00,5.446286206867585050e-02
-1.052638136316796924e+00,-1.131310937079359064e-01
-8.512776676993101255e-01,6.576779673866631204e-02
-1.261885870553808298e-01,7.732425940967779798e-01
-9.642598514756166583e-01,-1.524671379618872391e-01
-8.083414385737260899e-01,1.585471273666591574e-01
6.455053594301878028e-02,1.419295711443451680e+00
-1.074099004704416549e+00,2.479409736364769079e-01
3.376217084376399030e-02,1.187602471547244631e+00
-1.280181683500518641e+00,-4.336549448481601399e-01
3.434645721931041396e-02,1.091099802687062414e+00
3.234310275307700766e-01,8.873255970638176393e-01
1.916687946426363642e-01,7.711363671193209868e-01
-4.511630492228701356e-02,9.604529126771625958e-01
3.718393212571556861e-01,1.268351317387183874e+00
4.362019291566446300e-01,9.849723311730379516e-01
1.718743495575821012e-02,1.139106522732817872e+00
-2.746721850509808993e-01,1.128281158146816621e+00
-1.136635113467108882e+00,-2.185314059694309086e-01
-8.105847828964314328e-01,3.594104080968218290e-02
1.142605834738250337e-01,1.367328353253334905e+00
-6.268416084520990195e-01,1.479538461633291523e-02
-1.230097738051853407e+00,-1.689402102955626372e-01
-3.783073549101389349e-02,1.289190235798946649e+00
-8.152007008379337227e-01,4.097125699215121153e-01
-1.265212776392717453e+00,-8.452994892706072738e-02
-4.357288283346860691e-01,5.084613345032111820e-01
-8.915151327688917160e-01,1.894610231429288139e-01
-9.219669861760643181e-01,1.262450620447783459e-03
-1.787439028342858172e-01,8.592214837827376606e-01
-1.253060332360830476e+00,1.153924677116984279e-02
4.427718650656955468e-01,1.003523281418279289e+00
3.575358561859246498e-01,1.134529183765887739e+00
-8.535479480565942856e-01,4.998573491123192714e-02
-8.130568552652801539e-01,7.920832365270887021e-02
-8.696115834649384979e-01,-7.774362539137215367e-02
3.557871632425438913e-01,1.112253557095857381e+00
6.431962357163834021e-02,1.455855880460135365e+00
6.309688068728554200e-02,8.019755132373940221e-01
3.203921291940290961e-01,1.113955129575493475e+00
-7.867287020615930659e-01,-2.419539218171697370e-01
-1.232355493101436217e+00,-1.971413883322701566e-01
-1.056284007739450442e-01,9.732869416455494083e-01
-1.154669604682422746e+00,-1.735906892073392493e-01
-5.132922147030899440e-01,2.430604676507767681e-01
-3.042471259107972781e-01,1.220451430711370744e+00
3.159235235534540442e-01,8.472871257733027850e-01
-1.061783518191366182e+00,-1.170187115969292535e-01
-1.006346185800948367e+00,-2.719650576879276832e-02
-1.362239143536325414e-01,9.772704658876542050e-01
-9.218425093776966284e-01,1.314527662294276700e-01
1.482131869886323672e-01,8.701933444761603687e-01
-1.000548801545345645e+00,3.467694587811328555e-01
-1.132522003900848118e+00,-3.464840273820335437e-01
-1.063712375725315518e+00,1.489705775049690040e-01
-2.168432708820955401e-02,1.018065931445965688e+00
-1.122373417724547684e+00,-2.866619462501874827e-01
-1.111827624788837010e-01,7.331129663709414768e-01
-7.081431219581679759e-02,1.125048796297068776e+00
-8.970480861324366950e-01,-1.014812143526154509e-02
-1.796306671831393587e-01,1.102902580216503781e+00
4.543892929025869498e-01,9.949567641674185170e-01
1.805873717048553651e-01,1.113456590972573990e+00
6.646055823952300157e-02,1.275777871423970922e+00
-6.373248226057445232e-01,1.535718210415202012e-01
-7.835863977453167983e-01,-1.092626496681106257e-01
-2.965764556465083079e-01,7.981188786284230119e-01
1.707958118302728978e-01,5.027235955093243280e-01
-1.781464027988506615e-02,7.564550895972006472e-01
-8.876485379999982106e-01,2.424878671617305137e-01
-7.280793437475319152e-01,1.787519409150118699e-01
-1.697726647557784851e-01,1.156803594568044380e+00
-8.262095488931562315e-01,-2.015325773749249705e-01
-1.157609904207471674e+00,2.054764520787644710e-01
-1.055630676007556640e-01,9.127830997885311159e-01
-9.799709994548126968e-01,1.371446521177732414e-01
1.676328197349873927e-01,9.504288954189241689e-01
-1.025722798221811782e+00,1.371660524301374917e-01
-4.218955644063052124e-01,9.797682392991545752e-01
-5.142057768213676994e-01,9.006170563914704941e-01
-1.065460379324179307e-01,5.932155737795412609e-01
4.505402752527512544e-01,8.771038373765251972e-01
-7.415776190490135089e-02,1.353618890847410716e+00
-4.359020525383960898e-02,1.064629598550252298e+00
-1.044582710312415452e+00,2.021557452873395666e-01
7.365572315755586309e-04,6.296067097386159883e-01
-1.277859895581814564e+00,-5.141876508118709693e-02
-1.228028726372400570e+00,-8.847257347628938173e-02
-3.322163615263282188e-01,9.336132067354484532e-01
3.682624278168591253e-02,8.133845854120693719e-01
-9.264093028612228053e-01,-2.188475403932769459e-01
-9.455591224763366665e-01,-2.528491426399828712e-01
-1.002104198891436315e+00,-4.065770751889773659e-04
-9.837002055462202854e-01,-1.957127549149410561e-01
-1.037791261134967336e+00,2.130323760619633189e-01
2.916713215367681689e-01,1.233193459840060235e+00
-1.154841135188464429e+00,-6.439897653735994487e-02
-1.221466627452280074e+00,-2.450978348428376752e-01
-8.809438648298770769e-01,1.917465265831122534e-01
-2.027417842082526456e-01,1.138938806426635475e+00
-1.111541382980766546e+00,-2.985425383506525310e-01
-1.263464137304077362e+00,-1.106620410113913766e-01
2.220507029308433633e-01,7.530648234294289312e-01
-1.099977130079762500e+00,1.548395662972527342e-01
-1.150557781131631152e-01,9.540930694406173362e-01
-7.841921291114333226e-01,1.650416842964414210e-01
-1.275204307828078587e+00,-2.733106202811952934e-01
-2.511250099920835921e-01,4.961908414765401343e-01
-1.097544641787595032e-01,9.799324178618656900e-01
-4.025510135132252115e-02,7.708435860716348342e-01
-1.158409874771508585e+00,2.829918629525324247e-01
-9.269158580370566725e-01,8.154118886510597353e-02
-7.391788308952226272e-01,-1.600376668420650517e-01
-9.683671348080163943e-01,-2.204956938109800188e-02
-2.287657436802735533e-01,1.171811995586564237e+00
6.036454017614602263e-02,1.096755134699796796e+00
-1.390625819089456594e-01,1.438479027769482554e+00
-1.254730758385099509e+00,-1.159852410779686482e-01
-3.097617573143415792e-01,8.022209143887584215e-01
-7.651753954649510581e-01,1.333477860092100176e-01
3.019588079673291570e-01,6.032710963945897564e-01
4.551675460014806274e-01,1.269115358914687519e+00
2.749914345951785521e-01,1.048208243963096420e+00
-1.273096580349448947e+00,-1.343654224844829659e-01
-7.383461235052865557e-02,1.230831038515896703e+00
-1.884450579893198197e-01,1.103346495253012760e+00
1.512830662026723103e-02,1.360227831041841418e+00
-1.076894278520592163e+00,1.063653547932984084e-01
2.197733836685016873e-01,8.681023021312490595e-01
-1.163087511830922072e+00,3.810078174655407574e-02
1.671199840688205847e-03,1.168812719958168156e+00
-1.170750416375023306e+00,-2.564615901708273971e-02
-1.141572369491553746e-01,6.378249255732038048e-01
2.327975438939873798e-01,1.158136611427606821e+00
-1.115771780314450012e+00,3.547093949451719519e-01
-1.158797492081597325e+00,-1.146380310895811355e-01
2.251947628756447717e-01,1.057240179003450242e+00
-7.742037685515819057e-01,-2.432332947897445363e-01
-5.614113854627864608e-01,2.907192421057968046e-01
1.114748051524268174e-01,9.645198815887057187e-01
-1.080918135609726161e+00,2.463771665157538440e-02
4.005532827870343648e-02,5.441732032326662694e-01
-1.027155244362413677e+00,-3.388649585653653040e-01
-5.649348267955967007e-01,1.276821946732348056e+00
-2.695067084006828595e-01,9.694085432335071140e-01
-8.087486443978442185e-01,1.420615096103727826e-01
-7.566652703430065685e-01,-4.267173705526529637e-01
-2.085004832134689234e-01,9.464271007214236642e-01
-1.329525866900391762e+00,4.635001234185933128e-01
2.601757395881879598e-01,7.262005554475869928e-01
-1.178064074556629759e+00,-1.248053704945132208e-01
3.581591042927185220e-01,1.051044024177034464e+00
2.643061155053411104e-01,1.032796888165847138e+00
2.097412112178818899e-01,9.172563760625723761e-01
-3.068216762364902594e-01,8.186393330528195511e-01
-5.540371126792389966e-02,9.525203941781835715e-01
9.467072319014949167e-02,1.380243737394901471e+00
-5.309986368984802307e-02,1.147262260441339832e+00
-1.102320906882357843e+00,-1.434775059505372097e-01
-7.445895290342023909e-01,1.026051072443680823e-01
-1.334621614065049977e+00,2.079708060728095373e-02
3.406834512423531202e-03,9.502489639435439672e-01
-1.191340560332541987e+00,-2.433112090633685054e-01
-1.078619673243611521e+00,-2.104098991965213383e-01
-8.280442956293754264e-01,5.777260487106040954e-02
-7.550332156777417314e-01,-1.545702340419480847e-01
-2.886668232282149291e-02,9.965109525401687485e-01
-7.281608580459282276e-01,-1.429470703817248556e-01
-7.961408259542183119e-01,1.062024918935443180e-01
5.499148689908679721e-02,5.039815538413651153e-01
-8.921157604035312438e-01,-6.491322873609331467e-02
2.956417897690862273e-01,1.103586233577553033e+00
-8.723097471239191769e-01,2.091460466265918083e-02
-5.995789885093543159e-01,1.627537138112437054e-01
2.767884446480280425e-01,1.253485236821353155e+00
-1.400632708595495268e+00,1.774794207586575800e-01
-2.059311536411613242e-01,1.295759609999453277e+00
7.457701479805410594e-02,1.091082037507917102e+00
-7.290964458616666644e-01,-1.614689383651452814e-01
5.051317418799076975e-02,9.681323881563527189e-01
-9.062369553041567105e-01,-4.782555894176724817e-03
1.489662034163896087e-01,1.206108064555572623e+00
8.971087182823626882e-02,9.048895503658050954e-01
-1.203340990704919067e+00,2.798727977677730738e-01
6.343194237398794288e-02,6.652705373170997305e-01
-1.113385743563751085e+00,3.475619735232108459e-02
-1.203413137920111176e+00,-3.836937999531382371e-01
-4.876598102606372054e-01,8.225165844405890603e-02
-2.036914594872224760e-01,8.967998225271015533e-01
-1.085281180224945130e+00,2.320197831872235772e-01
-1.070279885898157701e+00,1.823153244764249836e-01
-4.630833330508007384e-01,8.783487720345777294e-01
2.965351488462023011e-01,1.000178310256214731e+00
-8.352259430766408865e-01,-2.453017949876864223e-01
1.359031056405047844e-01,1.131830186262261062e+00
-1.107714773481716541e+00,4.383211485799770601e-02
-2.207160772979886720e-02,6.034546525472288536e-01
-9.437105760445969604e-01,-2.834739688434894100e-01
-9.889300363380284509e-01,2.158080539161821576e-01
-1.264794138502344012e+00,2.380180634479341362e-01
-1.159934963957901521e+00,-5.243112756138540442e-01
-1.055931730128088386e+00,1.599144053681922362e-01
-4.020839264399133084e-01,1.156547297641746574e+00
-8.982419330337954033e-01,3.998278800286415580e-01
-1.244935698095388371e-01,5.939560588724068779e-01
-6.127938975367628327e-01,-3.963314423152687338e-01
-7.149675241467502440e-01,1.242430337743646085e+00
-1.203761813778888357e+00,-3.666543502816344002e-01
-9.664067715724286023e-01,-1.181909411914824903e-01
-1.010827795996335432e+00,-1.270357217998411004e-01
-3.766783652682913902e-03,1.347054781477949659e+00
6.476196053270834307e-02,1.204568159207866307e+00
-1.089328652311415624e+00,1.837875656923724788e-01
-1.104362747078206031e+00,-2.093810795188083274e-01
2.057298599793133329e-02,9.179990520356146044e-01
-7.639457252820970323e-01,-3.120238653431205988e-01
1.450738871077329739e-01,1.292256273893309881e+00
-1.194644727321412914e+00,-3.487475034338130553e-02
-8.298241642849119026e-02,1.140177879340733114e+00
-8.382240291976426061e-01,-1.278258052759400666e-02
-1.386391759420708136e-01,9.457251147208880493e-01
1.667925967270171284e-01,1.230747345947318605e+00
-8.991450922827524117e-01,6.730964643183214025e-02
-8.941312109542098874e-01,-2.104678762066798381e-01
-9.017784346027901687e-01,2.806778685175952415e-01
1.842786318584539451e-01,1.511999225594223839e+00
-1.149152414893242380e+00,1.027960756509821022e-01
-1.025563251028050127e+00,1.955531801469081454e-01
-1.360991514337829944e+00,8.323959408587573716e-02
2.322978419700451047e-01,1.058853623852966885e+00
1.499930140013539803e-01,7.931322633478956607e-01
-6.126206752679768108e-01,1.197304611248114492e-01
-1.192866105630678186e+00,2.676315702446488767e-02
-1.073897751306010839e+00,-9.946034527606831266e-02
-9.034282770092962878e-01,-1.132434603283000718e-01
-6.302891371282457467e-01,-2.033743933182246416e-02
2.379168083550131998e-02,1.213019695512163931e+00
-1.279765842085305028e-01,9.132213466330587615e-01
-1.082582317226974400e+00,3.038042579415381472e-01
-1.026829970791475422e+00,2.208855519759564678e-01
-1.075944810397476026e+00,1.975491639514582176e-01
-3.350565031299076457e-01,1.383964174647100531e+00
1.144121516188736087e-01,7.176158152977791804e-01
-4.938687437382860423e-01,-4.673694441363643315e-01
-1.134571164627602435e+00,-1.984070489573147855e-01
-9.390120854803938322e-01,2.938973711294839419e-01
-9.543923801215450364e-01,4.277653231026716518e-02
-9.580557075130539113e-01,-4.033784459904174446e-01
-1.341356012740485992e+00,-2.874220898755438514e-01
-1.133525315471995754e+00,1.223065482754848998e-01
-8.315273633284243626e-01,-1.528522967308956204e-01
-1.421122853966048094e+00,5.130382687579934098e-01
8.949157114563784099e-02,1.118825571064192115e+00
-2.089354650193609164e-01,9.412130428489112743e-01
-1.320333042102459498e-01,7.499027616455393730e-01
-3.748007966425882520e-01,1.158356533172078429e+00
-2.645617557063105474e-02,1.026107662375223661e+00
1.697947479466824228e-02,1.351844260283871169e+00
-4.393793092540858036e-01,5.208153946784170873e-01
5.314035144649003062e-01,9.088568215503161074e-01
-8.884031420196113471e-01,-1.964706783841484866e-02
-1.004374525405574037e+00,6.724652684360510335e-02
-6.050686705174129071e-02,1.001949452289491171e+00
2.353004813190728156e-02,8.159215841417362114e-01
-2.421836901879777515e-01,9.823851564188263996e-01
1.377655474788425441e-02,5.954755929631939670e-01
-7.145625364044589922e-01,2.661269658410294614e-01
2.019565377907364123e-01,1.106123817552367772e+00
-3.647482858500294273e-02,6.898965788356754558e-01
-1.179401274051409931e+00,2.136809742492394582e-01
-1.290584975416964930e+00,3.423049144051808212e-02
-7.643283715305201342e-01,1.084286281025003823e-01
3.776680397088556518e-01,1.238675191127609931e+00
-7.077266497550076529e-01,1.344890132769728797e-01
-1.431647233221832773e-02,1.112346408079163629e+00
-1.363394437851795038e+00,1.796648728538473572e-01
9.852975686079119833e-02,8.382481259508252069e-01
3.773833239249644866e-01,1.027398092755796633e+00
-6.079919544176302926e-02,1.223143658319460148e+00
1.478496085261182535e-01,7.087806803957562574e-01
-1.073194208054244703e+00,1.151942493920922600e-01
-1.021963855647797903e+00,2.247188169138919500e-02
-3.863281834597017128e-01,1.262431916502266160e+00
-8.432528136847168287e-01,8.126694557887816084e-02
2.904373873007623508e-01,9.149986225935726747e-01
1.736619243743183771e-01,1.075548485892051209e+00
2.552758764979682349e-01,1.303579377050647414e+00
-8.854083722543401036e-01,3.037630602578832439e-01
2.093215378157128048e-01,9.066967738806528398e-01
7.218399749616911942e-02,9.418133289123246099e-01
1.695850636309693404e-01,1.212324641574050732e+00
-1.330130697781588323e+00,-5.332953111833814430e-02
-2.014991233040699381e-01,1.053706301874596019e+00
8.795921533877956722e-02,9.205266492856958305e-01
-1.561394228525870842e-01,3.348359997980462355e-01
-1.313211715918311207e+00,2.473616193904479288e-01
1.732495532648215819e-01,9.374115444748455372e-01
-8.720488793711123066e-01,1.799085459912863061e-01
2.697220706966736194e-03,1.020728387371045098e+00
6.356024462535050934e-02,9.008920588860552803e-01
-2.757476267637988254e-01,1.196897424885715377e+00
2.346792315118418071e-01,1.207126447579757622e+00
-8.156585421788085100e-01,-1.180643569772433371e-01
-1.158111428752524596e-01,9.895750632873770991e-01
-5.481239268551616611e-02,1.062959043176634255e+00
1.422254011923743955e-01,1.162323526433983067e+00
2.774191466601788614e-01,1.135317555220219266e+00
-3.104856714013047581e-02,9.876033069898066952e-01
8.219138146866268591e-02,1.163957467812717805e+00
1.459194743669777194e-01,6.858658008872757783e-01
-3.501147554373368201e-04,9.734146488578289125e-01
-1.070731770500694235e+00,-1.165159420601550727e-01
-1.084543540938339046e+00,1.074382813714360729e-01
-5.000058058073653111e-01,1.409474672110194282e+00
2.006610121828402149e-01,8.773488509184561579e-01
-6.786706939574303765e-02,1.042697969024113824e+00
-8.916991516782111216e-01,-2.926431865302688284e-01
-8.187532344658126071e-01,-1.788831789238793379e-01
-6.129203334281133758e-02,1.084686494275616475e+00
4.714658940602929893e-01,1.008820028138923242e+00
-7.558543602752426649e-02,1.239369483310486464e+00
-7.436113796743663851e-02,8.861886287503726312e-01
-9.057079202173898835e-01,4.091745525025084484e-01
1.993412361104087149e-01,1.221707672744348105e+00
-6.729459978970755429e-01,-3.803079145699545752e-03
-1.069798109466080005e+00,-1.855069506916880995e-01
-6.050586015143794016e-02,9.808583213752722907e-01
-2.801997482940296047e-01,7.886468605446229629e-01
2.988244031155655178e-01,1.421648796318215613e+00
-5.787686662509338165e-01,1.050912759391911422e+00
-1.353083163339720452e+00,5.948637832650573165e-03
-3.722565367760739541e-01,1.866657403743607335e-01
-1.327182706722581373e-01,9.733606348213180715e-01
-1.152553853087285585e-01,1.260855548014679250e+00
-8.511047527238362331e-01,3.624119741436382380e-01
-1.624667473783488192e-01,8.276395131320563037e-01
-1.139262600186992103e+00,-2.730496678196521199e-01
-8.667945601658973986e-01,-5.128537716869031593e-01
2.264904309353605039e-01,1.144703051206955591e+00
-3.730919233165299609e-01,1.061911168431764141e+00
-9.984803366629543264e-01,-9.608403459175924449e-03
-6.866639328866230851e-01,5.612575281192035657e-03
-1.411924228416579219e-01,1.058882544469878617e+00
3.740361585087723789e-02,5.023521075108989820e-01
-4.997015017360722372e-02,1.377298238967457955e+00
-3.084867781020900201e-01,1.271689643754143173e+00
-1.054391748968599218e+00,-4.055083996430027260e-01
-9.712916439153689296e-01,1.080907730706806846e-01
6.465960719390753675e-02,1.114073138473584246e+00
4.969599963675305071e-02,4.884659565536509929e-01
-1.469701948151283855e+00,1.444372928389554833e-01
-1.050272448294331751e+00,-2.259732573275764073e-02
2.425967719586385740e-01,9.792857786766490102e-01
-7.784534361763018051e-01,1.303904045544896084e-01
-7.811103321555712409e-01,8.381009953205782737e-02
5.675611253953205364e-03,9.657122086760810964e-01
9.824222584162810648e-03,1.246142374958656651e+00
-3.506262288305955765e-01,6.491178604421936615e-01
3.953611876473271947e-01,1.080443654533651543e+00
9.569872679122320980e-02,5.884884589804743049e-01
-1.099773994604365868e+00,-3.805138076707584860e-01
2.192312169090662732e-01,9.349160902287985131e-01
1.990975047342452564e-01,6.383403381786448838e-01
5.381457038706063262e-02,9.687181483541956739e-01
1.176770629513208405e-01,7.647736649286713817e-01
-1.341394088916147087e+00,-3.006011093076917384e-01
-6.865006841640139967e-01,1.605002674887719971e-01
-1.050741274330490915e+00,4.174279070214035464e-02
-7.749979240465381114e-01,3.951593605545067334e-01
-1.087868720083988050e+00,-8.063440839313537611e-02
-6.482950555555653249e-01,-5.435452788671181201e-01
-1.141755147258095127e+00,1.943663034581791238e-01
1.412076611119056080e-01,8.797177834245138994e-01
-1.153345905014183437e+00,2.825762041339604028e-02
-3.863301157898518245e-01,8.024433781966653356e-01
2.843896075506354149e-01,1.011748446479815655e+00
-9.665880438039710087e-01,3.032124509563842440e-02
-1.240549834303763310e+00,1.540067291787718395e-01
-8.522149130995385624e-01,-9.930886152905853137e-02
-1.171856833550029009e+00,1.313328522847700408e-01
-1.172171225004147027e-01,1.194754941614092347e+00
-6.535191292693766085e-01,6.796847848752340937e-02
-1.050688782494881179e+00,-2.699372904997013323e-01
-8.310808960063801321e-01,-1.420256344113481894e-01
6.608155894228566474e-02,1.173543359777170059e+00
-1.025232163545502839e+00,-5.530435646146394379e-01
2.958092816812259995e-01,1.013909013199293829e+00
5.083260307432575509e-01,1.245013638328563710e+00
-7.883255503095655259e-01,-1.317035526266595140e-02
-2.838482580183465664e-01,6.780866736518900151e-01
-1.429659551403983375e+00,-4.363171388829616831e-02
1.723701387021586706e-01,8.540636821224083519e-01
-1.127586052810976680e+00,2.555387388331592513e-01
-3.427710642167623445e-01,8.678627209195457493e-01
-2.815645059538983697e-01,8.146658700643267803e-01
3.023103820903349503e-01,9.992061155673928052e-01
-1.152542143120338425e+00,-1.868158559901541282e-01
1.921528365239120323e-02,1.025801909992589245e+00
-1.251329723332562649e+00,5.441400176895849067e-02
-9.657009257054037787e-01,2.165431764249030333e-01
-6.504031317469560758e-01,-6.491353780936943985e-02
-8.875301342655351755e-01,3.450682922566257471e-02
-7.168239648456807833e-01,2.660105440623591888e-01
1.153960333808242839e-01,1.081350463354127101e+00
-8.965508833586900428e-01,2.078119469645025585e-01
-7.436292921318045368e-02,9.342038249651598569e-01
-1.053306380425012234e+00,4.019094559279973861e-02
-8.441039425442673494e-01,2.225859880890436737e-01
-8.270773436128708855e-01,6.083902237316510253e-02
-6.979493174661770549e-01,-1.089107621762390177e-01
-5.021995141569316479e-01,8.224527757755853985e-01
1.816149473834869355e-01,6.125759589991233156e-01
-9.544055191577093256e-01,3.339437280243599923e-04
1.205802061792228194e-03,1.127863898184632951e+00
-1.278462188642093489e+00,2.182176206548718245e-01
-1.335877973038351207e+00,1.899904768078261030e-01
-1.020622353084311151e-01,1.341190001313445013e+00
-1.034389407564146435e+00,9.691821050634587265e-02
-1.190332580986686706e+00,-9.709765356912682110e-02
-1.415830263916591503e-01,7.783824932292144894e-01
-4.930445713410833708e-01,6.830251750883783446e-01
2.559291078090334959e-01,7.650396003504137399e-01
2.621687068205018067e-01,9.769677291717423495e-01
-1.474065402467644448e-01,1.094597506381236318e+00
-6.882270064905828821e-01,-5.491801647449573442e-02
-6.079933553852306938e-02,8.894576458065575064e-01
-3.804136996450472874e-01,5.408625573047296520e-01
-8.044078101661895630e-01,3.647031485438224085e-01
-7.022065194206454919e-01,7.344680584407888013e-02
-4.483188138431144498e-01,-1.460545944308637989e-01
9.743828556908812333e-02,1.106527026451511686e+00
8.544397930181785172e-02,6.948139542479550013e-01
1.575625988621914553e-01,5.458777430254820873e-01
-7.903101610587648373e-01,-1.809443132728837458e-02
-3.797918887942384192e-01,8.230992796040044190e-01
-1.343562093915996014e+00,1.137922359089614671e-01
1.556120613679255194e-01,8.173334305061138449e-01
2.971589889940119411e-01,7.821496428821453906e-01
-1.578169716235132969e-01,8.810315421071996944e-01
-2.723130136254668654e-02,6.849216499524299895e-01
-1.004915506829877625e+00,-3.961026129963728104e-02
-8.388515771598531456e-01,-8.846610256566743088e-03
-1.470788173026389423e+00,2.556613286780453839e-02
-2.228645584649326938e-01,1.158397722919615846e+00
-1.147112975732704543e+00,1.094210445244686233e-02
-1.182107402110651018e+00,-3.186722105124272231e-01
-1.173924533626159228e+00,2.275497675219462779e-01
-6.808028109958774721e-01,3.014906859175634501e-01
-4.041365740579929734e-03,1.044384222831976405e+00
-1.131019165732683796e+00,-7.032646748731656572e-03
-1.016069288759687383e+00,-1.977348263497323011e-01
-1.299642302832953789e+00,1.493638304397024996e-01
-1.472888037254384663e+00,-1.149517111829459898e-01
-2.811902316391856615e-01,1.042601130636741535e+00
-7.899340499775220348e-01,2.455903673079681271e-01
-1.070773080802423838e+00,-4.605581561929486534e-02
-1.167572867838653439e+00,-1.641667187673269690e-01
-1.955713432715878997e-01,1.052558677487975602e+00
-4.747253568449844724e-02,9.633774362911589062e-01
-1.149542011128284358e+00,-2.186754236781377203e-01
3.669117613633653130e-02,1.068690677103842690e+00
2.009939918320548941e-02,1.213933830812517378e+00
-1.209788707316068246e+00,1.940691691454185519e-01
4.892770956612352284e-02,9.418824664697997839e-01
-2.015673286514724494e-01,9.707339575287994293e-01
-1.365820460121797808e+00,1.849978096036115072e-01
-8.480014746622767108e-01,-6.263835230352474137e-02
-9.469019968423075806e-01,-4.465161018967360278e-03
4.454806104798477578e-03,8.716751846416010974e-01
-7.889292861801591172e-01,-1.017428562539073461e-01
-2.136166647286990294e-01,1.529667476176407526e+00
-2.097274441294911043e-02,1.130526758794460296e+00
-8.955622050435504411e-01,-3.365563366180566174e-01
-7.759136991910270398e-01,1.582556070125496206e-01
4.813687676456191999e-01,1.068344301002402075e+00
-1.288352694013719990e+00,1.423787075705004179e-01
-1.022850343727806033e+00,-1.997517182807644343e-01
-6.987124921256610000e-01,-5.284150325571327356e-01
-1.026964181612353144e+00,6.978353929565911384e-02
-8.861966935479057006e-02,1.194196480671680938e+00
-9.866689703373647813e-01,5.081913128650192846e-01
-1.142405960873325910e+00,-5.625442029629105362e-02
-1.596197031846230130e-01,9.640659543892780015e-01
2.193029750713871295e-01,1.018000959565335650e+00
-1.062141383664282568e+00,-9.871258620921932736e-02
-9.883463154106683080e-01,2.119192433504415995e-01
-1.007236164246594123e+00,-8.424325976711856401e-02
-3.664037930695990264e-01,-5.883615885864807576e-02
5.905089816538252462e-02,9.322818457273024384e-01
2.255152238236257101e-01,8.964150061307761819e-01
-4.207832212794980764e-01,1.111839993308519681e+00
-3.551621301927655461e-01,6.963779389918398621e-01
-1.149300327686457290e+00,-2.623088985034608966e-01
-1.629916771374959050e-01,9.252515279538036097e-01
-9.454094751394868101e-01,1.014909713010918590e-01
-1.166181525842984623e+00,-2.284100891815235013e-01
-1.401967546457301983e-01,6.982817379558385884e-01
-1.604681353780607889e-01,1.066184057496871285e+00
-1.362249945306825971e+00,-2.209264524654634965e-01
8.997428653548486532e-02,1.474496902902610707e+00
-1.080264975677494022e+00,-3.487758260219863127e-01
-1.189962338082189319e+00,1.747528352413815766e-01
-6.976033400277075192e-01,-1.921525983919227520e-01
2.196945426667184786e-01,7.009703927202997065e-01
3.338889511045131653e-02,9.638186116613535193e-01
-1.276196660244373060e+00,2.597819215791187242e-01
-1.188592650667676803e-01,1.347195524985177251e+00
-8.501669671993889246e-03,1.160451586176001637e+00
-1.326259341148392723e+00,-1.346579891765083137e-01
-1.317503345544693394e+00,9.365388734824056302e-03
5.385066805586697508e-02,8.071949826374771320e-01
3.464881125656046335e-01,1.098595615203495024e+00
-1.684404849100997192e-01,6.901754903915073847e-01
1.690333391041056732e-01,9.526984443226222954e-01
-6.809846292329677642e-01,-3.613831889067495862e-01
-7.906459886220177369e-01,1.083072086055018590e-01
5.262108469463194771e-02,8.501549783951656281e-01
-1.002378370397788210e+00,-1.961597283636619393e-01
-4.128997232382195653e-02,9.813249150624067108e-01
-9.645876658226423261e-01,-3.573745425525319264e-01
-1.016998225388144661e+00,-5.696943138735166556e-01
1.749498255309790418e-01,1.020763262957271600e+00
-9.164640861765677160e-02,9.587996237214815309e-01
-8.423694721322998458e-01,5.944264419386802861e-02
3.616218410019578222e-01,7.737591413535125362e-01
-3.562629454586486721e-01,1.055770279399020684e+00
-9.843086081601097881e-01,-3.992487859541486023e-02
-8.293871494487423668e-01,2.229811851335022355e-01
-2.047207840218496500e-01,1.214300728723875622e+00
4.076240257969868663e-01,1.079575211468725593e+00
-1.031425666576346600e+00,3.264110098039786911e-01
-1.229266526734873688e+00,-1.773576706183591367e-01
-1.097370021979013011e+00,-3.500395223115564947e-01
-3.810705459384133159e-02,1.041777792601823238e+00
-7.203936348506458087e-02,1.114827271297438305e+00
-1.073405765176580484e+00,-5.009664287571417678e-03
-1.644356051786109718e-02,7.704089021074997934e-01
2.236508628221808570e-01,8.694594467818334005e-01
2.187969138702297936e-02,1.184749918564953264e+00
3.407873046404462092e-01,9.044377107201924115e-01
5.707194518366457414e-01,1.040291796874334374e+00
-1.006350109341150434e+00,1.022792788040779027e-01
-5.452842034955913270e-02,8.889337777540310404e-01
-1.199097880784497638e+00,-1.031743078243375356e-01
1.799413625970752439e-01,1.053711775938667161e+00
-1.123057960726155713e+00,8.160658262472386681e-02
-1.159332810454516194e+00,1.799966252884626083e-01
-1.066621165698120377e+00,-1.436404129880549663e-01
-1.386163714104207967e-01,1.117394891732175433e+00
-2.067025066264291389e-01,1.013334251773337025e+00
-5.884415118107045872e-01,4.677024088872848706e-01
-3.440611099820978236e-01,1.150765569654638387e+00
1.822791735535897739e-01,8.456364930002601143e-01
-1.096638386780621754e+00,-1.286317526068380956e-01
-7.930611949586749976e-01,1.472115927877110375e-01
-1.558948330324883003e-01,1.094031683480873651e+00
1.996359257587610250e-02,6.426288151193215725e-01
-8.847708120010175925e-01,-1.262194139146342320e-01
3.730641059767304535e-01,9.628123143536236883e-01
-1.136583085692680489e-01,1.043960697266668625e+00
-1.404120006331530224e+00,1.471737921417831940e-01
-7.853052175384118705e-01,4.972169827417380339e-02
-3.467878985961575511e-01,8.925830386069837363e-01
-1.297616607565263536e+00,-1.187247551405714863e-01
-9.588003591351840216e-01,-3.207189946735410080e-02
7.135213326242965948e-02,1.044633355154595433e+00
-1.037443866210153942e+00,-1.101019131676177903e-01
-1.217191764154050393e+00,1.276079318832759324e-01
-1.014085491957705365e+00,-3.039326184644508544e-01
-1.151653886136897897e+00,-5.188383529323498111e-02
-8.493257903682085441e-01,-4.460594309609884622e-03
-6.102410816756324852e-02,7.340337680506787699e-01
-1.095558547835824958e+00,2.377720004995566017e-01
-1.244453611690236272e+00,-9.714253300122087376e-02
9.757210653622731822e-02,1.067879671812515197e+00
-8.856545958907529048e-01,1.775806261783529072e-01
-1.196479451685485973e+00,-9.951850925750183041e-02
-9.558943733389893005e-01,-2.351528659682030065e-01
-1.080377183629550819e+00,-6.281246999845055412e-02
-1.227584825048127826e+00,-3.473170636262607469e-01
3.018676714556759455e-01,1.143835899655195165e+00
-8.350853973566424449e-01,3.855824335014991222e-01
-9.304301487013216798e-01,-4.142543626873422813e-01
-1.574227486046893276e-02,8.302356196788336362e-01
-1.357500008240461353e+00,4.490220428066528380e-02
-6.544453365660157784e-01,-9.999489208716286215e-02
1.022404061958500504e-01,9.147757851730484724e-01
-1.261284337908412212e+00,-1.432768287433522636e-01
4.011505556741691292e-01,1.272526868310518866e+00
8.082687636538740672e-02,9.071823409808331684e-01
-8.017732452049317615e-01,2.976596614379814574e-03
-1.317994081413013330e+00,3.897962318224830192e-01
-1.152577620465199848e+00,-1.051414648659762113e-01
-4.960500831384375697e-01,-2.353570381353368712e-01
-1.040064454532674931e+00,-1.724706084416357810e-01
1.707965657908787904e-01,1.115769796227745969e+00
-1.058443449322704621e+00,-3.789946544200722411e-01
-9.017737249041198888e-01,2.534933902222494817e-01
1.062497975632263475e-01,7.622987470835398405e-01
-8.009754935316002467e-01,1.502394255008131230e-01
-9.912984886648268379e-01,-2.890347013572474588e-01
3.973558249175055956e-01,9.383528127587900114e-01
-3.456163473380029216e-02,1.227478807729231347e+00
-5.908498465725956633e-02,1.031769969788192576e+00
-5.394219986249777499e-01,1.453327104217274901e-01
3.786838833219863809e-01,1.178409213194297145e+00
-1.270657567990433945e+00,3.175617588365787364e-02
1.553715813846726634e-01,9.826019049757597212e-01
-7.871510819714176987e-01,-2.560940396828791377e-01
-1.056286489840158271e+00,2.756242734285507118e-02
-1.294403125938186960e+00,-1.822403714945221020e-01
-1.460541852295810905e+00,4.201673347963635202e-02
1.804653873141920037e-02,1.200642052955461780e+00
-1.347319183680748544e+00,3.793237334715348075e-01
-1.494416727815054635e+00,6.203850462268441918e-02
-9.884941546792571643e-01,1.087400351425165251e-01
-1.197374323771228433e+00,1.294531759608911203e-01
-7.128260894487759014e-01,2.191487476299626425e-01
-2.350809478141304698e-01,1.153837481992009639e+00
-9.945774573453094458e-01,-1.713039543247423802e-01
-8.311825530483062385e-01,3.736609208616344102e-02
2.430090186717247247e-02,1.433497621531631960e+00
-8.452560834214121188e-01,1.826852052307890717e-01
-1.335577962130651164e+00,1.508597779996971588e-01
1.654515690102286440e-01,1.194386520134975926e+00
-1.120604676000063638e+00,-1.699955634868647592e-01
-1.471497105456821552e+00,-3.197260698982425930e-01
3.256287823799100534e-01,9.671644279473584627e-01
-4.671015245615439682e-01,1.843160129901778299e-01
-2.599504219251456694e-01,1.044230575544223605e+00
-6.942852587759013039e-01,2.728157983001214260e-01
-9.167269241311751249e-02,7.849843070748040441e-01
-1.210125422363021119e+00,-3.595131799944040751e-01
-5.413278753726610305e-03,1.002811317795152979e+00
-1.823251912443709932e-01,6.838295651556900445e-01
-7.566356901378927524e-02,9.650774818010028344e-01
-8.060480917976133863e-01,1.820694800479607522e-01
-1.101368783326494905e+00,-4.907645668950281204e-01
-9.072458128831549784e-01,1.717648100842645298e-01
-2.693569983032622628e-01,1.000701154053508457e+00
-1.444783444892193125e-01,1.224508308138085644e+00
-1.240401871808887613e+00,-1.435160210956630822e-01
1.711234286430570462e-01,9.463488515192186590e-01
1.069345761597935013e-01,1.223044086711445377e+00
-1.204803001408118801e+00,1.603236639367833227e-01
-6.753301188962748669e-02,1.180377701167680815e+00
-8.608810610347609193e-01,1.684724875124828380e-01
-8.869095779417225378e-01,-1.545688835116532656e-01
1.626560627814926663e-01,1.154561625430145178e+00
5.229975328787724725e-02,8.261692972411240898e-01
-9.900638589866898043e-01,1.197775441850993383e-01
-3.108801111778959278e-02,1.121629975912205701e+00
-1.036397988433795381e-01,1.076683236626574613e+00
-7.538382950772113400e-01,2.986683552635820416e-01
-9.362951230753773224e-01,-3.103819798499176663e-01
1.562239467706428575e-01,1.063580797633474795e+00
2.039812186025539709e-01,1.044453282464776089e+00
-6.254452640585441703e-01,-6.896236680744016745e-02
1.110663237617891264e-01,1.069855326696733444e+00
-3.460916461379839187e-02,8.513264245851448475e-01
-8.867580634669083306e-01,8.216956917423447193e-02
8.280782957443182102e-02,8.914365751090594925e-01
-9.339383607221909411e-01,1.672288558846011797e-01
-6.556494635477941868e-01,1.218265562803720892e+00
-6.718673799029168947e-01,1.037791044456430056e-01
-1.663661872074063269e-02,8.204104518014172509e-01
-9.939338115488953740e-01,-3.989752056668733338e-01
-1.450560717188204451e+00,-3.045910322490324451e-01
-1.322699833990909957e+00,6.595179714164614571e-02
-1.422159739114862986e-01,1.417725067203259304e+00
-4.978406817752595859e-01,9.992116893147137136e-01
-1.216908562230774038e+00,1.190566302294371881e-01
-1.654051259419311512e-02,8.891604638081777034e-01
-8.727531827486494365e-01,-2.698141360423174651e-01
1.156034844514219851e-03,1.088022974510149510e+00
-1.064464094796433224e+00,4.446907626707833489e-02
-2.130006373697514999e-01,1.195212312088072437e+00
1.519720282792575428e-01,7.812581793781627759e-01
-1.031052245641110199e+00,3.045465877149747813e-01
-1.024636965262262667e+00,4.920372612572741500e-01
2.723011130975492855e-01,9.190821190870315238e-01
1.442323541065176906e-01,1.427459651565606391e+00
-9.182345773602329508e-01,1.626543338259126559e-01
-1.730049463229659801e-01,1.066334238852717498e+00
-1.166573462359571156e+00,1.631701981971291626e-01
-1.379644904623738011e+00,-2.942072470158985445e-02
4.259038013750364449e-02,1.100358531546778318e+00
3.627185716370641688e-01,8.256009595841692361e-01
-1.106435086374138788e+00,-2.681053963182861710e-01
-2.149352910675568842e-02,7.901380633429480049e-01
-1.135234971435568063e+00,-2.677210380115743193e-01
-8.748767314846834786e-01,2.121440987561717673e-01
-6.494816807435770389e-01,-3.010156913301632597e-01
-1.573564562090759011e+00,-1.108884483357949063e-01
-9.244959052422074830e-02,7.630255605647064954e-01
-9.261052620437125737e-01,-2.485428240177342818e-01
-2.122414852736366139e-02,9.393578677106710906e-01
-1.081245531057951403e+00,-3.118400277993598202e-01
-9.819617868877122957e-02,8.359528684472485871e-01
1.682530153880618662e-01,1.051425678471718861e+00
-1.562097913715746245e+00,1.012721215988922202e-01
-1.382314874253613990e+00,2.545721503603384228e-01
-1.209386698210915823e+00,-3.559774533022865839e-01
-3.871572869325720645e-01,1.077661963383188981e+00
-1.144337472622201091e+00,-5.132082694903152831e-01
-4.577370195799769781e-01,4.384486962236285867e-01
-7.277467433922373274e-01,-1.076348771058953241e-01
1.656790454503457299e-01,8.173064303412883591e-01
-9.165575084089128133e-01,-8.968489566264045698e-02
-8.350711137242364246e-02,1.163989303904915396e+00
1.820393439142201364e-01,7.315261506959218618e-01
-1.422847858249261632e+00,-2.849609489211289981e-01
-1.071343307176579662e+00,7.532573352069821260e-02
-5.159443565185178882e-02,1.170861292502248352e+00
-4.259719709272263288e-01,1.185021003983134813e+00
-2.359593335360202770e-01,1.006137403807243258e+00
-1.018135323645959822e+00,-3.451712392111331296e-01
-8.905409009930751463e-01,-9.912045997144115772e-02
-3.115908486354076676e-02,8.815952382887664029e-01
-1.455165103691502981e+00,2.627719099314707041e-01
-1.063107127600532387e+00,5.144957968685511807e-01
-8.473696794318940073e-01,3.241867438405003354e-01
3.287601334285417121e-01,9.257572093532492330e-01
-8.746626243943200762e-01,5.088484335735747877e-01
-8.000965902618043524e-01,1.611383083377702918e-01
1.816373591419639111e-01,9.361530875543568886e-01
-7.881706498054572574e-01,-1.435151993392976555e-01
-1.088549106626349516e+00,1.276626629822122938e-01
-1.103534767905004266e+00,2.632503850033465209e-01
-1.302700699269570217e+00,-5.407823251391102176e-02
-1.648665401549704423e+00,-5.162000904883327045e-03
-1.512466392284047556e+00,-2.029011125950540839e-01
1.408660623472614629e-02,6.128639488832006155e-01
-8.715436135872134393e-01,-1.523072133602426936e-01
-3.874307437019286482e-01,8.286786282805148618e-01
-6.928847120399422854e-02,6.533710234424092711e-01
1.329359991452156997e-01,7.824915124682254586e-01
-6.188763521127307321e-01,-1.415171025030197427e-01
-8.979915847557231601e-01,-2.002200212055562367e-01
-2.673468565706847710e-02,1.168603346301759327e+00
-4.109587228245925039e-01,1.577358141148674786e+00
-4.562068093143118591e-02,1.119237624715093249e+00
-2.221938710916760429e-01,6.567322132374179278e-01
-1.971842800199958556e-01,6.754873093304876175e-01
-1.970024250048434400e-01,1.295084711297969093e+00
7.261014826730209926e-01,1.198881509646573029e+00
-1.023956040022730551e+00,1.429385504814359165e-01
1.928834894981448500e-01,9.041700171764280869e-01
-9.240865245398751648e-01,1.380672119677229526e-01
-1.426688123895372140e-01,7.569546275832087501e-01
-3.108712017707443431e-01,8.918802829816022681e-01
-5.462670015919260935e-01,1.096844438798995958e+00
-2.372889108499041666e-01,1.222270718294669933e+00
-2.572410327459243584e-01,1.043460874138824268e+00
1.146582546606349368e-01,9.873482915584014252e-01
-9.551926886229243907e-01,-6.200767310207467853e-01
-1.093377477945900900e+00,4.719892125638873726e-01
-1.318788773194143449e+00,-1.856544674171528575e-01
1.839514390392556764e-01,1.129596220551995378e+00
2.596590677025491511e-01,1.007425177540217875e+00
-1.339218120942507806e+00,1.689082530753904798e-01
3.007784110427698110e-01,1.121945377128289012e+00
-1.410930687429392538e+00,-2.811932249049037269e-01
1.510250482352686607e-01,1.152819743656185336e+00
-9.364549729157969349e-01,2.183405199352405623e-01
-2.143425299301743581e-01,7.067468799574954108e-01
-1.289539440644952073e+00,-1.648246796862019303e-01
2.915595094544132238e-01,1.463425867988603191e+00
-3.572598671814110616e-01,8.172441213819769956e-01
1.304691206553866556e-01,8.244652928337221631e-01
-1.126518987172228758e+00,4.269370914720344024e-01
-9.732517238052617037e-01,2.128483713325559079e-01
-1.003404911367242747e-01,1.377225953534048308e+00
-1.001010802698425017e+00,-7.244655430071554603e-02
-1.329954562234911597e+00,6.719837999252922800e-02
-3.114879127488794086e-02,7.087703349720713142e-01
-1.411224183840534829e+00,9.561453009793645375e-02
-1.285509437356882334e-01,1.377905539254016265e+00
-4.566820698323712652e-02,1.161283551995036412e+00
-6.964771442009980440e-01,-2.791348954185729481e-01
2.533992585601981817e-01,8.215192811179461430e-01
-1.205110067761379300e+00,3.678800666005271197e-02
-1.048056108868858916e+00,1.718073608016334741e-01
-1.233879563138244650e+00,-3.837285972080409779e-01
-3.805558528349489711e-01,1.158866290454671377e+00
1.305110358643571389e-01,8.125850806935779325e-01
-7.792884402343525085e-01,-2.823663209714040723e-01
-1.386882866617791255e+00,6.175758051191456571e-02
-1.233820884907523008e-01,1.304370402300122800e+00
-6.313563398432657792e-01,-2.576877939353042213e-01
-8.357304286002892324e-01,3.383504397416999682e-02
-8.838941853367137114e-01,9.727517178591611746e-02
-9.922406314909214542e-01,-2.843037110857875582e-01
3.301722984089302537e-01,1.015596005032069815e+00
-7.462260455017490912e-01,8.968729956818340121e-02
-6.954067314239531505e-01,1.937764700348895419e-01
-1.122985352895563116e+00,-3.315015487948479445e-01
-2.162733754347030135e-01,8.720823626819759200e-01
-8.240916932232729142e-01,8.198488391916439189e-02
-5.286222395233042270e-01,-2.475701551285677815e-01
-1.322301554230547738e-01,1.319634313053067221e+00
2.726766705505424548e-01,9.207619686147350269e-01
-7.990673406380281729e-02,1.268493629141723478e+00
-1.033863144846900894e+00,1.684327829656191988e-01
-1.097305809787516573e+00,-1.535034761663581493e-01
-1.011202737971091059e+00,-1.758027323713072521e-02
-8.399215851611474548e-01,-3.658089003959529850e-01
-8.440864144853413853e-01,-4.624959233487575296e-03
-1.150338431957858232e+00,-1.049110006094653852e-01
-9.905512208055440304e-01,1.413963827247547711e-01
-1.235329018901888398e+00,1.260697179620766661e-01
-1.140195740586957135e-02,8.491122594248490252e-01
-8.369289118320331899e-02,1.000948821205394079e+00
-8.772777795876769424e-01,3.353129250708015985e-02
-1.022090013983870893e+00,1.111038583245431977e-01
-1.167935559832402603e+00,2.124522736223176944e-01
9.916716129803937463e-02,9.436869044638385162e-01
1.263122687815737277e-01,8.783345334610128674e-01
-1.541625317929844030e+00,2.598886861463375331e-01
-1.084632756157416500e+00,2.158754100224305472e-01
5.035818279923691687e-01,8.966008481933462892e-01
6.706450186694467262e-03,1.097723939702389684e+00
-8.163397009501049961e-01,-1.068744778390989664e-01
-1.063120070032316677e+00,4.881289941420097894e-02
-6.030664187323199199e-01,5.860973859286104926e-01
-9.875230886045671674e-01,4.504820948788543916e-02
-6.801379238184874776e-01,1.299106596657986223e-01
5.787726273142851374e-02,1.077536137778060343e+00
-1.292981996223405927e+00,6.469698405808024799e-02
-9.922995575288593439e-01,1.802804931171774622e-02
-1.097895663514875331e+00,-7.346678316942611975e-02
-1.026035236205148804e+00,-3.737588577695399317e-01
-1.162798371514272899e+00,1.383103345606586931e-01
-6.710099194002250300e-01,-2.820410043816938828e-01
-1.419039837615842625e+00,-7.718754950443394713e-02
-7.538937872661581885e-01,-9.626840447740989126e-02
-1.002092803169953639e+00,-1.101609441373714998e-01
1.245444155017804699e-01,8.541585074507201947e-01
-9.273216585193517769e-01,-7.530741288079975324e-03
1.360329351215442961e-01,7.887758226950996043e-01
3.935072962685249622e-03,1.359787339458078392e+00
-2.633642998898984011e-01,1.031155707501508312e+00
-1.294553563597520274e+00,2.861466488233685990e-01
-9.681843467213449017e-01,-7.632190348906991995e-02
-9.030582928169004209e-01,3.633058020940890809e-01
-6.667290840417582076e-02,7.804151835522715741e-01
4.213268960012168107e-01,7.908845669011999036e-01
-1.246002883720431081e-01,1.102432793114018761e+00
-8.266011062687542710e-01,4.762587079382777505e-02
-1.459599165954451883e-01,1.209454495856691070e+00
-9.146376985880271260e-01,-1.583885551313210516e-01
-1.404012932805561165e-01,1.155530499807291056e+00
-8.666545070540708773e-01,-4.221991319894292938e-02
-2.778115605575084621e-02,5.244724265375781957e-01
2.097897811124841139e-01,9.352208170767137840e-01
-3.279539636681890191e-01,6.984357705626057511e-01
3.385308221623126168e-01,6.855686960091507132e-01
3.554290976523538648e-01,1.250752884141013155e+00
-3.057339108190840760e-01,5.515337423453282595e-01
3.577326676003396433e-02,7.963074057462973254e-01
-8.583111765702071683e-01,1.717570770080254494e-01
-9.954948981605332703e-01,-5.975756608739106468e-02
-8.210865739563615040e-02,7.596530957658563787e-01
-1.936637227320919807e-02,1.116128618757671331e+00
-1.209009832167521115e+00,1.839070378655138227e-01
6.457305516340053897e-01,9.208487231205555457e-01
-9.958205998643443468e-01,1.308067619911123525e-01
7.615337521365872497e-02,9.816515094830426946e-01
1.797561834700606986e-01,1.227348627552792504e+00
-1.174803823331083574e+00,2.811765567692278700e-01
-7.971165614420623324e-01,2.042349403746712422e-01
-4.477940571500967359e-01,1.112857948764013116e+00
-6.145869528345665467e-02,1.040994766826121243e+00
-1.133228778461825126e+00,3.035051631832081376e-01
2.946302257001248148e-01,1.110846891478163290e+00
8.174044792500874401e-02,8.081310143493922737e-01
-7.595144541037797126e-01,3.091600229211566853e-01
9.504487862877143700e-02,1.133187564886290355e+00
-1.401644450568405809e+00,-5.302629793353441645e-01
1.065358864422456253e-01,1.089030503893107626e+00
-8.495243747673767443e-01,3.696855218240506225e-01
2.671259179316871207e-02,1.219946893164424839e+00
2.645607987662516591e-01,8.820787209406291129e-01
-7.865963298067967235e-01,-2.959480223240678054e-01
5.591494247319057642e-01,9.076099099491242717e-01
5.147156307104513440e-01,7.825654700420884291e-01
2.756223234058473026e-01,1.307803745419922725e+00
-3.184778313437691688e-01,1.187770422840026097e+00
-4.906259035261183177e-02,1.239252602509258061e+00
-9.039502035302240390e-01,4.350740355299487216e-02
-1.375565548576310304e+00,2.485855162119548489e-01
-2.913274421537963288e-02,1.182195288923023835e+00
-1.348459573375341947e+00,9.040093979786803513e-02
-2.765758064525346560e-01,7.866796915292899595e-01
2.998615541704959253e-01,1.292317791916777425e+00
-1.163094026991168040e+00,3.357383376785889606e-01
-1.094195217337562198e+00,-6.819320001520454144e-02
9.497769067705780222e-02,9.117882349136298137e-01
1.086313216417527094e-01,8.446408411630328406e-01
-2.058763538049324382e-01,1.236894821479085804e+00
5.113353731650166489e-01,1.125517664521484607e+00
-7.537664195470492601e-01,-3.083308731799929703e-01
-9.972671528602111701e-01,-4.647832108656841932e-01
-1.035520344876150078e+00,-1.096175754543636111e-01
2.805538105613558306e-02,1.090453790051433058e+00
-1.112210675502494972e+00,2.232278542797617310e-02
-9.844926430202622925e-01,3.183198682018554410e-02
-1.803744474726518277e-01,6.028271703148728733e-01
-2.586269783455864557e-01,9.527830826733261205e-01
2.795347146283672646e-01,7.330577290977410287e-01
4.254879180047401732e-01,9.495687972716329028e-01
-3.787926833628095791e-01,7.619370750922850322e-01
-1.315306135916516572e+00,4.787498844006751186e-01
1.963224327361717814e-01,6.726113104248493402e-01
-1.130558847312084225e+00,-6.589868444488967969e-02
-1.046222540988584360e+00,3.487077519126364211e-01
-9.317827929353019734e-01,1.449254067814287061e-01
-1.012173721581133057e+00,2.053880908239852643e-01
-9.430746316860140199e-01,-8.720405943408303384e-02
-1.285887255991579492e+00,-2.637001424168422536e-01
-1.143995475566731423e+00,3.542961298817197680e-01
-7.434136846279510991e-01,-5.460770133990809905e-01
-1.713009432971362642e-02,1.381953017357709701e+00
-5.948202231639500015e-01,3.178108538397612648e-01
2.082992442168918323e-01,1.070318735182730352e+00
-4.591464760475395812e-02,1.094538861198791846e+00
1.186575312196147813e-01,7.756391939069895436e-01
-9.374159080747521688e-01,-9.849519510043817927e-02
2.686996485063896864e-02,8.537583151719243535e-01
-1.000601445121092947e+00,1.895760825808165961e-01
-1.396835684780969866e-01,1.006532443110160324e+00
-2.431263992254391049e-01,1.256183073523720495e+00
2.573912363929147795e-01,1.059281481034886951e+00
-1.562213281393766973e-01,1.025461222525444915e+00
-1.373960511123991646e-01,1.025684040562535149e+00
-2.101862941817233266e-01,7.157027332761234373e-01
-2.872489131866118872e-01,6.482150715220860171e-01
-1.700127527248374362e-02,1.398247550077535761e+00
-2.090250181868567592e-01,6.531314290271124090e-01
1.830428503493526926e-01,8.716872283269728738e-01
-7.936163452071547386e-01,-3.325597424467428842e-02
-1.272436199832096410e-02,1.082804429175556749e+00
4.664199097598730609e-02,7.483244933261608001e-01
-9.657171375467138441e-01,1.365226497437318220e-01
9.768473797253134083e-02,7.698397434844522769e-01
-8.802245537078940973e-01,-3.361079955829540111e-01
-4.660552673180562433e-01,-8.027282548409364615e-02
-8.953655680212894152e-01,3.073017945969565012e-01
-1.096525772295029899e+00,-1.383048180188791443e-01
-6.934536973129867832e-02,9.204783289323478224e-01
3.398689069636642857e-01,7.280449122389176519e-01
1.367211619946589844e-02,5.978601652582796744e-01
-1.117265368188199659e+00,1.290951980792816867e-01
-7.010422502594921834e-01,-9.365091158733430954e-02
1.069552762614761621e-01,1.219588215268320397e+00
-2.314274870323301814e-01,7.697425143827421046e-01
3.408564201493759910e-02,1.001994197022525901e+00
3.144024103342863419e-01,9.935436895312951266e-01
-2.059872286749843406e-01,1.383472755345995342e+00
-1.103257534597873901e+00,-1.213461200120139055e-01
-8.375541826816217117e-02,9.273489452910783637e-01
-1.444538438957696735e+00,6.311219763570972974e-02
-1.983838683135561581e-02,4.310596981907669489e-01
-1.542831420286870703e+00,-1.102094092499406874e-01
-1.147992196826309153e+00,1.559226243352149210e-01
-6.125686178823466221e-01,1.268640032454311672e+00
-6.585034230695205881e-01,2.817807549815667389e-01
-5.827824713862298500e-01,2.810217627889418091e-01
-7.956367621598971207e-02,1.090270683371158844e+00
1.597581157850797573e-01,1.029907969984544369e+00
3.172098964371942165e-01,9.796560566118059921e-01
-1.017424539247512305e+00,1.344873131019444779e-01
-9.757438434452926357e-01,-2.026563275694921173e-01
-1.808357719663399865e-01,1.191078015198652196e+00
-9.079624054081822937e-01,1.706632405484616033e-01
-1.834699424083295963e-02,1.310376102337898363e+00
2.756259279124249062e-01,6.356589023944467787e-01
-1.201713884118908726e-01,8.210431355286705868e-01
-1.692619634462806388e-01,8.969328232593209993e-01
-5.704635097337742433e-01,7.708384374654564386e-01
-1.317987018511262987e+00,-8.467604403111904376e-02
-9.599138778866941335e-01,-2.121140644343507409e-01
-2.136749058203715468e-01,1.086118280973293215e+00
-9.012572553459072822e-01,-2.228598076943325013e-02
-8.684930851801029306e-01,-2.126656553409950468e-01
-1.194886048214388596e+00,-1.395714362657399787e-01
-6.947038028249761243e-01,2.685789777835052017e-01
2.668009511676264767e-01,8.538021538999999160e-01
-1.735196648652366780e-01,1.170285948662159070e+00
-1.291314859298385853e-01,1.168337130579220506e+00
7.470788219531555863e-02,1.148179489008479770e+00
2.704744255892411742e-01,1.132123742676487410e+00
1.498604061205097704e-01,1.127034607569708413e+00
2.993986339364373972e-01,1.025276109680605785e+00
-1.170422605583158228e-02,9.229465898521130862e-01
-3.558152742042541838e-01,9.369575390111656299e-01
-1.201805686537557483e+00,-4.553448261048353984e-02
-8.524339926622830355e-01,-7.635884798086703396e-02
3.021881722185650876e-01,1.145515141308774298e+00
-1.523586452887874254e-01,1.217656943647229317e+00
3.987172796001711705e-02,7.359696092333514184e-01
-5.942179726058316458e-01,-1.518619738773157105e-02
-9.699356932904732442e-01,-1.696272189100594130e-01
1.925729462978062190e-01,7.262408170453790168e-01
-9.285540397088347664e-01,4.376130776878802142e-01
-1.368105463920350040e+00,3.238029652045645301e-01
-7.576356775684622846e-01,3.535665451242352431e-01
-1.650502362751878754e-03,6.920131665570448121e-01
-3.260351349899786033e-01,1.274684117617332024e+00
-1.037200271756576919e+00,1.052595389435687506e-01
-9.509595370696037886e-01,1.169262190415280012e-01
-1.056805902083606030e+00,-2.177942042564912362e-01
-1.251867417607403610e+00,-3.539991069387078693e-02
1.070353413783527441e-01,1.056533894518918215e+00
-2.582641140351749631e-01,6.781794230258832989e-01
-1.048815608118688347e+00,-2.354939597767125026e-01
-6.776082335855687644e-02,9.893327282944113232e-01
1.561379749173359005e-02,1.189380464117888891e+00
2.697843640182044922e-01,6.515354271904669758e-01
1.801516951001067846e-01,1.031837430459168869e+00
-1.551361767190719609e+00,-1.121132137592686538e-03
-9.558375977717326055e-01,-3.485352534602693675e-01
-5.343481981705024975e-01,1.140108795805039099e+00
-7.557515354589583456e-02,6.718422731690807392e-01
1.130553484454321356e-01,9.643954721485509252e-01
-1.157383170914712878e+00,-1.855907540035162673e-01
-8.435359319469031281e-01,-2.820728669948534550e-01
-4.052485639926716177e-01,8.316700941691248516e-01
-9.417734214090495160e-01,1.951737031220658614e-01
-1.073031584252733817e+00,-3.946616748702790334e-01
-2.554568577850785394e-01,7.620174156063788118e-01
5.403140456060355479e-02,9.661020304173577600e-01
-9.816433189882457500e-01,2.724340409031597021e-01
-1.290552224215626875e+00,2.397181722245454727e-01
1.516695508753194699e-01,8.370756098456330063e-01
1.358880789767406838e-01,1.013483182912298108e+00
3.538130948140194576e-02,5.788617069086993139e-01
-3.198224044855718651e-01,9.247373288015047210e-01
3.184435815967251449e-01,9.672297178066083800e-01
-1.136650613458872972e+00,-2.487222061195593636e-01
-6.727317808396906518e-01,2.288949360512992359e-01
-1.231096736547507009e-01,9.509917894984593056e-01
-1.163834835261781331e+00,-4.516508342651681662e-02
2.307659201308211172e-01,1.067460858465437923e+00
-8.901322892573320100e-01,-2.701529344366105923e-01
-6.927463589186162451e-01,-4.702222461162547940e-01
3.668057596304817314e-01,1.215776297134215422e+00
-6.277900174874742056e-01,-1.023078847790142715e-01
-8.829338387479999106e-01,3.749680817424704774e-03
-8.926697648102743798e-01,4.303758665863662847e-01
-8.235803418834984624e-02,1.216714794694550239e+00
-9.092610337381334951e-01,-2.838000069528578972e-01
-7.717842206703158237e-01,4.693576852648339431e-02
-7.067119423492640440e-01,-6.439298953114032109e-01
-2.507003553246465177e-01,1.088710538360835756e+00
-1.102597493745140156e+00,1.339026972825110295e-01
-4.091492893997083491e-01,1.158024864245963403e+00
-3.704537323075712818e-01,8.911447394068444661e-01
-6.787396752559450575e-02,1.513372612977514908e+00
-9.516485364536689806e-01,3.022502276686943046e-01
-1.155253169291414750e+00,1.248457415914200203e-01
-9.856511271708757738e-01,1.737215314071407779e-01
-9.222894855735732644e-01,-2.365900069773568121e-02
2.273888097268607078e-01,6.037635274930287510e-01
-5.842171426510862631e-01,6.700194685402043049e-02
-1.618343321366308152e-01,9.987347264467982821e-01
-9.263447997119533817e-01,-5.879012407643560006e-02
-7.507464754978461496e-02,1.258104849757554655e+00
-1.244091484848593554e+00,-1.996434681220515261e-01
-1.248263335190141765e-01,8.969099754427436455e-01
4.071888479327625404e-02,8.944423305657348555e-01
-1.089915405321459474e+00,-2.157658325295362112e-01
-2.839305736955496373e-01,4.112266863706527387e-01
-6.583500273927820334e-01,1.923827955124993161e-01
-2.505868983961909713e-01,1.123993564680542789e+00
-6.839858435131005443e-01,4.340523175688706242e-02
-2.523537254926620510e-01,8.588585384011394597e-01
-8.613130168780153140e-01,-6.997102937615222451e-02
2.734427333501103230e-01,1.235114362867760773e+00
-5.190077079604030154e-04,8.983400043081517516e-01
-1.121735933056980272e+00,7.079110713635078378e-02
-1.157125369058244369e+00,-1.589011458845950298e-01
-7.348195710388357588e-03,8.799840558708301730e-01
-1.051649314562640214e+00,3.989377047506950102e-01
-9.218976670120180295e-01,1.946184839162314051e-01
-8.643036654229728777e-01,1.457040186280155192e-01
-1.074962081834357264e+00,1.790355435138347717e-01
-1.345947600153562851e+00,-7.693886886254809598e-02
-1.404378469738056134e+00,-1.235153776825513930e-02
1.881686121824215074e-02,1.025720475527150732e+00
-9.979459283590675911e-01,4.375136911270926521e-01
-9.696370312301549887e-01,2.126222033753436824e-01
-1.175346251555317689e+00,3.195495647594268074e-01
7.575576035407674547e-02,1.084114312980274164e+00
-6.419053241031640045e-02,1.176252233451119844e+00
-1.682841647679408914e-02,9.484308448659315438e-01
-1.193684944995764496e+00,6.956817552475874633e-02
-1.219808743339101387e+00,2.896367146558559424e-01
2.131538816174250173e-01,1.154509642600596964e+00
-8.135621883471105820e-01,1.777588034297586939e-01
-1.135776529433276893e+00,2.026622259978904939e-01
1.013368197913387392e-01,8.591406836574118078e-01
4.546678235774873761e-02,1.165203578375933580e+00
2.116593089052436483e-01,1.449012042075995543e+00
-9.493166951038274348e-01,-5.324594460882391411e-01
-2.382354242407091760e-01,1.373052940253886245e+00
-9.303137590603967055e-01,-4.873245569001397048e-01
-2.730950410367163350e-01,8.541327268945161366e-01
-2.414641530406992365e-01,9.959243800888843978e-01
-6.816334447757186332e-01,1.449219866225740783e-01
-1.158298341504795798e-01,9.689324383008177666e-01
-1.261513363308587987e+00,-2.797236816854399913e-02
-1.061358843120672413e+00,-3.528975180453625127e-01
-6.255722041707344472e-01,-2.893608497992456452e-01
-1.242115414278752494e+00,-3.046777015188451010e-01
-1.680716858262122360e-01,1.359656671959089902e+00
-9.110060366938552701e-01,-8.138376029747179663e-02
-1.055915049366735886e-01,4.993997591244654366e-01
4.319216611289345420e-01,9.040243815410743400e-01
-3.260902495142858903e-01,1.055801269127006226e+00
-8.965321252347753511e-02,1.046660231098297533e+00
-1.344044514761951747e+00,-5.055605333354354358e-02
2.025816105893025187e-01,1.086039435004174880e+00
-6.101499756398449659e-01,-8.546027160778162102e-02
-1.531626553022974457e-01,1.077313103300086672e+00
-1.723948294795131508e-01,8.308736337151811924e-01
-5.934004281885574272e-01,7.507185111658278009e-02
-2.596112970087854910e-01,9.479947763165382790e-01
2.728540873810135770e-01,8.855048693116491787e-01
5.787124227232521428e-02,1.066481962035199960e+00
7.860198409682506160e-02,7.615017396822821860e-01
-1.166576693209596893e+00,7.123019761187703025e-02
3.813298547529065524e-02,1.015786955725013874e+00
-1.019945862760124333e+00,3.737324242820519449e-01
-4.591116672736113569e-01,5.541754854998890423e-01
-8.226940752371880716e-01,-1.580990799106444522e-01
-1.889378037561363285e-02,9.169642094735159787e-01
-2.427335948886285566e-01,1.050297574825478142e+00
1.995548836099616530e-01,8.136275117941293988e-01
2.197363448753905935e-01,1.008819676430454892e+00
-9.930711056367806933e-01,-1.056870367782563047e-01
-1.094918388707329493e+00,-8.798184216952281353e-03
-6.891585722308823415e-03,1.010099001245373218e+00
6.544391425038410814e-02,1.319867067219833823e+00
-7.941280049041601341e-01,-1.750786027478708207e-01
-8.365178748931930697e-01,2.691005552849711213e-01
5.449537702822615515e-02,7.103521737620719367e-01
4.025846246913323268e-01,7.247580619364233367e-01
2.662087605007807389e-01,9.656221242780337333e-01
-1.139630894323578891e+00,-3.573900166217573032e-02
-5.180516910102122008e-01,1.432646986728000504e+00
3.000347756111199637e-01,1.049793680844313570e+00
-1.098703025365657338e+00,4.627863442157380547e-01
-8.718646293068540443e-01,1.096584005876200668e-01
-8.342378234961991268e-01,-3.131987220293517837e-01
-1.318663188725378022e-01,9.921924480580173178e-01
-9.254269050453758361e-01,-2.479711363345640518e-01
-1.014989426867209943e+00,-5.279843752749027175e-01
-1.296401620256050657e+00,3.851867506162828247e-01
-1.240582572071017076e+00,2.373900870000651420e-01
-8.180583983500084866e-01,1.637074369686143949e-01
-2.379777643537618059e-01,8.625846047516794179e-01
-8.326077849011674914e-01,2.336149807239555065e-01
-6.656135691389588604e-01,-4.741184124154678159e-01
-1.016869688915622572e+00,-1.393522254407199845e-01
-2.096983451518348862e-01,1.294025644055313951e+00
-1.295750140158575370e+00,-2.880602089875933247e-01
-1.101789096051743355e+00,-3.049026816523587868e-01
-7.861201593231786910e-02,1.245475975301304716e+00
-8.750822191388193394e-01,9.915848217933363740e-02
-1.123974620575007188e+00,4.129485731735842435e-01
-1.097412112333692402e+00,2.534641690563561589e-01
-9.405369120251769188e-02,1.056780016473395589e+00
-1.755780682401910930e-01,6.627875631699309267e-01
-1.097924499794142195e+00,-1.552389280504514260e-02
3.692525580022115173e-01,1.322713906578688814e+00
-9.874527484615985840e-01,9.588246271149458710e-02
-2.351371164668615010e-01,1.289665364820284710e+00
1.199342129429112891e-01,9.108178101817064887e-01
-2.939080619127267258e-01,9.025562229799358738e-01
-9.247395691370744464e-01,2.736238613921156970e-01
-4.095867517148664705e-01,-1.947851689356632776e-01
-2.082113493885896782e-01,9.009019356151037883e-01
-1.165185372015959953e+00,-3.966654340410760704e-01
1.838039758080509956e-01,7.894899955818612813e-01
-1.193623149191972210e+00,7.215074833605111815e-02
-1.278385023754629701e+00,3.041539364357175868e-01
1.174079375922196383e-01,5.718892711728587042e-01
3.020374348505446283e-01,9.725624958072464077e-01
-3.073820895175254364e-01,1.186595979268483259e+00
-1.028743228676463728e+00,-6.690973911806000207e-02
1.451363019955514699e-01,8.416526573670397582e-01
3.106594371154814890e-02,1.059695308210260256e+00
-4.563649318131429017e-02,1.029709776345254735e+00
-1.023356192735463077e+00,-2.372408864521008687e-01
-2.578077347881337911e-01,9.242011410867113641e-01
1.295123542897119902e-02,1.384248730434499919e+00
-3.141905576694907776e-01,1.104836095066321855e+00
-1.194486281053049222e-02,1.133631704145614760e+00
-9.169324441537320958e-01,3.735077543856489268e-01
-1.339784396881505746e+00,2.117033120302970195e-01
-2.182028189698280787e-02,1.029906742246215812e+00
-1.122440292615685786e+00,3.580354102143122885e-01
-9.472115347135277030e-01,2.337760802715954100e-01
2.375996018013249722e-01,9.288108224096158771e-01
-9.634829991380623460e-01,6.873747320882821199e-02
1.959876647527718230e-02,7.339592206270343366e-01
-2.231076584166384325e-01,1.370326587002309360e+00
-6.679575200105130062e-01,-1.419135671010240130e-01
-1.213254661894950015e+00,1.905153380308661493e-01
-1.351891349485787042e-01,1.323171131321161820e+00
-9.860441001281304851e-01,2.430753263398277575e-01
-5.232713970609000065e-02,8.161723528726759769e-01
1.386631917538981296e-01,1.248845329072675758e+00
-8.397750503668781619e-01,6.375764625731292212e-02
6.796030158395563459e-02,1.064568051765756085e+00
-8.530257551480214806e-01,2.773693082103754204e-01
-1.151088149899841095e+00,3.127605307924571920e-01
-1.327817462718195340e+00,-2.807391170291952953e-01
-8.451713782820771126e-01,-6.058399571789001986e-02
1.011693431968380963e-01,5.981068019092026233e-01
-1.671338975194078605e-02,1.136022049360553288e+00
1.300907815721397687e-01,9.574376445358450116e-01
-1.183441315061060095e+00,-1.977492430476138902e-02
-1.086484855556327567e+00,-4.099088462939832200e-01
-1.071269771764517265e-01,1.253420406013440846e+00
-1.098222072122927440e+00,1.232492956442951676e-01
8.718441461555216307e-03,8.669604727359192520e-01
5.439619830667057065e-02,1.243197028636166657e+00
-1.118537587484679463e+00,-2.064240763595750205e-01
-7.564336748704123536e-01,1.784483506141445741e-01
-3.238691773414941188e-01,8.295769035568931749e-01
3.884399357193559638e-02,9.654386328961879205e-01
-6.888383990354247643e-01,1.914388574026493553e-02
-3.350237193821094944e-02,1.029912600225755925e+00
2.110628400368731450e-01,1.096379313494052044e+00
-1.169879483911646645e+00,2.684286940718269565e-02
-1.015923478493839793e+00,7.034862580970475954e-02
-1.155764101016943046e+00,-2.352247979673523226e-02
-2.431711514028247478e-01,1.118439283338212187e+00
-1.699992229937161980e-01,1.690715816011731931e+00
-1.040919513953225017e+00,-2.442295486240824223e-02
-3.809943416354635293e-01,7.527362934343849732e-01
-1.188627888248229569e-01,8.166146696672650362e-01
3.084835930013922756e-01,7.996974385160658949e-01
-6.869082922658780177e-01,-4.406385698111205118e-02
-1.304073796288814258e+00,1.977535328118565638e-01
-7.412434658431811263e-01,1.170298662002799001e-01
1.278253892074434489e-02,1.112917072001195606e+00
-1.021312332831908698e+00,-7.262778175954377746e-02
1.577809594083806888e-01,1.033002266722894413e+00
1.754973049752005521e-01,8.192881640505870200e-01
-1.220734595357161556e+00,-6.488446353851490267e-02
1.601127412173412590e-01,1.056083823688956480e+00
-1.020536122743499030e+00,-3.854635634526893395e-01
-5.827720552873068005e-01,-2.288038284658943933e-01
-4.567461165260031652e-01,1.267854681451214605e+00
2.351131154321675631e-01,1.052458035826995708e+00
1.770746609612426359e-01,1.103435493261562650e+00
-9.691274159676284417e-02,1.214613667920235063e+00
-1.147267695920110908e+00,1.298057853987270582e-01
3.373932179512189600e-01,1.092561208003507423e+00
-1.236774830335752196e+00,7.033710310332809239e-03
2.099691341831671776e-01,1.141627844940688696e+00
1.552455871840245083e-01,1.014577622007221569e+00
-1.103535640269600826e+00,2.416752760416222834e-01
-9.506237649063890016e-01,4.996200452184785396e-02
-1.310683878458893892e+00,3.740311109874081552e-01
-8.029254855203802332e-01,-1.314847129973383821e-01
-1.702699527387856460e-01,1.113273495667891133e+00
2.781594811991283667e-01,8.325837139798218933e-01
-9.307881267957737181e-01,3.604346781741553651e-01
-6.034097020334635575e-01,1.455907013311617870e+00
9.195773091537499944e-02,1.093139143414138648e+00
-1.020738334860026519e+00,2.989399490233885515e-01
-9.150914537177838870e-01,-1.067623124503175175e-01
-1.086877971564298023e-01,1.337776342276437491e+00
4.546318565743355522e-02,1.171421489046552411e+00
-2.669643555871161200e-01,1.025813862859384251e+00
1.512875272607351329e-01,1.053960021591064056e+00
2.222432345656400951e-02,7.828576270107572288e-01
-1.196072147539937180e+00,-1.967000480102260029e-01
3.693302973620463669e-01,1.189751634318062301e+00
-1.260533301710026199e-01,1.040347306745743827e+00
1.336793100013113078e-01,8.477191519945409537e-01
-1.141237351101479502e-01,1.237051363002486193e+00
-4.024343221390134784e-01,9.575089263236570281e-01
-6.614873663603122456e-01,2.986722595016175763e-01
2.540273735098323368e-02,1.155354457116153144e+00
-1.070200119317160636e+00,-9.218116436121427670e-02
-1.146332374929490694e+00,-4.759215798118806018e-01
-9.313413810530469794e-01,1.763268336119157287e-02
-1.523843688899329862e+00,-4.564150508370699577e-01
-8.855667651257995154e-02,1.302451210958105676e+00
-8.756717992559724939e-01,-2.346623629576311543e-01
3.496908648629346028e-02,5.381222358026453989e-01
-1.183417262348762433e+00,1.524559792852809570e-01
-8.877317535665182335e-01,3.971326943475639304e-01
-8.646756685351745242e-01,-4.113274704161725553e-02
-7.787199756188664113e-01,8.101418483164941897e-02
4.808373614069683666e-01,1.180399443781539937e+00
-1.123787636340759649e-01,1.082687464410853506e+00
-1.083015361527233544e+00,2.126713054811948667e-01
-9.310389906006441008e-01,4.612363733769780927e-01
-1.025921827498207817e+00,1.374879667265916650e-01
-1.287299269685043379e+00,1.875780521693354852e-01
-9.598154061327861530e-01,3.456662174599435811e-01
-1.164505412968819487e+00,2.393146385502140372e-01
-6.979556520890640714e-01,-2.315201237327953743e-01
-2.915691485435793484e-01,1.230131538841967132e+00
-9.384512189360230128e-01,-4.373566780610881888e-01
-6.866174579199914030e-01,-2.147860561899392340e-01
5.150166341367252709e-01,1.060051476008872839e+00
1.396731070689016807e-01,1.152154890912375995e+00
-1.144867705428747495e+00,-1.709687615483888520e-02
2.672572247139166635e-01,8.071842027271318720e-01
-7.171592062273198787e-01,-3.227103971554071693e-01
-1.851157104782347740e-01,1.593152069853136732e+00
-2.539552448160562470e-01,8.539823259232141028e-01
1.521379792572749301e-01,1.052073890044384896e+00
-2.123386654480017011e-01,7.946414604554962180e-01
-6.778258200302405001e-01,1.882919294416970923e-01
-4.788509334921409177e-01,1.358589990898084743e+00
-5.813807467076543833e-01,-2.292533535636332234e-02
-1.286721028672842326e+00,7.770892719617696759e-03
-7.828717702565870518e-01,-2.243407162175654196e-02
-1.797427117339261138e-01,1.148878947458515487e+00
-1.286454267566661258e+00,1.867577689859596102e-01
-3.986393396103753844e-02,1.198432351881363989e+00
1.031639868845822816e-01,9.410691695365498433e-01
-8.389668346166374580e-01,-1.209627411266211983e-01
1.677431152873977704e-01,1.026926622512211562e+00
-1.054421097829686182e+00,3.319369934737520511e-02
-1.085156025398308355e+00,6.924556161522162911e-01
-1.608652105780794817e-01,1.051485362012672065e+00
9.633292716428400182e-02,8.214179317287143567e-01
1.757137382741945086e-01,1.277246731110475597e+00
-9.052264316398898059e-01,-2.867778596231991550e-02
-8.172946442003664602e-01,-1.387731889162103216e-01
4.003881254405946555e-01,1.189990414191242074e+00
1.658634607350450429e-01,1.072035704105184895e+00
3.931268776995803238e-01,1.045465442419788227e+00
-6.145345518679372621e-01,-1.268189034219474771e-02
-1.070050631128437180e-01,6.595642655953425360e-01
-1.089042400498930530e+00,-1.910646796829741922e-01
-3.391003398572845495e-01,8.220518920580660582e-01
-8.642148876274855507e-01,-3.498841254035910397e-01
-9.431351771031866171e-01,3.971883726327959246e-02
-4.627904609622750520e-01,9.194314992358805227e-01
-4.698978980750805751e-02,6.591178974884057684e-01
-8.862590259268863235e-01,-1.271729751072289416e-01
-1.028582005391811993e+00,-6.207311064161674663e-01
2.516533829686978252e-01,8.696524978976176712e-01
-1.356735810881216864e+00,-2.813427547515364724e-01
1.866340895748659079e-01,9.477335858040827343e-01
-3.576522767258529661e-02,1.224534903275209974e+00
9.432995246680637991e-02,1.027666944940314631e+00
-2.057898967374482968e-01,1.639534072722914626e+00
-1.342747134832185996e+00,5.959044848885930445e-02
-9.091396281137912316e-01,-2.943634913244338666e-02
-1.581669065522288420e-01,1.249155491528191497e+00
-1.116827848426574565e+00,-2.948958666039588894e-01
-8.978060618352022848e-01,-1.886260926995429743e-01
-1.005553258730693678e+00,1.367063193471374782e-01
2.973208787306532222e-02,8.513549560062965149e-01
-1.131569381115004713e+00,-8.337774491823352063e-03
-1.270416308287903417e+00,-2.256262320767727411e-04
-1.221545443327104685e+00,-1.520165752481817956e-01
-7.911323987088200727e-02,3.385176836698015057e-01
-8.877287475016480967e-01,8.281431005888887156e-03
-1.306775099524591255e+00,-5.131743930361410549e-03
-1.395414730923292268e-01,9.369756423793172972e-01
-4.295683780453364298e-01,2.634652643539334149e-01
-1.369777564169455397e-01,1.350493157690706880e+00
-1.341132049855722208e+00,-5.787327035247834955e-02
2.226227435846805103e-01,4.063766616954048727e-01
-1.135764967916271351e+00,8.942345715802237083e-02
-1.040335489282920634e+00,4.466700081441626891e-02
1.359529088136763042e-01,9.733005450719020013e-01
-1.522608565615556908e-01,1.300687569156406376e+00
3.297949869516110244e-01,7.485501049868807932e-01
-4.956263949138819264e-02,1.056190146838914545e+00
1.307986668976302558e-01,1.010166531947795709e+00
-1.021015217078621973e+00,-2.060019483565421194e-01
-1.088990922605633377e-01,8.685324627477644110e-01
-1.162915529404661363e+00,2.544406697232515224e-02
6.408314537782956455e-01,1.015082145718501971e+00
-1.854374021520633076e-01,7.403436652880017732e-01
6.489206590376456196e-02,1.124896228003037457e+00
2.426223477206088941e-01,7.399767746794241319e-01
-9.727703692936473523e-01,-1.146948593004141481e-01
-8.100915374241624001e-02,9.118489142640356926e-01
1.207540669252829130e-01,1.042604316306823931e+00
-3.898440666554206513e-01,1.290312567756032314e+00
1.060981691510191754e-01,8.013444365583696216e-01
1.068638853071507133e-01,1.335200065863282104e+00
3.416372367035273583e-01,1.028854947594429081e+00
7.288938106891110214e-02,1.127245298711997412e+00
2.880281614931989309e-01,1.051804154289035287e+00
5.832501400912164513e-01,1.079459746908415951e+00
1.896716388435253781e-02,1.291676996763525320e+00
3.223948968007054328e-01,1.010176454016053160e+00
-9.272028970999937059e-01,7.438269913015567447e-02
1.492819550018710251e-01,1.154489450203519896e+00
7.428394441788293071e-03,1.288037732800429991e+00
-5.291968434696787682e-01,6.976724693853332548e-02
3.221288699282830181e-02,1.417292267395357852e+00
1.715403035125729822e-02,7.372977247048049243e-01
-4.858478600941072978e-01,2.481707539988500244e-01
-4.307395018715746982e-02,8.516525094724621825e-01
-3.889705265719976823e-02,1.013323988566716682e+00
-1.218080112689461231e-01,1.170176447360448568e+00
-2.647549561912964644e-01,8.100029386768817785e-01
4.308892305841354742e-01,9.735587944145464023e-01
-1.039947102543526736e+00,3.171233120137971206e-01
1.516827971782589990e-01,1.065343008831948879e+00
-1.071310897955694980e-01,9.260235042189585153e-01
5.110884985390150986e-02,1.179130655671410288e+00
-8.614584776925828802e-01,9.115753762485873796e-03
-9.636928670234222727e-01,-3.689583739532639184e-01
-1.065765723746896709e+00,3.919973095331727997e-01
-2.235104280469035198e-01,9.184060251581168677e-01
-6.879683647035834682e-01,-2.989750101479898836e-01
-1.027927658963519120e+00,3.445412484548003307e-01
-2.779387921384105994e-02,9.399068424137828615e-01
9.446158535745365070e-02,9.028556317126010811e-01
-1.040028212262515295e+00,-9.447900347762772100e-02
-9.071103417119869006e-01,-1.630898317179967638e-01
-1.070723047038306813e-01,8.616679325937305345e-01
-8.696145127680006137e-01,-3.082741923630270484e-02
-1.088391084611060738e-01,9.748543543829292224e-01
-7.870945602975822908e-01,-4.567203843622757442e-01
-1.080310689565487703e+00,-2.198034803785956781e-01
-9.804457385665579228e-01,-2.235978974690825405e-01
-8.713012578011991582e-01,-6.923741542813993677e-02
6.165726714746380122e-01,1.412743547256527510e+00
2.142970454732890870e-02,1.175605110482414339e+00
-4.305516449394447770e-04,1.048127244692086624e+00
3.540141591101866325e-01,9.458493549253337296e-01
-4.747488073470361725e-01,1.323693354326429539e+00
-6.624940570961643793e-01,1.977709752659204956e-01
1.685012174209424285e-01,9.155817416458226221e-01
1.403535549936619498e-01,1.278992210904806859e+00
-5.494474897051753598e-02,1.467895789977237575e+00
4.068237521234669973e-01,5.315897224852955683e-01
8.823649497655608465e-02,8.179445317618683209e-01
-8.933522488886093127e-01,-4.181881671737136541e-02
1.014871400147678571e-01,8.547532990249686602e-01
-9.041966469407420881e-01,1.441588061256256388e-02
-2.947394922919312488e-01,8.890824117878336486e-01
-9.723966275604768728e-02,1.056796127448512701e+00
-9.294327584440625900e-01,3.900878561032490588e-02
5.691734003775521522e-01,9.660489906298521667e-01
-1.184030825327172937e-01,1.093816110002078457e+00
-1.219102194345909496e+00,2.303135333362246184e-01
-8.150717577307493508e-03,1.245285631135008231e+00
2.075981609482998314e-01,7.657337423193757431e-01
4.014205777132082500e-03,1.013986720538656128e+00
-6.579573362276316395e-01,7.304305563311197513e-01
-7.253104601119253481e-01,1.435374414043910918e-01
2.259059661496077079e-02,4.243016646917270318e-01
-8.190983125382524932e-01,-1.933654369182848665e-01
-9.669336878269634283e-01,-2.631314832314145952e-02
-8.268814793412487818e-01,2.243339421973470360e-01
-1.368026272937272081e+00,-1.982137216546087655e-01
-5.995644498841699033e-01,1.137088925374206028e+00
1.572619556639857918e-01,3.595346710128226597e-01
-9.169577853420701752e-01,7.339197116155680989e-02
-1.722285479299994759e-01,6.505301397135643260e-01
-1.358378655448588157e+00,2.557138475830809665e-01
-8.229021222201384766e-01,-1.886109574211202733e-01
2.885434685786006717e-02,7.535456110732504653e-01
-7.703679364311777356e-01,3.188678378131311053e-01
-9.176177633772228948e-01,-2.017969578822533805e-01
-1.030190196342647191e+00,-1.693187467205461427e-01
-1.222891058418217991e+00,4.322476490460566145e-01
1.695724906403731080e-01,1.242068197649907724e+00
-7.759198136936321655e-01,9.582943332585942831e-02
-1.264970811325072733e-02,8.442161830935477340e-01
-1.151798115214564877e+00,-2.298785036881853261e-01
-1.060109623180371274e+00,4.731454813573651654e-04
-1.183348980114454996e+00,4.935181923811044619e-02
1.894250113115446624e-02,1.178194471829558498e+00
3.738826454838604235e-02,6.575286535307012237e-01
2.774117739233740165e-01,1.630943977323811689e+00
-1.924660727036638791e-02,9.097013615949391951e-01
-2.571484650651565396e-01,6.844758432115609637e-01
-9.582831487248365532e-01,3.439030080359459229e-02
-8.428048049540387554e-01,2.009350779373824947e-01
-7.733975899662764997e-01,-3.568504457926390816e-01
-1.819422605397803538e-01,1.233832633682836466e+00
-4.252704582376968245e-01,-4.588015602437405804e-01
1.114259978471367485e-01,1.144352026622942997e+00
-1.216154817530550769e+00,-1.617399730546667247e-01
-1.054574154621681581e+00,1.917871931973710864e-01
-1.150108256144133811e+00,-1.457551515400288822e-01
-5.651690238335389527e-01,3.238448556539998413e-01
-5.531291458155653817e-01,7.919468822112550876e-01
-5.844374379699605881e-02,9.967625731695802793e-01
5.845874153825145886e-02,9.275578389547940450e-01
-1.909237676777759407e-01,1.254335620292404752e+00
-1.362162374573512080e+00,3.994977441874424939e-01
-9.627041634668119519e-02,1.119917208071998571e+00
-8.051338011220190438e-01,-2.577098756793353429e-01
-3.466795366169209136e-01,1.344184026640043550e+00
3.208025404976337924e-01,8.313388813517459397e-01
1.556753337109040847e-01,1.036772930272748638e+00
-3.545435818664300354e-01,7.342105150823438064e-01
-2.204958584561874935e-01,8.705332010289001943e-01
1.855423196601520830e-01,8.500761037204427328e-01
-2.463476858778934631e-01,8.943465738121813002e-01
-1.086341621233016461e-02,1.149766939126987131e+00
2.620170422884467998e-01,8.854060226607475270e-01
-1.023582606150413188e+00,3.712727766770643756e-01
-1.556989111411521076e+00,7.547224948379144260e-03
-9.114708746538094930e-01,3.253367898866648678e-01
-1.078828291384245519e+00,-9.942037530405950507e-02
-1.137718206034761259e+00,2.281851704873671949e-01
6.827008109099184929e-02,1.097910726401482240e+00
-1.359003089199199987e-01,9.573978720578624202e-01
7.122581558631446014e-03,8.075479546095652994e-01
4.303653993054029070e-01,1.140562249271382944e+00
-1.027891049215660990e+00,1.952290779046572944e-01
-6.746785177927598909e-01,2.709212426460159626e-03
-5.476135328281788173e-01,-4.150097002346610914e-02
-1.041955135593734205e+00,1.511356829816620506e-01
-9.664607771279688508e-01,-2.105631505607165610e-01
-5.629707142374238416e-01,2.494408477403616542e-01
-9.419774970668896019e-01,-2.642149724344106110e-01
-1.403076669329060167e+00,-1.290005067192362409e-01
4.087226688752942927e-01,1.202904770699766424e+00
2.894664397646115259e-02,1.161580305360046861e+00
-2.560624136843103749e-01,6.996587051858820239e-01
4.135365407202745702e-02,1.068574163112746556e+00
-1.198751889605492948e+00,1.897890538627927115e-01
7.573886844697025333e-02,4.527256438608198152e-01
-1.050762768028502325e+00,9.923455079951477159e-03
-1.119847806814344038e+00,-2.563393047327270358e-01
5.391480781824138369e-01,1.248261957848771697e+00
-1.136500377535036854e+00,-1.118342631478481397e-01
-1.080205534545240598e+00,1.635247967111926604e-01
-7.368450400853434612e-01,3.149140772401131660e-01
-1.350408198403472149e+00,-5.184764519590030485e-01
-1.103455957060438086e+00,-3.810355547342608815e-03
-1.069257319013011243e+00,-6.972696647392052638e-01
2.803414902764483352e-01,6.922907442610526374e-01
1.718259229034047875e-01,1.060556500869498153e+00
-9.743738786303622890e-01,-1.695631204046066653e-01
-6.547346105282420003e-01,-1.580076950939941771e-02
4.497655733883616780e-02,1.001561343918873970e+00
-6.282711332863573361e-02,1.240339615572569221e+00
-1.721803449984341983e+00,-2.531826344512431159e-01
-4.557325390562187994e-01,1.158467746455278835e+00
-1.660622157164290957e+00,3.119172153724173446e-01
-3.715499249511550195e-01,5.844071744950226632e-01
8.767709891080732731e-02,1.494812677225104469e+00
3.941110372422105268e-01,1.244494414579712327e+00
-2.939484063062223762e-01,7.073164582813439294e-01
9.806573379100957943e-03,1.066183749561706140e+00
-1.638418212274235508e-01,1.355597256067719414e+00
3.857569367040816211e-01,7.312893209993360788e-01
-1.252662185773608383e-01,1.062186921996048694e+00
9.253226150181306439e-03,8.251091858127467260e-01
1.268869671647190334e-01,1.099513483511662226e+00
-7.840876232530988310e-02,1.001559723743454144e+00
-1.132924602613876841e+00,-2.803021338008814811e-01
-1.125054858563271809e+00,-8.692674798771769795e-02
-1.548880574438406210e+00,1.271145723196764332e-01
-9.592194281076867890e-01,1.809437920979036496e-01
-8.917785712676064014e-01,-1.860438763457820388e-01
2.089565914214114584e-01,8.371132778748895387e-01
9.238960324594243378e-02,1.219887566281161684e+00
-8.778280061183060257e-01,3.642841352347801487e-01
-7.452939178666506681e-01,1.857916593490278601e-01
-9.846334085099817113e-01,3.506514342443337214e-03
-8.934039727242500950e-01,-2.260539290623370112e-01
2.181654769907130642e-01,1.182635647267938683e+00
-8.306975405860115291e-01,-2.748295080160000903e-01
-8.144902898370424138e-01,-1.142964596391052717e-01
-1.194041788849277808e+00,2.646512923690620966e-01
-1.205261325197031219e+00,1.492588093314441422e-01
-1.191623964296191440e+00,2.441260918266148217e-01
-6.270331678210898374e-02,1.261669384525933246e+00
-3.506143608611525520e-01,1.273553694346693410e+00
-2.100780606426217167e-01,8.295598540945724464e-01
-1.264702167703233737e+00,6.651696420539623955e-02
-1.355482441854448439e+00,9.397017131222099029e-02
-1.137711581238363800e+00,3.047330213535841548e-01
2.666128991365065426e-01,1.142782198166248708e+00
-3.262001053766098724e-01,1.440049722322007009e+00
-3.769818412455209350e-02,1.034288423558667347e+00
-8.833871968108910622e-01,-2.882865321068465714e-01
-1.209584609112171139e+00,5.338725396267305495e-02
-1.009275303399637780e+00,2.363724977560304752e-01
-1.064076196686252862e+00,-3.594416484599371464e-01
-9.483452825194434999e-01,2.093788440616215496e-01
1.583904969802067686e-01,1.011499974376740107e+00
1.503700795904446552e-01,1.046410497450545263e+00
-2.234001706883020355e-01,8.269369414015124153e-01
-9.166514861659898553e-03,8.237852713655853254e-01
-9.231092953118538169e-01,2.955273043322113047e-01
-2.331165338512161678e-02,1.182665086605833249e+00
-3.435655934642264375e-01,1.260331942737575428e+00
-1.014665780057634470e-01,9.899935319454967741e-01
4.772306613165370193e-01,1.313141291445491410e+00
5.324057203178662878e-02,1.123693379284426586e+00
3.198577270439377229e-01,8.603446302624989661e-01
-9.247055533136230299e-01,-2.981478924247244963e-02
-1.411576954970131359e+00,-6.251804055217344280e-02
-1.031560943326870650e+00,-1.105741671294420275e-01
-5.905498481192410498e-01,5.371323957653774406e-02
8.298081086293190856e-02,6.951392403880352067e-01
-3.185009386503858363e-03,1.035568909432638129e+00
-7.556181433469892905e-01,2.138430677819370962e-01
-8.297108154527454982e-02,7.971233482268740289e-01
3.437906282348595077e-01,8.245319944179410054e-01
4.846318974103407812e-02,1.250742386722974775e+00
-9.413127837062559289e-01,3.388547252337779231e-02
-9.340286368273496009e-01,-6.016418183910718365e-02
1.028557235080000513e-02,1.102183327898218268e+00
-1.549438407162815300e-02,9.197457109942678288e-01
-4.251162160621984043e-01,7.974802103176361623e-01
-9.470680551204391229e-01,3.236658943576287695e-01
3.867089359906177859e-01,1.236774832593461326e+00
-2.775100358145564106e-01,1.233059372667365317e+00
-9.709268416703995541e-01,1.975078864896270547e-01
-1.261262441108836452e+00,1.166277780037719425e-01
-9.400729590177352435e-01,2.273566977042702363e-04
-9.838025419831526452e-01,1.006486847962207581e-01
-6.757443823953357409e-02,7.902482895431228727e-01
-9.365626974606675592e-01,2.735066590602305836e-01
-3.168181532166579051e-01,1.117091010182212685e+00
-7.963211041766116161e-01,-3.517459674185631213e-01
-1.565852042395775856e-01,8.650774577539824817e-01
1.503333288187965605e-02,1.068536246193203754e+00
-9.421125549248795528e-01,-6.300957973094360731e-02
-1.223119532727684478e+00,-4.429989375650476152e-02
1.741737939516216915e-01,1.025259308550952708e+00
-8.412588824129925147e-01,-2.402753798022629617e-01
-1.192883562381616747e+00,7.976771263303185366e-02
-8.794012123780787782e-01,2.448950851797492279e-01
2.964210034868026700e-01,1.276356358184431050e+00
-8.339570102621129966e-02,1.018195320170473206e+00
-1.092019160674596367e+00,1.734942484206914992e-01
-1.148707206221127430e+00,-1.051394795277325461e-01
-7.624626002497344457e-01,2.906130885288708832e-02
1.873549054478045039e-01,1.040027252728484619e+00
-8.735075610449334338e-01,-2.925198162801144197e-01
-3.024067457822869343e-01,1.350042532723771949e+00
-1.877243069716592189e-02,6.034595827200159857e-01
-1.117589066934372433e+00,-3.233273871812909483e-01
8.839945928299591804e-02,6.287574090969656471e-01
2.270515699475425878e-02,1.100683809807299074e+00
-7.836667047058839541e-01,-2.653392136348461591e-02
2.491367021790600877e-01,1.152148690164332523e+00
-5.956301713370053541e-01,1.034235301305633931e-01
-1.220619272408020262e+00,-2.129916535171443026e-01
-1.028536032396701883e+00,1.826091199076541327e-01
-7.287598604573954919e-01,-1.556961300868949238e-01
1.171894487090423785e-02,1.065982079599734567e+00
-1.081163250389210795e+00,1.049426779669329762e-01
-4.246085425106315148e-01,3.059187682445616563e-01
7.466737312797255832e-02,1.110771202898603427e+00
-1.102563619901785419e+00,7.032775971084638256e-01
-9.850111923004821746e-01,1.200948542207143505e-01
-7.488367185287890804e-01,3.608110508640531289e-01
-2.355171619667466576e-01,9.150089193646784302e-01
-9.420637585914577450e-01,6.341435612621985907e-02
-3.092335323565253979e-01,1.043799223813709709e+00
-9.021274005340585989e-01,1.130884892913085055e-01
-1.274989035501010282e+00,-3.108746405195575088e-02
-8.104392784135435734e-01,-1.642181660077933758e-01
1.334767676283409310e-01,1.071990382561519350e+00
-9.470154658688759719e-01,-6.334702113901347076e-02
-9.234713451211741253e-01,4.410012755892105396e-01
-8.579733669381593986e-01,-6.794354139969562001e-02
-8.050366628858626195e-01,4.204002116923835630e-01
-5.749958076797136997e-01,2.346788131255019560e-01
-1.094195004587900533e+00,-6.232638862138109581e-02
-8.359476829852967583e-01,2.888699262070564683e-02
-2.639880729389795094e-02,1.110221663577465545e+00
1.836388991039645813e-01,1.078073275138995868e+00
-3.129764844128709034e-01,6.331914319818867654e-01
-1.079366392288860776e+00,1.990672121422801810e-01
-1.259068952535947972e+00,1.670096534192223592e-01
4.649585412992905675e-02,1.093832087310232071e+00
-1.022523852216170370e+00,-3.835071724640699564e-01
9.705560436931251478e-02,1.368917093268584573e+00
4.876908472332408540e-01,1.069094436594344444e+00
-1.006483068348401400e+00,1.671996063940604516e-01
1.903215246784661918e-01,1.054553260993555952e+00
-1.982621784914395391e-01,1.143429583190542997e+00
-2.341080521610897913e-01,7.159336060193124407e-01
-9.509559204904459717e-01,-1.247621239085596051e-01
-1.097442622687597069e+00,-9.165524965555522929e-02
-2.308910468728914978e-01,1.181983522147019405e+00
1.700862720493189484e-01,8.935355541549308001e-01
1.744157259393417092e-01,9.167517501708319916e-01
7.151174236738988554e-02,1.144279662182772439e+00
-2.123979930877340772e-01,9.207279294364131284e-01
5.701208231725669873e-02,9.535243225895643215e-01
-1.051246360004858715e+00,1.773173511511740852e-01
2.342726900293403136e-01,1.116295361404358699e+00
-1.390835888105811380e+00,2.334383459647112469e-01
3.158476476779863984e-01,1.291617843404412325e+00
-1.010813403418300949e+00,2.144528076000486450e-01
2.037982121374317182e-02,1.009186449265496055e+00
6.296799455975857218e-02,9.343269081171332591e-01
-6.780914806039352316e-02,7.109604907188800116e-01
-5.592065284959120142e-01,-2.525302955894017168e-02
2.373245235562667504e-02,8.478695870604397999e-01
4.031950605799344833e-01,4.271300165205234034e-01
-7.445115236421210314e-01,-2.197560127287236376e-01
-9.124002722965486312e-01,-4.436320148345962444e-02
-1.737593457407008435e-01,1.023036530088401452e+00
-3.363452536535067039e-01,1.276948557427631803e+00
-1.558299496149015750e+00,-2.455552819736880332e-01
9.789268339278681119e-02,1.196470765571776340e+00
-5.855666549580426650e-02,9.407063479201507317e-01
1.651161958387214468e-01,8.013694137177032051e-01
-1.142772590232731950e-01,1.500761118478097567e+00
1.675255823656952026e-01,1.258372766858524061e+00
-1.461384750647479538e-02,8.604077111992314286e-01
-1.071632516903845644e+00,-2.536538219762170532e-01
-2.428324075516109515e-01,1.092000387788405247e+00
-1.176470450768019038e+00,-8.001278411876830421e-02
1.173261427333982254e-01,1.025251929720278676e+00
2.014393146965265946e-01,1.490537570621768060e+00
-9.743294500623582710e-01,1.817528614541603360e-01
-9.089841526937067484e-02,1.217750359214615719e+00
4.429162507984795716e-01,1.094905229173713135e+00
-7.873085733852056567e-01,2.672167185390616484e-01
-1.140189672323436598e+00,1.045399387918724277e-01
-5.796439439622115275e-01,2.926204160315023020e-02
3.154818994918499042e-01,8.189105284990085831e-01
-9.220100612966379838e-01,-9.206853630637644448e-02
6.678392315293227299e-02,9.306064826875322105e-01
-1.026628314780446916e+00,4.167297503264769110e-01
-1.048803520194004468e+00,1.685781814691366884e-02
6.995337368325732497e-02,1.353444079567116098e+00
-1.098187602665168683e+00,-6.846425997852477463e-02
-7.488359871740015716e-01,3.207725662860756721e-02
-1.109003374683807719e+00,-1.958080584325055853e-03
-2.501861305423850323e-01,9.537054287454124202e-01
-3.519916365597307029e-01,9.796430491227076098e-01
-1.100540770723246853e+00,2.097179945427875836e-01
-4.306392806649200072e-02,9.496050722227630247e-01
-1.364034476501929105e-01,7.049309671628511964e-01
3.087189776977966940e-02,8.618238083575940900e-01
-3.382994435902246244e-01,1.185867151074208925e+00
-5.021943064407223822e-01,-3.293011645249424579e-01
5.393431596306784426e-02,1.121062570400124692e+00
-1.168492086167994159e+00,-2.817818264265187223e-02
2.655255403849025031e-01,9.182206297070555356e-01
-7.605688941403137004e-01,5.455566444252747393e-01
-1.103254765689726691e+00,-1.362278322573247658e-01
-2.173951263693708336e-01,1.043171064224161615e+00
-8.062853043367728123e-01,-2.805359228386869463e-01
-8.571826979593615281e-01,3.314528074411086656e-01
-1.349930831310556245e-01,1.051078039653430274e+00
-7.791593071310241037e-01,-9.594661905826556980e-02
-1.046044806760203283e+00,-1.774342002167340338e-01
-1.052620312333465202e+00,1.035477309204698437e-01
-9.446261578685352100e-01,-5.396059845079488604e-02
-1.363420894446631948e+00,8.484509688432673169e-03
-9.436965393745120334e-01,6.776036004861445139e-02
-8.017000279558195164e-01,4.157652151899893234e-02
-4.355575069501131935e-01,1.110680403440899022e+00
-8.347976348859402762e-01,-4.034039704102040241e-02
-9.568907701112795428e-01,2.818652346901664441e-01
5.094274205823243751e-01,1.121477452917781115e+00
9.079829069014748455e-02,8.075460566297325560e-01
-1.158700810491349875e+00,-1.453198887985578946e-01
-8.388160422106238912e-01,-3.357690177440504908e-01
-9.023277760987746809e-02,1.043642777853447390e+00
2.322153021437886877e-01,8.283127327632073822e-01
3.074512662521314832e-01,8.081539986249566265e-01
-1.158849245358737790e+00,-4.045507846942674735e-01
-1.165095368398499254e+00,2.471228169209554459e-01
-9.335697198219504445e-02,8.101601136682089477e-01
-1.324607803930458738e+00,3.132245550726471817e-01
-1.198511566719283161e+00,1.107913328359022842e-01
-1.003834795427178683e+00,2.267998292011486408e-02
-8.937477163482593356e-01,6.613211218041937720e-03
4.454116785124884736e-01,9.545405122017873722e-01
-1.057062132733489035e+00,-3.148952977551521676e-02
3.541252368703140530e-01,1.102060899913373415e+00
1.383049548855546373e-01,9.391939676754137434e-01
1.485518644064550975e-01,1.044216582824167405e+00
-1.763504560604940707e-02,1.063306974121156934e+00
-1.274798200699792439e+00,4.149129670413011506e-01
-9.458243774139007964e-01,-1.909343036160452145e-01
1.699794885663564736e-01,1.344905661156699850e+00
-9.492006924271846335e-01,-2.338666416691666944e-03
-1.471983848740057610e+00,1.520247591401464177e-02
-9.532000421378076238e-01,3.966603479296938461e-01
1.741731752541918199e-01,1.376161126928284739e+00
-4.354680140230748897e-01,-2.449751998312944545e-01
-9.638936448555246450e-01,-2.994287566937309242e-01
3.738627269145548132e-02,6.805946103593347729e-01
2.005360505918785119e-01,7.831735373160362279e-01
6.467097638232507384e-01,1.323230745318297652e+00
-1.089977923076452138e+00,-2.087623015270958227e-01
-4.786214554098215668e-02,1.277820801700322306e+00
-1.220587079618475235e+00,3.174565852516692682e-02
-8.219292459163856090e-01,-1.650088908129522247e-01
-2.844055291251073800e-02,5.869315675487749573e-01
-1.349744420192050542e-01,1.261377385937364259e+00
-1.186975042595912688e+00,1.424975445919816619e-01
-1.959262336556490680e-01,5.890767160411992664e-01
1.121855861302181873e-01,1.173364081354858257e+00
-9.466980701965969081e-01,1.207433989312086536e-01
-2.552775204637026119e-01,1.074914864254411739e+00
2.654360282552815642e-01,1.029505065692989385e+00
-9.930383239502863502e-01,5.312528906791363914e-01
7.223777341252571316e-02,7.760075618233768235e-01
-1.090513153894080878e+00,-8.792247552604639345e-04
-9.806539157459593925e-01,-5.319447873034613972e-01
-8.193994218547021591e-01,7.530235295450099509e-02
-1.279213029521542477e+00,4.255391155967477163e-02
-9.675576727739920724e-01,-3.737785866479052532e-01
-1.218395985772288137e+00,-3.758776345334579640e-03
-2.070386066419525883e-02,7.332871934382438894e-01
5.560732642788990265e-02,7.740663503333373718e-01
-1.069610710847122226e+00,1.161904101661542232e-01
-1.854928683745712126e-01,1.156198307503004896e+00
-1.618021174415377739e-01,1.187901849403941057e+00
-1.022298094105224209e+00,4.687364614141138475e-01
-8.996796910766535760e-01,1.197076406826944051e-01
-4.546582705580048261e-02,1.429742295746673886e+00
-1.190413455206416726e+00,2.272042540287934342e-02
2.313155572463363729e-01,9.578345692286633906e-01
7.313499937092026587e-03,1.092683996999199714e+00
-8.564922302662031361e-01,-2.499728648581506577e-02
-7.032270341399244895e-01,7.715299330124567034e-02
-9.004424075270981431e-01,-1.302267671100046653e-01
-4.735716740503507216e-01,1.329798582535091978e+00
-2.712537864014439790e-02,1.256977896235188075e+00
-1.447361820159873025e+00,5.783904040143664910e-02
1.791598858801119343e-03,1.377945710710640981e+00
-9.960687248765766333e-02,1.038235036962187108e+00
-1.057235231861268776e+00,4.766120658656126663e-01
5.367611634587994562e-02,1.121064548887859003e+00
-6.015114075163467966e-01,9.610192913209464338e-01
-1.070997841557451036e+00,-3.665509687825176111e-02
-4.510366184408605705e-01,1.363265090833728044e+00
4.127287581915365933e-01,6.848061960115533475e-01
2.020093104274931772e-01,1.296840993281080934e+00
-1.439962026258251981e+00,4.483578183039309967e-02
-1.434498819511543510e-01,9.903600171696425036e-01
-1.002753414913217789e+00,2.885956302749338453e-01
-9.373169946515640116e-02,1.223055637214133462e+00
-6.205721028248736282e-01,-4.659108033265566690e-02
-8.070808093988860454e-01,3.620439989636633354e-02
2.395181377513393162e-01,7.232725671164526027e-01
7.623479978848282657e-02,8.688332531906937106e-01
9.834185829244859733e-02,9.813324582968985244e-01
1.176378008287325555e-01,7.723753395661474563e-01
-1.574684209019672765e-01,8.317141983069661348e-01
4.360670728522124118e-01,8.643666007325155887e-01
-2.694411131711846666e-02,1.224756110460641256e+00
-5.100398445101783640e-01,1.295526135373404664e+00
-1.006604181756659111e+00,4.429975447621838369e-01
2.147627738869846703e-01,9.709092430261225815e-01
6.364243350359726804e-03,1.080691566181925634e+00
-2.067309819880454591e-01,1.149614092362932105e+00
3.258052359107403984e-01,4.249958688291017861e-01
5.164099331922020891e-02,1.407446632988428092e+00
-7.307966001998390526e-01,-1.775069763343707085e-01
-2.080959963804062396e-01,1.247800428735232892e+00
-8.799182081401453193e-01,-8.571172463421536381e-02
-8.093402784888112378e-02,1.262930565307777586e+00
2.096722823372155486e-01,9.451639737648358519e-01
-1.055720194999467676e+00,3.988385803836893423e-02
-9.291543943862884403e-01,1.070388118523233484e-01
-6.397335231106826559e-01,-9.826395900706502359e-03
-1.103784233108675572e+00,8.456496788907143236e-02
-5.851402675692669170e-02,8.561936623072868846e-01
-2.803762017831236755e-02,1.038525024643923711e+00
2.157110886313990672e-01,9.791694042589745850e-01
-1.083627509191654292e+00,-2.646702129014016913e-01
-9.081496520196538080e-01,3.485134348245033098e-01
2.635187226812877453e-02,6.523508605036383301e-01
-7.617184711589362056e-01,-4.784647580700834152e-02
-1.132452208881994382e+00,-3.931649833857955856e-02
-1.071106176786824904e-01,1.226184597262021558e+00
-1.509159614201472266e+00,6.484599579873503127e-03
4.110388565487161361e-01,1.327935741396392144e+00
-3.691495597633174253e-01,8.924448796363645409e-01
-9.900539142437576601e-01,7.380294818763073750e-02
-1.899037579967587097e-01,1.005721706596835130e+00
2.974208085498672438e-01,9.446594600565287880e-01
2.956392722873507073e-01,8.833672552781184351e-01
-1.167453761063279583e+00,1.379948036882550355e-01
-7.874252844628353287e-01,-1.307804818297637062e-01
-4.705757972167635104e-03,9.980146150334694433e-01
4.397041156480716029e-01,8.999180368283592468e-01
2.817009104588373905e-02,1.107889591528949502e+00
-8.933490584249790256e-01,3.214092689335336650e-01
-7.727640139490402071e-02,1.293300915775938309e+00
-1.221420875578067333e+00,1.571303712235657957e-01
-4.923430492242765188e-01,8.385152528631304447e-01
-1.614121956763989729e+00,-2.025459232506276186e-01
5.177749680029611334e-02,1.407212347422009735e+00
-5.257812378459496283e-02,1.107277906099015441e+00
2.937827548029059987e-01,1.067200477779074452e+00
2.547785996532617725e-01,9.539729616509945442e-01
-5.145032641635856052e-01,1.129353960318395966e+00
-1.066914218005201587e+00,-2.109017324623091161e-01
-1.032188966873777813e+00,3.233282357768796356e-01
-2.000160813545339145e-01,7.426293354712771855e-01
-8.051941145841833292e-01,2.828807277550892119e-01
-9.814185316889892929e-01,6.299355884569397823e-02
1.747481415670304461e-01,8.329625397829703015e-01
-1.121945707995278596e+00,-4.026412165018820703e-03
-1.306626751245239637e+00,-3.059595269742529985e-03
-1.223098074563125248e+00,4.481003063985910390e-02
-3.361084761120938236e-01,8.517766216768711818e-01
-4.017580837794781368e-01,6.924789640350756947e-01
-8.044032369344570124e-03,1.137216230070544620e+00
-1.228221954514420455e-01,9.038703858096900357e-01
-3.841365894237474543e-01,7.802431753582426133e-01
2.368233935853154004e-01,8.909094725847881424e-01
9.228763785077982729e-02,9.573703456597917327e-01
-1.163549186450083504e-02,1.014342783215330668e+00
-1.247322001838336636e+00,6.739694637096042829e-02
-2.512493351609120795e-01,8.981017238199924257e-01
9.455986126138726799e-02,1.388905522430159856e+00
7.659564668073418070e-02,1.009283541977591847e+00
-2.011115426766287018e-01,9.432604306146642470e-01
-7.792987300355797009e-01,1.157412851164378170e-01
9.701523299306215320e-02,1.112553432237970652e+00
3.799322895825539836e-01,9.339844440155840033e-01
-7.624453028065018012e-01,1.548875535994342911e-01
-7.754548849863557303e-01,2.093663154530156223e-01
3.014568242632283401e-01,8.476306293931725744e-01
2.677467804334437429e-01,9.249463941831218561e-01
-9.637470792595470570e-01,-1.051742053354242923e-01
-4.666287854510482447e-01,1.112526344534915168e+00
5.111732087724794871e-02,8.574130073958200482e-01
2.138489348466548756e-01,1.040614497775250502e+00
-8.532032214108156154e-01,9.773517794674803361e-02
-3.605273003245761804e-02,1.120318288932313111e+00
2.489399437097710166e-01,7.356213864179508288e-01
-8.665059756442418104e-01,4.535522876068175946e-01
-2.630920488154580433e-02,1.053853972870454569e+00
5.017821927359372020e-02,9.830322624351065519e-01
-9.100821710514058749e-01,-2.011809238062049476e-01
-2.114735717955953387e-01,1.311809327943154635e+00
-1.500076532976859278e+00,-3.027404954991452235e-01
-7.409625135449847688e-01,-3.848719359922379152e-02
-4.542195026007969649e-01,9.777799125385102652e-01
2.091800437238494348e-01,9.571826381524330962e-01
9.703988078088059133e-02,1.021583841034598761e+00
-3.417952894584631029e-01,7.507372784818574507e-01
-8.922451390767022206e-01,-6.502704040593980384e-02
-1.697371112429236217e-01,9.331202179234143745e-01
-8.189660077893954337e-01,-2.292895525881193386e-01
-1.194981892772691401e+00,2.884230717091154292e-02
4.001814544905975268e-02,1.071821310987438158e+00
-9.118913952706036996e-01,-6.526549436006928717e-02
-1.008162532933420952e+00,-3.649607071284539095e-01
-1.103530596691502108e+00,-3.243357058129262560e-01
1.142580490403828780e-01,8.343280381567190762e-01
2.673791446196200350e-01,1.119478585908840529e+00
1.657518141485980756e-02,6.946606953542382445e-01
8.333784248037992559e-02,1.043897673986829977e+00
-1.201461570208640417e+00,-2.212805884801050463e-02
-1.173514390235054217e+00,-2.078096713412510010e-01
-9.365973805594770552e-01,-2.309838776604391242e-01
-1.025164527493003686e+00,-2.135169695217282657e-02
-1.411141188894727172e+00,-2.147755052322060099e-01
2.232755138437182985e-01,6.912687743601599877e-01
-1.172677540022000420e+00,-1.078535653082117740e-01
-1.214876025200054777e+00,2.524966899321990921e-01
-3.051241885261884307e-02,5.955037376422886997e-01
-1.171304872085896287e+00,-8.587320281672193578e-02
4.088091659504988762e-02,4.739734876687656806e-01
-1.108836653279929418e+00,1.696542999968030374e-01
-9.929719558486694853e-01,-4.342239529338560848e-04
-1.078143578862671204e+00,2.737588929214120406e-02
-1.034076514149994575e+00,-7.422723889886766180e-02
-6.470741337632917034e-01,-2.036462285905644432e-01
1.412036094731118629e-01,1.067182656258940376e+00
-2.605091495760867293e-01,1.135197103448245093e+00
1.453073940569155065e-01,1.220025086223357036e+00
1.503057022926298503e-01,9.791700858871095203e-01
6.580608890241904096e-02,7.427778549076942127e-01
-1.068445436452533093e+00,5.019595075312212051e-01
-9.089259931406436233e-02,1.349766815471518555e+00
-6.621208712659263362e-01,1.646541045306136727e-03
-9.361299541038362593e-01,2.453904907127152923e-01
-1.121403434620053652e+00,2.905151705085843444e-02
-1.079606457284960630e+00,-3.840891644327456556e-01
-9.152264391873600469e-02,8.020622229798253233e-01
-8.766139221474573695e-01,1.779473023165547840e-01
-1.390849807241764324e+00,-9.843070573177996330e-02
-1.099252577574646450e+00,4.377368536380422115e-01
5.000870626983847100e-02,8.642167350690912464e-01
-1.133669440167267117e+00,6.653287945806105608e-01
4.026035283939759929e-02,8.934824378947994195e-01
-9.909822975758266761e-01,9.453715120029866636e-02
-1.040613037155155712e-01,9.422740655036302426e-01
2.216505180632791783e-01,8.369194902232591771e-01
-9.991624758186904431e-01,1.188799629868254465e-01
-6.250043887086120797e-01,1.218930189038955891e-01
-1.221944569060619434e+00,9.371537629913781822e-03
1.568973108042924780e-01,1.363427713363857929e+00
6.743075778233135198e-01,8.996920624596311811e-01
-7.955864003662689310e-01,-9.946940119039555939e-02
-1.377128448435899766e-01,9.843240408600091307e-01
2.598542794150822746e-02,9.643391194701917968e-01
-8.497202255775931912e-01,-2.964620691363642827e-02
-8.193838936070180212e-01,1.187426899250919321e-01
3.031194418362285203e-01,9.914504606794497521e-01
1.751676733371651806e-01,1.423018546385455885e+00
-1.192710075427706240e+00,-1.090496956843231141e-01
-8.966506306469949061e-01,8.131789088447070879e-02
-6.580878490581719420e-02,9.161031633602056967e-01
-8.812923378640499239e-01,-2.186677639235710402e-01
-1.400468169824469478e-01,1.308536142785518219e+00
-8.947131286160959762e-01,1.381356506215266344e-01
1.077714616359431027e-01,1.207225657172101618e+00
-1.024367844456265164e+00,-2.303976583681419665e-01
-1.498416120042041610e+00,2.145206301755155365e-01
-3.456780915563262280e-01,1.150424063627805804e+00
-9.633923413611078512e-01,-8.872040853456139575e-02
1.125921172704995865e-01,8.173758049195195552e-01
-1.102131267678725823e+00,9.033560773737878136e-02
2.537732026943832417e-02,7.283055661159106853e-01
1.699689622125510058e-01,8.941457013103395468e-01
-8.245030031800468784e-01,-6.500499337967866054e-02
-6.853439744804522282e-02,7.334416663834268935e-01
2.443537783077389947e-01,1.134893832740520025e+00
-5.609860647882729950e-02,1.251540964065477990e+00
-8.129283971247409923e-02,1.295279892562996027e+00
-9.963569725599430438e-01,1.017924772700833924e-01
-8.896425531280119370e-02,1.009572106580163053e+00
-1.126099254430451113e+00,-2.891477485262353153e-01
-1.148277709062871743e+00,4.311324450461607311e-03
-1.329708542516090664e-01,1.440542303280770042e+00
-7.907517907590197459e-02,1.040950989281513639e+00
4.339638921096294344e-01,1.215507032158452239e+00
1.854819980552270264e-01,9.561799161921404888e-01
-8.548225954298829254e-01,2.705709873164958701e-01
-1.122925232477466340e+00,1.748283991723639241e-01
-1.156606198084617176e+00,4.594786771823772820e-01
-1.024825521550481122e+00,-1.587486237996501015e-01
2.461380668734235999e-01,9.445287835723634728e-01
-4.864344644952633967e-01,1.380005411163199636e+00
-3.654115212923213507e-01,1.078165714195476799e+00
3.182287201870229176e-01,1.164863637490515469e+00
-9.726266711341721161e-01,-2.209251982133128046e-03
6.178455392074910096e-02,7.908523944952370321e-01
-9.627792141971329709e-01,3.360639646935780767e-01
-8.920473975474474404e-02,9.207467670954513350e-01
-8.115389324089460343e-01,-8.322644290409426937e-02
2.852492228187973877e-01,1.046901471520991000e+00
1.895787953646317914e-01,9.939075758329281030e-01
-1.067304926729466773e-02,9.989221156077470187e-01
-7.865872316261612873e-02,1.048755918968659939e+00
-8.235489927029526758e-01,3.076082506126073726e-03
-1.017081918089101089e+00,2.854535670558306926e-01
1.542593947396870002e-01,9.211479115694410913e-01
-5.502609911653513208e-01,-3.064524227175539073e-01
6.504741167046065309e-01,1.042550689684230703e+00
-2.435928410801934119e-01,1.209471519559346842e+00
-4.361281334752279415e-01,1.072110238156903428e+00
-7.540565351184823628e-01,-1.174552575988886682e-01
-1.138354829872592067e-01,8.325855338201383349e-01
-9.895662851625908196e-01,-9.063259799289825024e-04
-5.796865451677757353e-02,1.091756062698374885e+00
-8.038296177536112808e-01,-4.648509467525025474e-01
-1.020173000577786038e+00,-1.409405003054769734e-01
-9.066180128517377368e-02,1.246736486438344338e+00
-1.128171389553036086e+00,-3.806984636933640753e-01
-1.451918317347352883e+00,-1.154857243168258413e-01
-8.161871500800614854e-01,-2.471459043906590047e-01
-8.062186249931442283e-01,4.394569347762176253e-02
4.133867497668082536e-02,7.208204471396199020e-01
-1.095820362957557581e+00,6.257160279781820433e-02
-7.510108399042825233e-01,7.732492087622175325e-02
-1.237877195598652003e-01,1.182675645921538621e+00
-1.296940749891482662e-02,6.498837540029238635e-01
-2.122823165579792448e-01,8.234713051293764963e-01
1.367778061363928432e-01,9.541446066556449335e-01
-9.005961150095433965e-01,3.338841624031257949e-01
-1.042010029570408003e+00,1.623501899889397970e-01
-1.151237195841096517e+00,-3.553274957840134030e-01
-7.319612140354440077e-01,4.171673053391345976e-01
-1.959360374857199369e-02,1.222947320058580090e+00
-7.933095671992753672e-01,1.999684017269295067e-01
-6.430812375304638395e-02,8.615963151686687471e-01
1.943551279170345480e-01,1.015447453959807511e+00
-7.538698000555669188e-01,-2.219149652105976978e-01
1.654025168323817740e-01,1.020120590495047441e+00
-1.023006299307715805e+00,-7.031022218040500205e-02
-7.593433788468102741e-02,1.545229234696746667e+00
-8.833140836603035062e-01,1.226996923120301786e-01
-1.122544548427719224e+00,7.069115254328406373e-02
-1.092618696531316436e-01,1.549393319938777935e+00
-8.279751603891303269e-01,-2.107607070881662992e-01
-2.349871343639125532e-01,1.055168616146089589e+00
2.074625894875889442e-01,1.219984432436279853e+00
-8.799623985953420879e-01,1.222547444898661045e-01
-1.212852555986347891e+00,2.733826216634088063e-02
-1.315670103128133706e-01,1.154975060153346611e+00
-3.104420866276714208e-01,1.376345690717040604e+00
-6.225016995438389378e-01,5.298646246869482407e-02
-9.793947275316839951e-01,2.478057233450264851e-01
-1.074012493412454861e+00,-6.611351074172171216e-02
-1.344594011318971105e-01,5.344563197982541425e-01
1.823489779417452328e-01,9.187279825011117618e-01
-1.139291503609790146e+00,6.130336354860065062e-02
-7.128713815722130531e-02,8.410527037787864924e-01
-6.475934888703016590e-01,1.619373687938839845e-01
-6.509593926810798570e-02,9.285742262060411312e-01
-5.891692972837301451e-02,7.813651243963162241e-01
2.475353295542519205e-01,7.548344736335663718e-01
4.542349899753766462e-01,8.540384053407180653e-01
1.184290061985724535e-01,9.196472736804484072e-01
6.822599734870073152e-02,1.123790446159282475e+00
-1.172225743381225982e+00,-4.707350901325135090e-02
-5.120583940500818276e-02,1.109903244554031998e+00
-1.042364728551390840e+00,1.927620038710869121e-01
9.366516512770409197e-02,1.067627063602766713e+00
-1.219995330602031691e+00,1.970570385117969558e-01
7.897551182192355523e-02,8.051557060959784184e-01
-6.157860738739591167e-01,-1.468142705848638208e-01
-4.726855861429444805e-01,1.122415649241314872e+00
-9.798710685425101596e-01,1.239499611067372414e-01
7.272179593134490971e-02,7.776568212171039995e-01
-7.017559424855058792e-01,-1.279112140069637582e-01
6.483429076593011375e-02,6.097973479227609683e-01
-1.351572845063781614e+00,-1.959553112288124621e-02
-9.559663860719123107e-01,2.651311212218187552e-01
-2.270538817163142778e-02,1.155069294914241151e+00
-7.638773538157721532e-01,1.575697774826608222e-01
7.774035295051227867e-02,1.243790786257892522e+00
-1.288093248048703954e+00,-1.028241489841502654e-01
-1.096991994317250363e+00,-4.982368536024976181e-03
-1.801965512864742991e-01,1.000062949822366321e+00
-6.326033791562477582e-01,-9.313037698273884599e-03
-1.171271905139437797e+00,-1.859464478353372308e-01
-8.334710768947878323e-01,2.212517140850091268e-01
-7.241930487680046102e-01,1.696759730559912749e-01
1.380099436715216954e-01,1.368534794536966359e+00
-9.194179469240550961e-01,4.716541364663505709e-01
-8.993654610319969100e-02,1.167710063653571995e+00
-1.124104540815778597e+00,-2.705830688781339990e-02
-1.305191501611615124e+00,6.519399849036933148e-01
-1.056489974323305603e+00,5.209248341437709984e-01
-1.074375456659010686e+00,1.017968968120794571e-01
3.000481619967041574e-02,7.959724624827719808e-01
-7.655224711578009211e-01,3.896044285911183513e-02
-7.897974454211692530e-01,-2.152013299258901877e-02
-1.243334169217171103e+00,-7.765307508266847125e-02
1.415437719638887315e-01,1.124012584535410308e+00
2.704711839141856755e-01,6.268548553376069865e-01
-1.272583637180816352e+00,3.273486206299258683e-01
-3.013710300005703613e-02,5.945675910849337331e-01
1.148400867591766877e-01,8.985327968847199864e-01
-6.665054466056419269e-01,-4.502203341618753879e-02
-1.191622841218606225e-02,1.033836250109460231e+00
-4.075241412287535225e-01,1.366802541175974328e+00
-8.539541833055415143e-01,4.599051690776538859e-01
-2.533286078328346735e-01,1.034719800907596410e+00
-1.028654754257828791e-01,1.233371901192069631e+00
-5.917137110197402405e-01,-8.771530653052822535e-02
-3.989403279658320506e-02,9.974942556568694441e-01
-1.231777769334286149e-01,1.044710391986545694e+00
-7.728727576522932408e-01,-1.876993271758064519e-01
3.272341531572556250e-01,1.308760108855046678e+00
-1.168440613973292797e+00,-3.548525034758293756e-02
-8.175231559166307171e-01,-4.499442175229248497e-02
-9.411902122662516024e-02,1.169893112829153203e+00
4.179199354579499204e-02,1.018105429162864395e+00
-7.532838945852653179e-02,1.322496267369338785e+00
-2.168528946359268156e-02,1.147595198461932808e+00
-1.078290928282134242e+00,-1.374862706833199222e-01
-3.085101631203308603e-01,9.768832863412296730e-01
-1.099981139949620657e+00,2.289036843113438635e-01
1.579154079406352648e-02,8.178096682169399001e-01
-9.654196805624398747e-01,-2.130765579518559272e-01
-1.261935293029713190e+00,-3.367528767254437949e-02
-1.089939937344793552e+00,-4.940442050807158925e-01
-1.517466199281965189e-01,1.245679378612518429e+00
-1.337341753792974597e+00,1.773433773418897352e-01
4.765231226036909656e-02,1.255513952897132191e+00
-1.745123348577346245e-01,7.929094987289551089e-01
1.074080377333576919e-01,9.490214519361906964e-01
2.673961269802879182e-01,8.461311938163886825e-01
1.262248974822934300e-01,1.071112298429021559e+00
5.689825609638667070e-02,6.166607508987161923e-01
-8.293711279328472297e-02,9.164299240739011143e-01
2.003446684521764942e-01,8.583246464021334621e-01
-1.302061383240018078e+00,5.042315541033597082e-02
1.007137580842976526e-01,1.279886788680984822e+00
-1.191037006227024797e+00,1.909145647288633119e-01
-1.115217401095482508e+00,-1.731857718985041483e-01
-1.432060744512968942e+00,3.138399300021955662e-01
-1.525307551117480453e-01,8.502874184330814211e-01
2.668324947667192193e-01,5.201115739740915789e-01
2.753875935109193485e-01,1.110468773463520797e+00
1.423889505118506871e-01,6.813775801995010095e-01
2.944023471409571990e-01,1.212313153951521505e+00
-1.188962057096561775e+00,4.463286029849883318e-01
-8.087721790207611505e-01,-1.332230509105701011e-01
-8.752371351959917778e-01,7.244536670501655617e-02
9.549858321582190002e-02,9.406225016649935045e-01
-8.995182891713675577e-01,5.148302640469483160e-01
-9.269620770031413715e-01,-5.351571016174839768e-01
-1.188777501727966257e+00,-2.742193149118034648e-02
-1.118711211241187220e+00,1.390859113613587272e-01
-9.496523319101097815e-01,5.563496079126791782e-01
-2.302731151514824937e-01,7.887705204695041328e-01
3.671121288162663143e-01,1.383436620557141117e+00
-2.626377402715642795e-01,7.905878846670769677e-01
-8.547574356685626595e-01,2.558008364524499978e-01
-3.689931684290184699e-02,9.664959866289566381e-01
8.766425160628306401e-02,1.142382505856988084e+00
-3.046171656710495723e-01,1.232683462712386158e+00
-9.151644999300989625e-01,8.915151866585470375e-02
1.994405341865064518e-02,8.762436997163790542e-01
1.340149871578967811e-01,1.172902291340407244e+00
-8.292035097255212595e-01,3.724332606248634825e-01
-9.150970267203168973e-01,1.707831694401169276e-01
-7.537656843383185035e-02,1.033689435714594262e+00
-7.854611943180751787e-02,1.000580466626209253e+00
-5.981757211909959349e-01,-6.003379846506999851e-01
-1.225182386299637605e+00,2.649354504971867738e-02
-3.962939845744832823e-01,1.618560435227570427e+00
1.525804542718083301e-01,9.979994751156066046e-01
-7.826925601746047567e-01,3.018463503258958514e-02
2.255950153821411480e-02,9.665064488104819773e-01
-2.765460066691563523e-02,1.130176961278890779e+00
-1.364649578048188427e+00,2.531271024421186122e-01
-1.159866890556136676e+00,-5.175502732889748075e-02
-1.221213830289629598e+00,1.838883780412095548e-01
-8.522213408576080340e-01,2.802339741492390277e-02
2.217278614963885675e-01,7.323359115031060629e-01
-5.786574126228440917e-01,5.186380681452474883e-01
-7.953451481922848565e-01,3.918982277899106248e-01
-1.066364840677413772e+00,-2.791963172586681141e-01
6.262665163370718935e-02,8.132662191116926120e-01
-1.275294726991492045e+00,-2.036767810396983638e-02
-8.885706035461979901e-01,-3.932094330896788170e-01
-1.401756833621672804e+00,-2.621393881353897282e-01
-6.030367871575181837e-01,2.334726406016335298e-02
-1.249283269548737252e+00,-2.277684824151406384e-01
1.332565420540382517e-01,1.016265728746172270e+00
-1.080848638679188456e+00,6.763004292136778894e-02
-7.651697517153275285e-01,4.287175233640937860e-02
-1.097549017221543188e+00,-2.398228457650239953e-01
-4.904291750232825375e-02,8.637774685840109434e-01
-1.151031978206299433e+00,1.257585222989378582e-01
-8.406176803949874099e-01,-4.469371184360542149e-01
-1.161718017295348071e+00,-1.693349986214303382e-01
-2.624294235264590935e-01,8.237819352344265544e-01
8.377913859432699339e-02,1.205937200408843557e+00
-2.590576551218941037e-01,9.209024937333287752e-01
-9.066072014568083981e-01,-4.710337754623142997e-02
8.717541720879161404e-02,1.151016287006022765e+00
-9.020588893019530763e-02,9.856163106887825265e-01
-5.449231731989341576e-02,9.461890011747139395e-01
-9.008647465794021869e-01,-2.687339217502688338e-01
2.749111502393535023e-02,6.878185542906942729e-01
-7.969651862253706032e-01,8.057915069349788628e-02
-1.026475856463663128e+00,2.162191924141717847e-01
-8.904400819275858359e-01,2.402860013863850619e-01
1.401205879329390225e-01,7.671238488465064176e-01
-9.281819543703426767e-01,-3.288468756047463470e-01
-2.354932514394566523e-01,1.117064831059807695e+00
-8.346736295652926740e-01,3.424475994650547084e-01
-9.669351818141923571e-01,-1.162397331694007691e-01
-9.852347409738899664e-01,3.551245447629281654e-02
2.060045964902440796e-01,6.444862810199137870e-01
2.642743643520547026e-01,7.048609381684987074e-01
1.856866550636947499e-01,1.218676561880248865e+00
-1.071970404641532149e+00,-2.927285397428627811e-01
-1.149763781812092267e+00,-2.811071584438796789e-01
-7.419746957819191024e-01,1.008580225543774869e-02
2.442456627997122709e-01,9.894906548251237721e-01
-9.227670010768461717e-01,6.325382395385141521e-02
-8.227788883465823044e-01,-4.541569419883804137e-01
-1.326134827129690663e+00,2.659112712065519468e-01
1.804347557429427096e-01,1.092925821005311438e+00
-1.602816073062021673e-01,1.078951085130559484e+00
-7.520178171177129833e-01,-1.014159444610479993e-01
-7.449449281992668315e-01,1.941803154491122674e-01
-9.666061011384311508e-01,-2.084875079601759273e-01
3.042354621413020585e-02,1.028676752399671157e+00
-6.853605254432015847e-01,-1.619456342436253471e-01
-1.134443806512826391e+00,3.803357925329352573e-01
-1.057168908442396582e-01,1.124667031745567813e+00
3.403925657439152083e-03,1.028547706455173572e+00
-9.068703055125839629e-01,-2.646838343713073805e-01
6.591439075775069600e-01,1.074782674484845879e+00
-1.350000058908125355e+00,6.376492985849415707e-01
-4.669631603965092304e-02,1.148204282587513170e+00
-1.006121567701214969e+00,1.233810593497189356e-01
-7.754354036564364838e-01,-1.748965132543527923e-01
-1.220846449728076433e+00,-1.974530263139002983e-02
-8.647225806867375741e-01,2.205476656972180094e-01
-1.205766712906055638e+00,3.642160573126353162e-02
-1.345545942047045584e-01,1.094554629567826121e+00
-7.871792926592979800e-01,1.957975727627001561e-01
-1.048833364902176601e+00,1.397925303373007133e-01
-2.120531774098539379e-01,9.468274853758366083e-01
-3.414633753199763228e-02,1.486191504767035987e+00
-1.021951068905693205e+00,3.204052899369477792e-01
-4.073438058625313690e-02,1.009063859078057401e+00
-1.515615985082792265e-02,8.077404146083360104e-01
-6.658456741553029357e-01,-1.020253439818372826e-01
-9.498228338380959590e-01,-3.238727738889329300e-01
-1.403835617790060386e+00,2.038671460924033341e-01
-1.104641703520472307e+00,-1.547389861549382517e-01
-9.152542651321693423e-01,4.274338465265367093e-01
-9.585332549790464007e-01,-1.470519371432337519e-01
3.195333513619477706e-01,8.541229192667725290e-01
-2.209272986559648877e-02,8.860090673283718132e-01
-6.099101754031712730e-01,-1.513772127184944138e-01
1.038501969550841564e-01,1.279824663188863454e+00
-1.043057788138047171e+00,-1.005537795868187596e-02
-1.122863697988260301e-01,1.084271260390678782e+00
1.952545159259305718e-01,1.473344864639033025e+00
7.874287407204146050e-02,1.051191348707709139e+00
-2.191419444947115963e-02,7.877222615613033163e-01
-8.530793242288412515e-01,-3.266727330515517558e-02
9.164511957822084331e-02,9.624074800857995715e-01
-8.801354293389818118e-01,-2.101818120067050211e-01
-1.252937982122603877e+00,-4.015337190985118765e-01
-5.839836424327049524e-01,1.391449040484228072e-01
1.204130797921306867e-01,1.083007956373004399e+00
-8.512047659927863830e-01,4.864349665114909432e-02
5.414285800390036818e-02,1.207876296926595927e+00
3.925432777120776984e-02,1.060221933333492128e+00
-8.248632998296988317e-02,1.345454784659849912e+00
-1.093431878255588297e+00,-7.239776143845756684e-02
-4.785582746453128505e-02,1.392732682674022060e+00
-1.211419925703416611e+00,-3.516908176826048504e-01
-1.109704579944997604e+00,-2.361017978564230180e-01
-1.722361259597854008e-02,1.436464289271041306e+00
-2.581962185257642983e-01,8.200129012134999007e-01
-7.937500035624071859e-02,9.552882392102731712e-01
-9.284733396801723160e-01,-2.579658056968147095e-01
4.176064856610369747e-01,9.217257612951055279e-01
-9.162400459088300142e-01,2.840247791129614160e-02
-7.267316407884486518e-01,2.322575761004204986e-01
-2.061147028718932628e-01,1.346145549157297117e+00
-1.300833700706115204e-02,9.506085749140216201e-01
-5.652927035511388087e-01,-9.906220209721884606e-02
-1.107518966712423669e+00,-3.579283010687839273e-02
6.887241302781273167e-02,4.336589622673278077e-01
7.465008307899599627e-02,6.103392133261607011e-01
1.650013582052194117e-01,6.067665477380337347e-01
-1.115491989285115171e+00,-2.702030563236173036e-02
-2.778171593122717997e-01,1.135766860132623401e+00
-1.056861410897756148e-01,1.066248785406442634e+00
9.159776665171960597e-02,1.602141518664629061e+00
-7.820485526214965288e-01,6.198968925639761207e-02
-2.282036980567967166e-01,8.510404610194977071e-01
-1.439725442459746096e+00,3.736206696687485035e-02
-1.468535437474980609e+00,2.309309329321648785e-01
-1.549934335076259107e+00,2.270338696236735010e-01
-1.919916337252173533e-01,6.839379138611656472e-01
-1.830454239311898323e-01,1.338974167731250109e+00
1.321948374038025287e-01,9.534330249615713404e-01
3.747889882792469762e-02,9.128447643089145913e-01
2.912024857180928183e-01,1.191006602311549090e+00
-6.476750218051594010e-02,5.931024259382989827e-01
-8.757839866579446575e-01,3.258356934464733401e-01
-6.173664361093866848e-01,-5.286609024227834769e-02
6.084020929957771606e-02,1.362580574706786729e+00
-9.407609890667123498e-01,-1.615668412099390550e-01
3.027920960569377776e-02,1.183676464445271082e+00
-1.063859297296439577e+00,-1.450663795209386313e-02
-1.087809107483986182e+00,-1.674148654743586317e-01
1.121189221284072668e-01,9.956182259441198612e-01
1.564683991775169813e-01,1.296077597406514625e+00
3.308057888903790933e-01,7.372086098438913604e-01
-9.962135348676227631e-01,2.447031752086939460e-01
-9.525990808667157417e-01,-1.581793828997761220e-01
-1.045631652523457022e+00,4.872142260977548912e-03
-1.309531475380600662e+00,-2.307475966814529766e-01
1.238835837082954416e-01,1.035834888457515035e+00
-1.234602008805311790e+00,-1.152047312021581421e-01
-1.083103889649168039e+00,-1.543391062922075119e-01
-5.389112030141084420e-01,9.048924206245309021e-01
2.259226463017675879e-01,8.919430271161793433e-01
-4.388234313714615697e-01,1.321204460378146317e+00
-1.178768967107836296e+00,1.302569067209446707e-01
-1.079958135358169535e+00,-4.642378706450577680e-02
-7.980143104960638611e-01,-2.651955228728305469e-01
-1.239176842365299208e-01,9.779359362811009815e-01
-1.059717869237183641e-01,1.104573971422293077e+00
-3.677714255029088664e-01,8.391297511927998665e-01
-1.050998765262429191e-01,1.063841303310030018e+00
-8.063992270515689675e-01,2.822385012130088633e-01
-8.401860995243062291e-01,-3.215622104769277206e-02
-5.226679316796520869e-01,9.222884815617372889e-02
-1.043692582454075923e+00,1.963131312845989018e-01
-8.396376757710736216e-01,-2.279045883686849627e-01
2.440097902019542631e-01,7.759086641767345416e-01
2.230862106083361662e-01,1.115545197828203383e+00
-1.751298546416697743e-01,9.185492732189252107e-01
-1.274352108212173817e+00,-2.366901942994509567e-01
-4.993929245141529288e-04,1.093996398212824461e+00
-8.911887870674793655e-02,1.096773680595980238e+00
6.989971380225537545e-02,1.075013665331042256e+00
-9.768244696292102125e-01,1.299127748189402021e-01
-1.140909209793416812e+00,9.218155288049686980e-02
-1.369475442206277815e+00,-4.015268504251516823e-01
-1.313703487852418972e+00,1.226952049448298415e-01
-1.522511537861496622e+00,1.881577472132299200e-01
-1.116664746406116127e+00,-3.637833225021094297e-01
-1.415931495814942043e+00,2.142058602780536336e-01
9.188577052592453165e-02,1.459606508078367115e+00
-1.269188357533719724e+00,-2.223787984909633419e-01
-1.275747130530285878e+00,-2.162668044635645825e-01
-1.194071763689166010e+00,4.487377901483515646e-02
-1.181928139514326404e+00,-2.470363090657635985e-02
-1.704825685215308629e-03,1.224572857829250294e+00
-1.191195825146944554e+00,-1.347679903282447966e-01
-1.170742065329923726e-02,1.280546605553000372e+00
4.005937839992070038e-02,8.329654686924345963e-01
-5.845901363311832855e-01,8.948069721245556496e-02
-7.209795574667801077e-01,2.473318943510714185e-01
-7.520175652369929242e-01,2.888037856358616762e-01
7.251053985283471004e-01,1.073866926037197578e+00
-7.284310752448477366e-01,1.227239264621421133e-01
-1.093805834972241708e+00,-1.010999858513773192e-01
-8.414918704752614165e-01,-2.026399119096688184e-01
-9.291284098387753154e-01,-1.116569619617078374e-01
4.944964224223912796e-01,1.033922392887105746e+00
-8.852610861305518775e-01,-2.491238546679770960e-01
1.029053826265335647e-01,7.473323231841273451e-01
-1.085746840573356548e-01,8.127411355340204979e-01
-5.439503069605583496e-01,9.825054407219954156e-01
-5.326264936999165478e-01,-1.141849126059341357e-01
-5.913099620923777111e-02,9.179385607171264283e-01
-1.503373787057559197e-01,6.304754007811317340e-01
5.608866711779703085e-01,9.390676364922077024e-01
-7.932404346320605093e-01,-3.227995927818917976e-01
-2.721880445798782189e-01,8.422098329680894890e-01
-1.283165438392279922e+00,-4.798131394015921203e-02
3.170840838330325762e-02,7.353539026779418730e-01
-1.539799670354087047e+00,2.874902501746084971e-01
-1.180312390305835679e+00,-1.597220996127013959e-01
9.219628019468124880e-02,1.082959319815546051e+00
-8.901816615251787468e-01,4.055207829461972557e-01
4.714695502439508745e-01,1.107164558649433639e+00
-8.756200898600374760e-01,8.329485826937771398e-02
-1.002014141333094743e+00,2.519860768364456591e-02
-5.527096216633101827e-02,5.917091818715992657e-01
-1.324942689876614302e-02,1.207831172327390679e+00
-2.501508597580653567e-02,9.808315015084750899e-01
-9.984026298236599317e-02,9.903156973631486171e-01
-7.851396294255342800e-01,-1.097687687738236884e-01
-8.329160669261067573e-01,-6.815570632068433665e-02
-1.157078758247736816e-01,9.697242658349458644e-01
-1.180638933170089722e+00,-3.141199431068537606e-01
-8.550548533715067734e-01,3.691396364786906498e-02
-7.908180660980387300e-01,-6.992425439018418003e-03
-3.195154852726621031e-01,7.625379864274568487e-01
2.741035257895345634e-01,1.069975317954326099e+00
-8.028688860692601015e-02,8.174978539108919140e-01
-1.230404312388841737e+00,-4.641038988726041148e-01
-8.295301911496637537e-01,-3.243165602636157718e-01
-1.007523841004122067e+00,2.063415378328985472e-01
-3.551729794485795205e-02,8.647345494844793645e-01
-1.040131503030989668e+00,4.844176095688316752e-01
-1.167391244664396810e+00,2.731141402893570436e-01
-1.079215258299825564e+00,-9.288297962044453349e-02
9.853810397234614299e-03,1.117694781193820042e+00
-4.350515637156502913e-01,1.445869151982743572e+00
-3.031989881146290866e-01,8.479025356609203312e-01
9.206235951417310326e-02,7.978994770860430297e-01
-3.170394592499597430e-01,8.733346032062889730e-01
-8.755768979878504332e-01,1.592470802148205911e-01
-1.206525943672340340e+00,1.361521590458584507e-01
-8.249081814758539855e-01,2.005987899925608664e-01
-1.127231799828048331e+00,1.232845660734106091e-01
3.145884011314623030e-01,1.087071904075656459e+00
1.683877137424370229e-01,1.004649267102608157e+00
-3.520908173710112637e-02,9.616320669308283664e-01
-9.208516531344004274e-01,3.879248051002960329e-01
-2.188340114802899694e-01,1.004410834073110603e+00
-1.153883132859442107e+00,-6.068175287862526829e-02
-3.873965560312501166e-01,1.126264704100499614e+00
-3.300645828629355516e-01,7.085851793912252283e-01
-9.890788087710180587e-01,3.813287940217900407e-01
-1.288673225075403383e+00,-9.032210684332260542e-02
6.334219349114313946e-01,9.540918380879745975e-01
-7.567775336913327155e-01,9.861386871403149401e-02
1.283845056208223201e-01,6.115613941849669111e-01
-4.134847642993221689e-02,1.261333163979203587e+00
4.866469645170173886e-01,7.889695599093942135e-01
-9.791182932657579441e-01,-3.223421937388132874e-01
-8.783013698826563909e-01,3.646391807636037985e-01
5.767386846684959684e-02,9.978585563175664808e-01
-8.444528326803436569e-01,3.327088841704827771e-01
3.303537788761877203e-01,7.141842223408785273e-01
-1.374571220885300038e+00,1.603582790959908189e-01
-1.218488118644360352e+00,4.915407674257829540e-02
7.642951200801414435e-01,8.723152528710194087e-01
-2.735882086308853434e-01,9.755227672249915383e-01
-2.508244638071934207e-01,1.052859619844444206e+00
-1.073278742303638511e+00,2.366728436727204843e-01
-1.475033522275313480e+00,4.172167007694838059e-01
-8.175812326101649097e-01,-2.253890913157758080e-01
-1.142793055556348802e+00,-9.220234961379616956e-02
4.350033451960202968e-01,8.951744754698754969e-01
1.065915662993004859e-02,9.609211601803322456e-01
7.221367873709036433e-02,7.134668122914989974e-01
7.735135434697477941e-02,9.717115081718495917e-01
1.053792498828427376e-01,1.479130022269985245e+00
-8.833125438241785921e-02,1.040297264688013090e+00
-1.238744901869578641e+00,2.615022594123115329e-01
-1.198062421608441008e+00,4.048882921126485679e-02
-9.229961640892903052e-01,1.777330241249612808e-01
1.884017950454045798e-01,6.975651439956445099e-01
-1.537724557038494311e+00,-1.214830331736845848e-01
-9.873969757085719889e-01,2.738541724943528988e-01
-9.630764984143604934e-01,2.430208545276529852e-01
-1.233950051990362118e+00,2.189615398099560850e-01
-9.523744116833861018e-01,6.313470211556675669e-03
5.245090638248661036e-02,6.964149367093693810e-01
-1.090047682100172111e+00,-2.042040333740583469e-01
-1.464315534200905100e-02,1.246343395323692649e+00
-7.796290452585095121e-01,-7.681125683106367931e-03
-1.076922581483984676e+00,9.923497575527592818e-02
2.009877522573274566e-01,1.135226291347136929e+00
1.537012346022888776e-01,1.176416715178461470e+00
-6.512580187901266804e-01,-6.313441790696395876e-03
2.948852690344722777e-02,1.144243697543826599e+00
1.326128013907769132e-01,7.870151432360833477e-01
-9.912545580878532325e-01,4.552504950088262503e-01
-1.583833449397418006e-02,1.123450145650856546e+00
-1.031979845850527377e+00,-6.509699142369973490e-02
-1.081741721983271898e+00,-4.454546809764762388e-02
-1.528059965485624172e+00,3.069352126862925911e-01
-1.369450762134228006e+00,-3.270964029192948153e-01
-6.712145648619508020e-02,6.271386185364895560e-01
-1.151595284095437988e+00,-8.227909802571944931e-02
-9.646388013187554566e-01,1.172513560069572691e-01
-1.553965679408992051e-01,1.290210608067524856e+00
-1.022684906405878502e+00,2.098442686409004998e-01
1.829362337712147138e-02,9.500911136400665979e-01
-8.865663717089035112e-01,-7.670122079144651994e-02
5.058667658081887897e-01,1.130298132481424078e+00
-9.749854611967571083e-01,-3.161299063068109816e-02
-3.436195511673436620e-01,1.055817482840358368e+00
7.316381416768538704e-02,5.955250597919643507e-01
-6.288269671636392832e-01,7.911356291104816585e-02
-6.536606714296468168e-02,9.199788069282626157e-01
1.543979818778040691e-01,9.360302315602353485e-01
-8.885736361134388694e-01,-4.657223313999350051e-02
-5.120251628957452894e-01,-1.483002455967606936e-01
-1.103975956260140889e-01,1.003232928904554733e+00
-1.124227547117226500e+00,3.357981201252376313e-01
-9.429737478024458053e-01,-7.419122377250253475e-02
-3.327369472048395393e-01,9.951688808798462293e-01
-7.525032589159120766e-01,6.761450308687738664e-02
1.083359488598256842e-01,8.910161950619177595e-01
-9.032817116818482317e-01,3.401940525987078717e-02
-1.146340559168846474e+00,3.889746086408718551e-02
3.104592930649127669e-01,1.079579497614676198e+00
-7.070621090185497115e-01,1.015974574300150701e+00
-9.893198905733439075e-01,2.186225584726693705e-01
-2.460761203874420044e-01,1.189488112383665364e+00
5.076725675148664046e-02,1.392346760089168578e+00
9.387714687337977981e-02,1.028443008419615889e+00
-5.217171367989041908e-01,1.028168359660799475e-01
-4.291271788498457473e-02,1.198701779643508880e+00
-1.095312513666079735e+00,5.351647163264640350e-02
3.355974022439411897e-01,1.121412750027636518e+00
6.132531805477931669e-02,1.075546074942101304e+00
-8.049220744280333184e-01,-4.920971289119322606e-02
-9.846732879813354655e-01,3.035256603336915215e-02
-9.401786825254071500e-01,7.944872299970810736e-03
-1.349097789988584317e+00,-8.349877724228546572e-02
-6.178751554339127067e-02,1.109000354100182939e+00
7.424482268823351383e-02,1.212210818536630486e+00
1.628931200012056213e-01,8.046912389310709735e-01
2.253479127490460865e-01,1.128821445871706963e+00
2.111973595571969009e-01,1.200826259167553145e+00
-8.714224611294365541e-01,1.385858270209741339e-01
-1.985479785818224444e-02,1.423203203178539544e+00
-8.402397692289340636e-01,1.242416078703292154e-01
8.128592282666159685e-02,1.134529004959881071e+00
-8.611724942663845361e-01,-1.656445568307819000e-02
-1.336098027135678053e-02,9.799832141168902666e-01
-9.264301145411127369e-02,1.025676917499168450e+00
2.288787617588455281e-01,7.999877630969624009e-01
-1.428911972556026200e-01,1.629942224402205930e+00
-6.048777789729269105e-02,1.010063813893930629e+00
-2.721323630942057772e-02,1.539959811656007371e+00
2.947718594641034473e-01,9.775101845071825224e-01
3.388437122770097953e-02,5.859036970759777807e-01
-8.572934318850344848e-01,-1.653403886322362126e-01
-1.578239440061047549e+00,-1.697860799658964734e-02
-9.165060157390332307e-01,-2.400455686702091668e-02
-1.161672339539880916e+00,3.235989116441363445e-01
-6.466929775204237618e-01,-3.709056637709201576e-01
1.257278292773754413e-01,1.414750774377429687e+00
-1.280914768195850206e-01,9.584605487665076584e-01
-1.123299642304846024e+00,3.961965259153447105e-01
-9.354190699727158442e-01,2.851176680885160741e-01
-1.157463412108575618e+00,-2.039077137401738016e-01
-9.928425829309938111e-01,-3.749071401097342493e-02
-1.147354070782805602e+00,8.165423764634252568e-02
-1.043405245564491990e+00,2.058268111325058936e-01
-1.034180402173624724e+00,8.662525618524949400e-02
-6.734865558587408430e-01,2.729357931838724549e-02
-9.285579231931766486e-01,1.110344119899570464e-01
-9.561750463837290770e-01,6.480592272886707972e-02
-5.780621019806315708e-01,-3.527316544632211337e-01
-9.098266558179214369e-01,1.566039843869154735e-01
-8.755593325862125464e-01,1.391045482483446727e-01
2.258751681292648639e-01,6.097284693733453498e-01
-9.162945754541789167e-01,1.656582926089880392e-01
-9.179392195122090259e-01,3.681988326147024593e-02
-1.576782827396896458e-01,8.243635439130144738e-01
1.169072893214842118e-01,1.075286495241779772e+00
1.919600116902304143e-01,9.499295811379450116e-01
2.449709287189607010e-01,9.785279072276192869e-01
-2.906724192909558857e-01,1.101071850455653145e+00
2.169725707079794841e-01,1.290407849989759104e+00
-9.890688444704057725e-01,2.943457780750070585e-01
-7.364501249244423953e-01,-2.061456445458962391e-03
-1.585169827093306505e-01,1.015944154712526748e+00
-2.835818608204488944e-01,1.194489945823666854e+00
9.736995025228502298e-02,1.102429689751149855e+00
2.292089197379836851e-01,6.416162678408829922e-01
-8.850164027069037376e-01,-5.704804607049696052e-01
-1.243843102576989601e+00,2.536624225122644516e-01
-1.158744115530252250e+00,-9.726309534603423679e-02
2.362047551715635574e-01,1.201760683244670336e+00
-6.684630123029404736e-01,-2.683212508572906455e-02
-9.597405693607304888e-01,-1.104298977197054749e-01
3.456789904910345917e-03,1.144754090378170552e+00
-7.888867128417981212e-01,-1.651109917496871859e-01
-1.095868522049931737e-01,9.301153917714205521e-01
3.988817492625973404e-01,1.035270172621494789e+00
-2.947070241323704320e-01,1.297416413001897251e+00
-9.135189297441589362e-01,-2.178011072924458391e-01
-1.509968486325315995e-01,9.528374409582609506e-01
-8.033496613602475467e-01,1.994412034598778416e-01
-9.543473161243364311e-01,2.365335596877952973e-01
2.025306689317194486e-01,9.511023418351500780e-01
-8.604690303993041134e-01,-2.146495791501208117e-01
-2.862817708613951684e-01,1.149413610566444532e+00
-8.966028125435651086e-01,1.924503287310723731e-01
-1.305646176273965287e+00,-2.291950849378930621e-01
-2.974874901870026567e-01,1.113066231754558100e+00
-1.201750274858572443e+00,1.089178842704231417e-02
-1.854266421386384645e-01,6.318062988664315816e-01
-9.230592319984826100e-01,-3.035200114881781985e-01
5.671474729986827334e-01,1.354970292041761226e+00
-1.135014225811388222e+00,-3.450447513732756155e-01
-1.305249115683872807e+00,1.832447049452885501e-01
-6.968010003411647668e-01,-2.027490611033345713e-01
2.916468019865777195e-01,1.189126232603394451e+00
-7.761759147932375535e-01,1.835770104805111713e-01
2.192610754526753969e-01,8.578415342222943663e-01
1.242273080999609647e-01,8.700277050646115784e-01
3.026257990677154175e-01,9.295827879681952677e-01
-8.244470574288647047e-01,2.013311348396152611e-01
-1.061696381217131391e+00,2.386458993120238736e-01
-2.343633310797013092e-01,8.578851375244398447e-01
-1.731720198949426026e-01,9.455242955770012392e-01
-9.761332902786353793e-01,1.653283875884810905e-01
-1.008931785889754629e+00,-2.074659586708417214e-01
-5.666496079339473635e-01,-1.814905916260953489e-01
-1.015541137693310114e+00,9.762367885843446433e-03
-3.194673802004245611e-02,1.039407673626147943e+00
1.655939131338669268e-01,1.135511310246685390e+00
-2.891332845566926824e-01,9.337325187656353442e-01
-2.410901383667060360e-01,1.171258675800842974e+00
1.885944813427483102e-01,6.527804482537646891e-01
-9.867850607940675811e-01,8.656315601840723628e-02
-1.144316323784633216e+00,-2.342365254656863793e-01
-1.215033424167418982e-03,9.690065822176647803e-01
-8.228652550657480358e-01,1.987246433631681963e-01
-2.954176991645446892e-01,1.591699735858259190e+00
-1.257814580832206541e+00,4.349576544144680423e-01
-1.153799891949101042e+00,2.622752364274917314e-01
-8.823053305871978447e-01,3.806731581353151733e-02
-9.772172106561406446e-01,-2.304882764642635362e-01
-1.223301851061086909e+00,-6.235993026243082937e-01
-8.652468958141662503e-01,-2.889588225710039149e-01
-8.347856912620975622e-01,2.261277291261464817e-01
-5.484761169055171193e-01,1.265261226932480998e+00
-8.983054089581868351e-02,1.025133438658699880e+00
2.287189544526725127e-01,1.015128627910513615e+00
1.717892833777459050e-01,8.930446988777814843e-01
-9.241146461104822185e-01,-8.853204361782537890e-02
-8.935243890558528523e-01,-2.302593960612420252e-03
-2.693616351996125924e-01,5.097065566731091568e-01
6.347280873781593891e-02,1.314066917775330801e+00
7.365459073375794918e-02,1.302379543828130481e+00
-1.096057993343118930e+00,-2.241152386336599800e-01
-1.272086929575162451e-01,1.445451886683472242e+00
1.185270946434383368e-02,7.816384517178267544e-01
-6.441120659627032341e-02,8.880699022559772615e-01
-5.388143003716362456e-01,-1.937172342111694381e-02
-2.812180363200449118e-02,5.337429219786836709e-01
-8.122312109266182079e-01,-6.929679616651533980e-01
-5.502006781580536243e-01,7.260279228429660225e-01
-7.119462066951967039e-01,1.060304928325088158e-01
-1.058736484723846738e+00,4.082927691734735132e-01
-8.447719544822354099e-01,1.003113444921059083e-01
-8.971555797844148472e-01,1.511899561995576069e-01
1.061698426519381427e-01,7.225664923661636596e-01
-8.156955157491219133e-01,1.244720939031842277e-01
-8.769095238365557377e-01,6.770234398430326206e-02
-8.782559126038903541e-01,-1.104094511229039288e-01
-1.773849015676162710e-02,5.407533397681720810e-01
-1.045770944938778646e+00,-5.204428957013683410e-02
-8.192892952022310382e-01,-3.981048260633638855e-03
3.733138383967063989e-01,1.194810966365282390e+00
2.077738931983396653e-01,1.015438406310348984e+00
-9.426123219203470516e-01,4.484995825887752585e-03
-2.917801946287601478e-01,9.231151722931421055e-01
-8.179531924007363841e-01,-4.399909661130037009e-01
-8.095374763426906872e-01,-1.029295199573088682e-01
-9.618185241167906963e-01,9.088962191528741907e-02
2.486315905355825431e-02,1.037391372805547274e+00
3.013972957823937704e-01,1.351619340967205707e+00
-8.111374287515616954e-01,-3.451809161858671992e-03
-9.054850521363337901e-01,9.626416990496457216e-02
2.394360253867429747e-02,7.839456909132915818e-01
3.036935503498338074e-01,9.270313032649133422e-01
-2.220924012760245453e-02,1.379684911132077474e+00
6.606797213884384352e-03,9.737632973622433186e-01
1.795701893390601322e-02,7.143452554912341768e-01
-5.547186634913892078e-01,1.808525516729250771e-01
1.651202101858164628e-01,8.355696670754422239e-01
7.962278378874401707e-02,9.607175601842320445e-01
-8.997132088713865050e-01,-1.004997603657473149e-01
2.411853082312162277e-01,9.493097742959459850e-01
-1.074954504324996174e+00,-8.700819208475504829e-02
-8.664944068739782734e-02,1.385545593550456367e+00
3.680183757333974764e-02,9.692794807105338251e-01
-1.401639039260435649e+00,-2.765416667569083400e-02
-1.168590655941754430e-01,8.795799396398948922e-01
-1.077090780434240891e+00,-1.509454692178599788e-01
2.768637753809162216e-01,1.338633377000095770e+00
-7.319470512784735927e-01,-2.112139365397547319e-01
-3.743824844170731136e-01,1.153893486649800071e+00
-1.018009923636514324e+00,-1.963591492411840833e-01
-9.526707523699266822e-02,9.907572188060567164e-01
1.681545578647740957e-01,8.348481377901033618e-01
-3.416711111585488680e-01,9.275099073716152054e-01
-1.108290790868168063e+00,4.422508186156420135e-02
-2.144177366836939047e-01,1.095333057604641613e+00
3.138031966905658332e-01,1.046844413778363014e+00
7.673500307984913726e-02,1.030198699086018799e+00
-8.733023955983397757e-01,2.498870903088472595e-01
-1.319626384712142553e+00,4.639002230027594043e-01
3.605618572139520639e-01,6.987293067917774714e-01
-8.743144307679149296e-01,-2.945999880597661644e-02
1.405000354613988867e-01,8.958775570521524401e-01
-8.831994630145525993e-02,8.377702110521370038e-01
-1.433804797795645569e-01,9.743234736594361678e-01
-8.362620093806052424e-01,4.934931688524846760e-01
6.444610105189495231e-02,1.146324712683435498e+00
-1.243246645688788066e+00,7.776647432974943819e-02
1.199442507078897352e-01,9.296974073841123287e-01
3.301124620267547050e-01,8.201056173608511912e-01
-1.906614637017153280e-01,9.321097011884760253e-01
-7.700064479684078922e-01,-1.134443496452370581e-01
-1.876658257747308989e-01,9.797721447661524863e-01
3.474306212097960089e-01,9.456586368002223297e-01
1.806085358176646311e-02,1.162139292168942850e+00
-3.079202852025797466e-01,1.245149376824135290e+00
-2.104819933138951660e-01,1.055189116435111041e+00
-6.584538114513025509e-01,-2.017183198679599332e-01
-6.324067991362900543e-01,-3.459371489714621051e-01
4.544840081417526878e-02,5.625082028084303909e-01
-6.373386997516334862e-01,-9.159403097857379827e-02
-1.330090574766290279e-01,1.127088095489518160e+00
-8.537642662436204510e-01,-5.337852160097914661e-02
2.243909350725916407e-01,9.407639348413117109e-01
-1.780157992960461621e-01,1.199828558917608534e+00
2.110681406335946919e-01,1.085219653474374546e+00
-1.108061669087100132e+00,-3.343587681294384745e-02
3.380624482332912368e-03,1.160804592320281881e+00
-1.253798004297281832e+00,-1.148455247345837732e-01
1.588709800733736910e-03,1.475201509165223079e+00
-9.815151272196532828e-01,-2.504900373318348916e-01
-1.069120064790010316e+00,2.307171006902796750e-01
-1.076802372658903773e+00,1.514247393889687487e-01
-1.357555977954508108e+00,2.287917569334286250e-01
-2.669677519683831268e-01,9.755442541799576039e-01
2.157073352479633999e-01,8.639248313106143717e-01
1.964422041291251364e-01,9.408829360334709513e-01
-1.834795948716516079e-01,7.338566971736784073e-01
4.445207295477460185e-01,8.555241096601334805e-01
-6.951773027057621679e-01,4.026504839422109794e-01
3.675143894837399894e-01,9.812624920514908533e-01
-9.183576742326315934e-01,-3.163075649083966212e-01
-7.355504914766386459e-02,1.188276439953561248e+00
-1.023448872326192527e+00,1.768556863182567662e-01
-9.342867380846126002e-01,4.819519688299937488e-01
-9.872838258788390053e-01,-2.235224802163612856e-01
-6.904927976420286440e-01,-2.790890252845218966e-01
-1.057887519216350158e+00,1.344945155751505472e-01
-1.227716947999483832e+00,3.388839542671057137e-01
-7.007553241503257091e-01,5.341442011489314079e-02
-7.801009167173125203e-01,-9.725130885814892157e-02
-2.567458896404352098e-01,1.005222363176027978e+00
-9.953855366752951683e-01,-9.204172322497172765e-02
1.040215000371933068e-01,1.182950244007242135e+00
-7.602950600999203168e-01,-2.054964769617352305e-01
-1.047867212008613658e+00,5.505039808962033931e-02
-1.009607686443482644e+00,7.028966215214368929e-02
-9.578976099017483259e-01,-2.878125202602816457e-01
1.704011735042179065e-01,1.074341043862859113e+00
-8.614032806563506894e-02,1.121657863277879752e+00
-1.038353911729990031e+00,-2.439748037681959414e-01
2.702055833791346950e-01,7.959609674552164948e-01
3.779357263082314122e-01,1.106096004152402612e+00
9.724498319908500554e-03,1.570250292750796417e+00
-5.612566549298587670e-01,5.690504917763165027e-01
8.253598123107541706e-02,1.177524624638578876e+00
-1.037785369631384069e-01,8.524999403114796870e-01
-2.621886982414737069e-02,8.809244634504389548e-01
-1.369284773271118860e+00,3.044699918065439936e-01
4.221857437391499795e-02,9.128366827197895716e-01
-4.444287315242167330e-02,9.194716740337489647e-01
7.037283576073695424e-02,6.604524723541276288e-01
-6.515004898713938619e-01,-3.568665547919140368e-01
-1.637448474801250109e+00,-2.612283395686771370e-01
-8.526411714515993445e-01,5.977784494850858776e-02
-2.450799041891311980e-01,1.095779906649792856e+00
-9.985313455744801447e-02,8.172165401389390738e-01
-3.448903142417250045e-01,9.434996202152304834e-01
-7.944213577697961659e-01,5.551636580688195099e-01
-1.611863829909871537e+00,1.877430088017052745e-01
-9.710502244809221528e-01,-2.397628594600083596e-01
5.594306082476099146e-02,9.181476455227206568e-01
-1.007287800587598259e+00,-4.787412752483644410e-03
9.914615106602606143e-02,1.437342212669309394e+00
4.463107325079145038e-03,1.465048532782132540e+00
-9.480861861011824487e-01,1.189722135159871352e-01
-1.711856498199679111e+00,-1.534813858431016143e-01
9.604271498275275543e-02,1.205833779332584843e+00
-1.724191877763819047e-01,1.235704235342237389e+00
-8.604149102843738905e-01,-1.283350651530568154e-01
-7.656747531307259713e-01,2.451255482152255027e-01
-9.080492421216646015e-01,-2.251461395724597969e-02
-1.014184426395230876e+00,-1.950361505600645140e-01
-8.484373560202176368e-01,1.133204023138836836e-01
2.518999787406543955e-01,6.828992229142039072e-01
-1.682024660007250816e-01,1.186227703927400956e+00
-1.239132182458606568e+00,-1.039469429426568836e-01
-1.102623983977562006e+00,-3.007292243996926295e-01
2.313013053335776989e-02,6.510070251837967170e-01
-5.520534133951855438e-01,1.018725520579986554e+00
-9.774413165705745365e-01,1.803653163545816118e-01
-9.310119495724789029e-01,2.358176785161230846e-02
-8.821089874374613560e-01,-1.085156954946270430e-01
-1.192119234175071929e+00,2.060273279972462124e-01
-1.510229297513458191e-01,7.112144155209905172e-01
-1.516325727069931656e-02,1.374947950983740341e+00
-8.908063677513577971e-01,-4.534033245224955988e-01
-9.933974869567154808e-01,3.089592363345359805e-01
-1.121259639128126651e+00,-5.234871887663322069e-04
-9.865349962318453736e-01,-1.428115236425455958e-01
9.104565928651432716e-02,1.373412081668300866e+00
-9.596946944136861002e-02,9.750134272724884088e-01
-1.163559838695301663e+00,-2.349265169451017488e-01
2.443217507285026513e-01,6.915238348586307815e-01
-1.115015849951630278e+00,-2.473631471653604808e-02
-8.867622874239191599e-01,-3.167971019212383887e-01
-1.484374315981078774e-01,1.264679216295771402e+00
-6.830119420577857037e-01,9.665268188629042578e-01
2.600802420051750996e-01,9.832243162427524164e-01
-1.047058677894008083e+00,2.645444377497142008e-01
-8.142264646672157102e-01,-1.882976922788154039e-01
-1.128507862632692760e+00,2.160447240980650496e-01
-6.548204279042874054e-02,8.146985602601072296e-01
8.380627039885435448e-02,1.291965926264421860e+00
1.201764683561449970e-01,9.266738899159008280e-01
3.631763589530899727e-01,1.018258524016788513e+00
-1.926419485584933075e-02,1.309741816249307300e+00
6.864106208602530623e-01,6.681182607545638197e-01
1.584121299982686748e-01,9.044019591189651486e-01
-1.895000413202533318e-01,1.244995331869014787e+00
-1.031424381345449781e+00,1.348452740688237672e-01
-1.012698655298479800e+00,2.496262797548469969e-01
-1.147782256867392048e-01,1.024971960631741563e+00
2.054239720371590083e-01,7.676252870821860252e-01
-9.079115945772383567e-01,9.400270401222314554e-02
2.805521755376663706e-01,9.281310578623408469e-01
-1.452414815261648062e+00,-3.696327242402947522e-01
-1.200780288542896868e+00,1.862948082889803736e-02
1.965133349765285919e-01,9.191142956216185045e-01
-2.623464320618689935e-02,7.484825773100342028e-01
-4.790232743282193950e-02,1.172082677291874875e+00
1.803595527369502849e-01,1.123803216116032733e+00
-1.113341705029316175e+00,1.635451605676460918e-01
-1.007444907958033875e+00,3.824624801704541027e-02
-4.754723453774826192e-01,1.084239932783562343e+00
3.598976712740301065e-02,1.162808057865956757e+00
-9.541488610567361306e-01,4.173451740774739710e-02
-8.293749513247102856e-01,-2.129580893481184400e-01
-6.508713702827432224e-01,3.189988368678411956e-01
-1.320651319608424357e-01,1.261931288605045554e+00
-7.900454788273219009e-01,2.364018631268387932e-02
-8.496346644977180729e-01,-6.369641624219141152e-02
-6.926144769526820788e-01,-4.094712771012685160e-01
-2.406740592560167036e-01,5.838591841661482373e-01
2.888743784746690135e-01,9.199473250990742867e-01
-1.100519521902679543e+00,7.474302598197109238e-02
-1.174397567571753509e+00,-2.741820872767705697e-01
-7.994569272413303285e-01,-1.114369026002356711e-01
-4.340731785562859657e-01,1.046933587445456393e+00
1.709853033114740184e-01,1.260773181774424545e+00
3.646683554985034881e-02,1.102720524151721282e+00
1.431213132389861642e-01,6.272968821083193536e-01
-1.090866930207314844e+00,-4.082715682892336662e-01
-8.302697051266315631e-01,-2.447525971855052107e-01
1.340897694000495743e-01,8.080632793890765164e-01
-3.745231784004763864e-01,6.230906644353275681e-01
-1.397851412814574257e+00,1.012074418814966868e-02
-9.486378843005849326e-01,-4.291336726370362786e-01
-2.947653149013143015e-01,1.170358011845858748e+00
-6.048661947473583933e-02,6.659360512610983385e-01
-1.358493901751436805e+00,1.908704854857647126e-01
-9.727318072837844998e-01,1.965279704798376936e-01
-7.149438983081555232e-01,-4.562487350271556830e-01
1.286790964360487732e-01,9.855282454998195441e-01
-9.659077417521226561e-02,9.654729901300899142e-01
-1.015912886774819945e+00,-5.074586770379953260e-03
9.937183185420146725e-02,8.456710666000651910e-01
-7.161681241151915955e-01,-2.016196204631411637e-01
-8.347901538392766829e-01,-3.714066217520290980e-01
-1.561049201728434699e-01,9.603907535693253505e-01
-2.560838456774262861e-02,9.724683955443769179e-01
2.874634265264184307e-01,4.689248061664057499e-01
-9.991451782595007769e-01,6.780743988372844606e-04
-1.361122444187993885e+00,-1.973387399603595549e-01
-1.098762590656411797e+00,-2.114981223560426782e-01
4.089781346878391954e-02,9.335425965258040693e-01
-8.933502437120763862e-01,1.894283934747273412e-02
-1.060357978479132601e+00,8.279556045467514891e-02
-1.382220585172111160e-01,1.100266001562300922e+00
-2.668326721733740858e-01,9.933965716117477696e-01
-1.150825763328103601e+00,2.530018427846523754e-01
-1.133350144280961036e+00,3.138882512848855666e-01
-1.273843154413160761e+00,9.815923307516605245e-02
-1.359691599599121559e-01,8.429394764977786725e-01
-1.252023573476810148e+00,1.049884855891212165e-01
-8.712447442592137214e-01,2.261967750854203818e-01
-1.063411433161470798e+00,-1.326422544209241161e-01
-1.235308307758512081e+00,1.466536416781440422e-01
-1.153034987853303467e-01,1.208011309167607461e+00
-1.024516650744785595e+00,-4.618417447289170363e-01
-2.418914680988766275e-01,9.217940706592571143e-01
-1.081505266179497271e+00,-5.738124599343938370e-02
-8.113018050430729211e-01,-7.444561591703788284e-02
-1.190758751525287984e+00,-1.492963361267319322e-01
2.595274152555294145e-01,8.081898692767530701e-01
1.535812690811335333e-02,7.776056322125435294e-01
-1.097446422490097273e+00,-2.522448041715664654e-02
-5.795724230912219915e-02,9.388592661725116972e-01
2.140261010108512607e-01,9.374204630272953143e-01
1.878818207694987752e-01,8.157843490398063446e-01
-8.898362121707874550e-01,-9.389521455954082108e-02
-7.862174437756077605e-01,1.314074195164949450e-02
-2.047935525029192239e-01,8.994337893389867666e-01
-1.050140645242408244e+00,-2.520337758237659043e-01
-4.059615323056280783e-02,1.021138024007399503e+00
9.264929546093007839e-02,1.259830519631275125e+00
7.474672563513960755e-02,9.439942584278240290e-01
-1.299693647779243788e+00,-2.033473626661642386e-01
3.654043038234791041e-01,1.424374965749083621e+00
-4.811801206166128192e-02,1.182867132316229419e+00
-2.932327426389380598e-01,1.007456943590902432e+00
-1.124547541576841558e+00,4.068517999618345149e-01
-2.510303649385063340e-01,8.277895736493712242e-01
-7.334985147645423087e-01,3.880859034651372719e-01
-9.242035973048225994e-01,9.575617499935918861e-03
-1.119996388606943477e-01,1.093430423300863596e+00
-4.446700655768782290e-02,1.339578330522171346e+00
-7.559041020651615685e-03,1.369582165979235100e+00
-1.216182773981609566e+00,5.492697380516913669e-02
2.356519353737257516e-02,6.670001176820277156e-01
3.637490158694100389e-02,1.542952085791903460e+00
-8.564704774051918879e-01,3.211244956889861557e-01
-6.022777705444805063e-01,-8.036324074280540297e-02
-5.423747546436497036e-01,-1.133087297204987826e-01
9.128871618669520682e-02,1.234713980509715370e+00
-2.179577105653169866e-01,5.715223590609965765e-01
-9.942175096847744031e-01,3.345263964587262273e-01
-5.501172392466031902e-02,9.636955271983151938e-01
-1.132192558206563060e+00,2.883378455866378864e-01
-1.212783646852249328e-03,1.297330349297856067e+00
4.356441734986508663e-01,7.755526118790472268e-01
1.818196981201490314e-01,7.885540765263829854e-01
-1.599897859546726628e-02,1.328750328156523164e+00
-1.736042464288374554e-01,8.322523794982688017e-01
-1.076944559846325200e+00,1.152172660957982014e-01
-1.025449072549476925e+00,-6.410643648241651227e-02
-1.805364029958198002e-01,9.621691961961448269e-01
-1.214969326247799380e-01,9.445753631625851687e-01
-9.796684938327863135e-01,-6.761777678058349117e-02
3.612773569353949776e-01,7.951305510227886231e-01
-1.428871671985147529e+00,-4.571903479820635385e-01
-9.896188952454276766e-01,-3.026422017111772833e-01
-1.256725981140883519e+00,-6.822229471099737312e-03
-1.077810320759972740e+00,-1.293865457770727520e-02
-1.116837051985576368e+00,-2.211875271574317570e-01
-9.578780135295594800e-01,2.004926642792141112e-01
-1.092070387937320142e+00,-1.051550512845878249e-01
3.318131039587331188e-02,1.093753487319598872e+00
-9.692290587189457129e-01,-1.705791226714511999e-01
-9.683695602036397343e-01,-1.741468518217141603e-01
-1.666230156807816387e-01,1.034842459570298079e+00
-1.086947573935307387e+00,3.639967620666196835e-01
-1.242983145650822241e+00,-3.881603894671574184e-01
-1.156373631499773680e+00,4.290667884484865580e-01
-1.235142037097560097e+00,2.041948819674272997e-01
-9.904507383330596326e-01,-2.375618061434907613e-01
-6.251557965127092498e-01,-3.331187475975599943e-02
8.560054899483252738e-03,9.330927881912323141e-01
1.366838182347763220e-01,8.304678847342890080e-01
-7.687181560471347819e-01,1.896573280198866618e-01
-1.112994946946508357e+00,-3.565501675014973726e-01
-8.458211685251035838e-01,-8.665030131640721889e-02
-8.203291541298257661e-01,-1.833778570615656467e-01
-2.840542091076309061e-01,9.291726473751374948e-01
-1.048848747869510989e+00,-2.622906153066796864e-01
-2.171521282523272006e-02,1.067766824001904702e+00
5.065522726617918692e-02,6.571610617103269547e-01
2.463056972118003729e-01,1.565197532966677185e+00
-1.101422606210713973e+00,1.437539368018596886e-01
-1.828869252624300279e-01,1.225905133951185055e+00
-7.643697779463971553e-01,-1.877452315250505988e-01
-8.235484613267820553e-01,-1.257818937088037436e-01
2.648633146263827953e-01,6.239553650879942071e-01
-8.763171633588680287e-02,8.345559393478715338e-01
-1.911954087534317448e-01,6.987319097939306278e-01
-1.260467809549932650e+00,1.691019815322762632e-01
-2.193538459868383805e-01,9.520289951177788312e-01
-1.108136143980551047e+00,6.810938024557305903e-02
-9.381079980803318508e-01,-2.092757241090152376e-01
-1.180069531774576186e+00,1.054121291315194414e-01
-1.154920427298202990e+00,-1.071546802774577395e-01
9.056156116162392133e-02,1.457196775290503510e+00
-1.133250442735028285e+00,-1.428923982608926724e-01
-1.281741842051525637e+00,-3.812524253919347683e-01
3.428686325332618023e-02,9.317167893278937019e-01
-8.672019518553026884e-01,-1.550555945132713886e-01
-9.222569316402888795e-01,-1.346229521403306539e-01
-1.224652538220030173e+00,7.880910197056814614e-02
-9.386890676070354100e-01,1.943186583775889653e-01
-7.965651662913130204e-01,-1.720515915801465734e-01
-3.848977151529300311e-01,1.032319588190923731e+00
3.564890065127556129e-01,1.208911180157569598e+00
-9.821241728947061045e-01,5.670457094344556054e-02
-3.889364507274531424e-01,1.049994565416139336e+00
-7.009246729720311486e-02,9.683179749750709941e-01
-7.112242749802855091e-01,-2.108038739388078397e-01
-2.468490599502614902e-01,1.233690200222109512e+00
-1.674699504181055010e-01,1.110986959246019090e+00
-1.362696254045005606e+00,-3.698460224601845397e-02
-1.139380870926479883e+00,5.198731971147160791e-02
-9.521853925621520665e-01,6.715737052237920057e-01
-1.070540713678234557e+00,-1.987299675311539060e-01
-9.413623020781651807e-01,1.538669591243959633e-01
-9.087969643667902497e-01,-6.585628968630673208e-02
-1.428822656560377602e-01,9.990350537189615077e-01
1.922646370851969766e-01,7.293711120133343773e-01
1.436843219168115748e-01,9.736398728937187830e-01
-1.295987053017636059e+00,-2.925777546886160763e-01
-4.555191657611688122e-02,1.185654329567706000e+00
5.474207431753098235e-02,1.068334739289184432e+00
8.095043347760386143e-02,7.006362545997404379e-01
1.735107002976489232e-01,7.512523835382798332e-01
-1.273217532686522713e+00,3.535067486595996900e-01
-1.346531316055044059e+00,-1.285483541811949515e-01
-1.960749387853938930e-01,1.221442688141894273e+00
-4.324980141533630862e-01,9.429617237691263476e-01
-2.709138378393684543e-01,1.282265127835871654e+00
-7.120992303342532637e-01,6.068689459740082316e-03
-7.089362919242578887e-01,1.042288552941350033e-01
-1.141705870159091640e+00,1.106784241108470929e-01
3.029981122584377018e-01,1.165118032392040037e+00
-7.178600332597842582e-02,1.037368318746409335e+00
-1.069129687906059889e+00,4.553656113070353451e-01
-2.932096600968752895e-02,9.617248617231961560e-01
-5.721200129758239328e-01,-2.465803224492091605e-01
-1.537836440004568539e-01,1.317360839249570148e+00
3.258278576450233249e-02,9.563081068387455641e-01
-1.150892772738030478e+00,-2.339308946136682207e-02
-8.976902497357459598e-01,-5.888112034001757172e-02
-1.119161504666598361e+00,-2.699184565073218384e-02
-1.026519935058312516e+00,3.276699554933452246e-02
-1.485150169012840138e+00,6.221293819812373505e-02
-1.030870287761535442e+00,4.478514798776191304e-03
-1.852907136002275024e-01,8.448264138767589415e-01
-6.424199100086454006e-01,-1.309177141415548418e-01
-9.768266161102984180e-01,-5.740726794440070141e-02
2.187737134678172657e-01,7.640158605691927951e-01
1.497482619652062141e-01,1.065808037409992526e+00
-8.855229256127105097e-01,3.624822809205655721e-02
2.555372395554793008e-01,1.148402828654056185e+00
-1.648617377849844190e-01,4.506951711844441322e-01
-1.697545328532450160e-01,1.418034497275485473e+00
-3.618441633822032377e-02,4.473690102966840776e-01
-1.326161722681830746e+00,-1.014395865242587874e-01
-2.645391782331850683e-01,1.108848854851866239e+00
-1.123628935364911818e+00,-2.796293297962977598e-02
-1.255197189335808927e+00,-1.780913380661770518e-01
-8.504086633976081222e-01,5.565054832977947008e-01
2.611572129646912988e-01,1.098415461554188788e+00
-1.090171256022273383e+00,1.573414765219860456e-01
-1.534821677679429341e-01,1.403675997855732716e+00
3.727055040337101666e-02,1.083703369047688936e+00
-4.296735036476344582e-01,5.256421782197160386e-01
-3.173024011775207320e-01,1.416602211592292493e+00
-9.679464678428375546e-01,2.375084705881096592e-03
-1.392792823937065494e+00,8.488666293032441634e-02
-7.244373932002183825e-01,-3.576600114919891577e-02
-2.980312220006377522e-01,1.297969673825734027e+00
1.224466269097470028e-01,9.463676596397959662e-01
1.615113513594047812e-01,1.136326851515663483e+00
-1.122845581591428887e+00,4.927834641189685616e-01
-6.135138553559421615e-02,1.127101997286273249e+00
8.839752388488991697e-02,4.032113042737693887e-01
-1.832348734559460512e-01,1.292132843125178621e+00
-8.493003851904619428e-02,5.504484071054238647e-01
-6.277342505913796090e-03,8.417402362277205397e-01
-1.031932276234592827e+00,8.693382097318091972e-02
-1.016862818069307117e+00,-2.708390048267594885e-01
-1.749315944223914232e-01,8.926686062042399339e-01
-1.367361226277400865e+00,-3.143908771608275865e-01
-1.308562256647107236e-01,6.852196838552384595e-01
-3.987723881327076003e-01,9.062376629745956258e-01
-9.529277898938754987e-01,2.415554160908176332e-02
-8.168725970922491308e-01,-2.681244341887401572e-01
1.319901741804681838e-01,9.154902791520996841e-01
2.825897592789451407e-01,1.128512979701762786e+00
1.611743952419227577e-01,9.574967625051146181e-01
-1.046039635338955831e+00,3.775238062551964369e-01
-5.738375234493091614e-01,7.700769190194006741e-02
-6.234044588949495536e-01,3.347301922605118163e-01
2.121486695175830994e-01,5.122107050233354331e-01
-1.730758862919528906e-01,1.022964557190359391e+00
2.889528840778861699e-02,9.762398188259766574e-01
-1.108947473806927597e+00,-3.901040613823565928e-01
-1.494791647417796909e+00,2.324805660392537457e-02
-5.867924679629334950e-01,3.552208550020067440e-02
-5.840401633467288134e-01,-2.324424245350936447e-01
-1.174172533915901928e+00,1.772015766415652172e-01
-1.220455485079186664e+00,-1.085840901835681827e-01
2.184415626189094850e-01,8.867337142161663133e-01
-7.422883329685060483e-01,3.287367742814588101e-01
-2.190010617557756056e-01,8.742891373098047314e-01
-9.991606402969808176e-01,1.699642812408875270e-01
-6.991247105836138065e-01,1.534034442450848135e-01
-9.643108564398639171e-02,1.233987155982360306e+00
4.111193847427521697e-01,1.104696045997354714e+00
-1.237185675539655000e-01,8.896911067191485278e-01
1.533367709377091992e-01,9.973805237005313185e-01
4.799486482635021423e-01,8.659113505718640802e-01
4.533485715892220380e-01,1.154282642726845109e+00
-1.348183449502519560e+00,1.264865643555419528e-01
2.334807468146110621e-01,7.035347691909397128e-01
1.040279761225555016e-02,9.042974773724337112e-01
7.811897864910327671e-02,9.532019352646234900e-01
-7.602033323351572447e-01,1.368949704030297809e-01
-6.617202070112208900e-02,1.124364333275861938e+00
-8.132041179046102242e-01,-1.095191895536102786e-02
-1.016688082835166096e+00,1.576077241389886863e-01
-7.716372539079889847e-01,9.324990041595486445e-02
5.437399128134470239e-01,9.713419524694790752e-01
3.117972943927908580e-01,7.393869143855629211e-01
-2.214160588292962695e-01,9.863871570406769207e-01
-1.185517830443060694e+00,-2.041797484644181371e-01
-1.058337037996205598e+00,-7.309754272646139250e-02
-6.703979221190180526e-01,1.712338500010193443e-01
-1.000408807350020135e+00,5.115038994913368997e-01
-8.421838585620878836e-01,-3.393182400398099818e-01
-7.417647510379926645e-02,1.137994437899484623e+00
-9.492157250837531812e-01,-1.312508641477858617e-01
-1.058776803587197168e+00,9.719912004415540152e-02
-8.439816229476020393e-01,4.761258574817194833e-01
-1.675668027031767537e-01,1.037166888340739446e+00
2.576521360066104660e-01,1.162433703778478211e+00
-1.006090662296476923e+00,-4.486934544213180276e-01
1.315452082519687205e-01,1.357609897818877309e+00
-1.361465586746408718e+00,-7.340865982949069946e-02
2.081681741990685369e-02,1.205669483756659055e+00
-4.932704791172023984e-01,1.255339800579422738e+00
2.938123415933162064e-01,1.090457580882648880e+00
-8.646741744354025094e-01,-2.271533347930102253e-01
-7.509565714896833111e-01,-1.782560890567513046e-01
-2.303710473219387420e-02,8.972525147088998843e-01
-9.115861449804463224e-01,1.715137947357985582e-01
2.685072434251627449e-01,6.735728219868456490e-01
-1.082508301837600051e+00,-7.981946223830276022e-02
-1.536796906711882828e-02,1.054573305882643863e+00
-2.597202000128570054e-01,1.127609307754482648e+00
2.420689814657447370e-01,8.092885624697867541e-01
-1.164067864387078099e+00,3.114293067175525342e-01
-1.298957533059716507e+00,3.746019146164204505e-01
-5.160942949689032444e-01,5.855362958867459389e-01
-8.189080475268183390e-01,8.738742847921180182e-03
-1.738265669287790971e-01,1.109272505284292665e+00
1.129367079738631124e-01,1.153164258436688794e+00
-6.125304877991653019e-01,2.628537347327625784e-01
-6.449428556472263097e-01,-5.120906162616719604e-01
-2.326225291187752064e-01,9.666971252094029854e-01
1.992806008809724361e-01,9.683173851646860175e-01
-8.414139803045506127e-01,2.608498583288243466e-01
1.568690047029092649e-01,9.492160677515113498e-01
-1.080103917235368582e+00,5.826337016223464421e-02
-1.101025455219315718e+00,7.220570025845822471e-02
-8.939893479202563054e-01,1.967279979859258565e-01
-1.458698410356132902e+00,-1.143898082105454794e-01
2.841977243499332340e-01,1.501751990142248250e+00
-7.641096563951809140e-01,-5.574246392492396285e-02
-1.036299129510649175e+00,3.642506486364575635e-01
-1.302313674324816706e+00,2.784774297530889526e-03
1.142893093777860025e-01,1.252577866736734213e+00
-1.302055818743720561e+00,-2.639493427306775497e-01
-2.087815925583675625e-01,7.093066254179407615e-01
-1.195096275675104458e+00,2.338899074213829088e-01
-8.051694803204394457e-01,-2.172738962453803491e-01
4.422403009765491638e-02,1.169633594974371915e+00
-1.099386157631411454e+00,-3.039525279927594581e-01
-1.484152753305206129e+00,-2.589099321053921557e-02
-1.951391865920026614e-01,1.027719626075229931e+00
-9.302228290909323460e-01,2.244249926134870426e-02
-1.461653802353534912e-02,7.304593947466792025e-01
2.408403524608342464e-02,9.445695949159341742e-01
3.200686755720315024e-01,1.175251641199964947e+00
-1.305577512727719602e+00,1.176179705625691047e-01
2.564031233456895986e-01,5.040873061712152214e-01
2.940941925652772460e-01,8.470009884298195235e-01
-1.182425489143955399e+00,1.228224361111863311e-01
-1.257879842824570327e+00,1.416965887792597141e-02
-7.781807380671225127e-01,-2.077392873934134354e-01
-7.243169749029698679e-01,-2.041256435997634844e-01
-1.084608599277109064e+00,-1.021627444830743164e-01
-1.135305710968030679e+00,1.249104793427984056e-01
-5.682453700647778216e-01,1.045409775858397450e-01
2.955880954758697277e-01,5.492407155966122501e-01
2.038494447623289407e-01,1.220550837379483111e+00
3.437496421175905703e-01,8.599544868541380005e-01
-8.579266080556884333e-01,-3.931801431120399148e-01
-1.654561274728927056e-01,1.180737297657632023e+00
-1.553222647198330975e-02,9.251404671335026197e-01
-8.732243485540993611e-01,-1.597011396138736938e-01
-4.318044748254256660e-01,6.447112907312934071e-01
-1.068496064988067040e+00,4.693506743431495598e-02
4.126472545560659969e-03,1.174997823676783515e+00
2.447285807911445676e-01,1.068843532277905739e+00
-9.556491357806997655e-01,2.928653986814808707e-01
6.361295499159691502e-02,1.298797598099116879e+00
-9.746452321344867276e-01,7.183782322435090795e-02
2.236335346029380000e-01,8.461159415448933352e-01
6.150560000677929989e-02,5.453496235044759111e-01
-1.042234295865813953e+00,-2.517456757578257487e-01
-1.542839277487921379e+00,-2.749227271487701962e-01
1.916088801912087247e-01,9.704705944007598895e-01
-9.612690289702191526e-01,-2.429010448653527443e-01
-1.271357971510142792e-01,8.766827779800558940e-01
-1.394315405840613531e+00,1.606245332478337673e-01
4.208252056728547519e-01,8.619163804485699965e-01
-5.249735237525363640e-01,4.100975323252741833e-01
-9.452473231477516169e-01,-1.794589078360235568e-01
-7.338965204367451367e-01,-8.169523461358468852e-02
-1.457947449678074769e-01,1.089905001491995318e+00
-1.294887812211437561e+00,2.117866999564790575e-01
-8.902722921571741554e-02,7.371196351786879486e-01
-2.067677026642443794e-01,8.548508985275929950e-01
9.973455305253790815e-02,1.075677249607571273e+00
-9.478178350205460068e-02,8.292526724775031166e-01
-1.179298019783971974e+00,-7.346597363521507017e-03
-2.607966717312900085e-01,7.542827334236557046e-01
-1.092683909019182664e+00,3.350542391522673413e-01
-1.380620372250944028e+00,2.954895583619721600e-01
-1.091387680959828632e+00,5.838523935537650589e-01
-9.047855508556558457e-02,7.518596495484199949e-01
-3.478417475352488797e-01,8.905972852954254781e-01
-9.478007357898883267e-01,-6.486305014852090933e-02
-1.085014740706584213e+00,3.255203657840711196e-01
-1.264233367483038606e+00,-2.258488464848441846e-01
-7.449487167754902384e-01,1.732302267636910698e-01
-6.288245095784141814e-01,-2.615832642034815470e-01
-1.375718474794792590e-01,1.113277732081115134e+00
2.943498894779607578e-01,1.000170642649904851e+00
-8.219617199456717704e-02,1.212422874211458002e+00
2.418074757568354060e-03,8.261944874290936269e-01
2.355979479464706816e-01,8.758680365618204400e-01
-7.596962647849850869e-01,4.608494606751080136e-01
-7.260235542371404893e-01,6.309447327039551245e-01
-1.002543334154349042e+00,-3.471592012805411326e-02
1.467132181725946949e-01,1.203384034033293970e+00
-4.600037034471944619e-02,1.017068921618969224e+00
-6.258729926687457701e-02,8.198292960919725259e-01
-9.040621041228698029e-01,1.188477697228548097e-01
1.403669613979119657e-01,6.548635105322494487e-01
-9.489637708659617310e-01,-3.477805962161575337e-01
-1.152575447541813514e+00,-8.734048162018559491e-02
-7.270167897326310635e-01,9.184416450256976949e-02
-7.487660981639150393e-01,4.140879898563950001e-01
3.355465627639985654e-02,1.076379638479443956e+00
7.242081789960681804e-02,7.533056869545250445e-01
-7.116043677223899966e-01,-2.685398798401647871e-02
6.399320964874341891e-03,9.466662709522886132e-01
1.223584089515382667e-01,1.126512489812582674e+00
-1.162992587215388784e+00,-1.727856502691140217e-01
-1.036051054312079556e+00,-2.112478451816501568e-01
-7.048350650213718316e-01,-2.064771714474953612e-01
-1.076200766059685510e+00,8.096896504893225099e-02
-1.035456549490515687e+00,1.053005036731849142e-01
-2.321050461791886177e-01,1.373760048184204940e+00
-1.314118884124134246e+00,2.995617023703528448e-01
1.829633126921040576e-01,7.785939799417898044e-01
-1.054161012399594588e+00,2.409477441324079927e-01
-9.370082296784553594e-03,1.430781649016777957e+00
1.222199875820547121e-01,8.916893681968200980e-01
-1.254120665321104555e+00,-3.061641966852494678e-01
-1.526814029711856424e+00,1.133670897589690862e-01
1.951619383949652897e-01,8.869314990904876295e-01
-7.575962852731895625e-01,2.507091150501681853e-01
-1.670123861594768888e-02,1.377701998058847854e+00
-5.607725406767331833e-02,1.135440554191459839e+00
4.429673229440289628e-01,9.646080480339526142e-01
-7.204680872256774560e-01,-2.297696181798038750e-01
8.620380583510937889e-02,1.052167777248716130e+00
-4.345650755338045235e-01,1.299160775693452230e+00
-1.978048377178252271e-01,8.761614168853510964e-01
-1.674515479116439609e-01,1.125500655124742400e+00
-6.693416675780181624e-01,-2.678270172874349098e-01
4.226847001090896366e-02,1.010159312103866558e+00
-1.214433324891536353e-01,9.150952383463882844e-01
-1.103468258589745288e+00,-2.712752472487054978e-01
3.622507170422534784e-01,1.085863163735945047e+00
-2.087746153882011069e-01,8.694572030819430752e-01
1.167785015748207256e-02,9.062290791969165316e-01
-3.444621526296485770e-01,1.208347952545449910e+00
-1.716306368493449030e-01,5.230344922660150608e-01
-7.173818032917238519e-01,1.552282441000358837e-01
-9.368050403296909190e-01,-1.262491497523387241e-01
5.011180097691882995e-01,1.475529858787067994e+00
3.014208220322210918e-01,1.107182921232626738e+00
-1.325563973344327406e+00,9.704189878906390593e-03
-2.172721970384728085e-01,7.830112921871190679e-01
-1.194239886058374278e+00,4.154636886322286005e-01
-4.556227865282318490e-01,1.318631264948180393e+00
-1.121168249800181815e+00,-2.320574688532459351e-01
-1.081034116274666834e+00,-2.678193742399544997e-01
-7.569250534398988539e-02,1.448873964286482074e+00
-1.331365730270045677e+00,-8.391733121297399733e-02
-1.175343394987594214e+00,-3.702623223235954053e-01
-9.308426828769242878e-01,7.810141198515144038e-03
-6.184679411224316414e-01,2.156472286115334105e-02
-9.964022519642130593e-01,-2.371626676185895066e-01
-2.173440920675094867e-01,1.170576008447032246e+00
-1.136711452598980543e+00,1.154005323105595088e-01
5.577666273581972645e-01,9.882825384560681714e-01
-7.815274892964403364e-01,1.863375900481384351e-01
-1.105127583243237455e+00,-2.762815125042689668e-01
-1.041061737710336610e+00,-1.763615835417771671e-01
-8.463687127781932551e-01,-3.018534986388896613e-01
-1.191153133877287384e+00,2.452745004490589076e-01
2.108848706498252512e-01,9.011013915746574066e-01
-7.285722674105099550e-01,-2.845195723056772596e-01
-9.745021334283801018e-01,1.050549128203778215e-01
-9.282199711322531854e-01,-7.502584593061303875e-02
-2.813986298908939809e-01,8.973259849941546129e-01
-1.793326938397983850e-01,7.224179117550670881e-01
3.642983852644879339e-01,1.119211590377511500e+00
-1.198660906201212351e+00,1.358768887393820290e-01
-1.150673322974775425e+00,-2.531326321038077642e-01
-1.140026853984708932e+00,-3.801453778964285490e-01
-1.106754975224099047e+00,-9.767763653233761667e-02
-2.485255609811647115e-01,1.058063328441229300e+00
-1.521245021083253990e-01,1.186865275246759888e+00
1.422403801686619451e-01,1.012198080934977318e+00
-1.278661997704046316e+00,-1.686476432419176941e-01
-5.299655671481848795e-01,1.570299881687733656e-01
3.666359316820978764e-02,5.774292363299531328e-01
6.350677275893212848e-02,5.911920732759514685e-01
-1.833619854723024523e-01,1.073820010249099344e+00
1.807744832634348431e-01,7.990415954000505971e-01
2.002288676484292873e-01,7.724817674663162492e-01
-8.511008630651327733e-01,1.644577396037138206e-01
-2.174147268338279260e-01,6.367050002354337490e-01
1.791059392129424888e-01,1.201105295583607901e+00
-3.478403689193882431e-01,7.190971019763063854e-01
-1.352282036230571527e-01,9.179809385439945402e-01
-1.353829606845718736e+00,2.518325349594350837e-01
5.073029445824634581e-02,9.545912397256136606e-01
3.808303294413419859e-01,7.359476111907996554e-01
-1.486617261875729623e+00,3.600967363965669743e-01
4.038149030521044902e-01,1.203297920176737534e+00
-1.137714886094888467e+00,-4.448922317767643915e-03
-1.042429344315271900e+00,-1.556856077614562073e-01
-4.188254109958330917e-01,9.846995941791256701e-01
-3.895786017656455713e-01,3.946669438681033037e-01
4.715727354470732741e-02,1.016057660425392806e+00
6.063019278111054788e-01,1.139538024035028130e+00
1.367862085621100454e-01,9.854199627534672157e-01
-9.225174409652808771e-01,1.628682592762916159e-01
1.097007852067789641e-01,1.143140177121172218e+00
-5.314964592037265678e-01,-1.915887799618372356e-01
1.594244283193896371e-03,6.496305350857266570e-01
-8.783623001247159445e-01,1.437247175856872228e-01
3.803354432293946409e-03,1.131627890374479639e+00
-7.984687799312583101e-01,-1.668299921166414845e-01
-1.248195430026687536e+00,-2.011560662225550244e-01
2.875506270284126087e-01,1.053480766056685169e+00
-1.062498894109127623e-01,8.539110809835771532e-01
-5.635184223828618721e-01,1.310500023110277690e+00
-1.113331072382447218e+00,-3.840604942132791466e-02
-1.031543408694513442e+00,8.417030401903460857e-02
2.340289642012794158e-01,6.774759716922794661e-01
-8.875245384818236660e-01,-1.177157457587979794e-01
8.548749978071049083e-02,1.223756837472641301e+00
-3.608140575026177414e-03,9.751517260986205526e-01
6.095682340601182858e-02,1.304864413598787909e+00
-9.798104789161877770e-01,2.064494782345878687e-01
-9.713770496341245231e-01,1.137069893701960349e-01
8.855069111386532077e-03,7.735594209681115885e-01
-7.592431758222630833e-01,-2.827144731488983043e-01
-6.917800934883415465e-02,9.559111291708630720e-01
-5.801068430110890572e-01,2.680002419767997246e-01
4.933237381541518696e-01,1.117566639470044310e+00
7.551893148893526475e-02,1.102119004343838027e+00
-1.050723673181957141e+00,6.844251822914197703e-02
-7.669140831171483708e-01,4.507137474059691451e-02
3.491509321932132761e-05,8.163973185602381166e-01
-9.416808552337831983e-01,3.170608547621140416e-01
-9.131526489746306652e-01,1.726413574629930558e-01
-1.232125533392061545e+00,2.127811631793275482e-01
-9.016990314686410546e-01,-1.863233775352427235e-01
-7.523326263974026151e-01,-1.466636252924531370e-01
-1.476726455924977643e-01,1.007345936768639261e+00
-9.210955159808534853e-01,2.589699918914170618e-01
3.915687117245495452e-01,1.203762826936468411e+00
-5.339373557581059832e-02,1.086050215869181601e+00
1.347583252835825862e-01,1.063095521410077904e+00
-6.687047829070762450e-01,1.195902416340373781e-01
-1.139913124533225686e+00,7.774416596676977931e-02
-1.654471547988121405e-01,8.731803933088873038e-01
3.502610821666111152e-01,7.402505930699332382e-01
1.568286655660917073e-01,8.018085919109199100e-01
-9.156039426676543247e-01,1.050211351566253740e-02
2.305693638242627963e-01,9.192019063701548642e-01
-1.113395438375453850e+00,-4.255606659637859411e-03
-3.238989011195274603e-01,8.902447933753807607e-01
-2.296415292411020104e-01,1.147338805798322037e+00
-8.869749968189314382e-01,1.619555984073225985e-01
-1.373697229668757736e+00,8.517835058900681544e-02
-2.125515494143309994e-02,1.073671353265870598e+00
-3.352034003132967760e-02,1.290290015947950231e+00
-1.302081529392742132e+00,-1.418494155953742841e-01
-1.073060575920579351e+00,-8.999683921365579653e-02
-1.201972755862743991e+00,-2.077411394492211516e-01
-8.004973122770382421e-01,1.893106636824620076e-02
-1.346124896909259627e+00,5.411389208798104283e-02
-1.435423572424217031e+00,3.991656748038101554e-01
-9.454381905622494253e-01,-8.189225827171613820e-03
-1.081284524310419215e+00,4.312699391546915423e-02
-1.024136298853828286e+00,1.195489506527519646e-01
-6.130146706222181496e-01,3.991684024642702111e-01
-9.133259883801699841e-01,1.327684425040073779e-01
-7.186235702586027396e-02,8.957654864571249487e-01
-1.176596741771057886e+00,1.893045729250734943e-02
-1.959608935926527573e-01,1.113110026377656103e+00
3.062799112658333711e-01,1.088240085612079966e+00
-1.691386637286468042e-01,1.119173195637762408e+00
9.515495908498525224e-02,8.912632213624605004e-01
-2.058494149998404688e-01,1.101353686516902020e+00
-2.427640876468667164e-01,9.033627492347960919e-01
-1.173798811262725117e+00,1.133262653926952607e-01
6.627998437196135073e-02,8.326402354880033663e-01
2.713544826374419440e-03,9.779374603982068370e-01
1.771016544216832411e-01,8.621655283638393064e-01
1.937187992948122273e-01,1.072999956257243870e+00
-9.180245456625062417e-01,-1.648040728691893830e-01
-2.527790822483940159e-01,7.634089083796665731e-01
-1.130619865884275432e+00,1.567034294031700303e-01
-2.198993518437021844e-01,6.544067030396730766e-01
-9.876333182559691171e-01,-1.509486969828120473e-01
-8.627111579906991956e-01,4.612136534801108967e-02
-1.600532334966458248e-01,1.001014831605081534e+00
-2.315018301676351545e-02,1.285590872560645970e+00
-9.161334032030552521e-01,2.187531702218831475e-01
-1.156361970473845091e-01,1.000333386315765960e+00
-5.186123354963474430e-01,3.121003861467652046e-02
-8.113522461484867776e-01,1.019098037440769322e-01
-1.103099118649948585e+00,2.242343263392781449e-01
-4.459085917202069704e-01,7.896204671280027121e-01
-7.539203958112110637e-01,-4.582829359699074345e-01
5.419945726328356805e-02,7.722348083727275103e-01
-1.206593636637262934e+00,8.103997854619487962e-02
-1.641531433553418684e-01,1.176276060104459065e+00
-1.423883027216086838e-01,1.174589168863112487e+00
-7.867513497212820228e-01,-5.556353585772980108e-02
-1.016283310189979971e+00,3.863370144417889191e-03
-3.212417883278750885e-01,1.214791859034525245e+00
-3.572802049288699711e-01,1.008697556580681276e+00
-7.817836026790009329e-02,1.126003726364595003e+00
3.978109596081630950e-01,9.180728638170009281e-01
-9.721715508155229779e-01,6.184597470426714261e-02
-1.064769983382784613e+00,-2.298165820760202649e-01
-1.360094446567824966e-01,1.086722887689759665e+00
5.151981654576369696e-01,9.609247574047189433e-01
-9.401829878888789960e-01,-1.239196498249190981e-01
-5.983923224130456298e-01,1.406814041770896861e-01
-8.604257525657759142e-01,2.102503052233032077e-01
-9.388007980616824844e-01,-5.085641372979408936e-02
-8.490319745390619843e-01,-2.453695856392503205e-01
-1.594827619300784649e+00,6.119692369399513110e-01
-8.605047655438164966e-01,1.075818753421264595e-01
-1.158122198374568423e+00,-1.937270853783630564e-01
-1.283630945556333725e+00,3.666132516457539792e-01
6.577180048936336065e-03,1.005533154161490250e+00
1.775827854596678523e-01,1.211433801007361755e+00
-7.146903412374269737e-03,4.127178253507149952e-01
-9.240277837718292864e-02,9.271150498423864628e-01
-3.166919467489783674e-02,1.356534405480625427e+00
-9.881269627350841578e-01,-1.656956689855274834e-01
-7.298091118364023744e-02,8.417133341288719484e-01
3.998332681171988812e-01,1.079727102150305429e+00
2.603439345794313353e-01,6.558426715538994145e-01
1.624508318637912230e-01,9.061583712601397611e-01
-4.088932159035284508e-01,-4.016033300361697145e-01
-1.552772953754358483e-02,4.398065948521663326e-01
-1.243058992208964098e+00,1.010568629871480967e-01
2.840473653786279584e-01,1.011719697060692535e+00
-1.129255015185608002e+00,-3.460003312544316506e-02
-1.084252171353228267e+00,-1.722735118886818129e-01
1.737069792374628940e-01,8.645579947750505756e-01
-8.681601563695902080e-01,5.095012932575651021e-01
-1.186924799097095334e-01,1.017793372531324181e+00
2.059188667261779293e-01,1.005304823009179893e+00
-1.309554011196232409e-02,1.060672192551489035e+00
1.897963658421029931e-01,8.913817348244489347e-01
-8.781465230235795394e-01,1.370852618574638915e-01
2.289228212386863193e-01,1.074045418409025121e+00
-9.285145005230344140e-01,1.567459517809014491e-01
9.707368912123889859e-02,1.305766254348890154e+00
-1.284740854725342496e-01,1.609373080799354483e+00
2.822117124968905877e-01,1.037997648000954731e+00
-1.447788906956596067e-01,1.311099555476047840e+00
-1.276847212979948409e+00,3.661382932625190101e-03
-4.806624916150117888e-01,1.380486414274140206e+00
-1.081939002312905185e+00,5.327418365851285809e-02
1.265360474343890651e-01,1.255490042230542169e+00
5.548317258361074727e-02,1.027058395689812498e+00
-1.057293547235816034e+00,1.486831538593225421e-01
-1.039360205599894282e+00,-3.558618689885629793e-01
-1.370251911810138168e+00,3.737912811657628787e-01
1.508243841431635146e-01,7.273029744701882127e-01
-1.207820792897766671e+00,-4.807634648818929768e-01
1.639728303293685324e-02,1.349293979175990366e+00
1.016174222613682732e-01,1.143511687735597082e+00
2.016567551750096665e-01,9.437903909283764659e-01
-1.244079315902786531e+00,3.914159435411025401e-01
4.721173325729372539e-01,8.775876510849088818e-01
2.018890401109815491e-01,9.193614202653893619e-01
-1.017736195026942791e+00,-1.383021322796889052e-01
-1.353353321303026213e+00,3.129699590198836145e-01
-6.978858091445976353e-01,-2.966814416661155973e-01
-2.451335868980473454e-01,9.168409476478023290e-01
-1.512778366747523862e+00,1.807060354675447955e-01
-1.102627844126590206e+00,1.660668810155026542e-01
-1.234523074693671951e+00,2.770215793269786286e-01
-1.464800002812391089e+00,-4.350131120211299662e-01
-8.168676226213666958e-01,3.888295221581868771e-02
-1.244189480842538220e+00,-2.152797783832018363e-01
2.720782084867077733e-01,9.298104785741626577e-01
-1.314467363100165098e+00,-1.377289988846468749e-01
1.960006616578588434e-01,1.173581621838702738e+00
-1.002126573024708645e+00,3.679427242717730334e-02
-1.158613987782835197e+00,-8.129885883556715875e-02
-1.429533292080000351e+00,-2.719689222342182577e-01
-7.108510967811605408e-01,1.127382897207795387e-01
1.420119975118478428e-01,8.031778630962481680e-01
-1.149739833893355989e+00,-2.176940769083512972e-01
-1.065672638187217025e+00,-1.198597989168982136e-01
-8.817429489929199393e-01,-2.952968981557927558e-02
-1.150862235370588627e+00,-1.355459906248180080e-01
-1.063828092853215779e+00,-2.472290801174580332e-01
-2.552086842363559052e-02,1.310845353648252942e+00
-5.710115432986317269e-02,9.371152758183839415e-01
-8.834535815681615611e-01,3.297915558264668534e-01
8.020441815781284567e-02,1.040665742998841070e+00
5.034591910527078107e-02,6.493084588007778102e-01
8.827098380801780275e-02,1.132899101787457452e+00
-1.030824007956221422e+00,3.446733669557283108e-01
-1.717278483691997704e-01,1.042214257213451178e+00
-1.740491010402362149e-01,8.131578024631541668e-01
-1.318875506491389293e-01,1.142849747793694082e+00
-7.514216874594181750e-01,1.483354838620674354e-01
-1.341782287438128662e+00,-1.124121886284268762e-01
-1.138789645697225739e+00,-1.697401539312562990e-01
-9.326854666292303531e-01,-1.225064909589438228e-01
-8.719500937399791152e-01,2.573122283743094207e-02
-8.587025794496628839e-01,4.432860670887965593e-02
-1.177042545055984935e+00,2.526519991097753159e-01
-1.341226012771254084e+00,1.843928847856628750e-01
-6.787229109372814317e-01,2.118207924192500313e-01
-1.116206345620245566e+00,-3.162808373215777458e-01
-1.090703539341056238e+00,1.184688842192780159e-02
2.031287330630741350e-01,9.287662840028525491e-01
1.194961445742254436e-01,1.378184863338511201e+00
-4.605225745889140326e-02,1.259523952044003803e+00
-4.555916451359793284e-01,1.151086575745390306e+00
-1.917513561422840851e-01,1.321181995398291287e+00
-7.586843740977542438e-01,-1.103776879675922792e-02
2.271584647835653004e-01,1.031633804512635644e+00
-8.883741251705925546e-01,-2.145266220846161684e-02
-3.154524616767743761e-01,1.242900666814970911e+00
-9.886811304678365664e-01,-1.133342545793018519e-01
-1.211879007725747970e+00,4.094745903823392430e-01
3.905925046581997240e-01,7.993043242756816547e-01
-2.598364961427945125e-02,1.506770131073676078e+00
-1.157685596254496074e+00,2.837846917202333508e-01
-1.266055279881867501e-01,7.401731340181674224e-01
-1.032144632669434792e+00,2.236988626799923385e-01
-7.827081834277795913e-01,-9.960150378685980743e-02
-6.056066703128518136e-02,8.868380656275398621e-01
-1.152597789576564447e+00,-5.541526357489559573e-02
1.615488793976813386e-01,1.114099144336309299e+00
1.372818339769412421e-01,5.000946421250636043e-01
-1.237538847761158467e-01,6.264773525830441558e-01
-1.101874455660804553e-01,1.039829578946325661e+00
-1.018420110040979765e+00,2.472650711690251302e-01
-1.327233574442895581e+00,-1.031967409178655010e-01
-1.584529680936699769e+00,-3.631413826365039732e-01
-9.822183866470121094e-01,-2.366149626902478986e-01
-7.374502365276423832e-02,1.090500207069447836e+00
-9.606285207309758212e-01,4.644125406110548304e-02
-9.727177683533775321e-01,8.519188310732592195e-02
-1.137407982996363254e+00,2.607756602541793645e-01
-1.039888403687310170e+00,-1.385630582856270387e-01
-1.368279743827965689e+00,-2.579108109759612605e-02
-1.017506082915386328e-01,1.206381636648716782e+00
-4.589046928366933287e-01,1.060778647399369001e+00
-1.218986595618402502e+00,-5.151533001099583009e-01
-8.564192687520971736e-01,2.363006710477475944e-02
7.354114733002585502e-02,1.013232419948387086e+00
-1.025004397782012910e+00,-1.669162643158112747e-01
-7.573509052162782917e-02,1.213938671340948350e+00
-7.263425730772854472e-02,7.172218748508260022e-01
6.241459155652540752e-02,7.256495739181303417e-01
-5.410452828334223058e-02,1.254916885035206153e+00
-1.241490671208052232e+00,2.353135200033152144e-02
-6.659652693109650856e-02,6.914317859916984110e-01
7.568968272422960109e-02,9.051579827283386948e-01
-1.257635836087134473e+00,-2.246987198858265977e-01
-2.342236062143891739e-01,9.069986201133637405e-01
5.502661989359167727e-01,9.520794217124664005e-01
-1.312087382294893745e+00,5.629832833397918797e-03
-9.644987991054896348e-01,3.451751613751216641e-01
-3.323983631678759099e-01,1.153567114983373720e+00
-1.193107127475385942e+00,-4.418995950370807058e-01
1.600664614839639177e-01,1.149413651662227753e+00
-5.896365116899571213e-01,-2.931143744176578081e-01
4.960529520644963580e-02,7.344189300612011806e-01
2.044582849859773177e-01,1.054842054321013078e+00
-8.031246117502823800e-01,-3.070676702351224918e-01
-9.898305656489136961e-01,1.052376892078259463e-01
2.815570225330078693e-03,1.228410192230353859e+00
-2.001917880313687503e-01,1.143819795662433192e+00
8.535887482688218897e-02,8.361336374242093195e-01
-1.685788986678042889e-01,9.200416866695475537e-01
-9.154986640411209020e-01,1.384708086857958931e-01
-1.910888882715150450e-01,1.043185824282054419e+00
2.177838659578241187e-01,1.072791617238602946e+00
1.443940127587964029e-01,1.130414671778508184e+00
1.753998388091455030e-01,6.912796416584239267e-01
-7.579450084711417124e-02,8.872481481499454592e-01
-4.063963621478131616e-01,8.553350641115116115e-01
-1.206187350489680565e-01,1.186134386932504059e+00
-1.527699677972076675e-01,8.174873253192493916e-01
-1.703234616954829583e-01,1.037477924564221388e+00
-5.213126634221585398e-01,7.046880141937185149e-01
1.239504655832661950e-01,9.290979789252229448e-01
3.441734203407418313e-01,1.135702616256113906e+00
1.613373548570945226e-01,6.695484457041432913e-01
-1.256000947308965277e+00,6.096285032917229951e-02
-4.447172492355620510e-01,1.033461226576126046e+00
-1.381684680664593046e+00,6.619108491223363311e-02
-8.410380219018768200e-01,7.449766157458298510e-02
-1.564838650245485852e-01,9.214461231180548495e-01
-5.734190551650601986e-01,-3.053960630441991952e-01
-2.728181291299328626e-01,9.223943199351922750e-01
-1.056334895335491408e+00,-1.496349357955259127e-02
-1.079928696035046043e+00,8.630025418426795492e-02
-9.821913429345597857e-01,-3.499014690329952382e-01
-8.027802613998578085e-01,-1.368493119050894213e-01
1.018630562770359710e-01,1.088208662269832594e+00
-1.552237265088660285e-02,1.063257631793543601e+00
-1.155814550425352250e-01,1.159002711927842766e+00
-2.160517162905572774e-01,1.170487670939057923e+00
-1.509325354408326270e-01,1.084700082030645385e+00
-1.059440558409049160e+00,-4.827161525722153262e-02
2.505269322931897857e-01,7.532498151839006617e-01
7.259747223147043627e-02,7.691186658138902121e-01
-8.804767801345736444e-02,1.148762297831536383e+00
-9.454560557692945899e-01,1.930321184221670816e-01
-9.799330886559386444e-01,-2.199893887463674480e-01
-1.241546062760157110e+00,3.387158279036575070e-01
-2.365242899153224276e-01,1.317928916951009111e+00
-2.897341400097126485e-01,1.346459407843846545e+00
1.826382725914647565e-01,1.388797807002922102e+00
3.600122642131531880e-01,1.113527903036990452e+00
-1.309966896550597948e+00,-3.672941344287836696e-01
-7.361504697526277674e-01,5.343903239322107535e-01
-1.417074033452128679e-01,1.024988963608955306e+00
8.828017042040926798e-02,1.099965289241362276e+00
5.012424585505228514e-01,1.088530227482818136e+00
-1.759376415449037667e-01,8.731709324451937260e-01
1.202028196319805953e-01,9.673059888971989873e-01
2.779785646900689300e-01,1.428734675898577944e+00
-1.076414403141623177e+00,1.523377732807598417e-01
-1.208804927149255415e-01,1.423051615782795265e+00
-1.512382655922066998e+00,-2.218304441009389949e-01
-5.463154795052855839e-01,1.146543380199077228e-01
-8.414742445950931238e-01,3.402622273750867121e-01
-8.291662818516087885e-01,1.363679077390469729e-01
-1.309518716859505938e+00,-2.389422395095968515e-02
-8.413432042237367625e-01,6.026923319791793743e-02
-1.329890073576651011e+00,-1.286337459840571906e-01
-8.355154743134689532e-01,-1.185572264292577283e-01
-8.541033201379069073e-01,1.320508781498930424e-02
-5.672384912068795249e-01,1.737688954568883115e-01
1.889699832076947861e-01,4.513161528430745806e-01
-1.851148353040862338e-01,9.837891377348733091e-01
-1.381661974438058368e-02,6.912236729423721915e-01
-3.493434596772149181e-02,8.847588566389150699e-01
3.444060812251250603e-01,8.812983401533005523e-01
-1.302114630337477097e+00,-2.286075915312856671e-02
-1.441642462895317556e-01,1.156985340706931709e+00
1.074654482514361825e-01,1.261076644705247940e+00
-1.047049374955679957e+00,1.803426163823443618e-01
-4.319273724948260451e-01,-2.164433298818637663e-01
3.139665539869301858e-01,1.343409924940977440e+00
-1.092537320156137248e+00,3.145038747940941404e-01
-1.025150130249322888e+00,8.303428993180814177e-02
-8.921616731427104430e-01,-2.981004961378325713e-01
-1.095770493496687648e+00,2.294530000436040829e-01
-1.665802517066703736e-01,8.738360310695689748e-01
-6.519383995089240713e-01,-3.672453373595445381e-02
-2.807995879570506226e-01,1.066346276211141531e+00
-1.072885173064338948e+00,1.392999248767627929e-01
-7.054401609272173967e-01,-4.477487948903031145e-01
3.995072819631017569e-01,8.822225110914851953e-01
1.535394099936971124e-01,9.560930560188366512e-01
-8.837651353435476143e-01,-3.972663944148542292e-01
-1.036867549911058672e+00,1.852594299723067384e-01
3.772003114073824714e-01,1.508545867414122110e+00
-1.116364311301702550e+00,2.146636729987812242e-01
5.089327521183524272e-01,1.211180350722743437e+00
1.072057409852246596e-01,8.124773618689301591e-01
3.962123142580493695e-01,9.067772144914243437e-01
-8.939139247892982088e-01,1.181992528087463107e-01
-1.103611912917196403e+00,8.988262958274971515e-02
3.886125380191289835e-01,1.137510816922684409e+00
-1.336661643523906484e+00,2.571661370330068919e-01
-4.209695256702893351e-01,1.397725312726052271e+00
2.862620384066174029e-01,1.064185476415338449e+00
-1.285240350611928539e+00,7.383297216869597404e-03
-7.211954101072821643e-01,-2.965119010749427964e-01
-1.369456722679626148e+00,-2.344872195528261150e-01
-8.031060005923832401e-01,2.357380012750288356e-01
-1.266771041157891187e+00,-3.218539479977357010e-01
8.034093897954303065e-02,1.194801910269451817e+00
-9.940261767168179219e-01,2.316507783563542533e-01
2.994879097593923789e-01,1.031715605016523929e+00
-1.448937559331316294e+00,4.214676164484110893e-03
3.182659772862115460e-03,1.320504638474353287e+00
-9.017108369849327065e-01,1.204379976358090770e-01
5.483825275812053146e-01,8.887993531952638193e-01
-1.206781039314720250e+00,-1.303427739668724661e-01
-1.358457028771001551e-01,8.665797094934347689e-01
-3.890527336203023490e-01,8.577930446696858668e-01
3.345874463453541447e-01,9.578008063496761260e-01
-9.245119028823450824e-01,-6.669222151622723749e-02
-1.079588033032267136e+00,-4.225184585208937582e-01
-1.286061501897537429e+00,4.155110993241237227e-01
-1.015006819825285511e+00,2.310569969049847683e-01
-1.308708726427520730e-01,1.090819515665653716e+00
-8.509088489856830861e-01,2.277909011832312536e-01
-8.718369391693713000e-02,1.051683701945365090e+00
1.430036655545524893e-01,9.242140042207158679e-01
-7.297492879077753791e-01,-1.950855921180504882e-01
7.558209145784888783e-02,5.294910401726090621e-01
1.964642921303419998e-01,1.492653734252780362e+00
-9.268955734079895592e-01,-4.290758822909628289e-01
-1.198396649661566560e+00,-1.503216578442884699e-01
-1.022274533678511732e+00,2.814151463416650345e-01
-1.934065184235482515e-01,1.387055957566300624e+00
-9.813719195494874370e-02,1.229114147472295082e+00
-1.124711201881259726e+00,2.688080231845831336e-01
-1.170175043566069606e+00,-3.684423107824101318e-01
-1.235832519788032879e+00,6.553702795372222389e-02
-1.059856149408571424e+00,6.623518707105549574e-02
-8.709488376901373119e-01,-2.010578961134757425e-01
-7.853047322085749959e-01,-6.172542874213308162e-01
-3.505180275425746617e-01,9.525708212357190119e-01
4.665050912440830977e-02,9.345678109389353727e-01
-8.926662756547824040e-01,1.111915673083941625e-01
-1.239844062334658048e+00,-3.373457935119247159e-02
2.468638765529767298e-01,7.555843313105616854e-01
-1.497509620572362032e-01,1.321798295836476234e+00
3.526297022750521926e-01,1.126745916584348972e+00
3.391080820529975837e-01,9.149401755278471216e-01
-2.903100849593042571e-02,1.041349401687760023e+00
2.079764822936878421e-01,1.658142329752245514e+00
-5.825700700035806728e-02,6.836734343356554167e-01
-1.062036075319165107e+00,-2.586966472388314009e-01
-1.002553720859771014e+00,-1.299719856209912705e-01
-1.123604780828308058e+00,3.580532333987066496e-01
-2.166703582921270521e-01,1.210343544446646158e+00
-6.381977937410704405e-01,-7.290087911841779400e-01
-9.166578609165807467e-01,4.132707057508288595e-01
-5.774147436806154055e-02,9.842725525845255063e-01
-8.771283756691437006e-01,1.016517630603781669e-01
-5.270975753961710808e-01,2.682144425125880249e-01
-1.892260513644700715e-01,4.711923777642653688e-01
2.250776109727338770e-01,7.262419987784600739e-01
-8.090831532367257495e-01,-1.162160393437958877e-01
-4.198040950831641860e-01,-1.900115824912662621e-01
-7.843016643032271196e-01,9.580118282087028703e-02
-1.029190636486791766e+00,2.647267713955308577e-01
-1.085418110152020388e+00,3.491728215059838880e-02
-3.071092531815572402e-01,9.815669092565488807e-01
-9.915375550873567478e-01,2.607010078719932400e-01
-1.573934108013116256e-02,8.397812758398600641e-01
2.777434030322111225e-01,8.776991421781479286e-01
-1.071073311543128126e+00,-3.533803279144175774e-02
-1.010632388143109628e+00,-3.139143589039613547e-01
-1.237019459615497974e+00,-4.692993098461866741e-01
-9.924581331315656119e-01,-2.385964636532391381e-01
-8.323366659699353853e-01,-7.678562219906351349e-02
-9.973316650650441151e-01,3.228060670365338058e-01
-9.847511258034266080e-01,4.165984487650005452e-02
-9.361844657035786055e-01,-1.022355490032759578e-01
-2.933376273788209504e-02,8.161689027862778500e-01
3.269588878383830610e-01,9.576253543969719395e-01
2.615380892870623475e-01,7.520569750960977018e-01
-1.114254459581165868e+00,2.800658707267134409e-02
1.270732096319109883e-01,7.835669641470207614e-01
8.574318359924422428e-02,1.113560007079243519e+00
-1.105191041701351296e+00,-2.327906033166393107e-01
5.897595463820801825e-02,1.489393557095131104e+00
-1.201491473580446612e-01,1.396871262010433767e+00
1.041119906286467056e-01,8.613198252072853389e-01
-1.156126416362095455e+00,1.094894675846599524e-01
-1.054510646011236202e-01,1.150638277294575129e+00
-6.548110258210009249e-01,-6.073389533495621856e-02
-2.795022718912200110e-01,3.871851886512036600e-01
-8.798521383843688204e-02,1.070853528518158848e+00
5.311976876997846764e-02,1.257266299201890813e+00
-9.012573217982144946e-01,-1.599446632894315767e-01
-1.521334706250326574e-01,1.104621392349895759e+00
-1.187194793858449504e+00,2.062633451360658399e-01
-2.692354171924067341e-01,9.575162420670413344e-01
-4.631466836515597124e-02,8.568021472920427373e-01
-1.037852236645785853e+00,-3.681906248233533518e-01
-9.000641685250816426e-01,3.718419766230168788e-01
1.663070603369813383e-01,7.793895580051577454e-01
-1.112380050135726606e+00,2.624117663193982208e-01
-1.363096816894886931e+00,-3.246302734335160256e-02
-7.559027339210864227e-01,-1.003079505541670802e-01
-3.292679100579407048e-01,8.644435988050198638e-01
1.479471195158210406e-01,1.147468142887784870e+00
-5.239606993965576637e-02,1.249310557281469336e+00
-8.437289043841172953e-01,-3.069832958071606055e-01
9.822509488299387137e-02,1.437903713778941661e+00
-7.314730497540975485e-01,1.631387242028107740e-02
-6.638860844697867802e-02,1.318975214946527474e+00
-8.409269222586147619e-01,1.730730744266141541e-01
4.131591976910119479e-01,1.087744274368062092e+00
1.063250850066132097e-01,1.464875552338960718e+00
-3.871911162560849606e-02,1.212834469910595514e+00
4.050673265233925013e-01,9.963732192781368235e-01
-9.611510310184671058e-01,1.277715304113883898e-01
-1.117991068872703497e+00,-2.920449662151904935e-01
-1.003217252468880494e+00,2.576957401324134200e-01
9.972133798748436528e-02,1.171842538322236615e+00
-1.074699963313208162e+00,-1.032988022836487246e-01
-6.276657580898108435e-01,-2.229004982484441288e-01
-1.318229903558048033e+00,-8.126069551873150998e-02
3.650667984987683449e-04,6.563691872552901430e-01
-9.604782758367251816e-01,-2.092244547042584613e-01
2.272636886035640791e-01,8.176745191328450568e-01
-9.842079712525687585e-01,3.549035508868031430e-02
-1.088321483091139852e+00,-1.779443463907839917e-02
-4.968372842862126861e-03,9.696072542926387205e-01
-1.145693843637363707e-01,1.078062103256418158e+00
-1.220242571223060679e+00,-1.424423982558990498e-01
-1.986540637485093574e-01,8.429416023144703507e-01
-1.117407971345511175e+00,2.172120690354203409e-01
-9.156410569659968468e-01,-4.746890647327239310e-01
-4.517121717961716243e-01,5.226407649205091488e-01
6.224461283617998414e-02,1.155090147834164416e+00
-5.892687546871835380e-01,-7.891838070258243298e-02
-5.685371862470593729e-02,1.196963417003808150e+00
-3.719415185090904630e-01,1.545914190102618324e+00
6.051678613543127333e-02,9.727614743544185094e-01
-5.267375089158590068e-02,1.144832590864421462e+00
-9.320619605896884874e-01,-1.627836992134746030e-01
-1.104666814239853467e+00,-1.337167740734034327e-01
-7.961435223312244291e-01,2.681389714020632892e-02
-9.199656289445633517e-01,9.858446137379682506e-02
8.773635089052896074e-02,8.911343031046607965e-01
-1.037808871205856853e+00,-4.580101563901327055e-01
-1.032731787449402194e+00,-1.704693092693902179e-01
-1.244411368720923922e-01,1.455840138987741117e+00
-3.309041100718638218e-01,1.016032988046210228e+00
3.523349004158015663e-01,1.225262212652947769e+00
-7.051812713989116799e-02,1.447997670000945813e+00
3.203359585815748756e-01,8.307274981639167777e-01
-1.575300059295858812e-01,6.987738361413691202e-01
8.778083043101921057e-02,9.852227213507150916e-01
-3.702729508844578299e-01,7.258088819355366095e-01
-2.647513761490724038e-01,1.348845667405510262e+00
-1.142027325094414347e-01,8.439688342021980372e-01
-2.420400365753775651e-01,1.297697196460918523e+00
1.050235351630728481e-01,1.189980171561823230e+00
-8.581399458031553351e-01,1.705641783046614179e-01
1.205762994157274538e-02,1.184156979879257721e+00
-1.315093009430794158e-01,3.298006309897928423e-01
1.266516581740219360e-01,1.106482669032440747e+00
-1.515066205209603112e+00,-8.274989250847446243e-02
-4.085064039390283730e-01,8.494048050088061075e-01
-8.935376057816807327e-01,-1.410948594930085120e-01
-1.793735940594353220e-02,9.222950115476955535e-01
-8.172630209983587912e-01,3.869596078716055487e-01
7.844120804490506416e-02,1.052690050912003406e+00
-9.927864741368898072e-01,-1.706367666059519228e-01
-1.008278379304100802e+00,-3.392625550279144975e-02
-1.553475029765592208e-01,9.364559568420302016e-01
6.975101226031284012e-03,1.004433511714987626e+00
-1.259913094981808257e+00,1.385011723945149542e-01
2.674293204474105790e-01,8.566421526532640440e-01
3.213506075659549599e-01,1.100436810579536573e+00
-1.033490604635629362e+00,4.548806471567761189e-01
-7.740643298346114864e-01,-2.838643008035112714e-01
-1.082407851193847081e+00,-1.127044926149633752e-01
-9.492556318178192454e-01,4.350997226147222952e-01
-3.058785021904428802e-01,1.172315466746161938e+00
-9.669339778644104877e-01,-1.484212578801424876e-01
-2.821544911114792602e-03,1.304062554552105180e+00
9.140803108420338108e-02,1.295611475032178106e+00
-8.670069401224598238e-01,1.646720044075477007e-01
-2.839739959980793760e-01,1.667782779218190736e+00
-1.050386101464268584e+00,5.340132852519938189e-02
-5.254120978524556146e-02,9.738789948634152260e-01
-1.227223028440674213e+00,2.895336935005227152e-01
-3.991091336439015619e-02,9.560088654339584657e-01
4.142628050458964373e-02,1.090443446380211068e+00
-1.409715922044213476e-01,9.544690048938371252e-01
-1.229931417227625223e+00,2.380174275775845671e-01
1.169343191451123337e-01,1.247670178730835522e+00
2.572533210272612281e-01,9.298109030147976295e-01
-1.152127965228704198e+00,3.060463481025554877e-01
-1.242863456233314290e+00,-6.203671001178372862e-02
-9.978752417410017284e-01,-3.000800154744736603e-01
2.267912502968719504e-02,8.894255416261401814e-01
-7.574798627395031847e-01,5.835316028959206536e-01
-6.956579594008751588e-01,-1.062030046104597142e-01
2.510618535140388130e-01,1.004081893762896804e+00
-6.912607507600015966e-01,-1.344418429690810435e-01
-2.192422831275453732e-01,1.105716738441574032e+00
-2.014618513974661129e-01,1.032150191193674349e+00
-1.188424179494026234e+00,-1.502812339970403532e-01
1.246504376882233700e-01,1.124826680735011575e+00
-1.915164879066262316e-01,5.975361269842678347e-01
-2.012805934662299789e-01,1.317287610988082669e+00
-1.080825971765551508e+00,4.565113994980272288e-02
-9.705942308116750628e-01,3.267943306824747651e-01
-1.245167674198436741e-01,8.871439753254495297e-01
-1.253982214745135160e+00,1.287353575924629796e-02
-1.106947197093783197e+00,1.390372791405255493e-01
-3.316795450919589605e-01,1.034051540493294175e+00
2.878748371116556237e-01,1.451143716719322185e+00
6.073552169398282324e-02,5.635238724688711454e-01
1.640712011100506906e-01,1.302065763391322628e+00
-1.330744148933131754e+00,4.105001580083816881e-01
3.574182421073044957e-01,1.167745828709867872e+00
-4.655013362946630040e-01,1.051026894319442295e+00
2.383093455746630729e-01,1.649533855232576673e+00
-3.135202288674536764e-01,1.302251618014856227e+00
4.603838681615239903e-01,1.153256546641272973e+00
-4.488720120897726068e-02,9.803551152986793582e-01
2.562432441038822728e-01,8.255535011252752575e-01
-2.333463539108722451e-01,1.041220634737176631e+00
-1.795829719397561419e-01,8.993899354083647601e-01
-4.100922980759102443e-01,1.364627474196087320e+00
-1.092368867624311929e-01,1.031232650007646079e+00
1.952224003322329260e-01,1.252691805499902777e+00
-1.298344681322645577e+00,3.583531509908790547e-01
-1.472524003592375064e-01,1.415779053223729100e+00
-9.102651021680675525e-01,2.457615408819987801e-01
-1.034013939788027026e+00,5.132993663217172431e-02
-1.262906672608683056e+00,-5.099646412872481382e-02
-7.635535270219041548e-01,6.047396096167444168e-02
-8.357536781388028579e-01,-2.675454130051149182e-01
-1.142196157635595819e-03,7.830735812439763022e-01
-4.625007082507874567e-02,6.519565398390146926e-01
1.272329325764058883e-01,6.066334269980084848e-01
-1.294123848547783062e+00,-1.622380388353822714e-02
-9.402027603527174371e-01,3.212172178159132807e-01
-1.050598696524285058e+00,3.558358764084630643e-02
-1.572479148102755853e-01,9.448035034550196221e-01
-2.641180170717579156e-01,7.910038566487128664e-01
-1.095847526197179178e+00,-7.831353753455005950e-02
1.895043718966241963e-01,1.589816024547108686e+00
1.548187504123969271e-01,9.576491847000601076e-01
1.784603422328814026e-01,1.125841332088421964e+00
-8.161821457396691848e-01,2.597985928370208919e-01
2.442453127053237361e-01,1.000455250596263168e+00
4.320303904153526692e-02,1.117402326051721628e+00
-1.076572704128850422e+00,8.636642970618625681e-02
-3.736330193567945490e-01,5.616844453038287721e-01
-3.757195794870810124e-01,1.196316582011463847e+00
-1.096311965715082021e-01,4.851488116974219666e-01
-9.006072533633366906e-01,4.363250791188474920e-02
-1.028006610239044605e+00,2.995264297373382845e-01
4.749864144582359449e-02,8.321300397317513697e-01
-1.050772406249497193e+00,-1.312645766720970109e-01
-2.055891322848342473e-01,9.676466050915584205e-01
-1.009503028601428154e+00,-6.121077625828971053e-03
-9.305980405599354466e-01,-3.061549669621940403e-02
1.502253612811162153e-01,1.213823365501479845e+00
-3.319918289978769366e-01,1.156971139572591900e+00
-9.838157389095461003e-01,-7.148867157185032073e-02
-1.235923323678871810e+00,1.708281096541934274e-01
-9.119722779996014550e-01,1.762079281052930102e-01
1.417372602214017618e-01,9.807121307930830589e-01
1.483365981879856688e-01,8.562703120297816550e-01
1.798211050802122346e-01,7.513528727851863653e-01
-1.074968427528534054e+00,-1.084114892237402622e-01
-8.985528870761583242e-01,-9.283903600396285760e-02
-9.027161809464199216e-01,6.977597949084339557e-02
-1.084349874799450664e+00,-6.628347047266730518e-02
2.661429606257359470e-01,9.154043198320360730e-01
2.341633282805895555e-01,1.051312125534249020e+00
-1.297531229300198152e+00,-3.664153627445985162e-01
4.011235611362246457e-04,7.779293505429604183e-01
-1.009075950010164258e+00,-2.173421722452304750e-01
-7.866196446426431121e-01,-7.696896493760572999e-02
-7.413743686358593710e-01,4.330570557830699940e-02
-1.091326755009232041e+00,7.372683736939468491e-02
-9.214960545356416788e-02,1.022807765389405210e+00
-1.167223411144776568e+00,-3.017139495982238406e-01
-1.265782745858654801e+00,1.974057542281713318e-01
-1.115443384308223429e+00,-1.688124839625815554e-01
-2.591069739535124539e-01,1.195328589934413488e+00
-1.416338432172519479e-01,1.239331829547271058e+00
-4.214102095623945693e-02,8.616223160267051373e-01
1.246175325635592024e-01,1.370517435058625999e+00
-1.085074486782232395e+00,3.170377267753615724e-01
-1.193387999098263652e+00,-9.895501538577239353e-02
-7.551805367054922336e-01,-1.444727484646763371e-01
-7.654445784437559075e-01,-1.675499273456710903e-01
1.941095112766439146e-01,8.642494926354519214e-01
1.563233433570457021e-01,6.976736778665915129e-01
-2.213219896630451433e-01,9.799559703043747572e-01
-3.430532355763128982e-01,1.497456334649125864e+00
-2.345487674853828641e-01,1.141080335044450278e+00
8.352311723367422669e-02,1.388523926633404848e+00
2.448328508836535369e-02,7.543860513730991091e-01
1.804331707652032379e-01,9.055711782905476737e-01
1.845013719046124379e-01,6.326283986662888381e-01
-6.506426141171083033e-02,1.031206400383761101e+00
-4.345114187768545633e-01,1.071408139734814080e+00
-2.949069064825973197e-01,9.592653981360493853e-01
8.425849521734551928e-02,9.986707989357763715e-01
2.512654644770475065e-01,7.343600766618662012e-01
-2.120151755599668786e-01,1.345995398156207390e+00
-1.107699167275710606e+00,-8.282696210811484050e-02
-1.291147471053750939e+00,1.880952930494973405e-02
1.655543399553636441e-01,9.974137974362595749e-01
-1.874066061858811749e-02,9.009673808057317990e-01
-1.013006673119451362e+00,8.301936828736687646e-02
-9.998734204019845695e-01,3.641935415307166468e-01
-1.069525058030790676e+00,-3.964299309517823611e-01
-1.437996647722636911e-01,1.157811509377526971e+00
-9.681816923100288186e-01,5.778478990394358972e-01
-9.159135320333385843e-01,3.335415942573573961e-02
-2.241352361889175637e-01,1.375070243988317564e+00
1.478233497252057771e-01,1.271227409163121269e+00
-1.044979833451228357e+00,-1.782646608347092029e-02
2.458880958061224198e-01,8.914448775115271228e-01
-3.580326773688892739e-01,1.089558706658652509e+00
-1.959313862803722661e-01,8.462220072912423063e-01
-4.819209539582263169e-01,1.762244813799536403e-01
1.256628766385857465e-01,8.976005547092181791e-01
2.091155156810129423e-01,7.992442496596741108e-01
2.370277427186990027e-01,1.000087976345115370e+00
2.263640246315848648e-01,1.175751165634771889e+00
-2.754429880231183403e-01,8.173037330519170585e-01
-1.237438519735191811e+00,3.775213972248563365e-01
-7.563464628617013741e-01,-3.877826983726080368e-01
-1.001720379173115738e+00,-8.019888342714757978e-02
-1.037206719363293450e+00,-3.428231234031020036e-01
-3.165023644913750323e-02,1.620542753698400062e+00
-7.822635606403198494e-02,1.066125947275183616e+00
-9.260348284255053297e-01,-3.832824722420154484e-01
-3.849477893150923813e-01,1.473809930739843788e+00
3.663440492448657992e-01,9.272119096972784025e-01
-3.017727187621989104e-01,1.123955232657764203e+00
-3.659232920687279789e-01,1.204230185946096876e+00
-1.040486057614527837e+00,-4.303348115031795790e-02
-1.289751493413659356e+00,-2.445079238776899644e-01
-6.149680806573454284e-02,9.411841902800326398e-01
-8.961886090555255813e-02,9.937265764638952836e-01
-8.153536112716610607e-01,-1.951539434918465182e-02
-1.255281133347589950e+00,-3.322881364084702416e-02
-7.428698105340314495e-01,-8.587083702028036614e-02
-8.040008551549318039e-01,2.421602914932837192e-01
-7.306948360891314387e-01,-1.869616702927898999e-01
1.758211721040569553e-01,9.787138809662554451e-01
-1.335169075465741262e+00,1.298598951938837731e-01
-1.059823322924352107e+00,-2.683805532034369001e-01
6.527823973689853010e-02,8.490356043104059225e-01
-8.429745872059626333e-01,-1.570648871629187482e-01
-6.969587488123731855e-01,-2.628623998293438957e-01
-9.477368202896853111e-01,-1.045489647762694041e-01
-7.287724367428343175e-01,-7.618662970358584807e-02
-1.102403404628461203e+00,-1.373202764023780387e-01
-9.473733922699336674e-01,1.237519410964497413e-01
-5.118084714865048790e-01,1.230788454814367494e+00
-1.049612840070201086e-01,9.175489849048974467e-01
-6.716241926530357453e-01,-2.013453059573843407e-01
1.224407428546068072e-01,1.351829222305384270e+00
-1.161004661216497702e+00,-1.080975722802245825e-01
-4.891428959268623484e-03,1.187754236241932437e+00
-1.195429993039442529e+00,1.393040459298290901e-01
-9.437510455698476797e-01,-4.106636011571621614e-01
-1.055920999874196076e+00,-1.058684641435602980e-01
3.882956021020537163e-01,8.941297790534100676e-01
-9.431856336633163140e-01,5.286252592390018323e-01
-1.196041269141438601e+00,-1.517622777904789888e-01
-4.403438490991783139e-02,8.826773485800294416e-01
-8.031509091044459758e-01,-1.197264301567967648e-01
1.109177472451643685e-02,8.331230236240956266e-01
2.814663256825251092e-01,1.156053626811404778e+00
-3.496378061690422201e-01,1.272478605943075269e+00
-8.541466451481464217e-01,1.919667021880950841e-01
-1.265340597753242591e+00,-1.834490095501667140e-01
-2.681911564554461669e-01,1.122079022379418811e+00
-8.634649738679566200e-01,-1.391116353966735941e-01
-1.126023965336816257e+00,-5.573756262878495210e-02
-1.266780317412853352e-01,1.224875016370249314e+00
-1.019132762704616724e+00,-2.859352885356411522e-02
-3.567155907777503909e-01,1.295608623503424983e+00
-7.467101855684392664e-01,-1.877511266170456272e-01
-1.193395608905750027e+00,-2.843551846582103027e-01
1.504955980933937454e-01,9.023398056509531751e-01
-6.465944378485119493e-02,1.160480699890251488e+00
-3.196703515782010063e-01,1.185251979482489837e+00
-9.310048545158268185e-01,-3.126154238003129304e-01
-9.034862649889778830e-01,5.467385287936968319e-02
1.375096501713894137e-01,1.192550278250710472e+00
-2.040631103176276384e-01,1.041518969832320396e+00
-6.277167337716031692e-02,9.264749315071324487e-01
5.875549150954900712e-02,9.986230646487254115e-01
-1.284774107153101808e+00,3.294100899753406309e-02
2.100255022923328552e-01,1.176868648631094638e+00
-2.070008680441843829e-01,1.041912501418250203e+00
1.214746943673961355e-01,7.894473733270699345e-01
-5.677542264749539935e-01,-5.413419156724769143e-02
-1.215080957220893598e+00,3.060416923751906049e-02
2.013547534455418508e-01,9.189769723409138003e-01
-1.170577077879064065e+00,-3.140799509966246128e-01
-4.564801323987781045e-01,1.035526201591706608e+00
-1.103413664711952791e+00,3.096507767051884241e-01
7.542480048585432917e-02,8.090025914446890010e-01
-1.035021347653403145e+00,2.538627915664157242e-01
-5.623019617638347345e-01,-2.214845906858312063e-01
2.384959069270836396e-01,1.276979709764911153e+00
-1.376583802537703072e+00,3.016598360806450052e-01
-1.062301474424663938e+00,1.044887124433342696e-02
-2.563767377492188679e-02,1.053833914642277492e+00
2.760158328367990355e-01,8.080014314573753520e-01
-8.130506464724059912e-01,3.155749976010101265e-02
-9.866221371419849895e-01,1.050431562374145970e-02
9.885712531066868924e-02,1.109775671349142012e+00
-8.092794885483702849e-01,5.988682773757741246e-02
-7.143258412767252707e-01,2.885041804978594193e-01
-3.803741136800579126e-01,1.278351932762724408e+00
-1.145686218854873178e-01,8.160825086710382648e-01
-1.041244288319666644e+00,-2.161780926864494481e-02
1.328748933068320814e-01,9.816385261497539982e-01
-1.189291359663276593e+00,-1.051973901673374512e-01
-1.024354540605074915e+00,3.756463550188549744e-02
-1.035520622508536048e+00,1.552914778823140940e-01
-1.270561157382271045e+00,1.997624609677908433e-02
-9.761159590103807293e-01,-4.273702438488037429e-03
-2.113575673443274516e-01,1.348840286444441983e+00
-1.039592954422575488e+00,1.761302613980054166e-01
3.009247586977170652e-01,7.749234234814552646e-01
-1.380999429646576626e+00,1.858223035965982928e-01
-1.215793111863058051e+00,1.814736795896925992e-01
-1.356721021877697053e-01,1.195945063906681538e+00
1.240781917312711313e-01,1.166806117289798106e+00
-1.069122924381945783e+00,4.099304506760516808e-04
-1.435699756224633639e+00,-1.316257130836143430e-01
-2.825660061244538238e-02,9.515635666883306421e-01
-8.317511194163361710e-01,-2.115461031559857930e-02
3.008254412153275603e-01,9.138264184799034240e-01
5.738330440799732646e-02,7.298709809977502738e-01
-3.709969603248850500e-01,1.307653813850587321e+00
-1.078515027461147247e+00,1.787876951735810349e-01
4.136442147397429436e-01,1.352871133920336089e+00
-1.037485512361979278e+00,-5.004953585063701693e-01
-3.930720168779215928e-01,6.609021691341728788e-01
-6.103086288541097887e-02,1.346734334714696057e+00
3.770755319960613500e-02,1.207155278397562759e+00
-9.446860912857523163e-01,1.337381934171633438e-02
-9.920524080232678843e-01,-1.735813074167373016e-01
-1.593878879513807856e-01,8.387010164688881719e-01
1.171379828304550536e-01,4.344122757361300602e-01
4.775117356706131133e-01,1.304317814134215991e+00
-3.818657364713029523e-01,1.111080788839282185e+00
-5.257865578107195903e-01,-4.052568010121879172e-02
3.085115085053916073e-01,8.903854998301907742e-01
4.061085408429535581e-01,1.040908451714661620e+00
3.077160167498725727e-04,1.034373633060920561e+00
-6.831854101989649486e-01,1.737496584550945744e-01
-9.277147518605263210e-01,-2.398416055502276822e-01
-1.198738802974142148e+00,-1.510958928430556625e-01
2.378059746877307368e-01,8.973596715030255355e-01
1.091339231524082604e-01,9.546155053962172010e-01
3.411410791213565497e-01,1.216386694130159540e+00
-1.986847876799060358e-02,1.354488638775622311e+00
-1.000991288793938505e+00,1.121028078518886278e-01
-1.436751067570678497e+00,3.639129950163844662e-01
-1.637331299595567169e-01,8.612382358011995143e-01
-3.009583690629649144e-01,1.203295880235468296e+00
-1.184572621847944873e+00,3.648012891911929234e-01
-1.600446992265176060e+00,1.704376357604652781e-01
-1.156294066365072037e+00,1.497384617312285671e-01
1.733394936794095675e-01,1.257153213950301662e+00
-9.636249525058960819e-01,-6.591488293918169872e-02
-9.338090828323957204e-01,1.263519336742743304e-01
2.082217722056926151e-02,1.044573652955053999e+00
-1.499520931303978954e-01,1.162675393514700284e+00
1.058203809208182328e-01,1.134902381943443173e+00
-1.244104200138409055e+00,2.247713470040266504e-01
-1.168113770365951209e+00,-1.589433953662629934e-02
-1.107472176443275558e+00,3.682044928002612960e-01
-8.629670070378309132e-01,1.622966999871837401e-01
-9.775352049963345058e-01,-2.894612210454818729e-02
-5.720473562169816617e-01,5.631555215367483047e-01
-1.141999000892666372e+00,-2.892571723284213525e-01
-5.437962587909132145e-02,1.190111310243337828e+00
1.811502429056486563e-01,1.056321739994913189e+00
-1.137975046151580294e+00,3.311550418324080147e-02
-1.718945993915208525e-01,8.711219439589572566e-01
2.935062639629035797e-01,6.541968994250680902e-01
-1.322145401596756864e+00,7.415102037219684084e-02
2.625325297388762108e-02,1.116936705182806744e+00
6.799860463137565036e-02,1.224979937423374743e+00
-2.623647638255955927e-01,5.397947837200739452e-01
-3.898672505835286684e-01,1.307278406103523416e+00
-7.211016172935467150e-01,-2.502175964757323845e-01
-5.771900005471548578e-01,1.147261389040374224e+00
-8.865020870673525621e-01,9.857205274341743206e-02
-1.073318017414943926e+00,1.329792791253001927e-01
4.760841783934358085e-01,5.245913492319258520e-01
-1.319379452872546210e+00,2.707562507708632937e-01
-8.057624990119370834e-01,-1.411770740925764878e-01
-8.429478363507026950e-01,1.315734022037585438e-01
-3.205605370325677606e-01,1.244979769374828349e+00
1.183287942838384399e-01,1.027584023944027480e+00
-1.109860729571570392e-01,1.176827297853066945e+00
-1.133382228073237963e+00,9.001718267148869565e-03
5.795494139215930096e-02,1.008546784025587284e+00
-9.326214076364293115e-01,2.223160988393518278e-01
-2.846967687694615945e-01,1.002691413751491956e+00
-1.291508205568248746e+00,-1.721092488466977044e-01
-1.189798672946280389e+00,-2.003527922351045765e-01
-1.938157226249637155e-01,1.413496595331020789e+00
2.752430593845571760e-01,9.412910098607852882e-01
1.276378046746591555e-01,1.118331126265603714e+00
-7.868664948814423354e-01,-4.884847901241158585e-02
-7.952163161011074899e-02,9.249698584254549827e-01
1.340793572045321791e-01,1.203932195007258787e+00
-1.162209926576565772e-01,8.938546551100210458e-01
-1.333223370528586749e+00,-1.363317992168633086e-01
4.071527460091865502e-01,1.100899541745492982e+00
1.641963053020198127e-01,9.199686333709244934e-01
3.977030179520215647e-01,1.191736684368819299e+00
-1.517969550972187998e+00,3.200096775032549301e-01
-7.883489983038285964e-02,7.690265713502627554e-01
-7.136561031118615617e-01,8.166130760790950294e-02
1.631698811592186549e-01,1.061271152422915254e+00
-1.021826269937850640e+00,7.946416250620733090e-02
3.542069056498169805e-02,1.115728061708652241e+00
-1.987304903990857186e-01,1.012787179967230777e+00
-1.081513305873672337e+00,4.307971021077697804e-01
-1.194069652164244211e+00,1.194410582353012812e-01
-1.309682038900128465e+00,-4.493600975117056917e-01
-1.071190316509381457e+00,3.375580495566732342e-01
1.001778914611065529e-03,7.382834663293316169e-01
-3.027907826459366181e-01,9.393146334774344908e-01
-9.635641670638350753e-01,-2.568207726882974426e-02
-1.571060802427843295e-01,1.505054256214361175e+00
-5.086725883747861970e-02,4.706737446177874373e-01
-1.224395849859454266e+00,-1.794342480503994045e-02
-4.045465315344425328e-01,7.392041293398536883e-01
1.571426111332960007e-01,1.186990210428382264e+00
-3.311253436809689921e-02,8.196933227780685005e-01
-9.380188139842265960e-01,6.493617593199652038e-02
7.828487834892099151e-02,6.898571116430904926e-01
-1.566340592145153698e-01,9.026933313369813749e-01
-1.071775810351700775e+00,-3.483705617501660634e-01
-9.627855232717241751e-01,-8.616370656012713181e-02
-1.106888178583987026e+00,2.094708537832006001e-02
-1.117285789302755239e+00,-3.192024051843265209e-01
-1.427638623798223927e+00,-2.820572072699714106e-01
-1.421118159810549619e-01,1.057086427172463816e+00
2.308344176309781448e-01,6.079760946773274943e-01
-1.287063837568541702e+00,1.359966196654643633e-01
-1.273551525400180795e+00,-1.821454463107140542e-01
-1.357158665717524082e+00,2.067155003146089465e-01
-1.209033743251222592e+00,-1.444316742756174277e-02
-1.177442877697566948e+00,-1.548019151278605121e-01
-6.598929652900201726e-01,2.732686572486076604e-01
-2.151005336072342733e-01,8.539646775339551077e-01
-7.168703820007976679e-01,3.035242476500479847e-01
-9.616859083879762959e-01,-2.649447712474339856e-02
-1.287103521160840591e-01,9.629253970745728086e-01
-1.191351785941205943e+00,3.217290492921445200e-01
-1.330904801887224931e+00,8.612250797451606599e-02
-2.338590826220408592e-01,9.612085134348541393e-01
2.314820694674065149e-01,1.179414942848583614e+00
-9.443397470444955255e-01,-4.189102447078601466e-01
-1.047025654446291476e+00,1.996395108439430188e-01
-9.022651253346047895e-01,-1.386462291681050396e-01
-1.168412604481309791e-01,1.392590945380546286e+00
-5.597184374152217590e-01,-2.976364289409581532e-01
-1.007315068244844791e-02,1.008145252406484893e+00
-2.054722288686332554e-01,1.190893838906687208e+00
-1.027494144317151026e+00,5.448887228473719979e-02
-1.140499867548434298e-01,8.786288681430625136e-01
3.601303191376088453e-01,9.586952346258649227e-01
-1.472084188797082860e-01,1.149162868211121680e+00
-9.579735149951666973e-01,-8.678033159710274447e-03
-1.473640933634793315e-01,1.003217426534096068e+00
3.101401807305816452e-02,1.029265315499531708e+00
-9.694534172234920977e-01,-6.773158020720190797e-02
-3.725262975714549452e-01,7.119029870454369746e-01
-9.043620796650965188e-01,-8.937706200016197478e-02
-8.718456465933446253e-01,1.466511137201320994e-02
-5.370933084127543777e-01,-1.567837119066836371e-01
-3.950581800281920408e-01,6.255057780300476988e-01
-4.515448349689829555e-01,9.187850954531142644e-01
1.114072805719881591e-02,5.871745520805721208e-01
-1.086755221226286761e+00,2.890297439864419546e-02
-1.147632286735401186e+00,-3.412703616781113253e-02
-8.881338958581060927e-01,4.534392788549994058e-01
-1.176553148257384773e+00,-4.089673521938911316e-01
-6.745163781222571764e-01,1.704148799239318599e-02
-1.434952327209323697e-01,1.261824079669306764e+00
-6.574279419236599420e-01,-1.193188498064870207e-01
-6.884990437608309310e-01,-2.978865140490463137e-01
-1.024561439776048077e+00,1.936102718001393996e-01
-1.631621253228410506e-01,7.330945303225675502e-01
5.999029611760924724e-02,1.305983011387374937e+00
2.314440162569215698e-01,7.589913370782506163e-01
1.139339311752649297e-01,1.270951820845756419e+00
-5.646776687642367232e-02,8.239407066631897480e-01
-3.521102450951427154e-02,1.551799594817854455e+00
-1.129814799016471527e+00,-6.999496028852064677e-02
-1.322501673915608134e+00,3.690221971166047221e-01
-1.250683128322453763e+00,1.602532133185497268e-02
7.411856348155286545e-02,1.068694219488537378e+00
2.482286509289734211e-02,7.885813997724951951e-01
-5.546164555986787814e-01,-4.959622920575242760e-02
-7.529557470001490005e-01,6.130944196206006974e-02
-8.059116636226589803e-01,-3.381223862438353239e-02
-1.175703048883653512e+00,-1.220664673235754699e-01
-8.208040543705217296e-01,-7.543435484425980997e-02
-1.279396658656817065e+00,-2.135058861517007966e-01
-7.598691725071676784e-01,2.824391507206653815e-02
-7.801069131839731829e-01,1.790801446902362884e-02
-1.200239304471528712e+00,2.153747272248811018e-01
-3.780981270650679016e-01,9.417602977331365199e-01
-7.295424625580516909e-02,7.499844837878170134e-01
2.014457994026530308e-01,8.068845332379240842e-01
-7.023838268189883660e-01,-5.584648074176183918e-01
-1.048462785892015470e+00,2.256586690556350583e-01
1.703544750646764361e-01,7.132560599299648807e-01
-5.152428651566552942e-01,-5.233399122842643525e-01
2.693040679993201625e-01,9.938707999606384291e-01
2.408094929407019469e-01,9.824923238408760362e-01
-9.364405315583364253e-02,1.093288357106511288e+00
-8.590601264870723064e-01,1.010967995552400633e-01
2.047841642302330456e-01,9.149303394199532757e-01
-1.130644485861006382e-01,7.769526743889447751e-01
-2.201473178404136644e-01,1.117193152816793988e+00
-7.741609805481375339e-01,2.138602109782175575e-01
7.916613818626871968e-02,7.317896931933223215e-01
-8.841007167571864889e-01,-2.643333027360136520e-02
4.022342917070692581e-02,9.170744523596368047e-01
-9.777161971444874311e-01,7.223856249240161176e-02
-2.736793706082256694e-01,1.047758244227723345e+00
-1.634093160241085751e-01,9.418499859890170356e-01
-1.001476676154003043e+00,-1.981718905158335320e-01
-1.052058005062336959e-01,1.527854354808416470e+00
-1.284754187294460781e+00,-7.356258825167187598e-02
-6.718950248191936370e-02,9.694214657377127065e-01
-8.832219863925189207e-01,2.511070318420608460e-01
-1.241913178761067993e+00,2.791671458067605527e-01
-1.168087566734903548e+00,-1.285555170301580230e-01
1.085914046761729673e-01,7.593612300085235134e-01
-9.858065730136610361e-01,3.557577553169242179e-01
-1.080518929773524262e+00,-1.634389410962770184e-01
-1.243200341698308620e+00,3.555037535383194225e-01
2.128068462350025392e-01,1.114487927673049272e+00
-7.211076435588699152e-01,1.029928098904952516e-01
-2.799355935174808740e-01,8.012216365857680600e-01
-2.191433600152292993e-01,9.458185181563495414e-01
-1.059169348065513105e+00,1.444235513344328814e-01
-6.192631358812017428e-01,-2.200056158169884715e-02
-8.410953881644096519e-01,-2.598697031116409262e-01
-9.330242483320815294e-01,6.073237955536622129e-02
-5.205083387945008688e-02,1.031783161521032444e+00
1.051230734840775671e-01,1.154796548048707905e+00
2.724678538191547261e-01,8.940343814866159589e-01
-3.420268447970079700e-02,1.197921045966065190e+00
-1.430610832274969546e+00,-2.892188011605400511e-01
-8.531188940617978611e-02,1.053772530211988023e+00
1.087913365886970518e-01,7.748550032457546255e-01
-5.275806233405751222e-02,1.052243474733989714e+00
-6.228879864266357869e-01,1.079423566824515124e+00
3.427467744455907073e-01,7.555996308265149342e-01
6.960364229754364973e-02,7.567171318846104278e-01
5.778311508287276715e-02,9.409109948441611859e-01
4.822928487922305552e-01,1.037047631237291601e+00
-8.331620123063061545e-01,1.102215801037670223e-01
-1.391682552061533629e-01,5.675223509696669666e-01
-7.251899264581753712e-01,-2.295240138428056853e-01
-1.265829013649339696e-01,1.013139741770553659e+00
-2.894269229697584156e-01,1.191881433017096592e+00
-1.271709209935638407e+00,2.604155615247187860e-01
-7.927926698655787252e-01,2.374935233460118977e-01
4.887860029394840850e-02,8.648415937339550830e-01
-5.122676481472172583e-01,1.226868973866136914e+00
-7.572521052461222979e-01,5.447806262791425880e-01
-4.046466003568276182e-02,1.127169999268424094e+00
1.997808529078545225e-01,7.429716202102543132e-01
-8.715183305864120378e-01,1.112272520897828326e-01
-1.689574098057558815e-01,1.458464193627607042e+00
-9.662287658839181503e-01,-1.734766479107260340e-01
-6.177495716459981967e-01,2.840104138007547574e-01
-1.290065701994444369e+00,7.481050165761714277e-02
3.687494902876339853e-01,7.103294385651133247e-01
2.202403277290248540e-01,1.205568104143949437e+00
-9.123327726832999307e-01,2.571622151410376533e-01
-2.607855774754701539e-01,1.015228250802657772e+00
-3.956275803185900219e-01,1.400828391744587842e+00
-7.966333891911107912e-02,1.018914769624577943e+00
-2.441150710840457316e-01,2.169715034750427651e-01
-8.200355370963218204e-01,-6.068479850492453087e-02
-7.018746243611795332e-01,-3.166959744245360919e-02
-1.560085572353013816e-01,1.365905396949672168e+00
-2.298353429028813788e-01,8.848485914927204377e-01
-9.121065481530680197e-01,-1.087806814209209792e-02
-1.243030242772192207e+00,-1.604300477317524218e-02
-1.192406087847745627e-01,1.143268209300258187e+00
-3.555862368215615965e-01,6.479729079227072308e-01
4.831856977559270128e-01,1.048003849466820014e+00
3.519259507685262856e-01,8.099825943087404223e-01
-1.611871646184958318e-01,1.134445478875372171e+00
-8.832861612181507754e-03,9.963813634775940953e-01
-1.083412978538676394e-02,5.795747075668343795e-01
-5.095650292748796772e-01,7.635016415719119154e-01
-1.408158522431145254e+00,-2.650212221327496454e-01
-6.210220717525225531e-01,-1.712567920999216176e-01
-2.052882800711176500e-02,9.782124485513946643e-01
-1.773263310314849017e-01,9.649879950771509396e-01
1.446901065610267101e-01,1.019771056599787062e+00
-1.195050466094823349e+00,-2.981741432017455118e-01
-8.371374314875350275e-02,8.516695942138855502e-01
-8.270943532407792897e-01,2.684288733599119459e-01
-6.640500027787308301e-01,-1.069644619845608741e-01
-9.842137127344643410e-01,8.925583793943886457e-02
-9.209041479959392817e-02,6.398849913061845918e-01
-8.329411261011674186e-03,9.946710005097629814e-01
6.293112444056691603e-03,1.101295488887942042e+00
-9.966305631228155049e-01,-2.013168571388103401e-01
-1.413876848036680900e-01,8.828419632164975495e-01
-2.363872511940681431e-01,1.143522892430551829e+00
-9.842348330553635227e-02,1.117227512452013682e+00
-5.701558639955559560e-01,-1.293794023944279670e-01
-1.096259473461785650e+00,2.606016002322302239e-01
-7.685488699422883263e-01,1.166092511924944619e-01
-1.333706397124889032e+00,1.092995576909562040e-02
-1.080183704437187142e+00,-2.937830186857883219e-01
-1.162140598274118863e+00,-2.734627168835445654e-01
8.108455690689025941e-02,7.095136353024296128e-01
-1.467926538902550870e+00,-8.011201850057628193e-02
-2.855004439577056297e-01,8.055848608721992710e-01
9.459206773320268102e-02,1.261845696812974094e+00
-1.365209460180946355e+00,3.259901325405049899e-02
-3.032591139370920397e-01,7.199620593665602142e-01
-7.624500452176435905e-01,6.520253677073535592e-02
2.634575116476826628e-01,1.371738173199359423e+00
4.802406297031062976e-02,1.145975738358414375e+00
-1.215219878893628314e-01,1.378644970896405253e+00
5.964777694530027513e-02,7.989555183915023617e-01
-1.918499652025880131e-01,1.273342681171524049e+00
-1.258791373716094675e-01,1.072723908726252340e+00
-9.297690468325381374e-01,7.858716611817857800e-02
3.742475977808584209e-01,8.486115335852484343e-01
-9.426025978297772889e-01,-1.309867890650481259e-01
-1.075981339795790692e+00,2.644307851832523593e-01
6.424227670682043645e-02,1.086578962707895002e+00
-1.336990854879957169e+00,1.652920227788837182e-01
5.642839430289229435e-02,1.030572751030963907e+00
-1.063889756433038958e+00,1.520819126215121608e-01
-1.028233843382171608e+00,1.091300268139127755e-01
-1.199754540002614833e+00,-2.647169804920193048e-01
-7.000341457451850768e-01,1.196483195856469645e-01
-4.665057067307418898e-02,1.123893513894770324e+00
1.767124929280082801e-01,7.848242642858016538e-01
-1.083726230773530252e+00,7.734278019608559207e-02
-2.059168013373260386e-01,1.138057578761218380e+00
-1.032054861125119904e+00,-3.611989179846203379e-02
-6.382663554134853090e-01,7.129485332805531039e-02
-6.029090589784036336e-01,1.415709419891248155e-01
-9.885038938363512051e-02,8.830646630791393337e-01
-1.352719940790384490e+00,-8.473869211847394334e-02
-1.515754818963134021e+00,-4.379457195300974215e-01
2.154746477100143442e-01,1.108971169067456630e+00
-7.847858454418820129e-01,-7.455218127834788155e-02
-9.693744848431762318e-01,5.035995412774595115e-02
5.923960605610448238e-02,1.104602659192817526e+00
4.864492719225069761e-01,9.654879599428575210e-01
-6.081882018004738377e-01,4.098659879443398990e-02
-1.482717813220430614e+00,2.732539652530716623e-01
-2.227221476197916439e-01,9.632226503885498170e-01
-8.452989824126175278e-02,9.879277322088351188e-01
2.706633235141218119e-01,8.995210152254109470e-01
-8.152339472865113290e-01,-4.302182202170527769e-02
1.587710597800309070e-02,1.208063514188719934e+00
6.353336168580581145e-02,7.510623198283055135e-01
-1.371003698709540586e-01,5.336342720019260355e-01
-9.712260663057464827e-01,2.576785946433505781e-01
-1.868686318933792528e-02,1.463268449990153597e+00
3.067393046363924361e-02,1.162424412361823478e+00
-1.057095687008066109e+00,8.758638140227056890e-02
-1.134082648243305069e+00,7.121384356825941064e-02
-1.140251318313110218e+00,-4.093616836210046128e-01
-1.026781991079873224e+00,3.112243077732761987e-01
-1.152888308869884693e+00,1.365352475305929014e-01
-4.766792647658670695e-02,1.197013971444749636e+00
-8.576129131113505166e-02,1.133305568331669955e+00
-1.443093010215002359e+00,-5.561508001947546020e-03
-8.084245638536216028e-01,-8.916331056320403459e-02
-9.834186383282266242e-01,4.763362343677581268e-01
-1.382913497765692723e+00,-2.058267746333094367e-02
-8.817804470780472581e-01,1.167289492821375341e-01
-1.077923401372657075e+00,3.508961272795024788e-01
-8.859921370181884637e-01,-3.596034060766655771e-01
-6.833415420286385140e-04,7.324077449053439937e-01
2.654014246607104832e-01,1.162562083567051596e+00
-9.205481786328075788e-01,3.178224209775836195e-01
6.687459293970117458e-02,9.472176715842166583e-01
-8.607541950215462645e-01,-5.663803813499881934e-02
-1.346778464390286256e+00,1.508565839938141029e-01
-2.401375672095412417e-01,9.137430187614888899e-01
-9.057717906921636253e-02,1.628696301621769038e+00
-1.408796865434387147e-01,1.049073109529956360e+00
5.086073317505916680e-02,7.965588187970280565e-01
-9.820960583013478296e-01,1.169072463698389436e-01
1.448740021829623137e-01,1.071248160357522572e+00
-1.120005980467455364e+00,-3.046446911706985478e-02
-3.853405920670328888e-02,1.106229501753211109e+00
8.968029994339879463e-02,1.161362619581608246e+00
-1.099293885804403015e+00,2.359467216220030028e-01
2.757042728034437840e-01,5.478568659459874812e-01
6.451431710480000359e-02,9.888335099650713556e-01
-8.335148729242896071e-01,-1.687528411517030258e-01
-1.173978767916916022e+00,-1.617724617257148834e-01
3.318146512151005090e-01,9.155485305985239242e-01
-8.217928258235985828e-01,2.239234787527208115e-01
-1.331265249786686367e+00,-1.222222652741142696e-01
-1.227393391194640415e+00,-6.110342127581545185e-02
5.240568598632842079e-01,1.266165060695482847e+00
-1.184350408363548990e+00,-1.888636936563198310e-01
1.029421741988387623e-01,1.017281737226694016e+00
9.718683338755129686e-02,8.964386331340392644e-01
-8.290039769870402031e-01,-9.518466002486618283e-02
-1.049250756516713734e+00,1.155998022183782198e-01
-4.015115985842889756e-01,1.487513681132793808e-01
1.937651109578573949e-01,1.134894292623040757e+00
-6.974229135571588523e-02,5.528120497801061184e-01
-1.103128023374486455e+00,-5.229939749586557524e-02
-3.529800308044103163e-01,1.103645648468996265e+00
-6.141547902405410930e-01,-4.132945267059771888e-02
-1.096466158782188755e-01,1.134671460954086442e+00
-9.467469604476256295e-01,3.027346763549967346e-01
2.980317952934102288e-01,1.318555462348984131e+00
-1.331955442485611429e-01,1.283429675893260846e+00
-1.317456784723964658e+00,4.171443215321458675e-01
-5.095082730799361803e-01,-1.695582176137524766e-01
3.074856231317112387e-01,8.846279679629732717e-01
-2.447294253846794276e-01,1.053637458107183011e+00
2.499801310703271273e-01,9.966094378249937824e-01
-1.106952528888971887e+00,-6.814438782184802958e-03
1.240074524160195008e-01,1.067770807377571352e+00
-1.092393474301294409e+00,7.682840458024149666e-02
2.261506875257940641e-01,8.086963541467946381e-01
1.938769569435354889e-01,7.586642423970194615e-01
-6.415597808127333490e-01,-2.044985215762347153e-01
-8.504084738831234613e-01,-2.021862303510325587e-01
-1.827398285948626522e-01,8.672809130926174559e-01
2.671648526599528228e-01,1.051852008997655297e+00
-8.127982941390243798e-01,3.835427445912013011e-01
-8.318979543007678501e-01,-1.355439611334542105e-01
-7.997960150066295570e-01,-1.645242488720422280e-01
1.597258951673599381e-01,1.092330836120973814e+00
2.209166006920803560e-01,7.809954589839839256e-01
3.382241916292508810e-01,1.314735482427277447e+00
-1.879144869812699792e+00,2.917541255829664282e-01
-1.448284068634011046e+00,2.406372269970985245e-01
9.285537602224266940e-02,9.458363175067446837e-01
-2.717001828621388726e-01,9.583329186251094978e-01
-1.917093297579585409e-01,1.065910317902875715e+00
-1.164886610114395982e+00,4.174353051980989604e-01
-2.671555232729382334e-01,9.985436079844867141e-01
2.272181065875525374e-01,4.896000677001478563e-01
8.349834401208153234e-02,1.280286984291945540e+00
-1.176525723863279804e+00,1.626666380276522161e-01
1.117973183578740842e-01,5.678744303581538810e-01
-1.220651735725023918e-01,1.367900467892615657e+00
-7.892667004756904747e-01,4.868166870513612743e-01
-1.009149848894564716e+00,-4.182280362255944572e-01
-5.066965052416906590e-02,7.609972480374346260e-01
-3.881158908579747102e-01,1.025333175168363420e+00
-9.310985251969515486e-02,1.090870799668842261e+00
6.916725500963308293e-02,8.195262352775669612e-01
3.565475360706290009e-01,1.257711411434837334e+00
-8.008730050458627570e-02,9.247011239607565436e-01
-1.044075033046204082e+00,1.919111655873255162e-01
-4.067949208098583375e-02,7.943470743728080485e-01
-7.415288988751844723e-01,2.429043150413679741e-01
-9.199596753616361422e-01,3.127690933273868934e-02
-1.149388063531704640e+00,-2.263543909332342008e-01
2.481243876687907746e-01,9.750643975747284031e-01
-9.497358887248807946e-01,8.523449986262784939e-02
1.546064208725986822e-01,9.217498329027936643e-01
-9.210606742564698690e-01,7.570724034913078881e-02
-2.482817247059712906e-01,7.795494097458053329e-01
-8.563233664631001441e-01,-2.090745122192534666e-01
-1.044536582815576709e-01,8.003952003108889546e-01
-3.060160435349520980e-01,1.042910838873890578e+00
-7.316721974319421173e-01,-4.304120637436719687e-01
7.477412718384895962e-02,1.403433720941837271e+00
-1.383801504188370002e+00,-6.317569570929307265e-02
-9.583122514735529229e-01,1.223253532718710608e-03
-9.304978593348277316e-02,1.000574697045610417e+00
-1.141982668817984381e+00,-9.056359523042536996e-02
-1.154916559400829934e+00,-4.359004985132420296e-01
-9.213685650886803691e-01,5.860998685460174808e-03
-1.035370411476603136e+00,1.282066803476732963e-01
-8.304829336896226710e-01,2.249211627250076173e-01
-3.588125421870082266e-02,8.887310095751805861e-01
3.624962440938717112e-01,9.760592380405304080e-01
-2.933322455674161611e-01,1.111190176209538416e+00
-6.411131954225625096e-01,2.783442409220440728e-01
-1.249845070965949656e+00,-1.577791882391736955e-01
-9.339011823882624741e-01,8.161930033481525071e-02
-5.314060201673393574e-02,6.636468020753643060e-01
1.877604249448256435e-01,1.074391733760382772e+00
-7.597969859204356524e-01,6.937079760953544783e-02
-5.382301076433531478e-02,7.532352610526183989e-01
1.438765437910671241e-01,8.700760169656329701e-01
-7.674683119228267181e-01,-1.533491963320152696e-01
-6.420119640241535308e-02,1.260361530739523950e+00
-2.461484690504389672e-01,6.433321428124085806e-01
-1.845567763483356716e-01,1.021142911534570930e+00
3.339749220644686045e-01,9.998604198747167437e-01
-5.174492544973462865e-02,1.073158156232176808e+00
-1.382956840296797885e-01,5.373351593452991848e-01
1.911976803427817007e-01,1.301133136441862792e+00
-2.755330737386372242e-01,9.370805196436382545e-01
-9.088276062721796222e-01,1.209255782754183189e-01
-8.461786195552976064e-01,-1.158533609973416839e-01
3.746750629946171002e-02,9.894304045048365470e-01
1.085767144369481109e-02,1.640981939327685879e+00
1.810259886291064879e-01,1.580000173949880349e+00
2.014396393003127159e-02,9.739933030456402463e-01
-8.993489912733586278e-02,1.582219358654576524e+00
2.484596753083616050e-01,1.315779558326601872e+00
7.701173778075091902e-02,1.106477998807786189e+00
-9.755458454630246967e-01,1.785716200590631297e-01
-1.076622555825776262e+00,-3.403487350835157077e-01
-1.008511174321986559e+00,1.844986383744935399e-01
-6.584212604156276516e-01,-1.728422427034401535e-02
-9.486107260482967707e-01,2.854230943398010714e-02
-1.048751856545394379e+00,-1.875537491692456094e-01
-1.152392002607514065e+00,-1.561929672700625715e-01
-1.377328263880154058e+00,-3.868517155804705732e-02
-9.823173557997824101e-01,-6.636571854914197210e-02
-1.257855652558357518e+00,-6.690026559608075463e-02
4.359264446783119862e-01,7.892254773226398123e-01
-1.219777456788432968e+00,1.451578615761622282e-01
-7.225722375206257431e-02,1.019804413240803509e+00
-4.683203433441027880e-02,1.307815417651695400e+00
-6.355911455635855634e-02,1.029057387032462634e+00
1.081523476337588330e-01,1.096761871340669270e+00
1.505860089024507464e-01,9.801680844393022562e-01
2.584812876369020906e-01,9.617904533656038701e-01
-1.067653155171565782e+00,2.367550749345679328e-01
-9.037139034392114301e-01,-1.005435787477233431e-02
-8.445431189278633510e-02,1.143057328137830453e+00
-2.419639677488032159e-01,8.358176285743346146e-01
3.791128049246938470e-01,1.081803677130993346e+00
-1.273471375992636601e+00,3.252882800464976243e-01
1.526853658954724705e-02,1.053026759012309910e+00
1.625859380818621969e-01,1.264596228654201182e+00
-1.132616530704608770e+00,-2.474649608285674554e-02
-2.115019367218791413e-01,6.518025929168347332e-01
-8.855485901505397717e-01,-6.016725065707424769e-02
-8.368174785104542934e-01,2.322864351342051881e-01
1.917089082580228643e-01,1.106152921694026681e+00
-2.422008215548393240e-01,9.476293979601199124e-01
-7.031356215044102242e-01,-1.518369193977019416e-01
-9.686936447052731936e-01,5.776376642867671052e-01
-9.498088970432629896e-01,8.629049003190129852e-02
-9.859677602210612513e-01,-5.999842234249159328e-02
-1.200544484039737722e-02,1.092810887656159302e+00
-4.804562625948274185e-02,1.396502577398066158e+00
-1.131371023300586254e+00,1.420858123320721533e-01
-7.045972591272549046e-01,3.534289746185340642e-01
-7.991308949955928664e-01,-6.571942917168936693e-02
-6.830248016552622481e-01,8.653552202980735464e-02
-1.354894703632106290e-01,9.978930312895344379e-01
-2.003944186477822353e-01,9.900982633678367950e-01
-6.925883983190028736e-02,3.856946222447548145e-01
-1.444898518456711578e+00,9.132840703923826575e-02
6.801838918148171709e-02,6.594676180107070795e-01
-9.925019598688026301e-01,-5.719850724687886023e-01
-2.815800952406359858e-01,1.043493195108130100e+00
-9.355290137365595005e-01,-2.169826566052710515e-01
-1.155332824802674518e-01,7.127168482417182149e-01
-8.338391598656033632e-02,9.987812938668521046e-01
-7.885946777457413237e-01,-1.482402131039370630e-01
-9.850780831894853096e-01,-5.760957194111211710e-02
-5.291196290710316052e-01,8.891471256530030232e-01
-8.687072648160175659e-01,-5.720182321839909489e-01
-1.071884713385840460e+00,6.616310854334352953e-01
-2.968269669091284646e-01,1.371689912609157291e+00
-4.429775077755466195e-01,8.756034676800295014e-01
-3.007255631261852580e-01,-8.380771625489727428e-02
-7.901492793338519283e-01,-1.314324828394230343e-02
5.721028858600498701e-01,7.767051862237250859e-01
-1.412593466971566736e-01,1.016972741478116893e+00
3.644101996257511633e-01,1.172234150587363910e+00
-7.638345386390406055e-01,9.165937037573802793e-02
6.177545431079003307e-02,1.483860484961177395e+00
-1.302014855042309183e+00,-1.244658341348776481e-01
-9.948693119059623946e-01,-2.228937501124466092e-01
-1.279322957650842918e+00,-1.697868458448608397e-01
-1.175280300913306819e+00,-3.120237484461200195e-01
2.260448082750289300e-01,8.598170521937485988e-01
9.905725347718577489e-02,9.904154699602155665e-01
-4.672936658223826867e-01,1.188252053198151748e+00
-1.024503555302060720e+00,-3.293712275587505900e-01
-1.295074584206012513e+00,4.139099529288104984e-01
-1.088872903028939576e-01,1.017628856559288586e+00
-2.463126065947983667e-01,1.429458012027692959e+00
-3.617443443343582726e-02,9.435321392837974219e-01
6.321964644048427839e-02,1.075784669678624184e+00
-9.340782388966213379e-01,2.010369056227749585e-01
-1.075356179626579367e+00,4.619055768657735483e-01
-8.384305626891076502e-01,-3.065812673509892006e-02
-8.032780048847854015e-02,9.286062150198721721e-01
-1.280687487999384810e+00,2.967580382294789376e-01
-9.623990803135741567e-02,1.044058406810161266e+00
-3.029420409128851799e-01,9.644454527940767852e-01
-1.092301681887177522e-01,8.905802529499433629e-01
6.702322385111558756e-02,8.873952366939019676e-01
1.281600576595594843e-01,1.116828467957157400e+00
-1.170449082620620640e+00,-2.095630509879572306e-02
-1.102593645034829706e+00,1.115062778779969677e-01
2.187642892493361219e-02,9.393917525546897629e-01
-1.135877818276040258e-01,1.024062094879129248e+00
-3.952479988046509463e-01,7.037526544814707297e-01
-9.340022249489869921e-01,2.102972525291261219e-01
-1.633734553782545951e-01,7.390378143446427739e-01
-5.163602725440362695e-01,-1.864472000703925048e-01
-4.113863944181983534e-02,1.112234757277136499e+00
-2.622464547672116453e-01,1.088714803038876022e+00
-1.174878569743174284e+00,-1.091699165866402144e-01
-7.191267452624447998e-01,2.948051073716421167e-01
-9.215123533187448424e-02,1.262947943532231942e+00
-5.676847098792928703e-01,1.100376173678630609e+00
-1.311375702222598916e+00,8.341739272677804740e-02
-1.118303928905486799e+00,-1.783762591528367247e-01
-2.027349266948016149e-01,9.591962370726575537e-01
-7.332363617211017370e-01,2.764456453703607597e-01
-8.811236841322898083e-01,5.104534114479053475e-01
-1.015377077703855546e+00,-4.687087713394407773e-01
-6.225354968454253901e-02,1.148547236746766842e+00
-2.059841180770583535e-01,7.306598732617162195e-01
-1.160072195194744360e+00,-8.256150298582672076e-02
-1.162819600607057691e+00,2.387748441080153883e-01
8.723547554404008364e-02,7.668833929593001919e-01
-8.119821884632433262e-01,-3.530283252233556990e-01
3.132970078576941680e-02,6.276473518793252993e-01
-1.809689984175922306e-01,1.345675917860811310e+00
1.399933485090933127e-01,8.424850015547942217e-01
-2.784304246050683385e-01,1.096209044383851472e+00
-7.670874326413728017e-01,7.950707322059891169e-02
-1.743611624987652653e-01,1.110327294367713380e+00
5.886331074644817613e-02,1.118146177067050440e+00
-1.508190681923402277e-01,1.091185721969019973e+00
-3.302906007149804535e-01,7.544564171820955512e-01
-1.569619638270065565e-01,8.025028204997961545e-01
-3.148239512752372682e-01,8.526259760738992277e-01
-9.872519756401874069e-01,-1.716882905224476627e-03
-9.351278984205976252e-01,-2.004648723723470236e-02
-1.044073967603486919e+00,-3.010525035570230101e-01
-9.302265171766915808e-01,-3.085154342720543563e-01
1.475489022256607496e-01,5.734785888553304289e-01
-1.455297973288096902e-01,9.937396702412583105e-01
-8.949389607639248734e-01,-1.208428711101154351e-01
2.288029487959722386e-01,7.890335641093069174e-01
-9.053633134211359623e-01,-2.742536813956384933e-01
-4.383770473389824729e-01,1.229285564777836459e+00
-8.974262169867769368e-01,-2.069166509904206697e-01
1.074149339236172146e-01,9.773442764881883349e-01
-6.373716433648879409e-01,3.177881400293152692e-01
-1.040094307103254456e+00,-1.919620155680935858e-01
-1.062371118793270064e+00,3.587915578077073286e-01
-8.441355895702691292e-01,-1.130079357070808144e-02
-2.243330742900012109e-01,8.567613076747838674e-01
-8.161806112805874980e-01,-1.419175609459513709e-01
-2.191407188225486524e-01,8.630115006093723728e-01
-1.083999956902042205e+00,-3.237473769882705937e-02
4.329622228144130308e-02,8.543739202735143312e-01
-1.280306937394808386e-01,1.019585944652623422e+00
-2.220435741266752472e-01,8.099172706903562391e-01
1.705069227740611468e-02,1.172959558919216994e+00
-1.338701200823863013e-01,8.838858309313257777e-01
-2.223956447008434284e-02,8.511572524014726637e-01
-1.074128898074796501e+00,-1.246582331403191246e-01
-3.242312307372082203e-01,9.650936677499810656e-01
-1.835959990676533024e-02,1.150917934475176319e+00
-1.384680720692761602e+00,1.189591431739387001e-01
-8.321420000845471954e-01,1.408101042209861931e-01
-7.684919640992525502e-02,1.108167027977602581e+00
-2.071966591347624564e-01,1.317027058243662729e+00
-6.803345836595213747e-01,1.058990687108337103e-01
-1.738437868886661408e-01,7.922808503015528192e-01
-1.693164448745716477e-01,7.859504280470439586e-01
-1.336686025432834990e-01,6.302427918747278701e-01
-8.623370453177765516e-01,-9.087457959533092045e-02
-6.625793001433539775e-01,-4.793258717130705060e-02
-7.474042508254856720e-01,1.455857966829773864e-01
-8.878670972669806538e-01,3.443085113535220287e-01
-3.634917718182468366e-02,1.022123623166362849e+00
-8.003475466778976477e-01,1.560625158167692865e-02
-2.696822331362955932e-02,1.038481909456318464e+00
-1.499399281446440191e-01,8.799721072065705973e-01
2.146633887250736783e-01,1.192541625190234322e+00
1.376619079321350419e-03,8.539415997630759314e-01
1.540064009296720215e-01,8.321230785614667225e-01
-1.044255748633230674e+00,2.746346313385737425e-01
-1.209683301660818611e+00,3.156942717419061045e-02
-1.269537305018033857e+00,4.398117410117999282e-02
-1.218825485960774779e+00,2.419203723595824904e-02
-6.104696358778429754e-01,2.486961767320308436e-01
-1.010917354706202476e+00,-4.283445068055254795e-02
-9.710449049525555765e-01,-5.008770722202273706e-01
-1.170977402511837795e+00,3.657080016400069966e-01
-8.765550696497781402e-02,8.308541311707910992e-01
-1.043650896004778339e+00,2.528021652413104947e-01
1.523325764719654918e-01,1.050545135419893361e+00
-1.033140518698084792e-01,1.294541010755058341e+00
-8.846451949456055619e-01,2.375788403804912075e-01
-8.088884066359952607e-01,-2.929715297298109145e-02
-7.400279989422874349e-01,2.436768638056324987e-01
9.072688947220354516e-02,9.400288726380684468e-01
2.197494344490446838e-01,6.769426607970858711e-01
-7.260705713661175405e-03,1.142174287984999870e+00
-1.131916852346888103e+00,-3.832103423320236124e-01
1.376210163206165182e-01,1.401536865498203444e+00
-1.389585701406368390e+00,1.047903829573689077e-01
-6.868440696087061426e-01,7.820802866442204404e-02
-3.360400011645806040e-01,8.462201038595644764e-01
-1.061573727435320302e+00,7.920949907331098494e-02
-3.383084463384220062e-03,7.985699751327214324e-01
-1.464197901761933769e-02,8.906705370401035715e-01
-2.064901370309444040e-01,1.247938142447902132e+00
-1.354951255077561367e-01,1.101918977642957431e+00
-1.291506542201445451e-01,8.210329860587466388e-01
-2.709108887131109200e-01,9.944421787685371328e-01
-8.968524514704060424e-01,-1.527750694196095271e-01
-2.540123364792795657e-01,9.223434075197286530e-01
-1.241903175121617658e-01,8.869920871951832986e-01
-9.983920684376893506e-01,2.526220682934157136e-01
-1.166109956481876653e+00,3.793964702485057017e-01
1.405336958903575899e-02,1.201411622454823913e+00
-1.303658873354945236e+00,5.492232758947167559e-01
-1.368636977824066348e+00,1.327689747632293527e-02
-7.436656630436491167e-01,2.331128715416264374e-01
-8.197989437139265867e-01,2.148142212908779880e-01
-2.306250503783123518e-01,6.710731118077687407e-01
-1.022863898922082182e+00,4.282306584916376058e-01
-1.140012592400879571e-01,9.298489578997077842e-01
2.462040457543028180e-02,1.074463736249884782e+00
-9.642369486888422436e-01,-2.283993333968935835e-01
-1.094526683228098651e+00,-2.572359103436835381e-01
-1.128889642683383654e+00,-1.109570313795717363e-02
-8.497432054558090586e-01,4.165404623065184775e-01
-3.280949234279132432e-01,8.942861977336842294e-01
-6.785868752312533836e-01,6.661033884500372482e-02
-1.065240326527431947e+00,5.457209546710838771e-02
-2.691184787651471622e-01,9.515487092391550217e-01
-1.289707262492993944e+00,2.729714400627283356e-03
-3.635355845899376770e-02,9.819164431072274768e-01
-1.225249006552505543e-01,9.028935657243007951e-01
6.168381965440589837e-02,1.050357232938845309e+00
2.122857783236208329e-01,8.126976278989390678e-01
2.215893714660606140e-01,1.359873844040699664e+00
-2.226491627412121310e-01,5.612967730567821611e-01
-1.125354147168002861e-01,7.892465425930836886e-01
-1.118839698686649120e+00,-1.598961042868830007e-01
8.298460192239613675e-03,1.272641888478582617e+00
-1.503203748398773909e+00,-2.317261651015831425e-01
-1.933816696478225516e-01,1.383176129011835620e+00
-1.429801465542440475e+00,1.702108512328655288e-01
-1.286369074517494937e+00,1.106681996273027047e-01
-1.628160734626341588e-01,9.353110646234160663e-01
-1.016985523912031057e-02,7.025037115586286740e-01
-8.134884102672900186e-01,1.604759319397575656e-01
-2.928317176797358146e-01,7.958362945954690071e-01
-2.400871909247353220e-01,9.559801135364953684e-01
-1.018809657567471438e+00,1.349271925157100593e-01
-9.653010051506319966e-01,-1.008840084575412660e-01
-1.208840847469490498e+00,2.078138242233969479e-01
-1.791351318032597950e-01,6.567271600177484459e-01
-8.983486080969359522e-01,-4.461054017252650827e-01
-1.307124743518667920e+00,-1.193750685093351582e-01
-1.122970098383258675e+00,3.282178583839656660e-02
-5.170570851150866343e-01,-2.423752211729243433e-01
-4.220078969062169838e-01,-1.868271854574306001e-01
-1.619779033423273534e-02,1.126766616644077512e+00
-3.884942915387561424e-01,1.118932623412902672e+00
-1.055677273135176897e+00,7.959525627709559958e-02
-1.096657336442431740e-01,7.617538266789609658e-01
2.319532289683285883e-02,1.208415294122538786e+00
-9.185385688045289987e-01,-2.581600023321934945e-01
-1.266920865400040785e+00,9.897008724273524682e-02
-1.055874958422927667e+00,4.121487416452827013e-01
-7.968204165567559227e-02,7.019065792137940685e-01
-9.079018917119806575e-01,-2.666376045889571889e-01
-1.104452861079908921e+00,-2.414462272987930869e-01
2.090497786800868119e-01,9.606121344748502766e-01
3.072357234608599219e-01,7.540399544788614072e-01
-2.096602765497668497e-01,8.789167769326954316e-01
-7.319985342228829683e-01,1.958949535013408336e-02
-1.120920588968375542e+00,4.998546671671715014e-02
-1.100868037000359845e+00,7.364061204782763881e-02
-4.830772004004608988e-02,1.053807350663667819e+00
7.477431766148706638e-02,6.095422158622774145e-01
-1.015167912166729636e+00,-3.365759118404486605e-01
-1.074927200439375286e+00,5.435359589248155154e-02
-5.597154153786190189e-01,-3.432879387045528058e-02
-1.234457142308795330e+00,-2.093778520652727348e-01
-8.291976682585402436e-01,-2.620440209892095640e-02
-9.414697722337673769e-01,-2.356986318106365497e-01
-1.390086998462352952e+00,-1.047266624426009540e-01
5.767466338897440092e-01,7.502586754626227039e-01
-9.190447847058655917e-01,2.389232820082179687e-01
-1.247808625893982004e+00,3.254088324579389874e-02
-7.412682436707317413e-01,1.069905543063009029e-01
-8.805345441495208980e-02,6.375063659210215006e-01
1.364985404213952536e-01,1.001468832378828777e+00
-6.795795175896529204e-04,1.286828760719968434e+00
-4.383598812437825565e-01,8.034763378821825341e-01
8.477711817942562567e-02,9.287150532483000598e-01
2.580301472049262856e-01,1.172692413402555589e+00
-9.319925703128471017e-01,4.930609637632601266e-02
-1.060383495405776699e+00,-2.380057969635716586e-01
-9.346122680017135975e-01,-2.998401753429223368e-02
3.309995935570451270e-02,9.387978714542940528e-01
9.679147530334197835e-02,7.144519406500632330e-01
4.090848744516499269e-01,1.334130213187612490e+00
-1.199618143559822547e+00,1.379070483054944396e-01
-1.020994471271524789e-01,1.098497503523539365e+00
-7.427429481000756839e-01,-4.796527787716462488e-01
2.000736012261338237e-01,9.941571687009546077e-01
-1.100737818160975934e+00,3.956308581157578219e-01
-9.343733887584408926e-01,5.859015670600499492e-02
-1.083398335032112803e+00,1.975110372487110799e-01
5.095929493884998607e-01,8.685821423698280030e-01
-9.134194815793810207e-01,-6.570122015496450418e-02
-2.940198985585147640e-02,1.062952864026485589e+00
5.255622831074507201e-02,9.673134762112584051e-01
-1.011855541724498764e+00,2.217624714182147294e-01
-1.122433767292451368e+00,-2.566217440284870865e-01
2.840997900146627342e-01,8.091401519857408520e-01
-6.793521246662599378e-01,6.398467879842456574e-02
-1.405638534999809286e+00,-2.727715616462458859e-02
-1.075433553696886646e+00,1.129057852413173774e-01
-4.376182969422854480e-02,9.469685421241561540e-01
1.639341315985603786e-01,7.190397179455607635e-01
-1.124599595329906609e+00,-3.923348018956814842e-01
-8.010502999928725831e-01,-3.946430230653906746e-01
-4.141809739024567699e-02,1.003436596163512551e+00
-1.320006594053705129e+00,-1.276082824305543872e-01
-3.341165241289904136e-02,1.183609420059753781e+00
-1.010163748917576765e+00,-3.576597270351054847e-02
-5.878442585765681905e-01,2.191904483498789691e-02
-1.041516403585906136e+00,-6.018993019316767196e-02
-2.669645818574583052e-01,7.792006449289515801e-01
-1.017903973887106739e+00,-4.761739841480987917e-02
-7.350909481840086634e-01,6.591098500691940087e-02
-6.447928827920348938e-02,1.089945770169211681e+00
7.561974885689090597e-02,1.242382024496958115e+00
-1.216774655459220478e+00,1.740457570465600567e-01
-1.014485432120549424e+00,1.678686276495149066e-01
4.091453899170909014e-02,7.056487510305737842e-01
2.818855987309673017e-01,1.327935517346032324e+00
-8.680581169007381970e-01,2.704339769548869468e-02
-2.030089426478826342e-01,9.289266793272561440e-01
-1.257353652433942814e+00,-2.635697713246318297e-02
-2.708953771412595524e-01,1.060779030934677403e+00
-1.387269571243993527e+00,-2.792772431436668090e-01
-7.123293645061559154e-01,2.463682760867964283e-01
2.746647207710605776e-01,7.565702187989248317e-01
-1.226667792562454506e+00,1.823603174082854064e-02
-1.306416463063438983e-02,9.067379733258110752e-01
-6.147966789496694257e-02,1.412548429300767294e+00
-1.298060729258648793e-01,1.026271298139794119e+00
-1.843852555647999270e-01,8.878994304514119529e-01
-8.639238124667405483e-01,-6.113306858302270178e-03
-8.901632937793387823e-01,1.430019642868660124e-01
-9.248539157240688313e-01,-1.271176655813358314e-01
-2.776354950277426514e-01,9.894605284548414481e-01
-9.409357345942903628e-01,-3.257946984976579641e-01
-4.390116524997550451e-02,1.179092848608281008e+00
-7.466467891356782793e-01,-3.499270833064305197e-01
-9.562069223168947474e-01,-1.560999267111509714e-01
3.106779818175394725e-01,1.015567109326610762e+00
-1.427296144033754821e+00,-3.210488891564540204e-01
-2.455469679196022326e-01,6.643629004822371176e-01
-7.760470321580169584e-01,-3.222662022145091898e-01
-9.331109554189379596e-01,-7.728304052973412885e-02
-5.376835426806954032e-01,1.002314508170290441e+00
-8.294117350833764002e-01,2.496655373304217385e-01
-1.033045812375454231e+00,-1.904594580188136155e-01
-1.175293412825167305e+00,1.420702591459167274e-01
-1.383342725619924884e+00,-5.330190571991354487e-01
-1.410762736266642614e+00,-5.389183740607610129e-02
-7.205687665064004488e-01,-5.115202237054003453e-02
-1.015352244408439963e+00,-8.313669709888893422e-02
-1.188822697206110890e+00,-3.463539834037881321e-02
-9.587830982206397845e-01,2.286105806668094764e-01
1.242557372750882211e-01,1.194799292835380777e+00
-8.797663885726255684e-01,-2.789627490724035444e-02
-8.808042105048525805e-01,-1.079094449895416780e-01
-6.548276762225120340e-01,-2.020060556874704039e-01
4.042381080124318044e-02,3.781556118489928231e-01
-6.334051155436288827e-01,-3.010086564876930382e-01
-9.891515995770532310e-01,-3.002811196101465852e-01
-8.918605985421970139e-01,-5.407160628432826355e-02
-1.447495653612650202e+00,3.239754610933027190e-01
-4.667954784436662008e-02,8.948813410059552886e-01
4.398610310186156641e-02,6.751541579486388667e-01
-1.327771072215741199e+00,-1.095646475866573870e-02
-8.277686837959237834e-03,1.211683554098514914e+00
-3.075639656416750412e-01,1.089385079704337622e+00
6.033229973643230992e-02,9.735336292004329595e-01
-1.043778320158647244e+00,-2.477715363640512619e-02
-8.341903225180612447e-01,-1.089975187479570867e-01
-2.120463907808659010e-01,1.415673763017927467e+00
6.773310570837048905e-02,6.816980523227822442e-01
-5.891250097886977510e-01,-3.048271592837991650e-01
-5.828113449074820984e-01,-1.625034484840051918e-01
1.915935500512165046e-01,1.045486029959734831e+00
-8.699205328541494142e-02,9.729066533814894058e-01
-1.736366778619442830e-01,1.222546705060065131e+00
-3.118633040957774494e-02,7.021838138592155776e-01
-2.063246982372730354e-01,1.024455684360440211e+00
-2.869862404077638263e-01,9.846592480007284598e-01
-6.901060882680469521e-02,1.161207510176801572e+00
1.888336278951696090e-01,1.087440021570260207e+00
-1.204496090133182706e+00,6.711214436310314335e-02
-1.069592285091511386e+00,2.658414919286580247e-01
-9.161923286783067999e-01,2.142286664757563075e-01
2.819135123221787609e-01,7.584277961760393927e-01
-1.191392938418911696e+00,-2.925920379547632955e-01
-5.395187049349781105e-02,9.447560112416411027e-01
-2.241618498648720037e-01,1.368256978420554049e+00
-7.660729140058735176e-01,4.000176342663495227e-02
6.813718197283830103e-02,9.561287704387452235e-01
-1.193663782360682157e+00,1.763714756707911446e-01
1.823153537974336602e-01,1.405198705435834805e+00
1.108206212725770801e-01,8.740644553555663165e-01
-6.676258296487687094e-01,8.248104799258010322e-02
5.167871388777597885e-02,7.736269566319229352e-01
-1.186857517201091339e+00,2.713739317903830425e-02
-1.073831815779564269e-01,1.114566080860829755e+00
-1.170555566724035129e-01,1.192186212716959792e+00
-2.223866934571698539e-01,8.033571481334682574e-01
-3.663654929450346764e-01,1.026358294489081890e+00
-1.110234641667315669e+00,-9.245152953847912691e-02
-2.851959764750208737e-01,7.800272406184125540e-01
4.589444539860943612e-02,6.369403771674575498e-01
-1.134091095626232615e-01,7.209960988617822863e-01
-6.610042599333489921e-01,-3.231205814149034072e-01
2.963884138248287781e-01,7.875935070008507344e-01
-3.184304491040058221e-02,7.966196435788759356e-01
-8.449034516250950588e-01,6.132891652208184025e-02
-1.069176026038471505e+00,5.735024640516751815e-02
2.066117173954836461e-01,1.271864574377222556e+00
2.912832124978611548e-01,9.815015403409368400e-01
-1.282267821366804617e+00,-1.107851050254617525e-01
-1.424190525167123855e-01,1.009203237704191514e+00
-9.037997855563444372e-01,3.499939767904309412e-02
-1.169888793828660623e+00,1.379775355684950515e-02
-5.119201683150813309e-02,1.335962197936954921e+00
9.802508254525799103e-02,1.243885631064098218e+00
-1.085963636135593546e+00,-3.167332998398605381e-01
-7.018274715157646337e-01,-6.079339516541718696e-02
1.649827661158746184e-01,9.954272964603408935e-01
-1.318122575663396745e+00,-5.127391146733656369e-02
-2.412396264076548946e-01,1.281323432741640289e+00
-9.279906397994653888e-01,-2.786721071215260762e-02
-2.005389803215837374e-01,8.904890537623997293e-01
1.009955733008477963e-01,6.410765568744840603e-01
-1.177101299007637047e+00,-6.048112012058666220e-01
-3.607208000072146398e-02,1.280157110356463512e+00
7.415724288230661487e-02,1.355051019699776038e+00
-1.237260562289726806e+00,-1.891081862502606570e-01
-9.192325379982186906e-01,1.210711774665550050e-01
3.327979921511999006e-02,1.279502050419492942e+00
-2.708619197507413090e-01,1.172792554700910372e+00
1.076344177125066193e-01,9.401284336911214234e-01
-7.357381745612845414e-01,3.335062862337614953e-01
9.100603323428874125e-02,1.249712863021795295e+00
-2.055876686223510608e-01,6.122852769583471133e-01
3.198841196987278757e-02,8.020959008046633087e-01
-9.448579219087034353e-01,-9.505170062504796069e-02
-3.661005860070299378e-01,1.109957757087260299e+00
3.780448232286295340e-01,1.140030248876881425e+00
6.708349729232312986e-02,1.108682110683000266e+00
-1.339975548893711288e+00,-4.097408916325951944e-01
1.295062565193690340e-01,7.739446892424659552e-01
-9.096650194485113028e-01,2.038725430247348702e-01
-1.057043357564526165e+00,2.232943234463536514e-02
-4.416335427036316430e-02,1.181198499990847584e+00
-9.850840079813594219e-01,2.200342155375952791e-01
-8.110578623568777124e-01,3.008112763326691863e-01
-1.681064491903669356e-02,8.556085854873060059e-01
-1.215516634835974719e+00,1.352641022638053081e-01
1.532959667538831838e-01,9.888121468210031573e-01
-9.676298389407490541e-01,1.187392004417068235e-02
-1.134010841606303499e+00,3.289597775620944908e-01
3.334883384789116140e-02,9.966670806290286455e-01
1.095056237120842907e-01,8.942146717589007920e-01
-1.065358114014615776e+00,1.156967045021656398e-01
4.885976338485640419e-02,8.520591479867766216e-01
-9.401071985825091293e-01,1.362480659942492955e-01
-3.454733109642353917e-01,8.179874962244804149e-01
-8.095708840765514225e-01,8.380988278260544100e-02
-1.220483341726565474e+00,-2.323677798922083870e-01
4.195129026238608727e-02,6.504122790098869622e-01
9.321792067769678336e-02,1.124159403833451254e+00
-8.922020640433443450e-01,-2.676873687876135666e-02
1.692769252196718865e-01,1.330448574260278960e+00
-1.379887491439475644e+00,1.063008635555803272e-01
-4.277282690701854628e-01,5.573157247211742854e-02
-1.168956686946397872e+00,2.488705348569122677e-01
-1.108344116989246730e+00,-2.429286176145442344e-01
-1.815225042970756986e-01,1.271355519892169550e+00
-1.519599460004762426e-01,9.601987582920138431e-01
-8.551342583936440978e-01,-2.357472323263862940e-02
3.123446904557589457e-02,1.209483033235761562e+00
-1.076508819463143585e+00,5.286947295942158176e-01
-2.318878363851544777e-01,1.367307992046181919e+00
-8.478784671967836140e-01,-4.174068634093314190e-02
-6.703569190481030449e-02,1.127562436635715315e+00
-8.026989601816612863e-02,1.057281877250961344e+00
1.076171529605366717e-01,6.884168356745663520e-01
-1.542600168524382691e-02,5.958436672652762667e-01
-8.189723841807833304e-01,-3.381974044436274196e-02
-1.058751638951156648e+00,2.600830742378038574e-01
-1.220251766919412395e+00,-8.013576898713557772e-02
-1.766596831295109971e-01,1.071828705735680565e+00
-9.821788339029421944e-02,7.023531987204369997e-01
-2.728802164852471290e-01,1.105755705241785458e+00
-9.036408573647150000e-01,-2.976477130702926410e-01
-7.629978483443848880e-01,-3.747203124746690817e-01
-1.289194231039886063e+00,8.565407948461405130e-02
-8.247381725691290688e-01,-2.841063013598791320e-01
-3.252801075119216012e-01,1.017381713979059521e+00
-8.946105371794212946e-01,-1.178622206542471601e-01
2.511248458991785504e-01,1.230905487279022825e+00
-7.061450933176985911e-01,-4.103405103291979383e-01
1.900445190356287728e-01,9.456672061984656708e-01
-9.910076625580024334e-01,-1.998764944672327681e-01
1.745112047752647721e-01,9.543839543887714383e-01
2.112631810549480682e-01,6.826693354748812892e-01
1.654754076565324583e-01,9.359279927168253632e-01
-9.972992845058240574e-01,-2.254818689155316525e-01
-1.116112068836712989e+00,-3.392698838656638127e-01
-5.800670828995185130e-02,8.734722617724244298e-01
-6.614509038458817047e-02,8.410033171501507532e-01
-5.686299635810284636e-01,1.219365679365232991e+00
-1.245387082268556211e+00,-1.762028758014266838e-01
-6.819098349970940109e-01,-1.223798468066207984e-01
-3.323746465614558776e-01,1.044244594974807816e+00
7.055152087711701048e-02,7.753710668488069668e-01
-1.177043621799383821e+00,4.888771088468191889e-02
2.333874509897648081e-02,1.207038683517344335e+00
1.566410439888261674e-01,1.015016297540465962e+00
-1.776500011248079769e+00,4.857711141934167864e-02
5.068056850616781822e-02,1.172655129330147261e+00
-1.223527028156935481e+00,-1.981748736886443096e-01
-1.197567553857615374e+00,5.488891336110938990e-02
1.782989984927392246e-01,9.171244241324568724e-01
-1.021746409695665436e+00,1.024247865573605920e-01
-1.076178809365498479e+00,1.083300335880365006e-01
-7.692942494021706157e-01,7.017507672062948954e-02
-2.206051427877589455e-01,9.595712392661573942e-01
-1.022527284098905920e+00,-5.967909173250549038e-02
-1.010491565213705450e-01,1.135901352539504305e+00
-9.323158310018484496e-01,9.745116785867415088e-02
-2.253437515507056808e-03,9.562864755006503792e-01
2.890442745240332512e-01,8.398369119404298644e-01
-8.080114376979834478e-01,3.282774828002845563e-02
1.968313107215947932e-02,1.080275164122393106e+00
-1.011309639247308205e-02,1.252311997871680349e+00
-5.074912062355992903e-01,1.231529357527302082e+00
-1.090520484250476763e+00,-2.595252788778643072e-01
-9.643194557175761572e-01,-2.580915722493786757e-01
-7.879816493438458747e-02,1.046834383718394434e+00
-9.152305101821844868e-01,2.073331858762871571e-01
-2.319582232640065092e-02,9.778603379321400002e-01
-8.611968332757886646e-01,-3.981921410897613645e-01
-8.148034147860233611e-02,1.203949618993851667e+00
-2.594792039607686784e-01,1.207490779263423297e+00
-2.879808171041799147e-02,1.209059487617095696e+00
8.667286119536742051e-02,1.231964371056528673e+00
-8.084118275733864767e-01,1.376666580989796334e-03
-9.646231745531593793e-01,-1.092377168812171950e-01
-9.663175779211702343e-01,8.732351668984036919e-02
-1.136658801065606683e+00,-5.505542467496253936e-03
2.320500670778054275e-02,1.681599963778299456e+00
3.211256227528692664e-01,7.674710417710611798e-01
-1.296913321628779370e+00,-3.125817713587407676e-01
-1.022701779207874223e-01,9.775887777451711669e-01
-1.312265561442411688e+00,1.134372106383575857e-01
-6.039253819544025959e-01,1.381349338825738626e-01
-1.078372371179073141e+00,-1.006665367026105817e-01
-1.284046940264171432e+00,-5.178280807236913114e-02
1.393338389025764734e-01,1.034313996049827322e+00
-9.984856538741685439e-01,1.044286909833656574e-01
-5.935004796315412889e-01,-2.020868103425524087e-01
-7.308625202723119108e-01,-1.200386287138345415e-01
-7.251579731868174061e-01,-8.223361668028866811e-02
-8.180939700608641507e-01,1.241644379247354296e-01
-1.275248209530661647e+00,5.496485166628918562e-02
-7.803330498976719376e-01,3.520832444867142419e-01
-2.365774234801986398e-01,7.821122207442409158e-01
-1.154878671195474382e+00,-1.848931783208758450e-01
-1.148446901499198702e+00,-1.311860198051426896e-01
1.156913564090391311e-01,7.615190994636150679e-01
-8.487013870943376226e-01,6.306663675231125032e-02
5.564286261121409102e-03,9.086410188612250582e-01
-3.919986414737386959e-01,8.356845785161362006e-01
1.442378933574319788e-01,1.219767914462124958e+00
1.608253635466545296e-03,1.393119583141348539e+00
7.884905096746473718e-02,7.740445730866549745e-01
2.463715346469281808e-01,9.604073385531585183e-01
-5.975083228615073877e-02,1.059249209933101010e+00
-8.561148739730263246e-01,-1.486230497097815462e-01
-2.201820032765774982e-01,1.032342869086118275e+00
-8.458250732769176938e-01,-9.714414675551355516e-02
-1.328439082779149016e+00,2.973536967126955699e-01
8.241051148337428384e-03,9.966383463505609219e-01
5.989787338264677269e-02,9.499214664037226585e-01
-2.396041690137569735e-01,5.342968002855075227e-01
-9.725822206120794400e-01,4.197169518544988792e-02
-1.092771194855526096e+00,-4.241801870204547353e-01
-7.516178351590362405e-01,-1.081546514102811607e-01
-1.208322060139919385e+00,-5.137269082499988648e-02
-5.604353026407724592e-01,3.218419668405946288e-01
-4.545940575717744569e-01,1.015686665027573543e+00
-4.815316422801028118e-01,1.150963699096879456e+00
-2.650744915246819322e-02,7.377691856644963408e-01
-7.375035678097847658e-01,3.302798228921286494e-01
-1.284195630753374395e+00,-2.926815284691201557e-01
-1.294811413485497331e+00,-1.088611915044141870e-01
-2.667613218275852738e-01,1.019311156704851173e+00
2.686189226593069246e-03,1.276356933607387001e+00
-1.010354387818347410e+00,-2.655767297311870667e-01
-2.367852374704105811e-01,1.230517588134623974e+00
-5.399480323262546150e-02,1.008473514140068472e+00
-4.489680794360915994e-02,1.126576774864994857e+00
-2.570484343845412800e-01,7.998278988543019441e-01
4.965608894704621329e-02,1.427534154262128485e+00
-1.057764595965078880e-01,8.812140905635424959e-01
2.355185123897591826e-01,2.889772860498119877e-01
8.353258160216499306e-02,1.046385297173435314e+00
-7.991859020149894022e-01,-1.405563957905517011e-02
-2.067688768975210756e-01,9.117820821906729156e-01
-1.178211084704383849e+00,9.717628038586484385e-02
-1.939940889191192619e-01,6.571616732588678733e-01
4.582682206927872481e-02,1.213625329128835251e+00
-6.746635570099113188e-01,2.756297950130655317e-02
-1.107727928762164860e+00,-2.155728089704856132e-01
-8.432955164527455860e-01,2.626623772130515788e-01
-1.086485546811162273e+00,2.965837430450520285e-01
-1.166709959071717151e+00,-7.860742280309400420e-02
-1.306940738810136837e+00,-1.204710361171917044e-01
-1.001235752811989954e+00,-9.487206291916878975e-02
-7.902209639587259860e-01,-4.824742127357551508e-03
1.380981298372637445e-01,8.880723353402948383e-01
-1.641024064191368981e-01,8.989534140704664722e-01
-2.401563955947658147e-02,1.003676733119862385e+00
-7.464595870899917163e-01,5.287321516790455256e-01
-1.192186778661932900e+00,7.759693631389093238e-02
4.381777596491317345e-02,1.028464192841529679e+00
-9.536825176491513512e-01,5.242216859751824831e-01
-1.251945514788292524e+00,-3.950526771028631257e-02
5.084376637096137130e-02,1.351136950232673994e+00
3.243129255892170798e-02,7.663478543164363721e-01
-3.891016993241355193e-01,1.180396283817423564e+00
-1.260322083551758787e+00,-9.287808077525175343e-03
3.648632552303031074e-01,7.071917353406489415e-01
-9.052462013256789009e-01,4.876020642685029854e-02
-5.425587054453697711e-01,-1.571372183848842863e-01
-7.303565290813689437e-01,1.595291150949330050e-01
1.298814378321036800e-01,8.998058583938144395e-01
1.367883144050860422e-01,1.270206902754605238e+00
-1.164599662592463725e+00,-8.444466506973163922e-02
-7.938501966454822867e-01,3.044655236182501334e-01
-1.000324909521488781e+00,-2.466192053029269138e-01
4.944554996061356622e-02,9.469024295961323556e-01
-1.348796089137916265e+00,-1.652000633434880517e-01
-8.954706060229463555e-03,1.353549973989131905e+00
-1.162598026444095822e+00,1.165232181566587533e-01
-7.995096536033443613e-01,-1.854152694248855857e-02
9.651284736649203000e-02,1.296374502208257784e+00
-3.899936612832185512e-01,8.521441362167310185e-01
-1.233815268962922707e+00,9.332856405193878935e-02
-4.283237239748742195e-03,1.163952293777382074e+00
-9.189211773435022879e-02,9.581298860160417652e-01
-2.573059042574754041e-01,8.784033435931172251e-01
-1.117424183809305083e+00,1.170198867756246791e-02
-8.719402930533289853e-01,1.352203099428666289e-01
-1.948782554857718674e-01,1.152916364719848374e+00
-1.185436537023261572e+00,5.566268438679577990e-01
-9.763981682456119859e-01,2.427050304180688733e-01
-8.618689897970314151e-01,-1.280412369853186905e-01
3.652535103300857955e-01,1.097713924441223066e+00
-9.529960890788736760e-01,-3.510258692396136526e-01
-1.240249420518246382e+00,-1.033491710532944002e-01
1.753745717474990140e-01,1.086243930841126692e+00
-1.127732572754563067e+00,-2.947666802770534389e-01
3.030186902729675724e-01,1.190387198294506454e+00
-7.879623045697629058e-01,7.718618949176608846e-02
-9.897599889571122578e-01,-9.442649765841341913e-02
-1.027912016653450777e+00,3.052941654301612531e-02
-7.257615009358708846e-02,1.232996717140658838e+00
-9.274431765490582791e-01,-2.370690060924532383e-01
-1.215617056092359372e+00,1.777392523617208064e-01
-3.246316596448022285e-01,1.277505903983032765e+00
-7.158505925757024935e-01,3.283220296481842992e-01
-1.113606263009552233e+00,3.205254469924779248e-01
-1.241923423430382867e+00,2.105554520996003598e-01
-6.317878655201891736e-02,9.135434528305933499e-01
-7.954732393645502775e-01,6.342194108383567563e-01
-1.831078131662426112e-01,1.145950841905988282e+00
-8.550302631935100539e-01,6.586017717619609135e-02
1.365217993366084626e-01,9.526142551243980128e-01
-1.374420610501526641e-01,1.164607949117403063e+00
-8.797806411749526934e-01,-3.740168543624324826e-01
-1.336297463000825081e+00,-2.726096119471748125e-01
-8.536990228775798162e-01,8.703856073333548701e-03
-7.420785150307511735e-01,3.455184752189707081e-02
-5.797585687372440455e-02,5.529436994907703795e-01
-3.492772775746780245e-02,8.156609807010738455e-01
7.631457872074556836e-02,8.662425559653192941e-01
-1.039947477530690501e+00,1.090078561925326844e-01
-1.203464163361125383e+00,-1.462288748497265478e-01
-1.280178583705061657e-01,5.307353626372415256e-01
-8.378476468949348499e-01,-6.753613825092172340e-02
-1.024616112779100474e+00,1.138765286427694812e-01
3.517610391744637171e-04,6.975083408594386913e-01
-1.252058262460482574e+00,2.631826721109014056e-01
-1.801404659324602198e-01,1.094995617113437625e+00
-8.266569018895425502e-02,8.888793718130564292e-01
2.183138008848430900e-01,9.368387003420172165e-01
-1.181298903745950479e+00,-3.215130073761688356e-01
-9.568520658056208772e-01,3.034582533232483281e-01
-6.939729264644902695e-01,1.753852757564353937e-01
-1.055306629943498997e+00,-4.600975299638279115e-01
1.167227817711178478e-01,1.170463413964547339e+00
-9.180522452090519314e-01,-2.081802913288641754e-01
-1.307761044941262218e+00,1.378883089900783954e-01
-1.685886708927009925e-01,1.058372501083583384e+00
-8.362507249176519553e-01,-5.142534569525718940e-02
-9.914636782796040770e-02,7.612361801126771299e-01
3.599196264396154477e-01,6.241296730151915106e-01
-9.294266056007847165e-01,4.451523897429554566e-02
3.009281151261444243e-01,7.894060417297104060e-01
-1.002379755381149984e+00,-2.446987511767166334e-01
-7.640003477934171894e-01,5.452004146148466124e-02
-1.241614697381369536e+00,-3.245021268468107900e-01
-9.277826112486978749e-01,-2.607966746959686222e-01
3.651579307172136274e-02,1.215639848742481322e+00
2.397744052866681852e-01,1.172663608123585055e+00
-2.403007782508096712e-01,5.445408969387628417e-01
-1.166123035798459773e+00,1.636514234996387929e-01
-3.975567557060101231e-01,6.711797438115263414e-01
-4.303302379491202312e-01,1.012013691378551128e+00
9.528365522674522858e-02,9.489425182457283947e-01
1.073655035614642234e-01,8.428921507723239337e-01
-1.238878145136011133e+00,3.889179966988196707e-02
-6.823715338740076186e-01,-5.136599863907630875e-02
-1.051175437611538754e+00,-1.839693774387821112e-01
-9.484715817336187849e-01,3.476032457277643695e-03
-6.226692086247627156e-01,2.186257906097552606e-01
-1.196270931907793766e+00,1.261893288260376444e-01
-9.594995225757111390e-01,1.674074823761623476e-01
1.337817898212941559e-01,1.127046344848664727e+00
-1.504166777253328757e-01,1.345682066219574091e+00
-1.162296972324052130e-01,1.368334044961561524e+00
-8.783522621587005474e-01,-3.754230223927909060e-01
-1.032990171365036458e+00,-9.118082682548327156e-02
-9.777046953682773101e-01,5.275382797742386165e-01
-6.688946273196526293e-02,9.805540622038765308e-01
1.447527426572335907e-01,6.308018415879635965e-01
-1.080480172863746535e+00,4.468137000080640853e-01
8.550611322000979675e-02,7.959549869893138840e-01
-3.224841683848412854e-01,7.944875420367865093e-01
1.188547513613952139e-01,1.000065167101195751e+00
-1.286245662123827183e+00,8.985283474520512625e-02
2.252540134913374181e-01,7.842014148850858790e-01
1.498982782717220852e-01,1.138468682765232387e+00
-1.899822071492259304e-02,9.341525764920214359e-01
-1.137891111687501677e+00,1.703553875302620535e-01
-1.073094220584657199e+00,-2.256409020862502890e-02
-1.348540626796935205e-01,1.183703524654428074e+00
-8.877674636393945162e-02,9.388640485662504975e-01
1.329031610241100947e-01,1.191994039222341595e+00
-1.497776610032760081e+00,4.754448907318320483e-02
-5.526181958533640248e-01,2.398337065638101173e-01
-2.607478830215780724e-02,9.197970891899907020e-01
3.967798919216785070e-01,1.022943982598878643e+00
-9.745103117005589066e-01,-2.936350928985295150e-01
4.416603476102756026e-02,1.007265344255689810e+00
-2.325120535302192537e-01,8.269619209080665279e-01
1.009374256950816423e-01,9.887378839922295048e-01
-8.597606922925904449e-01,3.149238274210795080e-02
2.247038194544802303e-02,1.202089785092357754e+00
-1.024860434777137286e+00,-1.094553174720861444e-01
-1.081894394678245552e+00,3.488290001100514681e-01
-8.487804013712383355e-01,1.837152660496571555e-01
-7.534064421154058888e-02,1.203532518834932619e+00
7.131783654812376416e-02,1.139226577537191254e+00
-1.245658486561779021e+00,8.006470092681262918e-02
2.676217103918716589e-01,8.559481077490893597e-01
1.125396140512023996e-01,8.641389035381290551e-01
-1.180630807668169968e+00,-9.142972804475882342e-02
-7.986854220128181137e-01,7.609920732913534325e-01
-1.381716496095050095e-01,1.218305697069715032e+00
-1.295474190954539528e+00,-6.424935883756227595e-02
-2.065891185527483631e-01,1.144516516391759886e+00
2.172481900676723546e-02,8.196541182811141191e-01
-5.273599255448560008e-01,6.822981944050229841e-02
-9.737963760528831614e-01,4.428886920921676351e-01
-6.915815311398344767e-02,9.143822483496704123e-01
-9.871661847620246677e-01,-9.795170351615008209e-02
-9.673279216420813675e-01,-3.725055925220174813e-01
-1.109222544557842971e+00,-3.560970375848841463e-01
-2.727669666556359340e-01,1.160612048339740188e+00
-4.119735920556166220e-01,1.468619578500817369e+00
-1.157770296166559687e+00,4.184086766421869774e-02
-1.059546099276092557e+00,2.725271250366326781e-01
-9.295359338797626325e-01,-8.518443050274816797e-02
-1.072624690157999883e+00,-8.103399850307495267e-02
-9.379005018770418811e-01,-1.788821964419760602e-01
1.125945428235217427e-01,1.130942304847097457e+00
-2.282044931773280216e-01,1.010701509419194233e+00
-1.295879717353827010e+00,-1.927463005673868968e-01
-2.705340180182315146e-01,9.991536789505800487e-01
-1.143598126768218481e+00,-1.456099230299297831e-01
-1.027408882615242991e+00,3.436537615917210076e-01
-1.287260573102076755e+00,2.293742906182676122e-01
-9.454031317063884554e-01,1.899136665516202443e-02
-9.093615128679977122e-01,-3.006512415933674798e-01
-8.962105816612578879e-01,1.308088759121469602e-01
-9.847126871009070914e-01,-2.034360378313177231e-01
-8.697014514781338246e-01,4.128012829713949561e-01
1.352241802354521745e-02,1.386578069402927493e+00
-4.308198468799891157e-02,1.333499211247017868e+00
-8.343134800286501340e-01,3.013984833063231283e-01
-8.710646380848802162e-01,1.962035507749859964e-01
-6.383077349579781290e-02,1.000192453720178065e+00
-9.099160723616350754e-01,-1.780848469295585601e-01
-1.147967423914496354e+00,1.177656933861820909e-01
-5.220490462716749214e-01,-1.496904567810313225e-01
1.591562203917405022e-02,1.105631570697672705e+00
3.971779901669054286e-02,1.381192278818426322e+00
-2.538432772108328850e-01,8.526711550927008609e-01
-8.799811405819895072e-01,3.721935738659730430e-02
3.310767533853568173e-02,9.541477279599054340e-01
3.514267675023816095e-01,9.978153864831307285e-01
-1.764866456386999030e-02,7.029211359892004740e-01
-9.434165838949830629e-01,4.996765417998432768e-01
-7.274538823497572748e-01,3.612725340623516024e-01
-9.975907798804428683e-01,-2.932675619546383228e-01
-5.120208774925278927e-01,9.747983576815419937e-01
-1.042620821215145543e+00,-9.107563549534074265e-02
3.917193664796043695e-01,6.869417446807604133e-01
-1.135231913616628008e+00,3.430455270257229405e-02
2.740281523713838929e-02,7.287946991055698209e-01
-5.657081223252409252e-01,-6.237039742415153437e-02
-1.014233268583273562e+00,-1.650537124970555547e-01
-1.005145730303106388e+00,5.825596652731371838e-01
-8.112054817249956251e-01,-6.720020320618472209e-02
-3.224048015296829828e-01,8.299498295939169434e-01
-3.870008900839710941e-01,-1.100143998225913550e-01
-3.145628104136036218e-01,1.261426224425742149e+00
1.905955128182374933e-02,1.305210616090789921e+00
-8.847340663354921197e-01,2.265582060296565392e-01
7.187023757778362998e-02,1.103889500174264127e+00
-9.755675610106040452e-01,1.549390327152481706e-01
-1.052130573139839376e+00,-1.315099358960649667e-01
-8.924116793160917771e-01,2.188684655546590530e-01
-1.122190496259756864e+00,1.235718914092747284e-01
5.392729153951129201e-02,1.321550436255378491e+00
-3.330899471973262638e-01,7.168870448471362788e-01
-8.759601156824838031e-02,1.127380747373255110e+00
-8.513017178764090698e-01,-5.713933215032247770e-02
4.577071907627514591e-01,1.234589906956049754e+00
-1.588289192846053632e+00,-3.370301695930285057e-01
4.710617710659779078e-01,1.264326273636635189e+00
-1.353837445767422654e-01,8.676601234810530361e-01
-6.704700980859050752e-01,2.208155653054883621e-02
-9.324747746528102565e-01,-2.587288235517210544e-01
1.575726749484771261e-01,1.182093372737900605e+00
-7.143877141278613674e-02,6.593138235538406056e-01
-1.183240250135286775e+00,-1.004568465391109250e-01
-1.243984748325769552e+00,-3.685320804110838733e-01
-1.062870838704903731e+00,-2.172232678313697207e-01
-3.270626079274611964e-02,1.187838392627425188e+00
-1.025377963614326982e+00,-1.050694388396341272e-01
-5.066862506614142614e-01,8.301137813125131215e-01
-1.044594452413301067e+00,1.469669316677580384e-01
-1.063757822701274725e+00,-1.035312830625575997e-01
-2.671523706405352083e-01,1.298625112898986078e+00
-1.306060718613890614e+00,1.966310232720812901e-01
-4.609705690924606469e-01,5.990442680926060248e-01
1.572358868806832399e-01,7.742391350057399313e-01
-8.454803743944905303e-01,-6.016167191181577556e-02
-2.452065444578044873e-01,6.225718699439475312e-01
3.586230007286671934e-02,8.804106535154376800e-01
-1.743373515331980150e-01,6.505183165327204087e-01
-1.123468793589535775e+00,-3.032133264707499998e-01
-1.325332439865245737e+00,7.837520101443516685e-02
-1.660201399670328259e-01,8.929645167668143202e-01
-9.898658903211435822e-01,-3.979394637154336223e-02
-1.160771586165248781e+00,8.381875656990352141e-02
-9.298756826036481682e-01,-2.031000304114488064e-01
-3.996870573123661313e-02,1.115599699633373021e+00
-9.692443140977075045e-01,-2.141290637732547880e-02
-6.812552112006735328e-02,1.457220483230009300e+00
-7.605391325114012613e-01,8.017179877490794582e-02
2.723917127780432768e-02,8.218815425059700086e-01
-7.260330126375726945e-01,-8.482740354700850360e-02
1.044696017538300145e-02,1.170504198401690621e+00
-1.065292197849122102e+00,-5.496238124131892777e-02
-1.332053233765051692e+00,-6.673185949079782353e-02
-2.835820233349612418e-01,4.093342917193197872e-01
-1.095797205760690840e+00,-1.533241205755951353e-01
-6.062313415692524576e-02,1.279140485980465147e+00
-9.704060056224804720e-01,4.409922597801813060e-01
-1.416933875047276803e-01,9.545177884469975282e-01
-1.951665851963794163e-01,1.135884851680373453e+00
-5.207390984739970197e-01,1.474497550309141480e-01
-1.150738273548142648e-01,7.289666783744681577e-01
-6.966067572646797990e-01,4.448295162149352305e-02
-8.263559892261106432e-01,2.150918526606535874e-01
-9.033750928673962566e-01,3.071390986250174260e-01
-8.475428512993303798e-01,2.196149424378833481e-01
1.606240700525865539e-01,9.409740426317020345e-01
2.160203334130382513e-01,7.697967802283762762e-01
-8.538258233893578630e-01,-2.889428001299128579e-01
-1.400813565214654943e+00,-2.579311517234320061e-01
-1.006647577499567126e+00,3.742187576818964412e-02
-7.888460948764326464e-01,-2.469033240588710820e-01
-1.190878950356992760e+00,3.852900436487951552e-01
-8.657698108436270301e-01,1.086073563297626832e+00
-1.098367067421177845e+00,-1.914890531246346839e-01
8.151811316736342142e-03,1.154346268898238659e+00
-8.918822103423801329e-01,1.441983830940057054e-01
-2.319213899958818825e-01,5.955907627292975626e-01
-2.498429585631703476e-02,1.144957912955022250e+00
8.776455795496225509e-02,9.472773534725422717e-01
-7.281355308903345591e-01,3.852661581955219017e-02
-9.906089813305382075e-01,2.203906384183641071e-02
-1.329615666168242560e+00,1.948847437394150284e-01
-3.133759938806346401e-02,8.662536072803124210e-01
-9.911248478851418797e-01,1.742139329892261057e-01
-1.188098464380979546e+00,1.402348336850555433e-01
1.842735543366022244e-01,5.182720589249831811e-01
2.973624216252504851e-02,9.448355542976345500e-01
-1.213793590662872290e+00,3.764090640857580272e-01
-3.020106047944554062e-02,8.827871782849672222e-01
-7.658610241467754820e-01,3.327428312152383993e-01
-1.193376179327811704e+00,-4.705237384637244724e-01
-7.529289463680927108e-02,1.049045781789986309e+00
-1.313111859078924804e+00,-2.173596119985116981e-01
-1.885370730211512191e-02,8.876957276045617240e-01
-1.121116777680005505e+00,-3.066033041179158647e-01
-9.150624257365283509e-02,7.636074341066944049e-01
-1.237121402477054932e+00,2.810453108327071181e-01
-9.367568484161439279e-01,-5.060169028952662962e-02
-1.137210688183046159e+00,-3.633853997865622576e-01
1.189164314002409129e-01,9.807963910895387549e-01
1.280478470406099800e-01,8.292290610049406485e-01
-1.099608067108505116e+00,-7.202562131885544006e-02
-1.158237601535974992e+00,-1.345923310411008267e-01
-2.909095136682052218e-01,9.473510963395048723e-01
-9.559865217993720465e-01,2.446981755386135882e-01
-7.289008471904380171e-01,2.956829205739093247e-01
5.662215948212658001e-02,9.650585205913386755e-01
-7.837477840735181944e-01,-3.364807361186851753e-01
-1.121823654432315687e+00,-2.206796481510519548e-01
-8.631342497609371112e-01,2.173639187537612372e-01
-6.695467518937910922e-01,6.804809650925713882e-01
-4.263486737634224477e-01,7.424674597679559174e-01
-9.813593264850013487e-01,-5.625765256111877610e-01
-1.013956938376472827e+00,4.884484019162082524e-01
-1.049533639212512304e+00,8.457809573702838868e-02
2.791298835042657633e-01,9.236665237639167803e-01
4.022005125865030783e-01,1.050917196488637906e+00
-1.120227939267659956e+00,-1.299060440092665303e-01
2.592941042497208248e-01,1.145049109230146245e+00
-7.216761663669787885e-02,7.998425594758570289e-01
-8.221269515667337657e-01,3.133143293316265066e-02
-1.410026612610008723e+00,5.622589611227853806e-02
-5.096242373855459640e-01,8.780258635471497319e-01
-1.264290443967841959e+00,-3.868244014812409204e-01
-1.003820458164920604e+00,4.452011219823672761e-01
2.111909224865898549e-01,1.069873235506769049e+00
-1.390197387302295251e+00,-8.306120363783256466e-02
-7.975819843071745296e-01,-4.254209325837159383e-01
-1.713778353260186016e+00,-1.567988729045383112e-01
-5.963253582367703531e-01,2.701622888362520958e-01
-6.760838384374683319e-01,-9.862859956241104564e-02
-1.081102887428829762e+00,1.120058114035655649e-03
-4.127359622543638751e-01,1.088726471199283230e+00
-1.092461889396104002e+00,4.271504074746756280e-02
-6.165981306709639176e-01,4.646453885594336586e-01
-5.189841098180563578e-02,1.109183487214375985e+00
8.205344071246886695e-02,1.285436026433127932e+00
-1.895396780374261902e-01,9.808829209276616057e-01
-2.864509053387845894e-01,9.082598068299597704e-01
-7.916112458491881831e-01,-3.914756643135762493e-02
-1.249079584341291405e+00,-1.233551210018174124e-02
7.929476110487995721e-02,6.618891264686017628e-01
-1.415390344171743864e-01,9.295137058487495940e-01
-9.274413029483465909e-01,2.392445662665824424e-01
4.654317125404747180e-02,1.074336819586614533e+00
-7.722020189024759729e-01,-1.683003426644184009e-01
-1.900194459583310902e-01,1.449830434633250675e+00
-8.695890879811105645e-01,-9.515960801731426430e-03
-9.784538304545302712e-01,6.908582269574194135e-02
3.419087414737783659e-01,1.478320337585022681e+00
-1.224595144254115864e+00,1.512529567305704314e-01
-8.106994506933558053e-01,-1.492135227950366072e-01
-1.111598910019104824e+00,3.906977215100919387e-02
-7.069595886719628464e-01,1.024557520375584813e-01
-9.195765884372837373e-01,2.097797712363079839e-02
1.078458677189467751e-01,1.435167207410010359e+00
-1.017199204434548365e+00,-8.027836069253123374e-02
2.091933362414371833e-01,9.474171322735611689e-01
-1.079628026756425108e+00,-1.973144978060192012e-01
-1.047667064959567185e+00,5.748917417627060628e-03
-2.093047091611295873e-01,7.945632380236068437e-01
2.871831439946880005e-02,7.881441478995536709e-01
-1.426594028703711325e+00,-1.780383084681141370e-01
-1.191876542364921077e-01,9.918396826270226008e-01
-1.320531166963966330e+00,-6.207153051227554119e-02
-5.462926441235735342e-02,6.670788592137839590e-01
-9.562677949663430654e-01,2.353937970365423404e-01
-8.608763897009429344e-01,1.268243136733187837e-01
-6.893069709622176022e-01,1.438747534289283037e-01
-1.253846527164555580e+00,5.014046361937508217e-02
-6.635421637390110927e-01,3.887851405676501920e-02
-7.699800389802006206e-01,2.792031237214634420e-01
-9.903357393706797573e-01,-2.204055299738449103e-01
-6.142994129675481002e-02,8.443466866235974644e-01
-9.343083640559693981e-01,-7.013768493334786303e-02
-1.368689618498311056e-01,9.650408887085344389e-01
-6.623622171773033696e-01,4.937866511218255835e-04
-1.228317511549334995e+00,-2.140719251668571355e-01
-1.078092705465024670e+00,-2.122191369032387920e-01
-2.589146210419847050e-01,8.637967298724097409e-01
-6.686095749262112031e-01,-2.916127106806458702e-01
1.500452795328461875e-01,1.299065355342007511e+00
-3.802351915212413003e-01,9.672446231659466154e-01
-7.023569614846620901e-01,-2.322998258714833453e-01
-9.033672954231533048e-01,1.749501503081503026e-02
-8.590239550945978353e-01,-2.306519824286881737e-01
1.062796628190583320e-01,1.086187696012648640e+00
-6.744886487751494686e-01,-2.032812745161347856e-01
1.888898204345936249e-01,8.287241919852064154e-01
-4.300154102935437872e-01,7.615779227633208137e-01
-1.540954291647594010e+00,-2.501461370804541895e-01
-7.931825453056880193e-02,7.130072201376536078e-01
-7.443214741372159438e-01,-3.679280731341669775e-01
-1.068677589950911999e+00,4.489840299030687931e-01
-3.951491971545136733e-02,1.026194214956672734e+00
-1.085883361550062931e+00,-3.077373931229953619e-01
7.897524094552901483e-03,1.330191181326725314e+00
1.230143236698340997e-01,9.893223246912543622e-01
3.706083042303140451e-01,4.821513456601559389e-01
-9.646188013953602702e-01,-8.405605088303652606e-02
-6.268899908852350322e-02,8.809787783677286432e-01
-1.233354732652611085e+00,-3.726654496730360533e-01
-9.263286103339379851e-01,-1.385437763574457193e-01
-3.304984960992905785e-02,1.036032047751851426e+00
-2.367568647886292565e-01,1.167578445627919237e+00
-5.159059855910592685e-01,3.396826694896414867e-01
3.300126713578876297e-02,1.163745029575257828e+00
-1.008252841945970424e+00,1.918827070007431135e-01
-1.089964592312949954e+00,5.586651547499350140e-02
-9.774598715396816129e-01,-2.006383287795887871e-01
1.697364557826922804e-01,1.012955113675225505e+00
-1.391535803324430998e-01,1.334619588114752009e+00
-6.282335967624776973e-01,1.097324820135872070e-01
4.248918644280961221e-01,1.081131196646144987e+00
-4.250143990959381890e-01,-1.893143822034619728e-01
1.641459494972291600e-01,8.947293009298613597e-01
1.799924503908411633e-01,1.228970548251439698e+00
-3.499088888274599074e-01,7.393612475383841698e-01
1.515967515283784539e-01,8.923301532978414885e-01
-1.065032687825474111e+00,-5.104740415544774257e-02
-1.214837882312246542e+00,-2.148209401295495414e-03
-3.133873879302383481e-01,1.228147520762468692e-01
-9.393849171060860703e-01,2.446705012636191112e-01
1.834439145500317558e-01,1.296502313537068130e+00
-7.575237313897108526e-01,2.636158939128647738e-01
5.007633220607220492e-01,7.360637095046609346e-01
-9.016651148123251414e-01,3.193390254650811944e-01
-1.025487696675345672e+00,-1.020389682533891368e-01
-6.030321161211135150e-01,8.192286340991922211e-01
-1.131896369276546466e+00,1.998565263322542584e-01
-6.941037955049488006e-02,1.294100313333546026e+00
1.176304766550836933e-01,1.357523774360490210e+00
-5.851850927482881159e-01,-6.071789204110372706e-01
6.088509136330111371e-02,8.695618231751597316e-01
-1.223948429157106110e+00,-2.710686068649931224e-01
-1.008112008685663419e+00,-2.751395363581088382e-01
-1.218181709173753902e+00,-2.375002505425347910e-01
-1.255287102689658152e+00,7.095554839972912919e-01
-7.294876616490959531e-01,4.199667287512796054e-01
-1.185083476544291026e+00,1.937378788893021897e-01
-8.959422888815770092e-01,-2.723888739280818094e-01
-5.915905337917818502e-02,1.494682818812342440e+00
-9.369040844312620520e-01,-1.518949634481713551e-01
-1.204863868709867836e+00,1.621247156443454129e-01
-1.108476006939306702e+00,1.253126509061673610e-01
1.192050530831905431e-01,5.891137079702485346e-01
5.145154695093658859e-01,1.068718168008564229e+00
-1.208326575346271525e+00,1.327809132165996553e-01
-1.235358308991537868e+00,2.458434457750751923e-01
-1.278960213098318199e+00,-6.517572462428178337e-02
9.947523716167815111e-02,1.160527752684398894e+00
-1.719917572395430194e-01,1.183515634794287230e+00
-1.098383542682532799e+00,-4.297687574015958689e-01
-1.339098612152139323e+00,-3.713806632990920287e-01
-9.285747222301288240e-01,2.702559326729549460e-01
-1.104480352288747413e+00,-2.522658714190901749e-02
-1.163850597879785731e+00,2.813752495059561667e-02
-1.279667488104963002e-01,1.082592393292943100e+00
-6.893686651298818191e-01,-1.769090497364575465e-01
1.752711896388118307e-01,1.275913347893888439e+00
-9.283300425983814774e-01,4.174286631425507266e-01
6.231710538652764919e-01,1.403734857155078286e+00
-6.757671935896352178e-01,-1.521149904393303276e-01
-1.096438698401414058e+00,1.160101615369676376e-01
6.095234870682995909e-02,1.076682967792339074e+00
-1.200881623726340441e+00,-7.189919921259951829e-02
4.992741740362726111e-01,1.181099067730982499e+00
-1.407737858684932508e+00,5.915242468907139922e-02
1.946280256109247653e-01,8.761241977594359520e-01
-3.014330781897364697e-01,1.007442048938759882e+00
-9.612363385020100681e-01,-2.616050155291759771e-01
2.562490507291708686e-01,1.023206350204445503e+00
2.596646496822990202e-01,1.241653346001078351e+00
-1.219379993489567049e+00,3.669859342728219453e-01
-1.153553157749447999e+00,1.889329130230781306e-01
-7.644145277365692603e-01,4.090555164027097519e-03
-4.490023802281714604e-02,1.131492454042438478e+00
8.163359737771465341e-02,8.104931208015202504e-01
-9.991304569199831453e-01,4.969431839696758502e-02
-9.941988624253779161e-01,-2.907487980608021716e-01
5.750610785244776590e-02,1.355869015038781988e+00
-2.190627434617971048e-01,1.085903175518396768e+00
-8.564523918804912705e-01,4.301836120739903346e-02
-1.151546093695299033e+00,2.002341215608902658e-01
9.476602851433485464e-02,1.182706354950958660e+00
-8.225140957445294942e-01,5.683106912080082562e-01
-3.077631759983652168e-02,7.720126636549227150e-01
-2.520499425743428223e-01,7.321857841245114074e-01
-1.255577106454588865e+00,4.336517942459389846e-03
-1.125881408084480784e+00,-3.759494527290936361e-01
-1.110972977066495782e+00,-3.745671019476489172e-01
-4.043494378265610201e-01,1.061438697269900366e+00
-1.102340889440187155e+00,4.176719178252744635e-01
-2.202458114930857247e-01,1.092850861987213706e+00
8.329221046814329343e-02,1.032107350100295085e+00
-1.237173520144972727e+00,9.461055401141961474e-02
-5.640254777725516033e-02,1.081670180960090821e+00
5.481277910223050220e-01,6.720549594886887634e-01
-1.710132560135098068e-01,1.159391818217331283e+00
-1.195127837769383028e+00,-6.361869091118611819e-02
-1.079382128325210521e+00,1.265404449986538282e-01
-6.328528248216132024e-01,1.959639638229044856e-01
-1.189092409782911197e+00,3.609727628198696695e-03
2.433161180627242959e-01,1.041550165063240607e+00
-1.149869352041765769e+00,4.372034081321078403e-01
-1.240009434440421110e+00,-1.224471913532342859e-01
-1.097313643086697876e+00,2.381220383624839121e-01
-1.236670157816334825e+00,7.955356636378034529e-02
1.573464587834559961e-02,9.607837348760389640e-01
6.110777991926885644e-02,7.365867449589205140e-01
-5.901996617624118979e-01,-1.136108297881121137e-01
-1.393847589757218619e-01,6.651994844341133639e-01
-7.734864443775437692e-01,9.352414998023018955e-02
3.731497930852350348e-02,9.391890860447870137e-01
-5.726712746905614493e-01,2.362709186212321733e-01
1.823329517466220073e-01,8.669967953454071896e-01
-2.572516972213321207e-01,6.440858387062541324e-01
-1.807258533813524137e-01,1.110839516325427212e+00
-8.678627468768402853e-01,3.019952663753803224e-01
3.551399959305916454e-01,1.060738004701321513e+00
-1.167326209210127752e+00,6.849377696896219447e-02
-8.073691784040686048e-02,8.756367940982379139e-01
-1.369685015870909517e+00,7.607640946515953351e-02
-8.725815287562543876e-01,-1.600154000859340675e-01
-8.900745922322237380e-01,5.595071406945878977e-03
-3.412057821887505282e-01,1.355348737701319806e+00
3.380162839587260160e-01,1.291306956716699261e+00
2.424206541757718825e-01,1.011120522461214088e+00
-1.083174218980903492e+00,1.617255694725679982e-01
1.913289563421741168e-01,1.231036690880525031e+00
-1.048888483416421380e+00,-1.354411751464039415e-01
-1.285874029604589186e+00,-2.306162131163805029e-01
-9.620979982131442343e-01,3.486641184652423675e-01
-9.464735110332581636e-01,-1.321601731268170488e-01
4.062789628570883660e-01,6.590044728870831925e-01
-4.399622942985187968e-01,9.568899081761818026e-01
-1.213398277810598808e-01,1.284010423023747904e+00
-2.477057396282268675e-01,7.747088750974969740e-01
4.729358556221990861e-02,1.324002958896377535e+00
-3.241997620020144188e-02,1.177014743083784509e+00
-9.035637556523762326e-01,-1.620386916172348868e-01
-9.160757234507878044e-01,1.586251545153456455e-01
2.068986760739549569e-01,7.511477271390474275e-01
-1.006203639622535340e+00,7.202744395949178813e-02
-9.582857326854637980e-01,-1.810954008818363437e-01
-1.055308657691375052e+00,-1.187169772667338169e-01
-9.268941903564138496e-01,-5.706280139893136344e-02
1.142096379238845272e-01,9.207334353387154335e-01
4.566775125039399669e-02,1.076625671228347736e+00
2.069008898996027579e-02,9.945812824425340759e-01
-2.313171127465392038e-02,7.970903498353515415e-01
-1.065495430173662772e+00,-8.360829809743267060e-02
-4.186404960667316003e-03,7.812689013723527198e-01
1.654081832444215250e-01,9.075208895856550217e-01
-1.043480459082826162e+00,-2.289261282081819227e-01
8.694452367399566062e-02,5.044685764990968213e-01
-1.206100994394741166e+00,5.076143108427637607e-01
-8.114536445824318545e-01,5.792028120867780822e-02
1.565394797378396596e-01,1.097259695595917739e+00
-1.250466850931843676e-01,9.761032177324943104e-01
-3.607024008743163201e-01,1.148769897222792435e+00
9.730803305799720290e-03,1.209278986793215438e+00
5.615824253526337934e-02,1.045972640634660777e+00
2.652436765839216171e-01,1.063766083458418610e+00
-7.002100702228295503e-01,-1.651856810057711344e-01
-1.202084069667180399e+00,4.258286437699028704e-01
-7.405258528991632838e-01,-7.228822505084123162e-02
2.083881380465203020e-02,1.081624888021625930e+00
-2.109430401014155965e-01,9.055780256496600567e-01
-6.143830826834300457e-02,1.391776198428702038e+00
-1.255504290962918268e-01,1.010390447592962593e+00
-3.440446771378988244e-01,9.532023204836329588e-01
-2.233089741620532809e-01,9.312724709856047278e-01
-8.801083472628975501e-01,5.499948481121084143e-01
-1.112152413148461250e+00,-2.027561200348273196e-01
-1.117628300896823301e+00,-4.614997166460342581e-02
-9.272021644010205454e-01,-2.004040237231146937e-01
-2.151896756160636970e-01,6.546111173650519532e-01
-7.609071156047504392e-01,-1.598833708254404629e-01
-2.466375398936028196e-01,1.124271013483102211e+00
-7.451328915371128181e-01,1.638505841146002395e-01
-1.142227799990991999e+00,-3.286332738659096808e-01
-8.766576549091889548e-02,7.658358598088030877e-01
-1.266560511540648193e+00,-1.091072014582390171e-01
2.253952911421416572e-01,7.202063609177983272e-01
-7.715446739347634475e-01,6.627880548473182032e-02
1.940742583705629479e-02,5.758597655762428547e-01
-6.487638314368131542e-01,1.587328954642698020e-01
-1.259423372219774073e+00,-2.060002561134715027e-01
-7.383977090552054090e-01,1.776973864633921707e-01
9.868143782856984847e-02,1.105253727201422453e+00
-3.680680422080555292e-02,6.403001087944433234e-01
-5.069534990647000389e-02,7.585223649430167248e-01
-1.160578915481579099e+00,1.615549550871582529e-02
-1.019560892590510637e+00,1.256329816576364222e-01
-9.492991617182300335e-01,6.594701888152781910e-02
-1.017327416704447041e+00,1.374807785157571016e-01
4.033455117191158679e-01,9.374580435146926405e-01
1.367344878230461191e-01,1.122377397320468040e+00
4.713470146369089786e-01,6.734747600188416561e-01
1.419682843537067030e-01,7.691022120218891089e-01
2.976947004191178303e-01,1.255766823733788673e+00
4.772165744126762033e-02,8.132851821914325319e-01
-7.414811293946919069e-01,2.681786757282601519e-01
-7.956293223175017193e-01,2.876122653368154425e-01
-5.343160800185758896e-01,1.057174357439703227e+00
-1.164112211160023058e+00,-1.396683330298709724e-01
-2.665596864316034376e-01,1.061936538433609467e+00
-2.542558321236788599e-01,7.169559511977656729e-01
-1.593710556678854320e-02,9.329821119722065959e-01
-1.204889156401085792e-01,8.530498396505280523e-01
-2.709640995090794036e-01,8.790169766765442150e-01
3.168229963500815982e-01,1.003967151713692108e+00
-1.005592750063980523e+00,5.964442601511467101e-01
-9.544700080531789421e-01,7.858289481123578724e-02
-2.110718587382821310e-01,1.256618194143922285e+00
2.406775707461431824e-01,9.466625307898866026e-01
-1.300743188683120222e+00,9.222183565300713648e-02
-1.102428876857108220e+00,2.839031584452163526e-01
-1.238735284047903118e+00,2.553917162920465479e-03
-1.336401020901292869e+00,-7.454293942752454605e-02
-3.033346068222758096e-01,7.998178795301168487e-01
-2.636603300477099454e-01,1.419788944764476479e+00
-1.180596983831047497e+00,-8.789964547274518869e-02
8.628130103932091233e-02,1.209745972434921324e+00
-7.632593768341162654e-01,2.193980121185805932e-01
-3.095573700985658830e-02,1.187940735117158919e+00
3.441122388936508347e-01,9.162791604090304576e-01
-2.209561439026637431e-01,9.441826475984814726e-01
-1.104379908543445810e+00,4.926394787748369225e-02
2.246364968331820977e-01,9.832921424533553889e-01
4.688539709135132738e-01,1.276757697182776763e+00
-5.487117966057777907e-02,1.097836042379561894e+00
-4.164072282882477771e-01,1.017813530742971651e+00
-5.035837328064806523e-02,9.933532017156724292e-01
-1.526046369574846906e-01,9.293693269403844326e-01
-8.641273804521403257e-01,-1.017693341364399040e-01
1.214471222164950348e-01,6.781096364362024786e-01
-1.036271329248716899e+00,-4.619484851489726318e-01
-9.223199693726880088e-01,1.460784502090987369e-01
-9.340928555137425482e-01,2.181782395086823839e-02
-9.270835594850460604e-01,3.407322496439971204e-02
5.530087380703759825e-01,9.133466227509386970e-01
-3.710959305427113941e-02,8.951664454596953702e-01
1.283641829534050982e-01,8.817399890982372535e-01
-1.256056335776162269e+00,2.695995932079172097e-01
1.179520729285073455e-01,1.211123722163895522e+00
-8.153532119593620564e-01,-3.441510581693716930e-01
-7.326332100917964940e-01,2.507078166033622213e-01
3.860711631630367457e-02,9.546623422748344856e-01
-1.271021772385196424e+00,2.004636107944520462e-01
-9.204536332651045427e-01,1.546787070391919261e-01
-9.357992032339498278e-01,-2.795293078139041154e-02
-1.526415989762331532e-02,1.065114890760203048e+00
-1.547708944517897089e-01,1.240528335829261586e+00
4.800684855409081409e-01,1.246223333967588776e+00
-9.401740294676038667e-01,2.753718132635292193e-01
3.575427063435003827e-01,1.282372659171355345e+00
-9.492563863968550564e-01,-8.008269876014249833e-02
-7.708716470711738378e-01,6.698690689515170160e-02
1.510332921695418940e-01,9.225143896650154218e-01
-8.621183020380089879e-01,1.991369692490095045e-01
-2.701158588082460538e-02,9.645619463964119067e-01
-9.963528533531970099e-01,3.895685831480943384e-01
-1.076194746304091732e+00,-2.576343794822061328e-01
1.045413863493715317e-01,7.112602570760595544e-01
-1.115734021750969918e+00,1.465887851650499174e-01
-5.383584825094619442e-01,-1.084723336135468147e-01
-5.616846547713854054e-01,1.034165141198619020e+00
-1.973708411948113441e-03,5.125471094773964564e-01
-9.953348803392413346e-01,1.031149626149635568e-01
-1.045889676669355284e+00,-3.236443816360864284e-02
1.693178628269088049e-01,9.813912614967699177e-01
-1.494850267210807271e+00,3.304363246451200165e-02
9.148234549718459174e-02,1.257676337960026203e+00
-2.082601210244865442e-01,6.734568546818777701e-01
-3.403526301746068738e-01,1.073330368292088277e+00
-7.700568302671377541e-02,5.908014250838419246e-01
-8.434474586939176843e-01,4.810387153118167447e-02
-9.696198056726502701e-01,-1.616982216261026173e-01
-4.448461291447163707e-02,9.963720873807710987e-01
-1.091819779388330858e+00,2.210070327028428872e-01
1.320474381629413996e-01,9.674047830083940536e-01
-7.517759548560092042e-02,7.933860157831370552e-01
-9.527462732376644483e-02,1.064136357326131543e+00
3.046272695743946213e-01,1.061421862068685495e+00
1.892489758630420682e-01,9.991475607811498572e-01
-1.306656466702208252e+00,-2.184036707627115270e-01
-7.592880921756597346e-01,4.216834437527358648e-01
-1.313930994063111868e+00,1.869411096754220736e-01
-1.157608104576218322e+00,1.461099503328300818e-02
-2.138634030892483107e-01,1.431128846105316654e+00
-6.170160309515007047e-01,-9.549139024194301661e-02
2.194238923666420871e-01,1.031203147399155196e+00
-1.130304127852300278e+00,-1.548977809658546589e-01
5.857519772576031541e-02,8.214965801336404638e-01
-3.679745527070611422e-01,9.443757446733813676e-01
-2.845670685553057244e-01,1.108551316166834111e+00
-8.501513482976911229e-01,-3.252020457948497922e-01
3.829856747707309772e-01,1.164492077157206262e+00
-1.014295891737960531e+00,-1.879532792270636188e-01
-7.748701411250189519e-01,9.542290098901030915e-02
2.685324059765381577e-01,1.023287389146698256e+00
7.868953144350955553e-02,1.131842095035882290e+00
-1.142898285785783008e+00,-1.725056132623430383e-01
-6.805519680792777582e-01,-4.546921548543900182e-02
-9.089306912188104270e-01,1.285885417210934703e-02
-1.017626977105726027e+00,-4.818150376793400164e-02
-1.347777898981538991e+00,1.087047422304456418e-01
-1.046680420590653526e-01,9.127780174319121143e-01
-2.515502200180792514e-01,8.283954525667629465e-01
2.820606586012166517e-01,1.127954103601340963e+00
1.601633141180684172e-01,1.453760686976722116e+00
-1.127134368674119091e+00,-1.894411551860293585e-01
1.130688514529656630e-01,7.784053992158057600e-01
2.767202767701603186e-02,8.645334368996854257e-01
-9.258789467532878292e-02,8.336556080635723065e-01
-8.342820860735387090e-01,-1.266257264169985963e-01
3.628432716493956156e-01,8.430578251212859087e-01
3.020562118599030010e-01,1.210567024170782435e+00
-8.479199861593755827e-01,5.876672189165182969e-01
4.283631062682325408e-01,9.627424633247234631e-01
-7.661093862428763890e-01,1.252510641709696781e-01
-1.170639286168237092e+00,3.782335122873718425e-01
1.439912550141427827e-01,1.020519552416193410e+00
5.531552496782688594e-02,1.216894345898854368e+00
-1.197483470980720277e+00,-5.735912569791749849e-02
5.454292792589565675e-01,7.832318523820900324e-01
2.913057610935266828e-01,7.431001563102832552e-01
-5.243119801188601131e-02,7.902719446369053102e-01
5.543652033636657650e-02,1.102462862104443442e+00
-8.196175622104122649e-01,2.509796721186331736e-02
2.604536491881112581e-01,1.093329574078742095e+00
-7.934210358543293262e-01,-2.115998850993048852e-01
-1.297119516055199817e+00,-1.576274811669498566e-01
-9.881798153751815139e-01,-1.334434589158297810e-02
-1.170754861396131830e+00,-3.001889269414980133e-01
-8.501173457088305740e-01,1.948684817748800036e-01
-6.952138257401699328e-02,8.360547320360781631e-01
-1.308312470544716000e+00,9.455594462040030346e-02
3.394383852117403150e-02,1.113413002493887527e+00
-1.547176415186968523e-01,1.222472037563240299e+00
-1.209847839221549926e+00,6.760606573896828231e-02
3.240711049779322339e-01,6.426305912293603928e-01
2.357004828164661059e-01,1.247458024472795524e+00
-1.146117445297126114e+00,-3.073229718861755083e-03
3.070140372199300360e-01,1.098814667085983077e+00
-3.850922984848099140e-01,7.722703868634648305e-01
-9.873418392779746977e-01,-6.279227187881773753e-02
-2.938505542733811926e-01,6.371735424161382166e-01
-2.081981522191585568e-02,7.000698204869258978e-01
2.563222431994280903e-01,7.214726763323507930e-01
-5.984101174113566624e-02,1.623798686010276437e+00
-1.094853783657999013e+00,-3.138407932072365819e-02
-1.404357159482534811e+00,-8.976954400030881520e-02
-1.189979185378035709e+00,2.081440847590275700e-01
-1.017437554122406107e+00,-2.038117424586165793e-01
-1.250283261585040773e+00,9.333468127021653238e-02
1.214571609646342316e-02,8.007494091342701736e-01
-8.347250636051389838e-01,-1.234273090813623047e-01
-2.075812791865290219e-01,8.272135528152784190e-01
-4.367133641691044871e-02,9.194478378528272433e-01
-1.055554829911295567e+00,-1.171148711493666256e-01
-8.794951264607272501e-01,-4.514693131365338924e-02
6.662139875212978735e-02,1.380588735759335384e+00
-1.157976543601995978e+00,5.715230272012646745e-02
-8.462386294467538761e-01,-8.951296363871157069e-02
8.943116069325951489e-02,1.247924361917563507e+00
-8.507116128671449173e-01,1.054863953801417065e-01
-1.332431435542472453e+00,2.814826088402914706e-01
-1.381796702487686213e-01,5.130334695339817674e-01
-1.870310080090218652e-01,1.393065102938733979e+00
-2.444588016155113119e-01,9.474948440915492709e-01
-8.970848606534134184e-01,-5.444863624284946961e-03
-1.076216296260294358e+00,6.468020982562051879e-02
-1.475304984674842557e-01,7.569199637098845690e-01
-8.296431311170135992e-01,-1.589399114741743835e-01
-1.398609238075771422e-01,1.244046436060289640e+00
-1.198407995301574935e+00,-4.420271312425311239e-01
1.324828275415933232e-01,1.314030708335431008e+00
-1.041988644789145324e+00,-2.180190019215127728e-01
-1.671084982077466474e-01,1.123519274212340990e+00
-4.298905779676650551e-01,5.911499757719256287e-01
-9.630299695079042044e-01,-1.761499093181980238e-02
-1.143679300495152207e+00,-5.228780370712049486e-01
-9.178595478939151064e-01,6.367234258715570583e-02
1.873718161204641908e-02,1.156477628021209236e+00
7.134211977025489704e-02,6.865279128770324091e-01
-1.154234416494140492e+00,5.316583398524167559e-02
-7.895154211755641693e-01,9.751697944610843161e-02
-1.577149364941756726e-01,8.279679445168788288e-01
-7.361887155844566433e-01,-3.880350316225366636e-01
-8.314448523950476178e-01,-1.732838583362544815e-02
-1.309392471367459398e+00,1.709958437278784327e-01
-6.922999778826942618e-01,-8.781519410809944526e-02
-1.059371712824335621e+00,-3.266070183973603797e-02
-1.177494526620414206e+00,-7.560686188794862872e-02
-1.095589194128795629e+00,-2.536359093769500750e-01
-1.856647440939053831e-02,4.544985762921037731e-01
-1.183468239209241712e+00,7.413461736516717068e-03
2.839916089087208273e-01,1.095237436196128122e+00
2.910061864200976234e-01,1.459559159445683152e+00
1.963384922492608375e-01,1.277617772334866730e+00
-3.012115642142529914e-01,1.172793891020787349e+00
5.183444209812465564e-02,1.239317776171009022e+00
-1.266111146281116984e-01,1.389117731371889874e+00
-9.872625225872243560e-01,1.256928401349889091e-01
2.653186808136912544e-01,8.349462739767352648e-01
3.600591786917330395e-01,1.218148431691396194e+00
-9.447807436665181524e-02,7.655764520166864484e-01
-8.573541964670078341e-01,6.685926800822054872e-02
-1.034053561764523677e+00,-3.780598711362733177e-01
-2.091372879723780165e-01,1.595576210349807011e+00
-3.086995908412943357e-01,1.297222302564336127e+00
-1.128420950788839194e+00,1.310453052623013759e-01
-2.093181394071881932e-02,8.932523844713828876e-01
-3.051877631866259876e-04,1.003321291478849187e+00
-5.759278197568819431e-03,1.019428993787895532e+00
-6.764729530958291104e-01,-1.506193422470727961e-01
-1.410979519775644064e+00,-3.058642686784481812e-01
-1.734827083700866412e-01,8.640189170448221434e-01
-6.558553690206900266e-02,1.018081600425718936e+00
-1.253323290272633006e+00,1.023794022377041979e-01
-9.576492107055947223e-01,-6.939488436317385600e-02
-1.124546829957761229e+00,-1.247504549945770425e-01
-7.182983679486185657e-01,3.589374607049879984e-01
-9.655664332132014582e-01,2.065053788087114484e-01
-9.753437752726161480e-02,8.263461973854879794e-01
-1.406003364499645913e+00,-2.409554768909370759e-01
-1.273228204024319465e+00,2.600079372108223263e-01
1.845223661049317510e-01,1.463938737817321867e+00
8.504991376726722674e-02,1.499470929901509431e+00
-1.465901636246608013e-02,7.213523777855425090e-01
1.558779856322317081e-01,6.509123792478105353e-01
2.910468123754929026e-01,9.350776229061962264e-01
-1.449929156323271684e+00,4.324901304399087487e-01
-1.280356562201395931e+00,-1.771417794920363553e-01
-1.349909588947467043e+00,-1.304637325755781396e-01
-5.171989950298080257e-02,1.057281647795558666e+00
-4.530395282512115207e-01,9.450019336628757705e-01
-1.038769882511866971e+00,-2.651211217157732891e-01
4.307083256179407571e-01,9.221624391584134495e-01
1.584556367606144434e-01,9.951769296247500174e-01
1.243772108650248592e-01,6.074979558372197719e-01
-9.462593244278454108e-02,1.173185528990978277e+00
1.215402826134464181e-01,9.233523739916152939e-01
-7.752387985129324255e-01,-1.420614355079899971e-01
-9.343743539811304455e-01,-1.536011417886326003e-01
-3.026520319782927126e-01,9.539039036706670194e-01
-1.315498964683825767e+00,-3.350599960415035494e-01
-6.792048968445929535e-02,7.874065220689623334e-01
-1.343616991915026038e+00,-2.729572558822566664e-01
-1.028880244734552196e+00,-2.794139045836502855e-01
6.548064291108711930e-03,1.101255287910551939e+00
-1.248830936861743623e+00,-5.185447749490207370e-02
-1.034830860318324941e+00,-5.399382169076408777e-01
-1.726072418359820393e+00,-1.055406060367918980e-01
-2.320386066158280358e-01,1.145299551784173753e+00
-9.469280961686741271e-01,7.212810138746912625e-02
-1.087713738623439896e+00,1.656864748028379353e-01
6.485213508310049002e-02,1.235687661637392853e+00
8.578249850286888412e-02,1.287159824614074299e+00
2.979251909542253440e-02,1.084003113618372316e+00
2.739781542740851172e-01,1.023808298371448933e+00
-4.425070122071659839e-01,1.148447947574442463e+00
1.370431182465673969e-01,1.541409746172652806e+00
-1.023500052698521401e+00,-9.369274126232260413e-02
-1.071594635560515207e-01,9.845487468446693091e-01
4.833668635372970895e-02,8.035079513085117142e-01
-2.046777168125294144e-01,1.315238829630221096e+00
1.879186591010837959e-01,9.490960468974021236e-01
-9.505944937088407765e-02,1.188612395661272636e+00
1.771017466853101463e-01,8.426924394969116383e-01
-1.992996050873056257e-01,5.043928376339840147e-01
-2.491882743664668443e-01,6.114348853099460523e-01
-8.397252277709449375e-01,-3.254610182717397882e-01
-9.255815636598350160e-01,-3.007357535903896206e-01
-7.089541667170445871e-01,4.033878218298099783e-01
9.066995272817099383e-02,1.166285288172800305e+00
-1.296326130816762845e+00,2.154066745148703610e-01
-9.191603963295900126e-01,9.117541623036205800e-02
-1.217695763139907017e+00,8.180481605754086338e-02
-7.653407985020661830e-02,8.656690533963196099e-01
1.103471824468430784e-01,9.448804339653679163e-01
-8.057709386257759787e-01,1.211085886438064974e-01
-9.953543624891446617e-01,-5.984864470706018763e-02
-1.290531471249972473e+00,1.080940611955810704e-01
-1.011690199650540967e+00,1.432165953676476366e-01
-2.433051026378591497e-01,1.038540724466278986e+00
-1.008074188017306305e+00,-3.833798382686872536e-02
-5.405762022962503632e-01,1.896515063028898773e-02
-2.136721170813404569e-01,9.530665526336181692e-01
-8.430266759706314117e-01,-8.916640865065887656e-02
1.173190726609281143e-01,1.120951086532689045e+00
2.929929634173987774e-01,1.303549418042750929e+00
3.591848714852901442e-02,9.685039443744521970e-01
-5.554443659138930123e-01,4.681400043074949724e-01
1.467142387062797364e-02,9.219271803653307229e-01
-1.182148319760593314e+00,1.477405028953788779e-01
-8.246676489131039567e-01,5.733971339042982784e-02
-7.061664780151148957e-01,5.972219346401547863e-02
-8.372864728055600114e-01,-6.399974834840349569e-02
4.210291741804494392e-01,8.594850986566432427e-01
-7.863644350167576791e-01,-1.279092754126388565e-01
-4.865725740880901262e-01,1.027390012473523351e+00
-6.764364154776003786e-03,1.185311545373723074e+00
-1.005505912702392424e+00,2.225405836116344793e-01
-3.582313234403991520e-01,8.136208808229111744e-01
-1.253931727255753303e+00,1.126388016755099641e-01
-9.506655088482552918e-01,-2.805806345101654470e-02
-1.214916664043236283e+00,2.062440184720517877e-01
-6.931615039953724633e-01,1.842987800097007911e-01
-4.119028540989052439e-02,9.213975235021933941e-01
2.222780445004598690e-02,1.366047650589399254e+00
-2.934114158447284071e-01,1.231452646016708563e+00
-1.088254471176118843e+00,5.621141554821290111e-03
1.477163208401695849e-01,7.771527243273388397e-01
2.294249445921469344e-01,1.144091816704307263e+00
5.770569164521599514e-02,1.119828321784441583e+00
-1.836895457026790357e-01,9.001296312817330669e-01
-9.656237126576836527e-01,9.544725857060261387e-02
-1.155842455746646014e+00,1.137535006313647734e-01
-4.721143200842464194e-01,1.261811248287751042e+00
-9.519667959750954811e-01,-2.621994197347657929e-01
-9.908587143940754682e-01,1.547075574786150876e-01
-1.403007127416447952e+00,-1.226919230945020811e-01
-1.020581144610602342e+00,1.245978051298315542e-01
2.416091907495104552e-01,7.491164285172895454e-01
-9.561708072466384989e-01,1.456987500775334780e-02
-9.827479817881280555e-01,2.319696612651242773e-01
-1.660491518608174788e-01,8.789325944972572469e-01
-1.120128825626686808e+00,-2.347786290677494336e-01
-1.120123732784861881e+00,-3.174217432164410102e-01
-2.484209505940903895e-01,5.978028050131751758e-01
-1.125793963269533932e-01,8.677907872695740377e-01
-1.029181286095628645e+00,-4.682793699687422262e-02
-1.397973440366415243e+00,1.146490011534971598e-02
-1.087961845136056205e+00,9.315643126248000783e-02
1.456110210042429465e-01,7.798375396823520322e-01
-1.129327729305721562e+00,-1.025708411505123069e-01
-1.219725655342836224e-01,1.416185588982556975e+00
-1.916460594242590243e-01,8.923804278061576722e-01
-9.150587897175211927e-01,2.844453977134732137e-01
-1.062991589653329072e+00,-2.358929837284946540e-01
4.599936495811264847e-01,7.212568307048148331e-01
-1.549191452366353472e+00,-4.548087566858075581e-01
-7.074232663267127075e-01,-1.100053617562998937e-01
-6.182665509737664822e-01,1.862603678145062780e-01
-1.139511377550218585e+00,-4.200256029080367409e-02
-7.574124214357755847e-01,-1.306738645429360579e-01
-6.334854214284761920e-01,3.201287123356044706e-01
2.351330814771275535e-01,1.212049942512980483e+00
-1.361288261029151236e+00,1.617804619047690795e-01
3.920437215535964581e-01,9.821586225827021455e-01
-1.221603596651844592e+00,-7.547598877776104387e-02
-7.192497031418697562e-01,5.733602057619276993e-01
-9.456703266126091911e-01,-3.097902280736837197e-02
-1.135240690035699052e+00,4.635954384427296016e-01
-1.226327369901866415e+00,2.370053807049369576e-01
1.982153536726056209e-01,9.314682213167818636e-01
3.080244224660163010e-01,1.247321064040585403e+00
1.599591412567814841e-01,1.084325200776122600e+00
-9.227074083180915043e-01,5.509378559636336076e-02
-1.435884854969069202e-01,1.093503147640686457e+00
-1.242722939448854258e-01,7.389146036136740037e-01
-1.357028051584044936e+00,1.884626819016434751e-01
-1.340676066113320741e-01,8.709024847279184245e-01
-1.489921849099057893e-01,9.769634234522085459e-01
-4.692922025457984536e-01,1.081880512303464270e+00
-7.616628084854728531e-01,-1.213308114788410608e-01
-1.249558047933935656e+00,-6.151282611031497205e-02
3.207125107071304160e-01,9.784459507060643269e-01
9.658449723290668185e-03,1.093434368599939033e+00
-1.148849341593758844e+00,-2.687503964303028514e-01
-8.402185154709712611e-01,-8.796696160124570230e-02
-6.382350425636422464e-02,8.586579483449477967e-01
-9.910286346664655133e-01,1.356025475765569310e-01
-8.064032190321559490e-01,4.725710916590273453e-02
-1.057048188020986101e+00,-8.309428327133688841e-02
-8.703886990956948289e-01,1.681538827157257332e-01
-1.050559773862507207e+00,-1.291099331794635097e-01
-8.320997033093142647e-01,-4.628787924574775947e-01
-9.589539976956709122e-01,1.344288169366116004e-01
-7.380189632759792673e-01,-5.953085420610490508e-02
-8.599599152069450358e-01,4.234407458515820344e-01
-1.291588656908426724e+00,4.269114013007064279e-01
6.481831285188194292e-02,7.438179242610915010e-01
2.171366897573103472e-01,8.986500363792320201e-01
-8.892251702784265133e-01,1.801263167591505843e-01
-1.083265593036507740e-01,1.160629342219862359e+00
-1.134814013712113212e+00,-8.114734499917150568e-02
1.772748087037446241e-01,1.252168781019847188e+00
-1.303083248540022110e+00,-1.823187194858819637e-01
-1.204942691035375546e+00,-3.378180106117205650e-01
-1.142225992047496197e+00,3.223142796619976047e-01
-9.042863511053076397e-01,2.402688829775951884e-01
-1.278799428573917707e+00,2.985447035725762310e-01
5.587816583003754611e-02,9.954609096462299078e-01
-3.316097504744477953e-02,5.476181681086016440e-01
5.937870518915238510e-02,1.002393997377151180e+00
-1.100104885173289304e+00,7.775277511897207838e-02
6.106289539002084793e-02,1.193942569815049426e+00
-9.164181227664570939e-02,4.075430315264532144e-01
-7.670282583976321122e-01,8.331970353058607004e-02
1.438263281280311445e-01,8.695049544987313306e-01
-6.216819022745070367e-01,-2.717553961083423175e-01
-2.035544533908306419e-01,8.816195380181519603e-01
6.292221313381941676e-03,7.441820450442226953e-01
-1.161886033065100188e+00,-4.924603677632272136e-02
-1.245035271709607372e+00,4.136783849085022557e-02
-1.657379315086698224e+00,-1.115370045145768346e-01
-3.310002924191437490e-01,1.272229785904332999e+00
-7.446474382873279341e-01,9.765911113253182563e-02
-1.192622715925455879e+00,-2.274228398535843854e-01
-1.407899360465043159e+00,-1.860152634088799439e-01
-1.115991273662300998e+00,7.779299306721874918e-02
-1.111742980821635474e+00,-4.268031955201787020e-01
-1.642474697895576763e-01,6.526366996374215468e-01
-7.145110309762549017e-01,1.930645156166303222e-01
2.182710393886286848e-01,9.261588119863952695e-01
-6.154314856368108266e-01,8.467525741629200464e-02
-5.025263984465384859e-02,1.090147369173178005e+00
-7.113234523978313462e-01,-7.685326604415114449e-02
4.444367334232028899e-01,7.098232912625470625e-01
5.619775419834222973e-04,1.372314463287066300e+00
-6.411898364929453920e-02,9.289975580189724358e-01
2.303225223121609100e-02,1.182869085968560219e+00
-6.317900187513965093e-01,1.237546360434404885e-01
-9.344056035567391283e-02,7.534920124827578780e-01
-4.201741429955235807e-01,2.675026146071531885e-01
-1.163076347612385320e+00,3.698974295914983501e-02
-8.043136348357922127e-01,-5.980390888491769752e-02
-7.873615975230481290e-01,2.833548102298409366e-01
-3.386571825148333020e-02,1.040554036073111810e+00
1.691779313629842574e-01,9.939909558374738774e-01
4.380435074814800767e-02,1.182402759520896129e+00
-7.766997114041828132e-01,3.325252593572465831e-01
1.857320688623513016e-01,1.138537425408403525e+00
-8.161180937480253528e-01,1.137057206246209207e-01
2.677161350766033010e-01,5.697775530842883462e-01
-2.410073330263150237e-01,5.010082662949609800e-01
4.622311641981620423e-02,8.279418848406395748e-01
-1.920205162480473904e-01,9.832763420218257888e-01
-8.874405226950566883e-01,2.893157685266178891e-02
1.284775104270537982e-01,7.255038256764829718e-01
-1.417248980621027554e-01,1.192896774028467499e+00
-1.266916638249660387e+00,-1.236950836275001880e-01
-8.451895548448962181e-01,-4.311851724114679763e-01
-2.948322525800188276e-01,1.114030694292335699e+00
1.450964464704922463e-01,1.200757468180477794e+00
-1.101780190848508090e+00,-4.860450395067530266e-02
-9.524746833632845577e-01,-2.184679513900049386e-01
3.735214602626146241e-01,1.244938858674512261e+00
5.378815450311494328e-02,9.885930816447709990e-01
-7.658735843159314438e-01,9.937328184414449816e-02
-1.032566300742005644e-01,8.193710041336892402e-01
-9.391510968175138530e-01,-2.465479832558126194e-01
-8.503923453168273916e-01,-1.679781964132591732e-01
-3.134257058296919043e-03,3.546695476923338308e-01
-7.752307190264459136e-01,-1.438550758395130413e-01
2.806568717140523472e-01,1.117402149767648956e+00
1.658541890751159820e-01,1.405765993492386068e+00
-9.658992603898535201e-01,-2.841902812285015956e-01
-1.999984102261870011e-01,8.851714521048987816e-01
-5.508339172968669886e-03,9.876388785409865312e-01
-1.117430818167951312e+00,1.483521843178980393e-01
-1.257313589212154525e+00,-9.050334559647160715e-02
-7.852724785622965387e-01,-2.833125165248174260e-01
-9.173421881470147365e-01,-3.228675940439786896e-01
-6.780881595785707983e-02,7.312272306360918517e-01
-1.034015860876452281e-01,9.712252253243152111e-01
-1.244439391384001947e+00,7.736813484919288775e-02
-9.978351382061605435e-01,-4.246164699566344625e-02
-7.066500848519413625e-01,-3.336403941163704201e-01
-2.596704721747066236e-01,9.552173746536594123e-01
-1.125788589896244973e+00,3.317039463858648812e-02
-7.873944090692534814e-02,1.037837193658673218e+00
2.109184427437837961e-02,6.358166708953386648e-01
-1.314132318508494657e-01,5.714697361673294340e-01
-1.260287802200224183e+00,1.318362837680578104e-01
6.032879278554450497e-01,9.616111397311997155e-01
-1.071283334094360606e+00,1.576664034761013355e-01
2.067556655533550336e-01,7.675532507897079304e-01
-2.605825089512562309e-01,9.967972682874564061e-01
-1.166718721606652687e-01,9.112621279098115368e-01
-1.075238666148052857e+00,-1.106878102957234607e-02
1.573967795067718056e-01,9.525596645351133152e-01
-6.719003263163640938e-01,1.250610739526997750e-01
-9.932984016526207327e-01,-1.070563832474185489e-02
-1.758971240691239446e-01,7.798586103087299382e-01
2.133503103692367953e-01,1.096962976248247124e+00
2.797796461335580465e-01,1.164353259617853187e+00
-1.375976851238378318e+00,-1.273262463209955397e-01
-1.915207125049944170e-01,8.077001069163238789e-01
2.224036345665564574e-01,3.813844633997667266e-01
-8.941728221378709707e-01,-9.031063811138262398e-02
-7.093831848459866141e-01,-1.551246758347189503e-01
-8.784106610766638790e-01,-3.108814496859170218e-01
2.354767448380830630e-01,1.052627136153523324e+00
-8.173365278087210140e-01,-2.682248239222231323e-01
2.528360357025591365e-01,1.062134419382383843e+00
-2.277159214928131670e-02,1.201728298714490162e+00
2.199827337524072959e-02,1.089918221634939899e+00
-1.264557082822212131e+00,-2.446704079282264188e-01
-1.742406702602136981e-01,1.153684174774214810e+00
-9.037337657797420154e-02,8.358871287021757412e-01
8.058040331981448229e-03,8.749775544194040577e-01
-7.789610037915407625e-01,-1.258054614083103234e-02
-1.002616103545823867e+00,-1.530271430996445192e-01
1.422732087652860689e-01,8.084705072848763496e-01
-9.265646823852523584e-01,2.713375325529106541e-01
2.361812190840003878e-01,7.850523554572532703e-01
-2.064252126974498724e-01,7.806807480986737158e-01
1.581835413760442621e-01,9.873302417361865535e-01
-4.562362048708451523e-01,1.002828044089686399e+00
-9.802398904192571871e-01,-6.847903524677938225e-02
-1.545670480361762411e-01,8.164918042798730013e-01
4.697983537024041228e-02,9.416170907833186776e-01
-5.452382423152772883e-01,1.035712734251368061e-01
-1.034384811095123924e+00,-4.868577119230564909e-01
-1.038314375258719391e+00,1.603628838244523791e-01
-9.281383990798335037e-02,1.019114668827587167e+00
4.721901076102694855e-02,7.943503974072982921e-01
-1.156941688237272392e-01,1.110057116230288132e+00
-1.435244662724981746e+00,-1.754096839601156921e-01
2.065045439922093551e-01,1.494940659555060281e+00
-3.031289597714112438e-01,9.356810468097551681e-01
-2.868989221896749431e-01,9.131197844604542757e-01
-1.613376099378730777e-01,1.106443598949172546e+00
-1.409563494293158137e-01,1.122041842158759684e+00
-9.374900445310225816e-01,-1.386492594878933615e-01
2.310911441181592030e-01,1.235709807798058169e+00
-1.209129001580983465e+00,4.921232029019310117e-01
-1.150053819915104025e+00,6.558853272732503847e-02
-1.095485955900488279e-01,5.495394044823984636e-01
1.263516640601419251e-02,1.231621193280173721e+00
-8.604059455190427030e-01,-3.088195372701300900e-02
-9.038880150429904337e-01,-1.427489025280531953e-01
-6.114335043737855191e-01,1.079685661751021292e-01
-7.329168461275137325e-01,3.459309279629078637e-01
-1.959015661652487306e-01,1.326992465119128051e+00
-8.821438593427267660e-01,2.371401735395326782e-01
-8.638894720924183979e-01,7.688557699485508434e-02
-1.165256165602546634e+00,-1.482154176525339873e-01
1.448732587619881995e-01,1.509764762665672055e+00
9.716550435774783459e-03,5.674834157530164180e-01
-7.389533262141038950e-02,6.524651115453478090e-01
-1.049783410801466088e+00,5.155531447898964448e-02
-5.095393242000662015e-01,1.130446927993321804e+00
4.074643006118278121e-02,9.386520623377763162e-01
-1.022694113173203689e+00,1.989337569601407896e-01
-9.340787652887181380e-01,3.915496962428286452e-03
1.918188717847801039e-01,1.123131248149765060e+00
-8.256701324305288914e-01,4.047147326920485372e-02
-9.078703078681955585e-01,6.931505872378332378e-02
-1.122791721274022381e+00,-4.187442557905778906e-01
-8.666915869835308817e-01,2.831818105980630218e-01
-9.260843452209289728e-01,-4.125633875536443007e-01
-4.642806489496330985e-02,5.381001009875441277e-01
-9.136024499633476070e-01,1.661281425349047380e-01
-1.204609146232188260e-01,1.064802905160369129e+00
-1.050018981119766437e+00,1.571495944973839709e-01
-6.898828480962857501e-01,-9.371018990040819174e-02
-5.934195664269611287e-02,9.394102807299599123e-01
3.305091850938558090e-02,9.248378010073144972e-01
-1.298283924588213623e+00,2.826263495163711115e-01
-6.061320822163128730e-01,7.821423831188887288e-01
-8.489598983597441695e-01,-1.196435488579346805e-02
-7.129703823461044365e-01,6.330105964635071407e-03
-7.143016322739433044e-02,9.511623222395947375e-01
-1.654669117010561241e-01,6.605226161240762561e-01
-1.921226962256656068e-01,8.060021133085902845e-01
-2.422505423021214382e-02,1.074545475392848726e+00
2.250147312999719595e-01,1.062213685307213051e+00
-1.142748605431823439e+00,1.572835637490901939e-01
-6.361555390718434122e-01,8.076142306510973867e-01
1.477322411546705405e-01,1.259046516826741291e+00
-2.174633956633820753e-01,1.412829276702545878e+00
1.425571981811830646e-01,6.457273953385336274e-01
-1.149188526036290625e+00,8.261010882621741547e-02
-9.963368966482081257e-01,7.090180182826102961e-02
-1.847826038718670613e-02,7.715755119374029247e-01
-1.053286543342023984e+00,-2.437059494435573070e-01
-1.344643461805568596e-01,1.118149375986406735e+00
-1.146983145172323637e-01,1.070308851053283661e+00
2.369489319744777500e-01,8.526913005617280383e-01
3.584963794238971158e-01,1.221460673354969995e+00
-1.849287550780048528e-01,7.953675632129111328e-01
-5.164608600848201725e-01,1.233425131858516544e+00
-1.230599601108324892e+00,2.792283335083916018e-01
-9.174192002501816434e-01,1.882295575046303848e-01
-1.275259209058870580e+00,4.332028797152713551e-02
-8.190517387450155784e-01,2.596542169099327335e-01
-8.088324737365644168e-01,2.171762152568970372e-01
-1.259598216636347301e-01,1.087311726695881831e+00
-9.535776549521077783e-01,-1.758725783375496565e-01
-1.037550540136719830e-02,1.219081860307504872e+00
-1.313752822041320156e+00,4.372370227613783245e-01
6.073449741494522242e-02,8.218469627463930172e-01
1.232504004938881140e-02,9.843851580027134229e-01
1.183559340345883143e-01,1.440330533010000247e+00
-1.134631547141501828e+00,1.190566819730883713e-01
-1.234001736516723735e+00,-3.185721899572371840e-02
-4.184730301778030737e-02,9.107513645125288049e-01
-8.294649784077410271e-01,-6.740714250182722189e-02
-2.054111270407003587e-01,9.867314963198697830e-01
-1.651298785269404712e-02,3.669296803764848791e-01
2.236918798470448333e-01,9.014481966706854310e-01
-1.073069251247501965e+00,4.137545219158003107e-01
1.456091384456208448e-01,8.328258011936771066e-01
-1.477698445861926890e-01,1.088352449343340300e+00
-1.847139846734452140e-01,1.370626706785782023e+00
-9.402593798529277347e-01,-5.303421589856429641e-01
-7.228982355160158413e-01,-2.615706639726430582e-01
-9.606811177913894273e-01,-1.327667747224875738e-01
-9.781876164803969820e-01,1.070832371970872332e-01
1.555426988971043978e-01,9.262078598774137195e-01
1.949416090415168404e-02,8.913086694349471317e-01
-8.639478649206904226e-01,-5.775102957391816672e-01
8.944744989688387105e-02,6.283508065419448618e-01
4.340817029025185320e-02,6.694933756494989563e-01
1.389271444476368744e-01,1.353066426634150110e+00
-1.237739491343551990e+00,-2.651502552762505238e-01
-2.371657116209612559e-01,6.055883092169316306e-01
-1.228953557355818793e+00,1.868041015626009105e-01
-7.096858905645275772e-01,-4.542066976956461027e-02
-1.204569029418245174e+00,-2.196487631264502569e-02
-8.769404051549646306e-01,-2.979302177980734379e-01
-1.451420490315626262e-02,1.207090222687259740e+00
1.652810562206216000e-02,1.466143097081423985e+00
-9.434197739789814685e-01,1.701405467115315040e-01
2.043672654837337677e-01,8.762214059606504568e-01
2.623259194142078532e-01,8.823287574577536319e-01
-7.924775598176003744e-01,1.249976574323068551e-01
2.279645856890065714e-01,1.293113422472855989e+00
-7.208706807645061110e-01,-3.751353451603645778e-02
-1.097776717960470050e+00,-2.406988014473868398e-01
2.084699358705238148e-01,1.220863166725894011e+00
-1.433438733413740403e-02,9.910682426249184385e-01
-1.761398027491431206e-01,1.449330563089777035e+00
-1.089623464462915470e+00,2.010095119388256857e-01
2.343618596776765872e-01,1.215426636389751236e+00
-1.211488065875004461e+00,2.327943828220004341e-01
1.885826899697443382e-01,9.501217707029322446e-01
3.298028157442264852e-01,9.770634989001205639e-01
-1.119754701073192527e+00,-3.898138011720417989e-02
-8.914071356776851474e-01,4.848184253011292300e-02
3.286070645978241833e-01,9.215065569316722716e-01
-1.177921692106302043e+00,1.041399374011185430e-01
-9.949236431361351274e-01,-6.096245835143333097e-02
1.541599897636388439e-01,1.036585894724144641e+00
-9.007234959525637352e-01,-7.986970710680922625e-02
-1.100664680088540459e+00,-9.197811695557604750e-02
8.735829816161101713e-02,1.122352022169859076e+00
-1.193801975735577336e+00,3.052389542210156570e-01
-2.279865267145223806e-01,8.463336321425777298e-01
-1.401044009213613828e+00,1.416048546169543509e-01
3.096865106798803446e-01,9.802188795462781767e-01
-2.626494383536823185e-01,9.242271455042834205e-01
-9.233658705536482714e-01,-2.361216834435771964e-03
-9.773654034313786765e-01,3.107853214451322676e-01
2.409431242998283373e-02,8.590355378019127741e-01
-6.675392197764770108e-01,4.614668900266473694e-01
-1.443971340200936426e+00,7.494343951999340447e-01
-1.018976020112608433e-01,1.003788022362831933e+00
5.115562966569144887e-01,8.497861114893283663e-01
-1.163742210950763578e+00,-2.209586284181312144e-01
-9.471890602505873558e-01,3.241959411569361738e-01
-2.728744974563283507e-02,1.195370132848655675e+00
-9.483663804442248324e-01,-5.406081618429663393e-01
2.640021660515010082e-02,9.924019978951273968e-01
-1.002899879184079301e+00,-7.691672336345391214e-02
-2.810776194158661201e-01,7.707418864995411178e-01
1.844019519234586790e-01,1.153968475751350198e+00
1.713097584220479030e-01,1.465187049687282972e+00
-8.426980166829416419e-01,4.248469643380730493e-02
-1.028182764913937453e+00,2.132251219223299243e-01
-9.573386342362479873e-01,2.028243493915810047e-01
7.931861559831539232e-02,1.207202283842150115e+00
-9.947972858923047612e-01,-1.075430420108491048e-01
-7.461699667218071874e-02,9.562927964736951392e-01
-1.047133540287675246e-01,7.294621239837042470e-01
-9.567124340881615063e-02,8.135377047753766799e-01
-6.385625472711596584e-02,6.674622529119748071e-01
4.039474375574172993e-01,7.761298373581932974e-01
-3.345079785516642812e-02,9.746094018067485987e-01
-9.167452171045793463e-01,-3.216782337433189976e-01
5.814782442776468274e-01,1.195251298135240337e+00
7.435912258113690221e-02,8.560747741634363583e-01
-1.028232985404805566e-01,9.090918503104571391e-01
-1.088448988585112742e+00,1.569073089366621876e-01
-1.433368223666953711e-01,7.859826312643508617e-01
-1.104369931814525474e+00,-4.019044234773758162e-02
-1.386023651659068934e+00,8.968130839827556655e-02
-1.274306507692487545e-01,1.157908548692071715e+00
-1.167474321443920049e+00,-1.683522053208583169e-02
-3.221713319062067260e-01,1.097132214384469728e+00
-8.819056048196683983e-01,5.338408589278196281e-01
-1.212896111911026198e+00,9.048597494343489644e-02
-1.035999759691385247e+00,2.793448846566042310e-01
2.576646849660667593e-01,8.747106898480280224e-01
3.952039896458958146e-01,1.119814233708824824e+00
-1.174370811632653888e+00,-1.703057509830532834e-01
-9.740318383467349017e-01,-4.146197860360889553e-02
-9.277067527075861797e-01,2.009290779078908296e-01
-1.094264004658704215e+00,-1.088055976893728821e-01
-9.169453980810261806e-02,9.286343875183189489e-01
-1.162542257060504625e+00,-2.474166973067709607e-01
-1.698603693565848005e-01,1.235264041099937149e+00
-2.499770997324020916e-01,9.200701987786371605e-01
-1.028001543135333762e+00,1.612054328757723531e-01
-9.437731411847927188e-01,-3.233864770447426040e-01
-2.838603716370798336e-01,9.900554537935767341e-01
-2.622184554205094290e-02,9.632925551123748820e-01
1.482107813320635015e-01,1.017524230905712646e+00
-9.238412722417383982e-01,7.207475533868397399e-02
-1.343998491067643020e+00,5.276664008122356614e-02
-2.603940724817372931e-01,7.322150410271621723e-01
8.792631025462797900e-02,7.566735224431173634e-01
1.441101112935135320e-01,1.174839914992541035e+00
-8.705692878116860767e-01,-3.590442637087042782e-02
2.619022233365313479e-01,1.488548145057684069e+00
3.137570930087762444e-01,6.959123979901280510e-01
-6.574192041481227711e-02,5.317782902291190439e-01
-9.912160193818926324e-01,-1.289984259059845373e-01
-1.085323492518295740e+00,-3.631196674389240986e-01
1.753745060091758956e-01,1.307660148381937226e+00
-1.048077603609534614e-01,1.093105765739200486e+00
-3.572450518719520463e-01,1.134410935744134097e+00
-1.032852188685394468e-01,9.604801347246706422e-01
2.774919704123430253e-01,1.307750194769323082e+00
1.218408121686487683e-01,8.688582459738333208e-01
1.931084527065022038e-01,1.172786670518380259e+00
-1.184677075641884958e+00,-2.385845544082515479e-01
2.495452432767963913e-01,7.208633046987944493e-01
-1.030272843384215653e+00,5.929806142466239466e-02
-1.287983230061386264e+00,-3.017360925519872381e-02
-9.906110888715208285e-01,1.626396436771649079e-01
5.517764344371067775e-02,7.921001053711753670e-01
4.932584391670271490e-02,1.121274305272944138e+00
-7.862086754838507607e-01,3.097487770203307678e-01
-2.238762543339115618e-01,1.071009247066427417e+00
-6.307746945622445534e-01,-4.630053795115830068e-02
-7.503616766570547769e-01,-3.015448713293768512e-01
4.058731888504174545e-01,1.354133662791705550e+00
-8.260009967199110070e-01,1.479054917427366223e-01
3.001184284328011209e-01,6.862089135927027517e-01
-7.979420707102571342e-01,3.793155205122172302e-01
-7.795711533236269197e-01,6.579216698747265835e-02
-1.197817022064183279e+00,3.098691828908481938e-01
-9.624913235094805231e-01,8.034198915924420370e-02
-1.338100053872050665e+00,-2.362806602705864734e-01
-1.894070182997159846e-01,7.374741254368744059e-01
-1.276467229904290734e+00,1.523540831144344111e-02
2.465069378416471224e-01,8.637928687174334375e-01
4.589114305896160872e-02,1.021429545542335005e+00
-1.083474534127260469e+00,-5.088522892251723384e-02
-6.902598349961401869e-01,-1.137859199046077352e-01
-7.947069120177530088e-01,-3.224487594854081873e-01
-1.368738573132720182e+00,-1.849751998488276816e-01
-1.403956803233268991e+00,6.676739933943542926e-02
-3.365481279174414309e-01,1.147256158110245616e+00
1.283358221844861646e-01,1.113852249313075360e+00
-7.971563739849907293e-01,3.156041812137834746e-01
-8.894693629522927303e-01,1.251865868245501112e-01
-1.039477905011965575e+00,-7.830716424688064503e-01
-1.296091379771654728e-01,1.038997127459808656e+00
1.125922389417019498e-01,1.325879572480110014e+00
-8.912675854576705969e-01,-1.584210670614531469e-01
-3.735362272707827280e-01,9.209383903052356102e-01
-1.395746589655503467e+00,2.784977517025911675e-01
-1.242036354678142995e+00,1.608407158410967916e-02
-8.298145404174808171e-01,-2.952776560272857842e-01
-5.344856520393171939e-01,1.068778697668798516e+00
-1.408699422855376193e-01,9.118069252458926854e-01
-1.086925696300910626e+00,-7.430762698359075213e-02
-9.876744634774157205e-01,-5.373513273991183115e-02
-7.467035287345802352e-02,8.069207877720503408e-01
-1.042683289867634144e+00,-1.427818641583608328e-01
-1.100833831434865573e+00,2.467567434428078188e-01
-4.165867848904150073e-01,9.627343884243078076e-01
-7.535266633922690360e-01,-5.361179186241844807e-02
-8.008404279492756794e-01,-1.479134056136623132e-01
-6.509720317383954624e-02,1.284823378559088125e+00
-1.226933836547758616e-01,1.015841870312238049e+00
-1.946635615613190873e-01,9.221668429728711036e-01
-1.474185437616540639e+00,-2.290198954811300050e-02
-1.287177476698828205e+00,7.283725233230435581e-02
-1.290272529887183772e+00,2.181619221291581090e-01
6.267569982039507617e-03,8.349719765369497670e-01
-1.746271625108985759e-01,1.323700644948663019e+00
-9.033410279687374977e-01,-1.575005783060408338e-01
-1.045092130172147638e+00,-6.599379017212904097e-01
-7.525301769480082781e-01,2.435864442960300191e-01
-1.131625850961002433e+00,-2.629110028495935669e-01
-1.140870092175227057e+00,-2.704874595196251619e-01
-5.533547102739897472e-01,1.020980561568409634e-01
-1.060366406057774658e+00,5.513995686958066134e-02
-1.010379744619344100e+00,1.128665424735363909e-01
-1.145164609607161932e+00,-2.532001077527290533e-01
2.506512987709543783e-01,8.537192664994037727e-01
-8.919272857883238093e-01,-5.601812543399931066e-01
-7.929510424542058900e-01,2.108576808543488335e-01
7.066692701477415850e-02,8.454366091000614647e-01
-7.124649214062680480e-01,1.056169721242692927e-01
-2.843634269118257007e-01,1.133034173079479956e+00
-1.111353765238705105e+00,-9.545414967686327579e-02
-1.487253971548014864e+00,-1.004946741727230919e-01
-8.402555648397704025e-02,1.071521346497717797e+00
4.644222956909320188e-01,1.384155498937996942e+00
-1.424645889147241551e+00,1.224371981311157820e-01
1.962830500534246125e-01,6.005954680156607717e-01
6.334209860387284355e-03,9.727445359058308760e-01
4.000828253976070753e-02,8.466786913576430651e-01
-3.543055584158700810e-01,7.096483112526215109e-01
-1.920782495854309602e-01,1.334457376490955083e+00
1.453247862001280644e-01,1.100333802052247512e+00
2.979746479125795489e-01,1.447021779338902192e+00
-1.992904225800771686e-02,1.079794309432830834e+00
-2.080034523801362334e-01,7.239429145294566936e-01
-3.222089337321101116e-02,8.923703444993973388e-01
-1.624174238758457900e+00,1.955095182888180738e-01
-1.298980954842021696e+00,1.128564865669638845e-01
2.371473757005134464e-01,9.002074238904629322e-01
8.460363402497082796e-03,1.036587814917984796e+00
1.655501530137696853e-01,6.082214732315645023e-01
-8.097698752969886837e-02,9.995018656282058656e-01
-8.693196040500229538e-01,-2.194862484215361897e-01
-1.075897821750946504e+00,-5.700834874724931139e-02
3.143784493354601084e-02,9.886852842149682630e-01
-6.929980056734077465e-01,-2.271541892269706153e-01
-3.809713713057574225e-01,1.331286181011516412e+00
-1.055020870507695552e+00,1.454566946178240949e-01
-1.587909820794575488e-01,1.188955486363860281e+00
4.672117992378919948e-02,8.395970770345447809e-01
9.382211027328307695e-02,1.093263843514427069e+00
-8.711920634788231643e-01,-3.932089203870085814e-02
-1.075017109945674898e+00,-2.589144123453502311e-01
-9.950537274632249574e-01,1.607584734169500706e-01
-1.054862780346496276e+00,3.139396251476186395e-01
-8.435030994078277500e-01,-3.579598579847473316e-02
-6.104080772645710251e-01,-2.836190489338145659e-01
-6.655942623911953113e-03,1.041582723282831191e+00
2.516498301312599523e-02,1.072057868180186890e+00
2.903613809074340191e-01,1.230220153926765647e+00
-8.968484623957023727e-01,-2.827722396301506347e-01
5.890338473865713159e-02,1.068183401896583673e+00
-3.798958337339921609e-01,7.970669807509892513e-01
-1.353079673383640991e+00,-1.894533077333209192e-01
8.849988724924135949e-03,8.953212670258201555e-01
-1.036086818204017712e+00,3.252137118419844847e-02
-8.395401397969408652e-01,-1.531135293850332535e-01
-1.606875693354103962e-01,9.472910179438689404e-01
-7.213321538437372782e-01,7.817185763321686520e-02
-8.605995620433433135e-01,7.195266977730166436e-02
1.348597718725827177e-01,1.078094625884012947e+00
2.857902660767718817e-01,1.127666295540628472e+00
-7.987283177000180645e-01,-3.282211825213365852e-01
-1.080576746233357310e+00,3.633948509235167545e-01
6.075672479955789712e-02,1.072389803934051367e+00
-1.304544385645491689e+00,-3.150908639105257092e-01
-9.761252763946424160e-01,-8.223192530884904095e-02
-1.532798189493933094e+00,-3.206330613475059238e-02
1.533747465408984711e-01,9.289579680366357728e-01
-1.189419672175523884e-01,1.015643554189004538e+00
6.857890353038246234e-01,7.829555736960205348e-01
-1.350195272086285536e+00,-4.895190100046318410e-02
-1.291680154796065016e+00,2.320769084460512499e-01
-8.429636961337343415e-01,1.103626303835079647e-01
6.049786131150119289e-02,7.237365640643323994e-01
9.141184591415946192e-02,9.967563051364877191e-01
-3.664137631418655783e-01,9.982082304607265977e-01
-3.222167993209992809e-01,6.764062451552171895e-01
-1.162044582463775511e+00,3.599123530033710439e-01
-9.895135572199517116e-01,3.777324487475990002e-03
3.455363553616230821e-02,9.326228960111205835e-01
-1.052095934545060896e+00,-7.987633723876272351e-02
-1.697413413398161375e-01,6.964655504873831227e-01
-2.773456263130097410e-01,4.577911132316415665e-01
-4.494068460441072999e-01,1.120547269790926670e+00
-9.310451000169209790e-01,2.639010182902122859e-01
-1.001962398106716279e+00,1.049450268030280992e-01
-1.084838640328554593e+00,-2.505682697950727955e-01
-9.580805615992465940e-02,1.432612932057527821e+00
-1.161587706083209159e+00,-3.100890929950509411e-01
-9.085869954092562484e-02,1.021826153301195417e+00
-1.246334288887514408e+00,-2.996684184933206402e-02
-1.155054853802513826e+00,-9.703128125132108595e-02
1.490220534638806715e-01,1.107104254488655570e+00
-2.479369827460764508e-01,8.748076998077201072e-01
-8.915237103579553013e-01,1.110291319734395821e-01
3.681948056774702049e-01,1.020281987885607755e+00
-1.241506370976597662e+00,-5.317831073780638490e-02
9.175932560810423633e-02,1.275928821384541001e+00
3.224933289305822320e-02,9.215940676835260303e-01
1.383520647272920567e-01,8.320450974586117709e-01
-1.497218914273112933e-02,8.275287324996714045e-01
-7.565708630276022362e-01,-9.598609617622309853e-02
3.073940552454530462e-01,9.500455116096906405e-01
-2.916066126332556019e-01,1.222044634105105443e+00
-1.661366478660789292e-01,7.508396578910215835e-01
-6.469000677456319959e-02,8.572225456813200584e-01
-1.487084972065065569e-01,8.355389170350557837e-01
-1.431886012136837305e+00,-1.043071591842846674e-01
-3.080774230458203089e-01,7.494283304325350947e-01
-1.228325787089140864e+00,1.460616827053946576e-01
-1.197645492008014845e+00,6.600414046411400004e-02
3.565335550582254820e-01,1.097222217244679054e+00
-1.085839867626355204e+00,-2.170824580651513902e-01
8.282025330128256480e-02,1.132960923172194878e+00
-1.041723957522369792e+00,5.290672217343674912e-03
-2.793699129030521866e-01,9.435277813621362197e-01
1.467642577317072351e-02,1.173177647870887075e+00
2.981388020602192546e-01,1.263456081192277924e+00
-7.427662973970068361e-01,2.811724037564292122e-02
2.775525377550118744e-01,1.297831854820239439e+00
-1.240023213773897792e+00,3.015581143117128660e-01
-1.069775034072624198e+00,2.952081631710050218e-03
2.443736646148490788e-01,8.346426025918823877e-01
-1.859373750487123556e-01,8.848980326343598435e-01
-1.090568149348936533e+00,1.916629958028501779e-01
-9.904069118674893035e-01,-3.564472631988817031e-01
1.418015145568788937e-01,9.098813937811393027e-01
-2.368882536277240602e-01,8.652098841024841169e-01
-6.516108287048429926e-01,4.567412984403252524e-02
1.759716556225307815e-01,9.347216979763390832e-01
-1.259221624860004329e+00,-4.424467489970797529e-01
1.865139117196709384e-01,1.183473635506245181e+00
-1.150275983704259986e+00,-1.149242338238229966e-01
-5.584971098150320890e-02,1.420427462406014474e+00
-9.937152377312030715e-01,5.201083192425452056e-02
-1.144591344302560154e+00,2.200231171676706454e-01
-4.919154845835708167e-01,1.044099296582186698e+00
-1.461338294796163950e+00,-1.277122158640030813e-01
-9.043365769992912639e-01,-3.936080766102775796e-01
3.152376904360492671e-01,1.006898369126816517e+00
-1.058314166073393459e+00,2.178687293171212846e-01
-7.709675977999610463e-01,-7.868227253510708119e-02
-1.177086855623514339e+00,-2.063455911184326197e-01
-7.251716791924113226e-01,-2.728547283738755880e-01
3.699296842381044059e-01,9.413399758771481274e-01
-1.095025980732506898e+00,-3.661344058621528175e-02
-1.174458639776418512e+00,-3.865802327692024476e-01
3.744207111048080544e-02,1.425254923813638941e+00
-1.074143956082420859e+00,-1.575918971038738070e-01
-1.138855504647843464e+00,-4.072215350553620022e-02
-1.201685474812246301e+00,-5.804291179030057757e-01
-4.485418959764899682e-01,-8.495773121297073294e-02
-8.918817095048741095e-01,-3.123403419410362147e-01
-4.967359698914814992e-01,-1.187823139878067535e-01
-1.028479551994004593e-01,1.122324436500496958e+00
2.398367279389221063e-01,1.049586101197989452e+00
5.883166808511324647e-02,1.293198940044364864e+00
-9.742403417881045913e-02,1.093312508798474081e+00
-1.607336725126603805e-01,1.591732792514205297e+00
-1.243505665422843354e+00,-4.389776492215760051e-01
4.565317180560126142e-01,7.215897325894280456e-01
-1.207796195413350704e+00,1.768381124847164809e-01
-1.269265401378249614e+00,6.988957798834772271e-03
2.212191456881300311e-01,1.426360532065309439e+00
-1.131433016484985760e-01,1.313442333273539653e+00
-9.188543289504225164e-01,1.422191950279347861e-01
-1.112459927250221359e+00,1.130307930609221051e-01
2.525937388718229037e-01,7.542351557292906739e-01
-6.920963321260842349e-02,7.330364978248182783e-01
2.290511796824375168e-01,1.400478183289729284e+00
-1.116708849567442208e+00,1.877770140025071532e-01
-3.819276981509959756e-01,1.002482922758186179e+00
-1.155876944708748688e+00,-6.464544640032623968e-02
-1.113507297898401527e+00,1.884374951420746680e-01
2.993036779024680349e-01,9.218162847751651956e-01
3.434966470942542038e-01,7.965039687931105838e-01
3.164628565324879572e-01,1.255182234891522697e+00
-8.092101649368491634e-01,-5.479895333354965758e-02
-1.491446459805412239e-01,1.181629247831805340e+00
-2.816950935215054574e-01,1.046683910554969676e+00
-1.426184947043424467e+00,1.212856387558537141e-01
4.224451532472618676e-02,1.325436755845925685e+00
-1.185193222899058041e+00,-1.079667111923225120e-01
-7.069220062975350993e-02,9.131801532241834440e-01
2.243613062271894720e-01,8.316419350972907854e-01
3.061644191720516162e-01,9.888283344440995659e-01
-9.367936471487630090e-01,-1.897752691271446801e-01
-3.511906825670819965e-02,1.053939717460057768e+00
1.661606832702943459e-01,7.137223187125592005e-01
1.262469498787346101e-01,6.333333684602684421e-01
-1.385861165861635991e-01,1.205614187982450902e+00
-1.782855492606773284e-01,7.706944477996577891e-01
-2.979081788127979635e-01,1.012881158268266635e+00
4.821701619222307916e-02,8.338930438024448888e-01
-1.184345147372769302e+00,-2.085867396624874470e-01
-1.380682384013716124e+00,-4.452929278212998387e-02
7.610988628112830279e-02,9.002414564165704958e-01
-3.670605905136902769e-01,1.118003160592358824e+00
-9.362417503087119286e-01,-1.323989850460514060e-02
1.657862533386992021e-01,1.002065643014555141e+00
-1.271073153897420704e+00,-4.564154198905714388e-01
-8.133433651603889647e-01,-8.739270466170775964e-02
4.973432203450355721e-02,1.039044151168210695e+00
7.568506960381438109e-02,1.121158250544388668e+00
-1.281704718579670832e+00,1.158446398000784056e-01
-1.358624796982412786e-01,8.578169636254698860e-01
-5.164949803852728061e-02,5.039634486647962541e-01
-4.352913655590892050e-01,1.224885772051187871e+00
-1.144645185627398254e+00,-1.877267301874245564e-02
-2.845162728399708851e-01,7.191428665713370805e-01
-1.598267536310927495e-01,1.086327286684316107e+00
-1.049524293829266153e+00,3.145422703899480310e-01
1.955561903540864177e-01,9.821519116574048969e-01
4.010254962318782201e-01,1.277516575712922986e+00
-1.094422901348405253e+00,1.101002706395363961e-01
3.342981039654798203e-01,5.426815929451029863e-01
-2.015564432047758647e-01,1.169582119897925709e+00
-8.249902838986863385e-01,1.075782685678451367e-01
-3.351437053390758369e-01,5.170820791731012278e-01
-1.060529432945914063e+00,-8.787098411218571825e-02
3.219284622987512723e-01,6.539753417023150828e-01
-9.369237016131519713e-01,4.525085823899197696e-02
-1.529969738476482100e-01,6.879864394611835410e-01
2.035746037177626477e-01,9.840326072126822643e-01
-1.135746392538314220e+00,-2.859401771113214141e-01
-2.094617066291703470e-03,9.261827110976852406e-01
-1.478108068449076828e+00,1.151960238261633823e-01
-3.948983638690674036e-01,1.039489491695697820e+00
2.250319715859172218e-02,9.805645112447073375e-01
-1.143264550778133604e+00,-2.224935990347782500e-01
8.521607801351979705e-02,1.343859006131262301e+00
-1.057624806888189384e-01,8.697202005433244398e-01
4.672230937186673261e-01,7.499191418593548208e-01
-6.391692329394730310e-01,1.298749998252784588e+00
-4.278356269880660007e-02,1.027353757294099834e+00
-9.318917601671639073e-01,-8.465752836020742911e-02
1.519550306439144405e-01,1.269797651228624424e+00
-1.278937088290144963e+00,-2.555154779083121386e-02
1.946041679379250933e-01,9.033560760735852568e-01
-2.347317491380262189e-01,1.089014324145233470e+00
-2.203927711677850232e-01,1.111656901920154983e+00
-1.515114896741233952e-01,1.003093489930992899e+00
-1.442967894501435144e-01,9.819483841521062795e-01
-1.393759403956793319e+00,-1.378578650012334261e-01
-1.253620618007336818e+00,-2.719955808430405408e-01
-1.411981908914195616e+00,2.345489390822342018e-03
-6.229232439812801836e-01,-3.575816917610451506e-01
-1.375392703253726090e-01,9.100166240987924704e-01
-2.489413771284558763e-01,4.965495538275126464e-01
-1.142294435751177284e+00,9.702614307290680085e-02
-4.107493894763519227e-01,6.514186481945181129e-01
-1.214980171729994618e+00,4.545518488042824684e-02
-9.064706307057880386e-01,-3.119057969503907096e-02
-1.022816712785862059e+00,-1.111138820387262416e-01
-1.171720399419638570e+00,1.153739560219914501e-01
-9.707795415658205807e-01,1.852451418722519255e-02
1.446999699832594299e-01,9.239852233894755296e-01
-1.500033280048238271e-01,9.000718621550826137e-01
-8.275748782640051093e-01,-2.112927633005358963e-01
-1.090796999177622573e-01,1.216794080419226765e+00
-1.358852665357983547e+00,2.771223106885905563e-01
-1.012603817235802728e+00,-3.883640204062034917e-01
-9.943180128951234487e-01,-5.831165584688621090e-02
-2.113939933130972587e-02,1.126664394822303850e+00
-1.748495339827625672e-02,7.706714958945216631e-01
-1.485272549076659621e+00,3.554076005233336444e-01
3.475135246133638223e-01,3.931904668339344378e-01
-1.119198101088440200e+00,-5.496863115857397730e-02
-7.248614135924345003e-01,-1.309495710744444999e-03
-1.056367357305371124e+00,2.291111402274461847e-02
-7.184545354002297435e-02,8.410383769237379514e-01
1.199431061462504222e-01,7.897454777626866651e-01
-8.512219076079452496e-01,-7.239009475368437564e-03
1.583878803149286474e-01,9.269047460067036948e-01
-1.214113427459122097e+00,2.229949861887716156e-01
-5.453977413629752108e-02,8.343278539803625771e-01
-1.285259773606570288e+00,2.901491259173995529e-01
2.074575088494603481e-01,1.170131191397718373e+00
-5.786295826526677982e-02,1.110832413722484091e+00
-6.888438373053877850e-01,1.444431315516750414e-01
-7.663894970679942242e-02,9.655575827759983465e-01
4.013038031295618896e-02,8.643065582999265306e-01
1.397159980471714968e-01,1.043704222649672220e+00
-1.723672537865363064e-01,1.252064919992080583e+00
1.744964949583697189e-01,1.224565192482888420e+00
-1.064704376621485871e+00,-6.980972851786663991e-02
-2.384405944234724295e-01,8.748545868555559490e-01
-1.274037914416438433e+00,1.736766230448568427e-01
-8.287791375462646437e-01,2.866425519424207757e-01
4.528669725577763039e-01,1.142353531979707570e+00
3.030588817605454066e-01,1.244234585223156220e+00
-9.679084977837860704e-01,2.858548182014664096e-01
5.920610439434653011e-02,9.324167567224476150e-01
-9.162912558089182369e-01,-2.228317925568287505e-01
6.785337012606985907e-02,1.077778325587608776e+00
2.443526531285772352e-01,1.032778269626516865e+00
-1.089919606631355453e+00,-2.920629158487366914e-02
-3.185479501984045392e-01,1.204482971307820893e+00
-3.359168100130421886e-01,7.453125615017119898e-01
-8.916724235848400015e-01,-7.425053822776804535e-02
-1.055455771035808565e+00,8.094182729973019644e-03
-1.001895887889196812e+00,-2.283888269997583209e-01
-9.010248854494182225e-02,8.874618394207604011e-01
2.156964567581997824e-02,1.126292373129171409e+00
2.899871624932184866e-01,7.855655895949595902e-01
-1.435096481063697915e+00,7.082584322058527171e-02
-3.137452196802900661e-01,1.051450135770209293e+00
-3.720943674633662712e-01,8.527300110048158244e-01
-1.030813648321712517e+00,-3.268678448699338102e-01
4.104435218779151073e-01,1.037237836608825514e+00
-1.930317215263624986e-01,1.118904398881840567e+00
-2.942725389213181053e-01,7.875510102939453638e-01
-8.127493578056645129e-02,8.698529855974387326e-01
7.719729170546477809e-03,1.141574046119661734e+00
5.633974096967629963e-01,8.814308478267705027e-01
1.447880606150166449e-01,1.108627530573246922e+00
4.008990380413939292e-01,8.638174219480994065e-01
-8.778466976643427566e-01,-2.190585933040233857e-01
-2.654351853545801332e-02,8.461815199567024326e-01
-1.060356210163911239e+00,5.211411676761606993e-02
-1.020766158580864280e+00,-8.370111607455226269e-03
-1.190772344419424256e+00,-2.721928911771082094e-01
-6.365373820871149391e-02,9.414594116778035593e-01
-1.507559337564002289e-01,7.647150425412310160e-01
-1.165053861560358506e+00,1.913444876524074967e-01
-1.223597536610653957e+00,4.846654863733002722e-02
-1.133152602541235732e+00,3.779569700320632442e-01
7.498243688547405472e-02,1.123423774784726437e+00
-9.906868555580861102e-01,4.584879012661603470e-01
3.629856121278281222e-02,1.014072188651672146e+00
2.297373085445564012e-01,9.977032536615108027e-01
-2.153697576859501805e-01,8.245151153762275698e-01
-7.622575201368715359e-01,-1.620616308599824584e-01
4.301046535465654075e-01,9.321410952699196173e-01
-1.265982685679149400e+00,-2.178182442396743301e-01
6.796401520726803869e-02,1.157874313182930770e+00
4.157584762627993258e-01,5.330671919728360297e-01
-1.337045076966101087e+00,6.699824817991666646e-03
2.079219415985256725e-01,1.190136813324237375e+00
-8.829953897228879356e-01,1.610900538825966455e-01
1.094495535775620032e-01,9.681592678562823684e-01
-1.402396111700656922e+00,2.532339716457658318e-01
-1.421465995448633612e-01,7.731554465725913872e-01
-2.366318881190101475e-01,7.521393014434163415e-01
-1.359184656054757412e-01,1.425487379835694846e+00
-8.058038024838878322e-01,-4.899616768316437665e-01
-8.135618324049695427e-02,1.186215804319412426e+00
1.862232497296656963e-01,1.065424769891107903e+00
-1.676063405976692677e-01,1.271080197974361781e+00
-8.637479303091997185e-01,-4.494523795251034737e-02
-2.184364065274355463e-02,7.008381951729775183e-01
-8.727108567593659938e-01,-1.417432240989188463e-01
-3.801305233365194769e-01,6.542578271226955344e-01
5.335596306911268849e-01,1.177627449752752131e+00
-7.880468324199709773e-01,-1.035596386510331535e-01
-1.188720554432813215e+00,9.857508594804616220e-02
-2.455508181851313032e-01,8.890129889666039675e-01
-9.257823936061190251e-01,9.528836299968539147e-02
-1.172009020126848711e+00,-3.745533151382561821e-01
-2.992544867344612905e-02,1.322437622889570452e+00
-3.984474375737515062e-01,1.294072540453115705e+00
-8.429811638579134403e-01,-4.935687487381970606e-01
1.204512243267839428e-01,8.201471617376366874e-01
-5.406480271283298222e-01,1.588991728185246421e-01
-9.800531625372963518e-01,-1.132804687640242974e-01
-8.525519348433577838e-01,3.055850458947582671e-01
-1.647017683895878992e+00,-1.190605815245375336e-02
2.512890476736922563e-01,1.310684838164297705e+00
1.746757980720746173e-01,1.154982228461357785e+00
-7.262137535447042991e-01,1.456619702375105130e-01
-1.331514903029275665e+00,-3.504571740658894985e-01
5.108436726055913812e-01,1.065496732790670364e+00
-1.020955224650761162e+00,2.377187841254793099e-01
8.184648110670823817e-02,7.106708063788840235e-01
-1.298296664995647332e+00,4.028188532338481398e-01
-1.003953117512966120e+00,-3.278985725375573729e-02
3.560475668229833024e-02,8.871075953571494477e-01
-1.230770646458091200e+00,-2.661142107547790903e-01
-1.080313660350369354e+00,1.317521688903719179e-01
-8.849007374116677482e-01,7.757896903688080159e-02
-2.540042359073306152e-02,1.381176216785318100e+00
-1.091018448412110597e+00,-4.172398914515618867e-02
-9.198657809756175530e-01,-2.129800710846327105e-01
-4.994446959674893050e-01,-2.606793978559159286e-01
-7.198580790206496882e-01,1.938991816222003783e-01
1.178421220858128643e-01,1.055953079413761930e+00
1.688384685643110339e-01,6.447928581067277065e-01
-1.036293598062124399e+00,-6.820829931667331258e-02
-1.035254051560894784e+00,-2.404362540042319710e-02
2.704650041485521725e-02,1.404203577724142171e+00
2.399755628978755273e-01,9.377684877998061497e-01
-9.935977547460779213e-01,2.575862711480181311e-02
-9.695938608399419234e-01,4.330699850415983126e-02
-1.442788196495598640e+00,-4.100287662453746540e-01
-7.461117457554958809e-01,1.389270195314007417e-01
-1.165856391694623795e-01,1.149991893764009676e+00
-1.115875793638107183e+00,-8.073808385446208657e-02
-1.296259761254189291e+00,-2.120312433701295463e-01
-1.071487833177794391e+00,7.033167405563367502e-02
2.209761675045686657e-01,1.021529739709798212e+00
-1.796046304151240613e-01,9.841200848866489270e-01
1.067780837209282158e-01,1.019609744579968780e+00
-1.257619434010492032e+00,2.740150137854911738e-02
-7.711207486955484747e-01,-3.887940802410517760e-01
1.126109742318372742e-01,1.084303439887767784e+00
-7.005658107705799165e-02,6.843445534443747258e-01
-8.324617058221452093e-02,9.554341506004997431e-01
6.543528627369676887e-02,1.176895561369044829e+00
-1.435088615361320041e+00,1.669727645622294254e-01
-2.354488593431675603e-01,1.744664944981611843e+00
5.813612432247917960e-02,8.001135047590756111e-01
2.281470116882121923e-01,9.911563974754585837e-01
-1.130852954661511811e+00,3.365562553408563834e-02
1.079887216772104919e-01,8.569398294460364163e-01
3.295855437400148635e-01,1.103619726456075645e+00
5.325490714505502071e-02,1.251532558716087262e+00
1.895498995204647763e-01,9.705599248745572227e-01
-9.420121986641595280e-01,-1.948890509845051799e-01
-1.148437110080533508e+00,5.579658092490433208e-02
-2.629425215307146790e-01,6.503337205654029507e-01
-8.639328291339597454e-01,2.239337783275808721e-02
-1.153668521366827265e-01,8.078096422420661948e-01
-3.471219833237153551e-01,1.365746801680703726e+00
-5.724660972487548571e-01,-5.230894777657058015e-02
-9.006091301533281079e-01,2.971866758064243830e-01
5.728530100794657076e-02,5.400520668193100615e-01
-2.338063558429612221e-02,1.066953887205808194e+00
-6.192739324075765550e-01,3.191877812751179322e-01
-9.701529217322546472e-02,5.175992888328871944e-01
-2.557631836374940626e-01,1.089490726134235254e+00
-7.964971748068438995e-02,1.015497956688980574e+00
-7.402898014817656247e-02,9.745622413296330944e-01
-1.986435129490197737e-01,9.858656380080911275e-01
-1.928369554868060443e-01,1.341502438183801882e+00
-1.527105703609322518e+00,5.669398278419284648e-02
-2.937588830001130469e-01,8.818491552385006038e-01
3.283409027667989477e-01,1.254270531150613044e+00
5.416709794025243579e-02,7.466701974044444023e-01
-1.020576225276986104e+00,-1.006767382337779571e-01
4.173830132396811332e-01,1.014674856610142450e+00
1.347466441000866599e-01,8.570606913673575189e-01
-8.898228952742634479e-02,1.076754354033254035e+00
-1.116531650246969987e+00,2.291711767894299978e-02
-2.521744338201362678e-01,1.319577565830169164e+00
2.021375390717973231e-01,8.458853332063782648e-01
4.472567039259861543e-02,1.019892108834533850e+00
-7.595459169314440206e-01,-1.597030850590556716e-01
2.687474937933240215e-01,1.093140468842798141e+00
9.891377086957021947e-02,9.191681615555928886e-01
-6.630318260426044663e-01,1.156158772569632343e-01
-1.313850321807564336e+00,3.385247674474984314e-01
-8.350850774356072259e-01,-8.849248458691120339e-03
-1.227140527352071908e-01,1.412929524164897810e+00
2.724311819340831109e-01,9.581603891092086434e-01
-1.136840261229382865e+00,-1.309920047667223197e-01
-1.335919973114993331e+00,-5.799912860829830458e-02
-1.071197277316187968e+00,1.734425308002618960e-01
-1.429661949081291628e+00,-5.551264239494900499e-02
-7.613031086816997028e-01,-2.588837515839325643e-01
-5.211119407578254092e-01,1.201181733192816736e+00
2.443365560232931277e-01,1.022086226867051417e+00
-1.755369117406220814e-01,1.093699978581967880e+00
-1.237722584756502320e+00,-4.863308823044383555e-02
2.274523505857903860e-01,8.481967995853545439e-01
2.590031599184798583e-02,9.638404862394109873e-01
-1.216733604649869460e-01,1.252261866049419581e+00
1.836933861691576186e-01,8.307169204958464448e-01
1.193832564508026661e-01,1.096632435873580835e+00
-9.589901687835622468e-01,3.130498557815548089e-01
6.665959120595144061e-02,8.037225037909746517e-01
7.084835706815871548e-02,1.049004910336901908e+00
2.515299317105446075e-01,5.417171850453236237e-01
-1.033193498571968183e-01,1.152721733405120519e+00
2.676256885749161984e-02,7.922510317560362836e-01
-1.085610346407843041e+00,-2.116453676312124790e-02
1.054434872387180477e-01,9.536044673843396824e-01
-3.936546030497882487e-02,9.596132952276876793e-01
-1.635567967415429314e+00,2.600469751765246279e-02
-1.954907113737137658e-01,1.009934707380133911e+00
-1.184743198535182090e-01,8.211431282277080745e-01
1.619101898107243587e-01,7.304176345733667253e-01
8.173666096535274483e-02,1.173020624971951698e+00
2.160135307141275718e-01,1.055394864740056837e+00
2.533969305604592548e-01,1.059036772003845162e+00
-1.150528283411428987e+00,-2.699984784205531896e-01
-1.120875103767029479e+00,5.502820207523620444e-02
2.587745343476333115e-01,6.705886245061329909e-01
-1.087585683052394447e+00,2.165908999790721878e-01
-1.073545943053776597e+00,2.351930382945962572e-01
-1.134790843200752519e+00,-3.716701250640607745e-01
-1.127840788917533699e+00,3.949811406155758209e-01
-2.927330981756903761e-01,1.179061747776555702e+00
-8.391836311898539513e-01,-1.101760908535947825e-01
-1.086139126896090934e+00,-2.093198549996018454e-01
-1.037932836375677459e+00,3.787922788347097280e-01
-4.709046863954350903e-01,9.054263995874082260e-01
-6.819522895375498273e-01,-2.925050111549765686e-01
-1.077685975146134706e-01,8.479549828596886218e-01
1.643016490225410742e-01,9.073819089361409018e-01
4.375704038444814814e-01,1.186413316339756552e+00
-3.326202161318099204e-01,1.291750141564220300e+00
-1.033769641814513252e+00,-2.679881619182357677e-01
-5.286143142710999360e-02,1.049645007475820790e+00
-5.300754614847756896e-01,1.030497501618686584e+00
-5.852368679067301294e-01,2.414748145750327812e-01
2.630742518258169516e-02,9.071213605302856919e-01
6.753526484106454897e-02,9.843504038111069443e-01
-1.550650891819417287e-01,6.567064960424501274e-01
-2.277433478586980420e-01,8.410219378822378911e-01
-1.228892112672619552e+00,-2.158949679640246033e-01
1.132107807437880420e-01,1.026135132745190193e+00
-2.612697237931270178e-01,1.033867132855715631e+00
1.266873434668242260e-01,9.966796517071134787e-01
2.655936933302471825e-01,1.035288659999294758e+00
-1.228257704411796158e+00,-2.151399974491420009e-01
-8.609061434974578653e-01,-6.885949293738449772e-02
-1.178441541980760121e+00,-4.033889991957547716e-01
-8.045578986001085120e-01,2.753448192186750410e-01
-8.089792660598263963e-01,6.622128914679092926e-02
-5.986048626027954400e-01,-9.369820851911521420e-02
-1.011062774850900015e+00,3.217180694602362889e-01
2.494993290738788116e-01,1.197612959612750716e+00
-1.146766888136326212e+00,-2.079153543590101516e-01
-5.231976646238694073e-01,1.053955671186570298e+00
-2.382253355546989568e-02,7.983604091703364602e-01
-9.980396371198970717e-01,-3.083836988233920606e-01
-1.243648596923262906e+00,2.917996759213601840e-02
-1.222251554208615865e+00,-1.050446464425611737e-01
-8.549611303991219158e-01,-3.145845761956853059e-01
-4.544975043239252166e-02,9.072255449396592342e-01
-1.144952357981085633e+00,5.682991124591788568e-01
3.222693413255162675e-01,8.161578027076138442e-01
-9.355149564421964825e-02,1.185498692808475862e+00
-2.198608128931026084e-01,1.327830675774942293e+00
-1.345837055688047679e+00,5.739097331738392260e-02
-9.703930542584910945e-01,-2.542371384162740028e-02
4.191326897803676621e-01,1.005662153620441313e+00
2.921581627800671210e-01,1.082836125792928428e+00
-8.942563941511536552e-01,-1.484729081950062757e-01
-5.962800034322635057e-01,-4.352319582519981883e-02
-9.974640431046906119e-01,4.636537266151519177e-01
-9.323296415924079428e-01,-9.238634528283723446e-02
-9.525177413892244038e-01,-4.565105008700581085e-02
-1.652199681230815398e-01,1.100531646556592857e+00
-1.151534242057292934e+00,-3.676619271858388993e-01
-6.169257412806681273e-01,-8.987234522825073013e-02
-9.043774440461473940e-01,1.341100827327534606e-01
-1.191896382449318503e+00,1.308249357183786377e-01
-1.478221652756619431e+00,8.968553426563942443e-02
2.056859394843979505e-01,7.864314416614318626e-01
1.306842304814871680e-01,1.289441896290153711e+00
1.173241289594127573e-01,9.446132327899465775e-01
4.382070370410219295e-01,1.042763787926031860e+00
-1.234855062690360800e-01,4.837195678028013424e-01
-8.630265437576956078e-01,4.638276489470091191e-01
-9.990349408716663326e-01,1.264652936311046749e-01
-1.140728346995429909e+00,2.392728118666251069e-01
-1.204421703821386913e+00,-4.262439100048901475e-01
2.149067626489538640e-01,9.572255838518720639e-01
-9.863851414719704280e-01,5.609589631702042306e-02
7.899636282319623393e-02,1.333918820662861826e+00
-1.082578048666249071e+00,-2.178066194210128703e-01
4.397193167293857868e-02,1.051012999471441889e+00
3.972399439538611965e-01,5.487904062770235791e-01
5.333870035905773077e-02,1.457792013517633656e+00
-5.500654143531233942e-01,-4.578406094849270247e-02
-1.156825885338763849e+00,2.207603810580615611e-01
-1.164196934022493579e+00,2.657781609522270050e-01
-1.312291258089270940e+00,2.292274464499795272e-01
-1.601831970601708122e-01,1.143373283621566872e+00
1.708078051210344395e-01,1.082321097029278922e+00
-9.682958115116656606e-01,3.413110975339876951e-01
-3.151405352145213168e-02,1.064983543611831784e+00
-1.122578677433704764e+00,1.237321093523476717e-01
-1.058912826757041348e+00,2.017627990536099147e-01
4.759275128774563268e-01,1.003426887206283924e+00
-2.368180754474231986e-01,1.104646428528613944e+00
-1.031120534907392222e-01,8.671867256375456190e-01
-3.806150277836886642e-01,1.131911718885700413e+00
-1.786329640755333070e-01,1.137826700719055673e+00
-1.062404067873866431e+00,-1.410416026846535442e-01
-5.160594935764278857e-01,1.262113422125355378e+00
-1.347275810753215008e+00,-4.688789968200245822e-02
-1.160481226582355418e+00,3.724498381141908565e-01
-7.941210511545429007e-01,-1.390532722244084973e-01
-1.008278509489784813e+00,6.080791447333951799e-02
-9.538379375536774063e-01,-1.839333123087253663e-01
-1.236732441585687958e+00,2.408261004722340171e-01
-9.065791658708748368e-01,3.795751165236160851e-01
-1.128262603231471040e-01,6.748323611666841026e-01
-3.312701712197983067e-02,9.694691335612870553e-01
1.635823295345488204e-01,8.573125551955022017e-01
8.537786703213605388e-02,9.747959667083471169e-01
-4.746793441815435610e-01,1.238878277335987849e-01
-8.997175466970375179e-01,-2.701468563712983162e-01
-4.020931241179416249e-01,1.292607277791737452e+00
-7.603739093849989361e-01,8.314330664465947873e-02
-8.460270095560727677e-02,1.169708853670210047e+00
-7.771711762109023702e-01,3.830689532744544490e-01
-1.342745606408076942e+00,4.733031352226507171e-01
1.288568553445740839e-01,9.191445008673739814e-01
-3.114193448358317656e-02,1.148375361620311619e+00
-8.362277400309676700e-01,-2.185084318522290958e-01
1.893296240413847031e-01,9.676197768995057347e-01
-1.243000448673563740e+00,2.704740043079755796e-01
-1.374139363714454554e+00,-1.495688754513426200e-01
-1.085976119687466657e+00,6.029862032298313745e-02
-3.287681289973548027e-01,1.155074224431858587e+00
-3.379823471542263424e-02,7.306209493902340313e-01
-8.476041244641522310e-01,-2.799199915282693518e-02
1.607420681706020760e-01,9.946283958773860512e-01
-1.142299468070890445e+00,-2.952855394173834955e-02
-2.126762639582079617e-01,1.102859045328228982e+00
-2.890669199704060804e-03,1.012615070203417567e+00
-1.064839600882370174e+00,-5.590683510018863017e-02
9.252179360963830312e-02,1.232935533748668044e+00
-2.235952728285371949e-01,6.622301154078058527e-01
6.108777309044158277e-02,1.171063739288356942e+00
-2.698128100730415868e-01,9.084362657417425213e-01
-1.267733352428191962e-01,1.153353503222473098e+00
-1.159325851382459360e+00,2.365779021976800178e-01
-1.052754836258880555e+00,1.551144631817080177e-01
-9.975061207923361373e-01,3.947611065477396597e-01
1.440648390588097037e-02,1.049750455894204570e+00
1.752053479383707812e-01,4.865907462644356585e-01
-5.246265333524076091e-01,9.657773967769570644e-01
2.023581252366325467e-01,1.194976935888109493e+00
-1.301397225680805514e+00,2.596204787061524855e-02
-1.174794737064490446e+00,3.469885997783317411e-01
-7.858595456099688459e-01,-1.505641208924096974e-01
3.037234409699587356e-01,9.934032954738925003e-01
-6.201666615500584651e-02,1.451923210903656392e+00
-8.031478453829251629e-01,-3.054781351223274655e-01
-7.917741470303728546e-01,4.508704208420618587e-01
-9.632670944774979205e-01,-3.902794463692868532e-01
2.875040901582790465e-01,1.094697202469749442e+00
-8.538904440530787898e-01,-4.970211123818842336e-01
3.987725595458355837e-02,1.204795025339948866e+00
-4.779126420392170171e-01,4.852767475900641170e-01
-2.335883072318117037e-01,1.330976324230559227e+00
-9.678061058772015335e-02,1.091856997746678326e+00
-9.687174073416716658e-01,-1.619870337145880856e-01
-9.424161856133991266e-01,4.367346066546826666e-01
-1.192482443023160421e+00,1.143295368444839505e-01
1.976167508594588451e-01,8.137586157819594046e-01
-9.642479872515833383e-01,2.155879202441881304e-01
-1.078547553779075630e+00,4.958307295650350721e-02
-1.335277327772737443e+00,-2.113029450631312978e-01
-7.173542889072894724e-01,-1.843024294694558252e-01
-7.291672980136135740e-01,-7.710054097814567076e-02
-1.750634651374172179e+00,-1.016690853395749577e-01
-1.162002064597922324e-01,1.085614555270545400e+00
-5.022200196988522297e-02,6.877965548491049574e-01
9.903573153551760433e-02,9.886810138350118349e-01
-8.368334205074623444e-01,-1.825553963805889301e-01
-9.481512992142048235e-01,1.344496211280787890e-01
9.793481959940487924e-02,1.099722277175751772e+00
-6.300648777513693233e-01,-7.555829807866676351e-02
-8.345059299087047577e-01,1.944256978971724004e-01
-8.736102226249616021e-02,4.538857423990064754e-01
-1.166274564852075812e+00,-1.387993253765546497e-01
-1.155050776491869380e+00,-6.213086806781369792e-02
-9.320709506179287729e-01,3.551947879106858580e-02
-1.231287818395859102e+00,2.360288203430981335e-01
1.186348776608723010e-01,1.262680121440598269e+00
-7.693097499358317881e-01,-3.464363722039292409e-02
-9.537926989430115521e-01,5.014780205911042454e-01
-1.046177465293590507e-02,1.258270486924428555e+00
-7.918365852579865027e-01,5.809818113476655083e-02
1.878375412267399847e-01,1.018807908663700745e+00
-8.882197581714870727e-02,8.246351514993807141e-01
-4.500515011484819694e-01,1.457139350859717908e+00
-2.038755136232413834e-01,1.282323223915049937e+00
-1.837013799620089774e-02,1.216865548440901001e+00
2.114182237504406425e-01,1.121010670921148034e+00
-3.739549063006822882e-01,7.845137783377205132e-01
-1.077537952604765259e+00,-3.335628564285895298e-02
2.176438539128100480e-01,1.081469372924413141e+00
5.310930276567226160e-01,6.500780305159632455e-01
-7.880980877865519929e-01,2.228152091254415879e-01
8.101720849297337768e-02,1.279262937388694787e+00
7.059745406000708656e-02,1.067792331244370452e+00
-9.590567207977150899e-01,-1.929537966931965665e-01
-1.002951871687133067e+00,-2.185964965822075612e-01
-4.210232535428117678e-02,8.327027522819463456e-01
-2.145971945370366563e-01,9.407034889436255432e-01
-3.968239556728343082e-02,9.384401052456957659e-01
-8.714795770581831302e-01,7.842256941290057237e-02
-2.400041885070412773e-01,1.092655272433556091e+00
-2.933593991428947237e-02,7.024264890582720966e-01
-2.542712927231313147e-01,1.035110494421378924e+00
-1.236025523841891793e+00,1.469231068280726915e-01
-1.163453032571046153e+00,2.040982183300886210e-01
1.454452061911983528e-03,1.483750188515656099e+00
-1.083279146943998850e+00,4.518708468298806430e-02
3.164797993155984979e-01,7.532902908865568570e-01
-5.071594041040731193e-01,1.214617685522035861e+00
-1.339921119455095289e+00,2.055821633732125842e-01
-4.118039415851544316e-01,9.824323097984847264e-01
3.805788374238564531e-01,1.110045034576276235e+00
-1.229870842303063851e-02,1.505185600656088196e+00
-8.882262813712220595e-01,-2.419254079289055448e-01
-4.803246803848044283e-02,8.748623780281857831e-01
-1.007615651283320535e+00,-2.550946137588216978e-01
-8.023754993304997585e-02,1.113300331648788832e+00
-6.742287339564070336e-01,-2.961971910810602959e-01
-9.241554113810186433e-01,-2.585956674072370856e-02
-9.367557413152369783e-01,-2.697467351352133558e-01
1.458901023957293042e-01,1.265865415188753840e+00
-5.636548430469561222e-01,-2.901463255920596063e-01
-9.739647488739409109e-01,-2.561121159734602304e-01
-1.133459376097309956e+00,6.775215334061268635e-02
-3.986506606638178241e-01,-2.569720544556499675e-01
-9.820229488228905401e-01,5.651696375835885827e-02
-1.224487694504641677e+00,2.956819236555901717e-02
-2.266162190948830396e-02,1.081391511264071514e+00
6.218537439555108515e-01,7.935876700960032837e-01
3.291965340271022500e-01,9.791176888296444503e-01
-9.034433573192659495e-01,-3.856129048071323950e-01
1.086645000826061275e-01,1.071010338634757808e+00
-7.820458490269113216e-01,-4.763623787692123912e-01
-1.016400498038032785e+00,2.155421078009054081e-01
-9.680462583549528377e-01,4.364721106594823263e-01
-1.307364852651560216e+00,-3.781492036280950653e-01
-1.238807822575624717e+00,-8.133722063953516268e-02
-1.238233379632222242e+00,1.070625403696587596e-01
2.507743533182963946e-01,9.945542375111426914e-01
2.331276765649149818e-01,8.437293509892633825e-01
-7.617946373707175090e-01,-2.175329157704088967e-01
1.324933749235677749e-01,8.022475022654989019e-01
-2.798002608858226048e-01,1.299455707776238533e+00
-1.646752278385928692e-01,1.330975533435729385e+00
-4.270907515306886920e-02,1.034304828293972633e+00
-3.786291506925612560e-02,1.252774813473473081e+00
-1.528143125159861171e+00,1.837301379851899452e-01
-2.166838154617701032e-02,1.431325974363627740e+00
2.748415316117576723e-01,1.367535821589989986e+00
-8.671814795743956195e-01,-1.560242692785500929e-01
-7.331368741617141360e-01,-4.650383781129646676e-01
-1.327599314473672631e+00,-2.976803523487561720e-01
-6.000771277420855476e-01,-1.654781794957730368e-01
-1.435917512118823347e-01,9.606097142850625881e-01
-1.330873645986653475e+00,9.813545374556641165e-02
1.674051162627072098e-01,1.076292152965449445e+00
-7.538100199764400378e-01,4.583802009400673311e-02
-7.209815797992491504e-01,8.414160694887506953e-02
3.545691917789687286e-01,1.035980360435320824e+00
5.719289839785256513e-01,9.073824410383274364e-01
-1.032386038464673472e+00,6.512972568636032911e-02
5.419322625075261371e-03,7.426834891111184778e-01
-7.855572127087010470e-01,4.076902239403160794e-02
7.904605703128411709e-03,1.014050301148204047e+00
-1.380790105945147062e+00,-3.458752526226743784e-02
1.474484227729216425e-02,8.981909637519457368e-01
-9.054136203871046007e-01,-4.748446235822457728e-01
-1.055802151741680239e+00,-4.758014627073267611e-01
9.205646225269224769e-02,1.138543281923584560e+00
-1.327523524780960251e+00,-3.078278260867962635e-01
-9.974393866544318810e-01,-4.096777795008623158e-01
-9.087389977516404649e-01,-1.557295373121500015e-01
-8.000380153202983902e-01,-1.956871853033076147e-01
5.102452021621243367e-02,1.341982999707167945e+00
2.275530435732744661e-01,9.745616496193687528e-01
-1.138733535338260827e+00,-5.451595176916281815e-01
5.526259863711733417e-02,7.933633329430751502e-01
4.661418650423532206e-02,1.059874328668515053e+00
-9.532252318442203665e-01,1.152808626816633764e-01
-9.914400892966548362e-01,6.479635449587800577e-02
-2.358853015035186074e-01,1.254784308314835339e+00
-1.095220811370113179e+00,5.522895905124222682e-02
-7.375936314033930685e-01,5.646327712082772204e-02
-9.358082569751235980e-01,2.866939080346287971e-01
-5.341332106625144155e-02,1.107372873177265182e+00
2.026501594957974273e-01,1.112082079414901781e+00
-3.342776330898376558e-01,8.001020737798461013e-01
4.328339951373308958e-01,1.360427913702930036e+00
-8.350377511075955939e-01,2.151582662601172757e-01
-1.248883830030409925e+00,6.530944711407377090e-02
1.349877997989249456e-01,1.295575372448474427e+00
-9.959490208575897396e-01,-5.170773726662900895e-04
-1.470767072677175991e-01,1.191720779942946118e+00
-3.558612573915523325e-01,1.224442318330492663e+00
3.199738257127610064e-01,9.288346946438406082e-01
4.854958639037194601e-01,1.021756346267513438e+00
-9.960617434177214680e-01,9.458367430290645639e-02
-7.477031663244956272e-01,-5.739583310310307496e-02
2.969158012482797995e-02,9.914701420559581813e-01
-9.912496302671794934e-01,9.535958784019010759e-02
-1.219307847869807171e+00,-4.118300702752077103e-02
-8.166611887359762623e-01,2.483994182233282416e-02
1.026931092583193705e-01,1.424597487066697532e+00
3.587805524247386635e-01,8.740970955032161260e-01
-2.575073540238162484e-01,1.124687844275606530e+00
-1.516063154078277353e-01,1.416899546657130138e+00
-1.227387762408798988e+00,-7.683819098212164855e-02
1.681953784157961540e-01,1.224913448170865671e+00
-2.380286742134113398e-01,8.357511127815616669e-01
-2.101319895745859812e-01,1.149133285375169233e+00
-1.676908052205088040e-01,1.423182156305129009e+00
-5.704373445351715866e-01,-7.465587449962767658e-03
-8.387986096719869389e-01,-3.239098276800757570e-01
-8.220876397833896121e-01,-2.716377888653124031e-02
-9.405187038418550971e-01,-4.631876208312649817e-02
-1.125417377270422126e+00,2.724505182932440150e-01
-3.027475824512662964e-02,9.787972533337868652e-01
-8.510922219755275853e-01,-3.759049213387510857e-02
3.788801655295550574e-01,1.035767933526846818e+00
3.391547424959230096e-03,9.318358894625194955e-01
-9.251956206477144340e-01,-2.508521459505569373e-01
-7.982816109823707984e-02,1.094125896869064807e+00
7.109195266675165381e-02,6.505382464982740753e-01
-1.826576828429926080e-01,1.145236668170001693e+00
4.324548853249052943e-02,1.141195865511882346e+00
-4.502656013812963431e-01,-9.867702949125270462e-02
-9.200677727814181583e-01,-1.056913466640303084e-01
-4.256920810846515080e-01,1.010870661971636997e+00
-8.770933508685340163e-01,-4.224232968372270136e-01
-3.023588975919573318e-01,1.262834246550266437e+00
-5.315141546985531207e-01,-1.460782067890481310e-02
1.025973539753290975e-01,1.483425155437270604e+00
-9.180518128418048152e-01,6.471848317520988159e-02
3.258485705468400773e-01,1.305066462696876872e+00
-1.127516602830164416e+00,-1.518192793239243055e-01
-1.137946233476742508e+00,7.253656793976782924e-02
2.829275496297453674e-01,9.433297140778749146e-01
-1.092800894811300605e+00,-1.673877838716472666e-01
-8.892460554241171655e-02,1.152792412963382418e+00
-1.026477224773523350e-01,7.714466430404409714e-01
3.456832685654896431e-01,1.136987653276542165e+00
-1.667807434451277493e-01,7.854406746579303267e-01
-5.872307114626390545e-01,7.714520203475919158e-02
-9.186971468719311584e-01,4.063772894795061874e-02
-1.115173242254328345e+00,-9.311012916659167082e-02
-4.945247354120214101e-01,9.549455156469301986e-01
2.645008575373790638e-01,1.002128757604981768e+00
-8.970441337049296360e-01,-2.451861534616426863e-01
-1.009642922484636163e+00,-3.765406227736170508e-01
-8.754301020747801143e-02,9.244837619920381888e-01
-9.335358088838064949e-01,-5.712637129010298548e-02
-8.814548273532381018e-01,-4.609085278091876181e-02
-2.954933334127829870e-03,8.449514019903658912e-01
6.993839085611687489e-02,1.204480065185624227e+00
-5.055086589476309733e-01,-2.610515742307891740e-01
-3.542884475870560212e-01,1.174248746176145275e+00
-9.821517375164071084e-02,1.430914016639669661e+00
-1.263319691993090021e+00,1.831433861675296204e-01
-1.736876410508217117e-01,1.182867795927810661e+00
-7.543641870038083619e-01,-2.537733965771614142e-01
-1.925663754753065560e-01,1.043150547448036702e+00
-1.174067473678336526e+00,-2.394296918369899496e-02
-2.509393783660630040e-01,1.160266702087439539e+00
-3.133127148803082074e-01,6.940481256150571321e-01
-9.422149161950801322e-01,-3.264886995567393146e-01
-4.491479457420774479e-03,1.015416941197867740e+00
-1.069438948561351577e+00,1.950679276137065599e-01
-2.754471388927392378e-02,1.275805247845571921e+00
-1.251159274200671412e+00,3.768636915025054823e-01
-1.308490277054398465e+00,4.544566438954784210e-02
-1.386428710485288374e+00,9.487028242694267241e-03
6.886768072870932955e-02,1.128688130523496369e+00
6.715286935325329165e-02,1.184705608552720113e+00
-9.516075727637384185e-01,2.102284366227676615e-01
6.511300018170394777e-02,1.521189648869641253e+00
2.098688770066182985e-01,1.378439556064081195e+00
-7.651807039784225273e-02,1.203360619183760694e+00
-5.822007843517560399e-01,8.319322108655917702e-01
-7.837913008473756937e-02,1.212359376841655179e+00
-1.033791815341237763e+00,3.999359431895940786e-01
-9.532946733538583128e-01,2.498428390459118131e-01
-2.430490843175131532e-01,1.079508018318135587e+00
-1.132488440338194291e+00,-8.190845228706815362e-02
-6.219805857368598812e-01,-1.319650730096908753e-01
-3.598318507939050892e-02,6.435436606313370556e-01
-9.168640112497079553e-01,-1.850216080692395904e-01
-1.298758189824468889e+00,-1.615717832089849371e-01
-1.255517125791856259e+00,4.392994161068859427e-01
-8.136938294551159245e-01,-3.720128646219557633e-01
-8.720884065386789175e-01,3.111224102918349818e-02
-1.373665978516834141e+00,-1.992434841972738346e-01
3.049164374422085877e-01,1.045758345581833781e+00
-1.058226371868225435e+00,-8.505690970961790609e-02
-1.119482460503877119e+00,-1.287790671968237072e-02
2.981423354725206698e-01,1.106880933248109988e+00
-8.003185932020164817e-01,-2.022472128874723551e-01
-9.136238007564769781e-01,2.154584547982929810e-01
-5.978037459802688219e-02,1.046746709206486381e+00
-8.524742789288334288e-01,-2.248297004936565188e-02
8.686571981041583956e-02,1.354262811717071635e+00
2.938958524208217238e-01,8.209194569288411625e-01
-1.234477177893267968e-01,9.494151940830187764e-01
-9.949790012362588199e-01,-2.380190348320833094e-01
-7.990246501137474588e-01,-3.284632318164205644e-01
-4.056471048539548457e-02,8.558269626357752902e-01
-1.225199645032722273e+00,1.349014493149235105e-01
-5.191404130034631137e-02,1.189091936235620262e+00
-1.040673697029572242e+00,5.252828299230996589e-02
-4.713999844107089610e-01,-2.082770427487944803e-02
-7.602492031396785865e-01,-1.525090425947019934e-01
2.766090630790293825e-01,1.135268247633991257e+00
-1.179638883130668531e-01,9.122893438352543960e-01
-3.157093582700142703e-02,7.099422002118928043e-01
-1.255723092242220007e+00,-5.754035358035767926e-03
3.966695127495296069e-01,1.140320785075568999e+00
-1.406385866648853566e+00,-1.168126046164272291e-01
1.069489150846681252e-01,1.125822943813896693e+00
-1.085274354525069818e+00,1.177235173595004986e-01
-8.859987369645939692e-01,-1.534689350025370824e-01
1.641326920674927026e-01,1.018248760195215263e+00
-1.149910481658492856e+00,1.458215897683464157e-01
-9.348898407706499603e-01,-2.099809977428692409e-01
-1.238475439884059170e+00,-3.958132748030501052e-02
-4.611404474687171851e-01,-1.554560616093317582e-01
-8.092058149639478337e-01,-6.168588176591148844e-03
9.853347334337077268e-02,1.009677613890517689e+00
-4.917000392548483839e-02,1.095158750436687978e+00
2.081303683200666152e-02,1.209496730510642548e+00
-9.949595191261390026e-01,3.718977545343176705e-01
-8.927263514123289223e-01,1.205753482160787510e-01
1.085890270258275253e-01,1.083567287478131469e+00
-8.528939467816691877e-01,-6.464379382837398547e-02
-3.435164790567398624e-02,9.709433384133178135e-01
-1.729511902317500127e-01,6.413108692154535495e-01
-1.149525341696813197e+00,-3.019555578564036002e-01
1.944626042611797279e-01,1.038263199551690441e+00
-9.730948344217155155e-01,-2.578135558188527354e-01
-1.053545603065813019e+00,-1.209527985239144260e-01
9.203773129965242550e-02,1.020150948223053966e+00
-8.981247425352720803e-01,4.753504323693664296e-02
-9.505635712392435099e-01,3.651573092132396892e-01
-9.302594167214510712e-01,-2.281309174356400682e-01
-6.037824885396080310e-01,-9.531381940234306439e-04
-1.328143975836607815e+00,-5.056419146644425267e-01
3.115351344590003846e-01,1.586156887713188635e+00
-6.917815044343831321e-01,2.934006899413976743e-01
1.350768021912580608e-01,6.522805712615664664e-01
2.136025737079687015e-01,1.071786520283644517e+00
-8.703667513490832564e-01,3.958041968313402159e-01
-9.646560375038196189e-02,7.155812835215069612e-01
4.203519804497331952e-02,9.531442284817379651e-01
-3.412743058581962918e-01,6.479320670969871410e-01
-1.071142506633970370e+00,-2.879466705774696988e-01
4.177690214845266037e-01,9.530116881499071102e-01
-9.983480360618633975e-01,-2.307844224338794631e-02
-7.808116355342463732e-01,-3.162184495151600105e-02
9.740827448120595311e-02,1.341848137809899200e+00
-6.210864441743219749e-02,1.388602221182262397e+00
-8.387275880904458969e-01,2.344552691742854134e-01
-1.016491988884568487e+00,1.141963855739911993e-01
-6.703274664861362808e-01,-2.350254024697883970e-01
-1.224391115384474871e+00,-1.862092294610695475e-01
-9.777230283962927704e-01,-3.129412614840485496e-01
-1.005620250990991282e+00,1.309275042937285971e-01
-4.294872494847134375e-02,8.768394052061712074e-01
-6.614980559444989527e-01,8.917667923261803076e-02
-1.294810519254524284e+00,2.428249424184067765e-02
-9.434118368865742621e-01,-4.904907454624815588e-01
-1.078465362124534810e+00,4.972718539917560243e-02
-1.651986406304331578e-01,1.424479945740672271e+00
1.872057751793538838e-01,1.103562263827126078e+00
-1.133818946134769634e+00,-1.812430825792955558e-01
2.032682251812079621e-01,1.033236813686710276e+00
2.080735625855263671e-01,9.659929755324057066e-01
-7.638003884327768667e-01,7.964318336908022058e-03
-9.219339566654074503e-01,-3.563185957566117334e-01
-1.821459514614566857e-02,9.329990071441799371e-01
-5.707528674155131210e-01,7.005949923253140810e-02
-1.489780444612164856e-01,9.249982345549969676e-01
-9.015579190691327405e-01,1.553480846233780688e-01
1.813797665461565067e-01,1.251973583974288706e+00
-7.750999241958483367e-03,1.003852543298481281e+00
-3.228632022260338741e-01,9.060166177554077604e-01
-2.995404597918825337e-02,9.959840235629245919e-01
-3.161250781766602458e-01,9.071382979956487125e-01
-5.609655683223742084e-01,2.916428992418116928e-01
-1.501221887879214054e-02,1.076424322463765959e+00
-1.370042400669309046e+00,-2.938345576324207994e-02
5.639420831894925712e-02,1.063309921062654206e+00
-1.869775620752257284e-01,1.038751462569596162e+00
-1.152312445773414851e+00,-1.705137817160260194e-01
-1.177997759633558905e+00,2.758446845968319239e-01
9.148444352907535160e-02,6.535661460309964976e-01
-7.911725294257751506e-03,1.410650710553851495e+00
9.865414494540125645e-02,1.079143309124414030e+00
-1.116564166602327601e+00,-1.495645710515283722e-01
-1.456844537319335053e+00,3.070013898577039213e-01
-1.188867244855884575e+00,6.185256396716699509e-03
-1.258713249903382181e+00,-1.454208262674375196e-01
-1.094301637051995790e+00,-3.296061439628700795e-01
-8.889148297882730754e-01,-2.563481277946084158e-01
1.854833336963410129e-01,1.195158257491282239e+00
-1.064446363275738161e+00,-9.038092676364825606e-02
-1.051197590542523319e-01,1.336708331732207933e+00
-1.134840190302736751e+00,4.028468435238728440e-01
-2.003386820792584788e-01,9.594881702649126209e-01
-1.670692155529017953e+00,-1.737609683666797855e-01
-2.090024090684545477e-01,8.527056439577059832e-01
-5.103752604874004506e-01,-1.119373025245241349e-01
-9.514838562622564000e-01,-5.493850936827364695e-01
-1.402118793367811145e-02,1.325298662890226353e+00
-1.771600349155368348e-01,1.300654391047425751e+00
-1.179582932085359692e+00,1.842887863488698319e-01
2.937855745163132568e-02,1.141945484853115866e+00
-1.057983391775872750e+00,1.632958223624524641e-01
-1.613299237977925404e-01,9.306807101597693865e-01
9.365659761585756748e-02,9.114650062452250845e-01
2.298665618066257077e-01,8.487359447421889413e-01
-1.217595933209910664e+00,2.866127996547325196e-01
2.104722628553003516e-01,1.051243706327943839e+00
-3.351935353788139671e-01,9.983717860879884887e-01
-1.064307216542701662e+00,-1.398576204583172333e-01
-1.254137872120140607e+00,-3.058844534795026049e-01
-4.984693015901930924e-01,7.276291670746014295e-02
-1.389712629536440813e+00,-2.179015624162222164e-01
-1.503505021566884092e-01,9.970025561681068460e-01
-7.483248578960272068e-01,-1.327798989618950327e-02
-1.264913146391995757e-01,7.575259323651557519e-01
-1.333859395820283122e+00,1.379947428643276131e-01
-3.686771047790531330e-01,9.089472096018589298e-01
5.773250061903157926e-01,1.194380253521536428e+00
-1.326019782418077053e+00,3.082376416517687012e-01
6.801838269703051887e-02,1.057571297420633494e+00
-2.370976167520071343e-01,1.134000861361659451e+00
1.497153415031561574e-01,1.027201682632644664e+00
-1.886574272000375585e-01,1.016816806380977933e+00
-7.805678386536231417e-02,1.053141655366070628e+00
-1.875512945197198023e-01,9.326303093845599301e-01
-1.107302355156206009e+00,4.121554403056531396e-02
-8.308547951962843570e-01,-3.933458837472576519e-01
-1.430047680239003638e+00,7.438421349353824263e-02
-7.866798576123522346e-02,1.142397522888261463e+00
-8.305822948936087968e-01,-1.468683975561367316e-01
-1.002496918463602116e+00,1.154147390716843830e-01
-1.008195173079401430e+00,-6.333405755593354280e-01
-9.620553934081955694e-01,-5.571674574260617741e-01
-1.634198073337497226e-01,9.477076115200806505e-01
-2.285258517527637978e-01,1.317367596633313820e+00
-9.733296957483775769e-01,1.226046389400826664e-01
-9.008311757592162294e-01,-1.894945442276010916e-01
-1.599685090057012538e-01,1.064518141168413923e+00
-1.155832307737060471e+00,6.603270863325587381e-02
7.468120255347969749e-01,9.584173120740362428e-01
-8.824440735762117960e-01,-1.455597145275652413e-02
-7.783862060554187501e-01,2.833033800017923931e-01
4.617185821548300817e-01,1.063445546288029897e+00
1.370185401250138824e-01,9.367346357134912482e-01
-8.559946746221365199e-01,7.046949488246048721e-02
6.919286093114040970e-03,1.169748648890082787e+00
2.774043104983048846e-01,9.573080152604477311e-01
-9.207266571118338794e-01,-3.634894926559927297e-01
-1.163946891631827629e+00,5.169849998841178351e-01
-1.018688476967140266e+00,-6.409370221966143033e-02
-9.184157166813107231e-01,-3.762634256127186938e-01
2.003507948837705555e-01,1.048341322573374645e+00
-1.012705941243526420e+00,1.874592934664913724e-01
4.413372142081514737e-01,9.177608783809581006e-01
-9.946439500058209537e-01,1.556601592825006819e-01
-3.511886654320851564e-01,1.106652641498364398e+00
-6.100902485439375633e-01,8.925609297164993627e-02
-2.107659168288898988e-01,9.610993667958485087e-01
5.872827980044329627e-02,1.375641288274316976e+00
-8.839064458857589512e-01,1.352895112883618911e-02
-1.281996929227597670e+00,2.830018644719630716e-01
-1.389543407878459091e-01,1.138827298001389821e+00
-1.244128826366282858e+00,1.067786687701184900e-01
6.161413671754126242e-02,8.094101003782486758e-01
-1.929632541065091633e-01,9.837534200130602091e-01
-2.939588904018667348e-01,9.134896576192177431e-01
-4.294829756008105015e-01,1.154377305989045865e+00
-1.237095315905800019e+00,8.571485007786308619e-02
2.162735307448674857e-02,1.295406379911199890e+00
-1.411433075921110780e-01,9.368703434032905619e-01
7.493041407718170621e-02,1.130839036495400629e+00
-7.425461716523662492e-01,-3.970269067604838276e-02
-1.085283273956974881e+00,4.351165415816241056e-01
1.996420965621970717e-02,1.298443797249787091e+00
1.708388033938113837e-01,8.776661197423542005e-01
-9.873346554515788354e-01,-2.065003950962295554e-01
-2.002428495587877111e-01,1.021088644403204793e+00
-1.284059205960029537e+00,3.346237710857278835e-01
1.093156752665603165e-01,1.042610441750904116e+00
-1.390940091580923577e+00,-5.535661272099314661e-02
-1.090801462962973867e+00,3.259834764245723299e-02
3.536770360529373908e-02,1.406768710139287837e+00
-1.993052957049101237e-01,9.806103581488759824e-01
2.374954102049643689e-01,9.486937283661931453e-01
-2.179525339074419310e-01,1.135467108957199267e+00
-7.207482567057783840e-02,1.069545199666086965e+00
-1.323405756729448546e-01,6.470166351017421213e-01
-8.908053567410971763e-01,2.513741526559222228e-01
-9.322615495658508333e-01,3.178488856134101259e-01
-6.512641530439206017e-01,-3.798753035469445427e-01
-1.208168051293314060e-01,1.221314657232548395e+00
-6.715560151598685135e-01,6.039993207720086715e-02
-1.380417448978563943e-01,9.517852373945154820e-01
3.356183022623890899e-01,9.723343521346722307e-01
-6.641324534170610638e-01,-8.555755622813772387e-02
-9.277251790046936453e-01,1.351954031766161579e-01
-1.081022902824470666e+00,-3.338336693031128122e-01
-8.834526117464658324e-01,3.505866367761502622e-01
-1.067357496576984754e+00,2.781939642844419858e-01
-8.294722441870261420e-01,5.534105836556242608e-02
1.262606756319030465e-01,1.314324433668649483e+00
-7.362212666596863464e-01,9.836463009389932732e-02
-1.024430992351666347e+00,1.028326673266342396e-02
-1.013813279695501279e-01,8.135687759139652586e-01
7.148442874959425042e-02,9.178013258173632893e-01
-4.433080505591954767e-02,6.565285551709874046e-01
-1.002626273415985647e+00,1.639702556219488350e-01
-8.773423190037311636e-01,8.417927754730332446e-03
1.392250386058344336e-01,5.875103459312457366e-01
2.762172481509556632e-01,1.076624872909051733e+00
-9.747528909305607225e-01,-8.898810263884652030e-03
-4.542919344016881772e-02,8.558101310385393123e-01
2.882859132140624392e-01,9.376312641494377598e-01
2.012574883232804909e-02,7.181305642396590416e-01
-1.264412865727967406e-01,1.136489990169794906e+00
-7.605848421420990935e-01,-1.201085014456674399e-02
7.163342290537839940e-02,1.390726473404895192e+00
-1.679962188189415562e-01,1.165190745189608634e+00
-1.223932269836213393e+00,-1.797899577501636814e-01
-1.185115214960788199e+00,1.560760392675711039e-01
-9.605584630952721525e-01,3.388565549611059491e-01
-9.043426866343212689e-01,1.497885254884502582e-01
9.164082037040695294e-02,1.076097328776951967e+00
-2.001023405811787892e-01,7.368591977537435334e-01
-5.218506620908227589e-01,7.856940109437970596e-03
-9.579477082424954215e-01,1.275140480685537370e-01
-1.066958671756050192e+00,-1.496227258442944241e-01
2.643035098438255293e-02,7.020623960589966739e-01
-9.888730314100582230e-01,8.417232619866009402e-02
-1.543790237095860274e+00,-4.319764021369933149e-02
3.867290703452778977e-02,9.826917120595690669e-01
-1.267790266108179242e+00,-7.371375299896910649e-01
1.232182981904479807e-01,1.078642807773993351e+00
-1.849127486204641402e-01,1.348303617012687194e+00
-1.032262890014181700e+00,4.464384376082686789e-01
-8.508233605923992693e-02,8.343541275544961167e-01
-1.039026428593297746e+00,2.838739310826468576e-01
2.074519295458911172e-01,1.021498528372396075e+00
-3.817415985944557222e-01,5.998446736971621007e-01
-4.522476709415145651e-02,8.177979086408270204e-01
-1.307691815564024918e+00,-7.341248300142337591e-02
2.430946573941503430e-01,1.020273539402981378e+00
-1.357112837354664814e+00,8.904455792627441468e-02
-1.318978081842589578e+00,2.318993858971475086e-01
-7.697987691489990292e-01,-4.145594826830593105e-01
-1.149153160155925724e+00,-1.264351691042089609e-01
1.480612149208268280e-01,7.368817451881531921e-01
1.837995967830717003e-01,1.122446724543294971e+00
-1.358158093701435476e+00,-7.208809160335889754e-02
5.608356224708541116e-02,1.265664716746015328e+00
-8.787694602832911706e-01,-5.495336280042395494e-02
1.584931705832183513e-01,7.255423356594152828e-01
-3.372461369642774098e-01,9.688988945102344763e-01
-3.491352035122586295e-01,1.017628762024564315e+00
-8.255526791415261911e-01,-4.520617043982463890e-01
8.118125408218243577e-02,1.128489564753347940e+00
-4.380198183427380654e-01,1.175698381277892057e+00
-1.091895224231461459e+00,-2.329472225981974731e-01
-1.219466798392175644e+00,-2.889930778485801932e-01
6.460390374299337934e-02,1.176557207282513673e+00
6.984180274781424946e-02,1.460592592176873650e+00
3.045060576864823121e-01,1.147360980623888915e+00
-1.250143499841333661e+00,-4.718741725097370110e-01
-3.742255449660816802e-02,1.125865436432949895e+00
-1.177580529000828768e+00,-2.636849530819124210e-01
3.827118733445150633e-02,1.201532474815877549e+00
-8.132831698109507790e-02,8.114171975463864150e-01
-1.110116428669545741e+00,2.304092368134274399e-02
9.099931605085309627e-02,1.069299871494246101e+00
-1.005048782663312101e+00,2.034262620605110494e-03
-1.191592872993421370e-01,1.284433328480783398e+00
6.599854877635449868e-02,8.945568165785295900e-01
-2.469831317948948668e-01,1.211826791578393347e+00
-6.351157913506959574e-01,-1.296514647333661119e-01
-7.208085208301879820e-01,4.778442070998090707e-01
4.606030019115915641e-02,8.782799175574186323e-01
1.946462063693573108e-01,9.611825793194452849e-01
-1.550820225680338726e+00,2.761459552080859914e-01
-8.412899327769040037e-01,-2.440097055518120062e-02
-1.401216611965271142e+00,-1.050893221981435977e-01
-6.634395141092310766e-01,1.817772520182017459e-01
2.321411801246124618e-01,1.047159339197649475e+00
-1.011296664513672505e+00,-5.948977427862890410e-01
-1.660007956845615043e-02,9.345932863546220215e-01
-1.512820229944331352e-01,9.501967362365459913e-01
-1.331752616828721092e-01,8.498827015228317405e-01
3.066578790156052059e-01,7.966534355276330137e-01
-8.574992982737488223e-01,-2.859068610134599675e-01
1.105084476057865417e-01,8.383755674960877702e-01
-1.413765551537222276e+00,3.110522514251631843e-02
-1.175141296871078239e-01,1.093331793667235097e+00
-8.479137454741052515e-01,-4.606283860269312636e-02
-8.941506471584698135e-01,-2.889106248819345302e-01
-3.086945102376237871e-01,9.297426630373161194e-01
3.431338824770989171e-01,6.672478114712858677e-01
-7.181793219866632327e-01,2.039223276505065519e-01
-1.072250336418735461e+00,-1.326802661180400134e-01
-7.860218266357752448e-01,-6.857829279785217225e-02
-1.374208732631188035e+00,1.091415772013191038e-01
-8.908660114745200476e-01,-2.487905712064030495e-01
-1.695519672173674497e+00,-2.660872109083687320e-01
-1.034099230811398762e+00,-1.370788233979272075e-01
-9.884927675378430978e-01,-1.364761932660882027e-01
-8.870033487668957939e-01,-7.987931721279384334e-02
-8.805189006677532904e-01,6.209189977026603746e-02
-8.031700626084756767e-01,4.626316212353643875e-01
-1.648683340082789939e-01,1.122753573117003745e+00
-8.810653210791752343e-01,9.491028538607591825e-02
-9.814384061106924406e-01,4.226807390506342327e-02
-8.620266583150704154e-01,-3.388550896257403466e-01
-4.953758322471130821e-02,1.427780302284393121e+00
3.244383372357449447e-01,8.341523887266185655e-01
1.807532710800751896e-01,7.796394674557720617e-01
-8.052789597732454840e-01,-1.421197232189815862e-01
-1.163955811765030823e+00,-7.459839772801013513e-02
-2.943765048865394918e-01,1.448494190642058532e+00
-1.080858297724668571e+00,-2.445166754748196170e-01
-1.932414048191023054e-02,8.686378171261964765e-01
4.102154648805921844e-01,5.445400615354487606e-01
4.129121644364155408e-01,7.605827460276346486e-01
-7.653989546015511625e-01,-2.097950554947662083e-01
3.974962893882074133e-01,1.183042123922381172e+00
2.977137317253293960e-02,1.203688541829761816e+00
-3.632204256519817598e-01,1.449983800784786725e+00
1.054388259785798976e-01,1.318118284069704771e+00
-8.623904678937401869e-01,2.353691652762955056e-01
-8.207834781935519075e-01,-5.545550045555826257e-02
-9.902128326964619864e-01,1.657745673313823845e-02
2.178014636117535374e-01,1.262849004918538576e+00
-8.960507994926751874e-01,2.505847274093832566e-01
-6.935601822417516993e-02,9.116827424016442638e-01
-5.609667912453054628e-01,9.203182160141999690e-02
-9.498486153644810637e-01,4.248507061397424622e-02
-1.222561481380519677e+00,1.113624112168980218e-01
-1.133783268357265950e+00,4.296501692154204299e-01
9.008543050104507455e-02,1.004954440078221545e+00
-1.959538655265227747e-01,1.147687174675981359e+00
2.036680276719662064e-01,4.435681507067711360e-01
-6.644879068526292620e-01,2.457388267192518738e-02
4.738005477821145839e-02,1.119795037353556788e+00
-8.442610552113866129e-01,1.171890865889625849e-01
-1.097941671369833339e+00,-1.031331036206417640e-01
-9.816201486241641350e-01,-1.197680351494580797e-01
1.270918660417373336e-01,9.906695322663465753e-01
8.134536807217442045e-02,1.497820334330910885e+00
-1.153996646180740271e+00,-1.301737548168331315e-01
-1.362886772112239797e-01,6.597533459114595100e-01
-1.175254496832490725e+00,-2.264838014679055322e-01
-1.908895366823925854e-01,9.088901454551443493e-01
-1.012136801284049703e+00,3.025027246580817564e-01
-9.483723076404553254e-01,-1.874986984183873301e-02
1.103552568434603420e-01,1.101106813971285625e+00
-5.218471225473464425e-01,1.010811660119200983e+00
-1.771037623752348689e-01,8.258177821881347302e-01
-8.380983624466636916e-02,9.061763801957525288e-01
-9.535900843699226526e-01,-3.654660107367099786e-01
-1.111718984247838549e+00,-3.859808845220503298e-02
4.751747184897469056e-01,9.592826450553094686e-01
6.004016477394555351e-02,1.025578276676615719e+00
-6.289550233993588257e-01,6.834383975831240243e-02
-9.065624367916608195e-01,1.445397565202609647e-01
1.239630313155042907e-01,8.736311155194982359e-01
-8.354088592413424497e-01,-2.991236374952574995e-01
2.317815232865316488e-01,8.983238457145394928e-01
-1.275712241919091827e+00,8.019486077332647900e-02
-1.422727287702882482e+00,2.181699378215767784e-03
-2.444838454471821854e-01,1.148950731921261070e+00
-1.934343977316679841e-01,7.012338811353324708e-01
-1.224096198392462913e-02,8.274800092623754155e-01
-9.341222361841061694e-01,6.542879483108561267e-01
-1.156255989714293220e+00,2.200238102355940306e-01
2.524605369563213131e-01,9.902874790196570798e-01
-1.590761157750449628e-01,6.786912185333697778e-01
-1.060741791841000176e-01,8.749025412483745212e-01
-8.781026970535037446e-01,-9.986690931670248739e-02
-1.145561418967856238e+00,6.528060129595068817e-02
-7.331126723350009922e-01,1.131623906795697354e-01
-4.347564848863768594e-01,9.618700415016135929e-01
-1.167211902252058175e+00,-2.229063542770734208e-01
-1.204291994837162344e-01,8.534632035362299529e-01
3.150979433029395954e-02,7.978109060324953816e-01
-2.077772789331822356e-01,7.802525412071061872e-01
-2.811459329971955357e-01,5.827274936665420846e-01
-8.126838116656375233e-01,8.936822512630740456e-02
3.597508280823969451e-01,1.110900336658955601e+00
-1.086119023686811680e+00,-2.332630523404760070e-01
-3.744057930446786919e-01,1.094281285120866087e+00
-9.081984567285875665e-01,-1.548642719366408529e-02
-1.245720097374442226e+00,-1.304140948017876445e-01
-6.849446874893405646e-01,-5.323677517921300215e-03
-1.110232422014781895e+00,-6.916272080134189260e-02
4.517268725630303461e-01,9.840964167520277472e-01
-7.167198230657256808e-01,-2.108063207022403129e-01
-6.385544710174744232e-01,-1.529647071060002972e-01
-6.820125650320995048e-01,-1.170400220514278278e-01
4.427712135535346594e-01,1.109830465972981406e+00
-1.188282942050499447e+00,1.447158932687568067e-01
-8.699104306986336077e-01,2.085870056367963299e-01
-2.542002385434590783e-01,1.151059137305739055e+00
-1.060645511162059546e-01,1.006396279517348225e+00
1.852603280042937339e-01,1.110457824151596329e+00
1.880247839216696304e-01,7.948816981072219789e-01
-4.259701622343594063e-01,9.262759614698788946e-01
-8.436558608773420120e-01,-1.455001665406717160e-01
-9.423051669799895613e-01,7.622312667040488654e-02
-9.790749818268306148e-01,-5.946078535232685730e-02
-1.610693808229962110e-01,5.442287681397228738e-01
-3.543816034507729085e-01,8.095304864356704933e-01
-1.239915969712839461e+00,-2.044922361026867835e-02
-6.800332178907864122e-01,1.048033062131924209e-01
-9.850005878597751785e-01,-1.215359179048614707e-01
3.512086534806103666e-01,8.422497894466771662e-01
-7.202202212521153779e-01,2.996937400611152658e-01
1.428766245604290719e-01,7.382078255455060134e-01
-7.432212857954585417e-01,-8.925945692043353585e-02
-9.968640930962076041e-01,8.741616951994234108e-02
-1.183985082546359369e+00,-1.661105794743608643e-01
-1.063367486560807151e+00,-5.461488334142962364e-02
-9.107643112292649334e-01,3.066362244570376705e-02
-2.223505159925019681e-02,1.207484429476143539e+00
-6.958559426854737939e-01,-4.985526516351302534e-02
3.828932331501086472e-02,1.037955727624307878e+00
-8.271401463819935129e-01,-1.873642697854284722e-01
1.020989316969982963e-01,1.292068661280123765e+00
-9.949334441492370118e-01,-2.939072384882066361e-02
-1.620657121839839676e-01,9.604289586729810591e-01
-7.421029020801808151e-01,1.331215902580525634e-01
-2.287258431628277910e-01,6.346518104169973640e-01
2.015506526665071518e-01,1.514437735760937986e+00
-9.621680228717173211e-01,-8.712759583057758106e-02
-7.872640443144651723e-01,-2.222229175741432250e-01
-9.007531096757954714e-01,-2.434758325667508161e-01
4.979087962311332660e-01,1.131927871622774751e+00
-1.625049286868282261e-01,1.026142539719221869e+00
-3.428792883926495838e-01,9.429508714530776547e-01
-1.744413238084910334e-01,1.068004676281046450e+00
5.492581327421328652e-01,1.180141513821019172e+00
5.875767075617979174e-01,9.628636770494377606e-01
5.544273138869062686e-03,7.434515666604963879e-01
2.892685348689738589e-01,1.012377008191403416e+00
4.375315252815507525e-03,1.083497735413296859e+00
-1.075360924550528674e+00,-1.032405672556441223e-02
3.445866457455786236e-01,9.711705364816580754e-01
-9.540722291673854605e-02,9.246758718619770834e-01
4.589016389938587737e-01,8.449497827524539151e-01
-1.769898229884037943e-01,9.052158504521590210e-01
-1.007750524194370945e+00,-5.726526048190104801e-01
-7.640235424945855947e-01,-4.226652713395200739e-02
2.119947133920117022e-01,8.686948773002158841e-01
-5.484975652026561344e-01,2.357349711484016050e-02
-1.108470396310573980e+00,-5.344404772204251058e-02
-7.124920599659219089e-01,1.637393843137444072e-01
-2.748985879934507381e-01,1.101470718735412246e+00
1.492088362613224750e-01,1.019109037552424990e+00
-1.005350902164384497e+00,2.681561243102334111e-02
-2.733504970212203289e-01,7.058101785575350284e-01
1.079351383447335090e-02,9.888120810613310052e-01
2.121779572437209049e-01,5.837074413143450435e-01
9.185364994264293148e-02,8.441890107836322876e-01
-1.025959793214790361e+00,-4.433970864829425151e-01
2.110010559832992127e-01,1.010560288991184663e+00
6.108368306528189767e-02,8.242923119933543985e-01
1.975461322536454789e-01,1.322726286267839724e+00
-4.785404558687147286e-02,1.077774593083183241e+00
-1.162038409743796574e+00,-1.410883325181731818e-01
-8.708883554945738847e-01,2.656521604960243588e-01
-1.602129480010366369e-01,8.396169527265542332e-01
-8.377905272171791706e-01,4.844579381200417312e-02
3.031216708294627582e-02,1.167958807670609556e+00
-8.909562133802813033e-01,-1.787538366604692619e-01
-1.013704676324241438e+00,3.526523062059545577e-01
-1.435197913552104021e+00,1.494582745942892033e-01
-1.094694529180437748e+00,-3.106229154702864204e-01
-1.154684620141509299e+00,-5.485315947889585209e-02
-8.139044080748198962e-01,-1.745428101670853105e-01
-1.379124947884691199e+00,-2.645068094272875481e-01
3.397533230741021093e-01,1.190259924914120360e+00
-1.149287499540315727e+00,-3.581909551753369170e-02
2.853758421503785891e-01,7.042152639461662922e-01
-9.039864061093120240e-01,5.597072482702396962e-03
-8.073114726460047796e-01,-1.116445667677262166e-01
-1.538208302102105907e-01,8.263610073677345458e-01
-1.096550311711686820e+00,-1.650965166342958923e-01
-2.069631957543476009e-01,1.003770987641103618e+00
1.356329726520783818e-01,1.101192483609942707e+00
-8.384113932595602670e-01,1.168900132684662883e-02
-8.323207994926761222e-01,-5.528669661789474554e-02
-8.511260606021809894e-01,7.803176036226652790e-02
-1.233989611646906903e+00,-3.958488879708862290e-02
2.399356980237158377e-01,1.066911918096143275e+00
-7.144631737262773230e-01,2.823922097517752028e-01
-9.221498560622097829e-01,3.351118824654957806e-01
-8.637777332302584155e-01,-2.757423116743487057e-01
1.421653381147724160e-01,8.818032841590622839e-01
-1.211959208588147652e+00,1.580671554115259114e-01
-1.081936451868841687e+00,-7.505445055504753916e-03
-6.660805154635123237e-01,-5.728396378242359699e-01
-4.434256979489299422e-01,1.324103717170826755e+00
-1.307955580042284183e+00,3.712005448398612573e-01
-4.743434901779101237e-02,1.121516398547432791e+00
-1.194349834607067784e+00,-4.226431800654196769e-01
-1.478157087219967636e+00,3.120919780660675880e-01
1.998222645673420061e-01,1.188806958909995881e+00
-6.088665315613654705e-02,8.475885374649582138e-01
-6.851500097471243667e-01,-1.832188083565778475e-02
-6.981271611544777045e-01,-2.252246413273336495e-02
1.895661060297548217e-01,1.341820810433517419e+00
-1.162706726876312491e+00,-1.766501712192584672e-01
-1.318523118983092823e+00,1.395065964178163753e-01
-8.906256592714032472e-01,-1.161329749668479211e-01
-1.768647598714639946e-01,9.141625786674083542e-01
-5.952610666531107930e-02,8.132171998064937624e-01
4.739004085529478494e-01,7.544135869599181143e-01
-6.633554717136539436e-01,-3.389877537579303324e-01
-1.140232544229251133e+00,1.412768620443894396e-01
-6.014139870121082421e-01,2.494412797136889570e-01
-8.464470634704032159e-01,1.071194868398141209e-01
-1.233001539130650220e-01,6.635340944011207664e-01
1.840049987844229740e-01,1.072585553334185260e+00
-8.377850324288782513e-01,-2.461936970316795925e-01
-1.813245191413300483e-01,1.133203401824987244e+00
-1.143251556548957160e+00,2.861926608161165508e-01
-9.490960817237392710e-01,-4.447415631982547940e-02
5.298851145691604869e-02,1.439897814319235803e+00
1.011977486415260308e-01,1.568572843251075044e+00
-8.608717513068901983e-01,-3.940048766447388773e-01
-1.666891595976104090e-01,1.283466507783695310e+00
-2.055972807965430194e-01,1.243726689544265795e+00
-7.287446336676732805e-01,-4.208824367955689427e-02
-2.983529061155042461e-01,1.026411373262602122e+00
-3.301354764853110108e-02,1.080987548979053026e+00
-1.038216125467253725e+00,-8.109958245981416236e-02
-3.432126806561323074e-01,9.815073901992394934e-01
2.336633873224986668e-01,1.310506797006254276e+00
-2.775194519977502439e-01,7.069555822424768987e-01
-9.549491524919967098e-03,1.059169782861351994e+00
-1.326666496052775646e+00,1.122282207098078133e-01
-9.781717996758962919e-01,-9.471175783799623549e-02
3.421650609808213894e-01,1.155527599921379656e+00
2.538147832889937061e-01,7.641503092453261203e-01
4.019763549473069908e-01,1.139418013497536908e+00
-1.230023974073172877e+00,6.518925888162871440e-02
-4.797247005992806290e-01,4.121689678666055207e-03
6.542785966651161467e-02,7.506990356626654926e-01
6.099054806686148023e-02,8.437263087587824062e-01
-4.384157686679838323e-02,1.101134613472635193e+00
-1.098609379482123227e+00,-3.784896230896957481e-01
-7.653740801426827112e-01,-3.599489571654786446e-01
-1.013205522894947030e+00,-2.873501257630133726e-02
-1.060785352313430296e+00,-1.756788829787064854e-01
1.181314176388424397e-01,1.217499766436801023e+00
6.671636345951437175e-02,3.386059337871096808e-01
-9.456118915922656631e-01,1.669599035658404507e-01
1.015165481756668264e-01,9.646439755979286934e-01
-1.289086969138242500e+00,5.696078205373774489e-02
6.469499396420705373e-02,9.097550157151536032e-01
-1.044893288704890510e+00,6.876638124261048868e-02
-1.546103071099263482e-01,8.446430047164071864e-01
-1.045570112692667086e+00,1.824982929819338739e-01
1.853677770862514063e-01,5.501405769961094094e-01
8.327177715462674712e-02,7.231155932170922895e-01
-9.042074551460478338e-01,-9.682106167598830693e-02
1.686093092841695618e-01,1.021332758112903472e+00
-1.303957681854638118e+00,-1.597504959071540179e-02
7.130535089011096062e-02,7.586049995011783231e-01
-9.331580617180957882e-01,-2.122876756300142997e-01
-1.922630108410439964e-01,8.983790820242330000e-01
1.195299779345920382e-01,5.453911024883741909e-01
1.889065002624709388e-01,9.328785512790760404e-01
1.728164752091662371e-01,5.137554033939739639e-01
-9.825700865406540307e-01,2.442339712420981135e-01
-3.303044057402546030e-01,1.149596249212106347e+00
-2.395583756811536236e-01,7.579787805984793403e-01
-9.442370857195862832e-02,1.184074066198782527e+00
-8.396020619036019816e-01,-3.011512884917659158e-02
-8.949682615803118413e-01,-5.565684147809030202e-02
2.146981557601968793e-01,1.021705242475821063e+00
-9.484036420373535003e-01,8.728822936707865410e-02
-1.160045971363737466e-01,8.895766957147753784e-01
-6.999482515327554166e-02,1.242668170448072207e+00
-1.232830006230222430e+00,-2.718884495083960240e-01
8.658202400008493949e-02,9.998577163091260100e-01
-1.710672246316225498e-01,1.316246977972178822e+00
-1.036531680221831030e-02,1.137075980620464222e+00
-9.727231836289114142e-01,-4.144235830332858306e-02
-1.218580431461117941e+00,1.633980184041352313e-01
-9.187609915783172543e-01,3.058280318885030491e-01
1.919908023145190656e-01,1.320114583935272812e+00
-1.666114295258832034e-01,6.041905761003352193e-01
-1.060470988481739596e+00,-7.721219785035254857e-02
-1.474790643886211006e-01,1.238331478092991933e+00
-1.371183671527694825e-01,6.773080738117555066e-01
-1.282912839224676915e-01,6.420505156968980831e-01
-8.644825562703982724e-01,-1.605943003800729407e-01
-5.526790036671826861e-02,1.154141206344701187e+00
-2.485262690654350404e-01,9.130066546703372588e-01
-3.511463288119783671e-02,9.101606407798541465e-01
-5.980509252598081166e-02,8.262545517586894483e-01
1.525030119362202619e-01,1.011939991658247218e+00
-1.176839036319036191e+00,-6.093215289368640597e-02
-7.298069603145238005e-02,9.871987736200383834e-01
9.276018190156665177e-02,1.072685770266257110e+00
-1.004668014615537786e+00,-8.462330082207736304e-02
-6.572160168611961284e-01,-9.948166113944041655e-02
-9.037944778137071422e-01,-1.068698515298469459e-01
-5.779770520084417246e-02,9.403543058596617321e-01
-8.200202709179599259e-02,1.102101450388045967e+00
-9.836348925758200412e-01,-1.048939544689660719e-01
1.724132657831271287e-01,1.022431150753158269e+00
-4.534298232409006424e-01,-8.526607146073987564e-02
-3.804296236260750093e-03,1.287517227243881068e+00
1.502282727334474655e-01,8.752402508694117067e-01
4.380196168611086849e-01,7.076686909342586596e-01
-3.158306523404848520e-01,1.179900618837703474e+00
-7.055442118104524041e-02,1.270466435331031096e+00
-1.021240942121230955e+00,1.112348803109493300e-01
-7.238699192116251346e-01,-9.636690237499734302e-02
-1.903070224370024544e-01,1.744466959027943354e+00
-5.051978692226802986e-02,1.025363414594239186e+00
2.209441667658940955e-01,9.317314782592206468e-01
2.247573146331430793e-01,1.432084282053947666e+00
-1.666482070152799089e-01,1.048066788971185881e+00
1.913577971266765820e-01,1.535459268585313009e+00
-1.391041590144923790e+00,2.105462707470509010e-01
3.295124964825189573e-01,1.063414635279272824e+00
-1.267507965301190032e+00,-1.869168496386811873e-01
-2.556647799029401064e-02,1.305137224559620446e+00
1.013804136058709532e-01,1.401969171241649548e+00
-1.107624609127627391e+00,-5.383226574912922668e-01
-1.147138833500924493e+00,2.391927055968537108e-01
-2.375990105059269941e-01,1.004132779237246753e+00
-9.473535479165237083e-01,1.033816032860378764e-01
-3.108729605742449262e-02,7.368128538401153005e-01
-7.891343028218311684e-01,-3.472385856737852938e-01
-1.057225584061924906e+00,-7.648630907138771751e-02
-9.374843222189157554e-01,1.895057765152543261e-01
-1.185840182880624205e+00,2.939241204647973782e-01
-7.666488714727665021e-01,-7.379818617971249661e-02
-6.136297905758190258e-02,9.371079799777140007e-01
-1.112050828518433176e+00,2.218032077146840364e-01
-1.158034100845085845e+00,-2.764054569301161446e-01
-3.249163097706305736e-01,8.815154447629213186e-01
-1.816220011089231257e-02,6.379005523452823123e-01
-1.046394737399401365e+00,5.982489430685430931e-02
-1.574931170875963626e-01,1.311580955123148318e+00
-1.076617247156772761e+00,-2.184763426119597507e-01
-9.806337144686432250e-01,2.022562405987510248e-01
-1.758971613451832672e-01,6.480021247858829270e-01
-8.396700600323623309e-01,-9.656114296241097295e-02
1.430258244790300060e-01,1.170360148890279728e+00
1.863812552403478762e-01,1.058453009971197289e+00
-9.605489869855475815e-01,3.011890652725900952e-01
4.474248132138858858e-01,9.800563067343301960e-01
-1.176938344692610272e+00,-5.608013676939904019e-02
-1.465395660832327751e+00,-5.113261846989489157e-02
-8.043415069952311036e-01,1.207309992932906473e-01
-1.281725471557305207e+00,-4.467833111037279870e-01
2.839546585713940141e-01,1.201445282401109704e+00
-1.017536627999329424e+00,-1.857601169929560536e-01
1.119755260237744778e-02,1.076609258267357871e+00
-1.334621067983322140e+00,-4.347351799209424050e-01
-1.278021893446679158e+00,-8.074574906911972938e-02
6.067136078661707066e-02,5.673693238906930558e-01
3.106038432848320374e-01,1.071963763170980188e+00
-2.326361146771810939e-01,7.984804997678547345e-01
-1.055528507147265982e+00,1.436918035462133869e-01
-5.706981508930258212e-02,6.836151692776357702e-01
-8.338085852867133108e-01,-1.928957961113207109e-01
3.966450814527698321e-01,1.079236129634966179e+00
-1.304668345262969265e+00,2.556988967899867515e-01
-7.961680278439537961e-01,1.243889792831617408e-01
-9.646461177134517673e-01,1.535310841322154451e-01
-1.030905840221778780e+00,2.876530203537160379e-01
-2.050861840279238069e-01,1.227715300181076774e+00
-1.181771253344110040e+00,3.227810288648941262e-01
-8.157344616813511085e-01,-2.786304931260001894e-01
-1.547344070381312664e-01,1.087353160125892115e+00
-8.568930122875788591e-01,4.169918131020597385e-01
-5.969260419763065817e-02,1.063295909264058814e+00
-8.555022205360071075e-01,-3.407629092319349184e-01
-1.615560117620265801e-01,1.048494111358146741e+00
-1.484230540373016272e+00,-2.608553917232508956e-01
2.198120560032471027e-02,8.067024368826160030e-01
-1.024900321792056451e-01,1.058924445059666875e+00
-1.188118822931256036e+00,1.079566021510412477e-01
9.307793203315537986e-03,1.105917587737963004e+00
-9.060896730375508357e-01,2.329442757475387316e-01
-1.334024740298546341e+00,-7.407557263038884454e-03
6.183494922861642457e-02,1.113195423903932557e+00
-1.311104227713464798e+00,9.112966554943091602e-02
2.307975052394075632e-01,1.038859013214956883e+00
2.504654822679361348e-01,6.010671582654663059e-01
-1.142198423075213576e+00,1.771701874132474430e-01
-8.574643871676899121e-01,-1.061843237199173867e-01
-9.434903787724385760e-01,-1.639884281383030273e-01
4.191553963745505151e-01,8.361156152739469549e-01
-7.724267211618836004e-01,-1.993556841404695024e-01
-9.563172786794328362e-01,-2.522483701840164128e-02
-1.652771934623882277e+00,-3.206629169748584918e-01
-4.905002037432160816e-02,1.009201270930356165e+00
-8.907185208099716034e-02,8.190464772341332633e-01
-1.002054928265736722e+00,-3.076340142978088998e-01
7.302383885115021345e-02,1.185869605687741357e+00
-9.450000292322013884e-01,-1.436795191477890365e-01
-5.661125931750046192e-01,-1.123204615804778844e-01
-1.378492264001156098e+00,3.708035529939864711e-02
-9.407731376225746400e-01,8.079331098937878042e-02
-2.596896232565453211e-01,1.219758073065300596e+00
-9.491193250028178152e-01,4.853080554003059294e-02
-1.542928057415282161e+00,-6.928392468311655311e-03
-1.549442026103042602e+00,-2.492756390683141532e-01
-1.281356042898048386e+00,3.401966565978494783e-01
6.284235937467179400e-02,1.080090770969837521e+00
2.100677997728203350e-01,9.033391162636175142e-01
-1.359468616937025809e+00,-1.236808030565985511e-01
-1.189819643714410402e+00,1.863575451256072324e-01
3.129266290950223780e-04,1.071904690377445624e+00
-8.805826565745501489e-01,2.056688489206375259e-01
1.253186397530144658e-01,1.124256551860493891e+00
-1.284935342283304582e-01,7.966527733749593221e-01
-1.073765413613943842e+00,4.109950757439317232e-02
-1.050856325152492499e+00,-2.085751333123333495e-01
-4.817447167616676351e-01,1.332430270199582933e+00
3.097177083169371237e-01,9.598687877650877720e-01
-1.254077822253671037e+00,1.031026553172783577e-01
-1.689505330659822890e-01,8.228189931051828054e-01
-1.349413687033571341e+00,1.750789941459789945e-01
5.180865914226374241e-02,1.021163603863740832e+00
-9.881054835289050375e-01,-8.927874928764781282e-02
-6.410073237726829909e-01,2.336777548187603526e-01
-1.404870154153119444e+00,1.165956865212177118e-01
-1.177418332860485695e+00,-6.883755634608059761e-03
-9.919391248786243453e-01,-2.438365765365878568e-01
1.308620989732993574e-02,6.799822796062984231e-01
-1.730255343662081557e-01,8.899447560290481007e-01
-1.258484844777651768e+00,-1.048709073229491529e-01
1.557987265855185210e-01,1.141902131361606010e+00
-1.057731779612433476e+00,2.333607004226231907e-02
-3.813078121189557024e-01,1.249434354926280744e+00
-1.071586535738545953e-02,7.978287444696673392e-01
-8.577194062397837104e-01,2.032158741401073887e-01
-9.455124842179785105e-01,3.796028930796218476e-02
-8.862759487105572598e-01,3.064230322043943189e-01
-1.318300690380029394e+00,-6.464294851543753717e-01
1.951626826060086917e-01,1.244900167523339096e+00
-8.649426959910682111e-01,9.549387000379781776e-02
-9.659190473896666074e-01,1.748607049671513092e-01
-7.267181102964026529e-01,-3.533231654726564086e-01
1.714482410507627008e-02,1.052252435098290029e+00
4.751664256289796218e-02,1.298380274078330565e+00
-5.073487873647911789e-02,4.886668832870232348e-01
-1.349268070478677917e+00,-3.388657181670853835e-01
-1.188874494911871908e-02,1.120150380985675875e+00
-9.603449200463970437e-01,-2.455169181866956318e-01
1.568579715608491298e-01,9.162751497180406934e-01
-1.710298729546240806e-02,1.022405255662097945e+00
-8.405030148380751229e-03,7.667332818500052216e-01
-7.300919869674760143e-01,-2.350924523959535273e-01
-9.141027020674272752e-01,-2.483391273383039610e-01
-1.266108468277064247e+00,9.317154744687504431e-02
-1.281611215400778381e+00,-7.791302709501590762e-02
-2.839397955971755816e-01,7.998013076781685937e-01
8.802244653091567672e-02,8.857506259513933111e-01
1.093664506934629438e-02,1.032560960660710014e+00
-1.018845210598878781e+00,7.396387624632090596e-02
-8.637314566717919639e-01,2.531911192160866131e-01
-1.237167192298896379e-03,9.451223223008879959e-01
-1.206187746999354715e+00,-3.317643607477945289e-01
-8.846288089672783572e-01,2.611499772399996644e-01
-9.854269024410136080e-01,-1.383783933497567953e-01
-1.819668958776358147e-01,8.986133554211144236e-01
-1.464114586316808686e-01,1.132314471047405346e+00
-1.556568364599295214e-02,1.184603004554391381e+00
-1.010306649901344445e+00,3.233132321298069489e-01
7.622066523848680664e-02,7.100236225614826591e-01
1.643633272750725377e-02,6.007120486595789455e-01
-1.094578529586871074e+00,-1.003201343300866161e-01
1.084064453478330026e-01,1.138100341202161525e+00
2.890931758212177405e-01,9.143597377810752658e-01
6.699139905462124338e-03,8.872780849381528556e-01
-9.427227323249417479e-01,-1.705289897712536362e-01
-9.033675964543024239e-01,4.375696693425061845e-01
-1.024551399779474181e+00,-2.368502132775545388e-01
-1.327253586570032340e+00,-1.553432583759442320e-01
-8.642859797960580348e-01,-1.473991432478404251e-01
-1.125825343281601887e+00,3.282735717801145425e-02
-1.164260892115266177e+00,4.789810802316988442e-02
-4.759097753786400986e-01,8.626759146160863090e-02
-1.168941332108848874e+00,-5.863761210988105432e-02
-1.174575261389132708e+00,1.998518302720485584e-01
6.459974591033097457e-01,1.097917208229825192e+00
-1.915720390543399210e-01,7.946147104919263349e-01
-9.438011588651202821e-01,-3.936471992647267576e-02
-9.857285349186091228e-01,1.306741218026272466e-01
1.301282549805979905e-01,1.317094685683600108e+00
-7.270545074797680751e-01,5.456668554244241236e-03
1.364441707022371331e-01,1.330047755577792978e+00
-8.711680159425230219e-01,-3.932237466923111380e-01
-9.786221491655704430e-01,4.574456482207124239e-03
-9.280839239498832605e-01,-2.247014407887353571e-01
3.192687919874703240e-01,1.370877374901649182e+00
1.953947940096021144e-02,8.894207391892832160e-01
-9.197239246932906731e-01,2.086088509562702142e-01
1.827433614967782227e-01,1.378993017664681631e+00
-1.237080542490071933e+00,-8.152045642946958992e-02
-3.222364475405273265e-01,7.055571521447663308e-01
-1.392506405154412708e+00,1.056952487904821436e-01
-1.286835880992635239e+00,1.930732936839507363e-01
-8.639505042060261486e-01,-1.686650788997994532e-01
-1.191547520834771223e+00,1.555430802710589533e-01
-5.550554878034801298e-01,1.106568435376662496e+00
-1.316058163118753455e-01,1.011147936248290247e+00
1.021305584858235721e-01,1.101030458765419828e+00
-7.748588370458620034e-01,9.979632742166567871e-02
-9.356311439066353763e-01,1.348069746959649345e-02
-9.642444160998761005e-01,3.440066389068273667e-01
4.360943480522508353e-01,9.614588380162499837e-01
-1.293263613651184585e+00,2.872850828313874283e-01
3.966500065167724381e-04,7.562608637582223237e-01
9.814652878703161720e-02,8.665936014070446669e-01
-1.179289699676425496e+00,-8.678710212988164285e-04
-9.827815710671194971e-01,-2.282476198543754997e-01
6.760379004673479353e-02,7.254396734657417856e-01
-1.143450450088459469e+00,-8.438733721992877634e-02
4.410022823994698693e-01,8.344895277296306979e-01
-3.048831435899488351e-01,1.332074954341519346e+00
-1.018572892758244919e+00,-1.444490521725886878e-01
-7.610023237179637245e-01,9.948911844204599841e-03
-1.210543078185878363e+00,1.605508174952702261e-01
-1.058932096621789887e+00,-2.391560285150441389e-01
-3.888819987349965979e-02,1.055005194214081232e+00
-9.876378409654816837e-01,-3.039804842210370173e-01
-1.112242127081254806e+00,4.142300669094856613e-01
-2.891790161270192394e-01,1.051639803106379834e+00
-9.812034709092634088e-01,3.947749830622251932e-02
-1.033184449663212962e-01,9.590180994499234446e-01
8.726616927739529184e-02,1.158126753943401699e+00
-9.051660697458487892e-01,-1.032483149205064288e-01
-1.199681873944263177e+00,4.861775681999505605e-01
-1.455590660949474646e+00,1.372935068609137665e-01
-8.764424904177950948e-01,1.133632906151855052e-01
-3.860988845956968007e-01,1.081896919833983395e+00
-9.233965584862445786e-01,3.411735385360783468e-01
-1.112527236678812592e+00,1.050913441952593536e-01
-1.189125418009811863e+00,4.004664303853464058e-01
2.054328193423608229e-01,9.590081118112908642e-01
6.147297784392279085e-02,1.024275275790782258e+00
-1.542516932496991178e-01,9.825485823561154186e-01
-1.307184090082986527e+00,-3.367043932469467871e-01
-1.048600034060585525e-03,1.083406217909041125e+00
2.372436609464856905e-01,7.044707104751082305e-01
3.136545683413412555e-01,8.770782454096065495e-01
-9.882493662325927408e-01,-2.178407948475614142e-01
-9.155458883659348124e-02,6.640238483861709007e-01
-9.439130331157368214e-01,7.533686577724868494e-02
-9.904292978446057605e-01,1.684656769266113518e-01
-1.017040169953766116e+00,-2.877086661185750960e-01
-1.044630933258060834e-01,9.968324744698611184e-01
-4.227095623898078358e-01,1.159371082783289042e+00
-1.118474477881298057e+00,-2.162543456464917357e-01
-1.151144390494616587e+00,1.184563743551789693e-02
-1.649230829550994981e-01,1.133143359005437389e+00
2.083160800249410360e-01,1.059458871050545925e+00
-7.195710917966151587e-01,1.957279947870887160e-01
-8.935526896365350025e-01,-2.127038426090335776e-01
-7.401793018000611957e-01,-4.856689365663111740e-02
-7.482364279034385834e-01,-4.086514363523180426e-02
-1.282824221016043209e+00,1.417391807490146760e-02
-8.478045947217542899e-01,-7.196665772066326849e-02
7.714935409165921132e-02,1.232729183280183882e+00
3.081403415568960691e-01,8.332058610471297921e-01
-1.295661300781277170e+00,-1.725165534568526005e-01
3.987017997856006635e-01,1.344279224465033007e+00
-5.171475635568485024e-02,1.003210331847379733e+00
-3.011208600212254005e-01,8.016462975026847904e-01
-7.028046177165909736e-01,5.761846285566705334e-02
-1.312476899780986401e-03,1.155849955530023232e+00
3.019582917167233371e-01,4.251298152941234143e-01
-9.482358595042922333e-01,7.020382291176106848e-02
-2.007853987877407931e-01,9.908137862025286902e-01
-7.199190694004333757e-01,-3.143030842515655010e-01
-9.683354171357279050e-01,4.508917708337650126e-03
-7.399097383041282061e-01,-1.275169586892345719e-01
-1.474638561472929044e-01,8.578136292559136455e-01
-1.153861818577269549e+00,-7.549310834743878235e-03
-9.883529471980699865e-01,1.686906080115217477e-01
-1.200636853955073358e+00,-6.140258069703457416e-02
-7.912660887818026012e-01,4.791431099209361721e-01
-5.979099820660357251e-03,7.654220152560877732e-01
-1.039904842056590839e+00,-1.724743191210895421e-01
-9.211648092849896718e-01,-1.640239501017939638e-01
-9.646409651770981863e-01,-1.922396148896037826e-01
-1.288039387049137563e+00,-2.651534563006506806e-01
-6.466473664559345413e-02,1.258585860962513348e+00
1.427389571352126463e-01,6.675699718920998782e-01
-8.083190996447793264e-01,-2.890092803793010146e-01
1.886462595974076339e-01,9.877219629726073924e-01
6.237982256604396314e-02,9.959915490714562614e-01
-9.712243499081677500e-01,-4.198648100927554472e-01
3.597945029922083870e-02,8.122140493009150086e-01
-9.835520416407430577e-01,-1.245344371830374441e-01
-8.723636062270939684e-01,-5.010253346134035252e-02
-1.625216973907731843e-01,7.021918923488323916e-01
-1.423847015205160327e+00,-2.411209639262494597e-01
2.884814895240849220e-01,7.386799878590183388e-01
-6.805845384432025469e-01,-3.382167485015660779e-02
-3.259310826695727137e-01,7.575022387069556551e-01
3.495607353912230653e-01,1.030652418766031309e+00
1.278609976337309884e-01,7.150554897115276587e-01
-1.121045643835376193e+00,4.855702087510653242e-01
2.333311988728790087e-01,8.449007901751169891e-01
-1.051688615888845657e+00,2.818257829747554122e-01
-2.655332748973053825e-01,9.312834352671311988e-01
-1.202382501090943023e+00,1.170593939690702315e-02
-1.156251857746621869e+00,-1.910846922015739524e-01
-6.855226813317021328e-01,8.436710755329310807e-01
-1.148297326908215066e+00,1.612018192075144740e-01
1.285157443469512883e-01,1.349967276963761620e+00
-6.187760579423786655e-01,1.252021160984664871e-01
1.632982387374662392e-01,1.049023779408833734e+00
2.334600591772821310e-01,5.772539539528473984e-01
-8.210596795278475302e-01,-2.615630693341622348e-01
-1.450706443833038595e-01,1.414026857501682777e+00
-3.856335750398005580e-01,9.811548681368537084e-01
-3.225883753475833893e-01,1.106214620304691865e+00
-9.849421021091447903e-01,-9.031072575914918243e-02
2.742219880382559261e-01,1.079305390339973192e+00
-8.878846696389957049e-01,2.125790871527146741e-01
-7.506019723841574898e-01,-2.505531601594580479e-02
-1.026690448034570879e+00,-1.142175744549027011e-01
-1.341349286637947502e+00,5.271531188072264666e-03
-5.451146904201762539e-02,1.470222057483054234e+00
-1.165767266461793739e+00,7.908386809573107745e-02
-3.888548436317568191e-01,1.107485140002544499e+00
-1.133353856684853556e+00,-1.690261445949510222e-01
-9.416829768955607693e-02,1.173971276594254487e+00
1.823063260288178833e-01,1.154130999507303912e+00
4.488874536367696289e-01,1.407999114905658766e+00
-8.247279723789463501e-01,1.806283459440412575e-01
1.129786362013634332e-02,8.248555581989296392e-01
5.408339275708127364e-02,9.569428376282376192e-01
-1.020030814122520724e+00,2.564600748128008645e-01
-1.377282887589321714e-01,1.115078189248325025e+00
-9.200158396668161043e-01,-4.779638245692233861e-02
1.974186553595314725e-02,4.582874176604991856e-01
-2.448081946428035116e-01,1.021962024790129986e+00
-9.399139321208718201e-01,3.155422730061044345e-01
-9.349480831157926941e-01,-1.346983780507355309e-02
-7.651476937734302819e-01,9.137102319865664235e-02
-7.705066034319373036e-02,6.284771980193506469e-01
-1.157786107598003822e+00,-1.627668199016362449e-01
-1.333128821091704275e+00,1.569958221893144601e-01
-4.030379070694369292e-01,1.036982053330212539e+00
-8.183181053917680803e-01,-3.005352355476324511e-01
-6.407282968680276802e-01,-1.641937921763872085e-02
3.348820771712331390e-01,5.747485489550128168e-01
2.351727771090869057e-01,8.056707001207170649e-01
-1.063256280245169938e+00,-2.775424523154412793e-01
-1.153483237366822012e+00,3.867080538301513604e-02
-4.372173120568877136e-02,7.126126451249146232e-01
-2.521162037636240916e-01,1.116499091401349952e+00
-6.487828111908936490e-01,2.591201295460914822e-01
-2.377448068868061315e-01,1.036466671465999134e+00
-1.270944714686177646e+00,-1.981613835006776903e-01
-4.691480686088719820e-02,1.080006617434085658e+00
-1.059611732824583541e+00,2.344558370887893720e-02
-1.468655413173516888e-01,1.163405477283457223e+00
-1.373905462199853211e+00,-2.776051981682316483e-01
9.215562162857043882e-02,1.139727861730745362e+00
-1.158636824783296770e+00,2.635210224146149471e-01
-4.148952188680825603e-01,9.943521816005665981e-01
-6.439415585572633161e-01,-3.230510105310389068e-01
4.372533891041057164e-01,9.970786903304734716e-01
2.367390586922493989e-01,1.296384329703178961e+00
1.748705244926711810e-01,7.717869566743191800e-01
-8.685364130646988645e-01,-2.829953325338642744e-01
1.604995830609115270e-01,1.115395157404855064e+00
-4.259103260992792850e-02,1.090177034810212886e+00
8.942970873584552005e-02,8.408349679945538169e-01
-8.746948917548585944e-01,-2.822776152118219306e-01
-7.390609319235454944e-01,-1.740059577744429986e-01
-7.615821321927100929e-01,4.615640418322521366e-01
6.390870295015779745e-02,7.313336993433776634e-01
-9.309064895636322001e-01,3.105883695596897143e-01
-9.224194845746868099e-01,1.155260996748732651e-02
-1.445825747192502342e-01,1.034110212721679689e+00
5.921466390099886651e-03,8.769682065271869886e-01
-8.581152401226036508e-01,1.685753925884172708e-02
-4.946613506203595412e-01,-3.430529885422896053e-01
-1.150503864026148904e+00,7.912878614274917455e-01
-1.053213300619519455e+00,-2.291336431926369599e-01
-1.010632749520697260e+00,-2.970687099421375280e-02
-1.597222508783754102e-01,1.077914177740448398e+00
-1.024277184220993453e+00,1.863869042483323746e-02
2.452823500014884306e-01,8.083650173112226778e-01
-3.243501106710462017e-02,1.160532126552972887e+00
-1.063078995499438406e+00,-1.270618370189578739e-01
-3.582403104820001682e-01,7.793407350815587664e-01
-1.291773562932914121e+00,-7.983696537455285680e-02
-1.650880375926999655e-01,1.109559878459105642e+00
-9.871373095245414842e-01,-1.448842298728156286e-01
-5.598164610055056389e-01,8.775632632837204739e-02
3.007875891354264697e-01,9.422515038868112258e-01
-2.696526804350853901e-01,1.442498259880688805e+00
-1.101088706174381704e+00,-1.199701506910887533e-01
-9.516718870997706858e-01,1.629341539149111173e-01
-1.740829493601851463e-01,9.627472917123741647e-01
-1.233814097939996135e-01,1.359472676942650171e+00
1.069492620114946280e-01,9.932242360670183734e-01
-5.909580842071333606e-01,7.742681406384513965e-01
-7.466819877006971584e-01,-2.462600980070951961e-01
-2.837550402798241778e-01,1.375712301403869464e+00
-1.087858044929659096e+00,4.457507365103637320e-01
1.638663254747737760e-02,4.767089025606118247e-01
-5.864323576956209649e-01,-1.025141907674017444e-01
-1.062313486761122139e+00,8.268080340193291466e-02
-1.101839038570260554e+00,-3.455092602019945169e-01
-4.390262404084150361e-01,8.896185767813202805e-01
-1.389379792918666034e-01,9.197334561475076775e-01
1.409086334421612297e-01,1.115575899480023780e+00
-1.338778105261971829e+00,3.361892771972101457e-01
9.291114543081316346e-02,1.387960946343368640e+00
-1.068781911512826088e+00,2.084797395986355550e-01
-1.024278314390297373e+00,5.668954657309193540e-03
-1.087586642532914483e-01,9.113669929261143388e-01
-8.548034381554105998e-01,2.413335550639847116e-01
-1.117608990093370558e+00,-6.651270226218665427e-02
-1.809015259231486761e-01,8.206135483186174362e-01
-1.034724343757453147e+00,-5.026779205567065700e-01
-1.958651466104838201e-01,1.076545984422964786e+00
1.059243814032148623e-01,6.641569653919049410e-01
-1.120671147178570637e+00,-2.549160711318796957e-01
-1.250611167025706960e+00,-8.300304570929928349e-02
-1.010281740238899051e+00,2.498295342774456071e-02
-1.003977700654535177e+00,7.961467457567268646e-02
-1.259109678371752583e+00,6.395546971586987817e-02
-8.342152728956613028e-02,1.017459733844477077e+00
3.159977612928580037e-02,9.541069322564281752e-01
-3.490547882720516637e-01,7.722029790013684725e-01
-2.961655320267836747e-02,9.298291668002522936e-01
5.006265733429063891e-01,6.710951129022668660e-01
-2.853590769746890410e-01,7.245830731498053012e-01
4.423770190661786839e-02,6.022126540311335541e-01
-9.555584721602526643e-02,8.262619958278154542e-01
-1.176015053356261747e-01,1.135500653408579641e+00
-8.530173357096602071e-01,4.885172780342068172e-02
-2.294188669217732679e-01,9.738216795321328334e-01
2.879173536702795966e-01,1.110922265758339744e+00
1.224766999396875861e-01,1.049054836191944062e+00
3.117981161576223181e-01,1.127334820209499266e+00
-8.747783097909656025e-01,-9.085189191904044503e-02
-9.674486070529376702e-01,-4.436860617128964707e-02
-1.041285467886655214e+00,-1.344132840137638174e-01
-7.262228634153820861e-02,1.214260884041350463e+00
-1.150753984290943999e+00,-9.366944155156617380e-02
-9.136476490623565150e-01,1.291538844488002435e-01
-5.984427884247387475e-01,1.493833486033168401e-01
-1.264080581751163335e+00,2.588436326086063222e-02
-1.149348326170930523e+00,5.155749683869611522e-01
-8.499064770768738342e-01,7.690110114107082673e-01
-2.220110314147293040e-02,1.168762921289019818e+00
-2.590407305898953516e-01,8.174714733665336963e-01
2.666115628727777284e-02,1.292603191438444155e+00
1.525453382980166694e-01,1.186857692926889474e+00
1.824591366406267123e-01,1.154402836986669234e+00
-2.735300362474678629e-02,1.109385216033192734e+00
3.955699983116271468e-01,7.346067015389985411e-01
-9.300134263221067066e-01,-7.709645023028675881e-02
-8.674171734675290013e-01,5.601269219592274612e-02
-9.628832451584089513e-01,1.177695049178286747e-02
3.698141407427748550e-01,1.026863765632284320e+00
-1.195837762753002576e+00,-1.892625186633270229e-01
-1.051594322264181924e+00,-5.910693300598370004e-02
-9.014752617912148713e-02,8.605582355964788155e-01
-1.051430047735830486e+00,4.066385502424221254e-01
-1.264428585004556460e+00,1.304250869957924441e-01
3.516822204716022471e-01,1.135110848229192282e+00
3.315706113558032908e-01,5.495234378096580663e-01
-2.518499844270673527e-01,9.486609290681720097e-01
-3.188277956373747890e-01,8.163162713680461868e-01
5.720867575339573241e-01,8.917136895931021545e-01
-1.168160440981413223e-01,9.639061999339932907e-01
-1.791822931017747755e-01,9.962053499698925174e-01
-8.367165850016664574e-01,-8.256268675760761178e-02
-1.028534377900418795e+00,-1.474987268263914797e-01
-3.125421796845328504e-01,1.327085528585605356e+00
-6.873865389216329280e-01,4.338970694805711903e-02
-1.246089023144613339e+00,5.541656109900556376e-02
2.274791991517496614e-01,1.208429960737975817e+00
-9.157702131709472004e-01,-3.087577615575541889e-01
-6.253555962535073398e-02,1.081071510637486854e+00
4.166662980695262641e-02,9.239881866325581061e-01
-2.863918802899024230e-01,1.191787811716614964e+00
-5.650217739814236140e-01,6.507537385134806729e-02
-2.033219050499710523e-01,9.244142703664536276e-01
-5.587946253925089035e-01,-1.655811589128128869e-01
3.909181067130602927e-02,8.960956866263514176e-01
-1.640203649385291174e-01,7.460343574389578514e-01
-1.496017834570309901e+00,3.015060364675697380e-01
-1.174704652468626209e+00,7.500336092446885372e-02
-7.272919891247437985e-01,-4.019271153577485545e-01
2.621731021023908093e-01,1.104844770695484035e+00
-8.043061619630654802e-01,-4.321612783692662663e-01
1.205900721486458799e-01,6.742775410195704922e-01
-1.280584173975278572e+00,-2.176711861791983116e-01
-2.416886252306912897e-01,9.033400645075532198e-01
1.257272123438405720e-01,7.963392708449171797e-01
-1.584294670077858735e-01,9.756079800358474774e-01
-4.731914034176393918e-02,1.115229049989882704e+00
-9.064477751379292902e-01,2.702854293614829762e-01
-6.702856640632717244e-01,6.592887422387361251e-02
-2.141503172518451348e-01,9.866588670724347754e-01
1.942780438879532501e-01,1.714980232216311018e+00
-1.033700059184620601e+00,-1.982600108582570908e-01
1.853235793971217960e-01,9.789710987658805097e-01
-1.099567147964986225e+00,1.000102212211876895e-01
-2.633376354476436032e-01,7.974409212046789097e-01
-1.195766092025198457e+00,-3.581697688473795549e-01
-1.129001271890188951e+00,2.753310278703367114e-02
-4.918200941229355916e-03,8.389401354807897171e-01
1.230917042944838780e-01,1.038662913551229305e+00
2.025054549643988053e-02,1.250216870681267523e+00
-1.055986269578010672e+00,-3.181345417866617703e-02
3.741494158765326650e-01,9.527146207446555159e-01
-7.913483804957936740e-02,8.381397878988001704e-01
-1.212463158402624863e+00,2.117925796769849767e-01
-8.362250809451328148e-01,-8.100734717500553128e-02
-1.014800218888349953e-01,1.033101874613717053e+00
-9.716957420823127967e-01,5.665451157142058214e-02
-9.003214981439476849e-01,-4.688612716684990578e-01
-6.583241910061921054e-01,-6.801316779951234459e-02
2.746648490047876728e-02,8.554853872111780611e-01
-5.544488623195872323e-01,9.225014383501463078e-01
-8.260063348970414498e-01,-8.336190976099768987e-03
-1.351030384151453267e+00,5.534517428481060264e-02
2.385164712478119592e-02,1.099593473297332702e+00
-5.492736115576665745e-02,9.696550548278605186e-01
-9.718643709958655341e-01,-7.690795739507325438e-03
-3.050396767100678197e-01,7.151567927180115802e-01
1.656723118928948302e-01,9.386242165687961325e-01
-4.324726409327384058e-01,2.273952676232400272e-01
-7.513776133850842420e-01,7.981117636830277473e-02
-1.316433631443459651e-01,1.464838566100544304e+00
-1.734215483396827351e-01,1.096305268158010326e+00
-1.373576722102672010e+00,-9.594348545966956132e-02
-1.592395706118246435e-01,9.212900702605667513e-01
-1.351115649718526379e+00,2.738892058178364342e-01
-2.180316794856922702e-01,7.793867099637528106e-01
-1.327149287997732019e-01,1.162444614447011304e+00
-1.334254125146058234e+00,7.961551183987909674e-02
-1.008389405207705147e+00,1.560158063008320328e-01
-3.671153031320464888e-02,9.054138855337251490e-01
2.240213150898472949e-01,7.859880488694680478e-01
-1.363039560620888605e-03,1.086238362703115579e+00
-9.422075683183283035e-01,-2.132020764065514426e-02
2.289032137011317025e-01,5.807600023182870608e-01
-1.130238645813705256e+00,1.676778462080274201e-01
-2.194092928012370824e-01,9.837902900297612607e-01
-1.103318569945572536e+00,-3.176752075172433187e-01
2.369794432676196050e-01,1.435136197536889480e+00
9.488531930595375807e-02,9.347113173456420565e-01
-1.021408801094423752e-01,1.453486319685231454e+00
7.116519044428304408e-02,8.341336760993711685e-01
-1.118669427423621757e-02,1.162443676566525141e+00
-1.143545026180527113e+00,1.313287645829352424e-01
-1.415549471121180236e+00,-2.112104728093418607e-02
-1.167957913422377869e+00,-9.342408536361979099e-02
5.759886529713775793e-02,1.106611172113777686e+00
-7.095089828781201424e-01,1.482302049677276246e-01
-2.557290375851056230e-01,1.097393732682058420e+00
-1.126637654479415752e-02,7.070807927603197651e-01
-3.822775031864254491e-01,1.205198252040984075e+00
4.706535521341587841e-02,7.831275255091298959e-01
-9.409102525015021756e-01,1.169729878084691116e-01
4.813756268594871629e-02,8.792131813440037247e-01
-3.337920654055810399e-01,1.023398600993451923e+00
1.344099702942515573e-01,1.082036416427886394e+00
2.707038657132513348e-01,8.084454880655198572e-01
-9.453075977164151489e-01,1.623098732275631839e-01
-1.265886601682529200e+00,-6.008334528867822349e-02
-1.990738830082437183e-01,8.427157671232780034e-01
-3.188764169117783709e-01,6.508064209499369035e-01
-8.070763158008565918e-01,-2.525312358685374847e-01
-8.261795606357198452e-01,7.216875851571562250e-02
-2.785727430113197900e-01,8.521101495433759387e-01
-1.160064148093383103e-02,9.431254215851004874e-01
1.339101911304909631e-01,1.273787939043039552e+00
1.494927761388127885e-01,7.036001442917046989e-01
2.751540038714158087e-01,7.133882554376759222e-01
1.966271210503900968e-01,1.077209133231900928e+00
6.859624937505667264e-01,6.319653243374712126e-01
7.499846481868771564e-02,1.321106390742522674e+00
-1.323068812749278456e+00,-2.828352497762004134e-02
-1.094075776129728172e+00,-9.853462717217494060e-02
-2.337846024357784769e-01,1.071394558282475984e+00
5.117635505894371079e-02,1.005875263005972853e+00
-1.002777698155540520e+00,2.850172648089143723e-01
-8.617816780319639269e-01,4.140901130550929225e-03
-1.498269558016724678e+00,1.179690616180496254e-01
-2.945615402885176648e-02,9.244192460689397706e-01
-2.958745888510123101e-01,1.034730614189822040e+00
-8.863070276545532700e-01,2.953253886377806958e-03
2.592239735170224213e-01,1.578258635028874757e+00
-9.124237068515380633e-01,-3.758888092033486061e-01
-9.483376479518956792e-01,-1.644634234584295696e-01
-1.009747126488035773e+00,-4.827370271531904872e-02
-7.209685679250074641e-02,8.424419050431763978e-01
-8.883132418773739269e-01,-2.164279730529986290e-01
-9.898346552346888316e-01,4.919648165027813436e-01
-9.336697989038702516e-01,9.469833509297855001e-02
-9.379747548659465861e-02,1.011016309885570674e+00
-1.083526439545221320e+00,2.538452872218588396e-02
-1.257178380596125633e-01,6.424345189936075950e-01
-2.202899964763950502e-01,1.114070529843074420e+00
-3.442334194096132727e-01,-2.599416267364206695e-02
-1.256506098442179420e+00,1.566612961058459416e-02
1.451690362693388026e-01,9.959672250316440323e-01
-1.013198377540358130e+00,-3.473714463270911046e-01
-9.059495924218731178e-01,-2.398708425155816198e-02
-8.654374247924569996e-01,-2.167561537407498573e-01
-1.193431652762765305e+00,2.429769517638289134e-01
-8.686849230726340076e-02,6.928345062234151364e-01
-2.066669695278005037e-01,7.257195426855316267e-01
2.536563322624891814e-01,1.258524440149308310e+00
-9.170958113455383032e-01,3.516892604543204320e-02
-6.898663385381307300e-01,-1.357775638921003836e-01
1.696547956605173879e-01,6.412528153003719256e-01
-1.134822098224266940e+00,-1.395170312334173546e-01
-2.345266989077167963e-01,8.691630306112833049e-01
1.163451629719054470e-01,8.270257268176954835e-01
4.819639935630876115e-01,9.352906141796104578e-01
-1.144663551188570327e+00,3.778149269472579341e-01
-3.848507269044404988e-01,8.527427043773795345e-01
2.878622716133777404e-01,8.334520602262160960e-01
-8.408450346639804174e-01,2.014199100744803739e-01
3.337705627393290908e-01,8.229119962207593897e-01
3.858270277703874929e-02,8.510613582175399205e-01
-7.271107257983350225e-01,1.455043265871065472e-01
-7.119287344976912291e-01,4.670458410191503928e-02
-1.343453517233627048e-01,9.923338813505551137e-01
2.696012311024972852e-01,1.096647172448355523e+00
7.264776590915979215e-02,9.299291022376167115e-01
-7.304720670480993050e-01,-1.976840868426003039e-01
-4.635812435997360703e-01,-3.256154336307557906e-01
-1.258597824146443944e+00,-3.511279485062577810e-01
-4.772606255212582527e-01,9.892337700079850693e-01
1.346288765580320734e-01,1.414421451575179400e+00
-1.246065250378229905e-01,1.178490469635537607e+00
-9.827878254873749775e-01,4.672857195455146218e-02
2.094533369670640785e-02,1.090469955471495389e+00
-6.900574946037822954e-01,7.277303450886636604e-02
-9.927971238436564261e-02,1.105245540518139613e+00
-9.253641540608603666e-01,-1.619924127862710228e-01
7.860636961885238139e-02,7.776176792925418857e-01
4.338335774942110590e-02,1.199154460961767921e+00
3.556308988866017096e-01,9.625159937398872767e-01
-6.981747058152639740e-01,2.631595552200781118e-01
3.215599558635809374e-01,7.728357312156381997e-01
-1.242128310132776470e+00,1.745198515459494837e-01
3.531961101243854539e-01,9.956527663913928849e-01
-4.271097525246664306e-02,9.311565365115016535e-01
-1.303843870979655706e-01,7.794906486764673348e-01
-3.446501563680810093e-02,9.690878854891852301e-01
-9.025030099135968875e-01,3.579651681714140360e-02
1.298626390022395161e-01,1.012989560836759173e+00
-1.031582130174063749e+00,1.308263386239534587e-01
-7.461101412759731932e-01,-1.174511668448823126e-01
-1.935874497351876000e-01,6.993402629972262918e-01
1.364127313326627955e-01,1.092514094664848168e+00
-3.791233871395139898e-01,7.314694113546755805e-01
-9.994274236150879620e-01,2.995890733906773629e-01
3.683001261829715184e-02,9.357584249977459745e-01
-3.434267186257156101e-01,1.199671686750167998e+00
2.214246974276492808e-01,8.591996692791170620e-01
-8.331822990021903186e-01,1.263163229428648782e-01
-6.119664398121136273e-01,6.534244778431461120e-02
-4.818958706269012293e-02,1.235521367591121855e+00
-8.451396741146092184e-01,2.828021158069738417e-01
8.776804136952545687e-02,8.499493228560192071e-01
-1.142154026864198535e+00,4.338979224567922621e-01
-9.679421858007857260e-01,-9.121889309639454047e-02
-2.029064284215866820e-01,1.373885265447534421e+00
-1.516685815906171797e+00,1.315647740672637178e-01
4.504844715642068731e-02,7.862160365418779939e-01
-9.086430211407945379e-01,3.696328372993268330e-01
-1.876638720623282353e-01,1.150256872154468812e+00
-8.174391249398744730e-01,2.651919853363083474e-02
-3.170913265449225305e-02,1.059068541431076316e+00
-4.753196854701128293e-01,1.011460615569683918e+00
-1.360625274363292281e+00,-1.890936873881597924e-01
-9.325876917818081147e-01,1.466531249389016189e-01
3.673785436024014639e-01,1.009253278609804738e+00
-8.976503921289315235e-02,1.230512696629583402e+00
-1.108103454184862224e+00,8.602775129370673901e-02
-1.209219550002318400e+00,7.726634429505573054e-02
-6.680037710168112985e-02,1.240124099121826085e+00
1.008783540496489273e-01,1.093706537038876547e+00
1.014476035987069286e-01,1.166401919602809700e+00
1.092263918558769864e-01,1.075672433166875219e+00
-4.308414231103963737e-02,1.031829822050608358e+00
-7.969366235306241109e-01,-1.537577827000480846e-01
-1.031316158620851242e+00,-9.938218553306059355e-02
-3.799680526246136392e-01,1.058559479257630054e+00
-1.135346148696704693e+00,-1.584120489371330376e-01
-2.535155769046033014e-01,1.112337157348639582e+00
-1.648173650180166303e-02,9.659106245290091097e-01
-1.201185787292976093e+00,1.642677638348819247e-01
1.284209928097978792e-01,7.205151744629447741e-01
-9.887100467947890214e-01,-7.483687884165367288e-02
-6.638256191800253614e-01,-3.217796660781842011e-01
-1.189812371601431495e+00,2.612673020297574117e-02
-9.161033869397672280e-01,-3.038049097809952248e-01
2.710546298040640845e-01,1.135110243454469314e+00
1.228180425300560291e-01,8.512202476972441367e-01
-9.196871481216255528e-01,-9.180321034277441616e-02
-1.948299560990931212e-01,7.031704443462856169e-01
-9.929789291217129277e-01,-1.001046237219076623e-01
6.261413571772338205e-03,1.051354825512979430e+00
1.553548704648140821e-01,9.388237856010943627e-01
-2.842348303153416356e-01,6.380562993465388466e-01
-1.418550407431068971e-01,7.805339860474826974e-01
-9.703648564626935480e-01,5.299397545948336848e-03
2.132234737442111495e-03,9.000921549937423993e-01
-7.253132064697633830e-01,-1.182340457086424046e-01
-8.267363781234712272e-01,1.355203213894212166e-01
-1.314285783152937093e+00,-2.268667350583599140e-01
-5.682230886573101936e-01,8.119323904490733934e-01
-6.401295994212734541e-01,2.482154831768577652e-01
2.193332445586199664e-01,6.843201332352940591e-01
-9.062622758102347742e-01,1.528226929918940213e-01
1.072373570105368129e-01,1.027760900902081165e+00
4.183682057244332286e-01,8.576751750217299630e-01
-8.672794718080099052e-01,3.057194696268476786e-02
-1.083941475575068925e+00,-1.018219898188466310e-01
-2.369882989071331325e-01,8.131175855997916369e-01
-7.541293040996155383e-01,-5.999029343453961272e-02
-1.213753455624511091e+00,-4.561602546904077182e-01
-1.261245298068674359e+00,-3.675348637254600703e-01
-7.819826313905444692e-01,-4.045930961237144130e-01
-3.567225223020445424e-01,1.133007357034045315e+00
2.044915250338145973e-01,3.701413240972075691e-01
6.054330352908125767e-02,1.153715018234580558e+00
-3.565419374581143414e-02,1.458099956633181593e+00
3.417902493220477123e-01,7.957990617547350265e-01
-7.770064755441773441e-01,-1.294868147860087637e-01
-1.046964094054922745e+00,1.434400711223595970e-01
-2.174078757924638602e-04,1.042030736913545974e+00
1.257796486283137109e-02,1.114999456085118856e+00
-1.123866832771223567e+00,-1.450220757450797725e-02
-1.121063713574949050e+00,4.444163519078511704e-01
-2.711782186767375813e-01,1.168915692305567022e+00
3.308557632431288198e-01,1.004357761845055430e+00
5.757144092807564562e-01,7.820768551455282713e-01
-1.061276712186979276e+00,9.332544518136229317e-02
-9.444897296273973009e-01,1.235859954650759263e-01
-8.626156707939354185e-01,2.430251683344096178e-02
-1.353480149463409665e+00,4.078290126746567795e-02
-3.522333818020624840e-01,1.011799023736370984e+00
-8.801195792296995224e-01,-2.963212022287264324e-01
-1.470464747665630456e-01,3.483545562103670390e-01
-2.934063877680505583e-01,8.053198048421101873e-01
-7.191452245027278867e-01,1.427579006381432813e-01
8.962671545362500825e-02,6.929568561597756471e-01
-8.651211155375423401e-01,-1.540335449171122972e-01
-5.227462151672653823e-01,1.281686120844552246e+00
-9.350127339375895463e-01,-1.689251913288178919e-01
-2.585127127109397849e-01,1.016593557475065301e+00
1.445048080145137359e-01,9.697516770062551972e-01
-9.446445643866151487e-01,2.212295777076219716e-01
8.886257805900971141e-02,9.444188552661337832e-01
-2.489309303507831472e-01,1.159614775603553749e+00
-1.036403662197286302e+00,3.857276388981233789e-02
1.467592425573655546e-01,7.172732078934933586e-01
-1.347787567471130377e+00,-2.149183534605426937e-02
-7.485673585984158329e-01,-3.536088134017754125e-01
1.592680057397333759e-01,1.345625726003224720e+00
-1.934981361853482240e-01,5.388852714422665002e-01
-7.522266830256904013e-01,2.761567490483000098e-01
5.525535326766618516e-01,6.943139948133929540e-01
-6.073298076907958087e-01,-3.072350029447932021e-02
-1.131674172961303571e+00,-1.289693122547496407e-01
2.391735273674997497e-01,8.260574653318560889e-01
-7.142529215557602562e-01,3.604173641944558026e-01
-1.235162589779663200e+00,2.122534365827143110e-01
-1.100317114842972011e+00,-7.005905969499641450e-02
4.087280308167049458e-01,8.542659199041883200e-01
1.894100659221370150e-02,9.702728210765515504e-01
-1.588493152170321679e-02,9.575891721329924389e-01
-1.330642925448347891e-01,8.049278963113198904e-01
-1.390531966776340056e+00,-1.417574331362582707e-01
-1.045772372554761853e+00,-1.129820619357448236e-01
-7.301550552464559640e-01,1.135107695662399135e-01
-1.387259440068631999e+00,1.769775404581807043e-01
6.672029272705151670e-02,1.027126942399047449e+00
-1.211485589794811135e+00,-1.813106970892984782e-01
-8.969810739777651643e-01,3.399599531800904795e-01
-3.047412025665391377e-01,1.132078772775017006e+00
1.069927857458507492e-01,9.959904203158321812e-01
1.741048555468510395e-01,9.694313255904318805e-01
-6.010414390319060995e-01,7.595058854526023362e-01
-1.279315024780773302e-01,8.037668728056093226e-01
-5.820644938654298550e-02,5.596305481563907946e-01
-9.156279861724921088e-02,8.563664948503411090e-01
2.305532258091935460e-01,1.257138612092509655e+00
-1.250092199083141731e+00,-1.125787507790753789e-01
-2.658368979332428883e-01,1.238470065077851068e+00
-3.356626695159741769e-01,1.192911657180738771e+00
-3.082635265844959060e-01,4.512049751192868108e-01
4.538896874841893414e-01,9.660507137169506153e-01
5.043554412801158904e-01,7.466999072764870515e-01
-8.091024801092969732e-01,-1.536304579168036588e-01
2.725995176789640095e-01,8.257636368388830972e-01
-1.056779007982280083e+00,6.655957573711668296e-02
1.878554816298566021e-01,1.051445441562194993e+00
-9.002940571365825040e-01,2.742202568702435325e-02
-1.112480390140203168e+00,1.989179362376502502e-01
-1.371689602586879664e+00,1.079376357180758111e-01
-2.031092220081003596e-01,1.280639651910289389e+00
1.695159735219435027e-01,9.605448073147503374e-01
-8.291929685456346233e-01,1.222093283064220048e-01
2.445434168998038560e-01,8.579628976264437323e-01
2.520819068694769571e-01,1.369216132105418371e+00
-1.219082848100531358e+00,1.597835395880707610e-01
8.506024453252703649e-03,1.007474420437037610e+00
-9.454827199094623102e-02,1.157070653326655929e+00
-1.027044399528264540e+00,2.163536377240984632e-01
-1.167718890272187310e-01,1.105930656285549096e+00
-4.669756878956068391e-01,7.571578685018388877e-02
-2.394706780134067958e-01,7.461562995478764337e-01
-1.218405521612323739e+00,1.359683389182470559e-01
-8.960408037186438079e-01,1.662052694767367222e-01
-1.230225769481162607e-01,1.208163583251251394e+00
1.687007801171286625e-01,1.025354407406782187e+00
-3.863295730225226321e-01,8.704387905378629942e-01
-1.102820212948545819e+00,1.184433262300876866e-01
4.742570801815598064e-02,1.131296051610995335e+00
-1.325484307191138744e-01,1.276449969908085347e+00
-8.803716243430401711e-01,-6.841026993530970220e-03
4.668631396583595161e-01,1.326673908181988937e+00
-8.163864466543173659e-01,-2.748376115193192915e-01
-3.224758794810109880e-02,1.418981833732810838e+00
-5.556998034641591477e-01,1.990960689823589869e-01
-1.120742853160945351e+00,-3.007801957633467888e-02
-8.495984763299035958e-01,-5.007771885728788674e-02
-1.060755130587932443e-01,1.349001598126972512e+00
1.869282149436496954e-01,5.839775886663425286e-01
1.231239945394510676e-01,1.107827559285683439e+00
-9.663230642217852662e-01,-1.180848296330459270e-02
-5.807373872621539590e-01,-1.402702544206960687e-02
-6.280766846261279235e-02,9.919533663125245093e-01
-1.132423152357884710e+00,-2.825529833112355726e-01
-1.200820328185366659e+00,-4.174446671546324095e-01
-8.252476646956476980e-01,-3.856405939332986921e-01
3.240628248916766485e-01,9.824429728529032735e-01
-2.508105876368030840e-01,1.025024085110512573e+00
3.647656164902691733e-01,1.345230976190193051e+00
-1.153716078224628072e+00,1.130892777897097856e-01
-1.182364096233226691e+00,-2.248486341624455487e-01
1.332749699213989503e-01,1.110043255586107502e+00
-7.283126346154248365e-01,3.551816462222220916e-01
-1.303850411857581992e+00,-3.821724420134484657e-01
4.365101103446059061e-02,1.443839169078942053e+00
1.639010281295792404e-01,1.087460228642934457e+00
-2.105792511998230143e-01,1.077673222539061282e+00
3.275902211162685929e-02,1.081108888198615059e+00
2.292688424514771617e-01,1.016843617025280144e+00
-1.168199247492968773e+00,2.236938788477109696e-01
-1.087338588579869203e+00,-2.045552633515489993e-01
1.754963729289435170e-01,1.227649519244062182e+00
-7.372289899407549196e-01,-1.260670433268860635e-01
-9.765478049199067812e-01,3.760993273729225650e-01
-8.525860434216723238e-01,9.759893549245479694e-02
-5.331418198249511242e-01,5.298690464328567606e-02
1.886949636266684605e-01,1.193024198194751362e+00
-7.506447164846646869e-01,9.283288794123259469e-02
-7.869868833665534247e-01,-2.662104247275828839e-01
8.361944050701922149e-02,1.251376013855125757e+00
-1.514261131313342501e+00,-2.930441035848403430e-01
-2.243439332954491605e-01,8.222749437140182138e-01
-8.175131154411472423e-01,2.135229245268217835e-01
2.546792044662913312e-01,1.088094706393007538e+00
-9.616050544254902688e-01,5.405914845069487856e-02
-1.008193822681653584e+00,4.621645456619731807e-01
-7.428779914872329915e-01,-4.298507706267785111e-01
-2.150044076121975789e-01,1.038272439384085200e+00
-1.133950338362670118e+00,-2.913255650124229601e-01
-2.685648490766782692e-01,1.606527221608718525e+00
-1.030077646879990150e+00,-1.833479824744365938e-01
1.234326340561343605e-01,1.055718999906351430e+00
6.234626812747446900e-01,1.179295502492927694e+00
-9.118558493807786824e-01,1.231684992206120155e-01
-1.062639181633885599e+00,-3.928699684285409388e-01
-1.013338995536902987e+00,1.147910493719672825e-01
-8.462165516034159118e-02,1.167758800924243889e+00
-8.564340614484258207e-01,-1.721998892004713289e-01
-1.003211633469160979e+00,3.921771192438543163e-02
-1.207489415499509583e-01,1.378271003426755126e+00
9.631229006324192043e-02,1.267860564358256559e+00
-7.535776148792917573e-01,2.205699482738792960e-01
-1.191084662720771625e+00,-3.526823438951598444e-02
-1.177453865707107639e+00,5.965448393106898700e-02
-9.135607098723151909e-01,1.162925866235775887e-02
-1.527678777204126426e-02,7.310224972231549323e-01
-9.533428801365094463e-02,1.024262684545687030e+00
-9.310971514848105646e-02,8.390682594216140044e-01
2.801507814892056358e-01,1.197280612582017900e+00
-1.001738359661138889e+00,-1.512913758226039074e-01
1.988794751508120850e-01,8.570088675810285661e-01
2.277759931863147513e-01,1.113758705676194394e+00
-9.502408222380193115e-01,-1.462401017917466794e-01
-1.305307761719809445e+00,-3.959091894699463543e-01
-1.064565300672532105e-01,7.859153192054051384e-01
-1.258217068446663145e+00,-1.539417192855579153e-01
-5.546876032417876606e-02,9.223037430575464768e-01
-7.383191167689415191e-02,1.246140087804464613e+00
2.753917191153517074e-01,1.394490570279861785e+00
-9.533776828825757388e-01,1.456081654705056877e-02
-9.918804429982264192e-01,-2.953789027589226457e-01
-3.233323758673348758e-01,1.124700354855575846e+00
8.508691838084808667e-02,8.200080416626521762e-01
-1.798189190131056492e-01,7.480038075371631123e-01
-9.221828119946891000e-01,2.287754689961631616e-01
-9.307156545277960324e-01,-1.345842413054951781e-01
-1.296395981489717020e+00,-9.619649484807112072e-02
2.095091408977205472e-01,1.254185545713502492e+00
-7.534823475757751465e-01,-1.095047652396911320e-01
-9.482589999703022743e-01,3.246140345200090316e-01
-6.617138328051279661e-01,1.379894705777556622e-02
-9.979192098365458063e-02,9.665392500066921633e-01
1.375652840603267327e-02,7.291023606728159745e-01
-1.148130922811357646e+00,-2.358515431552722919e-01
3.716529525726451344e-01,7.540196564985772731e-01
-7.998172711593001249e-01,9.206610016901800586e-02
1.658484009291912864e-01,8.904334284201880223e-01
4.185345483456656690e-02,8.929235914366695503e-01
2.219125587249120291e-01,9.910454851011065713e-01
-1.760915483542059845e-01,8.946509155190420781e-01
-1.518006971882562284e-01,1.441066155904293211e+00
-1.173519240047151690e+00,-8.667919575592292203e-02
-8.060613916056544870e-01,-2.420691783280154996e-01
1.754137266082910485e-01,8.372223616329640405e-01
-1.174150230643664417e+00,-1.690953705627586401e-01
4.596085597334988448e-01,1.354943113442415914e+00
1.933859574018330918e-01,6.488134634443990523e-01
-1.041317418909570192e+00,-2.294023830608489800e-01
-5.457724967277973738e-01,1.107722756085309124e+00
3.008062805019486308e-01,1.140378958377540553e+00
-5.937135257502920149e-01,-1.459121006740692894e-01
-1.071267544477762845e+00,1.059397857036765978e-01
-3.350983083046100985e-02,1.024364289079542356e+00
-1.116420642019612330e+00,1.988074271239634594e-01
-1.194982673610813784e+00,2.807200787167359879e-01
-1.190676062262654877e+00,7.082659078366262961e-02
-1.436345469595455837e+00,-1.266635581869423599e-01
-1.086146151100388257e+00,-1.839994308772836817e-01
7.825453852418060019e-02,5.747759808053158892e-01
-3.591007308612311211e-01,1.274853209036563406e+00
2.105840997876053111e-01,1.037747730008864888e+00
-9.260984636393261304e-01,1.069395482231262906e-01
-1.719787051173387316e-01,1.067065689200478396e+00
-6.081212690629448497e-02,8.813941630924906345e-01
-2.813461702411863136e-02,1.159434615444035366e+00
-1.150780915510883240e+00,1.673103376533105757e-01
3.220178030101848443e-01,9.393094827757433318e-01
-1.124022394191782903e-01,1.008523516545030585e+00
2.873818665155779550e-01,1.275276628773181820e+00
2.350103892436690781e-02,6.132496186194241750e-01
-8.057089817803415599e-01,6.185003705758090886e-01
-7.206870365036327497e-01,8.531167525459752710e-02
1.446942415404295357e-01,9.420723468117606636e-01
-6.652933651270958038e-01,-2.466062580109898705e-01
-1.268533312338362196e+00,3.068303231844783929e-01
-4.859553798297587823e-01,-1.371861652967526490e-01
-1.011125306532593804e+00,3.668962140444650966e-01
2.337562197223248261e-01,1.092803117550763314e+00
-1.055860915162605274e+00,-3.637754716652080028e-02
4.099254509954378123e-02,1.329956087933259701e+00
-8.603489312940865164e-01,4.339851175081817225e-02
-9.775230647824181274e-01,2.112401242074539998e-01
-1.177078177771641920e+00,2.542544428111229160e-01
-1.208478040223785355e+00,7.844272548727738992e-02
-1.348301499980005536e-01,8.196597395679794396e-01
-1.015213134517360505e+00,4.286560051634121238e-01
4.939482874528160483e-01,1.202172181374094428e+00
5.272625337499033810e-02,7.970725156579929749e-01
-1.450072959377032733e+00,1.678880586973393318e-01
5.179170775862223380e-02,1.131452416792029014e+00
-8.311777424977443429e-01,-1.674792960611902470e-01
-2.267663964675879773e-01,7.217130581422810387e-01
-9.051514671053171313e-01,-5.591632526670195502e-02
-9.894418244094165260e-01,-1.211934767293443710e-01
8.986410379513820601e-02,1.091404512687643491e+00
1.208474835063269165e-01,9.060333997704090869e-01
-5.238491410176935315e-01,8.959672197065873811e-02
-1.143232750571778311e+00,2.334006908077725095e-01
-1.273318955890951898e-01,1.156308857146059577e+00
2.126619959913644831e-01,1.303725753781418639e+00
1.712272288843661450e-01,8.481155236808963771e-01
-1.187545924277449316e+00,-1.426576584092435207e-01
-1.143874431745795839e+00,1.834366072839360429e-01
1.535667883268974077e-01,8.399021254910907786e-01
-1.044181800913211333e+00,1.157420616215366904e-01
-8.684507472622882140e-01,-2.209186627760656163e-01
-7.828414201522130300e-01,3.951343557581030730e-01
-7.566445572540851650e-02,1.382603789046503273e+00
-2.868057630676828368e-02,8.313679150722801392e-01
9.672186682292052695e-02,6.715113013797613384e-01
-1.094400550196942268e+00,2.077729555834073594e-02
-9.565113430686033036e-01,1.564948380099591974e-01
-2.262563380035306770e-01,8.333171481949301906e-01
-1.307569606498271808e+00,3.320255047637855617e-01
-1.219913103239062657e+00,-4.745721725815447295e-02
1.799313269076149510e-02,9.824229994949857936e-01
-1.267691634014933566e-01,6.584493746847789319e-01
1.056531626440449130e-02,8.980235319999886334e-01
-9.069561851118242979e-01,-2.503079274099306861e-01
-6.177982158345969414e-03,6.937594908834987528e-01
-2.892068290514068774e-01,1.393965819511229443e+00
-8.642418189606299039e-01,-1.883643814363154811e-02
-8.974404343196522582e-01,-2.363225385728852934e-01
-1.003823766012352792e+00,-2.417354874931241203e-03
-8.534971405908370334e-01,3.988495457428790220e-02
-1.412037673879349864e+00,-2.127683942852256760e-01
-1.399299597130471362e+00,8.226067785828894419e-02
-6.529337444705884952e-01,5.518852971660066081e-02
2.483065393142228627e-01,8.274495762558711220e-01
1.981597992560361621e-01,1.051427356606890573e+00
-2.354919567887488463e-01,1.072663261412269975e+00
-1.110490061873741663e+00,-8.699670952149282654e-03
-1.412906003820220691e-01,1.270743330430504248e+00
-7.910292755711086921e-01,2.023264204600496163e-01
-4.487810292841253323e-01,7.717334162751556814e-01
-1.968715784200121000e-01,1.118710349692641604e+00
-1.134656054657277313e-01,1.126620238805658758e+00
-1.125643736040116138e+00,1.766799914131713528e-02
-9.791605363614788171e-01,2.972488546446750562e-02
3.021700297347447786e-02,1.143847741056307932e+00
-1.106608222897097926e+00,-2.831656534970121708e-01
7.638575952054860174e-02,1.115249941136348566e+00
-9.052651511817186858e-01,8.744303624509273953e-02
-7.024890586257475089e-01,6.636903717160008709e-02
-7.295016610716957839e-01,3.302581637580191409e-01
-1.813450265269241690e+00,2.124646079849929758e-01
-5.823752780103987892e-01,8.640363060145560270e-02
-1.061089882936095963e+00,-2.411684948098389847e-01
3.942933197780160853e-02,7.774672265609772204e-01
-2.495996886599386941e-02,1.148126942531276118e+00
-9.171407172172614253e-01,2.139965212378354131e-01
-6.199396434916774057e-01,-1.494893927681624768e-01
-7.936800477385863584e-01,1.737424941626106722e-01
-1.198522060626746599e+00,2.929971363833313025e-01
-8.171242714794944018e-01,-3.915188169476743058e-02
-9.366742398932261793e-01,5.406732375475157282e-01
-1.784672577301239516e-01,1.136480640803287256e+00
-4.359308253601041315e-03,9.533402871886922370e-01
-8.710701250857024736e-01,2.786260414720681880e-02
-1.710137686745353061e-02,7.652514005096120453e-01
-2.249781080248432485e-01,1.127697175785512984e+00
-1.100162997758145744e+00,-9.243067100717053397e-02
3.030719163533681648e-01,9.838777244755247953e-01
-1.098539219723600580e+00,1.142865679019886005e-01
-1.170074806224232544e+00,1.831325480375732562e-02
-2.878882354818814160e-01,6.578163566218246938e-01
-8.910820658763475288e-01,3.857382018982163929e-01
-9.252273627058399397e-01,-1.126651905173637475e-01
-1.362012186959557392e+00,2.096387774806808824e-01
-1.017795021138656164e+00,-1.114306590370060801e-02
-3.903701317076857524e-02,8.971111854137682196e-01
-5.005813200219547676e-01,5.571355284567747201e-01
-9.042547847018461704e-01,3.063236423466986907e-02
-1.104586711307281588e+00,2.214280455884746479e-01
1.079581048838267054e-02,8.973101285925901838e-01
-1.072485912414581799e+00,2.750024176080970162e-01
5.065732411118979428e-01,1.429977542415619585e+00
-9.783467326896371219e-01,1.286373425222324118e-01
-6.097476098006557876e-01,-1.894862309858087457e-01
-1.034540646497916994e+00,2.708251466043998801e-01
-3.079273094017507262e-01,9.665902508782597824e-01
1.889442749949079292e-01,8.107882439597011714e-01
-1.089670415323236830e+00,-7.438395085001435481e-02
3.699897320232905518e-01,1.112771586350378872e+00
-1.258806330808332152e+00,1.527008921458373747e-01
-1.056476745307779463e+00,8.335115856422835312e-02
3.042759284536726283e-01,1.364727421647923933e+00
-1.233428798065875132e+00,-6.484750362779164411e-03
-8.499044540473011944e-01,1.091669937904195808e-01
-2.990087616735247478e-01,1.239249980111885918e+00
-2.878156736086874279e-01,1.125221816479748504e+00
-1.029044519767475796e+00,-2.925374364083900836e-01
-1.377368035828068882e+00,-1.743142883555487133e-01
-2.094111665709556536e-01,7.891356665301036966e-01
-4.493466656073534793e-01,4.605662737318896860e-01
-9.183840922260065875e-01,1.128144036363047525e-01
-1.125448326278790434e+00,1.299885920965759556e-01
-1.045948289295871581e+00,2.746591419269603894e-03
-9.654000225230962018e-01,-5.077731346969830417e-01
1.195756759159578020e-01,1.295951615388686307e+00
-1.065035995076954567e+00,-4.667838382786485552e-01
-7.213638704067104612e-01,-1.813578361460713440e-01
3.548970215476929813e-01,9.335122589555896466e-01
3.621050095009807623e-02,1.241644216161528202e+00
-1.109600251482772276e-01,1.021483982679274316e+00
-9.752297529327622616e-01,-6.738552268113890964e-01
1.226378582794274558e-01,7.865017958938445020e-01
-9.675377005790044560e-01,2.722725852027981785e-01
-9.866097888741969246e-01,-4.509018201659326097e-01
3.269607515557204636e-01,4.382217483377439660e-01
-8.597379637450145440e-01,-1.504966039430247204e-01
1.764669713910564652e-02,1.288323334957674593e+00
1.366030025473141118e-01,1.291098841839006806e+00
-9.088726631926207222e-01,1.692151027235572203e-01
-5.521193939008968155e-01,-3.334424861989709332e-01
-1.136929246268363475e-01,1.080611771531903020e+00
-8.768158257776892395e-01,8.073138525938107490e-02
5.853670579093420145e-02,1.202039525576097834e+00
-7.081684300186216197e-01,3.362225466349885034e-02
1.027127558619986142e-01,8.512540466580871268e-01
2.756974805485777336e-01,1.131554770563137025e+00
-2.420140463686134280e-01,7.685369951133960154e-01
-7.223378569619819389e-01,-3.185097389268314039e-02
-1.884589704830974197e-02,1.177864675599216593e+00
-1.256652936943916665e-01,1.117952406832157575e+00
-7.682468285098450478e-01,2.308665324509280303e-01
3.223969137653762834e-02,1.145194386273829856e+00
1.485725761267922829e-01,1.102094092378219203e+00
-9.947563399504142367e-01,4.223601316743595957e-01
2.069637668408093600e-01,1.074246406287309608e+00
2.284451410795805826e-01,1.275649529283275907e+00
1.541341460440303346e-01,1.038342153668814660e+00
-9.060241241539824797e-01,3.814139453403335156e-01
-1.016193416666280713e+00,-1.144427926430617061e-02
-9.415826702041408813e-01,-3.507004804224705952e-01
-1.116727337228776928e+00,2.003250993421381854e-01
-1.080247485746334890e+00,-9.625232831038159353e-02
-9.386454522037220860e-01,3.955561540249314390e-01
9.602574741917682677e-02,1.282271312340077740e+00
2.115202556994204286e-01,8.969109550262129860e-01
-1.683947934724827344e-01,1.199578910379470731e+00
-7.180682664463420295e-01,-8.248071027657601084e-02
-1.047393442921197071e+00,5.719489735412193188e-01
-5.932005886544203244e-02,1.074014164281179351e+00
-9.135439849626090236e-01,3.955275599427394290e-02
-1.617022416373267713e-01,1.000523605482487977e+00
-1.718331654577673895e-01,9.027739954000909561e-01
1.878694685421469501e-01,1.099025457016324037e+00
1.970941987386161942e-01,1.225876362490587068e+00
-2.556398950095018496e-01,8.991478400436482277e-01
-2.542305196635132880e-01,5.040343447650478259e-01
2.325079626481138806e-01,1.234379777541211309e+00
-1.443690713025142847e+00,-3.671314201886693995e-01
-4.009791529772837454e-02,8.269490022615612057e-01
-9.947560915280719840e-01,8.876905932806034016e-02
-1.293947510020324598e+00,-8.087721089199034763e-02
-3.198981138444215860e-02,1.170887899302920587e+00
1.976802366654656709e-02,9.542856819729352846e-01
1.117066328131323671e-01,7.866029242247075670e-01
-1.112435793911480175e+00,8.584626078285441386e-02
2.097888095954761334e-01,1.519528454807091311e+00
-1.111620436332106054e+00,2.403928958171554220e-01
-1.099830930887791602e+00,-1.019524985696124569e-01
-1.291558762022838813e+00,-3.123696897870695353e-03
2.539156579862484886e-01,8.878484782383340157e-01
-2.883265238295313823e-02,9.637666978183659916e-01
1.756588392576693691e-01,9.953131392073091277e-01
1.240451121127709860e-01,1.209207966810158519e+00
-1.399741345748311550e-01,8.781315696886367039e-01
-1.387106268096651940e+00,-1.518830200926739593e-01
-9.073717093959687841e-01,3.934724526735488004e-01
5.236187487049880074e-02,1.225444536723848454e+00
4.047674402011108286e-01,1.078904720930247363e+00
2.334926929542839244e-02,1.398953028120483388e+00
-1.266634474294408008e+00,5.913320436569655669e-01
1.744531046103545979e-01,1.114528040358793826e+00
4.183825443332038208e-01,6.724402927844850275e-01
1.713849223815404887e-01,1.264698632136663781e+00
-1.192397384189458176e+00,-1.559740436047072631e-01
2.361197930596487665e-02,1.163564088633135540e+00
-4.225198996128748941e-01,5.328732308511038296e-01
-2.015216377695305816e-01,1.126986255368368495e+00
-7.647193493642645556e-01,2.892044863599018134e-01
-1.059077567001392772e+00,-1.975093267608261927e-01
-8.633753281497715815e-01,-9.248669148527402517e-02
-5.944318844570305876e-02,7.721954797604947407e-01
-1.011998372554762105e+00,1.347564446082867851e-01
-2.513906633587412176e-01,1.161934346355106173e+00
-6.726114044716425822e-01,7.504415048292875645e-02
-7.948919332072136579e-02,1.017634728494041907e+00
-3.823407021942559214e-01,1.072836436607908173e+00
-8.954293209398196396e-01,-4.450790790639024275e-01
-5.583917159590645607e-01,-5.116968872488259629e-02
-1.070624377565666974e+00,-3.395617224679466917e-01
-1.194080669679393192e-01,8.912787634621415211e-01
-9.647089432808413356e-01,9.283719803563179884e-02
-1.175321315408851319e+00,-1.383459481804836522e-01
1.244193099612329600e-01,8.761726386993655691e-01
-1.287544586704105098e+00,-4.335712997462138306e-03
2.918462433292062230e-01,8.265484399598000964e-01
2.013438012994676202e-02,1.044307157600761649e+00
-1.455073198552556124e-01,1.075900189666114892e+00
-5.500733653303176984e-01,2.459888342806187400e-01
-3.001839938004246533e-01,1.082440210835115213e+00
-5.816579735782754224e-01,8.782094200890286362e-02
-9.893928443479339530e-01,1.606586831356747458e-01
-1.201487524356626313e+00,5.416697338763823977e-01
-2.974601136307994387e-02,1.313876445249928526e+00
-1.072002686642885783e+00,-3.071495467396958556e-01
-1.112422295977625097e+00,-3.444274533691997764e-01
-1.145365486345378159e+00,4.049856293474760754e-02
1.671211874202368219e-01,4.795255914695518706e-01
-9.283519273621201884e-02,1.118325599331267073e+00
3.308244916581457584e-01,6.737792806086209119e-01
4.032541573014737646e-02,1.165020132698413757e+00
-2.268755583246763463e-01,1.234038974593786087e+00
-1.307553061674766592e+00,-2.265753992295943542e-01
-8.963513825614480637e-03,1.289393602379163006e+00
-1.021081365369817417e+00,-8.016898934625824036e-02
-4.717198846572061288e-02,9.134579433662083359e-01
-2.499686331320203903e-01,1.331106190251232224e+00
-1.240125289021884319e-01,1.107556586696003542e+00
1.481873884215569211e-02,1.087793699727867436e+00
-1.325048697303918610e+00,-1.541733891486241625e-01
-3.534237683646145323e-01,8.119962205031846514e-01
-9.798269796401218867e-01,1.171062021629799138e-01
-8.390749532521419862e-01,9.356123881405853382e-02
3.519470335701094799e-01,8.288252846349132286e-01
-2.172392677419138773e-01,8.302954919711168502e-01
-1.014612494331767145e+00,-5.913221617054217373e-03
-2.712750323776457750e-01,9.493568350907626296e-01
-1.500167395231752632e-01,1.014556752660651817e+00
-7.259900949468205411e-01,5.779715819732111209e-02
-2.232679812946905262e-01,8.797453974652148512e-01
-9.010694591014720700e-01,2.607720928501080365e-02
-6.680180687943222395e-01,-2.433862924325901622e-01
-9.296245780133617354e-01,-1.857789539247184651e-01
7.516643508556457298e-02,1.133205623417145258e+00
-1.048080857127220877e+00,2.647167336056882037e-01
1.801313528824319537e-03,9.633328870856207038e-01
-5.642251048106988048e-02,6.620992372502050305e-01
-1.843475142252041510e-01,1.448239769624966033e+00
-1.146419966210020069e+00,2.029206025403571534e-01
-2.429424089086224259e-01,1.313078319592593024e+00
5.817373075010781602e-02,7.901142865056551834e-01
3.152594615656082455e-01,1.258769250101468895e+00
-9.226203279862942308e-01,5.725189065882460016e-01
1.783295657550450497e-01,5.074073243375183395e-01
-9.703957686033646279e-01,-1.968494541234191639e-02
-1.119794653156837905e+00,3.528090857356439569e-01
-1.033295612497372035e-01,7.097093838198690330e-01
6.259485669275136055e-02,1.103275726694554981e+00
-9.909979945607400031e-01,-6.301523842232843731e-02
2.105976811283388483e-01,8.869028416945236026e-01
-1.694311021836820627e-02,1.114643001426628421e+00
-1.002094742609009215e+00,-1.095496063364981426e-01
-8.954947030180104850e-01,-2.216372841879826472e-01
-7.219193427761852466e-02,7.710582005255859350e-01
-2.026602474016159228e-01,1.194964648808098939e+00
-5.741469064465391792e-02,6.987804424756353106e-01
-1.805992777961084456e-02,8.913666053284389212e-01
3.393192721616009044e-01,8.216826963592288591e-01
-1.302887477617307388e+00,2.090044867539054274e-01
-1.783763102401389133e+00,-7.817912456450547276e-02
-1.514216606051481950e-01,1.307761686483503327e+00
5.405379855779648274e-02,9.431966208087532166e-01
1.830201859825281441e-01,9.614892551385478825e-01
8.463632952043999638e-03,8.480837084274632787e-01
-1.349911390322849902e+00,-3.555102398352124465e-02
-1.067899274980875363e-01,1.071572352006328055e+00
-1.289068278489097219e+00,-4.397603391620218127e-02
2.438650358663605189e-01,1.081960108304814039e+00
-1.069866417966014449e+00,-3.624261607376583205e-01
-8.736177449861011191e-01,3.206186244681869524e-01
-1.380754717273165788e+00,-1.940534432378672458e-02
1.823020021458089390e-01,8.806313632699818150e-01
3.387324899879485818e-01,9.692668076376574904e-01
-7.523095493749362150e-01,2.539096086404268315e-01
-9.662489232943114459e-01,3.712378196804867470e-01
-9.295772289954873369e-01,3.706367320285127581e-02
3.764507401766907513e-02,5.580566473492457602e-01
4.803960314285449229e-02,1.037185290793965375e+00
-1.488157178581944046e-02,9.106576056610784509e-01
-1.031148874682588312e+00,-7.570975807937617708e-01
4.266510725132995341e-01,5.560016141887547114e-01
-8.371845016858430188e-01,3.081347026284500176e-02
8.551859393485422567e-02,1.131362139365148956e+00
-6.248082037610929174e-01,-3.091007314425822661e-02
-1.709647049123835583e+00,-7.056994240979863608e-02
-1.312870055289867777e+00,-2.252717924111871011e-04
-6.123409715389618313e-01,-1.004837848613874818e-01
1.080186789487447702e-01,1.027182910857372011e+00
-7.580320953224203295e-01,-5.826798655113998859e-02
-5.368201651241743221e-03,1.318722103180230310e+00
-9.348020158962839776e-01,5.917660214997461088e-02
-4.485817212150076255e-02,1.044354237225327164e+00
3.980316848165971894e-02,1.179324660279796877e+00
-9.460622589356061651e-02,1.126002943317432337e+00
-8.915839260080002937e-01,2.850809094194399207e-01
1.938535170896147353e-01,1.138240358145610198e+00
-1.265417534284994650e-01,5.568552136390041429e-01
-8.573116636699110726e-01,3.002931273294452974e-01
-7.875660837736964126e-01,5.077369121701648738e-03
4.637803088012668606e-01,1.153916637471745776e+00
-9.762291895554227050e-01,2.015858747306258428e-02
-7.514143752867690207e-01,3.276013600941677928e-01
-9.382569699358380699e-01,-6.964789142388722043e-01
-9.810003475953446017e-01,-1.093795468260336246e-01
-4.908287782445181630e-02,1.061139339740172938e+00
-4.019270340508108719e-01,1.323324998018083232e+00
-9.548276043175497885e-02,1.054526804606687573e+00
-8.260171818615217321e-01,-1.910898209496096900e-01
-5.289028788960813410e-01,5.134513580993176340e-01
3.902785940657593211e-01,1.166176760132337620e+00
2.045508462541012831e-02,8.412690291070019644e-01
9.500905025578937346e-02,1.138954866468690152e+00
-8.634105215985461712e-02,9.592737108641593569e-01
-1.170360051444137017e+00,4.016446624843215130e-01
-9.190747082547510161e-01,-5.242943033041461143e-02
-1.653207740506328852e-04,1.070901429878305056e+00
-1.018206934158024213e+00,2.496880131485886001e-02
2.984527790750238774e-01,1.183536320177256629e+00
6.117907483716589212e-01,9.060635430216386066e-01
-5.775250194976753182e-01,-9.399963907995437240e-02
-2.207649314751119335e-02,9.024005093109526143e-01
-1.093123785708941753e+00,1.579729012637393626e-01
-6.672927909160655258e-01,1.668203711590137417e-01
2.650115761315851026e-01,7.004141329651093484e-01
-2.901732153267551628e-01,8.971042640362685283e-01
3.374218634326537347e-01,1.268960502816963931e+00
1.034096270130128448e-01,1.023713081216208298e+00
6.216991161734804205e-02,1.302000112825734579e+00
1.546678999795918219e-01,1.242490815045298458e+00
1.555899792087551137e-01,7.458946045854568663e-01
-1.126877591730361283e+00,1.402353022977220406e-02
-1.202594910708381093e+00,-1.053118933247141897e-01
-8.442334591344642369e-01,2.385847256647208037e-01
-9.223833161488979027e-01,2.294685862510501828e-01
1.202557927064421134e-01,1.106845564701853801e+00
-1.237605023131811866e+00,-2.315752407171764726e-01
-2.463351386280775851e-02,8.267210272333982424e-01
-1.690675133230718774e-01,8.569957286943160613e-01
-9.888141679305999521e-01,-1.157420045220207000e-01
-2.799647894578109475e-01,7.568831216424469766e-01
-3.919983730540756162e-02,9.343374303565258332e-01
1.023969856063831063e-01,8.296022140816294854e-01
7.155339419669785872e-02,1.084737214227888158e+00
-1.078588909887691516e+00,8.115813662860385524e-02
-1.812171530968755828e-01,6.608913277140702203e-01
-1.127263037770027676e+00,-1.420470805084795007e-01
-7.180005912274010083e-01,-2.759750114342854332e-01
-1.774963484070400110e-01,8.412245907640806264e-01
-8.953385033627044853e-01,-2.165512360688963758e-02
-7.932832795362964040e-01,-3.678988504934159465e-02
-3.832840905218874439e-01,1.221360667719112447e+00
-1.089026969461385497e-01,7.234374904794507177e-01
-1.069354227394927248e+00,3.977884728823757876e-02
-1.007225617919505600e+00,1.131422938573183878e-01
4.919426148055881520e-01,1.272477605374504162e+00
-8.530275276669555540e-01,-3.255197492520103264e-01
-3.511914202090882786e-01,1.019804262063599198e+00
-6.634445026350693775e-01,3.075446188853398280e-02
-1.353721837830135444e+00,-6.474533389131513494e-02
-9.085023249175152582e-01,3.336673554280642634e-02
-6.642696373572245516e-01,3.580075205496307533e-01
-5.746467602790998885e-01,-1.263399026372016010e-01
-5.545514283227687136e-01,8.436589635233018303e-01
-7.151212423145011376e-01,2.517366251723701098e-01
-1.297517707509528107e+00,-3.389833459113983927e-01
-3.675959093081870247e-03,1.074879970048206346e+00
-9.632059379513716602e-01,7.029067149984976649e-03
-1.306067562064831211e+00,-1.327928478929134466e-02
2.113435405662925648e-01,1.468155088000658193e+00
-1.734364509938499110e-01,1.343810885754446183e+00
-1.185657221528737759e+00,-6.435864003555771817e-02
-1.453858110746275356e+00,-2.459376259434656042e-01
-1.139780710236426797e+00,1.063099470429907795e-01
-1.154362266103210022e+00,-2.589355245637925407e-01
3.034768716773835751e-01,1.057433730443113618e+00
-1.325260478360025251e+00,-2.835511076899869740e-02
-1.292383270663211237e+00,-2.417545899930335085e-01
-8.932561223600394840e-01,9.903337819489960170e-02
-4.065017542112165372e-01,1.012205594450813262e+00
-2.268817693568185925e-02,1.117336217533574816e+00
6.903325318507944064e-02,7.822566608124033039e-01
-9.088730529024631466e-02,9.660229816515584211e-01
8.103750122424026314e-02,1.209135120126803020e+00
-7.166071830821067745e-02,1.366221696793424867e+00
8.779869517189582001e-03,1.288800687771714193e+00
-1.166987677489284003e+00,-5.273834070196613266e-02
-7.046573814498409138e-01,-9.031001370921412641e-02
-9.556932391119062897e-01,-2.265737299263569648e-01
-2.216710930439821092e-01,1.231338292167937665e+00
-5.539242410700087049e-01,4.093562650587969504e-02
-9.647392566278036874e-01,-1.122459674861710222e-02
-1.073874774097870327e-01,9.765920054162116060e-01
-1.445695598289683970e+00,1.224933069024126131e-01
1.744189178578593735e-01,6.094637246302543332e-01
-1.046146518373924916e+00,-2.123287836955498609e-01
-1.021034899995929557e+00,9.881968722722195286e-02
-1.806979235759363367e-01,5.592696193075289424e-01
-8.527144101166945767e-01,-7.761134774057168451e-02
-4.902869498834829150e-03,1.059362070393225164e+00
-9.941094109497976283e-02,9.816598356430985550e-01
-1.036044551096358290e+00,3.308278928534388874e-01
-1.269296338984092332e+00,-7.793147300663029464e-02
2.795564430399447575e-01,1.282495882461803571e+00
-6.172701612209009481e-01,-1.778218635752133476e-03
-4.001273217189284942e-02,1.106143777902033332e+00
-3.569425625926218176e-02,1.130344051924633719e+00
-9.270885880801674195e-02,9.673189073648287284e-01
-1.136712199614414498e+00,-2.283570147210289003e-01
-1.080680758550712994e+00,-8.872973467989860030e-02
-3.555430750497447223e-02,1.134355391503918398e+00
-1.338959989812134266e+00,5.071144601269702568e-01
3.858816242628915760e-01,1.124458388888753158e+00
-8.272983251730942067e-01,-2.998366885522842917e-01
-7.607353426019102249e-01,8.239320617425074933e-02
-3.938625312797723321e-01,8.868643091085623986e-01
-7.236520334030900337e-01,-7.219580568820097022e-02
-1.321653534202616553e+00,-4.079686928251138878e-01
8.278612195610925151e-02,1.534591500481849558e+00
-1.055871684354943829e+00,-1.710427239563834800e-01
-3.568687074577591573e-02,8.490571064767979959e-01
4.130103257287667251e-01,8.347896798227961712e-01
-2.565027454374691970e-02,9.782260495649294230e-01
-3.630670687402008379e-01,9.291822045605202529e-01
1.352070837139173198e-01,1.138049389374908626e+00
-6.176962953324030003e-01,-1.998807438850700169e-01
-9.662924023359684700e-01,-1.001337563926524149e-01
9.924636731857906791e-02,8.762519903398059418e-01
-7.779269960108683435e-01,1.066748087514222260e-01
-9.471695336135271814e-01,1.717849604902914884e-01
-2.580292162700302816e-01,1.054183052500463402e+00
-1.107193204422802335e+00,1.879004591076783304e-01
-1.425269898488042142e-01,5.834504813827008363e-01
1.482832385344442505e-01,9.309812468646494477e-01
-2.533437320866766540e-01,9.379317592461113851e-01
-4.184069257573749256e-01,-4.169957438026947877e-02
-1.364648495347159596e+00,3.360458756656167778e-01
4.115190361059667956e-01,6.632362235486086721e-01
-6.510802286353749579e-01,9.146179728910026896e-02
2.527900100993161758e-01,1.175322321543819548e+00
7.950124315112307161e-03,1.084680792883132128e+00
-9.372129423915742663e-01,-6.940892199976107790e-02
-1.486194991192831161e+00,3.321446969317924380e-01
-2.763466805082732958e-02,1.064961273733829428e+00
-1.143218502774930867e+00,-3.274572228945174523e-01
-9.165166872926424624e-01,1.893339342073807885e-01
4.608466763331650617e-01,1.257945540007861407e+00
-7.461894318305699603e-01,-3.503389597600867211e-01
7.932640981780182676e-02,8.839196245784136652e-01
-1.007083945869682751e+00,-4.742034965655954615e-01
-7.671784610961800144e-02,1.286590554326459523e+00
-1.209209628254418245e+00,1.989899120446149416e-01
-3.209249584338862982e-01,1.092485484901431825e+00
-1.003707143364535259e+00,2.161670526705256612e-01
2.067601357262110195e-01,1.254698832890941418e+00
2.071988007798832368e-02,8.307983085243374477e-01
-1.305381441883665117e+00,-1.575154009085096354e-02
-6.412309343687110363e-01,3.459448131153919914e-01
-9.703296826038650957e-01,3.447871312154481699e-02
7.512460587745746488e-02,1.131176639835018483e+00
-9.238934626550693308e-02,1.101853471186258426e+00
-1.660111611861318226e-01,1.029900250025181929e+00
-8.006412978609129816e-01,-2.485407639608062103e-01
-1.105765063357612821e+00,1.565365090595285114e-01
-1.126915930161201951e+00,6.681764195216938727e-03
-7.024843251142626199e-01,5.316068498656489200e-02
-1.036683827461313490e+00,-1.553267582771413469e-01
-1.454222627571719828e+00,1.959483389087549651e-03
-1.300679267648076953e+00,-3.725157133808732479e-01
1.338635508532544927e-01,1.080776021927912112e+00
-6.119927256856805969e-02,7.732149666104312091e-01
1.651324151746025315e-01,1.194454446271880910e+00
1.111336714100035761e-01,8.753947793805199051e-01
-8.164408332445011185e-01,-1.449136747767615918e-01
3.254637842531330622e-02,9.178727030565626555e-01
-9.284266900206250561e-01,3.343671251626360863e-02
-1.492332610221601685e+00,-1.789526934707305894e-01
-6.433860781693623299e-02,9.337195749983333570e-01
1.783217581150929598e-01,6.448621318459659690e-01
-1.122207773766673300e-01,9.358278638381161141e-01
-4.292116705750627093e-01,-1.103525272588658096e-01
1.783075723597886963e-01,5.833625563326516605e-01
2.400435796833131630e-01,1.018028433553599843e+00
-1.331955878039660535e+00,-1.107051808947598220e-01
-1.157349235072687943e+00,-2.106938246501604550e-01
-1.578898223197996442e-01,9.015158337660669208e-01
-2.069528562384534143e-01,1.185113765020546550e+00
-8.088794567457564533e-01,-4.008514623471173266e-01
-1.143512690851402169e+00,7.533624979704510276e-03
1.439231142831222943e-01,1.105659279453069077e+00
4.177970377561676107e-01,1.067351359419730361e+00
-7.472200807177986626e-01,2.768840582682768892e-01
-2.060385015876771697e-01,6.153860157198640657e-01
-1.527857966126164646e+00,-1.038661965681742239e-01
-3.924597005903460722e-01,6.435937003899967479e-01
-7.922304822797388013e-01,5.832368920517105870e-01
-7.150396591164340787e-01,-1.043922262647465488e-01
4.184533776686980705e-02,1.311839154430172405e+00
-8.305297794275140477e-01,-1.962258254527825610e-02
-1.928467598100152766e-02,6.826376640268411178e-01
-6.918622990546191565e-01,1.421995823612391685e-01
-2.168740242468186197e-01,1.341347261111387468e+00
-5.000662435079578083e-01,8.637921652654864113e-01
-8.946336068586143719e-01,2.221179136651874886e-01
1.624303779524990110e-01,1.258068903074032852e+00
-1.319286556106213926e+00,5.644506680845174512e-02
-1.142169093915351707e+00,5.943094215501561889e-02
-1.051879033412956160e-01,1.254471655210193770e+00
-1.217922024154126648e+00,-2.279660381638926869e-01
2.580331350582955041e-01,1.145472330227512936e+00
6.922011382112136513e-02,7.712118698556539309e-01
-1.163151038126827963e+00,-1.761139818387682521e-01
-1.178380286307527891e+00,-8.800608374472464190e-02
-1.692442027217847533e-01,1.051123748665586222e+00
-2.954208604413320893e-01,1.177150487449512672e+00
-5.674050344350749231e-02,1.056966305834575737e+00
1.262287161998641161e-01,1.181468231497100341e+00
-1.052634306293944499e+00,3.249016099493777232e-01
-1.027414644724228276e+00,3.869407684598373809e-01
1.002693917675704684e-02,1.030377962221735499e+00
-7.804254671548794819e-01,-2.117324676392706440e-01
-6.677820598184388556e-01,1.764309166015962937e-01
-1.162390162306543129e+00,-2.803942653825944875e-01
3.553243128299492515e-01,1.145745846356490016e+00
-1.081902708473318153e+00,3.004661702931658018e-01
-9.775118338917596628e-01,2.067695714460649620e-02
-1.395748361261561765e+00,3.995131329096771045e-01
1.487395907497012504e-01,9.661683258667345120e-01
1.662125252333416514e-01,8.462708204247852972e-01
-1.751560859968665507e-01,1.001663400853629593e+00
2.075940533282891742e-01,9.561435474336463791e-01
-1.176237217074563635e+00,-8.769419460131962218e-02
-1.063502546520248782e+00,-8.344660009128070099e-02
-1.207238523878155334e+00,2.955545854860520127e-01
1.860122999810146227e-01,1.165307486438021067e+00
-1.187463526128617053e+00,1.339960032606750673e-01
1.239978402075662817e-01,5.841354698190480699e-01
-1.028061426369738074e+00,2.051726618684456549e-01
-1.790939700502071075e-01,1.284709371866735506e+00
-8.831871397683991320e-01,1.623790799216490513e-02
-1.058373826898246106e+00,1.331188309730629293e-01
3.723783432363707568e-01,9.656775756978811520e-01
2.737710527491988288e-01,8.461984049650669304e-01
4.326682622818261437e-01,1.315948749996725287e+00
-8.256654504799640359e-02,8.144045106777419996e-01
-2.208520017667027144e-02,8.612745675852861993e-01
2.017421213729294616e-01,9.445651015771110437e-01
2.617092453772841831e-01,1.546840845446835200e+00
-8.744284040948985259e-01,-4.793986229160536461e-02
2.922803403686391466e-01,1.050075462405611004e+00
9.616191819264792440e-02,1.126001037938151095e+00
1.839573103742714322e-01,1.302393580120789540e+00
-1.177408696521689668e+00,4.441180952034742835e-02
-4.102230530403849426e-03,9.098657012110507036e-01
-1.012175929338748892e+00,-3.512196438619334393e-01
2.984933303794540249e-02,1.190088236743342076e+00
1.589242648366505639e-01,9.279320094566791965e-01
-9.830601805080128042e-01,4.754822733295491904e-02
-4.747821075796527374e-02,1.088649874443670340e+00
-9.510384978068500694e-02,1.441612960913758457e+00
-1.014852614458238989e-01,1.074262309846346630e+00
-3.334916242628323535e-01,1.485429926822965818e+00
-6.633917750358646614e-01,2.896385598495584413e-01
-1.852135500142856606e-01,1.295255926834521176e+00
1.461664309905220394e-01,1.465152528287701150e+00
5.127369522947482910e-02,1.135852232346543644e+00
-9.348850993478724503e-01,2.557567025581824333e-02
4.724002242747912250e-01,9.643742394904361026e-01
-6.075335987506829127e-01,1.623814121514109698e-01
5.555849017284427566e-02,1.294915446322813191e+00
-2.175279889080254658e-01,1.010350607639553200e+00
-1.268243774601766516e+00,-2.081587078590516338e-01
-1.253790241442192643e+00,-9.604663259772365513e-02
1.224556710342515758e-01,9.165540303029712232e-01
-1.047919666209191636e+00,2.183188974722784573e-02
3.056750603700547630e-01,9.303363158706955405e-01
-4.103789953464641593e-01,-4.075534097846639781e-01
-9.186446624265702798e-01,3.343687794126700696e-01
-1.373220756488172795e-02,7.517765657032421389e-01
-1.493998063364996742e+00,-7.224745787426939403e-02
-7.801036219066381783e-01,-2.238669240460356147e-01
-1.196854204679153488e+00,-5.488593608174150568e-02
-1.116443173928970189e+00,8.995969669645370592e-02
-1.240429833842299212e+00,5.939274580977732532e-02
