e_score,v_score
1.916991260771651329e-01,-1.617424376769891203e-01
3.197319129644455860e-01,5.436306068852446716e-01
1.961776477007685926e-01,-4.381544789350857450e-01
-9.648549044301725219e-01,8.469506375471670401e-01
1.754578101196231296e-02,-2.359379436446258915e-01
-3.433768955703507819e-01,9.828577800382219676e-02
3.118874613837814835e-01,-2.812744699186232530e-02
1.430469809757637378e-01,-8.014501659660955291e-02
-1.035277567609569349e+00,9.934092698758723028e-01
-1.158729182283281922e+00,1.166162428665302953e+00
-1.487616608595655698e+00,1.327641209621548191e+00
-1.141943588069824989e+00,9.168403834057752277e-01
-6.903470722700844053e-01,1.367392379106992628e+00
3.613292180667703607e-02,-7.235736470257274344e-02
-1.565155508348864410e+00,9.812617289022109723e-01
-3.009134039988774489e-01,6.716109420007482234e-02
-7.863353521129738954e-01,9.861601869045607538e-01
-2.168546867161481040e-01,-2.016577994676588548e-01
-1.006860768757396718e+00,1.268620778588282816e+00
-5.705804487307393202e-01,8.399262187654199519e-01
-1.435957699483016992e+00,1.031126114048368292e+00
-2.163649084984947124e-01,1.882033558681366070e-01
-4.148669577293134098e-02,-1.063992612722818171e-01
-1.735993035729692657e-01,-3.395479946849642716e-01
-1.404772118740667819e-01,1.618538183882828052e-01
1.856089839397053742e-01,2.416075826143247174e-01
1.600543547235241393e-01,1.688219495577060192e-01
1.216995980152992679e-01,9.166298571416105212e-02
-6.310758134115852513e-01,1.269706884241987632e+00
7.521251700222883474e-02,-3.123363356979970140e-01
-1.182963802149153754e+00,1.401214510560395254e+00
-8.746607239940652478e-01,7.741605983863020235e-01
-1.071126237202080889e+00,1.222642990886596115e+00
-8.452915381957095686e-01,1.175990972092180398e+00
-1.944551818847231432e-03,-3.017836371177891608e-01
-1.147713958611116247e-01,-4.650692096167029221e-02
6.577195881138810096e-02,-2.626964596566247478e-01
-7.229171504747646804e-01,8.796184482424513895e-01
-1.256461513023622023e-01,-2.203969998501681127e-01
-1.316312839985016137e+00,8.454936919402159523e-01
9.184828746402730337e-02,-3.762510535116356941e-02
-7.331685426766523239e-01,8.301366577206377162e-01
-6.610233241786007685e-01,9.828958613873657324e-01
-1.923864102809426102e-01,-2.706636054404499680e-03
-1.388945127996421780e+00,8.428422683622752709e-01
-1.025302759643113154e-01,9.926525702319730082e-02
-8.122990008849663157e-01,9.956132634905169310e-01
-1.135667719361035610e+00,1.373076891627629248e+00
-8.349878517233724207e-01,1.171042318550580497e+00
9.071502515167656489e-02,-4.548908539657762207e-01
2.349328518969735213e-01,-1.381385497724505473e-01
-1.081306245887602824e+00,1.183861134526869918e+00
-1.148923280336352049e+00,9.948030936778239353e-01
-8.701343585704099937e-01,9.422429898024572426e-01
-9.022532463021969429e-01,1.138483603654774301e+00
1.780551792466394390e-01,8.484695996708827015e-02
-9.737630142671165334e-01,7.814824779377096409e-01
-1.102976324218806869e+00,6.277835354995773276e-01
-1.049969477285850106e+00,9.047428603908922451e-01
-2.224451712845710860e-01,2.383960298931778743e-01
-1.146702228729615802e+00,1.242526148994171908e+00
-9.429777228677322931e-01,1.136091928492058978e+00
-1.069522963441122826e-01,-2.529744069525411906e-02
-1.216970238431744067e-01,5.291735841637475873e-02
-1.097002937122849353e+00,7.675266555348266850e-01
1.847223993213813198e-01,-1.965819181186105602e-01
-9.754597011258430150e-01,8.976446900078121072e-01
2.381245597835287275e-01,-5.501329810879002080e-01
-7.971967550392760060e-01,8.682611465896165059e-01
-5.564226828536166132e-03,-2.941524869257836766e-02
-8.894860614189610271e-01,4.336937259979805059e-01
-4.594083379534884548e-01,1.418836998480547951e-01
3.782817271314893870e-01,2.466372163604799717e-01
-1.087890728746234492e+00,9.143586628174495967e-01
1.047025068487986328e-02,5.258616571969008113e-01
6.301092649505501964e-02,2.435667773376645057e-02
-4.208060801913941773e-02,-8.042420849136738825e-02
-1.231490650949669252e+00,1.290546746373761433e+00
-4.434621729393636858e-02,-4.880834608824279885e-01
-4.097258026728595875e-02,2.876901027011995460e-01
-8.541137091481807442e-01,6.895965616686754451e-01
-1.205565944105733145e+00,1.154285018762798876e+00
1.996399044715149035e-02,1.725438726004225598e-01
2.955239449258556875e-02,-9.898552831940481481e-03
-1.436561245269483589e+00,8.237677953920259366e-01
-6.305053920388020705e-02,-3.266899620681623650e-01
1.677416354270437615e-01,8.867209471251079334e-02
-8.016975697857437605e-03,5.727701777790465965e-01
-2.502011080067905735e-01,-7.882346608393794862e-02
-1.118664857424961578e+00,8.802036936853356863e-01
-5.547637244449465932e-01,7.250932445995569298e-01
1.525180714973530492e-02,-1.017081039798403835e-01
-1.013875013991935248e+00,1.026057763962815672e+00
-1.036186341952565426e+00,7.625834223458597405e-01
3.109798169740900509e-01,1.886045542151021936e-01
-8.549012161664687470e-01,6.805694231148561313e-01
1.437433781010148681e-01,-1.176540972546068903e-01
-8.344398768928232846e-01,9.005304943847735055e-01
-3.048421703364229129e-01,-3.082576410495291297e-01
-1.352094256993022769e+00,9.326928716054589952e-01
-6.401970676393641257e-01,7.821636140968203366e-01
-6.600820859193783363e-01,8.994389421489837888e-01
-1.212562938395137291e+00,1.079304339760061238e+00
-8.625797926080406297e-01,8.687375910003162227e-01
-1.153140308628360478e+00,7.098182139943834956e-01
-4.319839881521372882e-01,1.698430534028003425e-01
1.083352547999966997e-01,-3.591182750273256286e-01
-8.719116793001248367e-02,7.753718612340100569e-02
-9.935391131810014653e-02,-3.325488742231668682e-01
-8.684074143537898749e-01,1.046184355903266860e+00
3.370125794950575848e-01,2.634980859915713181e-01
3.133235793694649218e-01,-1.338955377859007978e-01
2.710118159133130811e-01,-4.896504936359793447e-01
3.500311370945994316e-01,1.840793448304912927e-02
2.240151303509260727e-01,8.047704743005406475e-03
1.102787811563229331e-01,8.829786229457248226e-02
-1.404117966967126652e-01,1.374981911826282932e-01
-1.089129307532332058e+00,1.219297992250522933e+00
-4.672280313248336481e-02,2.420709369823302870e-01
3.301308441685441020e-02,1.270666538540473067e-01
2.331053384660738970e-01,-2.339053360652642022e-01
5.583385409412866540e-02,-1.213375365842877251e-01
1.417661098131532335e-02,-2.101236460329778677e-01
-1.123287865405461945e-02,-1.358517845506967692e-01
-5.802554027521814595e-01,5.287429755595782904e-02
-1.122571137107060135e+00,1.372685991674899908e+00
7.517718951511334624e-02,-1.031586811761261574e-01
-2.888053187206343075e-01,-2.500133411191446040e-02
-9.304034643573262375e-01,1.132621545027679089e+00
1.873576818463326688e-01,2.918571162610935580e-03
-7.430933718327977777e-01,9.317148165774080670e-01
-7.760675299754674628e-01,7.016536262259220891e-01
-1.367858824412090835e+00,1.051670441163660596e+00
-8.087451311971066703e-01,1.028126542464944615e+00
-1.012185418885531263e+00,1.208842935354124570e+00
8.299210774802470714e-02,1.426652962732067875e-01
4.045994766745866084e-02,1.045929900837339194e-01
-1.172510280930023852e+00,9.877028107652591205e-01
-3.517092016405833077e-02,-1.367559778568467645e-02
-1.036667865025696189e+00,8.190963900545195076e-01
-1.121975770021095498e+00,8.671400960852300166e-01
5.926963495708896523e-02,9.328076438828000749e-02
-3.167600097719178859e-02,4.003629531228369148e-02
1.462032689974882282e-01,1.341367379739540899e-01
-1.307872773940147670e+00,1.377575689009185034e+00
1.660723727415224643e-02,1.121824925495184117e-01
1.853657962418632510e-01,-1.329396704308731803e-01
-2.129546919448592757e-01,-3.221159832160436776e-01
-1.071628749322179885e+00,9.522484060996034838e-01
-7.662177702257513268e-01,7.755484601430542302e-01
-8.877437394758096456e-01,1.007017896086513931e+00
1.627536593597979017e-02,1.906524576269191251e-01
-1.254210173262039651e+00,1.027315661674954583e+00
-1.306107584561433665e-01,1.767962827728199460e-01
2.419099300933131858e-01,2.907372530124780474e-01
-1.333387566050554973e+00,1.449630856351544317e+00
6.583360051997890275e-03,2.556909516970896079e-01
1.701096337339001174e-01,4.430800101554463466e-02
-8.838699627579023055e-01,8.174604478368893146e-01
-1.208950311903769004e+00,9.667627615760127080e-01
-7.565564212439840341e-01,1.139577331456911313e+00
8.853414045321245096e-02,2.207034909104048370e-01
-7.792469653511815419e-01,1.196335774292373255e+00
-7.509375345396607226e-02,-6.922344760523372990e-03
-8.684297679521042479e-01,1.192609081134993865e+00
4.232916175291462531e-03,-1.377398138401458583e-01
1.217777621325380338e-01,3.777949314112972745e-01
1.358516969226531146e-01,-1.694317728744964072e-02
-8.960188973713868466e-01,1.213977000322756794e+00
-1.259590274439318147e+00,1.306671478787508223e+00
8.805218611861137523e-02,-9.206499696273841293e-02
1.307349430774245869e-01,2.406889356438159655e-01
-6.168397545395363363e-03,6.720053465865653830e-02
-3.127923702282546792e-01,-2.589433435320781518e-01
-7.851305855863250915e-01,1.042373266113425512e+00
5.380176004464906625e-02,2.194695983737269540e-01
2.553243984992476512e-01,-3.433979093499014423e-01
-7.099846392927204874e-01,1.256106169843457909e+00
-1.193349750152393973e+00,8.019315234629775802e-01
-1.547224404214879723e+00,8.505834386065849184e-01
-7.570582376525016866e-01,7.077912660273157908e-01
-4.798976291109693371e-01,6.842360438154524438e-01
-1.154350927616476286e+00,1.178403986804877901e+00
-3.243002397920620727e-01,-2.081627127106006406e-02
-1.198781470504139079e+00,1.133896073830100715e+00
-2.058541087977818207e-01,-9.436896844685721542e-02
-3.121344225850738660e-02,1.392924302056436081e-01
1.326199618874915505e-02,1.754475850422169969e-01
-2.429786210486730713e-01,1.094750065046483783e-01
-3.126043328814490097e-02,-2.400609621421365483e-02
-1.897228320585343075e+00,7.444802143415671924e-01
-2.656944076641216124e-01,-2.687484748425852388e-01
-1.936653615744038937e-01,-2.294242886563281625e-01
3.033183260467236519e-01,9.871980688216325239e-02
2.819212078381590492e-01,-6.439250566964098699e-01
-8.318152289485420958e-01,5.332602514248176995e-01
-9.146543721812223637e-01,9.953483361989833300e-01
-1.166865093521332275e+00,1.530566138167986701e+00
-7.707318420940191261e-01,8.604705494072366623e-01
-1.295374514758193651e+00,1.130228307622725525e+00
-6.500097120239876070e-01,1.028787710363435748e+00
-9.400814104488072198e-01,1.191793386358179552e+00
-1.961854579028796675e-01,-4.497869703209014802e-01
-9.864988876195109058e-02,2.833489032768772842e-01
1.974941913630695045e-01,3.001951997661571614e-01
4.431879310175879105e-01,-4.811050541725515606e-01
-1.227595439391860666e+00,9.313559233403679860e-01
-1.079086823272171092e+00,8.244786494849158931e-01
-1.535294529878561853e+00,1.238682689978225948e+00
-3.196636620221590119e-01,-4.363353182493145965e-01
-1.020578569428563842e+00,7.857699494510166360e-01
-8.284947550041741327e-01,1.273676024116471961e+00
-9.035947218326119135e-01,1.254814275352333697e+00
-9.638526851812293517e-01,6.665721006584215402e-01
-1.108008423409331256e+00,1.232688821714793770e+00
-2.249069726404764324e-01,2.391129297160574096e-01
-7.949806397941243663e-01,9.254842323676787386e-01
-8.080962262806139496e-01,1.239289434172196058e+00
-8.299342935803493138e-01,1.271780015990329638e+00
6.325329888946015777e-02,2.891810400574310602e-01
7.502384183818770758e-02,-6.966350142043924165e-02
4.020707956599560429e-02,2.157676022992293385e-01
-2.349413353203136656e-01,1.490301877445138201e-01
-1.677186953339258602e-01,-1.130134857174889124e-01
-1.298194827403803819e-01,1.147802662482474700e-01
8.099641422997503337e-01,5.548380502237318934e-01
-1.316400057728702055e+00,1.009871717617989439e+00
-8.306533676647857023e-01,8.370113514201427130e-01
-8.162799704809657886e-01,7.443139223410186744e-01
-6.021076531157330131e-02,1.197520527506658744e-01
-5.084988593396479878e-02,8.977301421588863850e-02
1.590118725250669052e-01,-7.067245614505432982e-01
-9.336504699866980950e-01,1.081732042425042950e+00
-7.604662408306077370e-02,-1.390843177066725389e-01
-2.103306792686156224e-01,4.113137730273920267e-01
-3.458975963043437463e-01,2.878317782695643534e-01
-9.687513053557569309e-01,8.122886060804210828e-01
-1.176118240461646369e+00,9.195723724465478810e-01
-1.391550814444235951e-01,-1.166277729298781235e-01
3.237895820170549332e-01,-5.842572756940461742e-02
6.138245444212007962e-02,-2.471711957790984071e-01
1.090771948745917763e-01,-6.678205359335051550e-02
-8.883584062004205029e-01,9.289547012118279934e-01
-1.052223623881579778e-02,2.902511168970465238e-01
-1.047177112680504285e+00,8.002902171393482256e-01
-1.180259977681387573e+00,1.217790382550224759e+00
-9.994893661964142362e-02,1.801287946600691192e-01
-9.841274535461304040e-01,8.543746028251477664e-01
-1.366350070367188842e-02,-2.116504543206634836e-01
-1.235113050902687304e+00,1.359919025244734847e+00
1.683232928995820610e-01,1.656256944864564762e-01
-9.332514832858558318e-01,7.000770242959153400e-01
-9.313594643451330590e-01,1.206418697057577649e+00
-2.468041161175951390e-02,1.316421904123883935e-01
1.327102212757590716e-01,2.196495482345414141e-01
-5.341655056098640331e-02,-7.115316260300831586e-02
-8.177623413236208005e-01,1.156755113668383572e+00
1.974815416492259057e-01,-1.663324582050054734e-02
-7.398840212333152033e-01,1.273307274381910936e+00
-1.627136917276870709e-01,-9.738788879726351100e-02
-8.510319267677386446e-01,8.595463419810229766e-01
-1.095437572408745952e+00,7.895869983832702887e-01
-1.149846412292107711e+00,1.026652124454887405e+00
-5.960035329447124774e-02,2.018586104498334977e-01
-1.151218595159525071e+00,1.254281334505243928e+00
-3.121327732294238433e-01,-6.070151474690854004e-02
-9.314145606367058017e-01,9.758912338900909145e-01
-1.388279330824220004e-01,6.883717973447990579e-02
1.003920729611957191e-01,1.654141850733496510e-01
4.058084209906823864e-02,-6.159187052847709537e-02
-3.039841643478465374e-02,1.335781953954962575e-01
-8.321076951133083988e-01,6.013643508180540609e-01
-1.962312815251899267e-01,-1.705401390768097325e-01
-7.708566094375387534e-01,5.653235547234908287e-01
-1.561092165516817287e+00,9.332784713545965172e-01
-5.951239023988510457e-01,5.687072038095479787e-01
-9.907087156289740015e-01,7.326068004143286849e-01
-9.778127783318970589e-01,9.035289976025437930e-01
-1.171778970842304091e+00,1.061640174368770229e+00
-1.034923253605487120e-01,8.619404132344679614e-02
-1.114575311005119529e+00,1.122508304807209534e+00
-6.312001654141244367e-02,-3.701385596270115874e-01
-1.431474714276447902e+00,1.000822738714705729e+00
-6.823145439014531854e-01,9.100842000232273188e-01
-9.342952856038401199e-01,1.206415460307996179e+00
-1.338179574895020707e+00,1.268824617534677568e+00
-6.979367848677331398e-02,-1.875680513714383657e-01
3.567775520143581791e-01,2.083765058346023769e-01
-7.018552142611665656e-02,2.945909349676491540e-01
8.250377835442057606e-02,-3.446493998901912215e-01
5.054285659982539480e-02,4.005598620728324510e-01
1.975070155889381007e-01,-5.273510271267906058e-02
-1.207555940296919816e+00,1.232118782431832704e+00
-1.002404897409018947e+00,7.402104969036524817e-01
-2.775342465568482186e-01,1.253756285671404902e-01
3.060343371965486281e-02,-2.211994031605749589e-01
9.825999182299505197e-02,-3.765353131694620381e-01
-8.663799629725320584e-01,1.269295377497572597e+00
4.455478291455544637e-02,1.180784620386680916e-01
-2.367318767853402450e-01,1.398960006844289505e-01
-1.027715343383117874e+00,1.107377971899604407e+00
-1.043847745271420768e+00,1.038105144433497440e+00
-1.158813489039492328e+00,1.045751539338937608e+00
2.125559566324415894e-01,1.428315440412351867e-01
1.272512147061282684e-01,2.840974705748059437e-01
-3.524215402208922265e-01,1.014764440995965522e+00
-7.993329346541200309e-01,9.520073425212614016e-01
-1.026831552330731423e+00,1.190507111946345287e+00
-4.874913916257286872e-01,1.668135815491810225e-01
-9.003301301022438308e-01,1.437512801843303212e+00
1.261391660059514586e-01,-1.557517131292487089e-01
-1.347324257574626705e+00,8.145652220816946842e-01
-1.304133575932608036e+00,1.532441622808169868e+00
8.074913627531840610e-02,1.497179814269227749e-01
-8.676127664352594193e-01,9.041733552661274098e-01
-1.251907754336209599e+00,7.507136693777302083e-01
-1.099004360269853819e+00,9.793476703402654859e-01
-1.375849575273205616e+00,9.351627776752775567e-01
-1.430046297031401625e+00,1.113829975355896895e+00
-1.155603023048829670e+00,7.965789856846547945e-01
2.306487515988622505e-01,-1.862378142919350610e-01
-1.146987852354670157e+00,8.993062370762381352e-01
-1.055634467983212338e-01,3.550849121925720997e-01
7.084816711241075093e-02,-1.226845927485158277e-01
6.645331013862983138e-02,-8.693393629480923590e-02
-9.501559614926761155e-01,1.042423383556068561e+00
-1.025838839947205816e+00,9.913197335228051132e-01
-1.031817977957059762e+00,1.012938226295096333e+00
-1.122903716588861400e-01,3.479283269562871150e-01
-1.275788844205337780e-01,3.380768222302651949e-01
-8.243457726336037572e-01,1.054991582220804247e+00
-1.511379636234230772e-01,-1.892096879253668817e-01
-8.625504670228034687e-01,1.016843689921516525e+00
-6.994018803811390406e-01,7.739829830126606636e-01
-1.162312449470068731e-01,9.307452687433619143e-02
1.603909848082957779e-01,-3.571011477564450115e-02
-1.146034017351488909e+00,1.000712399749886794e+00
-1.010082264929064610e+00,6.360418529731033388e-01
4.732495489535255839e-02,-7.873138110845457824e-03
-9.268275165050240405e-01,1.017663766108721557e+00
5.009357031844703378e-01,-3.289783575927027193e-01
-6.940740545673512729e-01,8.857658529682779225e-01
3.816592062713913824e-01,-1.466727348353847327e-01
-1.035470934623755390e+00,8.878328546844626024e-01
-1.188520723288859493e+00,9.216867673145393569e-01
2.827729497218325339e-01,6.063356998899629459e-03
1.706125087957333919e-01,3.358023359332115709e-01
-2.376381403865734238e-02,-1.699046192183471526e-01
-4.444632509974354995e-01,7.755824342239324432e-02
-1.080610018119574134e+00,1.000200156877921298e+00
-1.406290062229732518e-01,-1.774713684486864396e-02
-8.175151296770366560e-01,1.026540533297872315e+00
4.356217469069526699e-02,-1.007082044869150733e-01
-3.097516591995188029e-01,-2.354900374092993784e-02
-1.333310164957886901e+00,1.154573050447483373e+00
-9.031328125315761790e-01,7.920642722235173849e-01
-4.593835968781571910e-02,-9.851170136028494784e-02
-1.292222494742161221e+00,1.188000556822575327e+00
-4.263933772359902452e-01,8.838046920742914647e-01
-2.888211175920933904e-01,-2.742734971092069540e-01
-2.250227136651376247e-01,-8.425049727384406606e-02
-1.076231933788790451e+00,1.209696288579856560e+00
-6.683902520483329945e-02,2.301033070294654717e-02
1.075743986895789650e-01,-3.323063948461811579e-02
-6.686680852915491413e-02,-4.011224176200312019e-01
-6.093305612551773720e-01,1.447022799194637832e+00
-8.668593443407044408e-01,1.166460328880045916e+00
-8.725221898935155984e-01,7.946723942224023229e-01
-1.179142523436158996e+00,7.477577948157613230e-01
-1.375300438409992498e+00,8.875866396467729791e-01
5.053560247356357615e-02,3.625268457100661590e-01
-1.390528830853763331e+00,1.131667604556802376e+00
-2.132950569407470187e-01,-1.572835982450454875e-02
-1.252256063753390158e+00,9.674115036002876034e-01
-1.132380468777159782e-01,-8.596380768557293495e-02
-1.440903103771051241e-01,9.205839243243058023e-02
-3.470134656271889328e-01,-4.340937832490346371e-02
-1.123574117860038246e+00,6.823132949378917234e-01
-7.648290807867250685e-01,9.533580193559246796e-01
2.286648163088339236e-01,-1.181630521075398149e-01
-1.035124642403682627e+00,9.783034448607281774e-01
-8.865403971795506877e-01,1.059191954538952096e+00
-6.650900490660848208e-01,1.259699098444887921e+00
2.137084285336531830e-01,-1.555928828390590324e-01
-9.848023753087375987e-01,1.149587112472463479e+00
1.139546365726508415e-01,-2.091774819704753374e-01
-3.019299528319475678e-01,-3.683747276345238769e-02
-8.411172032873324156e-01,1.027838272078948956e+00
-6.604456274478438527e-01,1.023306305864361665e+00
7.738140322487276068e-02,-2.477159141876953963e-01
-1.031646967272547455e+00,9.914129558480281323e-01
-8.998076835438381105e-01,7.222951818280958225e-01
-1.379414469415099209e-01,5.967210328865060059e-02
-1.063394863220860909e-01,-1.898183275540846759e-01
1.253896135244003673e-01,-8.174139304835976311e-03
-9.915077977024219225e-01,1.268958993565710403e+00
-1.578479255057141650e-01,2.118823615852481398e-02
-1.340531037917567225e+00,9.593399684139715111e-01
-1.004988388303878599e+00,1.092746793534355110e+00
-9.919230016236039171e-01,1.209163852765037461e+00
-1.040231586865114854e+00,8.176337494118280924e-01
-1.163373185474878335e+00,1.013824975039072207e+00
-1.348316545242978615e+00,1.178757368600508615e+00
-2.180977248792931589e-01,-2.054185929534624033e-01
-1.213917280674811305e+00,1.356571191132413645e+00
-1.188809263023825391e+00,7.071479210140159122e-01
-2.038217473504441435e-01,-1.349072920307568535e-01
5.629883337002514025e-03,1.389802399763838126e-01
-7.761958138765573390e-01,7.186495905750720503e-01
1.827568839327267936e-01,1.477526758663642581e-01
2.036909515435364193e-01,-3.233561825788504596e-01
-1.495452532803901224e+00,1.200883142909404899e+00
1.943619575805422273e-01,5.485667782032510598e-02
-6.238272131396208620e-01,1.050565744263432855e+00
-1.163447807289821778e+00,9.737971257170769945e-01
-2.143845819200858871e-01,3.509239643345887782e-02
-2.598253792851648036e-01,1.683905861204894883e-01
1.753866161881575680e-01,-6.490868556517995214e-02
-1.426157288396296963e-01,6.196250426481057089e-02
-1.231037489100085036e+00,9.702306354249201625e-01
-4.658742434054529147e-01,9.211535010253405487e-01
-1.083435247729534368e+00,1.076162690062933747e+00
1.041965329436723153e-01,2.414134344664406184e-01
3.462533168529466354e-02,6.544266327554963680e-02
-1.055315731107435040e+00,1.101435923048728949e+00
1.730366319578738044e-01,1.345033107217294688e-01
9.516648656779740090e-02,9.961650794763383943e-02
-1.254337553049019061e+00,1.161349721563775583e+00
-1.181761149563440139e+00,1.051155875461305289e+00
2.252550046875255452e-01,3.009283511451302240e-01
-2.413135788892607769e-01,-1.819336572632011262e-01
-1.029395647303827488e+00,1.140907896971594671e+00
-1.014923443491556609e+00,1.434224299011827464e+00
-2.633371337163633030e-01,2.960764533247357555e-01
5.001479769193827307e-01,-1.162787946322211413e-01
-1.114429504047738551e+00,1.219099605267174535e+00
-1.271071853468637158e-01,-1.172501123958654690e-01
-9.209951522560073656e-01,1.167147336696314763e+00
-1.012832816374202638e+00,1.156165240180229814e+00
-1.052312060862390153e+00,1.007092884724139159e+00
-7.448505854426410444e-01,6.127168339915215478e-01
6.990952275504182245e-02,1.028184408392873034e-01
-6.039255227728651532e-01,-1.431565600397513016e-01
4.073138168276311255e-01,-2.291802433988928134e-01
-1.074464247907646053e+00,8.220537079602348030e-01
-8.127007745713198394e-01,6.530325417189917214e-01
2.753643796317944981e-01,-4.636094747892353651e-01
-1.452774662381863535e-01,-3.989527330398255356e-01
-7.322849500968912906e-02,-3.467477141710702260e-02
-2.360369266742997144e-02,-8.733461790250936219e-02
-3.925474864539603426e-02,-2.099758363703429498e-01
-7.832976872526208334e-01,1.232474617214589507e+00
-1.155094725901844477e+00,8.704227266995089307e-01
-1.293317830048463568e+00,1.162712595825671658e+00
-1.007917186584899261e+00,1.235827403812489234e+00
1.606135354161338513e-01,1.531292751663130280e-01
-1.017785254315343169e+00,1.227071687878754869e+00
-1.371504323903814937e+00,5.584515284321145412e-01
2.360151559521261599e-01,-6.517558700511237868e-01
-2.562693549791992403e-02,2.358728936938057352e-01
-8.985886783711785064e-01,8.496677331603487149e-01
-8.187625164573771042e-02,-8.278277761249563937e-03
-1.142521032105040968e+00,1.006012975054219272e+00
-9.656679386043898194e-01,1.256025097692537340e+00
-1.098031625441511450e+00,1.338459602423036410e+00
-1.229247537294103632e+00,1.243994384253705121e+00
-2.096486457743628740e-01,2.828559056048661827e-02
-8.793601908085953156e-02,3.445041207425951213e-01
-7.684436778344504448e-01,7.459516369574457073e-01
3.016516310614053009e-01,2.232247501091748076e-01
-2.377942774806371048e-02,-4.272348799329951374e-01
-1.124646886271265300e+00,9.519788719651767206e-01
-4.088538070966762916e-02,1.905265437974727194e-01
-1.025630484005993992e+00,1.211187572437382620e+00
-2.818484009211835173e-01,3.091490269100495222e-02
-3.295397516639511082e-01,2.181755023138101102e-01
-1.029429884294183140e+00,1.044459606115628159e+00
-2.174247623465864476e-01,9.393012353705851303e-02
-1.119799212681959588e+00,1.212546847179434950e+00
-1.040597541739479936e+00,1.178402189083064266e+00
-7.367428147597785415e-01,1.465907088599708530e+00
-9.857534263675953312e-01,6.774036598761241645e-01
-9.422908803734708627e-01,8.268047670994849163e-01
-8.830987856698286897e-01,5.339884309871962831e-01
-9.215181420206681739e-01,1.195696238116074284e+00
2.473974944942352039e-01,-3.555102260606427533e-01
9.457512481062739507e-02,-2.724501724964203606e-02
-5.966089576494014446e-02,-8.855649889323426172e-02
-1.172623747650761272e+00,9.925217370485378554e-01
-2.592552127657980487e-01,1.908946361759177868e-01
-1.087024685125596024e+00,9.386934911767904621e-01
-1.092906216350572057e+00,1.248321987213432349e+00
-1.130721523434560893e+00,1.343357978377575090e+00
-1.432815664066126482e+00,1.120515605966503125e+00
-1.104294470145011031e+00,1.491817159527894177e+00
-8.969540726900420147e-01,8.745984906449074670e-01
-1.234799532293538782e+00,1.121141175644995602e+00
-3.479023305290692702e-01,-2.241992733633310295e-03
-9.629787076880005903e-02,-2.696404967021416299e-01
2.338365400557143037e-01,-3.924514640464877788e-03
-8.440518757073902645e-01,1.196617460821642887e+00
-5.946029951470331587e-02,-3.777303210386340204e-02
-9.646321993615715185e-01,8.176081803389988467e-01
2.732187216124527529e-01,-4.167073054649435560e-01
-8.631583736234635373e-02,-2.161752520222994800e-01
-1.110196003361256789e+00,1.033640896621719651e+00
-6.458954461946130321e-01,1.454018901135124775e+00
-1.310577416464371314e+00,1.327916181710370847e+00
-1.031182209095512947e+00,1.183740318796497437e+00
-1.003973286248457247e-02,-4.352265613277404854e-02
-9.764985790230333584e-02,-3.116143981202291746e-01
-1.240430230500380038e+00,9.670584324852489200e-01
-1.361190129809115856e-01,-9.067392025421973367e-02
-1.052716927666891067e+00,1.330540133541746828e+00
-1.311593477043126565e+00,8.999905140096314815e-01
-6.166641484164707698e-01,8.241421433750975023e-01
-1.145563033425086141e+00,1.184201315724614734e+00
-1.057576613260314602e+00,5.681678298488648249e-01
-1.116294190282718812e+00,1.322819573666411230e+00
-2.898928580976770086e-01,1.566359723720701369e-01
-1.001312377718072133e+00,6.235612787846768201e-01
-2.314241427555324138e-01,2.370498905367691700e-01
-8.754538417157371466e-01,1.175214499181261862e+00
-1.188464366637822955e+00,1.018453801595595731e+00
-1.037460266242253848e+00,7.934363414454674857e-01
-3.413486961572168715e-02,-3.738342378321660164e-01
-1.333205540124267063e-01,6.807617465407857227e-02
-9.367009884888564120e-01,9.631593325066445388e-01
-1.240234265178099982e+00,9.149506219925119810e-01
-8.341695926356175184e-01,1.187194649199819985e+00
-9.188560186641113736e-01,1.061844221915218878e+00
-6.277449310491853840e-01,1.032316131561958228e+00
-7.712933514589118689e-01,1.143229028259403757e+00
1.460241432876440981e-01,1.132131901509604993e-01
3.725873380413843861e-02,1.954921661611283834e-01
6.253734916067039962e-02,4.425671278410768794e-01
-1.407803695627967144e+00,9.779020206787363279e-01
1.435381890352347145e-01,-4.242458116931636936e-02
-1.144203599193981402e+00,8.205412027668721464e-01
4.665525007041017996e-02,-2.767564367471971321e-01
-9.543052636517271314e-02,-2.493057163201875537e-01
-6.743640503927850194e-01,8.445013159885612630e-01
-1.009912208800207489e+00,1.196170916867801859e+00
-3.238425566178555065e-02,1.165759142955106187e-01
1.311250425710692724e-01,3.524046945594333513e-01
-1.806896822489231780e-01,2.217785483187328932e-01
-1.095611521665547317e+00,6.557256200739320917e-01
-1.364279259132831656e+00,8.194391737306064849e-01
1.110214181576221204e-01,1.959553876284162444e-01
-1.193759603865330421e+00,1.366695622341833172e+00
-1.784314565004065378e-01,5.198768744628629902e-03
-1.103073353126141770e-01,-1.711792577027315687e-01
5.831091225533579711e-03,6.841082517699299814e-02
-1.004215293941533416e+00,1.185137077509401227e+00
-1.899282623582001783e-01,2.299444353335873270e-01
-4.684083114188006963e-02,-6.596023232930031677e-01
-9.689128079856936804e-01,1.139351827937307826e+00
4.128706519075157899e-02,6.109305332419300294e-01
-1.010993515446323432e+00,1.002161064815379143e+00
1.228944458368601278e-01,-1.058232525075590708e-01
2.609840928015596737e-02,-3.019144253684330481e-01
-1.124413782090258662e+00,1.384971553930878230e+00
2.541282353616098333e-01,-7.155719046826580776e-02
7.696771166606682091e-02,-3.235826270600658527e-01
-1.215231691336756903e+00,1.011320321182738180e+00
-8.759492288438894270e-02,5.844938942805104343e-02
-3.724765110314819105e-02,-2.154034927400587385e-01
-8.957237839320862927e-01,1.513028163194732656e+00
-7.869502814069521124e-01,1.277448336090416969e+00
2.106858953820685276e-01,2.903472258460551014e-01
-1.248262910446512386e+00,9.292821840584546411e-01
-1.334488639941510194e-02,3.477941040260765226e-01
-8.618743296653396113e-01,8.618420328626102966e-01
-1.385173234331391834e+00,1.138358671709414072e+00
-1.262172358197079181e+00,1.048390800362927200e+00
-1.027708335713752641e+00,1.328818301117748346e+00
1.880439062247196702e-01,-1.907275296049534830e-01
-9.372543577108936041e-01,1.409271217958679268e+00
1.594633197999614782e-02,2.525175808103117814e-01
1.920500184568623425e-01,1.985835124860863832e-01
1.718954271262068982e-03,-9.920934209270924550e-03
-4.950187546628388724e-02,-6.656980884091244499e-02
-1.230289067983907914e-01,-6.136082057251340816e-01
5.368035831138222302e-02,4.314998119611512806e-02
-1.630249832786185848e-01,1.146703415011414151e-01
-9.638075887267864017e-01,4.762687512094083697e-01
-2.140928761009179282e-01,-1.544719458445983074e-01
-8.942852005460382170e-01,7.891634740935336012e-01
-9.388740206695888046e-01,9.745697283363305985e-01
-1.043675814179121808e+00,9.670339301485404437e-01
5.001936853968241836e-02,8.666730707772857256e-02
-4.641291670674448366e-01,-8.766273448442823968e-02
-7.044780720861014700e-01,1.199959064301269640e+00
-2.780662131555709515e-01,4.026439034344531653e-01
-1.746051026426034269e+00,1.292878545307348137e+00
-1.133562051681237026e+00,1.187533635415984667e+00
1.171466343659619685e-01,2.018986601614772280e-02
-8.580228790595030297e-01,5.888053831248261094e-01
5.035146111610631081e-01,-9.308880632371051289e-02
-9.161801537262130868e-01,7.960067894995563886e-01
-6.971937851662659558e-01,1.018043917663477904e+00
5.377010601504432497e-02,1.146541042773913666e-01
-6.574898924308532067e-01,9.547398797443493734e-01
8.505040119228053641e-02,-3.489889577306719004e-01
2.677650496588317997e-01,1.083626638512539403e-01
-9.979973441497717035e-01,1.042408784707375746e+00
1.583416362179238812e-01,-1.536347428850472763e-01
-3.233171142774691198e-01,2.522862708000956494e-02
-2.932013237936003103e-01,5.572107056173392081e-02
-1.160039946482321449e+00,1.396175706497508662e+00
-9.028283556021213796e-01,1.248147328605800244e+00
-9.957517522263181764e-01,8.579936551051720039e-01
2.108027955460989034e-01,-8.505200602722803177e-03
-1.192325622419508457e+00,8.252780272691512264e-01
-9.344000142666021580e-02,3.314354230409470858e-01
-3.506660074858701792e-01,1.532094127015252438e-01
-1.066002075896183843e-01,2.308806953200847889e-01
-9.936490654013350188e-01,1.684425247303440010e+00
-3.552833550120527289e-02,2.003676628825015738e-01
8.899505306293556406e-02,-2.978152932951380061e-01
-1.093459974681498803e+00,1.320126521521707508e+00
-9.840306034168154747e-01,1.049873694580080397e+00
-9.008155153687522620e-01,1.124753370989417300e+00
-1.054016158155568345e-01,-1.076861240813707238e-01
-6.668050325489380814e-01,1.202455022911807836e+00
-1.392503013236947362e+00,9.300039769139786250e-01
-3.377242431634450703e-01,-4.190918338704198443e-02
-1.222985542725053332e+00,9.889346494263471232e-01
1.017766557281173240e-01,-2.315640162220860832e-01
5.856316551059762010e-02,-6.355447851806828030e-02
-5.715179917479338290e-01,-4.234018420891743489e-02
2.256807264621665532e-01,-1.925722889968063956e-01
3.862470222777498324e-02,4.684111254039575317e-02
2.466058268049859947e-01,3.564387477459401432e-01
-2.037364362721540145e-01,2.999685739757714797e-01
-8.943822365859449564e-01,7.920142144532036355e-01
1.447800899262569330e-01,2.837399303099296666e-01
-5.219466461586792783e-02,2.129711283814573752e-01
-2.834164874502201892e-01,-2.570312130026230490e-01
-8.268965141214248415e-01,1.209007132450486299e+00
1.797987808015083511e-01,2.878934853812868955e-01
-6.902285509001022078e-04,-1.325149828479510739e-01
-1.002976717294778997e-01,2.639799048130038739e-01
-1.133435050936293376e+00,1.003149691942557986e+00
-2.757016976351400750e-01,2.992040727341849227e-01
-1.095036762629728155e+00,1.091260289478778622e+00
-6.566340591989797693e-01,-9.016877900928241263e-02
9.571129672318361148e-02,-2.349354737829827955e-01
-9.985209685802907131e-01,9.765991210208905260e-01
-1.156445075965390368e+00,1.032704840612389319e+00
8.062154758605449834e-02,-1.130930127396499313e-01
-1.128881723783864199e+00,1.646132858420162659e+00
8.864566802414107494e-02,-4.311535235869820015e-01
-1.194494515330413620e+00,1.017502918247868093e+00
-6.759494346975429557e-02,-3.370252130198248541e-01
-1.056891740615489406e+00,1.252985007927166272e+00
-5.385404347323770324e-02,5.191878610203355671e-02
3.601120197576448967e-02,-2.325921318818156558e-01
-6.015580086641232338e-01,8.959599572021704761e-01
2.220905122894955008e-01,1.756059174653755439e-01
-9.463445416215980899e-01,1.341873078782967132e+00
-1.969118496090430381e-01,2.251890965441812054e-01
-4.510657144478877889e-01,1.126986711752826054e+00
-1.346457908694965067e+00,9.325603385823499902e-01
-1.353417656389517942e+00,6.482161264071686357e-01
-9.183699369658203659e-01,1.363339762411105216e+00
-1.230437749972446287e-01,4.158668135450718784e-02
-3.489286617481980601e-02,2.775181383738902774e-01
-1.103271408528165631e+00,7.913073256999640925e-01
-4.738673900978627312e-02,9.555109700862209413e-03
-7.456822495979320564e-01,7.814013090090334845e-01
-1.036552311395726456e+00,1.064459776482481024e+00
-8.866058841642019406e-01,7.329365225272264084e-01
-9.864330025455663176e-01,1.001858510932863711e+00
-1.063243021018524193e+00,1.418781393073466734e+00
-1.009117956662761051e+00,1.377628924759611628e+00
-3.260765829814295524e-01,-9.892355723432130765e-02
8.591107662708145909e-02,4.734064302833058124e-01
4.410823367184953103e-02,-4.104973948973577279e-03
2.684271709212248114e-01,-2.574363922050978970e-01
2.240323685118016106e-02,-6.279711989106413761e-02
-1.596169487052021996e+00,9.816245499562661347e-01
-1.181788132242863609e+00,7.621847615181993607e-01
-1.193901919505938158e+00,1.635289410512124064e+00
-1.293414535913316232e+00,6.738504096555937295e-01
-9.857526584511161483e-01,9.897865325063642805e-01
-9.132848350833238094e-01,8.578821882850758973e-01
-1.293830036987012377e+00,1.278518054264267789e+00
9.884819596204817704e-02,5.543940351621392537e-01
-1.007400953889642903e+00,1.120046867990317496e+00
3.965235789457232096e-01,-7.482218346221426730e-02
-1.027406520109243937e+00,1.252525628449570716e+00
-8.669020250535578453e-01,1.068655501098099814e+00
-9.143098868382448785e-01,4.664351946906305502e-01
-4.096732392989256843e-01,-3.294904989358820591e-01
-1.158011958728725865e+00,6.868091701308254304e-01
2.005826663057051207e-01,-1.709568184930870469e-02
-9.086943248657961547e-01,1.100693521600945912e+00
-1.689038666980368641e-01,2.026735167241527635e-01
4.431467908365865349e-01,-2.980947267614164967e-02
2.904591679503853996e-01,-9.855070712854917259e-02
2.681361950000478167e-01,1.594498188698663943e-01
-9.370675010019995366e-01,1.248640878298805879e+00
-7.142594610619410478e-01,9.092740932999359149e-01
-8.669480756970138202e-01,7.270169149983380930e-01
-8.614619862853868382e-01,4.677958119183254215e-01
1.884003295404524936e-01,-4.382461003013155554e-01
-6.429106477345182258e-01,8.670439599246775320e-01
-8.223577714323856425e-01,8.381328024942965582e-01
-6.643886620374785945e-01,7.756977562207800769e-01
5.726579933124839594e-02,1.326087619289859076e-01
2.751563952384753972e-02,-3.043447485150346452e-02
-1.185793268031044345e+00,8.883165841824007813e-01
-1.710793539683439224e-01,-1.910248243839196003e-01
-3.014263878608032243e-01,7.554641902992556557e-02
-1.137922011730766736e-01,1.498957805167806627e-02
-1.015538634439316468e+00,1.080889752830092254e+00
-1.178128657159648540e+00,1.007967308594266864e+00
2.249170234077937369e-01,-4.627850751475821173e-02
8.501311512940565307e-02,-5.066798499605291717e-01
-7.528420388631660298e-01,7.141428721330762563e-01
2.381050676529369026e-01,-5.041722463936803011e-01
3.319705244624409635e-01,-3.482719775009091578e-01
-1.037140919070451694e+00,1.409011343303952390e+00
-1.004864885552206211e+00,8.802556302867596827e-01
-1.110672232506863866e+00,1.219474563665087885e+00
-1.584653984991669373e-01,-2.737354551525985058e-01
1.779359466950561908e-01,-1.830958494932721226e-01
-8.331982327675447886e-01,1.366128678923364204e+00
-9.407856469258731869e-01,1.031451384114293823e+00
1.365952217399017954e-01,2.196668465086045463e-01
-9.928440354269606472e-01,9.119119740620893477e-01
1.133490200536480391e-01,-2.434855731955274938e-01
3.847763711111929497e-01,-2.584538188849347939e-01
2.144602022672696118e-01,2.354434589662967627e-03
-1.397068147061489296e-01,9.959167570356579346e-02
3.662423449704457767e-01,7.686545282193638085e-02
3.026362127070484354e-01,2.069724423886646902e-01
-1.087032390670486404e+00,4.630173910806978377e-01
-6.538169364880017098e-02,-2.506133000210534201e-01
-7.402460830227231003e-02,-1.555924871832747580e-01
-9.535285792303914709e-01,1.117866644090575790e+00
-1.083654408244145162e-01,3.068252684371520697e-02
3.297188175106413044e-01,1.248032141380635701e-01
-1.100666255134693294e+00,1.103894089965838710e+00
-1.395489961342603336e-01,5.079603993767999731e-02
9.128232307437231241e-02,4.581714050189927140e-02
2.565858384862907959e-01,-2.198049969726697250e-01
4.301151288382746296e-01,2.222605672715012304e-01
5.735403157510154948e-01,-8.660647230945497932e-02
1.066905403617983278e-01,-1.352801071297792534e-01
1.691304449017399722e-02,-3.148827911807860480e-01
-8.879655250951846990e-02,1.447292313221900106e-01
-8.283057836237052440e-02,-1.762028727208764245e-02
-3.723362068433823113e-01,-1.161422798218690947e-02
-1.601329877669602220e-01,-3.407049440351128666e-02
6.390889904667632071e-02,-1.789227764536515664e-01
-1.319855003637510349e-01,-2.125831454994496217e-01
-7.891561392396360120e-01,9.401877541988465925e-01
-4.175053755611786155e-01,2.498627898635986597e-02
-1.071428827899202130e+00,7.987574643104796701e-01
-7.014549823511195825e-01,1.715270195622976335e+00
4.457705895677303853e-02,-2.304462376372986773e-02
-8.611779072264251766e-01,1.267993165084375207e+00
-8.530801213738627153e-02,-4.459623790426987117e-02
-9.945717364361503776e-01,7.327178941247678434e-01
-9.672586664770757015e-01,1.250847060350552598e+00
-1.461381966709117929e-02,-9.515161721120454774e-02
-7.605562693876779523e-01,9.840688484803921110e-01
-1.983113385058493227e-03,2.397935480946126185e-01
-1.105496498385393433e+00,1.287046054366088210e+00
2.671139588062916292e-01,-1.139696357437777613e-01
-8.010291526996504707e-01,1.250927072991627753e+00
-2.038688224993278342e-01,2.171206487614341929e-01
-7.438961730164322939e-01,8.654467805858004903e-01
-1.085312677692777811e-01,-1.415893722347558725e-01
-1.365484833176521917e+00,1.154245031864660653e+00
-1.360905557593361959e+00,1.111608309268436567e+00
-1.378023423424269644e+00,1.010592441696760435e+00
-1.168277545329234224e+00,1.342267667227162287e+00
-1.088992183483386694e-01,4.717550192693376609e-01
-9.596661292362947959e-01,1.110686874136028734e+00
-3.906762877688017138e-02,-2.170675503278142182e-01
3.864519863169548763e-01,1.833686304424423097e-01
-1.165863013699841799e+00,8.271712630492925600e-01
2.514559890624863958e-01,2.789513295507099755e-02
-1.013018867044221949e+00,7.536970257112470817e-01
5.118138369203349691e-02,-1.572547476562486668e-01
-9.233984744918526388e-01,1.204461938466278470e+00
-9.632155066189722614e-01,9.788680968172239760e-01
-9.457786191496343475e-01,1.208693792807945089e+00
-3.330506560259586246e-01,-1.491014053426103214e-01
-1.155283728173193358e+00,1.508966626509693487e+00
-1.454166074184927993e-01,-1.566268259660003326e-01
1.401873302736591498e-01,5.757301654185283113e-02
4.645073753620782703e-02,-2.494740964570495989e-01
-1.417217498035298506e+00,9.592918243431545200e-01
-8.276553882554584796e-01,3.889497401386602382e-01
-8.682358840234993824e-01,5.687737083585128195e-01
-1.085286968659948226e+00,1.183221457894817696e+00
-1.358396349033501871e-01,-2.158704828307738896e-02
-8.727289857427736885e-01,9.054389586691735659e-01
-2.645345521783598053e-01,-2.586942431332761583e-01
-8.454184154190559353e-01,1.325127589313069398e+00
-1.247920140979066117e+00,1.103582085341902053e+00
-1.442161612733502185e+00,9.516033421891390010e-01
-1.006372470801775831e+00,7.585719071267312819e-01
-1.973105020298334122e-01,-1.743905069471595737e-01
-1.080302832403661206e+00,1.159160119445010961e+00
-1.079471391321715323e+00,9.940801426077052749e-01
-8.688556259058598519e-01,1.295761754222418238e+00
6.540712904388920057e-01,-5.363295702783724694e-01
-1.126309443782900654e+00,9.460832881861811483e-01
-1.372349386627716772e+00,1.070979365486764312e+00
-1.075719294774470036e+00,8.240836927837829062e-01
2.608652040572335129e-01,2.838773228595422096e-02
-1.025131797444665871e+00,1.014778237144452255e+00
-1.210243922140796791e+00,1.073257364529243585e+00
-9.102830301083943143e-02,-1.643868570437616861e-01
-8.684114101926876383e-01,8.907750330652783877e-01
-1.016222346100740470e+00,1.126426119981059237e+00
-1.951728738380762995e-01,1.936481072450813717e-02
-3.999265342329607065e-01,-1.927194241562942556e-01
1.080929308114753490e-01,1.257501849865858001e-01
9.220763685162446099e-02,2.038816774814813382e-01
1.009625864850882404e-01,-1.205770301239914993e-01
-1.333423043002754937e+00,8.882391249601805372e-01
-1.484067793438665017e+00,9.500499660245730338e-01
6.640603368323774736e-02,-5.580278244281977607e-02
-7.327081383557393357e-02,-5.648231935330254999e-02
-8.884584404521778112e-01,7.031853133021561675e-01
-1.280629061329234819e-01,2.250867116416413807e-02
-9.566794776931138999e-01,1.061018913110717277e+00
3.432733731930538018e-02,6.243412837142714444e-01
-9.618351903223633093e-01,1.312368896214537672e+00
-1.218731548932679765e+00,1.211859192717281486e+00
-2.471360943165188118e-01,1.796178742333167377e-01
-7.905006717880864731e-01,1.000774477295699905e+00
-1.285438352095706893e-01,3.633945089417277008e-01
3.949761507770320756e-01,-2.448789757408026402e-01
-2.451974272621219308e-01,4.497931304749624992e-01
-9.743911493852831507e-01,1.009636074804291628e+00
-7.730778669287157179e-01,9.671809210025211767e-01
-1.501742000333605720e-01,1.238128931046756781e-01
-1.044019490150212892e+00,1.151697014962623111e+00
-9.309838043591001089e-01,6.553049310456959820e-01
-1.644867248132549642e-01,1.259592601260676181e-01
-1.103583997081312162e+00,1.240975008738378182e+00
-9.400019995808119866e-01,1.048646733349363425e+00
-5.841926020152020671e-01,1.053965328601552676e+00
-1.044757329409410795e+00,1.097651244417656047e+00
-8.373044894435918151e-01,7.269073096904037357e-01
-1.548560903663970478e+00,9.525608622526993141e-01
-1.568386755579005698e-02,-2.539622610504347899e-01
1.560801300493321053e-02,-2.115087617909814088e-01
-1.105813435068462081e+00,1.138139923749424742e+00
-4.094129717740614960e-01,-3.561639107633542828e-03
3.093766798278545505e-01,-4.861115181017224840e-01
-1.062387654034179674e+00,1.039418990656560737e+00
-1.128185844317915354e+00,9.317007886819325124e-01
3.285306998960117308e-03,6.701940842929872411e-02
1.766762686456612164e-01,1.008051629347648387e-01
9.371638425609719880e-02,-2.029671495530342151e-01
-9.870586279692084020e-01,9.405892973148510805e-01
-7.498473523767515969e-01,9.646790086060403890e-01
1.353179634707389889e-01,2.144143782271744070e-01
-6.569868445065129015e-01,1.004311924831915670e+00
5.433712555928611465e-01,-3.500644130269137816e-02
-1.166758367417952913e+00,1.078801822890030016e+00
-1.078939098129290786e+00,9.502247005614448128e-01
-2.255802880733442095e-01,-2.018662459732668280e-01
2.562862985079781830e-01,-3.752744730064979106e-01
-1.127574647442236219e-03,-3.126789953318823145e-01
-7.365520064811506007e-01,9.258416192257301613e-01
-1.432264016915679172e-01,6.432222976399619430e-02
1.760669448950202276e-01,-2.483711236630748720e-01
-1.191788067242901983e+00,8.998279684391452538e-01
-1.132610320457063002e+00,3.715779327329929993e-01
-1.714803128193149173e-01,2.974270555473344513e-01
-9.715961222534910124e-01,1.108556270114356979e+00
-1.427916130141826390e+00,1.233780389266440736e+00
-1.454123805878121178e+00,1.185416736785386282e+00
3.373855544924105332e-01,-4.153062783187039253e-02
-1.256908464807913628e+00,1.099841662604541748e+00
-1.033859682516815592e+00,9.678356753294407033e-01
-1.916288477939221302e+00,1.014472420259342478e+00
-9.555484098258022474e-01,7.946849038590235725e-01
1.585800198389724358e-01,-1.139548763214226906e-01
-8.411556843706727848e-01,1.393669319703866982e+00
-8.917930092705137479e-01,7.172231076274728778e-01
-1.398962224575325819e-01,-2.391935468987727298e-01
-2.476035027933477517e-01,-1.972104995575489905e-01
8.536239690938861313e-02,2.847506067355306536e-01
4.077282692075065995e-01,1.826522477017577251e-01
-2.302140920194633567e-01,1.147410370289174419e-01
-1.093678160304881297e+00,8.426739582484706892e-01
-8.078669731694258782e-02,-4.238364340476812736e-02
-1.343339993896749185e+00,1.034070241135607748e+00
4.563817421200606038e-03,1.867204330417620295e-01
-1.046429137689956379e+00,9.485834847277955229e-01
1.044866409110712241e-01,9.779818578834147125e-02
-7.727453458602058234e-01,9.105358160129136680e-01
-1.437825749353159772e-02,-2.322421512139992705e-01
9.849394623643860369e-02,-4.092752992549877900e-01
-2.270514309971592148e-01,2.696594945892366590e-02
-3.568807353642983737e-01,2.689377269319374042e-01
-1.291687562911258302e+00,1.141274031879619288e+00
-6.133791905358295660e-01,8.067981594243751609e-01
-1.532095760743029000e+00,7.944388103471071716e-01
-7.305071342788171940e-01,1.120047899600702612e+00
-8.981022630374473348e-01,1.465957153576618932e+00
-9.554173699248282858e-01,1.192433436141666858e+00
-1.276182808205332808e-01,4.039820731237489526e-02
5.292310919268553709e-02,9.587387185366956499e-02
4.529012759077256228e-02,2.873918967403012517e-02
-1.122965631316325874e+00,1.452347028590142530e+00
1.107967466586042005e-01,-7.121810080932785558e-01
-9.839301831159218414e-01,7.434704708590635924e-01
-6.650099035962121763e-02,-2.447636264749750157e-02
-1.131720073630962276e+00,1.351197473231646740e+00
-3.338704774442371459e-01,2.399430495721819601e-01
-6.411417138434047924e-01,7.516142190263876977e-01
-1.043188766224302455e+00,1.056239707278326057e+00
-9.914623559221739102e-01,9.786011072393501209e-01
3.122148985484896611e-01,2.461791133715801883e-01
-7.947445223925165836e-01,9.086324357417217001e-01
4.640284473160759537e-01,2.445782670081959875e-01
-1.159615109750487427e+00,8.349436041526200336e-01
5.911909495550204258e-02,-1.228854067374067355e-01
-6.770893784903720958e-01,1.335912841267892004e+00
4.105555121493690285e-01,-1.532152623999191721e-02
-7.559999597011617389e-01,1.300262256982752218e+00
-1.593518938723908207e-01,6.481148801545118243e-02
-6.742750342723932144e-01,1.079417700978325012e+00
2.867863120940032928e-01,1.312874353546961415e-01
-7.320036693832427943e-01,9.713222680131629039e-01
-9.066780502001450248e-01,8.901981884236201958e-01
-1.085024546791296229e+00,9.592419143122125069e-01
-9.121630640351574559e-01,3.075151860015634675e-01
-1.169211810175569743e+00,1.111083652656388532e+00
-1.040475250554157016e+00,8.846111156660630970e-01
1.617884428611369718e-01,-2.295685851625921536e-01
-1.443582480419489666e-01,3.454835757517588646e-01
-3.220625358413574668e-01,-2.612572184934863206e-01
8.808270032996412535e-02,3.207978745944736199e-01
1.058947540238941443e-01,-1.846680068725865820e-02
-1.117065722734813082e+00,1.147623585487238529e+00
-1.174340236491092870e+00,1.073547308428494773e+00
2.003645365205601880e-01,1.865117818033742297e-02
-9.083200975848491066e-01,1.174552682585888963e+00
3.070292996334338942e-01,-2.176305280097234895e-01
-2.000135810598550334e-01,-2.377343520679787992e-01
-1.042494561666311048e+00,1.065398195915596036e+00
-8.588074373449143817e-01,1.183007284083280819e+00
-7.533108610726251264e-01,8.610722925188288857e-01
-7.449743599574816244e-01,1.295303938284168233e+00
-3.814844522462091381e-01,4.041165376359151518e-02
-9.855060958307498842e-01,8.555547430960255273e-01
-9.762158290016402507e-02,2.992669453120072043e-01
-2.869011565734170821e-01,-3.649061033534442555e-01
-7.966257956770090853e-01,1.107844209560207016e+00
-7.216786541958057910e-01,1.131123545234239192e+00
-8.439552139262128660e-01,1.095074577371566216e+00
-9.387525501228735081e-01,1.070594143054780067e+00
-1.020956085758077725e+00,1.097799684461655767e+00
-4.423303234651290161e-01,4.396761963227665410e-02
2.583145320064340056e-01,1.733672806878683581e-01
8.355288519145072368e-02,1.485404650696177664e-01
-1.204795831759716274e+00,7.505090388964140713e-01
-7.338133233289875212e-01,9.118374490279714806e-01
4.049863824023236525e-01,4.839482408107702999e-02
-1.053941894256857914e+00,7.393452210672174507e-01
-9.734045787862530830e-01,1.087718426056343279e+00
-1.087977940199151394e+00,1.457973091198132121e+00
5.186749577921674348e-01,1.877367152573692077e-01
-1.159505803845497951e+00,1.023233991164589352e+00
1.227702017102948601e-01,-1.666906586643960436e-02
-8.951734503873912674e-01,1.132147898261151253e+00
-1.228017237059442213e+00,8.902818351561131438e-01
8.672685644410524364e-02,1.338426667435788364e-01
6.766513176176830457e-02,-1.121221589849115408e-01
-1.028979738243951836e+00,8.844161366520212342e-01
1.308438318506075781e-01,1.761103712633409202e-02
-1.019990608880773975e+00,5.349772322315737849e-01
1.604915478922820382e-01,-1.147845906701212143e-01
-9.849832339860874475e-01,9.558353712838182359e-01
-1.120109175043744631e+00,5.621253334584305206e-01
-8.510662066405432213e-01,9.996772146575074736e-01
-1.148794371095491096e+00,1.067301950508522612e+00
-1.274403073660633545e+00,1.250839103174721911e+00
3.539171579219711761e-02,-1.855681475259392810e-01
3.858894867867889156e-01,-1.237554313828579944e-01
1.577103058215704179e-01,-2.803625890321567726e-01
-8.418729498767453523e-02,-2.823143387659095005e-01
3.849760965261929679e-01,-3.078435846179373159e-01
-4.632428874733190982e-01,8.237456903528772578e-01
-9.669869100566706732e-02,3.016373633389541897e-01
-1.031645908904615938e+00,8.389900540992929479e-01
1.755820782757620269e-01,1.514156912529404653e-01
-1.284771598281295280e+00,9.772868269965266919e-01
-1.298644327507494367e+00,7.849006565099136967e-01
-1.359456782826578003e+00,9.594383171352879325e-01
-9.020082569776607384e-01,1.163598072905097425e+00
-1.084598031832929799e+00,8.839477704921969714e-01
-3.030389175223643927e-01,-3.683354958686238523e-01
-1.039842124240115906e+00,1.318020271297546175e+00
-1.081757722734640881e+00,1.030049357093229201e+00
-1.360154915992560110e+00,6.357620492132931567e-01
-1.982986423535959830e-01,-3.579465725540882381e-01
1.388554831758123109e-01,7.463607861987178738e-02
-1.229279666982660557e-01,1.617595542387991470e-01
-4.181052656307053805e-01,-3.898826274025495309e-01
-4.343542941169196703e-01,-3.374397451814256654e-01
-1.067046970874856449e+00,7.064588723760513167e-01
1.317123836260773451e-01,-4.194175130627743608e-01
-1.152141568552625728e+00,9.713555195568183143e-01
-8.134389416328974276e-01,8.564734609249754493e-01
-1.727261384399273597e-02,4.229033670744473949e-02
6.408777084094052778e-02,-1.852914386399497626e-01
-6.940599717383437728e-01,8.371084324643318642e-01
-7.458993407804601627e-01,1.089732074286064112e+00
-1.415876656509580389e-01,2.907986584242333583e-02
-1.164004792873400834e-01,-1.447846200721293088e-02
-9.250164765790938048e-01,9.505687450137035865e-01
1.170744727306889804e-01,5.479107860595094220e-02
-4.745596655270478866e-03,1.583462815903336485e-01
-1.215453056387719055e+00,1.027828509946047131e+00
2.560819661778527406e-02,-3.146075166708994786e-02
-2.529984059223252049e-02,-1.723969511383150952e-02
-8.590616983903400783e-01,1.174869691414801354e+00
-9.714158838857399614e-01,1.068935478030992092e+00
-1.302653325783275751e+00,1.140278796290563168e+00
-9.104518803973211671e-01,1.198804526410991000e+00
-9.342862420553439406e-01,8.389789539516059325e-01
-3.592226529778680955e-01,-1.475905671254003522e-02
-1.119369629248102793e+00,8.583321661045371087e-01
7.576408837545747788e-02,-2.676469407489215357e-01
-1.057895235301610448e+00,9.997470316274670310e-01
2.835901025103552686e-01,-4.485379796563097599e-01
-3.280283899051512214e-02,-4.976133786320153379e-02
-8.675583755043992928e-01,5.848645322464989249e-01
8.222548565048429237e-02,-8.529932140871335222e-02
-1.194869690012023478e+00,1.114307815373969834e+00
-1.042907521267522508e+00,1.062498421655419634e+00
1.459123336975040423e-02,1.612569108044380195e-01
-1.048216040180378616e+00,7.166087361998894067e-01
9.272171467868180195e-02,3.988330827780926513e-01
-1.040085554778307081e-01,2.545195261464744049e-02
3.291027285052033347e-01,-2.779049295391516350e-01
-1.178436019050216554e+00,6.220387000516243159e-01
-1.627140793340113856e-01,-2.812189957945510077e-01
-1.174831383812816821e+00,9.268372601341803296e-01
-8.971257633387661468e-01,7.242408843362649895e-01
-1.087814829847132403e+00,1.224747548130674657e+00
-2.173101664585838366e-01,9.642908157695576077e-02
-8.292822244049343761e-01,7.998319800576226823e-01
-9.920612416210498052e-01,1.201598682294466647e+00
-5.471345622336552111e-02,-1.123434889141135817e-01
4.221987404946617173e-01,1.608347406297982174e-01
-8.197130399892738062e-01,1.221605585573531716e+00
3.716494643201082027e-01,3.245510211996028294e-01
-1.655083482813408391e-01,-1.989184612754931261e-02
-2.666308217502092459e-01,8.543678938849039173e-02
-5.391858577039125855e-01,1.044841910288424103e+00
-1.172089019383932174e+00,1.056844890377887536e+00
-1.591585903401406821e+00,9.517930044162566938e-01
-2.852526144715157863e-01,-8.323669415638762503e-02
2.830003251627646876e-01,-2.904171930488278486e-01
-1.460458515998772910e-01,4.439213752318671435e-02
-9.005629347212732450e-01,8.539437419415721875e-01
-3.137004012542146669e-01,-1.052374380725365210e-01
-9.735612686444988784e-01,1.375577551614527216e+00
1.536801825425312407e-01,1.137583898569018426e-01
-1.061870489574099796e+00,1.112564139520324735e+00
-6.135584126880192501e-01,1.292845338452890180e+00
3.954387362043145643e-02,-6.512554532035848276e-02
3.470098857388923680e-02,4.288784232621007386e-01
-8.516520632158420812e-01,1.175181515434832846e+00
-1.237821933607242020e+00,1.208560096300169473e+00
-8.269456479704771767e-02,1.662662318937747075e-01
-7.957777125442008770e-02,2.356136633599351660e-01
-2.390878068091405462e-01,2.435201726248414911e-01
-1.236664755803898341e+00,1.065960829269963828e+00
-5.170210148361227553e-02,2.473282845574296951e-01
1.762699426971809161e-02,-3.433825712611850989e-01
-9.398123321189922885e-01,1.161743452949429045e+00
2.968155573951888337e-01,4.284059660835661150e-03
1.444464774754256053e-01,5.544952866527483870e-01
-4.729586962509226833e-01,8.491769517576960302e-01
1.205933710222424488e-01,1.748933240016279853e-02
-1.070216222512277326e+00,8.169514695960786721e-01
-1.102639066857545869e+00,6.611703273909530498e-01
-8.064019151839617594e-01,1.022412418796944999e+00
-1.003389110353881231e+00,7.440283615813714224e-01
-5.725756356487192722e-01,9.428199477412727569e-01
-1.035223477782098112e+00,1.168904330142261916e+00
-1.373711839388760847e+00,1.132055599343866348e+00
-1.194951404081172619e+00,9.616649295644886797e-01
-3.980117974395820657e-02,-4.097445648264276541e-02
-7.834017451418340272e-02,6.673539540851991525e-02
-1.176497411829716261e-01,2.547837656665494221e-01
-8.288681436607794328e-01,1.201465368972094216e+00
-5.227953702716372497e-01,1.114116446519974213e+00
-9.325183911237867607e-01,1.226362975468193950e+00
2.102223213438152993e-01,2.900270848375502419e-01
-1.776906735695058526e-01,-4.769238085045680170e-02
-1.119175127026108107e+00,1.021662007888974877e+00
-9.910186794867986704e-01,1.095519438880224072e+00
-1.860274424255544540e-02,3.221365097977028635e-01
-1.872160428410928057e-01,4.013692306466637438e-01
-1.214027254197131311e+00,8.370105767434677935e-01
-1.654713865613612334e-01,-8.544367089752073763e-02
-8.776417815828179148e-01,1.066510324045069069e+00
-1.393460081440026199e+00,9.256712393477793954e-01
-1.050582980335416305e+00,9.052252813183782054e-01
-9.478197025723881231e-01,8.090111428808730576e-01
-1.001424930879849240e-01,-6.996886196284314574e-02
-2.707069825558574006e-01,2.951508518794502267e-01
-1.292573506572620268e+00,9.464914888577210528e-01
-9.757176055899713374e-01,7.866822491929270633e-01
-1.105048096190846652e+00,1.068590560186541083e+00
-2.380339053519177073e-01,5.263226570965265916e-01
-1.441738378399356035e+00,1.003979392212776656e+00
-8.866458821193854423e-01,7.574019701791840919e-01
-1.626521731116723282e-02,-6.217543139018142373e-01
2.472238690983039611e-01,2.818878939379988458e-01
3.075964372441145622e-01,-2.931885484778433137e-01
-7.296237873294819654e-01,6.038297072352798445e-01
-1.303669259161863492e+00,1.242279019382991567e+00
-6.329966498776198325e-01,1.277617267940299506e+00
-7.554310322927029198e-01,1.259404710053447785e+00
1.684569463816056323e-01,-1.489552188420477097e-01
-7.147744490392071715e-01,1.135651640696569986e+00
-1.969693100492485582e-01,-1.065848059571013369e-02
-1.133023639960271556e+00,7.713032509327307773e-01
-5.640001874081482930e-02,-5.532164600307348107e-02
1.428307929695711853e-01,-1.487715876655926472e-01
-1.042618121092198979e+00,9.972844690789981481e-01
-3.776920793254093800e-01,2.128137352173747887e-01
-1.005612208318149792e+00,1.166636265546064699e+00
-1.514499187457748253e+00,7.542121356755074890e-01
8.002512694325884801e-03,1.045774096270403603e-01
-6.933439628056912163e-01,1.176207917011019788e+00
2.216622678112926126e-01,1.741899694059502457e-02
-8.495942387150559050e-01,9.133021558738825263e-01
-1.070323491326581999e+00,1.081860315314522758e+00
-9.569564803085948146e-01,1.076359895863504335e+00
2.886547792274165025e-01,2.412630669327406052e-01
-9.599276978617904410e-01,8.326408452868463428e-01
4.366707800475681522e-01,-3.232742477562825512e-01
3.122287128773218456e-01,-3.663714219259326388e-01
2.060900709002217723e-01,3.908039083400841746e-02
5.720775597444756055e-01,-6.172948875626551452e-02
-2.171447782528762860e-01,-4.232104427111119671e-01
-3.103126093765894433e-01,3.821246331214102621e-01
-6.395237155961510656e-01,8.675779549794433443e-01
-3.508117768885460341e-01,5.776202517915945966e-01
-4.383487175592581941e-01,1.310841118618698009e-01
-1.306816556502407467e+00,9.701317036857027842e-01
-9.075090309580133852e-01,1.126911533211672145e+00
-1.014657639443317105e+00,1.316551187918121757e+00
1.633363172132282493e-01,-1.044254778492755553e-01
-1.236228252066706945e+00,8.522623296434138629e-01
-7.005740463282351671e-01,7.853568291704255966e-01
-1.231939204261895959e+00,8.406230406545223133e-01
3.923271569284334515e-01,-5.481198728259249059e-02
-1.251649799554992892e+00,1.152646078083591208e+00
-3.221660111061566689e-01,1.482510442033256326e-01
-7.333276986374319684e-01,5.602923417030676312e-01
-8.608931064148634960e-01,1.270634379622563426e+00
-2.409261135111074592e-01,9.738131317148583654e-02
-4.066198093624576737e-01,-1.673417274370607999e-01
1.102673381000384284e-01,3.478261501466136663e-01
-1.190579610846840414e-02,-3.642649702882841400e-02
-9.293166676221490397e-01,1.133194081952005883e+00
-9.130685844618676716e-01,8.273265975842591935e-01
-2.707573243963884435e-01,-3.898091904420696308e-01
-9.134132340743279510e-01,8.986819355466580950e-01
3.707303470845167981e-01,6.234758437512060575e-02
-1.163363539944056058e+00,7.617512825124792553e-01
-9.484905149648047429e-01,1.039943075430891373e+00
-1.032328686866236467e+00,1.246540387680807882e+00
4.577152984507507766e-02,1.665352485788161307e-01
-8.522239157486326266e-02,-2.152348852373262844e-01
-8.040289170445220623e-01,1.411436448476583561e+00
-9.168539916267778311e-01,1.214751305052387043e+00
2.052418105647032531e-01,-3.398800384382300033e-01
-9.609761311529466665e-01,7.567479017718726775e-01
-8.993520150728641083e-01,6.854405824625339205e-01
-7.416833430409156547e-01,7.695202293748240052e-01
-1.185791212824461427e+00,8.288387809750943358e-01
-2.885880644515232407e-01,-3.976182183534073822e-01
-2.351606399017381055e-01,-1.456703940169523648e-01
4.343321485896288192e-01,-1.035623895825672908e-01
-1.466535943003691944e+00,1.004721045194186591e+00
-1.105764127937582053e+00,1.436520876375372957e+00
1.772533466717833572e-01,8.839511087177992499e-02
7.915660348226542797e-02,-1.033210264532720066e-02
-1.048073744509490313e+00,1.047150539067537300e+00
-8.680814299197803230e-01,1.108484530573173421e+00
-4.428620402883647333e-01,-3.497288913438338920e-01
-1.068080297177301352e+00,7.586083227934196094e-01
-1.084054661340439152e+00,1.130531775829366037e+00
-5.579233244213979148e-01,1.040964887767323654e+00
-1.129699050825708539e+00,1.157299170773419261e+00
6.448635542536764950e-03,-6.710144311331694977e-01
-1.020735552256377132e-01,-4.897229986466306723e-02
-9.882697231847279440e-01,7.938602084332977427e-01
3.804961458303429134e-01,-1.869223789859550677e-01
3.192282408868809540e-01,-4.946826410491457493e-02
-1.027571322202667004e+00,1.031948719957107574e+00
-1.938618907913525202e-01,-3.087623511936604115e-01
-9.101340325409870702e-02,8.101021123687951464e-02
-9.749052576867059949e-01,6.998860316714400343e-01
-6.147570122313588126e-01,1.294418419676196086e+00
-4.173740605393365666e-01,2.470875040893121544e-01
-1.118705122322637857e+00,6.592320312192940790e-01
-1.022286468703389906e+00,5.519725866941092018e-01
-1.530605477969666506e-01,-3.095588638689122582e-02
2.665947682024121801e-01,1.771108810844695403e-01
-8.746914298514898434e-01,1.187904168332221566e+00
-2.994408809926372150e-01,7.541918613250128689e-02
5.737991874447025825e-02,1.608070319797932912e-01
-1.251325501498304238e+00,8.191174508544701860e-01
-7.352787386716150841e-01,1.197079615168056277e+00
7.250672381571635072e-02,-8.626355352666124909e-02
-9.750137198492998536e-01,8.617821767000417577e-01
-1.826206613223352038e-01,-1.375467741796718157e-01
3.960217136904877755e-01,2.299743518986686053e-01
1.885565131109422365e-01,-8.829538175554857427e-02
-1.171603026233125400e+00,8.092083746201580441e-01
2.068705024859742725e-01,1.904535273725309064e-01
-1.163937598794726247e+00,9.858815450122794255e-01
-8.614845376351723538e-02,1.920333140539703942e-01
-9.549550118991252667e-02,3.389725227607339741e-01
-1.009748229953700172e+00,9.292055849137017542e-01
-8.706476895965599150e-01,1.143177190174054392e+00
6.518430743386428861e-02,-4.993659806066007983e-02
-7.869113412915978989e-01,9.282402758920322849e-01
-1.921846045310418305e-01,-1.892299722793392980e-01
-9.731767782822264845e-01,1.147432168330006608e+00
-3.543021270433803493e-02,3.340969114116822819e-02
2.722490387127149969e-01,-2.240903292208982957e-03
-7.979995694021203567e-01,6.077194876706666360e-01
-8.113850467867882443e-01,1.086221457176546279e+00
-8.861521372409725261e-01,1.097521931545728746e+00
2.457857020355918853e-01,5.222239596609483669e-01
1.180745987359343163e-01,4.972909952452257004e-02
-1.626344717669903073e-01,-5.855325040863889469e-02
-5.156457203955095991e-01,6.277644906886072906e-01
2.200062868280682760e-01,-1.086048833753367610e-01
-1.064191338647920260e+00,1.410790561208750793e+00
-1.163076549170699359e+00,8.167690286768412022e-01
1.942011553642682478e-02,1.122401247468136779e-03
-8.193691201939251600e-01,1.248070635584085153e+00
-1.424077165164443493e-01,-1.016897595793181952e-01
-2.334892786466302439e-01,4.180367708721371978e-01
-1.529146518336371220e-04,3.487290901311969338e-02
-8.266917886072948640e-01,1.162720653680838767e+00
-9.819981591343537874e-02,1.275588024034390588e-01
-1.270356544076600924e+00,9.015983387556127937e-01
-1.421606762892240194e+00,1.001880307290306416e+00
-8.701731113037579624e-01,1.038556679542738115e+00
-4.397671016440315300e-02,-1.139743371096571117e-01
1.656699900181994589e-01,-3.621744234687589853e-02
-7.469845631709919331e-01,9.697412673507660452e-01
-8.112077697947268629e-01,1.339028647694834984e+00
-1.973449521646903071e-01,-5.065088538518542904e-01
-3.176387665014244188e-01,-9.115064830968089282e-02
-6.485332449833920432e-01,1.164585269453946914e+00
-1.999366061678655992e-01,-1.655534617633057926e-01
-1.260560903164174462e+00,1.099806956450087192e+00
1.367221639014701284e-01,-2.860332123176567709e-02
3.296966844203493840e-01,1.980278918341556449e-01
1.506235234898220011e-02,7.804843178462744779e-02
1.535166071554328049e-01,2.563987518287452194e-01
-1.148596720166890961e+00,8.035711159227527656e-01
-1.375602786520676801e+00,4.809154078417651190e-01
-8.911775547753160165e-01,1.135253870825965405e+00
1.613768624391750395e-01,5.587855960484799239e-02
-1.061252475361523340e+00,1.234612745088956354e+00
-9.030914909883485109e-01,1.001278137805959645e+00
1.078133005006333828e-01,1.558258201521464104e-01
2.095676527873465977e-01,-1.741442667783685283e-01
-1.047799767016997396e+00,7.646286869454830271e-01
-8.350053557801484505e-01,7.811556583691821043e-01
-8.927480094552602274e-01,7.669923260256413799e-01
-1.138506654000066121e+00,6.807269886857413299e-01
-7.673013541867487186e-01,1.448454636668387474e+00
-1.147521570648752931e+00,9.212764776520524501e-01
-8.702541384382223022e-02,1.823918199034518794e-01
2.714333869677176270e-01,-1.203357050153966573e-01
-5.014474703801684308e-02,1.697688710315181648e-01
3.369315450629294939e-01,-2.819672109743451838e-01
-3.560427009012878674e-01,1.136975933569371044e-01
-9.985280192499629281e-01,7.059708017474759512e-01
4.238313907697615623e-01,2.674647516529776170e-01
-6.182570531481864640e-01,1.413503174268372797e+00
1.232573984972720749e-01,-1.036804795560467424e-01
-1.188786895312129888e+00,1.246463721850943340e+00
-8.318491500629388025e-01,7.703694488491946712e-01
2.613759571870610254e-01,-7.550166224359466938e-02
-6.683875362637786699e-01,9.318549182788256058e-01
-1.125836740954216486e+00,1.091454003333971690e+00
3.857911075731921824e-01,-2.351986451997847838e-01
-1.300743678157819105e-01,8.624615739653669622e-02
1.668724055893170688e-01,-2.148189744653596911e-01
-8.310718772901433127e-01,1.045259667500542555e+00
-1.178947697619760371e+00,8.871271102749503923e-01
-1.017541706635022081e+00,9.747226944908067292e-01
-4.563365523775303467e-01,-2.253945399923808560e-02
-1.224254520670778001e+00,9.202220981373184783e-01
5.808387963799904047e-02,3.716018795054814444e-02
-1.254344266619789261e+00,2.408636276239637386e-01
2.502740409747658545e-01,1.007518809284188716e-01
-1.041486125799000018e+00,6.020006652612942544e-01
1.381825117606073905e-01,2.783861912792894300e-01
-4.965494454642966349e-01,-8.991976051874245313e-02
3.161131713844963498e-01,2.589294293107409217e-01
-9.093683268042663803e-01,7.991354834633425108e-01
-9.705246204932114207e-01,8.100149693484982594e-01
-1.326068363838611486e+00,5.710844599888023065e-01
-3.837064414801972245e-01,3.718399256153915311e-01
-1.548720597852772940e-01,1.199843125938803573e-01
1.373585031649829646e-01,-2.405396414334421695e-01
-8.929635614925430787e-01,1.053896776561181747e+00
-5.641601104132709654e-01,8.656169079706472758e-01
1.306596512490874329e-01,-9.417814808920212328e-04
-1.233689486384055067e+00,9.795008218626670704e-01
-2.585355125549423840e-03,-5.541072141084589786e-01
-1.149305739599730813e+00,7.328162829498474640e-01
8.651159386144156860e-02,-1.502924522175938804e-01
-1.050340005679036626e+00,9.593958795212628177e-01
-1.373356685289334855e+00,6.374825651305837670e-01
4.566303508973926228e-01,5.413070306846957669e-01
5.681834023573260201e-02,5.320674794442789568e-02
-1.009595821704093010e+00,7.105009245262595696e-01
-1.100158976304944636e+00,6.976614734041519661e-01
-5.429833752470990260e-03,-1.900739458462975262e-01
1.322817250202334982e-01,-8.251859026784154338e-02
2.167873680731952357e-01,-5.711337454834652938e-02
-6.911700971636240975e-01,9.828828399190385756e-01
-9.909854571087218789e-01,9.786532888559511534e-01
-2.742673486259454285e-01,-1.927139700478719408e-02
-1.191819612301677767e+00,8.828468073904930380e-01
-2.220882153722453789e-01,-9.661382704949852962e-02
6.431209301377492638e-02,-3.221017921251769639e-02
-1.010968255573317931e+00,9.527615478936637405e-01
-1.246556235449050920e+00,9.934905410804341086e-01
1.376468620454657232e-01,-2.930144199731442578e-01
-7.186467696345404388e-01,8.783712571704797023e-01
-8.889081871794413114e-01,7.192890789048667077e-01
-9.057434995717705828e-01,1.263180819518342268e+00
1.400303441380966740e-01,1.853278373130795298e-01
-6.818270098517588140e-01,1.347388711933947381e+00
-1.050171936376446347e+00,6.880380763662046206e-01
-9.744786687331556951e-01,7.668020334104930225e-01
-7.792188775852351146e-01,1.010506256018340876e+00
-8.427756349498367605e-01,1.173461680725118583e+00
3.709927689980160870e-01,-7.496384298880809371e-02
-1.201636528402778126e+00,6.830361441817617285e-01
-5.910484721278237707e-02,2.129242726463250746e-01
2.742370151499694264e-02,-9.940318906409326138e-02
-9.394333262671095142e-01,9.863052864635772909e-01
-1.323834890505074489e-02,-3.887297672123533054e-01
1.988420832692819329e-01,4.485090548843550518e-01
-9.575026045605155023e-01,1.541591299273968652e+00
-9.556102141865890909e-01,8.094826480464887286e-01
-1.767487639223963569e-01,-1.324493838715292693e-01
3.115261489201539558e-01,-2.734379053440001983e-01
-2.534968052819622786e-01,-1.176099135919879829e-01
8.117214583565326991e-02,-7.963427841031987808e-02
-1.170902840494751768e-01,-1.356313031180478579e-01
-6.884927565034537622e-01,1.017627864997165288e+00
-3.389276388939599371e-01,-4.117189325016535478e-02
-8.517809809535119570e-01,8.023471773724116796e-01
1.571851971125950709e-01,-2.302791419611590618e-01
1.284400871000472844e-01,3.057910091686153603e-02
-9.299720143622955404e-02,1.413034552701138424e-01
-3.432647324185135740e-01,-8.377898338872044603e-02
-7.732205390660716882e-01,8.495339369013126252e-01
-1.895150281852139296e-01,-1.621753615300901563e-01
-1.587804150062377129e-01,-2.221620549661858790e-01
-9.997119185175445955e-01,1.253793336532617708e+00
4.190606294501870721e-01,1.793594537004446210e-01
2.634269821934139277e-01,1.541450850883734625e-01
-9.874360916572274549e-01,9.712571950003323629e-01
1.290733506318956780e-01,-6.038940248553787971e-01
1.010779693918774785e-01,4.475778634334413170e-02
4.556603769395152770e-01,4.830243489259116729e-01
-1.099027035086715953e+00,1.064727829232246403e+00
-7.437001292249199036e-01,1.120633652914180711e+00
-8.734904818465343279e-01,1.125331531239009086e+00
-9.664433605286903983e-01,5.737173722467838743e-01
6.171884508224922267e-02,4.610229745991285127e-02
-1.331976298799717240e+00,9.922946746666551077e-01
2.980966485665428323e-01,2.791661979549476813e-01
-1.388400651655512241e-01,-1.782891235765112631e-02
-1.661131355922324804e-01,1.735333744295090019e-01
-2.592712484809806539e-01,-1.360821300780555021e-01
1.174369554090377438e-01,3.297750141197879764e-02
1.153476488107013226e-01,-6.230111464136956628e-02
7.915538504476977988e-02,-2.144339876260312749e-01
-1.959134067335631668e-01,4.922624746244486094e-02
-9.861313271654703616e-01,5.143986778497455781e-01
-7.840016117980554977e-01,8.973371159025863575e-01
-4.083348346953696167e-02,3.156492981237231377e-02
-1.382434142784225994e-01,-2.358351947289329120e-02
-1.083054094866173989e+00,1.107488883528968904e+00
-9.830024034722844029e-01,9.065779648452604311e-01
1.234043846853221799e-01,-1.022337557288695124e-02
-9.883757217875503986e-01,9.989398644460710797e-01
-1.287359168246021923e+00,1.127644841866354941e+00
-1.079074374623485877e+00,3.791038453664904440e-01
-3.354133203108164429e-01,2.238524749695267602e-01
-8.036504936569895952e-01,1.432918669585370619e+00
-1.317386894319031221e+00,9.336751735904321725e-01
-3.082189685729828585e-02,-3.335292747046801898e-01
-1.230409258415348761e+00,9.888883783051680698e-01
-4.464976698141845945e-01,1.222544872833531304e+00
-7.177463668068979619e-01,1.390572131571011116e+00
-8.042416126378290064e-01,1.375448944180717170e+00
1.542396167602503587e-01,1.188128146837296450e-01
1.138585078513136839e-01,-1.677488636220963725e-01
9.416693835656622658e-02,-3.446056438517302589e-01
-1.074227103795764582e-01,-1.505528389568338947e-02
-1.125263675648453088e+00,1.199239580125134763e+00
-2.395488362770702151e-01,3.068635757551566590e-01
6.504164455122211919e-02,-2.247798476769395093e-01
-8.720619326209835265e-01,1.126936254646122348e+00
-1.096891036535959651e+00,1.051221360713052277e+00
-1.348187793321033445e-01,-4.076389775236819446e-01
-1.273253486911782029e-01,2.888543564761326676e-01
-6.976224244046858036e-02,-1.119022748155131669e-02
-1.101169674748450955e+00,1.076375855904310841e+00
-4.183426256014442790e-02,1.081115676203329989e-01
-1.258547153117419992e-01,2.232182796629516019e-01
-7.599748942406402141e-02,-3.162987977281660895e-02
-9.986732537671990650e-01,1.595834470992841592e+00
-9.934729412103131541e-01,1.223020451852783630e+00
-8.674459879846485588e-01,9.349865823711029922e-01
-1.056762254916847388e+00,7.472853389832703197e-01
-2.662103637949775892e-01,2.757222576023978244e-01
-4.299690920041949853e-03,-4.210214385919597291e-01
-8.780769893071431742e-01,9.171979516476981287e-01
-1.544818118148878705e+00,1.182690870927588067e+00
-1.306626917904402996e+00,9.199951632531188084e-01
2.898824676994616878e-01,-1.270074319757343584e-01
-1.354912996784318757e+00,1.329224967751088560e+00
-1.579440553838333886e-02,1.409032994207896905e-01
1.141694050115690459e-02,1.060807426735299874e-01
-5.706537664335493976e-02,-1.141490989935232264e-01
-3.138316943655366509e-01,-1.975996218234717661e-01
-1.283817307198757529e+00,1.204108509408655214e+00
-1.172903382594815636e+00,1.160162059540267521e+00
8.760394272483529310e-02,-4.134157676226964812e-02
-2.549796828330387899e-01,4.855073322069880515e-01
-9.407517485392360435e-01,1.205968647908308933e+00
-1.075374723544848754e+00,1.174766732764726207e+00
-1.106721144630758852e-01,-4.616815769871979169e-01
-9.232191872678398026e-01,8.963941579013814387e-01
-7.439849684638565330e-01,3.813079701857351178e-02
-9.997005555736958593e-01,1.150668207148250133e+00
-1.345673659512854448e+00,5.544826188381732912e-01
2.215537658208781568e-01,-2.046280193331521946e-01
-5.040255188015794197e-01,7.504374756313503259e-01
-1.087102368479703651e+00,1.119380326031977457e+00
8.723945153521395213e-02,3.799401404327344967e-01
4.510547463116830746e-01,1.239334162545703555e-01
7.210374791998400319e-03,3.334875806839298629e-01
3.092186664791498479e-02,1.552853386107931090e-02
-7.670790868897323644e-01,7.307225813175363127e-01
-2.776469403534952834e-02,5.789847983881205723e-02
2.336130072546659109e-01,-1.569853093910593411e-02
-2.054963001249901500e-02,3.101973703786519709e-01
-4.426228897920233413e-02,8.580037829650438708e-02
-1.245697843100667945e-01,-3.486025273174254702e-01
3.296505456927664723e-02,-2.465058251974669712e-01
-1.296759818491780125e+00,7.827724348072472305e-01
1.433956444104764194e-01,2.479058001409774337e-01
-2.936179990798367667e-01,-9.484065273989752964e-02
-9.869510580632410157e-01,8.043757953427596030e-01
1.833207474451415686e-01,-2.177496309272246300e-02
-1.317652278784184061e-01,-2.955918819103920958e-01
-9.309195330138163582e-01,9.895624851404603017e-01
1.545357066575618332e-01,-2.095465902029412519e-01
-3.060725068078780087e-01,3.583276839912820644e-01
9.751600079187275338e-02,5.637183566406681057e-02
-1.799803358017250943e-01,-3.610586535504072270e-01
4.814189578477866549e-01,1.071972679452500021e-01
-1.076137972079344252e+00,1.063464847603861063e+00
-1.025106358041852017e+00,7.446381768920332656e-01
3.180066757768942876e-02,-1.395758999424900060e-01
-5.618422738959997359e-02,-4.430196335986280598e-01
-9.189529612222124832e-01,9.147599375941858346e-01
7.510946357791591088e-02,-2.205846782989383803e-01
-2.227218455851366075e-01,1.125193569960104972e-01
-1.057441966967476610e+00,1.052830596264515473e+00
-1.701356555739890961e-02,6.582445426094511998e-01
-9.171004409558749515e-01,1.150970902744384849e+00
-2.427285367134663641e-01,3.833189485423602050e-02
-1.229957053880166740e+00,8.396994838787730231e-01
2.461145729300441010e-01,4.432050047229582623e-01
-6.495755283852518991e-01,1.101435844249974982e+00
-1.227774180893078881e+00,8.906883666006090161e-01
-1.704137464078797348e-01,-3.361711266655474928e-01
-1.105783279238589101e+00,9.226865921845028851e-01
-9.182569357829133416e-01,1.314513393680088127e+00
1.854565537434611500e-01,1.230282408114452726e-02
-1.127006724307868080e+00,1.016264459369509376e+00
-1.062055846665519887e+00,5.355492656550923103e-01
-1.095745984560136277e+00,4.474294115715212738e-01
3.224000677979179108e-01,-1.784130780892783097e-01
7.310071704394863201e-02,-1.718132109340240188e-01
-6.883863987815860286e-01,9.701067264079337171e-01
-1.146909107014524309e+00,9.317516223600441627e-01
1.541913477859362391e-01,-1.498381198666618452e-01
-6.227901315871591237e-01,1.582383408266214042e+00
4.097547008814039771e-02,1.089055456272637196e-01
-1.317104229976947982e+00,1.113336380450381524e+00
4.990973823534794462e-02,1.567824344890748067e-01
-1.330274357712600164e+00,8.548128044365689293e-01
-1.031176847662173657e+00,7.151487114876518003e-01
-1.176414584048495637e+00,9.327917654321691288e-01
-9.211026886765890653e-01,1.097796549290630752e+00
-1.312367644292834201e-01,3.694724125612378618e-01
-5.439852759826748763e-01,7.787116906159905483e-01
-8.826150148301545872e-01,1.071631458863000042e+00
-1.913923503404988680e-01,1.499951534216324711e-01
-1.320789136793500074e+00,1.212255005579436551e+00
2.294032793921787217e-01,-1.500082173203227823e-03
-2.321220784003947823e-01,-1.734164806583500806e-01
2.280689876062119426e-01,-5.365646249850024307e-02
1.878509986086043804e-01,-1.605658491525289167e-01
-1.205696115537249868e+00,1.381394972692052470e+00
-9.120028138175056975e-02,1.573681128641363780e-01
9.356596067118179080e-03,2.519355036541614731e-02
2.735965660343022687e-01,-7.093202376641086215e-02
-1.072888337428583583e+00,9.755456366993844330e-01
-1.028873371925125707e-01,-1.406378545745407549e-01
-5.378274313969277909e-01,6.694542130798359914e-01
-9.651446466228424947e-01,1.143252975309410502e+00
2.116846265020735085e-01,5.207427885164499504e-01
2.254710697664716601e-01,4.966634317096322304e-01
1.339888023377718840e-01,-5.645449386607962611e-02
-3.186277707798113590e-01,1.755708131393790838e-01
-4.609780760331808613e-01,-7.926268562863164613e-02
-4.594224081593792364e-02,2.519113398044627028e-02
-6.283277891879766042e-01,5.906169078295238073e-01
-1.224434220927261840e+00,1.052909336995295764e+00
-1.211480078385486436e+00,8.097136807586368112e-01
6.174450918018833945e-02,-2.752091377029423080e-01
-6.005680300489126822e-01,1.325153561198374241e+00
-1.224414663343730503e+00,1.088535747999183512e+00
-1.125653129491243076e-01,-1.685211782893885346e-01
-8.694995995062888561e-01,1.417465858734507478e+00
-4.275340865921102296e-01,6.955329905264575618e-01
-1.128421295835701166e+00,1.256727031648159132e+00
-3.736270314971524287e-01,1.198612359547179124e-01
-1.282767794571440856e+00,8.472051087516627721e-01
2.096678702698208385e-01,-4.292236792228530384e-01
-1.202446257383182227e+00,9.351362687752572400e-01
-1.277637147530563677e+00,1.297763764181685486e+00
-6.585785475628285271e-03,-9.988369139423754206e-02
-1.753351242864267800e-01,-1.435269421045073102e-01
-1.768300188391210559e-01,-7.695834869568118908e-02
-3.748337272335348636e-01,1.688192480429669962e-01
-5.282180310658859262e-02,2.833844680817224071e-01
-1.133639632824947840e+00,7.343615160323571089e-01
2.875863140940872476e-01,-2.809783208645513231e-01
4.374904270422808605e-01,1.205194487359954603e-01
3.037364090389998439e-01,1.000373597680841720e-01
1.978840090556646756e-03,-1.845571410646749955e-01
-8.127414522080173009e-01,9.392832780324005260e-01
-7.193421541322919666e-01,7.399971831009650725e-01
-9.681900298073383704e-01,1.253646959596492527e+00
-1.396914218201904534e+00,7.840543266849350212e-01
-1.206345526442326177e+00,1.009309573075336530e+00
-1.180627976132713197e+00,1.178505618854002179e+00
2.808175892653427264e-01,-2.059579497017276495e-01
-8.753667356321993553e-01,1.109509793693299606e+00
-1.096493101010779680e+00,1.331506450726014590e+00
1.915598087316695564e-01,-8.529890789786655214e-02
-1.207131315744788713e+00,1.174161699152237892e+00
-2.167698273155999888e-01,3.055160021197634301e-01
-1.029198971721858175e-01,-2.072987605851632845e-02
-1.575796467461712425e+00,9.531207187667087855e-01
-9.647736211191225708e-01,1.124479104285046160e+00
-2.173625037626878698e-01,2.385278665518312524e-01
1.185992416883999007e-01,-2.705532957087835588e-01
9.728243723749339933e-02,-4.020484075623581566e-02
-1.487452936128647263e+00,7.606707407492073747e-01
-4.561288126508497021e-01,-1.211612654455086757e-01
-8.923597387950578108e-01,9.898406300078342879e-01
2.262947308715702599e-01,9.712821338068522437e-02
-1.121656157872702037e-01,-1.013945586173597702e-01
3.076679696443513148e-02,1.599234404363354956e-01
-1.068588555161190001e+00,1.088120954875364976e+00
4.686574443757210440e-02,-9.273320387231796802e-02
-1.075552772070661467e+00,1.202949501901565688e+00
2.857551620147584792e-01,1.033924729977256790e-01
-8.371104060702876382e-01,9.617141695671702628e-01
-8.782442462568231800e-01,7.752599970554897579e-01
-8.979199951367740073e-01,9.017822504383351534e-01
-1.089544358642147159e+00,1.107293879407760029e+00
-2.597300127372229595e-01,-6.441041919240635127e-02
3.010877823119879060e-01,3.806682445800413928e-01
5.549963088300174235e-02,2.551359932295169889e-03
-1.048053404477645945e+00,1.268204295725742892e+00
-1.153664490790256431e-02,9.159780839324761781e-02
-3.313797533311179655e-01,2.407418476227324022e-01
-8.970921960167064224e-01,9.015128534989295117e-01
-1.365094066989923187e-02,-2.249374682976971740e-01
-8.550667874877899977e-02,1.123705823970573281e-01
1.337302681507663293e-01,-1.114635722326157152e-02
4.033602139007907983e-01,-2.224717104496859721e-01
-8.851821283791609929e-01,1.015960720014150276e+00
-8.773874621556235764e-01,1.180748941639842453e+00
3.064470742637455669e-01,4.303951709334668529e-01
1.735921257085646652e-01,-2.133709626666529247e-01
-4.175651072064993641e-01,-1.140082422955316366e-01
-1.454701483177574195e+00,1.399535573009431655e+00
-2.672746911915294676e-01,4.340976084971634452e-02
-1.048630487570272996e+00,7.464646830540275779e-01
-3.324679764703095813e-02,-1.159577396532788796e-01
3.023350208720336149e-02,7.077963826166138589e-03
-8.979578156611229822e-01,1.024366878845303308e+00
3.613064144968645697e-01,-2.253679755413180372e-02
-1.149698570091050698e+00,8.200731260010093449e-01
-8.351975866459648845e-01,1.128167745158011437e+00
-1.740084979476257621e+00,7.073882165020489721e-01
4.572343489947012368e-02,-7.016952974829903343e-03
-9.579432112907250163e-01,1.055018202272602901e+00
-6.853250379176701879e-01,1.002501322464146361e+00
1.424884327951140006e-01,-1.341194302174727182e-01
1.295856973683396918e-01,-2.010028964743937677e-02
-1.130263643928463901e+00,9.874171971958529692e-01
-9.634380369023608504e-01,8.941046917234921620e-01
-1.389304430967750026e+00,1.026111417841348850e+00
-8.764664367084252783e-01,8.252311078843709291e-01
9.272896989778064980e-02,1.444364549168354779e-02
-9.775427368499677305e-01,7.583273513416632916e-01
-3.977011779370863698e-01,-1.992786039470973991e-01
-8.043260873407051537e-02,1.320049128670715832e-01
1.342900180045726310e-01,-7.884406199353549693e-02
-1.180505814810893367e-01,2.233787981085053609e-01
-2.843866693555927583e-01,3.647056251387084669e-01
-7.477003196998797119e-01,1.158280863629416846e+00
-9.727143829059372582e-01,1.094557080056315801e+00
3.187259269117696803e-02,1.732615539231900995e-02
-1.883811406889588091e-01,6.738422052102773473e-03
-1.173676895585901159e+00,9.888333026875243403e-01
-6.084647123953141890e-01,8.657315479228636645e-01
-6.648731996770952390e-01,1.107337087447507473e+00
-1.065659198183569023e+00,8.394956097527026539e-01
-1.330405253884551442e+00,9.761572654434111929e-01
-3.210041981829124813e-01,-5.030229100501582701e-02
2.353139111410621487e-01,-1.662083419109443294e-01
-9.166940160248880920e-01,5.010960873496096424e-01
-1.137757290716550962e+00,6.641456868682324988e-01
-2.100902969153496391e-01,1.067350264166101320e-01
1.918678873763373927e-01,2.636957822448017796e-01
-1.293175329656615635e-01,-2.501296068558240826e-01
7.529596425927451153e-02,-2.056588608299890208e-01
2.009373800896904413e-02,2.220591791139045479e-02
-7.339606867902950249e-01,7.563989914464117614e-01
-8.154482675693708327e-02,1.511496607364956613e-01
1.178874931758492478e-01,-4.110135839915317613e-01
-1.774080816094538993e-01,2.220981766579218364e-01
-1.021105599280140774e+00,1.026364716885566963e+00
2.351133334195835978e-01,-9.888434985264592247e-02
-9.741129160087218519e-01,1.148897165607575266e+00
-8.158594673479815373e-01,9.464778854390836216e-01
-1.006872428841434630e-01,-2.089148760682953479e-02
1.123818262946520846e-01,-5.267690122776660239e-02
-9.742066907697050082e-01,1.207926464477762307e+00
-1.154975134802969761e+00,7.137066188131535593e-01
1.802501370282317827e-01,2.084124185306808485e-01
-2.624725267160655240e-01,-1.348029898611200483e-01
-5.761035599306260080e-01,1.404065251450103968e+00
-9.624315843145687666e-01,8.055241948149802766e-01
3.256975603925528207e-01,-1.089334414853148220e-01
-1.464659172654957375e-01,-2.189707902978250964e-02
-6.768169006440163393e-01,1.193923995529813986e+00
-1.338436060053756815e+00,1.086983660688998210e+00
-9.180550495884599593e-01,7.575518482558827316e-01
-9.858720872041810690e-01,1.026799970500806625e+00
-1.120067151593792110e+00,1.248309825258114403e+00
-1.643030797511525753e-01,2.910359932205780487e-02
-9.078090372053511103e-01,1.433904759912043358e+00
-2.417895986711532386e-01,-5.269860590488656404e-02
-1.124811943392759472e+00,1.387572222654046339e+00
-1.040107612155041661e+00,8.565955965265188432e-01
-8.783127226213583993e-01,6.101008545625268287e-01
9.450008045761524103e-03,8.724967595199922821e-02
-1.398257868135914350e+00,9.194836090824978214e-01
1.073666159903893524e-01,-6.952691669569420474e-02
2.797429050756937152e-01,-1.088092275817666710e-01
-9.014188580867188438e-01,9.394495487059523198e-01
-1.175505279155668742e-01,-1.128242911719830599e-01
-1.127730242910708558e+00,1.038611977742497583e+00
1.156247210119388386e-01,4.994182282389177802e-03
5.067180416342449006e-02,-1.173781180327086449e-01
-1.119569544192345667e+00,1.479097679000476617e+00
-1.313133774508462026e-01,-3.176455036559674983e-01
-1.303143408972548656e+00,1.217328758043475734e+00
-1.206523637287492345e+00,1.274190644039946640e+00
-6.799467041887665708e-01,1.094079905391073027e+00
-9.522423345355404134e-01,9.385589390252051523e-01
-2.899573509882107936e-01,2.126814981810139227e-01
-9.207283449811953790e-01,1.120485399080994648e+00
-1.099552021558931614e+00,7.457247693784381237e-01
-1.000406745578315659e+00,5.625603150124627305e-01
-6.457918356234651491e-02,5.317710384185767719e-02
-1.858781480057215552e-01,-1.819609696828449474e-01
-8.611664310582870518e-01,1.295217525859430285e+00
-2.581246466426479480e-01,-7.241130270892794096e-02
2.290655082124770647e-01,4.146882723505491142e-01
-8.376565247978834394e-01,1.014108226215191699e+00
-1.279083201687114313e+00,7.847321899204764417e-01
-1.246177177720638740e-01,3.501597634785335034e-01
2.158410014268574983e-01,2.048072800682320116e-01
-7.183393591507173381e-01,9.408568131817630631e-01
1.985003220218468922e-01,-3.570121691132754904e-02
-6.582593834788450504e-01,9.378651088949758741e-01
4.135900036752167275e-02,4.032609520101737566e-01
-1.242744560664491793e+00,9.196292159178807157e-01
-6.246658222741832134e-01,1.169205237106593298e+00
-1.305931705820492783e-01,1.289236032822192735e-01
-1.049671555675036005e+00,1.136110344894256885e+00
-1.424196074197575879e+00,8.932261192536372629e-01
-8.832635434911756400e-01,1.046190694448780434e+00
-1.384336605003134046e+00,1.136786427429160584e+00
-1.185301848716011630e+00,9.387920197258157184e-01
-2.965077895709922751e-01,2.167841133400139342e-01
6.034891255307940350e-01,-1.347728667003325331e-01
-1.778610672967698703e-01,-1.449704590906003843e-01
-3.225316446107760471e-01,-5.830487650085276058e-02
-8.668272887782756397e-01,1.207745849746362454e+00
-1.007892534087247771e+00,1.250984808725775999e+00
-1.006728660200559622e+00,1.259607334672527390e+00
2.341420999886203169e-01,-4.966122119305919902e-02
-1.177890350372734929e+00,9.893640035169823932e-01
5.958873900990007549e-02,-9.878434611203586180e-02
-3.347796733556108184e-01,-5.274965889183562406e-02
7.760767407124588568e-02,1.264032417330267048e-02
-7.875769821379081659e-01,8.970919789962501500e-01
-1.052216373786534653e+00,1.099024697753648194e+00
-3.633547871402744711e-01,-1.828910234329058082e-01
1.326435941289172693e-01,-1.826325081345891166e-01
-1.169880029266946675e+00,8.485825529484347651e-01
4.828068325001053096e-02,-2.503404881875160859e-01
-4.593330713355945893e-01,1.519852137794168445e-02
-1.285304928801313640e+00,1.128346491861875300e+00
-3.877316151594580318e-01,2.629242259014867300e-01
-9.849282285341205423e-01,1.143199911832000204e+00
-8.418354365485782864e-01,7.445909230698832815e-01
-1.003394933834505620e+00,6.525380302131167376e-01
-4.850412261586151824e-02,-1.624093673388291581e-01
-2.190699442830586555e-02,-2.359181710689318284e-03
-6.537500289184532409e-01,8.526129350251318018e-01
2.559352234988280239e-01,3.899722770862959487e-02
-1.061864107776224975e+00,6.070711955955874206e-01
-2.976779761459392715e-01,-1.131321272945313983e-01
2.931058888122493600e-01,-5.364567583938353312e-01
-1.509294786631942831e-01,2.468515974669795998e-01
-8.469990198334971521e-02,-4.086140679744574428e-02
-9.242958912585884645e-01,5.940156217350776036e-01
-1.029398941992947014e+00,9.217890952412874928e-01
-9.130295346455730154e-01,8.083325452597749372e-01
-1.935640886946042583e-01,-2.483170675633571967e-01
4.732163190666675151e-02,-1.563698460851452587e-01
-1.985379470181381500e-01,-1.945897315140976969e-01
-1.309069887682769551e+00,1.077833210662163088e+00
2.523389760145344218e-01,2.502300223593569295e-01
-1.050444392222362522e+00,7.571964853837380716e-01
-8.580446360633487979e-01,9.777893038808702642e-01
-4.893771222457147796e-01,2.571486177636249648e-01
1.313181667842153177e-01,-2.702962396865507544e-01
-9.453238227312712461e-01,8.681029514894317289e-01
-8.081564432262837716e-01,7.645730820703110497e-01
2.559043284694346165e-01,1.620122484373930638e-01
-1.269991398842680974e+00,1.145648873321510219e+00
1.295129465166397487e-01,-2.176128063475938831e-02
-8.212052522804342836e-01,1.202776647406424537e+00
-9.595376317845027980e-01,8.935421089363220215e-01
-4.364034081130332976e-02,-7.928625733461762415e-02
-9.231954894481475549e-01,9.158496630690200480e-01
1.260960369074826393e-01,1.954182970315728185e-01
-1.052318923062198097e+00,1.113119338706326067e+00
-1.357648564285239834e-01,-3.677684591887361854e-01
-1.128738237683051704e+00,8.042848759903795663e-01
-1.016012414175682999e+00,1.020565100902959488e+00
-9.426398200784654735e-01,9.659393101014751570e-01
-1.089080887501156614e+00,8.553786493075316022e-01
-1.177840435007566633e+00,8.100047231472483622e-01
8.393941289118257709e-02,-1.783331570036575942e-01
-9.681390844912947102e-01,1.272102422782365849e+00
-1.253490642343648487e+00,1.082325735809296141e+00
-1.167721849989967975e+00,1.121510355826540239e+00
-9.060673719273997229e-01,6.460494116051456182e-01
-6.055575410553634685e-02,6.510766563663492046e-03
-1.527609235821572597e-01,9.692148696767266536e-02
-1.134119560092747975e-01,2.448250858354673321e-01
7.469169064544875503e-02,1.514751853323294262e-01
-8.754700612975412077e-02,-2.135496201669192518e-01
-9.029264700633009566e-01,9.432686280055320172e-01
4.360730868980380870e-01,-3.095922450547388682e-01
-7.720215771822285244e-01,1.417911652780891707e+00
-6.928584586296612779e-02,5.693401176471994674e-02
4.081820024323772889e-01,-2.286564361684656765e-01
-1.052086915213211959e+00,1.165724263722470067e+00
-8.928257761436420026e-01,1.061617055510951868e+00
-1.024739679562239658e+00,1.024745785098057027e+00
-4.227850482894925793e-02,-2.041887845124465695e-01
-1.131119504066706583e+00,6.637870250445428999e-01
-1.242240407722204010e+00,1.391840973968645478e+00
2.593537759284074151e-01,1.736268295078490786e-01
-1.290829527074606853e+00,7.830555434953799798e-01
-1.060260018882389188e+00,9.215791262050697652e-01
-9.171718606554242204e-01,1.052552293856774845e+00
-2.999652846039255749e-01,1.480376370700185219e-02
-4.228562863254641258e-01,1.152172396747067062e-02
3.649490682980857104e-01,-2.644110106687410644e-01
-1.255154200352602001e-01,-1.019576013703712147e-01
-7.030922338527774151e-01,9.630282318135060526e-01
-1.206372660542066821e+00,1.110372573575771016e+00
5.090788025374661657e-02,-2.633221197474713490e-02
3.395390241882524363e-01,3.202378753901993225e-01
-9.706386748519799657e-01,9.017295817098226474e-01
1.364722045033902598e-01,1.621239629969309926e-01
-3.089576553280990456e-01,-2.197944219530475751e-01
-1.086661728995180320e+00,1.161514760057749562e+00
3.932302944577228399e-01,5.726584164634231783e-02
-1.609145179852729535e-01,-1.593947071984783970e-01
-9.161971209159776031e-01,5.975976416662622803e-01
-9.393687884120834886e-01,1.350799282646357291e+00
-1.325018394135573985e+00,1.180695153828506427e+00
-7.516143053581680888e-01,1.408596458026382114e+00
-1.003568472495917518e+00,5.453138155962263811e-01
-8.336317907425879747e-01,1.422947478251390674e+00
-1.081399503796578232e+00,8.077494777906544243e-01
-9.734019206748436570e-01,1.111247108000614547e+00
3.703538714327596626e-01,6.178439271963580282e-02
-3.072566911500152487e-01,-3.388552815782333583e-02
-1.115311242562618377e+00,9.413192832090250262e-01
-1.055755576990347278e+00,1.075967519368534520e+00
-7.848954289478395074e-02,5.685748608693459716e-02
2.228376572554387203e-01,2.755670720254863038e-01
-8.266000213210858982e-01,1.335717786729612389e+00
2.936546528845878495e-02,1.652421434803298395e-01
-1.259939183103984561e+00,1.030384395250102614e+00
-1.000026427627406012e+00,9.971018966855736965e-01
-1.473046557589434147e-01,-8.187568242732884416e-02
1.094890475693698628e-01,-4.172378022327418168e-01
-1.050298474799763460e+00,1.055240189293425113e+00
-4.580080755075497390e-01,9.854690344274594782e-01
-1.143429761160310143e+00,9.613667888971924036e-01
1.935991985384774294e-01,2.506933484729453876e-02
-1.088405742734206566e-01,1.673110592149754661e-01
4.432150158311380372e-01,4.078116656333279771e-02
-1.265090820049421083e+00,6.250447716277502952e-01
-6.489575585840943184e-01,6.724542685949195242e-01
-1.094474446084366948e+00,8.424148206930522909e-01
-9.976962027935822874e-01,6.908287462012190350e-01
-1.274864289146192986e+00,1.185849182743855090e+00
-1.214625520815215909e+00,8.818707888594412569e-01
-1.014432642111353644e+00,1.051235556225043055e+00
-7.193340175069601328e-01,7.957735242564624167e-01
-2.945634912721663001e-01,2.605022742177572903e-01
-9.485243861024059697e-01,1.091422039897324447e+00
2.564518372943894731e-01,-6.680833513254361145e-02
-4.977549762605945616e-02,1.665659517427400260e-01
-9.532513832420088651e-01,7.710329464279495060e-01
-2.882585468617768210e-01,1.137066773789008473e-01
-1.211180280728411107e+00,1.094323673418455156e+00
1.800839344146844545e-01,-6.746870238263631692e-02
-6.201562573888657476e-02,4.895441893324710692e-01
-1.370927086211210399e+00,1.068183824916896452e+00
-8.606653858182801153e-01,1.527401381991243090e+00
-9.512258443519906459e-01,9.685061005052968408e-01
-1.233649628275721444e+00,1.472990054306833940e+00
-7.614766116942279783e-01,1.006637576351277152e+00
-1.005675145938183662e-01,-4.768633208412512148e-02
-6.816627910386399147e-01,1.067173334639203608e+00
3.737998020686366663e-01,-2.461773092739426572e-01
-3.390416536303696993e-01,-2.914410627373728233e-02
-8.869262947397085206e-01,1.054302273501755538e+00
-9.628880478880237348e-01,1.217035679834717499e+00
2.427818920669196912e-01,-4.079354637110058079e-02
1.749075463738607172e-01,6.842349448556760139e-02
-1.394551359275109537e+00,1.180490328338005046e+00
-1.130093688798762264e+00,9.964585897806357284e-01
-1.791143384379809828e-02,4.361131462005726211e-01
-1.215744474808704956e+00,9.081554099321555995e-01
-1.423590170130700772e-01,-1.503688735968031209e-01
-7.538550617739543380e-01,8.979487344727206111e-01
-2.543643179245203001e-01,1.125321265981204522e-01
-5.986730668647675113e-01,7.028007447755539872e-01
-1.779155283904254869e-01,4.205998386882355278e-01
-9.037052722690788187e-01,1.005712356253073203e+00
-9.785635349353704049e-01,9.934743164451075303e-01
-7.800014412245430684e-01,6.390150374465145555e-01
-1.270697211063350762e+00,8.624693925034132569e-01
-9.407874776736464550e-01,9.075642630106531827e-01
-1.414613782392079577e-02,2.059079362911479250e-01
-1.594550809475421271e+00,1.107808730549769027e+00
7.119016330889893496e-02,1.766585287499208845e-01
-1.719919904200732652e-01,1.321272766936854304e-01
-1.003588745049307729e+00,1.167342768808400377e+00
-2.022231504506336042e-02,1.084367515302435692e-01
-1.311713563546377914e+00,8.185742503474446874e-01
-2.468789720291845319e-02,1.140774265944147492e-01
4.673130635670839916e-02,-1.523671229279426331e-01
-1.053407233880688798e+00,6.936047315244198153e-01
-5.945006771493041020e-01,1.468485038845159796e+00
3.744419502001668232e-02,-1.630496822452701111e-01
-5.150052092396254499e-01,8.470973282106121216e-01
-1.236660853157732082e-01,-2.004193531157182073e-01
-1.989597456866856184e-01,1.345832681301918285e-02
-1.177593370904437498e+00,1.048033860090118230e+00
1.897929195011556838e-02,-2.543905783860853087e-01
-1.143602802281300512e+00,1.443224236857002740e+00
-8.150236730039285282e-01,8.920276450515680633e-01
-1.220750608398907922e+00,1.196263461270167916e+00
-1.680563696168657639e-01,1.896787377093513138e-02
-1.155605718254067993e-01,2.339192223591836373e-01
2.773235363559067856e-01,-3.153067626847144145e-01
-1.271216784815587975e+00,6.588346784136676071e-01
-9.749880620662354502e-01,1.422539924637004960e+00
-1.586705785344384889e+00,4.879622253999749137e-01
-1.545211262759490500e-01,3.269909715850332632e-01
-6.213094874571677417e-01,1.038512930682822466e+00
2.880037587709825819e-02,2.175816241974532772e-01
-8.198743245855721895e-02,-9.380632524218025792e-02
-1.492283559199885923e-01,3.881365767625666319e-02
1.772202522038224537e-01,1.348709375705405000e-01
-1.300954521655666385e+00,9.441112987962682057e-01
-8.942333892442180243e-01,1.224075658979320247e+00
-1.434247649807460050e-02,-1.118362834977135456e-01
5.982512264591510059e-02,-7.099249219158355884e-02
1.568920728653898644e-01,1.755010258148895497e-01
-9.646083684214580289e-01,7.826011996436409435e-01
-8.681016824867398007e-01,4.980262477820771583e-01
-6.015989129698937621e-01,1.004146375812309477e+00
-5.563366917797343270e-01,9.959096598267501710e-01
-5.708636831182758997e-02,9.643454057667535939e-02
-9.931800849817268295e-01,9.612386544784390363e-01
-2.503515535652062751e-01,-1.406453675732388386e-01
-9.787237470903180636e-01,1.336110870702391207e+00
-1.403982837464071487e+00,1.188407330446132892e+00
-8.144948659035547434e-02,2.405744860775976268e-01
2.913440307546301747e-02,-1.994015638752264299e-02
2.601215203676007226e-01,-1.561603524860679382e-01
-8.310938779386867203e-01,9.156678166682855613e-01
2.527227952026958047e-01,4.182706282999214265e-02
-9.115338615055983140e-02,2.248182820489178224e-01
-2.436949574999977552e-01,1.670303608770058457e-01
-4.250714550451961844e-03,4.005874526486059156e-02
-2.221453655244190473e-01,-1.915798099221859840e-01
1.981840735657089958e-01,5.895817917916969936e-02
9.252438631536785696e-02,3.748406203165937089e-01
1.671155425092799574e-01,5.434833841042003427e-02
-1.274610194581280442e+00,8.631854091652040317e-01
-8.107687438290824833e-01,8.973978239277660141e-01
1.562446743595843901e-01,3.562205183929468832e-01
-1.387950586219148352e+00,6.711163725686246639e-01
-8.625333189014249280e-01,5.651938618902241362e-01
2.278662389364035368e-01,-6.568358140263863554e-02
-6.929641899626513002e-01,7.279521128001121832e-01
1.041584050050708005e-01,4.860665966680722400e-02
-1.584552294376249393e-01,-2.961746001397817518e-01
-8.537422847047320129e-01,4.523302318608218853e-01
-1.166606874238962144e+00,1.078670901258384829e+00
-5.805251673348973962e-02,-1.826504501510095579e-01
1.993419678824467078e-01,-3.598963777931430963e-01
-1.375918133085654471e+00,1.016371484802505165e+00
-9.335633456471743585e-01,1.069257871946024174e+00
-3.205535914710339607e-01,4.662848281845911602e-01
1.444928763606944111e-01,-2.056118623953830660e-01
-6.417238033202004033e-01,6.974567308870752713e-01
-6.922024454134939608e-01,1.315504567901751187e+00
-1.502705690174072350e-01,-2.502741922682914094e-02
-8.476386077810514896e-01,9.530352102101644629e-01
2.021435081561217054e-02,-2.151355771970736019e-01
-1.006643331763285909e+00,1.138256362844743963e+00
-3.137214057545662516e-01,-1.076985534478372289e-03
-2.816561080684753735e-02,-2.469860878982985120e-01
-1.508175625785928231e+00,9.756187044826512000e-01
-1.759335301437698340e-01,-2.418744008083556496e-01
-1.975698864951423439e-01,3.979987118348505271e-01
-4.871670801334295753e-01,1.106218665391846212e+00
1.060389789515297221e-01,3.414896343543480373e-02
-8.676395110356558416e-01,9.536674162483553818e-01
3.054324389577165455e-01,4.634018644618736471e-01
-1.210769290601697135e+00,7.882691025950464558e-01
-9.587627192436909418e-01,1.514775352293468824e+00
2.954913997722370955e-01,3.176427437661460962e-01
-1.803296147901232993e-01,1.507940045561079745e-01
-8.239144343610476096e-01,6.835157344181479466e-01
-1.494944161260549187e+00,1.096655097606270779e+00
-1.051772535375545964e-01,1.103286164753978088e-01
-3.074204601654838553e-01,3.503690852114279553e-01
-1.038807487923991912e+00,7.595468186924752008e-01
-6.606589082306919547e-01,1.207717965384582426e+00
-5.381469592721425596e-03,-1.012567634342037004e-01
3.716712431299647457e-01,1.736863419076883353e-01
-7.365082285892288194e-01,5.099266981211696415e-01
-2.540139036311077625e-01,3.118130718786107577e-02
-2.251987823815642387e-01,7.274270727112985835e-02
-1.150650746566478366e+00,1.126469943972076448e+00
-1.012398519887157011e+00,1.216970329047218247e+00
-9.111391676798000772e-01,1.036350056916030660e+00
-6.875154478674867509e-01,1.486348142197026601e+00
1.264716746184968432e-01,-3.623905655313057750e-01
3.237406131528010045e-01,1.075901185975478014e-02
-2.953963594350110244e-01,4.117601132129580788e-02
-8.488797520738604607e-01,1.412300762058572356e+00
-8.806778304652875811e-01,7.811313118638062436e-01
-8.622675828579954294e-01,1.169252083476932880e+00
-1.514401091954701517e+00,8.496222591630699927e-01
-1.014148563473391773e+00,9.085294765121525451e-01
-9.763921999294180587e-01,1.480508944996602683e+00
-1.030885420683217202e+00,1.119915660255263568e+00
-1.114475198979699710e+00,9.557723655126888485e-01
3.170154966959460446e-02,1.838123113121741259e-01
3.868959990129552384e-01,-1.802015376849518472e-02
-9.157928784012024925e-01,1.367120616832736557e+00
-1.051456105332410740e+00,1.522698506447804023e+00
-1.031052949678499919e+00,1.236084497010562222e+00
-1.057641568614699601e+00,9.820472906766184451e-01
-1.356977589640408599e+00,9.357592407207531160e-01
-8.656855458146919258e-01,1.046623537587210606e+00
-1.202572978337677068e+00,9.680750900080064003e-01
2.309880209943970461e-02,-1.763865727086925406e-01
-1.183857172048477846e+00,9.932363409267517262e-01
-7.143646867919065113e-02,8.027501405289347303e-02
-1.084773749684333932e+00,1.172861128649372420e+00
-8.448282889719620492e-01,6.653404210781428407e-01
-7.040950226352009345e-02,1.823854768231006340e-02
5.081010173790311002e-02,-1.350832910264894715e-01
-1.065028879186221467e+00,9.085018013996711828e-01
3.412222635302343821e-01,3.994686840529191457e-02
-9.763598132899280468e-01,6.772424179720892834e-01
-9.512840256762915558e-01,9.143081238801248345e-01
1.889416574425984985e-01,-7.603623812811614868e-02
-2.724899848023309978e-02,5.243406469506908252e-01
2.293349683344714784e-01,1.248793609634387403e-01
-6.628212674356506184e-01,9.398445272565320030e-01
-1.488355807026559285e-01,2.313322686801461137e-01
-9.155779649543305254e-01,1.047790999958007507e+00
1.273558396778413371e-01,-3.771805951561038595e-01
6.699525693058403508e-01,-2.426628927913267175e-02
-1.339633830580089002e+00,1.102187054379713649e+00
1.625430047519858257e-01,7.820414958558369323e-02
-9.192202132417339744e-01,9.307594274134497470e-01
8.114379758808214216e-02,1.555443069286824576e-01
-1.243283259407321761e-01,-2.261215299655797983e-01
-7.853531997162919165e-01,9.121865455153219671e-01
-8.121404652115764289e-02,-7.508602504040672032e-02
-1.209136677193490161e+00,7.503505126598739583e-01
-1.139002490029763726e+00,9.353241231771926012e-01
1.051627441115054601e-01,5.101069724881974743e-01
2.342234823865956550e-01,-2.894287867896019537e-02
-6.210248708011099072e-01,1.144663991975616080e+00
1.992753991074682762e-01,-7.998066953123732226e-02
-2.732777623225381425e-01,-2.729181613454608746e-01
3.354093383922527455e-02,3.949905544107695787e-02
-1.306212269741716669e-01,3.139134667409699576e-03
-8.548432731781290261e-01,1.085799705906940860e+00
-1.147811882932743055e+00,8.754767174629648485e-01
-3.303046959489864404e-02,6.545882919562476254e-02
-4.376069838340102686e-02,3.585151949828859624e-02
-9.690458938978039338e-01,6.817354750246922279e-01
3.033806038102057623e-01,-1.234051129130108171e-01
-6.363186541527799944e-01,1.086337143532652982e+00
-9.436991156802922998e-01,1.168516448122963514e+00
-1.974345745480212688e-01,1.269485757418549188e-01
-9.516143641331468173e-01,8.062478078491808198e-01
-1.092631027457007464e+00,8.235433682101017672e-01
3.963868317844520400e-02,2.692558607092286893e-01
-1.376560384697223860e+00,8.318964658569383275e-01
1.205876989855950709e-01,1.970771833884269603e-02
3.645589862924211721e-01,1.574047204442210190e-01
1.695050652047723760e-01,2.648952117917263149e-01
3.374544981676963484e-01,6.767362651153063791e-02
-7.382218702252414666e-02,1.111231237481278833e-01
3.242265752378164362e-02,2.920526977786035983e-01
-1.043690841836285355e+00,8.047403444273636408e-01
-8.899537416779363941e-01,1.038193852242656368e+00
-8.633966370984087479e-01,7.500871900607660736e-01
1.259527839155880347e-01,-2.822972811734156262e-01
7.842737885256500716e-03,-4.256173579772694615e-01
2.371266802887773417e-01,-3.620001664557745413e-01
-8.433077847956071960e-01,5.483805907000054436e-01
-2.262869954853025944e-01,-1.854574745138631575e-01
-2.682050767947894987e-01,6.339924348449560432e-02
-1.231540831825384874e+00,1.185834457650706719e+00
-8.620745552525679312e-01,1.229353871561879030e+00
-1.754708454894206238e+00,6.529160259486188611e-01
-8.986498879001167950e-01,9.112137565944115059e-01
-8.347563868586033164e-01,8.224273316045618287e-01
2.242388582645523099e-01,-4.599784137751260493e-01
4.575335806373373448e-02,2.590731750453771631e-02
-1.119896182833971743e+00,1.094006126598162654e+00
1.030028192601174786e-01,1.433991055160624695e-01
-6.081613217528769599e-02,-1.039564817740681463e-01
3.314705120731714638e-01,2.561107731622370709e-01
8.140775075680704853e-02,-4.551953501722784401e-02
-6.294117253403260295e-03,8.954302766381727618e-02
9.488746608361919854e-02,-1.648363214589750395e-02
-8.613833915527656648e-01,9.885099492680972100e-01
1.839920247532580710e-01,-2.066080546583022870e-01
-8.977586167359884461e-01,1.031707220426836047e+00
3.835659416787851744e-02,-1.383418243840873196e-01
-6.447119425514760138e-01,7.632046925018314276e-01
5.693036186953848166e-02,3.740998959024686155e-01
-7.435732655127498258e-01,1.092027965202837958e+00
-6.943112805178577318e-01,1.133543299640381141e+00
-9.945476704097008236e-01,1.009148689444430147e+00
1.204459867611101277e-02,2.170040969913327733e-01
-1.310956702877133395e+00,1.350207168618294595e+00
9.896057148609156695e-02,1.363729770790995943e-01
-1.106434041642650357e+00,4.444009387760046170e-01
-1.473027435922636963e-01,4.552756118005595737e-02
-1.002666313806463094e+00,9.305128887743895350e-01
-1.472017795149608510e+00,4.807590041719239649e-01
-1.226558694624143575e+00,1.070211980705296995e+00
-1.064468098927851880e+00,1.342107367240850779e+00
-2.772073065509947920e-01,2.324808260331281129e-01
-1.115173979807084104e+00,8.254359209656985108e-01
-8.727429531746291325e-01,6.983384140931467865e-01
-1.179935756742284125e+00,9.381781436245218986e-01
1.025571173508250389e-01,-4.419690545681981275e-01
-1.062519039421114586e+00,7.901571867790777581e-01
-1.235660487449385725e+00,9.690318295496974654e-01
-1.178138683253942443e+00,9.853645644267325920e-01
1.555278918046170411e-01,-1.709559484362527804e-01
-1.090429497709171969e+00,7.073922858359279475e-01
-1.201527284143862451e+00,6.291612389747099909e-01
-1.414254255957094197e-01,-3.596319636806493553e-02
-1.519562427754969358e-01,-3.673884788867395890e-01
-8.380698348088932992e-01,8.243329636081406786e-01
1.143134479742944354e-01,6.045323706409089226e-02
-2.174452545197324560e-01,2.654214792252647670e-01
-7.032378689555621731e-01,8.795735222917880902e-01
-1.283639596870093547e+00,1.062541673203497794e+00
-8.374039787924217881e-01,6.547195666529304070e-01
4.575203537967485468e-01,8.534359535207565461e-02
-8.459098175722488122e-01,1.703134068926905886e+00
-9.482122403578111536e-01,1.289574778685984136e+00
-3.729473059948228142e-02,1.338527609415234576e-01
-6.424869759220235010e-02,-8.748007365332943763e-02
-1.901126868241406753e-01,-2.760609372276675577e-01
-1.873526022378883271e-01,-1.287038743517545658e-01
-1.071450510681152934e+00,8.818814271868896659e-01
-9.927443004969986884e-01,7.692061521899108412e-01
-1.194798753134398872e+00,6.807135488905959875e-01
-2.344956630064458092e-01,2.404930922801103432e-01
-7.833288588166877897e-01,1.233665648589492347e+00
-1.051854870490410709e+00,8.701227996876246262e-01
-1.017589772271542570e+00,1.167314860371550189e+00
7.677801355180305376e-02,1.373584202992864933e-01
-2.511503443171032024e-01,1.903038288418151119e-02
-1.305700539837994834e+00,7.430139033854938901e-01
-2.715036961974526819e-01,-6.262612787559269922e-02
-1.037759263188592573e+00,1.099949230886200446e+00
-9.855312274201385447e-01,9.349170382810479962e-01
1.092127906988971386e-01,-8.644545892012492350e-02
-1.359169670715159484e+00,1.181365785865578610e+00
-1.042960022446440593e+00,5.462405490647210815e-01
2.601060005122910468e-01,-2.732183238181151719e-01
1.225644651111879729e-01,-2.406019571447160776e-01
1.479099423304414962e-01,3.349667854953320978e-01
-4.872612329076688731e-01,2.855619517884936537e-04
-3.649289882861643242e-01,1.222751000282153340e-02
-9.150409768426464030e-01,9.212981289308419530e-01
-1.033894965193081106e+00,1.233160937128115364e+00
-1.177106203816971508e+00,1.082275879277299957e+00
-8.082838738469739770e-01,9.182147786642861353e-01
-9.466970824372359372e-01,7.012398046493357739e-01
1.299514679306690568e-01,-2.994412817221208528e-02
-6.193359154181239390e-01,-3.182501247169517988e-01
1.294139238294740590e-01,-2.738547719129143590e-02
-9.362422021692411445e-01,1.188853473923944915e+00
-7.718620065785453122e-01,1.078534039182664328e+00
-2.677580792710896884e-01,-2.011005832907621638e-01
-2.466044470953807910e-01,-2.380578139913385252e-02
9.872324114349805002e-02,2.370773145409512880e-02
-1.005005674898339807e+00,1.364058008033426139e+00
3.383559915906743203e-03,-4.977422655948196550e-01
-1.340051513677175343e+00,7.641825354612139520e-01
-9.352355898618732732e-01,7.875586000301948442e-01
-5.917512828110292611e-02,9.879068066875640319e-02
1.178717660752329893e-01,-2.013581375970734944e-01
-8.527252388764983149e-01,7.122355036536690553e-01
-5.938276505578603537e-01,1.376904032409285161e-01
-9.393717268613400728e-01,8.701931048630804355e-01
-1.184221926368048017e+00,7.063653821797541976e-01
-7.159201979587626052e-02,1.437207447735361909e-01
-1.092330292707298645e+00,8.249126502095414093e-01
-1.535493088269263284e-01,1.585866197471154093e-01
-1.034809669236460561e+00,1.180473373274858018e+00
-1.593884307287755930e-01,-9.605419016397250334e-03
-9.008136362335281699e-01,9.277964770058020338e-01
-9.932864939225749534e-01,1.080777232689802858e+00
-7.124551432229550563e-02,2.452751689539995061e-01
-1.859327084220173676e-01,-1.050765302588436562e-01
-5.831844716800734796e-01,7.930213270498425171e-01
-3.340424994984693419e-02,3.836124002695475155e-01
4.772343043586664280e-01,-4.370722772230763997e-01
-8.570522964708557900e-01,1.082807443175828110e+00
-6.668905288616653326e-01,7.006798081998273364e-01
-1.013339543902679191e-01,1.242946098696374596e-01
1.673453921870953487e-01,-4.378059125053580108e-02
-2.447946442552393354e-01,-3.491399275665032498e-01
-8.040032960873779722e-01,5.470771209594306184e-01
9.128952988403576940e-02,3.573626096469666447e-01
-9.002624798718339427e-01,1.259495066933540741e+00
-1.079520950226093151e-01,1.076962478134273343e-01
-4.044293615295627697e-01,1.327660592156619579e+00
-6.764878145125818865e-01,1.371389461662595233e+00
-1.081070326663853276e+00,1.081778824485904122e+00
-3.021942267725392095e-01,-2.611951666096816102e-02
-7.859831241531848312e-01,8.736886043774230171e-01
-5.629053768092439486e-02,-5.971544893928008163e-02
-4.836523734793709561e-01,-2.820078146450924472e-01
-1.086383185165826215e-01,-8.295675891687730175e-02
5.157950142064335330e-02,1.407731103873746392e-01
-9.383681087551629663e-01,9.475859863165086994e-01
-1.127853866982343689e+00,9.475571085323770681e-01
-1.001315911996263797e+00,8.299990748724477285e-01
-1.189343112261467938e+00,9.896254179358041636e-01
-1.175036318133977131e+00,1.355978488390786385e+00
-1.060599152659312816e+00,7.526925315002046535e-01
1.722847342565716477e-01,-1.538399196227419330e-01
-9.432518236230006403e-01,7.258518412776671092e-01
3.152761799133334264e-02,-2.543662620405993113e-01
4.288947522822836866e-01,-5.048713455021072716e-02
3.087742737987972386e-01,-1.956186977358141121e-01
-9.174390815746602534e-01,8.507794075952166413e-01
-1.291086253218621582e+00,1.058609363951699578e+00
-1.036252825889458773e+00,1.021779043203588921e+00
-8.293695323512355611e-01,1.159394276961507542e+00
-9.525017540220483969e-01,9.189105134081347881e-01
8.829182470483827594e-02,-3.355244418605879408e-01
-1.019035852733066516e+00,1.051624013398171131e+00
-9.407922562418674639e-01,1.359431351795737930e+00
-1.693626478109542255e-01,-2.625340035679534778e-01
-8.611519956596280778e-02,3.796633685211822651e-02
-9.680068997977141487e-01,1.187649898616195854e+00
-1.167850780549960082e-01,1.078802927944778056e-01
-6.787844402727191999e-04,-7.182005016190422253e-02
2.789308512425467956e-01,-6.638139485378083959e-01
-1.265796009178779880e+00,9.816479335096779391e-01
-6.041647755216261739e-01,1.071727633496844190e+00
-1.352819999138866969e+00,9.467084107005353522e-01
2.145201933037069464e-01,4.676228159474305618e-02
2.366649003703199805e-01,-3.223975665545832370e-01
-9.491032917374716549e-01,1.208157948240840440e+00
-1.066502978463787166e+00,1.239387963865917541e+00
-9.737003836703014281e-01,8.706325918970705402e-01
-1.194893559739724997e+00,6.956617926232970817e-01
2.396203128001296867e-01,-5.439981295574583542e-02
-1.477851559155818340e+00,1.025398854580100272e+00
-1.990960759444264927e-01,1.517958615544028056e-01
-1.102485053611711674e+00,1.310444125125364456e+00
-1.171580299261584468e+00,1.234073016798189482e+00
4.959874113462434814e-02,-2.882196090232967411e-01
-1.233221467265969373e+00,8.761972201742569410e-01
-8.978377321175042003e-02,-2.039814288553516708e-01
-8.730264213331779821e-01,1.117356946512421345e+00
-2.111555579496419977e-01,2.221724490570862465e-01
-1.055839218486628095e+00,1.275139578899384007e+00
-1.291601982250874414e+00,8.305115563118377064e-01
-8.934061583766571557e-01,1.054623614333527470e+00
-5.110052934157578441e-01,9.363766335897780735e-01
-8.352182645517252091e-01,8.296294816826026430e-01
-2.911926181508854850e-01,1.720601922180086674e-01
-9.036067355717622984e-01,1.217078056558030585e+00
-1.126925245865801672e+00,7.688880655180176937e-01
-9.092525286557764375e-01,9.798324089390360037e-01
-1.516807235436393453e-01,-3.494274765889446854e-01
-9.891909441201187647e-01,1.096279430141912092e+00
-1.150975405253451322e+00,1.268341214779603821e+00
-1.085845687165533979e+00,7.228601076370653189e-01
-1.388543808792693568e+00,1.114977878802892786e+00
-2.133616188484359702e-02,-2.702787356959773790e-01
1.364075496811179705e-02,1.865968416868827792e-02
-8.372825120215767747e-01,8.391276009716783779e-01
-1.253325573852702934e+00,1.339752630017102319e+00
-7.342702434493347113e-03,1.908736219641148923e-01
-7.806557700308229819e-01,9.762649640001963558e-01
-1.077846090680248503e+00,1.202707993401821440e+00
-1.088909837994642915e+00,8.351617379890216020e-01
-8.262665876702768308e-01,1.150274927089513843e+00
1.306759598950131829e-01,-7.207779617748164003e-02
-1.107360193461596420e+00,1.211947982625092957e+00
-1.199435731463463078e-01,-4.772696078348706572e-01
7.814372919739455414e-02,1.695446912970679787e-01
-1.138055309450109798e+00,8.382528924371684953e-01
-1.175939239235244571e+00,1.109932855075789870e+00
-1.442202193354515938e+00,5.647983179268210030e-01
-8.834044371620835001e-01,1.298992797877196237e+00
-8.962645432200895268e-01,8.247098196617218546e-01
-8.500009704265737431e-01,9.461688645978606482e-01
-1.154417101738050899e+00,8.663620712096420373e-01
-9.496088632953877395e-01,1.276150716940381624e+00
-1.241339259854174149e+00,1.241472647628742099e+00
-1.103490687271933668e+00,1.058269416266007790e+00
1.005114175028826995e-01,-1.257902457370584925e-01
-1.261391336583421507e+00,8.202777229424311756e-01
-4.773716568474528077e-01,2.111553241985471285e-01
-7.768175220380757473e-01,9.699643722711370764e-01
1.985615783075725393e-02,-3.761539138867475013e-02
3.231442000480643228e-01,2.020368538315627516e-01
-2.022692589949215414e-01,-7.852056213141409002e-02
-1.801816087599920069e-01,-8.039303916690616891e-02
-1.200683745698115645e+00,1.460118604656925889e+00
-2.646301609567318358e-02,1.377891192900443096e-01
-9.420608193349992998e-01,1.428706264554412186e+00
-4.469982559883980966e-01,5.141023915389282273e-01
-1.709481489904086937e-01,1.376468935683953509e-01
-9.922165392422427344e-01,6.340106667002993746e-01
-2.050496863821781590e-01,1.227325437196304381e-01
2.520920388339571439e-01,-4.079420058224889623e-01
-8.772115746683710746e-01,1.429031323423642696e+00
-1.011716030775647424e+00,1.104094076289531046e+00
-3.786903555452104664e-01,-2.470620037196201435e-01
4.764032019585210387e-01,-1.439987430299552451e-01
-1.133178890472505307e+00,1.130714131697858837e+00
-9.805289233137644000e-01,7.744726798029872850e-01
-9.547149639007717070e-01,1.000967780598643220e+00
-1.073470078981709319e+00,1.179901955659589996e+00
-2.648085507771342217e-01,-3.476461883848164236e-01
-1.144726437112380868e+00,8.560705234091029459e-01
-4.940084168649460511e-02,6.726630484301600321e-02
8.517340478123357206e-02,-2.257754213376300390e-01
-2.116046587474559593e-01,4.169159830615000450e-02
-1.120578470269096606e-02,4.326044938449498667e-01
-7.738924314062484155e-01,7.787516523159816462e-01
-1.323053694627859128e-02,4.532881888347404242e-01
-1.015326744785487012e+00,1.036214881170409940e+00
-9.480427612834868567e-01,8.078242434454805387e-01
5.460970876890738901e-02,-2.017368166979339739e-01
2.349236220731880653e-01,-2.883348873212076002e-01
-1.615352500169445760e-01,-6.319998853166222674e-02
-1.226713112252097559e+00,9.164700686243441030e-01
-9.369356817022003181e-01,4.413701316229227123e-01
-8.140006936488286549e-01,1.191168763339783165e+00
2.470653482090491293e-01,-1.888411315584282157e-01
-7.045889344136422316e-01,1.032071513860333800e+00
-4.066117751017750415e-01,1.655900232195048338e-01
-3.228544462089873168e-02,-8.831186026418412147e-03
-9.533239635176150584e-01,1.349867751297025853e+00
-9.710894189835924672e-01,7.827269410661086280e-01
1.667734290573467393e-01,8.480044102277757567e-02
2.400119153983917286e-01,4.015201145872645538e-01
-8.672931913867496512e-01,9.935580627916729135e-01
-1.084994379757545646e+00,1.142384120529717828e+00
-2.380205706893919471e-01,4.426655187589887408e-01
1.017205647796700918e-01,-6.878606923689595254e-02
-9.624701013539278538e-01,1.153395058425637831e+00
-7.717870279208540740e-01,9.584430033361159840e-01
-6.579037512074290550e-01,1.115167231416516413e+00
-4.828964393412230605e-01,-1.219819729572122757e-01
-2.402834992915011125e-01,3.731042321999158418e-01
2.525461323884004017e-01,1.514383881208361017e-02
-8.813521906594531385e-01,1.074825583414383390e+00
8.445727707594391509e-02,2.798417402910048368e-01
-8.037919925234238150e-01,9.901255643335770129e-01
1.654033265122124008e-01,1.922898829877734139e-01
-1.235369936913589983e+00,5.521821170895775399e-01
-7.079710933387449723e-01,7.938021494820671764e-01
-1.090350180863757235e+00,1.264958524051100541e+00
-8.668475524358162376e-01,7.535721035880318386e-01
-9.155174680636237738e-01,1.000715708225872635e+00
-1.225159236142474795e+00,8.264961639950494376e-01
-9.627106782050524059e-01,1.214954913033896577e+00
-1.038672099521644299e+00,1.175750934484755206e+00
-2.346490652202290195e-01,1.100534676976871462e-01
-5.812228322472919873e-01,1.161981692351245155e+00
-1.132106702522139630e+00,1.163967077372994208e+00
-1.119412109434652525e+00,7.383396986328516487e-01
-1.486836623231694077e+00,8.451910252728778161e-01
-9.535430146214692870e-01,8.138730068675593676e-01
-1.082642802323480868e+00,9.572625515618281566e-01
2.687644807324751084e-01,-3.324542972401232643e-01
-9.670250250764953481e-01,1.084191674316143938e+00
-2.250509175316646113e-02,1.097561462519165976e-01
-2.742693737089882400e-01,-6.036915064579517418e-03
-9.499116731601285890e-01,7.442480859406040983e-01
-6.937418079968123152e-02,-4.497808981016939156e-01
9.523008149243104847e-02,-2.841640403317598207e-02
-6.569698629305498194e-01,1.108596426577996619e+00
-1.069720062332118582e+00,1.166003159821803248e+00
-8.456075778338753221e-03,-5.227932030943725078e-02
-1.109486432991718230e+00,1.131246201846060284e+00
-1.357461424193236565e+00,6.471238284020934817e-01
-5.827247768942580564e-01,1.301219195321836830e+00
2.623169111052856550e-01,-1.864490223811992031e-01
-6.617561541365213351e-01,7.247133919949360070e-01
-7.349965891329071077e-01,7.138492805432680166e-01
-3.998431816715276345e-03,-1.643081710337291335e-01
6.315300550674279867e-01,-3.522828561002156605e-02
-7.967651845077707851e-01,1.142380608047922408e+00
1.327530144369180598e-01,-3.119938345690152770e-02
-1.054272598543870121e+00,6.302135712414991264e-01
-1.410857203719698139e-02,-7.402772793064006651e-02
-1.850325089935134226e-01,2.514773381116304218e-01
-1.308011136583201228e+00,8.115175086706036822e-01
1.966526095564186116e-01,4.493604033622365379e-01
-2.365946726462281879e-01,3.245566613032005443e-01
-4.870918705809439420e-01,9.955830006608855642e-01
-9.691881741733545663e-01,1.203216511453961690e+00
-8.692470317218250475e-01,1.541281128126885003e+00
1.848834592297990964e-01,2.516120493094483601e-01
-1.363146970790864998e-01,2.509906472864367744e-01
-1.164643966895107630e+00,8.167956698102598612e-01
-3.017268168880675172e-01,3.695722737304919098e-02
2.405910776682098073e-01,-2.524500525181776478e-01
3.248589386627483422e-01,-3.665218285211706978e-02
-6.998312661758184783e-01,7.350723972611550305e-01
-3.642823317079666671e-03,-1.276894525437622663e-01
-8.880136183418959606e-01,1.069968841571125706e+00
-1.091519627095951073e+00,1.154542493128990710e+00
8.274374854441833571e-02,1.285672009848509434e-01
9.826423058879098227e-02,4.239070447888312193e-02
-1.036449446072468250e+00,1.096907734723002292e+00
-9.567111652223104779e-01,8.696349914618279886e-01
2.405010395082030628e-01,-8.783780519003708820e-02
-5.168089686103172209e-02,-1.901301165260356196e-01
-2.902086721877243924e-01,-2.184395473995145720e-01
2.409200613804505231e-01,6.625388375695995258e-02
-6.950848866739585130e-01,1.043814611623475219e+00
5.398125617255139508e-02,-8.262722419060511414e-02
-9.050040232770970583e-01,9.542816892156833486e-01
3.410687371667354140e-01,1.085369710061200865e-01
3.685966024685140008e-01,2.627028217095246920e-01
1.080633254027289214e-01,5.489819333951855701e-02
-7.504939417794384005e-01,1.191938912593517808e+00
-9.337504230845321274e-02,3.816645302164157205e-01
-6.365954664666269025e-01,8.964759927263900030e-01
-3.070898049651229478e-01,-4.980083163429110393e-01
-1.027371121803606208e-01,4.207574798927549847e-02
-5.684509905055397105e-01,1.197319850482433390e+00
4.746114835787320074e-01,-1.707053832277384553e-01
-1.324544408328886202e+00,7.658187216927663243e-01
-7.356347484719223395e-01,1.139563729781499113e+00
-8.821916023259207540e-02,5.026886413079208887e-02
1.655429137984766597e-02,-9.304211238828097308e-02
-1.006696087308998067e+00,9.209077277729074140e-01
-1.919124323119151820e-01,-1.087006042541716205e-01
1.323256487320337849e-01,-3.102768019592808124e-02
4.389648832528647918e-03,-1.350486917206075999e-01
3.250574047840085745e-01,2.531553788044456701e-02
2.721899302615377048e-01,6.072840203923882824e-02
-9.602093795859023562e-01,1.087566020640901243e+00
2.684605091435839919e-01,3.293602487922315386e-02
-1.193845794578215179e-02,7.716942236070213623e-02
-8.883442536271753953e-01,8.847946587026189746e-01
-1.420171239185168632e+00,1.036198097355262693e+00
-6.743440795629915829e-01,1.118817912748048871e+00
-1.358923535451219466e+00,1.108863983939066156e+00
-1.318191598159534073e-01,-2.872037064430956743e-01
-7.742877741342893971e-01,1.307305271626564735e+00
3.827320378921036936e-02,-7.597148420895399011e-03
-9.957662924647986413e-01,1.185021869568650743e+00
-8.730773190925060767e-01,1.258960163940525678e+00
-5.755493547703856988e-02,2.285894605539217361e-01
4.183428485010830256e-02,2.952007276301065186e-01
-4.907569502374214965e-02,2.378820824747648333e-01
-3.119333637540153692e-01,7.128537193775474901e-02
-9.601269251064964427e-01,1.076627051651855682e+00
-2.857406747001766667e-01,2.039422246555547547e-01
-1.081765842554568424e+00,1.350655394152474376e+00
-1.037889562312184433e+00,1.233178684013183091e+00
-1.402874375364643544e+00,1.015945683687046186e+00
-8.572432188028020761e-01,1.251329853885396970e+00
-1.067185945234341515e+00,1.262293767273417133e+00
-1.582256219820723508e+00,1.273259068548516559e+00
-7.806346239494859063e-01,1.201451080346207512e+00
-1.187430495578868234e-01,-1.645846351283705711e-01
-4.939452367257660820e-02,-4.937495803591716581e-01
-9.623738681897586744e-01,9.017672517427586243e-01
1.112033745348369046e-01,1.940928296386624230e-01
2.234793088293961782e-01,9.183472545860620062e-02
-1.100671641725277539e+00,5.007086242940043119e-01
-8.619447774343129698e-01,1.298956590954592594e+00
4.429599048332341638e-01,3.417899397273920781e-01
1.939843390165945369e-01,1.538374884473672245e-02
-5.663382340227077760e-01,1.082164383665294771e+00
-1.010221147191506574e+00,1.517581959121435009e+00
-9.462603250230677832e-01,1.482692081061650846e+00
-3.169794861003114722e-02,-8.760535400672461726e-02
2.683751239322335613e-01,-2.583729937894307938e-01
8.825687670443060906e-02,6.418344170294938700e-02
-1.367537533803432712e-03,-4.984387988434418187e-02
-7.589013831085136275e-01,1.042494156431359453e+00
-1.045470879526099184e+00,8.720090343690547474e-01
-1.736739373256998009e-01,-1.463376087110722368e-01
-2.152748197577934175e-01,-2.163888793559831936e-01
1.489893618744065062e-01,-1.974130710144373357e-01
-5.992191686612491353e-01,4.159346840608189599e-01
-6.830834550899980151e-01,-3.520876796222468519e-01
-1.168172819117973549e-01,-8.056195805598471982e-02
-1.197100474403674841e+00,7.189572692699159884e-01
-1.173214080305806872e+00,1.196129872118753212e+00
-2.747529703515690369e-01,3.911424860354270616e-01
-4.160337317658657774e-01,8.243601238836241463e-02
1.632789263983363548e-01,3.408827181524411443e-01
-8.608262986247895432e-01,1.290766019640290585e+00
-1.244383385466246938e+00,1.087909658593800177e+00
-1.006935613976578825e+00,9.384662392690920063e-01
-6.259145910781432898e-01,1.212259496618750321e+00
-8.235818675443740133e-01,1.059980969870438772e+00
-9.018328448011065923e-01,5.178832503142909438e-01
-1.251412250788785374e-01,6.939906865085855581e-02
-9.008717858597145023e-01,1.120325546817972029e+00
-9.974654819560166974e-01,1.171442611961049263e+00
-7.311418107219629370e-01,1.070758504292518731e+00
-1.317869726035890254e+00,1.210733861694487379e+00
-1.247615154575905105e+00,1.108505165345254007e+00
2.463129784416033252e-01,-1.458649942149653211e-01
-8.839509368993182514e-01,7.809774069156696363e-01
-7.438572540797818711e-01,1.118142518484398051e+00
-7.722753680046111624e-01,9.375592076804243336e-01
1.076998100232475289e-02,-6.024376573673170115e-02
-3.171389865751665371e-01,1.994672733726835512e-01
-1.154689158500277757e-01,3.947154900659188836e-01
-1.609097964151618432e-01,3.252023148752888337e-01
-1.013716581071330669e+00,9.519299294210014084e-01
9.718524989307059103e-02,4.569158254889048310e-02
-2.745587337158623131e-01,9.354713030059448597e-02
1.992914431503536310e-01,-3.261015280859252963e-02
-2.498967820001302478e-02,-1.233764155773663801e-01
-1.179334303452378663e+00,7.233570676775866737e-01
5.723609704690060113e-02,2.746935553805704422e-01
-1.023106347177707987e+00,8.002985932706070393e-01
2.394051644116034980e-02,-2.019512286547941460e-01
-3.083108161814334669e-01,1.118286665218957698e-01
-3.011672678350029927e-02,5.248168456126547365e-01
-4.978734857466333291e-02,1.213334304989087120e-01
-8.530115164961421526e-02,1.871993999227534455e-01
-8.575491500599234929e-01,1.352360806061100984e+00
1.904812438750493747e-02,7.087489635252743059e-02
-1.628161342372064918e-02,-1.903913356006507393e-02
-6.967802503034070671e-01,1.269650439865973812e+00
-7.868652544118390768e-01,7.650084661467712044e-01
-1.184039353980937070e+00,1.137584020332625512e+00
-1.406339182395270893e+00,8.940469480007232628e-01
-8.646367946840541885e-01,7.134797853144345670e-01
2.891268138690035738e-01,-2.979057702301188271e-01
-8.238773236904659569e-01,8.264048242235275676e-01
-1.628695582340604187e+00,7.085620964838044156e-01
-1.284295471219156326e+00,1.146196291871673933e+00
-2.609671599590277641e-02,6.248959467649734673e-02
-9.514553890051640206e-01,1.159406244413846876e+00
-5.923865219379897268e-02,5.519711362812826372e-02
1.429246810455694350e-01,-3.477367671662524190e-04
3.164975532025947613e-01,1.657333912314462310e-01
-7.966609675605920149e-01,1.105168739878871875e+00
-1.317872079554689158e-01,4.470876423682462047e-02
-3.893222559293467010e-03,-2.054506920307607454e-01
-8.865945872389735527e-01,1.084404557083174847e+00
2.448289800390589521e-01,-2.822608882680348319e-02
2.247790770631627744e-01,-5.998982100501356468e-02
-1.120351274592787272e+00,1.289024739110975926e+00
-8.832149691313293527e-01,1.221512740731004687e+00
-1.314133483037296379e+00,9.133582355867557734e-01
-1.237399265253160907e+00,8.514452030080614797e-01
-1.267793884388022541e+00,6.847578563881639990e-01
-7.998987215615982471e-02,3.570662797052283066e-01
-1.232147987216650087e+00,9.563317606596103415e-01
-2.876705081593678992e-01,-2.066176779724540891e-01
1.152160391786745119e-01,-5.587487615342084241e-02
3.596465191244677673e-01,5.351571328173358039e-02
5.885380316907023318e-02,-3.137512630331242003e-02
1.508237014827760736e-01,2.825550745780739531e-02
-2.118835774844092246e-01,-1.604512077120047175e-01
-1.088213638451321491e-01,1.007319818303308023e-01
-8.681457795384290854e-01,9.014383333387158137e-01
2.043754155455161092e-01,6.559254805697742330e-02
-7.913105718322321902e-01,1.062860963206476717e+00
-8.952941515659706972e-01,7.780247410097453908e-01
-1.081953681851973714e+00,7.276532119583885017e-01
-1.091592691103262291e+00,7.213929597150643414e-01
-4.783930544338429319e-02,-4.534575115342432544e-02
4.669412561920566196e-01,-1.060797067161743379e-01
2.378929714470011045e-02,2.953080685377126174e-02
9.134948100176831830e-04,9.107231143629090919e-02
-1.166393466780573984e+00,8.873396669999707997e-01
4.184292802148510959e-01,1.051001340534607866e-03
-5.769154949904762297e-01,7.383028017724635461e-01
-1.272986485246455635e+00,9.497496252076020884e-01
-3.286864718082193604e-01,-1.743403484605106357e-02
-9.252505143337501625e-01,9.517507720556978024e-01
4.560509751122830691e-02,-1.452995155823942897e-01
-7.439781215827602212e-01,6.097573444570583145e-01
-9.708170481717310896e-01,1.145655680527679632e+00
1.574778856121852588e-01,2.950258953951261920e-01
-3.756613048882174177e-01,-3.999801913995700009e-02
-1.368966884423431507e+00,7.029734300026979632e-01
-9.735460823408131903e-01,1.039781989643408178e+00
2.478216929589909800e-01,1.320612949375302436e-01
8.749715988695484781e-03,9.062219163077457618e-02
-1.674771098564415972e+00,7.066066991787394169e-01
-1.152623170731342128e+00,7.723965888710810912e-01
-8.503597887242111408e-01,1.207927216245109570e+00
-7.541610489629961833e-01,6.251246746102923080e-01
4.197967691111421235e-02,-2.142591713721598845e-01
-1.321732109515131093e+00,1.129196538638541636e+00
-7.936594306777224883e-01,1.027566887712896504e+00
-1.874309613705412575e-02,5.245087999318851640e-02
-7.308536633637985336e-01,8.708147037578025662e-01
-3.269233001372943703e-01,-1.422301853579794884e-01
-1.275064197319724757e+00,9.537462961760920788e-01
1.582983255370142839e-01,-1.431812894988634954e-01
1.483369745769798076e-01,-5.456689034975602259e-02
-1.211187226737900469e+00,8.221371135524545570e-01
-1.181607695148378934e+00,1.087651735145656939e+00
-7.587835954206267886e-01,1.206541637501093778e+00
4.871742704305420668e-02,1.714820255854588027e-01
-8.102102900225560678e-01,1.453132837472131511e+00
-1.189589578824185923e+00,1.338743956465083818e+00
8.532346026569076480e-02,-3.123959848411400064e-01
-2.658348020537432688e-01,-1.655250798455983885e-01
-1.342071086806898017e-01,1.877880895955143584e-02
3.209694759845980738e-01,-9.212138799446505447e-03
-7.632955552202741467e-02,-1.566826513802297705e-01
-8.378407881907710131e-01,1.054234034833879008e+00
-1.852883799184033842e-01,1.783599169963339948e-01
-9.452732399679180525e-03,5.777279606719787353e-01
-1.054573612522385684e+00,1.057220330217219617e+00
-9.983338892972334344e-01,1.291623327133280874e+00
-1.307522687312349774e+00,1.053646344691990588e+00
-6.593081490887859886e-01,1.235466250922870435e+00
-9.716568161039063067e-02,1.206766733816937304e-01
-1.055509704372140423e+00,9.125992057446721262e-01
-1.172895632489688422e+00,8.409947558387880218e-01
-4.541493056987206955e-01,2.448963490975594737e-01
-1.078177256547804497e+00,7.475672279146390320e-01
5.539228071269778342e-01,-1.664288465486034596e-01
-4.710137440037970857e-01,-4.921121688446115222e-02
-4.808440531046558331e-01,7.972000487593217111e-01
-1.059535506640045366e+00,1.347498795433827112e+00
2.870837268753992366e-01,1.606096405223610968e-01
3.433757461492305957e-02,6.337759595784123179e-02
-8.075673373828722301e-01,9.208315868495121626e-01
-7.267541762580780329e-01,7.429830891950572891e-01
-8.261044689476952918e-01,1.073975390237214667e+00
-2.441511089737693485e-01,-1.118265128677465026e-01
2.498094030209684902e-01,-8.970500493274520537e-02
-6.947350964660320427e-01,1.468136631738526265e+00
-7.860495265898306272e-01,1.166700768951799638e+00
-5.772055026926170562e-01,5.010334479949796888e-02
-6.788170354094189562e-01,6.720020767000423056e-01
2.110287526485002951e-01,-1.829114455124978833e-01
-7.511759851745738459e-01,9.748791545777910628e-01
2.077415416371979351e-01,1.644101985963926649e-01
2.831204989815474388e-02,-1.182766247666155665e-02
-9.977406957650168939e-01,5.748635628840155221e-01
-1.752609975858606672e-01,2.479270283172642642e-01
-1.082016889103761120e-01,-9.835044387380102726e-02
-6.829925946705366346e-01,1.113479401950545400e+00
-1.135395681873685891e+00,9.411927140763904909e-01
-4.356937758600872290e-01,2.078078698457203610e-01
4.212716464569826041e-02,2.589113315440290664e-01
-1.187033303400181206e+00,4.999489383126584086e-01
-6.634719931164313744e-02,-1.700668716327031690e-02
3.761856889430021389e-01,-1.569126359238181556e-01
-3.020625443228782125e-01,-1.689489596055321063e-01
-8.188116712882426151e-01,1.077035611057415521e+00
-2.710413410332732642e-01,5.642982298834418181e-02
-1.186936053324772367e+00,6.970049439155661108e-01
-1.094779688514260885e+00,9.088850682838631734e-01
-8.359324704108868076e-01,1.019963499212857450e+00
1.843631107481728815e-01,1.437538386350888930e-01
-9.706577408713296107e-01,7.204639842091453694e-01
-1.784957171413910082e-01,7.682880447337396557e-02
5.439991643956928469e-01,1.572737226755413498e-01
-6.131075675783078660e-01,9.336778931047836627e-01
-9.921053267344288606e-01,1.327328308599588391e+00
-1.117131937241119477e+00,9.027178335774448392e-01
-1.204905192053349117e+00,1.421344651258179770e+00
-1.291696662490282865e-01,1.940652820717904126e-01
-7.762030052030205463e-01,1.082180644693376159e+00
-1.201403807425233783e+00,9.515234658611385621e-01
2.223315097595776266e-02,5.650847677079262610e-02
-1.013951559958857107e+00,8.490602270559433062e-01
-1.243434542647862573e+00,9.366530128046766102e-01
-9.539548169330264171e-01,1.165784520504130395e+00
-1.040929196006591173e+00,1.232118715517548591e+00
-2.492269439740985304e-01,1.841723743469955710e-01
-6.270112783186996275e-01,9.684953244594280974e-01
-8.944409317864172593e-01,8.703027274090178178e-01
-1.325818168009487596e+00,1.124794490601647379e+00
-6.052363198182864057e-02,1.112723786716630914e-01
1.124705312795462875e-01,7.548150540227135941e-02
-1.069777513245693257e+00,7.292312399256348776e-01
-1.214144611412322439e+00,7.342368849956020238e-01
-1.012711231139590717e+00,8.209367594454842765e-01
-8.035786323575728751e-01,9.287466039518688099e-01
-1.290459043328836541e-01,2.434855450153861622e-01
-8.395776343594163471e-01,9.863655907685627833e-01
-5.711241958987814948e-01,1.066548557818308929e+00
-8.283467880083262846e-01,1.331182623859382241e+00
2.357241174340570788e-01,3.154658282314484197e-01
1.048898109661024342e-01,3.219703522847706667e-01
5.134867938286350603e-02,1.030453890304766640e-01
5.976546321632233982e-02,3.719526819355225000e-01
-2.374386409358132943e-01,1.596443867660564397e-01
4.972264269661808012e-01,3.512257557361598836e-01
-3.685098525152825655e-01,5.157987658129217085e-02
-7.839230023613098508e-01,1.318728898760241020e+00
-8.672941727317530214e-01,9.507262452850434586e-01
-9.730416261309615678e-01,1.611722775967816546e+00
-2.068597729633248616e-01,-1.327666110617243544e-01
-1.182367093224151677e+00,1.432725780873468135e+00
-5.814893512770693412e-02,1.295353072678929462e-01
-3.660513987607720288e-01,2.543823297296202712e-01
-7.598100698441135892e-01,9.813072880452704538e-01
-1.046544781098614152e+00,1.187098880687937008e+00
2.165558869817713339e-01,1.166386775535807434e-02
-9.540699646101556963e-01,1.034871225281322582e+00
1.107661878526853411e-01,2.026985327928023384e-01
2.792120237353976075e-01,2.240437579234344223e-01
1.880821848436849686e-01,-6.028175546935669177e-02
1.515113833396299348e-01,3.512438115701845831e-01
1.463923906315455770e-01,1.448383510015296693e-01
1.965934502150439855e-01,-5.134123201088294230e-01
1.465126672651536066e-01,-4.763382793666778303e-01
-1.021520373562004647e+00,9.371671952238157521e-01
-3.742095498373751439e-01,5.230854712363058358e-03
-1.322392474603940604e+00,8.711639084120637033e-01
-2.617313083839856169e-01,-3.185234498480379317e-01
-3.317851737886927110e-01,1.832038095009506651e-01
-8.963843881624918852e-01,5.627606596452583432e-01
-2.950913966140779610e-01,-1.355927183994193597e-01
6.901200902673866600e-02,3.737570623047362650e-01
9.714657947938896976e-02,-1.032647982565266659e-01
-1.147755638272456746e+00,1.424712968861897799e+00
-1.151477341757630057e+00,1.068517192007408134e+00
-9.408500753483893808e-01,5.473149492993593102e-01
-7.204184552524994789e-01,1.267012318185663178e+00
2.381603020039775864e-01,1.881935408201693095e-03
1.483812475748559068e-01,-9.783030659013773958e-03
-9.858032210613123514e-01,1.256958190466290315e+00
-1.380081271616605265e-01,5.891244342919153137e-02
-1.981306810281621422e-01,1.868768902474533256e-01
-1.400519754371284432e-02,7.311016068116903653e-03
6.689610132816667387e-02,4.076715094913436754e-01
-7.451142406828530351e-01,9.177705378852210050e-01
1.808021366772054328e-01,-1.521494768597859808e-02
-1.488711019472882313e+00,7.377197181649195468e-01
-5.395004209113118954e-01,1.263592884182012543e+00
1.557496709864064910e-01,1.538204720626451527e-01
-8.332461985059299581e-01,1.362364110368498693e+00
-1.022202342115407392e+00,9.334913844366454772e-01
-3.250877363927465735e-01,-1.024528824189909898e-01
-7.493216249375848903e-02,-1.467542644665558726e-01
-1.069494522242173229e+00,1.251442963612336534e+00
-1.033254622727023175e+00,1.238227010323170507e+00
-1.202380426413189873e+00,1.183906356766135204e+00
3.548149545942897443e-01,-3.878307565663938195e-01
6.985686925233010325e-02,-3.866577977685688172e-02
-1.191012191634903683e+00,1.272281762771475755e+00
2.220204294118622440e-02,1.043598546894862616e-01
-1.953780443056236937e-01,1.651453625518062573e-01
-1.289111092993443952e+00,9.500026781553591038e-01
-8.152342636161452605e-01,6.777355508564322228e-01
-1.333352015958352510e+00,9.974912593492921697e-01
-7.647186986633410788e-01,1.094842949753786820e+00
3.232583506901458015e-01,1.574855439282363267e-01
-6.395272777143068410e-01,8.507786372693352250e-01
-9.679690194480073950e-01,1.085082856744065793e+00
-2.040354145775208072e-01,6.580394812303463035e-03
-1.003657653098469327e+00,9.406562579671355895e-01
2.936717631245460702e-01,8.386014178340966962e-02
-8.444862937028260186e-01,5.121992672894979393e-01
2.048121295708126843e-01,1.241103456083571532e-01
4.346259386669683311e-02,3.110968958723541178e-01
-9.768403691039041492e-01,1.042404085525942659e+00
6.844548291223216674e-02,1.811102689059263526e-01
-9.025389952175568720e-01,1.063408403336493668e+00
-1.085631317184169831e+00,1.109653139371610475e+00
9.155873765923669416e-02,-3.628807145462100148e-01
2.631384357666955442e-01,-2.126651746778838170e-01
-3.361856959630719066e-01,6.991371336681383164e-02
-9.012037847194334095e-01,1.365395481586783033e+00
1.173604284044514473e-01,1.407624141170799315e-01
-4.990383614631707099e-01,1.063589458479078598e+00
-7.214925022809104416e-01,1.494776025895006466e+00
6.978886032626800684e-02,2.892014357948752279e-02
-2.455131054365522481e-01,-4.340008942216777577e-02
-1.292636402308211752e+00,6.611555096797658848e-01
-8.228766054606122538e-01,8.608238735863615876e-01
-1.179601082015670349e-01,4.957175688130095459e-01
-1.071877635408037710e+00,1.336452914164852457e+00
-1.003460944822171408e+00,8.559474890370066813e-01
-9.869477465621366574e-02,-4.024062234736591193e-01
-6.735390442620952101e-01,1.016128819809595463e+00
-9.986177310967925269e-01,9.339633918510464872e-01
-8.611884385752939242e-01,8.861181914044202745e-01
2.671395336441296717e-02,6.144691254994056884e-01
-9.756918203579288962e-01,6.666181828399871945e-01
-6.208336846728004232e-01,8.512459535435296099e-01
-6.275114567335768889e-01,5.078532368558943411e-01
9.904917171876687076e-02,7.807997437577404547e-03
-4.411632873264743210e-02,3.338115005881552300e-01
-5.976796619219590934e-01,5.667728832560153113e-02
4.105048924383518372e-02,6.639636809139985718e-02
1.139619783599177261e-01,9.798370358050481621e-02
-9.058327229438052353e-01,1.143022634928707593e+00
-9.641612243775558033e-01,1.007209287880840298e+00
-1.341832049186940379e-01,-4.261691776708800145e-02
-1.945241368970808127e-01,1.179691145037106148e+00
1.057130787056275063e-02,-1.480868234859922805e-01
-1.933136019075514661e-02,-1.355587223326759627e-01
-8.638768992857406293e-01,9.469336492284028406e-01
-1.037917501952764221e+00,7.507285139290900133e-01
8.348883684624350265e-02,2.173442043670715806e-01
-1.037235516109321187e+00,1.139868806509918064e+00
-3.504946610723406741e-01,-2.870172953517521330e-01
-1.306412618395325298e+00,5.655081844773119926e-01
-1.181560220956800578e+00,1.310630963828865791e+00
-9.419648209540038009e-01,1.387664183537807849e+00
-9.519916235176352215e-01,1.073964600588572793e+00
-1.136785433102815324e+00,8.410482343496742397e-01
-1.063961510802885257e+00,1.424775494014713262e+00
1.827029276973768379e-01,-2.232404808779933081e-01
-1.055467699955930483e+00,8.064076932606910608e-01
-8.408871034718086168e-01,6.614799997422921018e-01
-1.073439466688041577e+00,1.070391661380995618e+00
-1.069457952850822346e+00,1.186294849013162844e+00
3.911908217970068158e-01,5.497246711980773026e-02
-1.213550382634285052e+00,6.658328291170088065e-01
-1.816955634849881096e-01,-2.644921419378030158e-01
-2.725609309762231508e-02,-6.022155694859766817e-02
-1.614921968644041639e-01,1.188559275024282796e-01
-1.277484077501326531e+00,8.608632165986855878e-01
1.998077270255363413e-01,-1.118580425108435389e-01
5.056165728131951920e-02,7.494003949237167117e-02
-9.301655067075808025e-01,1.343744580525604748e+00
-9.459567743194732259e-01,1.328905994777033639e+00
-9.985889349692271821e-01,9.875630126857357638e-01
-1.032676216802269620e+00,1.304407284985703575e+00
3.018106738684874224e-01,-2.427346958478784344e-01
-8.332684704304570145e-02,1.304953663199913683e-01
3.087973244474340531e-02,3.515993778382057178e-01
-9.023169076311183812e-01,1.264374775051544830e+00
2.228160272655918261e-01,6.456456615023389856e-02
-9.483433990549753334e-01,9.552274390202556420e-01
-8.943022751943665583e-01,8.958556456311546068e-01
-2.713165403405555232e-01,7.623609696267985569e-01
-2.438082787694689224e-01,-1.495118046622866403e-01
-8.936039481740446488e-01,8.154486416793105263e-01
1.718989405919695568e-01,4.741166945690468426e-02
-1.057647774266726182e-01,7.775609436953691278e-02
-1.154639607349464692e+00,1.514247445227076216e+00
-1.026576674396489475e+00,1.134833288844047328e+00
-6.639208682154267294e-01,1.036230631636493538e+00
-1.080619200507151545e+00,1.090925958736078227e+00
5.157592713966706599e-01,2.224567281675433883e-02
-3.005619395929091664e-01,1.756233869850206547e-02
-1.054582033228143034e+00,1.209634458463829887e+00
-1.119251088687703621e+00,1.348479714956513753e+00
-1.006559747679795169e+00,8.599545844792028104e-01
-2.357934476686893988e-01,-1.523847667771173198e-01
-6.850924272549615557e-01,6.962692630501690072e-01
-8.871101471840555641e-01,7.701263007735483779e-01
-9.352459293913152338e-01,1.222375409007314673e+00
-6.127993590175836447e-01,8.215308413940602961e-01
-1.047973536393769889e+00,1.032805652730789392e+00
-1.103287887204361883e+00,8.554659641758139976e-01
-3.706372596419859611e-01,1.084968999177654270e-01
7.984950190249569257e-02,-2.286051000590463567e-01
2.380337384514286114e-02,5.462537113366730535e-02
-1.124258477462525968e-01,1.065824912786158818e-01
3.867612595907781170e-01,-9.916719590495070430e-03
-1.337516995142341292e-01,2.753751752963382593e-01
-9.669830382756978704e-01,8.589311744044463293e-01
8.332951930275046826e-02,-2.382493194484401611e-01
-1.019697773566860199e+00,1.129567816787051093e+00
-2.924342280203832134e-01,1.114246315852504693e-01
3.247036086393426668e-01,-1.304618578708779952e-02
-1.182389501483892991e+00,1.107294401399660622e+00
5.594271012121554421e-02,2.316673380568016749e-01
5.802020569607038158e-01,2.014211720929884875e-01
-7.595952651089362684e-01,1.008158858716140527e+00
-1.359636485789523341e+00,9.896545235368654492e-01
-7.266805130114002698e-02,-3.557509942230979161e-01
2.380386425878744938e-01,-4.106943608679286539e-01
-1.211938458835459809e-01,-8.320398647092272504e-02
-1.016187759199982388e+00,1.140936041239161813e+00
-1.832136711270265228e-01,-2.103683623366555677e-01
-8.933643139453929516e-01,9.056650357420845676e-01
-7.529413553358466071e-01,1.087082962863522573e+00
2.535514367671840366e-02,-6.095731399388448768e-02
2.506219570946907060e-01,3.037175164208597011e-01
-9.011185034915354386e-01,6.555159206110836578e-01
-7.537350735716231709e-01,6.989198054403640281e-01
4.295203341038227735e-02,4.753363371206378862e-01
1.688728577334942527e-01,-2.022725192021898877e-01
-5.471334318824243592e-01,7.814599827517976216e-01
1.146718625181678969e-01,1.713105917044303317e-01
-1.106353343125027866e+00,1.263886267652079676e+00
5.778517936308154024e-01,1.181078616189242536e-01
-8.908734484400396836e-01,1.198736136587386314e+00
-2.262292602900358926e-02,1.480418625805201595e-02
3.204967083854954324e-01,-4.127989056446378924e-01
3.818531401216408716e-02,2.547482881527130538e-01
-7.611606208314991573e-01,8.111505171359809641e-01
-1.153572546720247560e+00,5.719718634359931553e-01
4.139433666925251831e-01,-8.639402677895119398e-02
-1.057353390573993357e+00,1.266043121254456949e+00
5.638889193297522140e-02,-3.610756012191833619e-01
-1.092535482082509946e+00,9.099051123987086376e-01
-1.142402820913650752e+00,1.146120122542174213e+00
-6.529767786400642038e-01,4.940770581079987345e-01
-2.035266178937389370e-01,-1.447462411942132543e-02
-8.113430457973296317e-01,1.041695006882070063e+00
-1.168263628677481236e+00,7.403809619092127647e-01
-1.768273550928097793e-01,-8.887149352640154321e-02
-8.638251337706485955e-02,-6.485652377139636271e-02
-1.127271900031991292e+00,9.586928263097185265e-01
-9.392151475018305495e-01,1.235069147914069188e+00
2.089503179238120234e-01,1.134528371879668651e-01
-1.032393390999677973e-02,-4.734491480182878576e-01
-9.447502286003398586e-01,6.172230365996902446e-01
3.329694972171579059e-01,2.903434882852722332e-01
-8.431409071547234513e-01,8.967857330233286461e-01
-5.773288061948691485e-01,8.235531866793118771e-01
2.989246008251977837e-01,1.089004034972251844e-01
-3.085526917368781041e-01,-1.126575350143706536e-02
-7.088794514618947107e-02,-9.981161209998185013e-02
-1.240700799453985592e+00,1.050952570476607839e+00
-1.379448602991409256e+00,8.135865979634711032e-01
-2.099762354888838056e-01,-1.894216329000224797e-01
-9.148777427391865391e-01,1.016037752121569326e+00
-9.717758319229542474e-01,9.435678432749023958e-01
4.035751288238199203e-02,-2.368824972154897068e-01
-1.072954334835518386e+00,1.108406409708910578e+00
-1.317444252292923612e-01,9.313373088623157214e-02
-6.474210944138801549e-02,-2.174362654316961893e-02
-9.385551486075598138e-02,3.564843806166436146e-01
-1.132747597545196439e-01,-1.266979905015512275e-01
-9.657012741349683127e-01,1.158361829269590082e+00
-3.308588703820088822e-02,2.074384068923904312e-01
-1.061492729265813978e-01,1.229970394518202503e-01
3.988330244607663638e-02,3.760573190637416796e-01
9.418876206334027626e-03,7.116363237998550584e-02
-2.714347812709776431e-01,1.618349960126869713e-01
-1.313514552977253835e+00,8.691136647902257817e-01
-8.519517267813649930e-01,1.237375857861787498e+00
-1.185476471649806740e+00,6.028935718063104243e-01
-9.440875962832900870e-02,-2.404572833864745407e-01
-6.106013537114372003e-01,8.911845336305362908e-01
2.637247432893575771e-01,2.483223495862670049e-01
-1.154834829621258274e+00,1.164017341210891843e+00
-1.255936701026113544e-01,-9.528495303364144242e-02
-1.230327120968141563e-01,-5.548587743863712257e-02
-1.268274196799582310e+00,1.180681147481204007e+00
-1.155696510618499318e+00,1.336895641935417878e+00
-1.034440792007310206e+00,5.684528836572011468e-01
2.705963882096290019e-01,-3.307415604603312631e-01
-6.902505109860936905e-01,5.363564986226075915e-01
-7.002496432988623010e-01,1.530877289088961923e+00
-9.851517477268745271e-01,9.597285095266375743e-01
-9.585635698042026531e-01,1.106645747845711236e+00
-6.138531964594406976e-02,2.619174056991384614e-01
1.150668070269840193e-01,-3.628927811286017935e-01
-1.028276781637510684e+00,1.450220287697977728e+00
-9.391775840916568585e-01,1.033831884518966682e+00
3.431915514791490374e-01,-2.866316430244061561e-02
-1.167456420090454472e+00,7.659956607397261363e-01
-7.956570848851706179e-01,3.583319229201107348e-01
-8.505727247236680721e-01,1.123673173778436452e+00
-1.389039640915350926e+00,8.534406223473463005e-01
6.354502488187843690e-02,4.996081992928512738e-01
-9.132899957985943784e-01,8.402944794767196468e-01
-8.347472172934418122e-01,9.909325289324850683e-01
-9.497821935826898931e-01,7.880611645886945738e-01
-1.039621439727037369e-02,-1.041134296163829520e-01
-1.100623346062797880e+00,5.916656408046909732e-01
-1.108577964844771779e+00,8.524582943149532355e-01
2.632083133774209549e-01,4.105754155407594364e-01
-1.365223406791727268e+00,7.679319126118646643e-01
-1.210514681115403057e+00,1.169266347836450670e+00
-9.192632555415021223e-01,8.859812205646919736e-01
-4.540894241389813873e-02,-1.140958090293588967e-01
-7.431650274020548119e-01,9.363079820485457061e-01
-6.776336111779028837e-01,8.740264837740383541e-01
2.418299291287752048e-02,-2.528645610642547142e-02
7.536227101658901639e-02,-1.967550325664233768e-01
-1.894319738029602573e-01,3.246463701710302630e-01
-9.197465549472201296e-01,8.876666001029804853e-01
-1.100594335674973112e-01,1.572056952333672208e-01
-1.318152920792818650e+00,8.952933608914728225e-01
-1.324010881025270703e-01,9.136881063769865252e-02
9.976218940416302361e-02,-2.844305720571075891e-01
-8.063003271731010724e-01,1.121325029928692318e+00
1.002054141851637520e-01,-1.686805969771506264e-01
-1.269204329629994410e+00,7.823850432292848156e-01
9.197118747713380060e-02,5.826326610710204357e-02
8.910751451619532137e-02,-1.460326186559755546e-01
2.034558620996151646e-01,5.574685835297440994e-02
-1.708134760103233729e-01,5.908606641570465431e-03
-5.092360145376472191e-01,-1.597905474778348045e-01
-2.875116229107722576e-01,1.716631136707467975e-02
-8.938938650802902286e-01,8.308288339783692633e-01
-1.899064834941282254e-01,7.785443021137301856e-02
-9.632381190422348860e-01,1.197938975156287889e+00
-3.213907067794320727e-02,-2.334620041194389040e-01
5.415921227075900374e-02,-6.655026407167189371e-03
-1.155503835813903812e+00,9.212472800620906677e-01
-1.102883055029935999e+00,8.148037081450700825e-01
-3.243608312943399574e-02,1.634547448244387247e-01
1.606532461957277669e-01,-2.675372100449386892e-01
-1.568999564519150958e-01,2.387184330540992050e-01
-4.221355418796554626e-01,-1.170594925036371747e-01
-1.191491733828718758e+00,1.194848549879904409e+00
-1.159111148274920788e+00,1.398810339954390525e+00
-8.604550819274647822e-01,1.140884404286847120e+00
-1.060958783033882691e+00,8.537994336043081001e-01
6.657608004021928205e-02,2.722246325527658550e-01
1.518106374495965805e-01,-8.181396876999115497e-02
6.019488732988687030e-02,2.714188393773271923e-01
-1.035552869864757586e+00,1.017945704552467356e+00
-3.535742224796686872e-01,-2.139497399088521878e-02
-1.168664047990745303e+00,1.159278429956533518e+00
-6.186345062068843159e-01,1.166190531801059471e+00
-9.548544191223193867e-01,9.751529559732697860e-01
-1.274859852329232879e-01,-1.412958975212404433e-01
-1.391321013818090091e-01,3.495553879229670868e-01
-1.495715266389690434e+00,1.082504310370222766e+00
4.086729173247951596e-01,6.419064392938281238e-02
-9.744822498319699600e-01,1.496649907456556461e+00
-8.417317454441540503e-02,2.224008994609821127e-02
-7.218864444720142493e-02,-4.424677865596479687e-02
-1.025497524132991112e+00,1.061467027112714456e+00
-8.082807534458975596e-01,6.975410731196147740e-01
-3.930791786240608876e-01,-1.557299471111077416e-01
-1.117533151355488696e+00,8.980155948833459245e-01
-7.386305937919732667e-01,1.250224683364948852e+00
-9.530726823270179171e-01,8.746986533463154689e-01
3.293880321359536900e-01,-2.276392327480625602e-02
-6.438565663650971937e-02,-3.749532466560460131e-01
-1.180373659463197361e-01,-8.492987177111860353e-02
2.679879778400943158e-01,-6.493211622713365716e-02
-8.753236201507585967e-01,1.103910107016337960e+00
6.100554739742718169e-02,3.782827495496633441e-01
-1.139001518498503618e+00,1.193286467340863632e+00
-1.317074877545438838e-01,-2.155678986499850458e-01
-5.675856040917381939e-01,9.637409912023146008e-01
-1.170551169558529558e+00,1.110451393413209642e+00
3.032127894565932527e-02,-1.752140273269486015e-01
1.163928951222798283e-02,1.771802955770126475e-01
-7.435519853346951313e-01,9.362910771902652751e-01
-3.031252387398186698e-01,-5.966788399892960504e-01
-1.411611521816981130e-01,3.583977756700205686e-01
-9.696064712440538580e-01,1.025082991246961006e+00
2.574223240403948898e-01,9.369304902694353121e-02
-6.294062824919178789e-01,9.740514888709919106e-01
-6.735406939672026194e-01,1.142761657458990499e+00
-9.744391779062124004e-02,9.340377382720195520e-02
3.719537052962591794e-02,2.663993236350337690e-01
-1.068432481586767402e+00,1.060879472149886871e+00
-9.131657491012014072e-01,1.263524854885956561e+00
-6.600570283770474944e-01,9.750159719475484099e-01
-4.007378364103452717e-01,1.418114451399042353e-01
1.197082810939270464e-01,8.852527727085350573e-02
-1.222603693849023898e+00,8.128222030578496904e-01
-8.817258201083304492e-01,1.307668891977333159e+00
-8.755393197700684915e-01,9.424136485236570548e-01
-1.074602598889094152e+00,1.018360974875726299e+00
-8.748210669485796398e-01,1.139571134523921447e+00
8.817896491548291027e-02,-2.188087605330613084e-01
-1.150507714527807757e+00,5.293169266474313517e-01
9.231566703937443830e-02,-1.709015409506131900e-01
-1.106193353863667461e+00,1.309972114092196049e+00
1.361913190274481600e-02,2.606823149454234878e-01
-1.076002715864322168e+00,7.510008948167210541e-01
2.051759089203817124e-02,-1.711463204834769436e-01
-3.688804417960089149e-02,2.124725002543077779e-02
-5.740286602914982522e-02,-9.761444463744430033e-02
3.247808491625760463e-01,5.252357818291673863e-02
-1.257951340251032502e+00,1.374867091580344924e+00
-1.945655720932515653e-01,9.448612732263038383e-02
-8.594116719491116940e-02,-3.768432821038755209e-01
1.363519009891576636e-02,-1.077598660398347702e-01
-1.422628273967392054e-01,5.054753497982213128e-02
-2.100500299626418266e-01,-2.313079939628202297e-01
6.810310287643335514e-02,1.381204590528188614e-01
-3.205239449697862633e-03,-2.170540326827115896e-01
6.570517792423846704e-02,1.950882873985918531e-01
-1.350674000147669973e-01,5.347643238303333435e-01
1.119056572043652525e-01,1.493309118573125649e-01
-3.425116732751235515e-01,1.299805846906968876e+00
-1.085830293095922272e+00,6.826721471608991898e-01
1.953726580171523675e-01,-2.308550758952464532e-01
2.313149971651510747e-02,-4.410468060829451226e-02
-3.200872185626748023e-01,3.217521237985061094e-02
-2.508167954677463785e-01,-3.763638284011738833e-01
5.244227977508133520e-01,-3.269344256490040734e-02
-2.583459990324448730e-01,-6.135751117971791624e-01
-9.620508707152184424e-01,1.257490801908655031e+00
-9.022638167498860939e-01,1.086246500177022511e+00
-4.025311675523802757e-01,1.160200092351735268e-01
3.144035519110498500e-01,-4.451385711600897577e-01
-1.145767607664321286e+00,1.000409155765851876e+00
-1.040922893105747038e+00,7.063613098978374083e-01
-2.057474781538647379e-01,2.695549563914827473e-01
-1.072733653504417628e+00,6.207864910373651623e-01
-1.574462909727435966e-01,-1.065307907356489309e-01
-8.330393837352114694e-01,1.241670261684607368e+00
-3.154344732865771439e-01,5.897168311517294592e-01
1.725146508285235469e-01,-4.454633853819849332e-01
-1.185589389008365080e+00,1.276349981259522259e+00
-8.667606419750852886e-01,1.166281622418517516e+00
1.165557373720812161e-02,-1.093799807658111384e-02
-1.000403317386382884e+00,1.302763011962000617e+00
-1.305959374012277685e+00,1.286238253657119968e+00
-1.105039645407082549e+00,1.296341556715048027e+00
-1.396059691177694573e-01,-1.265519137855571075e-01
-9.876326399093229291e-01,6.888318089793683541e-01
-1.067176719567135112e+00,8.755456618710334427e-01
-1.043822992797773797e+00,8.684390147361323864e-01
-8.189841516247862163e-01,1.152711458578658643e+00
-1.173954551183741923e+00,1.074118630364346849e+00
-3.326102660227363977e-02,-2.102511789559368960e-01
-8.666341505031621706e-01,8.952815127801563300e-01
-4.455789964644409906e-01,9.966396709307953627e-02
-8.344494452339068502e-01,1.115561946216940159e+00
-1.264504610046897293e+00,8.820777614681019063e-01
-1.138844714934918789e+00,7.742141927377121924e-01
-2.878027921628023914e-02,1.674741957243778279e-01
-4.989429578424659645e-02,-5.088494092068290842e-01
-9.942797144421826605e-01,8.316216044838600219e-01
1.625690407066715248e-01,1.770022280774531109e-01
-9.323459129353894870e-01,1.337989466504917901e+00
-1.019559901943445590e+00,1.468578023273612976e+00
1.002615925507650690e-01,5.068081135933887316e-01
1.625153996199148743e-01,2.054520781354047740e-02
1.176669327065674037e-01,-2.987560294636993907e-01
1.962468160368141257e-01,-2.625593955580793337e-01
-8.788242134602057831e-01,5.841179192382542906e-01
4.712304118687457577e-02,2.746636336013759117e-01
6.719820487806739406e-02,-1.873386667214147761e-01
-1.214563266538783326e+00,1.156160805868312824e+00
-1.020863292137788925e+00,1.277298363204591336e+00
-8.804043967274779448e-01,5.221947586062891666e-01
-1.320121035094677042e+00,1.207437892453416373e+00
-1.332104962832031836e+00,1.214643267041622732e+00
-3.185269053134195255e-02,1.665308637523494062e-01
-1.616722046339058583e-01,2.260315873541648701e-01
-9.688851136060941949e-01,9.814636087472031756e-01
-9.003071750564790587e-01,1.138880749782199997e+00
6.438430122974523120e-03,7.140140792391067026e-02
-1.088049255953809080e+00,1.250813388690394934e+00
-9.618335099609166550e-01,9.100721420299768827e-01
-9.558505876341526486e-01,8.091332390944228070e-01
5.316410921031344133e-02,-1.757466589859319195e-01
9.062766798419377712e-02,-1.244621475199063632e-01
-4.803458736341671698e-02,-3.052637119821298151e-01
-3.011535967023495908e-01,1.589243650776378247e-01
-5.463616927032215465e-01,1.146785542794454660e+00
-1.108776342208270593e+00,7.414855670435448465e-01
-2.321620900278126287e-01,1.655134413617974642e-01
-7.955241434068541229e-02,-1.304585693093259502e-01
2.219839155751713797e-02,-2.473354999138248911e-01
-7.758431491588406448e-02,-3.637752084043530676e-01
-9.493502362814240092e-01,1.185913437397144055e+00
-1.004746810960333026e+00,1.170336433262997522e+00
-8.910266056665040735e-02,-2.815393940157606689e-01
-1.362510111183751427e+00,9.587495421108334082e-01
-5.567624131364858758e-02,-1.925912152509280384e-01
-1.094458406347873058e+00,1.471543381755414215e+00
-1.011082634854316709e+00,1.068325242535741681e+00
3.922920439665953385e-01,9.054480423692830293e-02
-1.156600791643218828e+00,9.103831458140017041e-01
2.658829617675418366e-01,3.302045935413062683e-01
-1.016594498533555768e+00,1.299658430470256310e+00
-9.801986987432976806e-01,8.800661061354839720e-01
-1.006389162334288545e-01,-1.110043474167610568e-03
7.581989221104006027e-02,1.609665912630869611e-01
7.644230614549740732e-02,1.822689517762398070e-01
-2.052242584513097323e-01,5.547802912222331989e-02
8.889712342273459189e-02,-1.066345893940498502e-01
-2.840493030484519954e-02,1.243026993760937421e-01
-6.711597727952134385e-01,1.043256667329598431e+00
-9.667759799646233887e-01,1.078270717913885068e+00
-5.233767745760904422e-01,8.904049953132695538e-01
-1.162445491735261856e-02,3.785655552852748018e-01
-6.975335745175728075e-01,1.026542436369378919e+00
-1.201983175740037657e+00,9.970759397514388223e-01
-1.035662403963132361e+00,7.747665078626655433e-01
-6.136968792414059237e-01,1.290715934276525978e+00
-8.959090644729533759e-01,1.053269329257239040e+00
-2.559403133659277074e-01,2.834004794180738918e-01
-3.171422051191038483e-01,1.753423374314427574e-01
-9.769704920153737815e-01,7.922785076942795435e-01
-9.218184645306845004e-01,1.464213010926753489e+00
-9.625195669680014499e-01,7.562029446044270520e-01
-6.365978480778526905e-01,1.181789534103451444e+00
-3.979927311763672426e-01,1.070058433342995774e-01
3.084135721883515813e-01,-1.027817786945136799e-02
6.708693425883267836e-02,4.586623727366357511e-02
-8.206191594821543589e-01,1.418084471107544209e+00
-3.806773851727827257e-02,-5.200776871532984957e-01
-8.033004303120122591e-01,7.679700358385941339e-01
-1.126888746895037929e+00,8.884937761338855822e-01
-9.965532852567154931e-01,1.131210717750551042e+00
5.038551498601673284e-01,-3.166256241801099214e-02
-8.141463060993208156e-01,1.072259649026969353e+00
-1.038568411999894359e+00,8.914516623011625729e-01
-1.492994382226072170e-01,-2.283155683147602422e-01
-8.073622915423593893e-01,9.769699950140006139e-01
-3.581433654339079564e-01,1.340713421763579105e-01
-1.138150226126760867e+00,1.002486658053259427e+00
-7.446879360221474453e-01,9.328807516178305725e-01
-9.473254400954506105e-01,8.693992177916735065e-01
-6.610396903865949358e-01,9.287264925885424516e-01
-1.274148693692779832e-01,-4.350612627404586430e-01
-1.182701314098376644e+00,1.048375186492112032e+00
-3.827050049307594293e-01,-9.080913882233382362e-02
-9.217450371732935910e-01,1.113991255844412276e+00
5.224510266733527197e-02,1.305157333255900776e-01
-1.383461272537645170e+00,1.075343469597683344e+00
-2.219746836836883341e-01,-7.835528457347856746e-02
-1.007174125003307052e+00,1.111131147665858521e+00
-1.051216220459897599e+00,1.168034832861623906e+00
-6.254064604372366887e-02,-6.490632347860465778e-02
4.112416162650341933e-01,2.678051101447879168e-01
-4.362467926109797611e-02,2.909390394899429855e-01
-9.115596780314132175e-02,-1.927900510608626106e-01
4.107982319554911443e-01,1.246177141946561706e-01
-1.759579116506934660e-02,3.106520129063807673e-02
-1.318149466243236478e+00,1.244716798579730721e+00
-1.406739980712426730e-01,2.308244239241788731e-01
-7.923518176556255677e-01,9.250505232535334299e-01
-9.750151381175277132e-01,1.322794309558267933e+00
-7.677320144954699055e-01,9.821221874961243437e-01
-1.502676631738294188e-01,3.937529716886419284e-01
1.265717443210383764e-01,3.803818782640588925e-01
7.155110385481887846e-03,-2.444834102887747107e-01
-1.051038717738480566e+00,1.371128568500347811e+00
-8.184631032515382598e-01,9.032020815375830791e-01
1.072472527382261898e-01,-1.489158940497506967e-01
-1.184307407623820252e+00,5.330976418030645148e-01
-9.322235864989165677e-01,7.421096254700767503e-01
-1.236593155626162233e+00,6.993137938263075393e-01
-1.275715505821004014e-01,6.426407366496564300e-02
-1.107449807221011717e+00,1.039212402142369873e+00
4.056889110564485534e-01,-5.183627410102783495e-01
-2.336440824391447513e-01,-3.947015544233978962e-02
-1.002021944108469675e+00,1.000036751452120898e+00
-9.970730502505699144e-01,1.101173435873195938e+00
-3.364700077347942270e-02,-3.718947216041559867e-01
-6.985621965842982173e-02,1.423481142558380985e-01
-1.253134742068710006e-01,1.731010230544553774e-02
1.106852071078078814e-01,-3.054442383951815332e-01
-1.277856671806773647e+00,1.149208943216065038e+00
-6.172457176811245727e-01,9.554087648274549593e-01
-1.378722762324963158e+00,1.066751240161432746e+00
-1.461699289333896479e-01,4.779077669128423828e-02
-8.769384276966443181e-01,1.081984639947063398e+00
-2.589405547289877485e-01,1.883764795592689500e-01
7.477873597688168561e-02,7.019592385744440055e-02
-1.053244243666220825e+00,7.601001134188627439e-01
-1.028687590366190729e+00,9.541094300999667377e-01
-1.541177277288761527e+00,1.003156938049876823e+00
-1.040159502764748112e+00,1.286190106986961457e+00
-5.906861724204177655e-01,9.348923263659375538e-01
-2.299224763220991327e-02,1.808104380370662845e-01
1.502824233251434660e-01,-2.065164915966463954e-01
-2.429369988800711977e-01,1.157110338279092460e-01
9.230680735341852128e-02,9.122559499301917396e-02
-9.417836013987453958e-01,1.037623808087201560e+00
-1.707545559153231807e-01,3.029226908970996668e-01
-3.379362491995075435e-01,-7.674996596499998602e-02
-1.199949299515453038e+00,1.476391389235205409e+00
-1.400929541891668073e+00,5.361678660296969046e-01
1.710520118681988500e-01,-3.034019040828714875e-01
-5.203975888085420332e-01,7.846326994526937604e-01
-3.398285776058982549e-02,1.348407735072274516e-01
-1.096869459724926221e+00,9.313074637778114839e-01
-9.573157431551094776e-01,9.252816057558670426e-01
-1.581765284060641374e-01,-6.619712250315896995e-02
-2.830483221771603053e-01,-4.706004345096139740e-01
-1.155413613947319229e+00,1.145531562772606371e+00
-1.449212117997603855e+00,9.527668461149028101e-01
2.724704992452200991e-01,4.530191409635266064e-02
-9.671088042256336115e-01,5.923352355816540182e-01
-5.421196971792351105e-02,2.118439799299869919e-01
-1.003840110886365489e+00,8.372529722644463934e-01
3.381713593368806947e-01,-4.411843090210360030e-01
-7.000639259682220894e-01,1.169125214565210236e+00
-6.563742864548230416e-02,-2.868519202779853949e-01
2.481830611222427541e-01,-5.025302847327330902e-01
-5.349118055691497453e-01,7.795013608660342763e-01
-6.839503232366845875e-01,1.201874179859205638e+00
-5.861613314317568740e-02,1.974868355653122132e-01
-3.378787002308770715e-01,5.060899136824889566e-02
1.366504229732874720e-02,-3.677877913496127582e-02
-1.778142319337838451e-01,4.070913560704878670e-02
-1.342786044815778290e-01,2.215708859888687321e-01
2.448984637043888357e-02,-1.486929056679869021e-01
-9.553306449941859624e-01,8.923127220947079108e-01
-1.454064813222197827e+00,1.148945616671517955e+00
2.433139077294855512e-01,-2.987187103885031725e-01
-9.410305142178704285e-01,1.249380272945942894e+00
-9.006586759853765223e-01,1.051268568023075112e+00
-8.960830751842860931e-01,7.592138328201996078e-01
9.783632757878053809e-02,7.282149150172261692e-03
-1.074349688340310083e+00,8.123578321259965485e-01
-1.530662821133267570e+00,1.129712814321889081e+00
2.335929439795102480e-01,-5.740706215938138832e-03
-1.009439553608593027e-01,1.381255568895610741e-01
-4.326190318459859907e-01,2.420387101279205810e-01
-1.258725728993164816e+00,9.402926985269033366e-01
-9.950385349427570691e-01,1.098156364269973873e+00
-6.032486977200537392e-01,1.001309232209812272e+00
-7.666030199715844207e-01,7.231421415166381372e-01
-2.748785146234585808e-01,-2.639124893808376116e-01
-7.075730587951096773e-01,1.010282544151626549e+00
-1.451395986616162426e-01,1.084176410370140120e-01
-1.349671080333987305e+00,1.021239734321602866e+00
3.384344984017409463e-01,-1.803368619613231541e-02
5.002335481317406185e-02,9.286988101630339054e-02
2.200294478896889783e-01,2.360802482520648893e-01
4.906925931858420638e-03,1.825886503792522042e-01
-9.372487833638089016e-01,1.194498407932364836e+00
-1.832106078168645735e-01,4.891684091881629698e-02
-8.363835045124542455e-01,9.810936992482721664e-01
-5.577083253292156595e-01,1.204721721878406315e+00
-7.580231154379007963e-01,8.482012483103062994e-01
-8.903662791757649408e-01,8.559280966803510804e-01
1.365949522148880435e-01,2.403802466443503982e-01
-1.073089448169378235e+00,1.105114551527816014e+00
-8.637059754036787718e-01,4.857703557946413397e-01
6.774590437360681339e-01,4.812347066591743383e-01
-3.106012121991683639e-01,-2.569639969216653275e-01
-1.377626858672971411e+00,1.355766011489509815e+00
-8.276456676444613469e-01,9.485844037172066479e-01
-1.088665345043785537e+00,1.235717935834756975e+00
-9.754757462867593709e-01,1.200617459704381274e+00
-9.077870766751926501e-01,1.194595351406437356e+00
-9.249350180134463528e-01,9.080731731708182597e-01
1.705687023448776707e-01,1.836250043084489830e-02
2.110816670287405938e-01,-2.879664911327890417e-02
1.158686574681841441e-01,-4.647346517527140564e-01
-1.029166378920509883e+00,1.325369610502386220e+00
-1.421943664581313826e-01,-4.004435876462903443e-01
-1.376867726361407529e+00,7.898914291720902092e-01
1.700284377987701032e-02,-1.170984330821948916e-01
-4.798309038873604937e-01,1.005392543616256074e+00
-1.220289937950475245e+00,1.017971937479072109e+00
-1.001905205271628602e-01,-1.286695183708191914e-01
9.679769825280494511e-02,2.201344428047031787e-01
-1.255205804305383976e+00,1.253336966344686054e+00
-3.028739208350715306e-01,-8.428049792998167089e-02
-1.128027917309974537e+00,9.355371963103511490e-01
2.335645612622654077e-01,1.830086868407693468e-01
1.380457534707881240e-01,-1.643496027852957841e-01
-1.051726671915609979e+00,9.429432415352213548e-01
-7.372661079627593761e-01,8.654677198321134579e-01
-2.449998401416944582e-01,-5.596218288811978248e-01
-1.438899698186538956e+00,1.583210702440875028e+00
-9.209848215865032994e-01,1.428555847853664851e+00
1.942969932096725305e-01,4.756803622244140661e-02
1.635529359833551022e-01,-4.951382642456823024e-01
-8.677619574169249672e-01,9.852865315740578778e-01
-7.422316472827680256e-01,1.290439552959682157e+00
-1.162106835618939016e+00,1.242685163530484305e+00
-1.038207331483174123e+00,9.883744153056310822e-01
-1.231904612696007373e+00,8.797629201832097845e-01
-5.836705720652363150e-01,1.186548239929209991e+00
1.312058458543881589e-01,-4.753822224574056343e-01
2.206112177338821756e-01,1.715219316678162353e-01
-1.645932551172394065e-01,-3.166901602584437647e-01
2.439662610874645393e-02,8.397428743112719807e-02
-1.318348809291349566e+00,7.182562604901318037e-01
-1.725576603284126320e-01,1.263559708500473500e-01
1.497871296190005606e-02,-2.869616460533755409e-01
3.553198710504310714e-02,-1.032467565977100848e-01
-1.206008630286828698e+00,1.052974022603850646e+00
-7.350743538847905878e-01,5.758721235523944770e-01
-1.049759232160476730e+00,1.128413001635530932e+00
-3.931585026807118410e-01,-8.011582738014636981e-03
-9.105297167761314814e-01,1.205991848042469838e+00
-1.276132277053729336e+00,9.231198266809732544e-01
-6.093026844021955934e-01,1.069020293613071271e+00
-5.941272587295163277e-01,1.510521465153346732e+00
-7.382231838607386520e-02,3.795160586588289808e-01
-1.078226381660581268e+00,9.686084855370635793e-01
6.876997829018681452e-02,-2.972100802773937067e-01
-3.225985346808823984e-01,4.335612812355203044e-03
-8.076618301621385498e-01,6.943543372003398995e-01
-1.222082368668789609e+00,1.024650532748698328e+00
6.920763524893458474e-02,4.184306580052961078e-01
-1.236106639081288927e+00,1.029139908725900332e+00
-1.393358889651242105e+00,1.134303637827983824e+00
-1.077376348653233729e+00,1.199489382387528336e+00
-1.231382659654177258e+00,1.161891319023313995e+00
-9.162907271824626276e-01,1.162122681391473344e+00
5.437114799057351372e-02,2.216200110561847847e-01
-2.779741238905149570e-01,-2.663809271839441828e-01
-1.221131748652394045e+00,1.708134854560513949e+00
-8.481328072171021581e-01,8.640587472503584721e-01
-1.196567813190266172e+00,9.317015913692067164e-01
1.496787994215327544e-01,1.184498105767545911e-01
-1.118684304085346248e+00,1.106491167111101737e+00
-5.252332621967769483e-02,9.901952226285259950e-02
1.988121446241956913e-01,3.939023995674266476e-02
4.030332412487997451e-01,1.607994581615942720e-01
-1.116027672558141726e+00,9.938397762349174824e-01
-4.724726890636335788e-03,1.128144322198182115e-01
1.110326368220261317e-01,-9.927132300383183228e-02
-1.209695384140693664e+00,1.310200010929290393e+00
-1.071092242614339218e+00,7.503653025529675169e-01
-1.687878772290498375e-01,6.881116165695885800e-02
-1.221921730635699754e+00,1.115899738208967928e+00
-9.456015524594604260e-01,1.126080597171046582e+00
-4.042831566625340600e-03,5.804565946247750713e-02
-9.160302066113727992e-01,1.020434601892645787e+00
-1.177631267597690989e+00,6.734822521812042773e-01
-9.422907969134780570e-01,8.752311728572838012e-01
-9.049563772967662567e-01,1.158347258331130503e+00
-1.214208157893941209e+00,1.457683499736525556e+00
-1.084436438877252495e+00,1.429828395698980348e+00
-9.872067368586492364e-01,8.106658171682493697e-01
-8.293075165533773108e-01,8.711784067706747070e-01
-1.159028493760301481e+00,1.127796963252090334e+00
7.253908780719163507e-02,-1.246824043544947219e-01
1.758682814674644435e-01,3.974299634345392351e-01
-1.106064934843313585e+00,8.824816292845583110e-01
-1.124030425157975105e-01,1.197220621649280718e-02
1.484869275509063391e-01,2.139675786558873152e-02
-2.859394471964042395e-01,3.978561164994979249e-01
-1.027636055338733007e-01,-4.832105345189231516e-01
3.484398081196199426e-02,-7.517672072027915819e-02
-1.232098539357337375e+00,1.179518809864831486e+00
4.987365180289516503e-02,1.510977752384141948e-01
3.930480058226464846e-01,1.775773450426369471e-01
9.858587871580160034e-02,2.308448367850461924e-01
-6.542794092678538842e-01,1.015611815513454586e+00
-1.072598203251417859e+00,1.275792487363073269e+00
-9.909048761719780885e-01,1.685952550170133568e+00
-1.215546690859114598e+00,8.828228082767812790e-01
-4.636737657507848664e-02,2.174499923373743038e-01
-6.827809663935618945e-01,8.688065488155124472e-01
-1.893398180738793402e-01,2.706447640552817058e-01
1.297085382931004449e-01,-1.419622485217836294e-01
-1.095167180654229133e+00,5.764666387176080597e-01
-9.112431559861997599e-01,1.088543459243868528e+00
1.052959878297794610e-01,-2.839812792620119430e-01
7.954107431259417604e-02,-3.649064979102442097e-01
-4.557191881244532228e-01,2.454873437154638238e-01
5.376750101931678828e-03,1.927263312061621141e-03
1.074811106203836381e-01,-1.756000800969205189e-01
-9.157837505843164916e-01,1.236585905211971870e+00
9.790558085131080557e-02,-2.053308808599939306e-01
-5.550647655725957641e-01,-2.403610394190833222e-01
1.373505893421650415e-01,2.488814245171095119e-01
-7.930106154415285102e-01,1.231281360770475786e+00
-1.044358337950171967e+00,7.867415674639434142e-01
-3.629467875085309186e-02,-9.349541214721339422e-02
1.609244055889850200e-01,3.229111876881490817e-01
2.355423743102336709e-01,2.733203398771669734e-01
-1.146378640521215631e-01,8.211629382249452380e-03
-1.275937914584486910e+00,1.077986369147036161e+00
-7.925871170148366396e-01,1.191220517218533503e+00
-4.212462557717414624e-01,1.689871327745787466e-01
-1.204631067381938397e-01,-3.252127143365950435e-01
-9.989499999878739822e-02,3.441142097130516202e-03
-1.262766527882749346e+00,1.025255726179791438e+00
-1.341561527126461373e+00,1.370952346301486990e+00
-1.008758771266234477e+00,5.256497543259655014e-01
1.787293596650773864e-01,3.307135638023075974e-01
-8.944033445241457159e-01,7.073910995965008164e-01
1.818744868075689580e-01,1.190192796093155099e-02
-5.959664290324698799e-01,9.764926263131969986e-01
3.278863851020368814e-01,-6.836131238319599623e-02
-2.962485776364252033e-01,2.085812941082540450e-01
-3.704710146985100705e-01,6.110770954441042957e-02
3.530388477168478478e-01,8.063616835487562307e-02
-9.304222371370108879e-01,9.501690003476470636e-01
-1.235640219371037185e+00,1.381286000877251396e+00
1.738368720266249001e-01,2.692851321375309692e-01
-5.561361095372155394e-02,-1.273826128584457616e-02
-8.810073415272050568e-01,8.704234965138124558e-01
1.752775406070748443e-01,-6.284206641750391190e-03
-9.282404486663996535e-01,9.865528408012076422e-01
-8.056944915591703893e-01,1.039160676414577544e+00
-8.541087013596408983e-01,8.273266790124852443e-01
-9.515526436178939340e-01,7.713363958599688264e-01
-1.243626582504347100e+00,1.129664592776598919e+00
-1.612085840192762909e+00,8.813448733696197523e-01
-5.054666151410073041e-03,-2.104209486886732816e-01
-2.453869367609852123e-02,-2.323217808527563155e-01
1.621365033332764494e-01,-4.584867996127842127e-02
-3.497112426508301730e-02,5.422210631248543938e-02
7.997670053944841428e-02,6.123756806144965703e-02
-7.174488596173171917e-01,9.982697206832052972e-01
9.779755638055642741e-02,-3.500464842779016372e-02
-9.292046732414636911e-02,1.078825845850096415e-01
-7.636716169939374854e-01,7.301591761680283899e-01
-2.969422500563082545e-01,4.850380264661021124e-01
-1.029416143585178411e-01,-1.214319290491990277e-01
-9.918387381815247927e-01,1.073172855409262105e+00
-9.759457987744766250e-01,5.142002172630040224e-01
-2.127555699599956995e-01,-8.210848761795885853e-02
1.098454701902488312e-02,3.575310592245691255e-01
-9.182958457550235432e-01,1.336912288122940273e+00
-1.102899601122913520e+00,7.370701260870107241e-01
3.955778866480263445e-01,-1.734993938916898348e-01
-1.336674529084878493e+00,1.143350267253118169e+00
-9.870234006531130033e-01,9.177543288665399590e-01
1.365660495007317288e-01,-1.375070165215897845e-02
-1.023330515580343825e+00,8.694389864902197784e-01
-6.728280542680725729e-01,1.307159202933473541e+00
-3.616137454676991020e-02,-6.675866205519081706e-03
-7.782405890176157248e-01,1.312914084948113569e+00
-3.947177568575442608e-02,5.639268556723427139e-03
-1.156498136741967775e+00,1.313005803708534369e+00
-8.193747622022834465e-01,8.475855787937273123e-01
-1.457704512453319223e+00,1.130805988306551990e+00
-1.022233725200760307e-01,3.598014474359406134e-01
-1.698785260198719393e-01,2.080370497585228573e-01
-1.233797567876090850e+00,8.359560978045200708e-01
-2.501665564131961839e-01,1.226180317430870081e+00
-1.294086465499871608e+00,1.424783416891884702e+00
-1.147082777852026503e+00,1.144969834655205965e+00
-1.226251922467898492e+00,1.092025971203275603e+00
-8.537639967050070222e-01,1.008502254401951514e+00
-3.212243750310321277e-01,-3.593921877368874140e-01
-1.300572562110170471e+00,8.602257488155216070e-01
-7.112653297745435976e-01,1.046848123700298894e+00
7.459645201366066347e-02,-2.760472394339960611e-01
4.810197332546956722e-02,-7.339011972354993196e-02
1.705319937785484963e-01,-4.175668217253621362e-01
-1.019092893590869187e+00,1.031209944013990354e+00
-9.579734921804999859e-01,1.030809029055955950e+00
5.308336456132201758e-02,-2.783526563236893292e-01
-9.685769923911691226e-01,1.224561562070231924e+00
2.462514511679254614e-01,2.951275584019686371e-01
2.312348627809995838e-01,-1.526015944673400071e-01
-1.106012993944595901e-01,-1.694979265014009279e-02
3.248424027817220505e-02,-1.589197680883817076e-01
-8.233187432655222349e-01,6.731465077807996522e-01
-7.680724025440460734e-01,1.197741709318948633e+00
2.231286618714548864e-01,1.338572909662430997e-02
-1.453499846706938659e+00,1.173280489628742762e+00
-4.978834373976733646e-02,1.623711364252256317e-01
1.799670890584067762e-01,4.975329208558763594e-01
-8.343684613015573959e-01,1.140958646576505364e+00
-9.844788171536534849e-01,1.227316632898228566e+00
1.929994313747226686e-01,-3.978291425848393993e-03
-9.233482969705586463e-01,5.789992150218017386e-01
-1.130395907349512452e+00,7.747382588929130343e-01
3.205748899008541430e-01,9.820015444298876850e-02
3.114633496204804453e-01,-6.718830502373178415e-02
-9.754763470895480570e-02,-4.376365689289155592e-01
2.638872032077194674e-01,6.481937283839586672e-02
-1.057025302679373002e+00,9.545264157770889657e-01
-1.526335088343503399e-01,6.214804816691050365e-02
2.185167254223473743e-01,-1.418223122287974314e-01
-2.468635728389270145e-01,-2.110869876360060848e-01
-8.299238075950303717e-01,8.439165882785291117e-01
-8.505821723084003860e-01,1.114162406677306594e+00
-1.013510535706611426e+00,1.026368130183550109e+00
-1.017132338370875688e+00,8.591588809062381538e-01
-7.975474792389487533e-01,5.893510690631584836e-01
-3.502308784716254286e-01,-8.173888332487851127e-02
-3.081548627253294370e-01,-2.806380902495315133e-01
-1.312580734919971182e+00,6.693944411628629521e-01
-3.088207515181118357e-01,-2.416089172420207015e-02
-1.174228421248219911e+00,1.383188929646144372e+00
-9.010842820103454054e-02,-2.448072046714970529e-01
-1.198547269173151797e+00,8.658649049305786605e-01
1.268108158984998790e-01,-2.923863437577567947e-01
-1.236147132965975448e+00,8.451022960222692726e-01
-1.134136088532728293e+00,1.298995141754469840e+00
-6.250975710363254612e-01,4.589321700926502490e-01
-6.770783665335644574e-02,1.553955140855163564e-01
-2.699335568043572664e-01,-5.666689366630332791e-02
-2.099546743506926494e-01,4.067540033859812915e-02
-9.213624265284090509e-01,8.082199550002859834e-01
-1.957733812156005337e-01,-3.064019466339255593e-01
1.013525014849906564e-01,1.063364237784244631e-01
-2.104834232584416043e-01,-1.700545349274338591e-01
-9.751906817637566727e-01,1.265773534260645761e+00
-2.886929124275348646e-01,4.528314523502279809e-01
-1.070021115246379440e+00,1.068753317965313032e+00
-1.073000833932780784e+00,1.004935723929728963e+00
-1.100863935508252567e+00,7.549838472448171522e-01
7.908154921489583822e-02,8.357827581129823047e-03
8.944132261833434572e-02,-3.357094790813028862e-01
-1.556545450251246854e-01,2.057664442190166865e-01
-1.543906253906949799e-01,5.495347279012684910e-02
-2.396104726155376119e-01,5.775716025790069569e-02
-1.155955636221210892e+00,1.299525944906400721e+00
-7.196003869497422101e-02,-1.978365172117225457e-01
-1.143707391635878201e+00,1.050791837829008424e+00
-1.130250646363821110e+00,6.407663805730461348e-01
2.099746269358775119e-01,-2.130528560788562675e-01
-2.126537326844656073e-01,-3.904473590737899125e-01
-4.600186612941899178e-02,-4.238745391933598089e-02
-3.662936982184024082e-01,-1.100541572590357509e-01
-2.935448080859898723e-01,-8.874779091535739406e-02
-4.204355444534762509e-01,-6.005115769336911123e-03
-1.225699428758112663e+00,7.373164387570190215e-01
-1.413542013875018988e+00,7.397346398620587848e-01
-1.047046559375599539e+00,1.182244973118863784e+00
-1.016982320819852736e+00,9.459913460549890241e-01
9.378380258432301997e-02,2.553128864881820115e-01
4.071040776536501982e-01,4.492667012113031877e-01
-1.166216708281963887e+00,1.374805166414055480e+00
1.629645163497401572e-01,1.594581860361706793e-01
-5.091147791730786798e-01,1.180709414954671077e+00
2.735119470309191891e-01,3.214097719196905012e-01
4.224457790353582098e-03,-2.183430318079268850e-01
5.062550149983094383e-02,-7.303080339295189849e-02
-1.115077620805908110e+00,8.396412867779706746e-01
-3.871134643498581607e-01,9.904449974871330775e-02
-2.133716720746835910e-02,9.118159883401411037e-02
-1.073188610968896173e+00,9.999705854818757844e-01
-8.650705818778312572e-01,1.267926157426237044e+00
-1.421199671390579455e-01,-3.139063952187682305e-01
-4.780818124851476947e-02,1.832584392454722211e-01
8.623423323057725909e-02,-1.269298822988825237e-01
-4.758644862977138845e-01,-3.932508433764623224e-01
5.599732039465316058e-01,-1.315370726945648827e-01
6.246126452356379199e-02,7.798245472570351777e-02
3.563411621907321969e-01,5.291022060806995116e-03
-1.157214074544584831e-01,1.809565039652713536e-01
-2.079052249904987659e-01,1.024419441034420675e-01
-1.157937182375196716e+00,8.877625935422146508e-01
-3.356077806891985538e-02,-1.622218218183322236e-01
-6.672891851624114246e-01,7.086510823850016294e-01
1.342788318014770110e-01,-1.847197624520719450e-01
-8.409350719888500358e-02,-2.043400623713103048e-01
6.457575596833796394e-02,9.912958216971559655e-02
-6.318425391393620583e-01,1.099755854222185469e+00
-8.888694228479498971e-01,8.242048218396675896e-01
-9.465823855429386091e-01,1.159864664934421974e+00
-8.808932519817927465e-02,2.468289679281854276e-01
8.698342520841464975e-02,1.634301633349625194e-01
-2.876898366802573340e-02,-1.147529425772420356e-02
-7.447097549759750246e-01,1.099956281578399420e+00
-7.694830066299880311e-01,9.061608803533717227e-01
4.652442496151682622e-02,-1.915135480795366885e-01
1.195207752697291098e-01,1.393050137889938200e-01
-3.611504486279681903e-02,1.699485657519960585e-02
-1.207226561399828757e+00,1.090155602381011057e+00
-1.199276456475481645e+00,1.043353416363025588e+00
-9.828444651061329917e-01,8.049739196732811353e-01
2.251351505153035282e-01,-7.786013944613309756e-02
-7.742707875324857936e-01,1.209636032317510601e+00
-8.850353195122719896e-01,6.918560337277936956e-01
8.336072507956955591e-02,-3.741350742067032220e-01
-1.772458125355016734e-01,1.645387732912880485e-01
5.513952678922235534e-02,8.418503181227190990e-02
-1.086695344612212732e+00,1.149480329625973685e+00
1.474494629417940350e-01,-1.341639278805132340e-01
-3.129476903591821291e-02,2.664345040062442438e-01
4.421115808680189420e-03,-2.813537098167548378e-01
1.760805353206624235e-01,-3.956331811523883940e-02
4.483690755670285966e-02,3.469892842125574806e-01
-1.017399258675926177e+00,8.434393463020227744e-01
-1.163682249633520627e+00,1.214513487531866165e+00
-4.429728391821742828e-01,-5.182707657168445642e-02
-5.319094884305648474e-01,-3.480883429769424109e-01
-1.350100472773575255e+00,9.890295017499981522e-01
-8.207890771449251055e-01,1.418384821797167294e+00
-1.023532341309444593e+00,7.095759890643849044e-01
-9.497960379943189146e-02,1.565053679640685813e-01
-1.035704357747503634e-01,2.029515498946188323e-01
2.552044176828174304e-01,4.738692613531980125e-01
7.475117240417601672e-02,-2.404479488383595449e-03
6.961826637470221180e-02,8.659958660061180258e-02
-5.024986371343977964e-01,-7.921739815345400781e-02
-3.610366008256721826e-01,7.837147783639215881e-02
-1.095144253035775228e-01,1.245884252148970681e-02
1.761906726919295341e-01,-5.144597443989661067e-02
-4.444680559418320298e-01,1.269597761931576252e-01
1.503223960547722454e-04,7.514591142922816269e-02
-1.169225447226760695e+00,8.437312460277814896e-01
-1.794342974991193773e-01,4.280919297251735423e-02
9.787183795403237019e-02,-3.040165333033504336e-01
4.423251087631648037e-02,-2.404969216043351815e-02
1.076962654874264180e-01,1.061760057926354472e-01
-1.089530189364586565e+00,1.295474663910164637e+00
-1.095293526399392370e+00,1.099743226455594192e+00
5.631133972511657149e-01,-3.910834701526391122e-01
-1.207805061862483320e-01,2.904687213747590424e-01
-1.332537645086816935e+00,9.258319123724354505e-01
-2.038210745534305146e-01,-2.879460038713143044e-01
1.737215506999688006e-02,1.099111978167978676e-01
-2.767299320496632853e-02,-2.398691024412860362e-01
-7.853483754083825374e-01,1.397551890753030657e+00
-1.203442186507662326e+00,1.087401271159130989e+00
2.509698276781186510e-01,3.652908972559909626e-03
-6.979098189039801836e-01,1.032094492533893293e+00
4.696029856147995729e-01,-8.409527871283960232e-02
-1.259600161930764628e+00,1.084747645537948113e+00
-1.237805652274552859e-01,6.377431368607679174e-02
-1.086854509887840603e+00,7.691272440876180116e-01
3.188707245157922920e-01,-4.547276292302860901e-01
-2.557433632223535258e-01,6.134301143990680827e-02
-1.061356998760496495e+00,8.099429848313266511e-01
2.638745832591603627e-02,4.378952767036156657e-02
-9.491021562600377992e-01,1.169422589363384501e+00
1.094942327106568358e-01,-1.183090556625005507e-01
8.276607506233558953e-02,-5.885351075523415076e-01
-9.494281652778595593e-01,1.095686830778086485e+00
-8.289255221745563951e-01,9.114933249540957405e-01
-1.268841409821394706e+00,6.489379127425896066e-01
-8.583413311618144359e-01,1.074334243240434139e+00
-8.145280092575278574e-02,-4.194835513804662797e-01
-8.874591190713332356e-01,1.238870700790758006e+00
-1.663253759953083888e-01,-1.688542309764802241e-01
-1.738494304700111404e-01,8.036396537009768415e-02
3.661235795331038156e-01,1.695240379405406062e-01
6.779242248425046413e-02,5.375487430719743526e-02
-9.973709080107137082e-01,7.928807379397628807e-01
-2.753242977514515077e-01,-1.228113997824686887e-02
-8.159019435290506550e-01,9.780107930775993053e-01
-5.254400689334240981e-01,-7.072583875902549444e-01
1.655011201720066327e-01,-2.931130288636919073e-02
-3.436341051198619212e-01,3.533497199313900272e-01
-5.405375714253371489e-02,-1.287797031264140135e-01
-1.057494156657546647e+00,1.424564131840204695e+00
-5.491877980958398409e-01,-8.121022221873595848e-02
-8.610216650985837161e-02,-3.436078434246440660e-01
2.448733844296243078e-01,1.062255804598462305e-01
-2.938968501060912342e-01,-2.908718957949386064e-01
3.401947623622693095e-01,-5.824277537298640228e-02
-1.195412039780278546e+00,1.122896114525742339e+00
-9.864894164182130831e-02,1.343539966948862074e-01
-8.757674122577374654e-01,1.000875016961833230e+00
-1.293166053733349141e+00,1.088776872753462133e+00
1.813576959621172047e-01,5.098671743262234157e-01
-1.334393119064455124e+00,8.992027681501102432e-01
2.190880361579454760e-01,-2.559096861365778852e-01
-1.094366183120535796e+00,7.651375831774485103e-01
-3.470630284940466881e-01,1.885846744779575423e-01
-6.617472311769989624e-01,1.266780009522483486e+00
2.497403081171017600e-02,-1.018442148153063803e-01
-5.092433804909082262e-01,1.007930467410282693e+00
-1.033593809361529114e+00,1.003529096255773911e+00
1.676598344561366916e-01,5.632253027685695246e-01
-2.130640365551179916e-01,4.108847461513666088e-01
1.709711169797232255e-01,-3.713425404805822949e-01
-1.559791369025830043e+00,1.089442162471153219e+00
-1.001289610082477965e+00,1.077779481018373842e+00
8.227918067317399609e-02,-8.736573823464658523e-03
-7.910500205833127518e-01,9.550678294987691164e-01
-1.080386055465023309e+00,1.129158632353452818e+00
-7.594341285649588436e-01,1.237734540715550224e+00
-1.086422246017683779e+00,9.929639159307366292e-01
-1.187547028582650377e+00,9.402590037276378210e-01
3.026568820185343914e-02,-1.650441932154092795e-01
-2.578744397882782799e-02,-3.936317359730078791e-01
-1.315369433965787094e+00,1.431380386369592639e+00
-1.148721797134659273e+00,1.201829058607094991e+00
-1.139271312746194420e+00,1.060086600247168498e+00
-6.487960221289925666e-01,1.413129006408884170e+00
4.491894216695365566e-02,2.712377545720683347e-01
1.360949618541418271e-01,1.448250678621336718e-01
-4.296122215957527413e-01,-2.668637021661384723e-01
-3.110480859732084324e-01,8.013835356606512084e-02
3.002718754134194035e-02,3.151336067234424831e-01
-1.231485783874564977e+00,7.027510807328005704e-01
-6.014424794003863095e-01,1.061750709875806553e+00
-7.845790136308397611e-02,-3.902861339351078040e-01
-1.222641322969429734e+00,3.507603191378982910e-01
-2.670250546683627380e-01,2.430008562303732633e-01
-3.346592475019938284e-01,2.468182039324570143e-01
-9.570686374739562075e-02,3.694941605195186662e-01
-1.360188232642240092e+00,7.212727114573493914e-01
-8.895567639161229279e-01,7.773999422956523464e-01
6.705761736604654022e-02,-1.545493483003683721e-01
-8.724676126951160793e-01,7.627145353795871108e-01
1.998260015525725186e-01,-2.422601956947368906e-01
-9.204066620116229114e-01,6.463463876292008248e-01
2.082286804363604471e-01,1.276549812702414688e-01
-3.447020454063257078e-01,-2.613442053471922155e-01
1.911644968187833082e-01,3.272061985507923043e-01
-9.312056247467346282e-01,9.735102677892814027e-01
-1.866929803689755252e-01,7.855401594871642967e-02
1.172703785457562820e-01,-2.549437762864011359e-01
-1.098555841919986120e+00,1.007941997259953704e+00
-1.324823042053645317e+00,1.170698520067269932e+00
-9.143425513673573146e-01,9.541481634165890346e-01
-1.135829929428454843e+00,7.991370253730138984e-01
-9.356529060314641155e-01,9.718995154138938553e-01
4.390233346138602138e-02,2.137870352445486732e-01
3.202013797173179910e-01,-2.934710771187633571e-01
-1.059841173996714625e+00,8.532680576851718879e-01
-6.609986555499750560e-01,1.059878702209131385e+00
-6.849445956843075445e-02,2.702564978587974065e-01
-1.953192767306475286e-01,9.859591133328471368e-02
-6.209332190041627619e-01,2.092724383684961831e-01
-3.758008331553393949e-02,1.469052567648901353e-01
-1.238811336326633983e+00,7.320602927908788082e-01
-6.565840376259389488e-02,1.404151488784448620e-01
-9.255608454781130146e-01,1.044713764433325753e+00
-5.658500868730147182e-02,3.679579380532413957e-01
6.795225623137728099e-02,1.451649887097150871e-01
-1.169573132918539704e+00,1.016772337180164465e+00
-8.830706287024370216e-01,5.086094760263377701e-01
-1.953017553381377336e-01,4.435996693177292061e-01
-1.012345496704608827e+00,1.107034105666386603e+00
-2.144197249784438597e-01,3.820908864437989050e-01
-2.220212653846057038e-01,-1.166009851925027679e-01
-1.233489475005969283e+00,8.810279045928972597e-01
-1.053065590369746785e+00,1.486590880557957517e+00
-4.973199684690291500e-01,-3.577665242737950724e-01
-1.013313864208673198e+00,1.102454166959321080e+00
-1.525489544024476868e-02,2.655198400570692521e-02
-5.737534121612775095e-02,-2.210987868765443287e-01
2.570869560116110231e-01,-3.227143981900157388e-01
-1.019260580234317315e+00,4.233102926499563434e-01
-1.011430247378551917e+00,1.388995159964744985e+00
-6.273725927502409316e-01,4.176059390506871305e-02
-8.251277875991503974e-01,1.395568463729946362e+00
-1.815370830575751548e-01,-3.462132812228675416e-01
-1.012611447427404360e-01,9.295979755193277405e-02
-9.787478445069867083e-01,1.164031986677360297e+00
-1.356794852857511890e-01,9.662556328208340983e-02
-7.432833884501787169e-01,1.457814813539339394e+00
6.276141738146534532e-01,-1.427981395316634261e-01
-3.563021607531575707e-01,-2.043530797208899519e-01
-8.220207522012067392e-01,1.095118592902533106e+00
4.602810001655165961e-01,4.346334024806690344e-02
-9.871495998404334893e-01,9.896146299991508410e-01
-1.269974297147491882e+00,9.142404285979772727e-01
-1.146137326371044901e-01,5.938157384074888717e-02
-8.890781919253862853e-01,8.406277472242399407e-01
-1.021479998889930130e+00,1.132052761075410086e+00
-1.293360476702603012e+00,8.548665198381202313e-01
-1.284846404152059640e-01,-4.921320229751910413e-02
-1.309306153904575165e+00,7.976335266305443206e-01
-2.437650616939147641e-01,-5.684421841632872896e-01
1.735005817430358144e-01,-4.337326378085853418e-01
-3.015980735793629131e-01,-6.365356232726118169e-01
-4.856190439513882184e-01,4.288199084656538762e-01
-1.058995702705236353e+00,1.205965630694520341e+00
-3.785535107660980003e-01,-2.230651232202666145e-01
-1.178057721707966854e+00,1.353388137706478256e+00
1.034487283529660212e-01,-2.268242048405779976e-01
-8.748086898633777864e-01,8.248493006083821300e-01
2.384358227210001124e-01,6.877460881796612635e-02
-2.764578362983024507e-01,2.851601205954392704e-01
2.604988089604123314e-01,-2.248245186416950869e-01
1.559497913268455271e-02,1.661465148577033202e-01
-8.581502648233502173e-01,6.677950529760930953e-01
1.209497840118800571e-01,-2.769964495331159182e-01
-4.564796567362021662e-01,8.226142846543731402e-01
-9.887122924363164200e-01,7.222615617256855636e-01
-3.250061526755083086e-01,2.763899093677495422e-01
-7.456339283967194920e-01,6.915356546663276038e-01
-8.529932327091099831e-01,9.334644476276264813e-01
-7.680600393597402098e-01,9.542289113535558087e-01
1.296734612346552712e-02,2.795789489692589447e-01
1.514736056832932110e-01,-8.208044669497349677e-02
-1.248072960386066965e+00,9.632244354119403607e-01
-7.871285246447132788e-01,7.995567412140474062e-01
-1.070748254130504229e+00,1.131349051623961710e+00
-1.014979742752875946e+00,1.340682794039819159e+00
1.285707281801010959e-01,-3.612173226231558260e-02
1.017102713633236538e-01,-2.915282760631127124e-01
-8.782158567531326288e-01,7.249784299597006321e-01
-1.062964550911796424e+00,1.092316671496637470e+00
-9.018924005203660110e-01,8.466320591880973634e-01
2.658344387831880744e-03,3.893104318922251394e-01
-1.191155422632345529e+00,1.087443136652444631e+00
-1.307855856847070619e+00,9.259429165882305801e-01
-8.449798592159776245e-01,1.188493817487017212e+00
-1.297471246746112694e+00,7.964407003284128539e-01
-1.092490390422201196e+00,8.457737738120848503e-01
-1.191486980659845818e+00,1.048912220450707755e+00
-1.035057620492856323e+00,9.864322639317075758e-01
-8.134219693514204153e-01,9.419934160202483309e-01
2.231314417505856074e-01,-2.807692467404730458e-03
-1.404482784460085454e-01,8.247191204869581960e-02
-9.924767136274831314e-01,9.699948447975366150e-01
-3.121805003796262329e-02,8.241772202863691110e-02
-4.963862002025370423e-01,-1.102762459950432511e-01
-1.186330065567091196e+00,1.014589247215630818e+00
-8.228366324749539773e-01,1.166672001687643734e+00
-6.435553014008055239e-01,6.856517192549811401e-01
-1.362429720700680802e-01,2.310563822171948778e-01
-1.714380052813810063e-01,6.340673785425079978e-02
-4.951273470128590426e-01,-8.547978219472671113e-02
-2.581404586447286209e-02,-1.340220001969098518e-01
2.099290608873110309e-01,3.367941257095483087e-02
-2.706156617740288275e-02,-1.817412505211817297e-01
-9.702920081022383680e-01,8.521270922522190538e-01
-8.402091461475217349e-01,1.300541571417920261e+00
-1.078309417577386631e+00,5.425158755812267142e-01
-5.174891672509347451e-01,1.151538259439859102e+00
-9.365515924213573262e-01,1.143471558580799741e+00
-3.050232461450180232e-01,-1.383870594111496488e-01
-3.311759224103673627e-01,-8.877911382669413654e-02
-1.930669255815065377e-01,3.963225939778457496e-01
-6.891358857122160675e-01,-2.425915150990578736e-02
-8.636077702984569227e-01,1.453356913306288023e+00
-7.301716902610115856e-01,7.871475807665849755e-01
-4.190468501145492297e-01,-2.154530434963475571e-01
-1.173078126989131276e+00,1.158187103496948200e+00
-1.226565209797448208e+00,9.504314884717298684e-01
-1.493882974755358084e-01,2.960191461762506568e-02
-7.858514048175200273e-01,9.398151674807108114e-01
3.401895636587975447e-01,-1.342889855009957167e-02
-8.256983978075670416e-01,9.169513632844059625e-01
3.866936690041326841e-02,9.700444341876442167e-02
-2.923098816949202261e-01,-1.036432197988884640e-01
-8.825109489391828044e-01,5.097884237304304289e-01
-8.371195171992690254e-02,2.130165402405571062e-01
-6.904704608233620533e-01,1.231933397782829731e+00
-8.093236832379741008e-02,6.763909537399596106e-01
-1.234434427712468363e+00,6.683882984781844838e-01
-4.801052571275548075e-01,4.013582353023288363e-01
-2.568428684386766525e-01,-3.667688935617346990e-01
-1.179475320998466747e+00,9.795668050896966239e-01
-6.776232969286754004e-01,7.155442680378538700e-01
-5.898742598035329465e-02,-1.829911422050559469e-02
-1.118074520789441584e+00,1.507149783719659464e+00
1.172230077184507890e-01,-4.840195387657693360e-02
-5.601500441666465435e-02,-2.318797085427754257e-01
-1.207864665069776633e-01,-2.319738508055670112e-01
-1.030313178176734512e+00,1.002313689357189563e+00
-3.532045655874240658e-02,2.827015038043010908e-01
2.976142802540052146e-01,-2.945434012131156049e-02
-1.171185038157607217e+00,8.866061184097394632e-01
-1.174951120231751134e-01,-2.851105745488205501e-01
-9.731121606306619709e-01,5.275379439979532847e-01
-3.733364482805733298e-01,-3.033352372824243415e-01
-7.342633491926706668e-01,9.380230603145534030e-01
-2.933276598551409070e-02,-1.927206889172714543e-01
-4.966731036529106191e-01,5.610764222676717372e-01
-4.752017288585115851e-01,1.332663956030925023e-01
-3.258220377021643355e-01,-2.806060787726948336e-01
-1.436382742987801775e-01,-2.624375487666660844e-01
3.345586485441268132e-01,2.159583241088665895e-01
-2.695881478369570594e-01,-1.558878151171657900e-01
-3.220117794160365365e-02,1.058535110817506036e-01
3.550766430951878272e-01,2.988291210100145756e-01
-1.103961512550928753e-01,-1.594540640579390489e-01
-7.953659322937031151e-01,1.077440946767107333e+00
4.252990198464143279e-02,-1.395846236182677613e-01
-1.301948339589714232e+00,9.940771139464742445e-01
-9.549479854889164274e-03,1.196441804992104535e-01
1.004343479407528578e-01,-2.169343764923906404e-01
-8.070401897475790731e-01,7.982838916108782046e-01
-8.206668521841861130e-01,1.109357215533458563e+00
-4.620348093888722030e-01,1.294550642289577169e+00
-1.462208384162804631e+00,1.235508615543637001e+00
-2.586926422596700914e-01,2.820054432663050836e-02
1.094150189762167075e-01,-1.103442766283448673e-01
-3.771950426032015802e-01,8.343920556557105073e-01
-1.151989744523011838e+00,1.020335626911317961e+00
-1.304868143382559520e+00,1.438229691329942606e+00
-7.365714970100310788e-02,-1.556518368417346143e-01
-1.701173436793905480e-01,-9.495075035062580660e-02
-6.059175402892160583e-02,-2.268840236709681324e-01
-7.552964821093981485e-01,5.092804806654440686e-01
-8.519304096481066235e-01,9.548529612666757371e-01
1.122799892672280420e-01,3.214937225058800419e-02
-3.391169653558587238e-02,1.279975743839920771e-02
3.558670197123099954e-01,5.398519215221211226e-02
-1.314260978580804373e+00,1.042580329110051496e+00
-8.056967146147681058e-01,1.056039482281183162e+00
-9.595364308878742143e-01,1.121239289222003555e+00
-7.499872390804630806e-02,-1.542093171433825960e-01
-1.170857142796418504e+00,1.087425563978044796e+00
1.866915256721352057e-02,3.548704124996814036e-02
1.739645468376064263e-01,-9.111521815255740550e-03
-7.145591358616226740e-02,4.671594981074425612e-02
-1.329419926917212724e-01,-1.315435563740320613e-01
-1.059421152490237938e+00,9.721186612001805338e-01
-3.404567808216023006e-01,-9.145072256840051927e-02
-1.251817905821438037e+00,8.970287614484031558e-01
-1.037009576362458052e+00,1.282269934210171103e+00
-9.378227335405729670e-02,-2.539692279773123063e-01
-9.874522375500736082e-01,9.744079330752771773e-01
3.858968649781147758e-02,1.958182136925730732e-01
-1.345566190673238571e-01,-9.278331974058517950e-02
-9.300675838844556509e-01,1.076878110622672136e+00
4.392499390202713183e-01,-1.169845007139157234e-01
-9.276962387659809517e-01,1.131406748186428501e+00
-1.008758186219652631e+00,1.362604628446880461e+00
-9.792501583774946283e-01,9.635686903844254969e-01
3.657990634292572762e-01,2.870594403634808556e-01
-7.581641842048758573e-01,1.271801324918891307e+00
-1.087493475129016174e+00,1.279528550687386357e+00
7.458796840741274692e-02,-4.776167704648486695e-02
-1.009417720686150544e+00,1.153168107812065024e+00
-1.232065672232496967e+00,1.347833874749151395e+00
-8.832531122977603788e-01,1.226226398215040536e+00
-6.105079662975146926e-01,1.157881848413837123e+00
-5.073848731009378971e-02,-2.268850658032308676e-01
2.393368892201418741e-01,-1.482049214773404899e-01
-9.098985737585761902e-01,6.891349102351475020e-01
-8.637655000455197740e-01,9.817023722870326097e-01
-3.307055786916443616e-03,-5.129849027593285093e-01
-1.314820205116399077e+00,1.215663981838887908e+00
-9.419255451924096745e-01,1.218255926828994529e+00
-2.666735625733972562e-02,6.273649711363006587e-02
2.924423093234003179e-01,1.211872667812715770e-01
-7.737793527998365617e-02,-3.511203946832114897e-01
1.108915904556509041e-01,2.221400268751014262e-01
-6.961013070475490228e-01,1.130896014512252634e+00
-4.981095924634686423e-01,8.048218573886177785e-01
1.594469217915629733e-01,9.692830130070258232e-02
-4.973963057982091485e-01,6.311529160174229880e-02
7.515894525874437793e-02,1.747334356597775584e-01
1.623340944914568595e-01,-6.053936792658525662e-02
7.546036901227062832e-02,5.023417825404242754e-01
-8.429664249103949736e-01,1.321872714756008760e+00
-9.868392838554602975e-02,-2.578129723500511283e-01
-1.010137129722885829e+00,1.179924173509146357e+00
-8.249589575512544792e-01,1.058189287618399366e+00
3.258821447214357292e-01,-6.184761896251359664e-02
2.879425427097486723e-01,-2.189876940504534575e-01
1.773549688371832689e-01,2.414031638115556599e-01
-5.049272725760949321e-01,-5.202418200280517491e-02
-4.857758089048350714e-01,1.257198987541707336e+00
-1.181810497059063714e+00,1.121643142413308425e+00
3.084977223566413157e-02,-2.280473587629269494e-01
-1.328702076742260818e+00,1.091803398427157568e+00
-1.023675176751035476e+00,8.212711432352792773e-01
-1.365890998728702010e+00,1.357165906489149476e+00
4.194452687918857198e-02,1.104763859472728538e-01
3.383831970954119250e-01,-6.627037533513786827e-02
1.986868894586011625e-01,-5.841114992432783204e-01
4.923247716322500800e-01,4.386967802250481968e-02
-8.873740219985386535e-01,4.523275454474108281e-01
-1.277283158614939795e+00,1.304923579847767190e+00
-1.298782294816247296e+00,1.050924957592881848e+00
5.794382834708311503e-02,1.962696257638593678e-01
-1.547280744902367555e+00,1.256176940072384784e+00
-3.520463121820953112e-01,5.895590240859100578e-02
-8.540442810656170280e-01,1.124870430132339116e+00
-1.149698401016900906e+00,1.030958430360985334e+00
-1.291056285026110473e+00,1.119511151169470642e+00
1.753167236436420362e-01,-7.364868021907357287e-02
-1.313485234840094051e+00,1.329546462130411388e+00
-7.385458974368831475e-01,1.086160316966650052e+00
1.219986583005959191e-01,-4.707165313528036132e-02
3.764028254551239627e-02,1.281559125088794215e-01
-7.656298336460459764e-01,8.250269741018395608e-01
-9.675051356853362483e-01,1.058624769558143219e+00
-1.149205441322143528e+00,6.730285572899366020e-01
7.579311829387775507e-03,7.641038107772075982e-02
-7.629618562658335712e-01,5.686671468724291412e-01
-1.001373548485896547e+00,1.110166639235990793e+00
-1.208092676962933876e+00,6.238311815685011474e-01
-1.078112685041756613e+00,1.319869581975018358e+00
-7.673712167243949001e-01,7.913285328848707056e-01
-1.185885037859058855e+00,4.943713263358883170e-01
-2.585475434456124266e-01,-4.469537348429769574e-02
7.358505480358636108e-02,1.308835790580428204e-01
3.907962315746024151e-01,-2.231929672889793603e-01
-9.313236712331816047e-01,1.232630322368966747e+00
1.087764642626016798e-01,-2.612933753412319260e-01
1.814451972324058748e-01,1.481478344063951735e-01
-7.822384408829236024e-02,1.891088702771358820e-01
-1.006711791327578931e+00,1.005272166933212752e+00
-9.124319409617466237e-01,7.147722363579795957e-01
-1.238726028541790702e+00,8.358851162658846867e-01
-8.527916562345756457e-01,7.047123752090163062e-01
1.576600701554085882e-01,-3.345171105630978525e-01
-3.912412926930197710e-01,3.004439929333211495e-02
-4.268357051612605563e-02,2.482966193832159829e-01
-9.549321555011277551e-01,1.020516682137074138e+00
-1.122673108452117569e-01,1.063658119893848703e-01
1.928336655270190270e-01,6.169508789939015525e-01
-4.434321029314090834e-02,5.926880713332291495e-02
-3.621006700747413792e-02,-4.458887569864714712e-02
-4.738863602490886451e-01,2.430378825205915458e-02
1.037579911355883538e-01,-2.090166832455470913e-01
-1.331875862707685154e-01,-2.301107946944575544e-01
-8.057759575076297587e-01,8.167746232771011528e-01
1.512802190289534998e-01,-9.106535268933411975e-02
-3.198510148260031993e-01,1.722078184458353811e-01
-2.471715572697744459e-02,-9.929422192298786864e-02
-2.133880787018844344e-02,3.553641047800316088e-01
-1.264051488102299947e+00,1.174457264469851436e+00
-1.100005994302343026e+00,1.243105962020459199e+00
-8.196367481984760950e-01,9.867366394136044550e-01
2.158510327619796443e-01,-4.761926210821551542e-02
-1.446434837582884492e-01,2.544015245784209123e-01
1.154660864103286833e-01,8.883880261134723122e-02
-9.224838263803694094e-01,1.073078891570343085e+00
-1.226511089562218215e+00,1.162371821204475797e+00
-9.462985134422366995e-01,1.082704818940092517e+00
-1.518522764812238357e+00,1.101911303762704408e+00
-9.438907097568393079e-01,1.091221287828312736e+00
-1.319218661577185925e+00,9.231053525536793147e-01
-5.996102428020154695e-01,8.492329333344532660e-01
1.779333647160450671e-01,1.063896509192362172e-01
-1.028155321384425891e+00,6.641094994297715992e-01
-1.008602827577992356e+00,8.397104142805853488e-01
-1.190601778408597378e+00,1.275689967561243199e+00
-8.341612892729095841e-02,-2.387347450433653304e-02
-7.035368759458886512e-01,8.823760163569006609e-01
-1.461654975888664054e-01,-2.402379974134682961e-02
-1.739431745296858844e-01,-2.067084212237749186e-01
1.719428731743629160e-02,3.930352468464774485e-01
-1.186769183957933904e-01,4.031124131129853461e-01
-1.114116613563277181e+00,1.026737343033486516e+00
7.046941500103920397e-02,2.433055857844834136e-01
-1.183075849516094902e+00,1.101109991170285296e+00
-1.253390146119925053e+00,9.902964588972490434e-01
2.902923657036753369e-01,-1.310699677752224790e-01
-6.760919986490944444e-02,6.029510992207152975e-02
1.686681753093794145e-01,2.451051372230766967e-01
-2.863622448118846586e-01,2.977587364708132733e-02
-3.697852198402986068e-01,2.106172921640003110e-02
-1.349616916964443414e-01,-1.975357843014720616e-01
1.645117165443320817e-01,-2.301567160703311687e-01
-8.877574890009839459e-01,1.501813024287025122e+00
-1.319265942063936103e+00,1.129009071689508481e+00
1.600875862313702325e-01,-1.183229957089658307e-01
-3.652715254611685336e-01,2.768199991555838069e-01
-1.643746021479489394e-01,3.202972151090169861e-01
-8.643556249062158692e-01,1.464572520597273497e+00
-7.653878686950346677e-02,2.064902245197755004e-01
-3.266121117922718975e-01,-3.503331448569780293e-01
-1.041773823102102536e+00,1.289741745861742395e+00
-8.444731389225125229e-01,1.131480946455505565e+00
6.636952088731230825e-02,-1.579636262153667481e-01
-7.760785175406227643e-02,-1.387671500658693713e-01
2.164981351016464495e-01,-1.364256053450714143e-02
4.961930126578891626e-02,9.948979888008517569e-02
-2.654331724526347025e-01,-2.262720810467207244e-01
-3.388044877158611495e-02,1.973523192836189044e-01
-1.871921181135896284e-01,1.386551948565255786e-02
3.248057773793480152e-01,1.607275086568605571e-01
-1.868573881929425640e-01,1.575351959526079537e-01
4.346829421335859922e-01,-2.807120602448102131e-01
3.427163035730507873e-02,-4.053248559765350589e-01
2.865560122164774737e-01,-6.987156114067205603e-02
-1.445100597648248664e-01,3.392035880982193288e-03
-1.536661231966897079e-01,2.334898004686995765e-02
-1.048726057604177919e+00,6.536844659036841199e-01
-6.961281594049237853e-01,1.483124232108968821e+00
7.613077597374653949e-02,1.717467539201470994e-01
-2.002179788751208278e-01,7.886580050177760537e-02
2.263501880465702554e-01,1.650502265416494696e-01
1.492695134420544446e-02,-4.336493421330252507e-01
8.593910750344223998e-03,-3.510793934593361421e-01
3.393322566267748530e-01,1.501256979238148326e-01
-7.222359374179276870e-01,1.463250422807454765e+00
-3.410781808777912927e-01,2.064320033463993564e-01
-1.146835857804086256e+00,1.180948454462019903e+00
-5.992536601412603581e-01,6.457469328917195828e-01
-1.044429755757968925e+00,7.610818960660479249e-01
-1.633093957086982073e-01,2.484712828546169205e-01
-1.211993927489463552e+00,9.693872959510800857e-01
-1.311583107844896956e+00,1.149800477668431409e+00
-1.019948111913345987e-02,-2.214585239733263544e-01
-1.203431174647141333e+00,1.632333480014582783e+00
-8.697182871731417020e-01,1.160731625544740186e+00
-3.871289154430066493e-01,-9.112964244341364983e-02
-4.116014290997312419e-01,1.801564520336109421e-01
3.201874032914046875e-02,-1.279466398512949521e-01
-6.319109333250367833e-01,9.987014565726662907e-01
-9.044627544871277625e-01,1.198861273824301854e+00
-1.450430228568584834e+00,6.370984661319818443e-01
-7.291061420040917396e-02,-4.451201041876248210e-01
-2.192697922253806220e-01,1.938506956986056802e-03
-8.746102131903728261e-02,2.800159483332265720e-01
7.349442117372405325e-02,1.023689793042661111e-01
-4.618135051781531442e-02,-2.936852334908009524e-02
1.221342494445437910e-01,-1.400323888656319626e-01
-1.385119399332948031e-01,3.320240683696689121e-01
-6.268687586311423310e-01,8.101812551249700789e-01
-1.382032028080650843e-01,-3.558394769275652902e-01
-8.820587268177726425e-01,1.002747487930818471e+00
6.452688948026509552e-02,2.816251737277038480e-01
-9.999795330087509759e-01,1.330107478688336453e+00
-4.804542342949892630e-02,-2.648646881710658985e-01
-3.358142259816241926e-01,-4.558858724812276386e-01
-1.112668418725359931e+00,1.242105370472218473e+00
-9.168370084772823336e-01,8.950851550349814278e-01
-1.255418716583779570e+00,1.079385185419736937e+00
-2.506237920954341725e-01,-1.043871425799936803e-01
3.456197155808473087e-01,-2.644334929069714346e-01
-1.141633780785234364e+00,1.188060783553076982e+00
-1.040058523884669128e+00,6.955043499331060586e-01
-2.099790818280899141e-01,-1.617147915655700041e-01
3.845721774495599599e-01,-9.259221260077978022e-02
-9.834491341943915055e-01,9.409717952315073131e-01
-7.857535008364723295e-01,8.474351998114308948e-01
-3.506903671473616813e-01,1.440657681705620752e-01
-3.282967831837978884e-02,1.755772134163662013e-01
4.476130779666557258e-01,-9.297966421089666478e-02
-4.225120307237195671e-02,-4.674377234819272059e-02
1.658907989828792562e-01,1.025132471844852622e-01
1.814164127800129700e-01,-1.690110018876295750e-01
-4.025971387138311264e-01,6.744511706050046462e-02
-2.379047211507007431e-01,2.450052221522376894e-01
-5.927120694627094899e-01,1.054528405236176303e+00
-6.821640361024796650e-01,1.007145966926418224e+00
-1.222040445589632096e+00,1.028893867539666385e+00
2.140761004421986025e-01,2.702244575713816377e-01
-1.218015634621612886e+00,9.478168412956082811e-01
-5.577615799601366026e-02,-3.959000877286854569e-01
-7.777330783693996441e-01,1.397741071087033493e+00
-1.142782672844860681e+00,1.399717718200275129e+00
-4.769964231830733370e-01,-1.417622618043787308e-01
-1.109985856542298477e-01,-1.517979666070387035e-01
-9.630541783380776044e-01,7.739631567806591894e-01
-4.912213716916665751e-01,2.460768678725740177e-01
1.702796849205518992e-01,1.811470454509419847e-01
-9.469303639132817807e-01,8.528805732829373154e-01
-8.477258075065134957e-01,9.650076415688063625e-01
8.336898248504263920e-02,1.298860795993484196e-01
1.064461567479248194e-01,-9.541616486253777507e-02
6.241670912553007877e-01,1.781920476081834959e-01
-6.407562499357518648e-01,1.118525274935300517e+00
1.204555517665694409e-01,1.017654600612325211e-01
-1.129519266394768851e+00,7.890917501209611107e-01
-1.101648071125252981e+00,1.091057188242302800e+00
1.050198916360882070e-02,-1.553162396048240190e-01
9.848247933396567233e-02,-1.263902052158336620e-01
1.343479724447348700e-01,3.013028240108674982e-01
1.782506557574103923e-01,-4.001498787449428440e-02
2.645994171776132609e-01,-7.761822613167429497e-02
-1.110565313146908206e+00,1.303957675803862459e+00
-9.819811237319066022e-01,1.014619961217474664e+00
-9.262849426798515085e-01,1.165813962021426509e+00
-2.737183529268093496e-01,4.631898965029113829e-02
-8.173006904551312068e-01,1.028462024309474865e+00
-1.126770220180089765e+00,4.648978323660708512e-01
-1.192191502398138869e+00,1.174802209892888083e+00
-1.544287595705390315e-01,1.981316980990185245e-02
-1.176089926740063296e+00,6.982185446418947006e-01
-1.115451265952744020e+00,9.944737909180041413e-01
-1.118974626775113945e+00,1.022526347740835284e+00
-6.371206691158026736e-01,1.298789026966928439e+00
-9.479164219708088313e-01,1.167461583684870741e+00
-6.581654245011405724e-01,2.084767010712702540e-01
3.977903849904499411e-01,3.455446438034556755e-01
-7.899507682898790906e-01,1.115831304883363906e+00
-6.977726653486491237e-01,1.273804225620760011e+00
-1.217095234770191547e+00,1.079587294654017482e+00
-9.374623042327533406e-01,8.111252819810507164e-01
1.692708480401546034e-02,-4.244828603286103785e-01
-8.691950074887834221e-01,1.203860467828723246e+00
1.063469128323821650e-01,-1.657753597479589003e-01
6.183399991128927208e-03,3.056045970932150246e-01
-1.299578826058554792e+00,1.143205460404953744e+00
-9.132659094689959955e-01,6.514222985889838169e-01
-3.808198800467309936e-02,3.005080757615368747e-01
-9.157265226612888720e-02,1.184146876209575400e-01
2.619613636539390167e-01,-7.348144676570177170e-02
-8.230491975209148769e-01,9.337070518364330995e-01
1.434371021907850652e-01,2.484745240833105273e-01
-1.056715358891095802e+00,1.297553754104700419e+00
9.766612619896039571e-02,-6.171527311754965855e-02
-7.564143859375773715e-01,8.026127304817171071e-01
1.357729211966100524e-01,-2.533683340235897141e-01
2.925333265029056440e-01,4.302766273995010660e-01
-1.177720054506631087e+00,9.362248669659677391e-01
-9.186901267514030467e-01,9.901573331669170086e-01
2.895306015479906167e-02,-3.407560250560860426e-01
-1.370027753046949792e+00,1.183697119464382830e+00
1.612684754664525377e-01,-3.895950787788010627e-01
-1.930178746150396640e-01,4.114734715926408881e-02
-1.403268896554231981e-01,-1.038294519641564662e-01
1.033580905611741901e-01,1.144888309233368789e-01
1.170320309452425739e-01,1.528566922809866668e-01
3.238288027432091321e-01,4.514191696986001590e-02
-2.991526960540603075e-01,-2.275657501257567772e-01
-2.371760236871219285e-01,-2.239426012140025013e-01
-8.759991115741794232e-01,9.188712755349511818e-01
-1.431498612265177162e+00,1.127229996240669774e+00
-1.102083546562808714e+00,9.956770574940219110e-01
1.147180803040302038e-01,4.281961477895506601e-02
5.429278806993997897e-02,-3.991812799742567447e-02
-6.213131835851268964e-02,1.932136111036691084e-01
-2.401945327934914554e-01,2.088317845026474162e-01
-1.165925521521312014e+00,1.219160890952741161e+00
3.677023108029529030e-01,-3.628780962099574237e-01
-8.786761978637454007e-01,8.309423748721909142e-01
-1.247318352757402327e+00,1.369796599205698628e+00
-1.172025958985751348e+00,9.167963389141643438e-01
-6.766896333272973685e-01,1.417533441302641251e+00
-5.831866354055108559e-01,1.064810676727017569e+00
-7.473302956671030728e-01,7.319615862346497970e-01
-1.304102590713205334e+00,1.161860824677980686e+00
-9.312242656715988276e-02,-4.744594823906658210e-01
-1.123373418984747740e+00,9.729086351724830495e-01
-9.425041169236704208e-01,1.215316103470915232e+00
5.510342106512851335e-02,8.900790467738783907e-02
4.135440301662142160e-01,-1.425724506022130189e-01
1.523940089693628583e-02,1.071356765160218910e-02
-1.125716486537167604e+00,8.229127137456777596e-01
-9.718227110258059742e-01,9.924281097301569377e-01
-1.119303089378598681e+00,9.272111232653920121e-01
1.028140283593588777e-01,1.980457976245812157e-01
7.982015981494390566e-02,-2.644202816876611295e-01
-7.928309393152217777e-02,2.235629513048392469e-01
3.140087580529170308e-02,2.681663269887494261e-01
1.848189114194514482e-01,9.165850937495317874e-02
4.443834458759280542e-02,3.052483554435681673e-02
-2.771328819647644326e-01,5.805336233355982284e-02
-9.399685995039468445e-01,9.237045505981176241e-01
-1.001170608123600037e+00,9.529919165231744982e-01
-1.264787576006172864e+00,8.482806927736257219e-01
7.016238800681987020e-02,2.837066298066657360e-02
3.433089850479258132e-02,1.787634410768011717e-01
-6.738147113582656500e-01,3.727682280816374538e-01
1.677634046350853225e-01,1.145567215093787616e-01
-1.509743911568963703e-01,-3.306953694170143288e-01
-8.322944893123266352e-01,1.207224974788245975e+00
-1.134791213005839516e+00,1.485242531886380002e+00
-9.389593837826176737e-01,8.281844289539253001e-01
-1.652550226996682969e+00,6.941767114209764777e-01
-1.123216220209772714e-01,1.746803193168650903e-01
-6.345636735292679853e-02,-1.795075168542306920e-01
-3.007737532829971583e-01,-6.786861456787189606e-02
-9.290869503385602857e-02,-2.574688487570859011e-02
-4.299969537339860121e-02,6.394100041908334919e-02
4.143006440763036813e-01,2.582758604133493785e-01
1.356181943327970929e-01,-3.572021141756563378e-01
-7.110892496817976527e-01,8.394813564014574903e-01
1.893060268362664611e-01,-2.252664775264083541e-01
-1.341792712086531392e+00,1.128840509743791909e+00
8.009306860437576114e-02,1.975798190256321529e-01
1.323806245690595518e-01,7.900299103121811994e-02
-3.419103682441755332e-01,-2.324978468437810183e-02
-6.708689717982005973e-01,5.515565977458727343e-01
-8.215306271739072352e-01,8.212768229837170697e-01
1.000165854196815723e-01,1.116933943985337352e-01
-1.319877707368403597e+00,1.046062827062891998e+00
2.451686919911314974e-02,6.016408438101373407e-02
-1.093563187322913466e+00,1.112487708495302652e+00
-1.241683976334106099e+00,7.033642374122397456e-01
6.013423871277674693e-02,-5.957386862651983805e-02
1.695305120122103937e-01,-1.934313291448178929e-01
-8.189037677151735917e-01,1.316596217975583016e+00
2.437975824075563902e-02,-2.374890377005236392e-02
2.169537457084768362e-01,-1.057693304809739221e-01
-1.253370665288791874e-01,-2.725816686343011108e-01
-7.995873454944912861e-01,9.807304704328569933e-01
-8.980745495916758747e-01,9.743473225650943759e-01
-4.413150766919051171e-01,4.469732539182415532e-01
-3.711061936689497576e-01,8.527884655730789965e-02
-7.839856926420704086e-01,1.049720720705938692e+00
1.669793390840545178e-01,2.449654914181884913e-01
-1.094229843619035913e-01,-2.999725079289608520e-01
-2.467875153091339535e-01,-1.970012773173316079e-01
-7.575314359012179366e-02,4.631107302069024934e-02
2.515725963660676023e-01,-2.130659410564557724e-02
-7.345776431136712414e-01,1.345283971421797009e+00
-1.189301943381032567e+00,1.113144012207441635e+00
6.388031584701699961e-01,-7.859831673992043882e-03
2.292398157081411147e-01,-3.514870581698655710e-02
-8.011357617346958060e-01,9.280526652363367823e-01
-3.161810224637714994e-02,-2.587207847108808911e-01
-2.464627891589823983e-01,2.823213791201421019e-01
-8.705830791734320284e-01,1.149259848453156430e+00
-1.024908274689549925e+00,9.503086544640521049e-01
-5.734304953602165078e-01,6.227056146163513495e-02
2.392551185544764258e-01,-3.235636922592654424e-02
-1.174840030649284106e+00,1.078275317064210093e+00
-4.316912678405625536e-01,-4.345772987397887865e-01
-4.339400605544000977e-01,-8.109821333663026766e-02
-4.914798405575914603e-02,-1.577060234183982335e-01
-1.064819057961406745e+00,1.143019867477451879e+00
-1.250701079811393779e+00,6.565741231887387563e-01
5.692510083937789289e-02,5.445577097722606452e-02
2.966596808231125593e-01,-5.721863249898715212e-03
-6.749748122084782420e-02,-2.395155048118570718e-01
-3.976872013727994482e-01,1.229406500720380824e-01
-5.862278532105495016e-02,2.614318071938446023e-02
3.761275337512554051e-01,-1.002794580931678503e-01
8.918999370739776056e-02,-4.765722317670970098e-01
-8.355310826180604167e-01,7.843933792402474348e-01
-2.866538988449068848e-01,-1.438235239434377533e-01
-1.104808960821888064e+00,1.356057780321684225e+00
-3.773884506915171633e-01,1.026874477147223130e+00
-1.001922366452761226e+00,1.226110804033053725e+00
3.050105018005232482e-01,4.575757067239513698e-01
-1.072877146462705156e+00,1.045965509365541779e+00
1.267935692834996353e-01,-1.649038452365034213e-02
-4.531370475424096461e-02,-1.309371544564547074e-01
4.172523066480774423e-01,-6.976447407256618216e-02
-9.117258658877253064e-01,1.005897208369677776e+00
-1.474492279855820209e+00,7.713760405389585850e-01
9.389463428316355276e-02,3.622759065687257696e-01
-9.210870368621277837e-01,1.014615995680047345e+00
-9.456327681623786230e-01,8.667320774021342045e-01
-6.946279789619324019e-01,1.081703808024775171e+00
-1.139293600069012813e+00,1.105935381359479441e+00
2.097897197838411165e-01,5.369239435339344391e-02
-1.070286681546545715e+00,7.421524279848639161e-01
-1.045282134269873930e+00,8.810540962779331853e-01
-1.131382387426777658e+00,1.089831029617440938e+00
1.828326569425811621e-02,-1.666219532191881014e-01
3.059756802762457206e-01,2.041970736232539829e-01
-7.078009614706725072e-01,8.156598817414194569e-01
3.258820999541797714e-02,-1.801991594925812512e-01
-9.620390197461942128e-01,1.170577121572115908e+00
-3.700469098344865704e-01,-8.486375414207615597e-02
2.824557138050728944e-01,3.349605799738358813e-01
1.366358209224099451e-01,4.288852446254193262e-02
1.566341779001811652e-01,-1.030938064959552869e-01
1.515397607928040957e-01,-2.172854325988974322e-01
-1.821009172384829289e-01,-3.096805919619929903e-01
-1.032391045203861157e+00,9.328225837583852265e-01
-2.327351488548280445e-01,6.325417260185225432e-01
-8.797569876676762934e-01,8.420082687689723899e-01
-1.015874295976605390e+00,7.960712926361699360e-01
1.932885338354696503e-02,-1.221716231449352652e-01
-4.882805546279760101e-02,-2.353725959026004289e-01
-2.012657278734769351e-01,5.895307348491888449e-02
-1.130618819262174890e+00,7.919861918081256835e-01
-9.021321154459118752e-01,8.784317690360210484e-01
1.496042067437391640e-02,6.346455047720326315e-01
9.474595618334760716e-02,2.719035348637351968e-01
2.051283357301077748e-01,-1.271981563991486375e-01
-1.472536822325102746e+00,1.137845652261961105e+00
4.700170114464353732e-01,1.411096565317774276e-01
5.807898218655257461e-01,-2.249233728780905637e-03
-1.399990671377964402e+00,9.200883332937768166e-01
-1.172487680817880129e+00,9.440048041822237668e-01
-8.194744899640591385e-01,7.428509149792634769e-01
-1.085079877821303773e+00,9.903853882228104144e-01
-3.110731457698309721e-01,-2.709969283052139910e-01
-3.755425779610450099e-01,2.242507744337052938e-02
1.119427888427432238e-01,5.474850653777619397e-02
-8.566882037404034422e-01,8.521625880110941242e-01
-9.459238766596216319e-01,8.695726096182561093e-01
1.323121500714343098e-02,2.883735096631764305e-01
-1.076467010084336984e+00,1.115746347136250982e+00
-1.021584792214792037e+00,1.367379963663922560e+00
-2.495561361976330883e-01,-1.159027626158593144e-01
-1.074819454389745577e+00,6.393106222236202285e-01
-1.314993179408623369e+00,9.073618615763510142e-01
-1.073609774855884158e+00,1.059261507842323757e+00
7.903522291293657576e-02,-1.659610346926932711e-01
-8.761630237628601492e-01,9.269657923463491267e-01
3.228487639812417931e-01,1.214701891727567318e-01
-1.207321004058376168e+00,5.582317847220319429e-01
4.015050417315840781e-01,1.041906235931228525e-01
-9.967923456886597089e-01,1.013835850994863286e+00
-1.962372967587637518e-01,7.664989861260504411e-02
-1.061624427996535447e+00,6.026211394665537124e-01
-1.153538044056927836e+00,1.010313179900792502e+00
-7.425983914461392610e-01,1.125745019957139492e+00
-9.858112195009347545e-01,9.077053443301393854e-01
-7.979042328116620064e-01,1.155633303994498817e+00
2.060583441686967832e-01,2.049091820485373916e-01
-1.231277878053262942e-01,-2.766980239617566895e-01
3.524008732200323724e-03,1.881082342270693625e-02
-1.004110783583342936e+00,7.664810921339798577e-01
-1.660295821275545869e-01,1.740156880320530008e-01
-6.290092785775265316e-01,1.157980799615278888e+00
-1.472572711765699260e+00,8.210690916761298475e-01
-3.606737989393314636e-02,-3.403058956222038134e-02
2.593297962781616062e-01,1.424074761188139360e-01
-7.722841665054140936e-01,8.108170644910248637e-01
-2.536830899772740677e-02,4.921472722749931777e-02
-1.247650002756312215e+00,9.831783270017170340e-01
-1.150850279786798991e+00,1.024226777884251982e+00
-3.903642378353307518e-01,-2.142232406818516677e-01
-1.363581470842877952e+00,1.194301426140237377e+00
-4.449380270621083877e-02,-2.421586813290335927e-01
-1.318545313804452723e+00,9.248729133276764047e-01
-1.392426248833137592e+00,1.175895552996400140e+00
9.002219283674786632e-02,2.541946529844391067e-01
1.643539997778105111e-01,-1.484804129898024960e-01
-2.732427017072447950e-01,-3.589726532503360185e-02
-9.557486909059057512e-01,5.517965413195804469e-01
1.530539618071484753e-01,-2.182334496344090213e-01
-1.357403588754537704e+00,7.802811565784104619e-01
-1.342034019739081874e+00,8.726331148077555167e-01
-6.997424855343989947e-01,9.361297765928714432e-01
-1.169100237099001349e+00,3.847019428201874369e-01
1.913908106271998144e-01,-2.404411708792936475e-01
-8.274056892567770438e-01,1.328806386726258948e+00
-7.155730384395482258e-01,6.797648585288880163e-01
-1.080687636969955401e+00,1.287220805187328176e+00
-2.276675200142350142e-01,-1.228898467244014248e-01
-8.434709473719053108e-01,5.838884459654090087e-01
-2.015198462754665409e-01,1.555116269921523742e-01
-1.044157500594040111e-01,-1.519409817062812584e-01
-8.450002205354669726e-01,1.040684817652461236e+00
-5.061432202544150633e-02,-4.136264575626611428e-01
3.639988090684298429e-03,-2.727668166583268120e-02
-9.948678642085923007e-01,8.525082748651243714e-01
2.192490884090015912e-01,2.081031125319710295e-01
1.201614545532146833e-01,1.255348274593778291e-01
-1.916720990186500662e-01,8.748789740845347440e-02
-7.690028168678639808e-01,8.877162777452065612e-01
-2.057797165492678271e-01,-3.153140513195276107e-01
6.699136825654947169e-02,-1.559063438742685492e-01
6.485447014951541134e-02,5.474343159889585170e-02
-2.332086677688213205e-01,-5.110066845927830476e-02
-1.103407315248390752e+00,9.595480120992447848e-01
-2.630015784343263732e-02,-2.621437911739228910e-01
-1.247821843207360892e+00,1.047030000153958751e+00
-9.854332234585242434e-01,9.838689805483146200e-01
-7.592328322568862864e-02,2.856432060184125876e-01
-1.403084359530450964e+00,8.046435344811532220e-01
-1.342236452533148994e-01,8.480037248099453473e-02
-1.847771769427210553e-01,-7.605923699385156445e-01
-1.887268970675505253e-01,7.431999392359599221e-02
-1.026349339737344879e+00,1.278130303254162881e+00
-7.443461928942957107e-01,6.894269807586422827e-01
2.810701193801583009e-01,1.453343705267557961e-01
1.605351548297645758e-01,5.197792527039476335e-02
-9.945865852014603714e-01,8.309243828348962246e-01
-1.001402546245725222e+00,1.145539629513834923e+00
-3.705502071584965140e-01,-1.784657475919675662e-01
3.708963055444032819e-01,2.015226267535318860e-01
-8.341338777141653615e-01,7.555878675388210119e-01
-7.428470431227743309e-02,-6.751163443605859293e-02
-8.722607716397136335e-02,-1.223139460481576096e-01
-9.245424562307982264e-01,1.161060837806177748e+00
-8.356067887849699671e-01,1.188222964542374749e+00
-1.140409877149345108e-01,-1.498639331514887707e-01
-1.119505467632800233e+00,9.055413638067378868e-01
-9.856870164461158934e-01,9.854608957629903410e-01
-1.056143831965814295e+00,1.007390837006869155e+00
-1.027764407032204952e+00,1.039086439748025725e+00
-1.055443131798715850e+00,6.323577510078006725e-01
3.875550264995414329e-01,2.044269989792464326e-01
-1.370165601315661785e+00,1.313642828359746995e+00
-9.971064115749498358e-01,9.937639903582325962e-01
-3.096290870903942172e-01,-6.425524468703609771e-02
-1.234723931227751148e+00,9.372593821067004560e-01
-1.051087244480838123e+00,7.422097052534593065e-01
2.303441863403559997e-01,6.599243816195571495e-03
-1.058554375415434734e+00,1.263802516076046878e+00
-1.091705892553853641e+00,1.083154360069805922e+00
-1.470395656977466103e+00,1.070884737184336410e+00
6.201149045920659880e-02,-2.572032662900413658e-01
-9.639531325822030539e-01,6.517542330852326149e-01
1.704769929770141301e-01,-2.419531790122463610e-01
-1.641094048593576965e-02,3.105700922659455632e-01
-7.875552858674870205e-01,4.599168399151661868e-01
2.522830749145898999e-01,-1.177056013420538661e-03
-2.513638839940348091e-01,-1.730040381822184337e-02
-5.627817974560143099e-01,-2.382049675904876485e-01
-5.076535162995693407e-01,1.356781034367763761e+00
-1.056040452967555332e+00,1.099424787896731148e+00
3.989741246197123781e-01,1.410682719591653811e-01
-3.414658642234821850e-01,5.152644758891869459e-02
2.524418003467299165e-01,-1.223118717712642634e-01
-8.625295820355536325e-01,6.959799432362749894e-01
1.165513645727882935e-01,7.974274213833322522e-02
1.705318558869069190e-01,4.198044223589443291e-01
9.126689495926551543e-02,3.231361287723227838e-02
2.714943111619080862e-01,7.262657832070745778e-02
-8.754603970077925457e-01,1.433130826870770758e+00
-1.355412585958771787e-01,4.814775735211212354e-02
1.908612577457294568e-01,-3.250600355966654642e-01
-7.966493413080111274e-01,9.802485147058168646e-01
9.170849145346313125e-02,3.309420496523740041e-01
-7.141979263877789030e-01,8.965502302834995607e-01
6.009590656123385555e-02,3.367391710448399689e-01
3.432086666621585458e-01,1.509468810789637017e-01
-1.077107954344683094e+00,1.163161953952132732e+00
-1.772240861686310009e-01,-7.937712843211533476e-02
6.722436253190736122e-02,2.622228360722924645e-01
2.274737476458892071e-01,-1.506178784967122410e-02
-1.027053509456022473e+00,5.424782547100526209e-01
-2.697372500625183078e-01,-1.274583257401233072e-01
1.895215412387923209e-02,4.692326549177897738e-02
2.155883685259192897e-02,6.968577903177775035e-02
-2.789391501598710299e-01,3.623713910875681066e-01
-5.955257746714104350e-02,2.248829335412615982e-01
-7.692755048910588922e-01,6.834143570820579994e-01
3.613916025369408036e-01,4.107674894321411418e-02
6.215535407909899418e-02,1.237403083875576182e-01
8.514945941953079578e-02,3.418741179537215236e-01
2.108935329641944689e-01,-6.422334486346524818e-01
-9.950544673964788478e-01,8.305136060621561844e-01
-1.172445698553416848e+00,6.902919830283209546e-01
-7.775035554823092054e-01,6.197184938772049012e-01
-9.498161521530196216e-01,1.211726351077760722e+00
-9.283263165006407913e-01,7.738880660081317586e-01
-1.008493331525220221e-01,-1.179651326742485740e-01
-1.155062827257482105e+00,7.441740454837383334e-01
1.904701705915343990e-01,-4.352490672870637511e-01
1.237639667322034953e-01,1.192314536703834721e-01
-8.258217865091866949e-01,8.484016460054382147e-01
-1.020209115211491824e+00,1.242183547525538279e+00
-8.724087687860720974e-01,9.160936158918413508e-01
-8.287379037982374463e-02,2.067546113254251361e-01
-1.385387280184224683e-02,-1.097383292351189338e-01
-8.415040475101869255e-01,1.343049647110277522e+00
-1.115437871219807864e+00,1.019602731039652932e+00
-2.704666182438456579e-01,1.136882482309729547e-01
-1.248217047534443402e+00,1.024990620996232504e+00
-9.020131281150056690e-01,7.709133427733582122e-01
-9.435016508657819712e-01,8.991952503301099409e-01
2.515703113833071547e-01,-7.473658250575468398e-02
-7.109750917307038343e-01,9.180197112152177485e-01
1.541785510304570228e-01,-2.996027624234130493e-01
-9.548377239759748836e-01,8.664827913371930812e-01
5.477572232637962779e-01,-1.732165709026047828e-01
-1.059139225568900056e+00,9.202561545266444432e-01
2.105294991451355235e-01,-4.462281080067524441e-01
-4.019323706534069091e-02,3.694892967164034592e-02
-1.123285467670353421e+00,1.005175184034896807e+00
-7.328173287324284413e-01,9.772399514840633961e-01
-1.343286267077368201e-01,2.712280951401592755e-01
-8.863911222022381464e-01,1.052077470092131817e+00
2.644162343484998123e-01,4.323871326482719990e-01
1.508977615180699394e-01,-2.653164344383047712e-01
-6.940027386952629662e-01,9.595247042650316693e-01
-1.167507722967326522e+00,8.772324575856694784e-01
7.717345970351457973e-02,6.012366016735405660e-02
-1.070927711312271935e+00,9.827620331529265396e-01
-1.122416406653188536e+00,8.416312553056899404e-01
-1.147087340267674005e+00,1.190061860048349462e+00
-1.055458028017921546e+00,1.371825815368090451e+00
-1.061981103202722654e+00,9.146703692586449774e-01
-5.558510593764338648e-01,1.066617716689202133e+00
-3.983681289655806035e-01,-1.871945616479323282e-01
-7.395017248943223098e-01,1.216128707545410803e+00
-1.035467399296163826e+00,1.102480686000889332e+00
-3.796469664315092751e-02,-2.860798423578633787e-01
-1.969276677601649872e-01,1.876578766908294782e-01
-9.983775506638232766e-01,1.206979241609124287e+00
-9.763337453962738222e-01,1.318284865867620059e+00
9.064066040805802971e-02,1.522239032955086391e-01
3.014460961863489885e-01,-9.220281509329113223e-02
-8.385455106147226001e-01,9.171475042924609467e-01
-1.000660217560700005e+00,6.569148357234055879e-01
-1.011243408093652096e+00,1.056513121709042879e+00
3.776640620450068958e-02,3.509609496309551990e-01
-2.993787115342548821e-01,-5.180442780112771983e-02
2.376313699175015559e-01,-1.940149493777639997e-02
-9.446737540210929929e-01,9.440758718990513998e-01
-1.388192226995071499e+00,8.592271610377650859e-01
-1.050114793097356669e+00,1.194212038682804788e+00
-8.677498421839840992e-01,1.389999295670953483e+00
-1.184459206979148860e+00,9.855554998929628718e-01
-5.729407747387468830e-02,-3.135096930032478246e-01
1.016308577047303832e-02,-1.391234602653433905e-01
-9.339411546281922716e-01,5.607299383407566840e-01
-4.996106391692110571e-01,-2.830097336421991128e-03
2.867693418341539791e-01,-2.356436775116492188e-01
-8.145761528538791874e-01,1.099112913046080386e+00
-1.214286522881968811e+00,1.046449895063423785e+00
-1.566258972806108124e-02,-6.702217182675684892e-02
2.768396055209218498e-01,2.525006204361488621e-02
-1.017503512252507791e+00,1.088180336215945454e+00
-7.920275294400541677e-01,9.573470200536235986e-01
1.052485797419697444e-01,-2.643244881391089707e-01
-1.301572835694601304e-01,-2.903982548758445720e-02
-1.084914600661920359e+00,7.862851650242702606e-01
4.486190296008896738e-01,-2.073824013835805502e-01
-1.408123173552562057e-01,-3.627948159584516441e-01
-1.258834297441401018e-01,-6.133953984480254584e-02
-1.217205209161274171e+00,1.063870820916319015e+00
-7.488304834688455092e-01,9.314228674646229944e-01
1.460131278515655606e-01,-9.291408067669332249e-02
-2.212047481098829496e-02,5.790353170872956923e-02
4.672619810934368068e-01,-7.348244076220452614e-01
-7.489633444091648995e-01,1.202755805526166677e+00
-1.078325634133779465e+00,1.287304225666626056e+00
-7.499845285138520001e-01,8.316156890435979498e-01
-8.234962066958440019e-01,5.704516881086290070e-01
-9.909643611756385750e-01,8.838647442825120493e-01
-1.957495951502795373e-01,1.991600226749914992e-01
-1.480824290537560706e-01,-2.449349677364024563e-02
-7.617036703830843969e-01,5.001388237796871028e-01
-5.232063472507080260e-01,7.269814874400463145e-01
-9.078319346938489298e-01,9.400636319702372345e-01
-1.038770597041583699e+00,9.001637315423994812e-01
-2.585741152387676101e-01,2.006820623947939627e-02
-3.294305705836559905e-01,-2.651558776740000831e-02
-1.102497437097575306e+00,7.028776404999849126e-01
-6.008667906830948979e-01,9.269857894204134308e-01
-3.990357417776967952e-01,-3.179914069296221196e-02
-5.059045405817333974e-01,2.244933444116391785e-01
-8.234313979009406648e-01,8.125958122093593916e-01
1.801736295988285719e-01,-1.766130244518978043e-01
-7.831316850490424031e-01,9.464006373089314250e-01
8.230183633146015074e-03,1.420824646918099621e-01
-9.029234295955651524e-01,1.102924209126169730e+00
-1.244989501991126263e-01,1.478291044703045343e-01
-1.192375314017322108e+00,5.335118848165282257e-01
3.339590878062859147e-01,-1.688966619342529007e-01
-7.767027374720039123e-01,1.136950422237438030e+00
-7.965836017622067722e-01,1.111493720365487547e+00
-1.431077839960481768e-01,-2.765951319114131612e-01
-9.912457205240179370e-01,5.172710705884474569e-01
-2.449669071678055587e-01,2.222324369101685848e-02
1.762073641324307660e-01,-1.510315534174825614e-01
2.603796306370391722e-01,-5.513519989385091274e-02
-3.975804837031378380e-02,3.700632546097690767e-01
-8.452642628813686887e-01,7.273904528007237857e-01
-2.579012428255137435e-01,1.925797534923680554e-01
-1.170964931495039218e+00,1.038790541871126738e+00
-2.446085004536930341e-01,2.164759706711801707e-02
-1.409211856238302141e-01,2.442067875869621263e-01
-5.275454929406057111e-05,2.387946859435411961e-01
-1.569416021691375507e-01,3.071784511811208040e-01
-1.109897929137072747e+00,1.176164749765805428e+00
-6.242054801632643812e-01,8.144396146204935238e-01
2.336267113667422068e-01,-4.311116232914267155e-01
-1.202186131625345933e+00,1.005706768944774510e+00
-1.367801697513622683e+00,8.604681492118108066e-01
-2.246383767893582462e-01,7.332149768383004751e-02
-1.187715258003080088e+00,1.298348535305114959e+00
-7.503952844548085199e-01,9.004913432458804268e-01
-2.541710944496361479e-01,-2.709728263224041034e-01
-9.372038814491477909e-01,9.824124847479581701e-01
-9.565729317452513758e-01,5.375496199949467702e-01
-8.514053704561601599e-01,7.345726883683032504e-01
-1.089526321703103484e+00,9.500516175997677504e-01
-1.072628606719772781e+00,9.831004738732868065e-01
-4.989043489044530516e-02,2.627045658087412416e-01
-9.040629663166189767e-01,9.555650804095157103e-01
-1.003969696468197226e+00,3.625894215465401693e-01
-1.380700124471498924e+00,6.194825790958895517e-01
-1.708173910570776333e-01,1.243430140433027659e-01
1.507175485613964361e-01,2.316295394033708877e-01
2.995948963757679717e-01,-1.221698000515879512e-01
-2.658272124079870055e-02,-1.247549989624695960e-01
-1.132310885183338778e+00,6.795997842732511840e-01
-1.341298347102156452e+00,1.284531554886140015e+00
-7.564401942468769180e-01,1.107118988901904633e+00
2.980743038824048563e-01,-2.542643615994366613e-01
-1.053020364444698043e+00,1.475873577869398101e+00
9.204430846209472883e-02,-5.446267910587837546e-02
-8.332443398114901534e-01,1.317803000279316850e+00
-1.452835793409879284e-01,2.289528129576944016e-02
-1.065114624907788521e+00,7.488202792306439814e-01
-9.958225364697670390e-01,1.059513392160810419e+00
9.083044686467223097e-04,-1.348029627885200810e-01
8.719628820034475147e-02,1.184957700425153665e-01
-1.089402333101059384e+00,7.906605557769291748e-01
-8.376124672926370529e-01,1.416360286805603774e+00
-2.008567246746804924e-01,2.882658272932915322e-01
-8.082847944735555012e-01,8.308751356369589169e-01
-9.229451680714760853e-01,1.137069898290326453e+00
-1.256317289419563554e+00,9.585976014273450696e-01
-8.371803102788266671e-01,8.923268298734429171e-01
-4.794625762530240615e-02,-1.079395915343306367e-01
-1.005885267207177636e+00,6.329488442891516575e-01
-1.175063629074047711e+00,9.717426024407299634e-01
-1.825282360597129949e-01,-2.636114680973259405e-01
-1.142082701207574269e+00,1.300354918058250320e+00
1.318507906329025037e-01,1.788936864786379588e-01
4.587145580916794918e-01,4.670786560791969078e-01
-3.064288816690632911e-01,1.724734863090407744e-01
-9.745726263146317625e-02,8.762116771863494302e-02
4.722473875837075452e-01,-1.758956254157280352e-01
-1.353849445357874215e+00,9.448624651850863199e-01
3.701418130681565777e-01,1.458673275670686713e-02
-2.199617492444085887e-01,1.986504948218814348e-01
-7.979103194770116314e-01,5.532375500625488218e-01
-1.021116915422277893e+00,8.255098196434024205e-01
5.061211560129212639e-02,3.282372836579153241e-01
-8.349385681867104170e-01,7.724235698577229803e-01
-8.574572040091904546e-01,7.169846692316907966e-01
-1.419048048520323180e+00,1.091933744782328519e+00
-8.863312305106363365e-01,7.240172838880065687e-01
-7.885497640009162534e-01,1.014536016528390983e+00
-4.407794870665028286e-01,2.015311646583722027e-01
4.230629290660258279e-01,-3.859988588793611397e-01
2.815298678215451544e-01,-6.038995713406559301e-02
3.083361581594389403e-02,-1.351743740269017724e-01
2.813711764860921671e-01,-3.904684543653919593e-01
-2.390597421448615312e-01,8.828158368306658621e-02
-1.024975748680440502e+00,8.855160775327618472e-01
2.430960380483693783e-01,-1.357879957296552476e-01
-1.686721267776984390e-01,-3.960990190949098544e-01
3.606313802649829814e-01,6.484771898414218305e-02
3.474355281238019483e-02,-3.478231169937455736e-01
-1.022626061002925441e-01,3.596082810812722408e-01
-2.312468211763735459e-01,2.352999640538613879e-01
-1.534157637296852672e-01,2.266779763130717489e-03
-4.618413347841117123e-01,1.096703093557029218e+00
-1.521895694691333123e-01,2.312513581298830667e-01
-1.072997408183260365e-01,1.451589116707375782e-01
-1.243064631230624828e+00,1.032845652741182452e+00
-1.084604644941008278e+00,1.427093556855988155e+00
-4.066271676822415526e-01,2.564382016121247720e-01
-1.456838159985176295e+00,1.376666765543552717e+00
-4.954353763095046409e-02,1.836231054464758095e-01
3.478498160338284184e-01,8.638907838524247096e-02
-1.243978975165586087e+00,8.429251084614759471e-01
-1.104003392697391117e+00,9.268393502243070792e-01
-8.350815685102904729e-01,9.960087080794988168e-01
-1.353246011901215962e+00,7.777371859970495516e-01
-1.309150227835855995e+00,9.090718661239414189e-01
-7.992630637065478716e-02,3.390757471655533317e-01
1.648914155088908040e-01,7.772116562735285894e-02
-5.392034849592391987e-02,-6.351086131780647737e-02
-6.671181469960676402e-01,1.001354377816881636e+00
-1.202292291394328805e+00,9.931268289271844019e-01
-4.175989253485373753e-01,-1.512106619375739036e-01
2.465777251874984033e-01,1.422911443109797780e-01
3.046486021924899590e-01,5.115376164954713589e-01
-1.383605734841277801e-01,-2.918975438237724207e-01
-1.261603143319436793e+00,1.218908603589485384e+00
-1.007332780279177387e+00,8.964537474090100710e-01
3.583063411298120227e-01,-6.950521559315660236e-02
-9.870875101252583050e-01,1.173578411255064013e+00
-1.137635498049777594e+00,9.272829501917950745e-01
-1.928620792406205986e-01,1.562676044949855569e-01
-7.581848028821368546e-01,1.066054373203439543e+00
-5.717315126473316855e-01,-1.486214366195420453e-02
-7.060627923437228226e-01,1.230225585419292056e+00
-2.060185636658792008e-01,2.700173930032215841e-01
-8.187370159321563090e-01,6.459763172885113480e-01
-1.164102225144791003e+00,8.896591443812540412e-01
-8.989050319508331555e-01,7.170531388824799013e-01
-5.562921046180520079e-01,1.040427038546349436e+00
1.455702185361786583e-01,3.081218960427755671e-01
-9.623292599219516186e-01,1.259277977632766721e+00
-2.540478594939645784e-01,3.345220830915567878e-01
-1.187482442406520455e+00,1.129283832842897572e+00
9.947626751749387430e-02,1.460712575239072331e-01
-8.851143834747177142e-01,1.329094888132350771e+00
-6.430638804998245472e-01,1.128988302232288188e+00
-1.189142337661912130e+00,1.114592768882782581e+00
-1.265386348675906936e+00,9.593612106938110839e-01
-8.035868607204278424e-01,1.010974455609884526e+00
-1.047325051120066242e+00,9.891564833641494081e-01
-8.900997505796027776e-01,6.320006574880630001e-01
-5.920035457923763372e-02,2.868901648302761842e-01
1.626156473106798173e-01,8.849833627076474085e-02
2.585089461776063358e-01,-2.821198437386716051e-01
-8.712735628316463643e-01,1.156816949979615705e+00
-8.618176613621500448e-02,-1.499253309492292463e-01
3.067096035277361854e-01,-5.256089319942454374e-02
-1.260737104525726959e+00,7.252627428726028391e-01
-1.340845955061532369e+00,8.693784432774002147e-01
-1.261373932925746733e+00,9.033233567280293252e-01
-1.057591562477710134e+00,1.125771362291080324e+00
-9.554334544904868887e-01,1.002706685651339136e+00
-1.121602492758985159e+00,1.307731680001896546e+00
-1.442299273796246117e+00,1.252278815099862053e+00
-3.064863766015663571e-01,9.894277723946220612e-03
-9.762957939233112004e-02,1.302695754016047480e-01
-1.977419580728451420e-01,-1.047463159464177423e-01
2.759166027313566527e-01,2.607951717489136526e-02
-8.810191767117090400e-01,9.300735677690034064e-01
3.143349008804905420e-01,2.311652222141200863e-01
-1.030234469615791681e+00,4.579105349595840035e-01
-4.808080936003913258e-02,-5.893707991411818448e-01
1.917074325884163821e-01,6.372730607549006998e-02
-9.857687536563571884e-01,7.091718575982148831e-01
-1.006582413619945271e+00,1.035498507470973939e+00
-9.091009296162438913e-01,9.461577460360601766e-01
-8.467155257598214801e-02,1.041572930002671038e-02
-1.135931114636352879e+00,1.101836672946063356e+00
-1.146132023003404665e+00,7.219617126824766640e-01
-1.560510247195372735e-01,-2.205571869293825593e-01
1.421295111527979271e-01,1.410330141140833937e-01
2.627619889014929169e-02,1.940790256545251724e-01
-8.264419885814577871e-01,9.822274341132912756e-01
-3.653163270046043132e-01,-4.902619137534115074e-02
-1.276287707675904493e+00,8.633675325339532636e-01
2.593923506730952955e-01,-1.726651637561809061e-01
-1.477005204688530249e+00,9.564136798673166240e-01
-8.706512641808914488e-01,1.205118499937277043e+00
1.627294586430112489e-01,-2.513607745902619595e-01
3.132482648860613894e-01,1.260379596627136667e-01
-1.082058815966566723e+00,8.630513720237101838e-01
-6.641836425358040030e-02,-1.940001225993301381e-01
2.193053314819043420e-01,1.332001967177554591e-01
-2.307685269903466396e-01,4.477122111571137375e-01
-2.937790254745202279e-01,-6.951775162495156535e-02
-8.230300545372812859e-01,1.144206964368797097e+00
-8.897261193048268402e-02,-4.942103671859340158e-02
-1.384464530581875907e+00,8.028235994532744169e-01
-3.084900743423652503e-01,2.938577709634863228e-02
-8.056384008530539376e-01,9.368234954814969040e-01
-8.285242099065552868e-01,1.575889980369358678e+00
-8.108136547033353847e-02,-3.914463734260063832e-02
-7.367608611069654811e-01,1.285839222669105997e+00
-9.671053813224661511e-01,1.268713144617846567e+00
-1.122006899821100134e+00,9.245251844283385312e-01
3.179641585873924647e-01,-8.933340800989605923e-02
2.864636326146134948e-01,2.372224997976954963e-01
-2.980472878823236527e-01,7.200806724755066945e-02
1.858926082476077546e-01,-6.701197165308175885e-02
4.200230844305511968e-01,-9.854860026165285225e-02
-1.155457498649402476e-01,-1.735984271439652837e-01
-2.049400993243452873e-01,-2.496157439534929523e-01
-8.924822918103759717e-01,8.224076598504103108e-01
-1.080427517622970734e+00,9.792541169619480845e-01
-8.240404356301402888e-01,8.162445425303882507e-01
-1.432478489087955609e+00,9.483162324211639183e-01
-8.415014965688453197e-01,1.382299341522637448e+00
-1.176679509701373944e-01,-4.853473129769270145e-01
-1.002813438739816876e+00,1.145516888027021007e+00
-2.000229140027388053e-01,-1.612394095197502153e-01
-2.886392844442219920e-03,2.238034318416998458e-01
-2.336786433496527704e-01,1.654960530957498219e-02
-1.032158320562222897e+00,8.955601258401001408e-01
-5.663091884503668183e-01,1.097171116184012085e+00
-1.355836075343193503e+00,6.623846310237335722e-01
-1.160981729734425816e+00,1.140644113728647602e+00
-7.424925979514993557e-01,1.345417074890347564e+00
1.466083967020514467e-01,-1.442923197965602644e-01
-1.335811275260386122e+00,1.393522245895888467e+00
-2.385837148599388724e-02,-4.739358007028047354e-02
2.534590202457258634e-01,-2.184356200768127476e-01
-1.323569094355821596e+00,1.365865362389270921e+00
1.693938154603900348e-01,4.562072007901757376e-02
-1.108625271204841112e-01,-1.023089949792769637e-03
-8.816328722464131795e-01,9.326773613151876363e-01
-1.445128672789416924e-01,-2.550699317391962873e-01
-9.375166695722675358e-01,8.014637931832482298e-01
-8.172590832488974000e-01,1.125250884844582355e+00
-1.186606183539735015e+00,1.357778473168392175e+00
-2.021470197815307956e-01,1.185359946480028792e-01
-3.073966675528215786e-01,-2.495929346704861551e-01
-1.859289494770912932e-01,-2.503856255538762232e-01
6.213598395250693324e-02,5.301015777796636019e-02
-1.144314911389406886e+00,1.200677701753402271e+00
-3.775343465821934252e-01,1.166005314811612015e-02
-1.032582869666507586e+00,8.917491406603736959e-01
5.111995576497984084e-01,1.025215707893403216e-01
1.944964702133591128e-01,-3.499517536049792654e-01
4.800854843809413547e-02,-1.289389849759839668e-01
-8.861130216655920266e-01,9.177140805820853675e-01
-5.205122694778263615e-01,7.884985282361244296e-01
-1.031946503825865447e-01,1.750487972370003142e-01
-2.837636893448041708e-01,7.081893900411376230e-02
-9.676553921812063030e-02,1.983806933970754249e-01
1.096886772355976786e-02,-1.388894187173316148e-02
-6.589279642824428240e-01,9.134624053925413101e-01
3.615066351680288337e-01,-2.002155027484235905e-01
-1.310166277298010273e+00,1.450726231205836658e+00
4.856292902195319394e-01,1.266785101370897226e-01
2.237336197001800475e-02,-8.872358140815918282e-02
1.210105277351400527e-01,1.689107250051693487e-01
-6.877476406533809816e-02,-2.878303295244167281e-01
-9.309473549930411540e-01,1.016576989360649108e+00
7.497679753675609571e-02,-2.902717601460931898e-02
-1.167616810726019860e-01,-5.794258627332990463e-02
-1.306480837820841012e+00,1.154077484000769704e+00
-8.807264092822338908e-01,8.877922213859571476e-01
-7.665446892271320367e-01,1.200078990002382717e+00
-1.253123983449788703e+00,1.113114679645915261e+00
1.807603745386279770e-01,1.357643154028269905e-01
-1.307933652083278941e+00,9.027374917983218561e-01
-1.180975239718897729e+00,7.978777862601521553e-01
-7.532529736329258707e-01,1.007222671688225324e+00
-9.623058316208246143e-01,5.351402672905243296e-01
-6.907490194931962257e-01,1.134356784202585011e+00
-8.942351076730977733e-01,7.952479563064409618e-01
-9.598241027053178165e-01,8.748737774550316981e-01
-9.473378970611079364e-01,1.199219495452167106e+00
-3.340016523518014036e-01,-2.423993696925484664e-01
-9.894887298581820367e-01,9.738892573091122440e-01
-9.432300857861997123e-01,9.824890651783809714e-01
-1.015962214723729495e+00,1.282697864321762804e+00
-1.058321284247635719e+00,8.178200715424197575e-01
4.126817953181051157e-01,1.024560690548284164e-01
6.649757013103733960e-02,1.828251868105373323e-01
-1.046652684763326402e+00,3.217888643508808322e-01
-8.827266976272195587e-01,8.647397746523586282e-01
-1.374932249219756208e+00,9.263773512326556325e-01
1.101783096963100672e-02,-3.173890131679057286e-02
-1.157059867718130547e-01,9.444312856296877001e-02
-9.835153936872887970e-01,7.140705178078641246e-01
-8.861624695924283923e-01,9.226823585712340403e-01
-7.781780239563294010e-01,1.113288949543016493e+00
5.609625623618708090e-02,-2.353268030319700388e-01
2.090413132594241274e-01,1.215853252954565700e-02
-7.100803479960060560e-01,9.385752409632616144e-01
2.797855001949630105e-01,1.636767642640408471e-01
-9.350162015648468827e-01,1.379595282971635140e+00
-3.632255633228010372e-01,-8.622037341827447354e-02
-2.802256136469412073e-01,-2.753866956261013035e-02
-1.020651699728006401e+00,4.597482158904615535e-01
-8.383178594560815322e-02,1.015435218688846980e-01
-9.724613552081031731e-01,7.007590835989201405e-01
-7.472753297163263753e-01,1.085455427787797911e+00
-1.538129131679311090e-01,-4.258107191437024985e-01
-2.281958644463498997e-01,-2.646285627195187340e-01
3.618541178352974175e-01,-1.031368040328855679e-01
-9.733733771971024851e-01,1.319040617460867537e+00
-5.768771372495666849e-01,3.673107772955084283e-01
2.600343696526264958e-01,4.474794341544829218e-02
-8.387895914389031926e-01,1.086288903856578614e+00
-9.920253140656015711e-01,1.004904259535941646e+00
4.015932759618918491e-04,-1.915905285459132135e-01
-8.572931375068956195e-01,1.143588018352413194e+00
-7.511602665235967979e-01,8.503041129750703586e-01
-2.645383576012063087e-01,-1.055488728601186726e-01
1.813167906583576794e-01,-6.996986794527847164e-02
-8.762293780044266844e-01,1.119980252513117058e+00
-7.733773257293848902e-01,8.274660847648871442e-01
-8.441183092722774894e-01,1.201641017693444891e+00
-6.890538282561140537e-01,1.269939740789650440e+00
-9.434548487649249138e-01,1.000419335348091243e+00
-1.271803954761693722e+00,1.021452438540147778e+00
-1.720628097397151335e-01,-4.880235573995826970e-01
-2.023339444515563634e-01,-3.575695793549429347e-01
-6.954802032336839801e-01,1.009884506777015023e+00
-1.355317717548052414e-01,-1.727376628374203138e-01
3.902537749301566994e-02,2.848261868182908052e-02
-8.011443287465527252e-01,1.519894384488242212e+00
2.528632422487983034e-01,3.819917985171276259e-02
-6.257584718504145549e-01,1.286487536435307888e+00
-7.522337297622269658e-02,-1.367644861064686301e-01
-1.717140327931587218e-01,-5.482213629218941897e-02
-1.898280466690223933e-01,5.921755033768098808e-02
1.289178679113840154e-01,-8.572992844972972259e-02
-4.169984282176655149e-03,-7.913631185814501423e-02
-8.884152502278959140e-01,8.419400802599460443e-01
-9.166884655201616994e-01,7.949001154692217908e-01
-4.239057456876252350e-01,-2.302738296214603964e-01
-7.965529981444602337e-01,8.598719515155506254e-01
-9.931371769851029541e-01,9.149096763556898715e-01
6.210044604505846055e-02,-1.765749050370810924e-01
-3.634686441515961458e-02,2.121036885435971520e-01
-1.715548664809892210e-01,1.869670710593845930e-01
3.297561891333206097e-02,-4.071886004166952455e-01
-9.063886814482873255e-01,1.206627268968152089e+00
-1.246420483131163826e+00,1.141948832286458382e+00
-8.295406388894827066e-01,9.173678090980518229e-01
1.169774706364299782e-01,-4.270719496432593409e-01
-2.596293511735836002e-01,9.320824780719129399e-02
7.554372440692409818e-02,-2.735338494516061925e-01
2.536169983576860298e-01,3.553057525485000395e-02
-1.128195831380747416e+00,7.913647084366133289e-01
-8.040854355404470910e-01,1.124220825653024836e+00
2.214863671161255154e-01,-2.048110547014691807e-01
-7.678843519601807888e-01,1.108787837773582030e+00
-8.919527212080987644e-01,1.154439342893462728e+00
-1.097259804768912772e-01,3.020856165227793211e-01
-1.894752845677070280e-02,1.709578929808086845e-01
-9.183486040756370095e-01,1.278866029404491567e+00
-2.280394632359577789e-01,1.232673154808127669e-01
8.590213466823096167e-02,1.764440328213815745e-01
-3.347571986733388072e-01,-2.171505405219205931e-01
-8.855579722102539797e-03,6.835250842911298752e-02
-7.718066083892829443e-01,9.593350226007496540e-01
-2.743428200627551564e-02,1.629750608533393208e-01
1.066148595761659545e-01,-3.771361347955607402e-01
-3.176480034629166616e-01,1.338646393632083043e-01
-2.165743101698213158e-01,4.724497021442537747e-02
-4.231714073413104793e-01,-9.444288358977505349e-02
-1.402574467119738433e+00,1.044457764803646604e+00
-1.256593781007948385e+00,1.130084920621817091e+00
-8.945520837756204546e-01,1.221444078140591527e+00
-8.423609002033590754e-01,1.194853157979092639e+00
-3.854991339118066795e-01,9.801505484326608064e-01
-3.994673528138079771e-02,-1.932531452883534673e-01
-1.287182042593328690e+00,9.369464095016231120e-01
-3.245087394723999430e-01,-5.968907686841858906e-01
-7.471549400688424214e-01,1.057768009223347683e+00
-9.625556851110734780e-01,1.189552187415316764e+00
-1.044131353051994893e+00,1.233485694375505259e+00
-1.390135766634461589e+00,7.764489047372185038e-01
5.184750021357196204e-01,6.430093086294384752e-02
-1.129263776298946809e+00,1.066599561629677506e+00
-2.115769975602901642e-01,-3.119648663636417907e-02
1.204623300856946244e-01,-1.363168832449997703e-01
-1.232311078856609399e+00,1.001334490798079235e+00
-8.492760459409136320e-02,-9.236507551876379368e-03
-3.131259709982284756e-01,2.772711604962851406e-01
-2.968174397145657006e-01,1.910994903703110426e-01
-1.401986997749369857e-01,1.003285278158031063e-01
-8.242447839888840111e-01,7.454286341473297384e-01
-1.499263276028294900e+00,1.051159466880880133e+00
-1.306080603956035313e+00,1.209632392799716571e+00
-1.161433722522594358e+00,1.158648157101130893e+00
1.414491487268765002e-01,2.959179142038336208e-01
-1.043301957131784530e+00,1.081941138915888168e+00
6.762246625191109528e-02,8.880075830784214808e-02
-1.076237326201905820e+00,1.130338031627083017e+00
-1.141221789301818168e+00,1.024268413861302296e+00
-1.029672208161748204e+00,8.346517854828453542e-01
-9.106292653408533111e-01,8.396477680651754927e-01
-9.587912148752697483e-01,7.856577211803923433e-01
-8.162005476648216407e-01,7.902136394485739235e-01
-8.700170370959113830e-01,9.749081997098365537e-01
-3.968866730051983094e-01,1.046595467437970939e+00
-7.970063898619630383e-01,7.217396068822643507e-01
-7.761526695203678772e-01,1.338116353248511414e+00
-1.184608674661223660e+00,1.215173615952531261e+00
-4.480453444733710489e-02,-1.980334574122761260e-01
2.454207301929188512e-01,-4.251454935183101580e-01
-4.441971196219793305e-01,1.853901389366241215e-01
-6.320543178823970765e-01,9.818676647149467973e-01
-8.390368729805885994e-01,1.580896465875865076e+00
-4.236652447349887884e-01,9.909264301510768702e-02
-1.160967433796459725e+00,7.934008490041110084e-01
-1.848618723613328074e-02,2.293286017404337906e-01
-1.323629859660400587e+00,1.258074655256244290e+00
-6.290093826168427493e-02,-2.109219117151737155e-01
-9.391144031357965272e-01,1.094967808441486223e+00
-2.321870052443921195e-01,5.598213212500850050e-02
-1.844582944219004539e-01,-9.618706356343658878e-03
-1.642083486089771296e-02,-3.928996086130788767e-01
1.391223823057070007e-03,4.592353252117472445e-02
-7.874411494869464345e-01,8.555517005668313857e-01
-9.261931901804006106e-02,8.778911093759571294e-02
1.164505405164723562e-01,-5.321597925851994093e-01
-1.339355963985291664e+00,6.822512494503556457e-01
-1.231586248219902896e-01,-1.140008439000585877e-01
1.136941730142918827e-01,-1.730848199453441927e-01
2.611318943100335299e-01,9.618443722885665348e-02
2.517051295922284951e-02,-5.534218673109980724e-02
9.414013502180973436e-02,-2.829145031609286431e-01
2.347396167884770457e-01,-2.826430210074314942e-01
-7.810454120497086761e-01,1.173350883104188336e+00
2.049345793118099168e-01,2.608638716273911293e-02
-8.517123153374266398e-01,1.696949118863539496e+00
-1.039884682530640037e+00,1.406495287055923749e+00
-9.961584721227710881e-01,7.435621336493305478e-01
-9.254363695707301662e-01,1.053349555060888898e+00
-8.477374513033778536e-01,8.877975142678345977e-01
-1.365271616154998480e+00,8.453242344072775527e-01
1.033730626521226215e-01,-1.427997021948498868e-02
-3.838522899163538948e-01,1.286734484383975363e-01
-4.963198125041486941e-01,8.641746053752831225e-01
-8.888889664510468691e-01,7.179128266646741530e-01
-4.617907083958449621e-01,1.686585656767368990e-01
-8.874194564927978535e-01,1.050370157973704588e+00
-1.033528055744217689e+00,4.639377987302519823e-01
-5.615388085752293090e-02,-4.469689180744816637e-02
-7.520742852837487558e-01,9.159487658930393073e-01
-1.073097369636206277e+00,8.945352449954845353e-01
-1.201990236724199246e+00,1.109624426611790726e+00
-8.403987884978848522e-01,1.020327522027730138e+00
-5.642878726315093685e-01,9.423254770964509808e-01
-1.185577684235797902e+00,8.756575075806359854e-01
-9.382219475516754281e-01,8.441866732148916030e-01
-7.549922675103186709e-01,1.206360823098343582e+00
-2.946773929255233071e-01,-2.596730695154562674e-01
-7.888031899979135453e-01,8.038284125246245582e-01
-1.179456915875204404e+00,1.509032256994713661e+00
-2.402564731360494477e-01,5.243862205593783493e-02
-1.221772778123852987e-02,-2.260099349741127306e-01
-9.115828192451954637e-01,1.173882310305068843e+00
-1.059175015613867288e+00,9.464116419535815172e-01
-7.287755560487387818e-01,8.699915015197056123e-01
7.643984249288190980e-02,-3.171591123276157331e-02
-1.013726976687695513e+00,1.048753396216611122e+00
-1.067002447226710338e+00,1.512269740973963605e+00
-1.048774609864806751e+00,9.316551402959839523e-01
-8.592761247704455707e-02,-9.796571753304943609e-04
-9.994805006338124409e-01,8.057928764260386956e-01
1.269523327634910215e-01,-2.078619903702278726e-01
1.636397206474147770e-01,-1.255286904610604104e-01
-2.877548037123518476e-01,-2.747462432193515519e-02
4.270951244524633095e-02,7.988541989347575090e-02
-9.938072955536088327e-02,-3.172096289511040501e-01
-6.782453606611480446e-01,1.086864012946878066e+00
-2.058426626729702447e-01,-2.269412648306305680e-01
1.863572784255607129e-01,-2.972955682346734574e-01
-1.581798300015957448e-01,-2.383704569503856951e-02
-1.063584672943592491e+00,6.091124224642463503e-01
-3.071896334378046989e-01,1.838044699483290245e-01
2.244988810599332918e-01,1.346011941374783243e-02
-5.213997837129884516e-01,7.294709523040070476e-01
-1.240297366368094290e+00,1.102849291475669569e+00
5.103663368762536429e-02,8.360768169657646631e-02
-9.878034674576842145e-01,9.394507074476342590e-01
-1.333402993778225465e+00,8.835499882189447041e-01
-8.652066116898754489e-01,1.146863489212794907e+00
-3.731844107574539687e-02,-2.713370803592723979e-01
-7.099140495102199133e-02,-6.157970803757341349e-02
-1.160071876729240170e+00,1.023333340898682442e+00
-1.850553327498527800e-01,-2.021207881723309507e-01
-1.195088765400359687e+00,9.371833529760453807e-01
-9.738997243954733429e-01,1.150796765400399435e+00
-1.814302785028650278e-01,3.421882510002567934e-01
-1.174036597430107465e+00,1.153189998204465994e+00
-1.235301035831885552e-01,-1.148856799452805111e-01
-9.565615085315674060e-01,1.126346197736120880e+00
-3.110430508782522363e-01,1.011780969488591975e+00
-9.131039142602986880e-01,6.724640275384381471e-01
2.513199043069854199e-01,2.008691531755165682e-01
-7.692933681139473290e-01,1.258113575494225200e+00
2.399532194508739447e-01,2.315321001035833826e-01
-1.362578501008502585e-01,3.427751286063469016e-01
-1.938805093522996126e-01,-1.116655289640874210e-01
1.150967360603387946e-01,-2.354842031667269409e-01
1.488642020939407729e-01,-6.225891711439274223e-02
3.674888697214340888e-02,1.060100025398358348e-01
-7.315282200325923245e-01,1.261962378752174319e+00
-1.364179029497581297e+00,7.599485421968182886e-01
-9.020142523964804759e-01,1.048847065199980388e+00
1.661209873622438160e-01,-1.806790282481596233e-01
-8.557862953959535779e-02,1.332643598590534106e-01
-5.424164657201164808e-01,1.252025191917984559e+00
2.764623234461556778e-01,-6.888996175308820247e-02
-1.391160797846552555e+00,1.042489083971098740e+00
-1.298193544539750999e+00,1.314288778693439852e+00
-1.054752851768735233e+00,9.592435701896057099e-01
-1.369649765271715891e+00,9.078359089202183707e-01
-1.329621911228161757e+00,1.309097198168292175e+00
-8.434869034289509404e-01,1.202633532439510544e+00
-4.741109881571770740e-02,-1.958313505912608610e-01
-4.020679295147415733e-01,1.868939387477779324e-01
5.722644538699027048e-03,8.068262856304958541e-02
2.504379277528655245e-02,1.052587244590621196e-01
-7.061652418971864353e-01,1.409604238318183045e+00
-9.591457532653925311e-01,1.296202235760110177e+00
8.226578749157398285e-02,-3.482973337711483541e-01
1.631812609511125722e-01,2.257668053962074220e-02
-1.109224017794062933e-01,3.574235250163008693e-01
-5.902608860265419199e-01,1.185565936398070175e+00
3.422470993097826569e-02,1.834912271293100139e-02
-1.026667630156478550e+00,6.500980329054237838e-01
-1.603750956279367257e+00,7.275134216874221682e-01
-1.090775541791451086e+00,1.511163718183956561e+00
-1.701478025953530704e+00,7.615391807464519935e-01
2.462784587115058321e-01,1.417724605017237349e-01
-7.416286971233096437e-02,6.236177651988011189e-02
1.491453731441571562e-01,-2.600076113656644150e-01
3.402310794993682608e-01,-7.002810884685661819e-02
-5.650167304160467197e-01,1.187031524218636891e+00
-7.751018054739298169e-01,1.191260819641957625e+00
-9.151620313651464000e-01,1.144246591296368631e+00
-8.267553429376873764e-01,9.435145410626527562e-01
-6.204662262499495429e-02,-1.212557935550950677e-01
-5.419747996971220616e-02,-2.053489189417431748e-01
-1.128027789569137962e+00,1.074231266099467952e+00
-9.950745655323536276e-01,8.015545454368702138e-01
3.892044461194582028e-01,1.029948124240425700e-01
1.072615244746327051e-02,1.724836009763987543e-01
-2.281461063579093840e-01,-6.721095241457383240e-01
-7.738759950014875155e-01,1.134388213041747528e+00
-6.725339262684759678e-01,1.008264194457203944e+00
-7.644532559775121250e-01,5.860714540489692093e-01
-8.288151238046682634e-01,1.201260971771452635e+00
-7.246963564604652630e-02,-2.770725585169966365e-01
-1.015598361662285898e+00,9.787745224058806981e-01
-4.920332117664015792e-01,1.409110619436428014e+00
-8.061772434277618693e-01,8.578065571925896915e-01
1.294313975450161192e-01,-2.159896844774602045e-02
-9.543989502004016634e-01,1.125508901980514898e+00
2.406901080001793425e-01,6.529352124166347415e-02
3.213340764512802039e-01,8.190716851383203490e-02
-1.379629529211403791e-02,-1.357452817386317345e-01
-1.069742711741801022e+00,1.043727856388435793e+00
-8.160249577880214211e-01,8.272626856412852447e-01
-1.208333362774542952e+00,6.914254427845603068e-01
-9.879843412642397293e-01,9.795560359529310590e-01
-1.211042814576620330e+00,1.262558557433607342e+00
2.225324813944828256e-02,1.698335866480322753e-01
-1.072799198570630441e+00,1.023067255608006043e+00
-8.637917691458123493e-01,7.815740878120003288e-01
-9.651465615257155406e-01,1.375386181436563993e+00
-1.034110443627634268e+00,1.150919421805378207e+00
-9.988026684024272628e-01,1.101717392510369820e+00
-1.914465890008762994e-01,2.825489361801904464e-01
1.650434301625325617e-01,3.492084481295695819e-01
-8.279255828864598987e-01,1.072896354179464939e+00
-1.247562183604040476e+00,1.041789748831706275e+00
-1.273533614340912834e+00,1.098920556894448675e+00
3.334303892864854957e-01,3.451850115563803723e-01
-7.435820471796139586e-01,8.773041086961943513e-01
2.988940405775997733e-01,5.918995280156709275e-03
-9.064040064702652000e-01,7.571198862777561711e-01
4.866967288223224275e-02,-3.029497477808785685e-02
-1.302761765491508017e+00,9.984131784835841295e-01
-1.032552018306261976e+00,8.540002624786808827e-01
-5.330420065543831631e-01,7.264250430070533504e-01
1.097516370503403144e-01,-2.603730852823870831e-02
3.755166354829324316e-02,1.566390393981636348e-02
-1.769908642318309966e-01,-2.287358483231845263e-01
-9.600358691361443597e-01,1.195366070561203031e+00
-9.386219631583598844e-01,1.414951042682498938e+00
-8.702508083690360108e-01,7.048494104341567201e-01
-8.310712241146071821e-02,-3.425284011666833717e-01
-9.353053507164433844e-01,1.131356352760616302e+00
1.544263703807008947e-01,-3.192568102842188171e-01
-9.384870102999973707e-01,5.806904941462180947e-01
1.145572594029073965e-01,-1.735798773836893794e-01
8.082813592820145554e-02,-3.233675373055627800e-01
-1.235222229748221823e+00,1.203747552483840355e+00
2.215855096946097169e-01,-2.347801794454019708e-01
-1.208550150082259522e+00,8.355953805055346129e-01
-9.233372868330115280e-01,7.234060459492639428e-01
-6.819063393295847764e-01,1.062463343094738999e+00
-7.588848263603672484e-01,9.883138545870246983e-01
-1.008569418273768337e+00,8.554754612787311974e-01
-9.681454366748718510e-01,1.035164092331844587e+00
4.188941568251494107e-01,1.252571179023226344e-01
-1.352185453545486915e+00,4.963164897476151083e-01
-1.278893306726399226e+00,1.050143060823709895e+00
-8.997102389189152172e-01,7.150545054590675687e-01
-1.412170644601024705e+00,8.122013063836024394e-01
-9.701516400964076414e-01,1.120441544413812496e+00
-1.100997921732989493e+00,6.895491243668805392e-01
-8.337514044358087517e-01,1.683091115517878045e+00
-2.173136123947141674e-01,-9.375160520445345591e-02
-6.160971250609201255e-03,2.216730159725872340e-01
-4.851239514225083767e-03,1.731423328505086179e-01
3.538272581115473048e-01,4.570772513319635438e-02
-1.156852042655427543e-01,-4.074110794327802376e-02
-1.061004621501941081e+00,8.750945825058883409e-01
-1.025104782029040207e+00,9.597668222813202643e-01
1.331352046648638099e-01,2.067048929662764212e-01
-2.326915520981922558e-01,-8.947641775978822098e-02
-2.495982129592565490e-01,1.685763127743846457e-01
1.032327085354119850e-01,8.514934442277943827e-02
-3.230102673400362945e-01,-8.123447891891082129e-02
-1.062579678379929615e-01,-1.813262750227043474e-01
-8.831771539903969515e-02,-7.435266942850989047e-02
4.987892668527824092e-01,1.780637866310046669e-01
-9.407981114177818016e-01,8.691682345803216636e-01
1.466835606715768785e-02,-2.120769759458155934e-01
-9.800947636105413752e-01,1.030123464465704020e+00
-1.198455685326425657e+00,1.051573023534416951e+00
-1.120938830024781563e+00,1.086187381352420767e+00
-7.134597256650417885e-01,1.334123574199594486e+00
-1.693809976010225149e-01,-3.174084826679113847e-01
-6.536898025092187370e-02,-3.205477378026781038e-02
-4.803985076231973711e-02,-3.166934556593355432e-01
2.865052436100117284e-01,2.600721958262374733e-01
2.780406900302960782e-01,-1.609632624694939118e-01
4.357038505182487809e-01,-9.879925142339945898e-02
-1.126420755661696527e+00,7.589722324001494380e-01
-7.661363634551987545e-01,9.996152311222753495e-01
-2.720395188526406050e-01,-3.904419521588320396e-01
-2.301710655024866992e-01,2.193139565367956123e-01
-8.910502719672653837e-01,1.087091927278172276e+00
-1.070537766770353727e+00,8.962572172361963352e-01
-1.385907164838862948e-01,1.724163634904764819e-01
5.809959618263111497e-02,-1.154085744252258822e-01
-1.093840397161813360e+00,7.312287199328986187e-01
-1.044120369717631114e+00,9.672435358553230778e-01
5.976670702946289965e-02,5.229882408818527575e-03
-1.001685420362918633e+00,1.133181188410620432e+00
-6.866420380901117060e-01,1.080095162119883767e+00
-1.336860287803699199e-01,5.715718819964582184e-03
-1.678961826618808884e-01,3.825963954576626080e-01
-6.278307005720705491e-02,3.549439038936666457e-01
-1.077537853139367563e+00,1.026021941269829041e+00
1.723171213954644287e-01,-2.984497602054451693e-01
4.839777110533874938e-01,-1.726545359573667116e-01
-1.611210942174327032e-01,-4.945594978587024015e-01
2.222111160073002856e-01,-1.131083215988580998e-01
-5.427976004306191982e-01,8.996899434492123815e-01
-1.356896538735161029e+00,7.929787597931656773e-01
-7.334929160552485783e-01,6.308057293280525668e-01
-9.755513118645754433e-01,1.101853593335859749e+00
-4.665299575961686096e-01,-1.709859795945973815e-01
-9.408711603990922434e-01,1.012479054287338531e+00
-6.202297061569744807e-01,1.243301379397741879e+00
-2.562184370076248108e-02,4.617702322448662133e-02
2.542528103661850225e-01,-2.256811046721814706e-01
5.059481775104389678e-01,2.452809872660053903e-01
-5.237566509758451519e-03,-4.076100593388646276e-01
-6.362651731608905126e-02,-7.798108088725845544e-02
-5.617395170807591709e-02,1.069956227404622942e-02
1.533771179801831641e-01,9.870674336991640263e-02
8.180229520379377062e-02,-4.175545574601421950e-02
-1.072780906774279730e+00,1.396726931095279678e+00
-1.745569810183310588e-01,-1.226217431173167866e-01
2.062791621482505666e-01,4.186502366858838725e-02
-1.002924202635869511e-01,-2.004329970865911248e-01
-1.704006617599085061e-01,2.926092152204010088e-01
-9.093499433125102893e-01,1.078380304047758864e+00
-2.584083423443717664e-01,1.676836982011172261e-01
-1.055338626613218089e+00,1.217083314470742694e+00
-5.187605384358436877e-01,1.151439528819213631e+00
-1.024140421746678742e+00,1.414120488413064036e+00
1.105128502934340923e-01,-2.958904467979303621e-01
1.435116905426047675e-03,1.364593206990419028e-01
-8.767549648197773271e-01,1.020437659322801061e+00
-9.634145299431791098e-01,8.810998752058202266e-01
-2.040616912459393972e-01,2.881671092129297618e-01
-5.398722801644850744e-02,2.349061900821342586e-01
-1.395550068988231016e-02,1.139276195382847301e-01
-1.324404547025854306e+00,8.492678443359463758e-01
-1.876500197782275392e-01,4.814584320981910720e-02
-8.717250325135821321e-01,1.044700519694273355e+00
-1.703608630173969463e-01,1.203456830284196782e-01
-1.301608119571442679e-01,5.603127058524568493e-01
-1.042906114411701779e+00,9.740392351653663905e-01
-1.090112561920877576e+00,1.009384129520134676e+00
-1.079766908423952732e+00,9.911561100480352771e-01
1.561480309789000376e-01,1.035801551160693557e-02
-7.835403774523589382e-01,5.845055972745814010e-01
1.011296324981468264e-01,1.571833438618775725e-01
-9.876563556789772491e-01,9.057215233649437147e-01
-1.209599623678311975e+00,1.147280833744299011e+00
-9.774732857831038846e-01,1.062404464670126725e+00
-2.210676044655921491e-01,2.455441231375409764e-03
6.587241572525796840e-02,8.885491293403076363e-02
-8.586150450114279353e-01,7.203405065984003208e-01
-1.345624382426952925e+00,9.010516246203452706e-01
-7.185869637173183389e-01,9.947223489912955241e-01
3.200962080652234865e-01,-1.436137552425249299e-02
-2.843008225955022117e-01,1.275320074595548692e-01
-9.177932314640415701e-01,1.352880910761525834e+00
1.292032116186045410e-01,-1.787065326852414759e-01
9.911307490738871517e-02,-4.676112843356228926e-02
-1.301389740985739341e+00,9.250417822216945307e-01
1.881928754925885905e-01,-1.465793515663624536e-01
2.507590872308799179e-01,2.631678657842881908e-01
-1.059695549760461653e+00,1.204693289980725890e+00
3.639802982218356409e-01,2.507024328367656874e-01
-8.087396276465572686e-01,6.884988262650626467e-01
-1.550274275318095363e-01,4.132340141174352111e-01
-7.782340244496571691e-01,1.244762061893592175e+00
2.570835806967660675e-01,3.000414096846000800e-01
-9.178177730608465534e-01,1.380581986590462273e+00
-3.293229421829983739e-02,2.748215396579439251e-01
-1.091628456906033051e+00,1.010077555534079519e+00
-7.273285889212823818e-01,1.131879042982143257e+00
-7.208586331944656991e-03,1.034064366468950696e-01
-1.101157945216366452e+00,1.455431451605220694e+00
-5.380231752556652314e-02,-1.517725754128978477e-01
-9.992429078734151870e-01,1.079836670403602650e+00
-2.470697795121769985e-02,-4.741943997313487896e-02
-3.198417342100603467e-01,-3.232372151824005058e-01
3.039308737527079279e-02,2.460136456717478270e-01
-1.151711475489500813e+00,1.027456999423171702e+00
-1.500484114912014943e+00,1.017964816800479344e+00
-8.233661203662071548e-01,1.082565055255615860e+00
-5.875276046037483102e-01,6.680143612689803945e-01
-9.324888136753783918e-01,8.860665227239874486e-01
-9.086304490217904650e-01,1.005561798071096691e+00
-4.682311627057078596e-01,1.420954244872312477e+00
-8.340714682167302829e-01,1.185583094965436901e+00
-1.294055696695219471e+00,1.168205360012367411e+00
-9.204317278991712703e-01,1.351245140790086285e+00
-1.465673626205356572e-01,1.586903175692918611e-01
1.456229955313550484e-01,1.322860943551268931e-01
5.473240135062189260e-02,3.943196341894784906e-02
6.254704197381198705e-02,-4.411992942423988984e-01
-1.230133912698874177e+00,1.272793267844849030e+00
-9.264744012387822192e-01,9.319907754730456517e-01
-1.370723538381653839e+00,8.960387785447317954e-01
-1.855770979716540869e-01,1.112197231661050806e-01
-2.874653300254175758e-01,-2.031409818023116598e-01
-7.366175136531636358e-01,1.209147030037197146e+00
-9.727133462474482073e-01,5.003341390545781309e-01
1.669947450564248093e-01,2.768574830898888617e-02
-2.591522296365396660e-01,8.157494714266760871e-02
-4.088147816006612034e-01,1.549548948615624144e-01
-3.595861017750938693e-01,9.840008723522282175e-01
-1.762621689554299820e-01,6.897850903630017849e-02
-1.173425784214014111e+00,8.120547360520473656e-01
1.943983832448316351e-01,-1.987016565745871599e-01
4.316985905144919422e-01,1.987042671363198343e-01
1.023703931369380343e-01,-1.554317773971016781e-01
-6.099384106748710899e-01,1.019169255868820567e+00
2.375627985572549283e-01,2.706253527474499765e-01
-1.385940893957349485e-01,-9.100381283413724876e-02
-5.935833741145828402e-01,1.269343351462202785e+00
-5.770919878454179586e-02,-3.999759438940037742e-02
-6.371245783817707231e-01,6.418301537221542397e-01
-9.887159932875336787e-01,9.376675885116740883e-01
-9.870602617199696338e-01,1.459956682478726897e+00
-9.572914939337123785e-01,7.591536392951713230e-01
1.284943048233438412e-01,3.747416748049051116e-02
-5.301450482894707328e-01,1.094706640967758604e+00
-9.353700435967786664e-01,9.924712659919839863e-01
-1.051793983846228020e+00,8.301676596101288386e-01
-1.486079765463855507e-01,3.591487067023175217e-01
2.391522646797939605e-02,-1.509604640837802492e-01
-1.423528282389954436e+00,1.228290309902038580e+00
-8.650636859199001272e-01,1.252602945737423035e+00
3.872525555961401356e-01,2.276564734515480748e-01
-2.334421133494568312e-01,5.116397525461949813e-01
-2.666880310344378613e-02,-1.699424364361923345e-01
-2.347734952424345919e-02,-1.465558209214975205e-01
-1.146370330220995548e+00,1.330295203515516445e+00
-1.271635367092179170e+00,8.427894656659893347e-01
-6.047719956867925184e-01,1.130400231314900195e+00
-1.067241303822949350e+00,7.366641201864249089e-01
-2.572808218221511178e-01,-5.448455010912478524e-02
5.962178009337982809e-01,2.831331828515937787e-01
-8.848780136561240628e-01,7.815076825025415452e-01
1.901346459799260480e-01,2.057932756013537701e-01
-1.219077514450075173e+00,6.857406909330503453e-01
-1.059506078282436592e+00,8.772568895053890481e-01
-9.462817538903889325e-01,6.436369479615918765e-01
-9.845561984543501621e-01,7.652372649311643960e-01
-4.806376714122270744e-02,1.512827718745775041e-01
4.083642531649077645e-01,-4.231518813991506922e-02
2.691159407937154247e-01,2.047684056609345438e-01
-8.648751218591993473e-02,-2.810181398709898914e-01
3.202606450473467481e-01,-3.264697219306056386e-03
-1.048635922022109757e+00,8.645333663194237905e-01
-9.455969208492897016e-01,1.255811103844012955e+00
2.916443113551803745e-01,-5.751245468725680113e-03
-1.478349528652117773e+00,1.237708782909994421e+00
-9.900937688992563768e-01,1.097118809128839523e+00
-6.897176088696030938e-01,8.894151941683149376e-01
-1.041995930327007436e+00,1.348461534460449585e+00
-7.735480517086026353e-01,1.108399037365737527e+00
7.247844356490718010e-02,-1.607242136562974377e-01
-3.773990454082872675e-02,-2.222052699901940764e-01
-8.171839720897997594e-01,1.267427893007754491e+00
3.403955630024417256e-01,-1.763722875233392495e-01
-1.177394136415467890e-01,-1.032600830428171135e-01
-9.521979246821830056e-01,1.007114713995602040e+00
-1.813247059573689368e-01,1.003852763729461001e-01
-9.556441762866839662e-01,7.270257183322517136e-01
-8.688067476406161616e-01,1.385344393987165912e+00
-7.455227620360445062e-01,1.141521393907426685e+00
-9.954603884693442595e-01,1.341496258949788078e+00
-2.380437088351270714e-01,1.656966072469169271e-01
-1.173745514829226622e+00,1.001719636129012381e+00
-9.975957506225872073e-01,1.175868979569231865e+00
-8.494272976708192591e-01,8.722459581111192684e-01
-1.924065008697143156e-02,6.299280553540169414e-02
5.494349184108558021e-02,2.497693694539538101e-01
-1.026380524975240155e-01,-1.403115675215668157e-01
-7.168195736568923060e-01,1.317991753239106459e-02
2.018193302241135523e-01,2.248987032512246853e-01
-4.297012654942537931e-03,-1.495777084797753620e-01
-6.310405445605481167e-02,6.452622104162319960e-01
-4.350325102862948601e-01,5.068615695446097025e-01
9.060961734186338823e-02,3.536558861414801913e-01
-1.096960672658269381e-01,3.757006738355331277e-01
4.870467637418778029e-02,5.572425125166714788e-02
-8.609207953300507254e-01,6.762137032844042217e-01
1.872031058746444765e-01,1.053922046433153487e-01
-1.003940765042612204e+00,8.978807858641655315e-01
-1.318715599410245964e+00,8.806421792792904490e-01
8.051524925876372973e-02,-2.245693372586080733e-02
-1.235274464271084893e+00,9.615506840388184928e-01
-3.042989722960953158e-01,-3.940160719338393208e-02
-1.127911580391611324e+00,1.262997200292396149e+00
-9.718872426350102511e-01,9.575009201488812183e-01
-1.081699034989264563e+00,7.061545656168743967e-01
-7.865145153021541047e-01,7.442832317888391502e-01
2.586539310408053072e-01,-1.406997282449839182e-01
7.025649901490342575e-02,4.244774231940111608e-01
-9.040333555991117986e-01,1.017976033253397139e+00
2.939214022795041958e-01,1.025915763770645639e-01
-1.062883520401140203e+00,8.988268754828656615e-01
-6.033075514997608968e-01,8.172818770231791985e-02
-8.129980833083844116e-01,6.752812552349798381e-01
-8.113205180575998599e-01,1.223976035106435489e+00
-9.049645727532290573e-01,1.282544101008946225e+00
-1.200988232022232038e+00,8.569733804105673647e-01
-1.018690448393907211e+00,8.704124818282058529e-01
-1.269026594197723457e+00,9.987180156471520132e-01
-1.279029597985348321e+00,1.077630849448383943e+00
-1.467194679451252703e+00,8.539624871892497193e-01
2.682092005026494586e-01,1.119520246257410395e-01
3.796081569567523184e-01,1.341132159042034699e-01
-1.619623297700693243e+00,1.187230658478764855e+00
-1.968585210216240722e-01,-1.502373585664430744e-01
-7.569486184348742097e-02,3.095662685391964864e-03
-1.013032362792749552e+00,1.174512193977893304e+00
9.100068551540474102e-03,5.775686068226282277e-01
-1.730358529477734886e-01,8.189006196990140929e-02
-2.053735723531123769e-01,-4.572717109062322816e-02
-9.652411529256871292e-01,7.901750152043055531e-01
-3.315330182464545916e-01,5.035707305163204112e-03
-1.549478782988897574e-01,1.950241692887320077e-01
-1.186255568016637785e+00,1.077228094133813707e+00
-1.064417779721174684e+00,9.618299351136700981e-01
-1.050226897425949879e+00,1.310402138073790468e+00
-8.432477046995656700e-01,1.107948197050993455e+00
-3.751754059822111631e-01,4.216659582488842956e-02
8.497610492068145838e-02,1.218382365226934466e-01
-7.312265560056357971e-01,1.295589486370647414e+00
-7.839530455439303047e-01,6.801286651592657329e-01
-7.204260267985256316e-01,1.084214739775030356e+00
4.175811320186172820e-02,-3.590792247015797689e-02
-1.151203878636282256e-02,-2.496747030580721283e-01
-3.282379909195430878e-01,-4.135623989668645861e-01
1.899910610652125742e-01,-9.038736704628720642e-02
-9.879760521725605704e-01,8.503924568390321959e-01
3.222525282557915649e-02,1.039369354993342903e-01
-4.271261527012788772e-02,8.935111538124641817e-02
-1.182498047480529779e+00,8.147964444468533962e-01
1.723804159546470441e-02,-8.130277867339379128e-02
-9.851003959240516306e-01,8.252996762031739042e-01
-9.613425800376710351e-01,1.088003332742939477e+00
1.183369863813038547e-01,4.449139623392758258e-01
-1.715764885773089776e-01,7.848055999215447498e-02
6.431276411132540172e-02,-3.955690975010073968e-02
-9.140540081637319458e-01,8.548129327935252153e-01
-2.376633806974194629e-01,1.077933312595431674e-02
-9.710457569900373676e-01,1.142793342072716767e+00
-9.207369149831271526e-01,1.088859922860731189e+00
-1.168669002171453419e+00,1.340347523467640745e+00
3.333030858657013984e-01,-1.850362183742796651e-01
-1.520822381651151023e+00,7.314516798369488093e-01
-1.091247784175768842e+00,1.055668971305800730e+00
-6.364269543959077957e-01,9.806767552238442320e-01
1.992885450278434611e-01,4.074985839023071432e-01
2.227950599692132272e-01,2.426716154099765044e-01
-1.219639152598054110e+00,1.217215959034127382e+00
-6.996291314370963743e-01,1.499834307999950322e+00
5.091527486386633328e-01,3.010897491804881768e-02
-1.132893366165564908e-01,-2.299927246417189930e-01
2.092275675900301043e-02,-2.845924155027572677e-01
-9.353602750997962456e-01,9.622244486648892092e-01
9.042056544502491411e-03,1.184905777844038055e-01
1.111970674144693583e-01,-8.043290734633612438e-02
1.484901912508211630e-02,4.893872836904473306e-02
-1.276528661370268214e+00,1.177919998716830730e+00
-3.157297338238976292e-01,-2.828379109050483398e-01
-7.485230548983046184e-02,6.558113901973124105e-02
1.888692766062395889e-01,8.101941292752873336e-02
3.167546716159769793e-01,7.536748381129017293e-02
-1.445622750599300455e+00,8.845217798262037245e-01
-8.668155358190137161e-01,6.952993127625313186e-01
6.166457751447713270e-02,-2.217197507468891826e-01
-8.654887557951391752e-01,6.636135747256659556e-01
1.445763626865931017e-01,-2.550560194204494202e-01
-5.826479017962717943e-01,9.988007640187214209e-01
2.940828712204945350e-01,2.713491874054967945e-01
-1.212330997010888645e+00,1.088883894915328332e+00
-1.041180137678720807e-01,-4.115821284362650156e-02
1.282853162877845288e-01,9.815379635296209160e-02
2.164989295904084510e-01,2.885517914631104408e-01
-1.187028512314751948e-02,-3.772765632253594764e-02
-8.099321187325627669e-01,6.588740066662528427e-01
-7.353871076937900098e-01,6.444175045897539977e-01
-8.837789981160475428e-01,8.698347311215617328e-01
-8.829440382813882326e-01,7.465523110175991128e-01
-8.528941818763529081e-01,1.101163073916350710e+00
-1.309040992401009795e+00,9.311281038656538112e-01
3.117513369120729627e-01,-2.967376139423087006e-02
-1.424580045769863412e+00,1.300596658344872258e+00
4.769653339813718640e-01,5.744460936735430456e-01
1.381222648592099200e-01,-2.070503260781015320e-01
2.133593309283721984e-01,6.597380891833408423e-02
2.663198984882337791e-02,3.263266678159134071e-01
1.707820790497880659e-01,4.212063205307410574e-02
-1.211332708011894521e+00,1.117116529425040472e+00
-1.516269934038869116e-01,6.124770152683315511e-02
-9.025730894379342395e-01,1.095653465254723402e+00
-6.411550021903126284e-01,8.059152248773170379e-01
1.083824266968725913e-01,-8.517276971960219267e-02
1.848613076317306148e-01,8.246341440073438889e-02
-1.022324016191668683e+00,9.501920284551729212e-01
-1.364826038859268641e-02,-2.472057788005153356e-01
-1.774044608348352703e-01,-4.872107600476575234e-02
-1.139715848070640858e+00,1.224222786697043874e+00
1.175413909050870565e-01,-1.659334759488469146e-02
2.928903529644225068e-01,-2.007301189113019080e-01
-1.225473104710032679e+00,1.186697480593204679e+00
-1.641876361071429036e-01,-7.197164266416715417e-02
-4.013426806717537709e-02,-2.393953524818384637e-01
-1.118679611392368489e+00,7.593098153715300835e-01
2.642755519088844096e-01,4.917570053325159840e-02
-8.295577949385896099e-01,1.004408020069826879e+00
-1.511673777825545129e-01,-3.147933266113846218e-02
-7.961527640893786284e-01,1.326771135863859863e+00
2.600350024880544383e-02,-1.632184532879910888e-01
9.059593185701697582e-02,-2.368122369323311938e-01
1.187523560806917344e-01,-6.260358189991728495e-02
-9.590919537794942995e-01,1.028087977183220758e+00
-2.765660713024037376e-01,1.400295346453833689e-01
-1.007994103216027115e+00,7.684881098436473490e-01
1.710364937407179032e-03,1.802844492856643666e-01
3.137412990796573098e-01,4.666241170981759445e-02
-1.009968518198112397e+00,1.218023184446586749e+00
-1.520608319535508568e-01,2.563849411804718370e-01
-8.466509018952550480e-01,1.201036542678764585e+00
-8.908210215194866111e-01,6.754872660082815727e-01
-1.030731836346660879e+00,7.060644010928616154e-01
-1.281808890817395241e+00,1.398251404260755226e+00
-1.207377253422604824e+00,1.046059885543012546e+00
-1.590720655337765077e+00,9.970956167498888911e-01
-9.612403610063745552e-01,7.691295708265364350e-01
8.698351792943853633e-02,1.216210098844155985e-01
-1.071002427628902742e+00,1.260128654931233383e+00
-1.133705027563028711e+00,9.081680590721219470e-01
-8.890579652676444677e-01,8.781022121299815186e-01
-5.977856858965668874e-01,8.584738632642924250e-01
-5.291070042757371056e-02,1.252728821205611742e-01
-8.999535239089602179e-01,5.747363916629123493e-01
-1.305631113690977618e-01,-3.561125196256127445e-01
-7.906847129875175240e-01,7.067564995008576156e-01
3.533957288664311275e-02,-1.395588390883021890e-01
-9.715935850333533574e-01,1.094967112043756963e+00
-7.907387023694976147e-01,1.325757734084316741e+00
-7.711113115121523975e-01,9.042114197135990850e-01
-9.573569554613739485e-02,-6.247714685544525359e-02
-1.861661701774984870e-02,-2.552350062646500661e-01
4.148035964605013004e-01,4.884250913111601311e-01
-2.458037175105534100e-01,-7.498362428716778827e-02
-2.762127643769641816e-01,2.525769028865531562e-01
-1.817607482787290396e-01,2.775746691633003138e-01
-1.230090744153581994e+00,1.090957242788596071e+00
4.455192708938000012e-01,-2.720386539486352798e-02
-6.271094645867139050e-01,1.120460921867787007e+00
-2.259359489989248848e-01,1.936444910202156366e-01
-7.606433309731351622e-02,-3.098372180349389174e-02
-1.058434258202894718e+00,9.886860390657956632e-01
-1.384938389936866132e-01,-4.690617623414822246e-01
-1.209095041984630692e+00,9.614544443520797179e-01
8.549541381540570750e-02,-1.017633658083939435e-01
-1.277684082917773245e-01,4.065691798979690352e-01
1.175100338347240814e-01,-7.770669996210138875e-02
-9.531429628141726562e-01,1.260941925424071464e+00
-9.950103083470807075e-01,1.110105327999595604e+00
1.979405065278133369e-01,1.031580637484533630e-01
-9.072167937133908122e-01,1.017362948744806372e+00
-1.111555264827041256e+00,1.035748203218221697e+00
-7.146746163797600138e-02,4.679150939887206651e-01
3.299868913587616359e-01,2.391446896279670609e-01
-9.852921907838537718e-01,1.010605411179776647e+00
-1.127975490244949253e+00,1.007676231438939141e+00
7.925969495603930881e-03,7.048999137111523761e-02
-2.509995512930724426e-01,-2.124892525504269991e-01
1.143876996306105315e-01,4.711446722927470354e-02
-1.451455750419306634e+00,1.135942049426041711e+00
-1.124172678268829106e-01,-3.844377938337275036e-01
-1.035684263588463327e+00,7.329470872493653033e-01
-2.173905081888259927e-01,-2.717038316543849419e-01
-1.585037160918581378e+00,8.030144712436422250e-01
-1.878717502916470716e-01,-3.152950756193379500e-01
-6.034681821415705666e-02,-2.565843434929538369e-01
1.372876170451160505e-01,1.924801796303377832e-01
2.793737496911915044e-02,3.318597063474007514e-01
-4.923201512748169861e-01,8.749352598885545840e-01
1.671508122591812417e-01,6.978280843971794434e-02
-7.323920545618592959e-01,1.096606768286763289e+00
3.306118258976699642e-01,1.376260761364279106e-01
4.641252472980991750e-01,-1.723911850645883370e-01
2.147221806913858153e-03,-4.382646183463235756e-01
-1.131418587405690568e+00,1.031437560042786084e+00
1.970309165409951102e-01,2.642296189289359276e-01
-1.027706316929895454e-02,-1.602455618809159599e-01
4.642362129123129288e-01,2.043729362700185681e-01
-1.307611948508526023e+00,1.061977846740833398e+00
-1.090093134120711404e+00,1.150091175913617869e+00
-2.761094418309429505e-02,4.585474976791175661e-01
-1.086484192542744198e+00,8.610914966113896174e-01
-6.049821077055911323e-02,1.641343263266583641e-01
-1.275578579943408952e+00,9.535728417450730632e-01
-1.410832380785098650e-01,-1.612054670636095255e-01
-2.813303062017020184e-01,7.806325315183153257e-02
-2.960362714312366750e-01,-1.940959476410682172e-01
-9.212512995772009772e-01,1.341885808345153475e+00
1.718010036207938962e-01,3.402945470657333660e-01
-7.096815673538745539e-01,1.309865174716211111e+00
-9.466257648808775738e-01,1.255613591942209117e+00
4.440603532266155784e-01,1.294772600338194024e-01
1.109943193891313185e-01,-9.047645890084228537e-02
-7.135543238824508527e-02,-1.061325101525762288e-01
2.365731533495320782e-01,-1.919656347882429670e-01
3.067565385839977898e-02,3.546172111561442936e-02
-8.538529358760503785e-01,1.081224980390317336e+00
-1.030054700042278393e+00,6.592483022321535824e-01
-5.142222373660370049e-01,6.700317196128333652e-01
-1.081760548222819196e+00,7.771832635458371108e-01
-9.464132849731522468e-01,7.529343764866194277e-01
-1.243298992971753725e+00,9.133324806687500574e-01
-5.858900272900147144e-02,-2.475318217747458915e-01
-9.589411120516926346e-01,8.580238331863591084e-01
-1.267041368554362002e+00,1.365657969565358343e+00
-1.062332224036721229e+00,9.793286750921581518e-01
-6.863768829711296426e-01,1.086116222595411740e+00
5.860409051614563075e-02,3.906484900029909973e-02
-7.065168593863525581e-01,1.004378439426836467e+00
-8.456971441651645049e-01,1.106077826643436790e+00
-7.488384438084156880e-01,1.098172822758303191e+00
-1.340152757793570570e+00,9.542648164812032041e-01
1.686550933230675786e-01,-7.949223057614604460e-02
-1.788940012515831679e-01,1.450558683909816682e-01
-2.301714948320088827e-01,-2.937316425587763735e-01
-8.079818032935029981e-01,9.506075574437660158e-01
-2.270829872522333870e-01,-1.369647772549220932e-01
2.036735138128240585e-01,2.835682633277463588e-02
-1.134924409365554832e+00,1.274611842473426959e+00
-1.400361098126877424e-01,-1.556022150909794864e-02
-2.007888631058115936e-01,5.756575783057724799e-02
-7.907583032434000181e-01,9.492572952173514711e-01
-1.071460334676007875e+00,9.468146538267566692e-01
-1.362292923401257960e+00,9.835957993743071892e-01
-9.717240241633232634e-01,9.971349151849855375e-01
7.087553719970779431e-02,1.656420189699165657e-01
-9.298307483969374676e-01,1.118754618203994022e+00
5.362411053925472681e-02,-1.068528796822271337e-01
-1.199986694780031393e-01,3.040730692444801320e-01
1.324191105747602182e-01,-1.767849046593757689e-01
-3.430800556985891259e-01,-1.400943872924805822e-01
-1.325352900803101530e+00,8.551039462681050418e-01
-1.304129514562082093e-01,1.508020029755302860e-01
-8.943177762928171681e-01,1.103446173471260394e+00
1.100733961037370229e-01,-8.987324598619735039e-02
2.062435881572289020e-01,-8.355609006530444194e-02
1.888552764303703668e-01,2.837636651690245149e-01
2.502827746877800963e-01,-3.476526245770405477e-01
-5.690528892152131313e-01,9.376082218677793678e-01
-6.862377601152812312e-02,5.119641692226418739e-01
1.579476240894755468e-01,-6.409912253988075959e-02
-1.071255552019918733e+00,1.029672357452244613e+00
-6.180219882050570490e-01,9.657192631707529618e-01
-9.789581980697514840e-03,1.235988006566710387e-02
-4.449713205928609860e-01,5.565042386191114687e-01
-7.454589040396752964e-01,9.729480668418655220e-01
-1.121274555048411337e+00,1.011330441287133119e+00
8.559523862140154538e-02,6.329118347727519245e-02
3.603840778239716380e-01,5.004219090345313203e-01
3.546084430441651114e-02,-3.945420343320418799e-01
-1.003338649738506838e+00,1.182698184083149195e+00
-8.132854915388538775e-01,7.896600316540542952e-01
-4.463189721903226825e-01,4.774319645832452164e-01
-5.119147427084173863e-02,-3.977589851190899833e-02
-1.161150801214310802e+00,1.332177395296284317e+00
-3.189185567832113488e-01,5.243959489275732549e-02
6.457470563341838332e-02,-1.718587773965806198e-01
-1.076732890833171918e+00,9.771082213640738257e-01
-1.080316030688873497e+00,1.142881936559088540e+00
-1.098319396515140323e+00,1.287614386175300663e+00
5.688054606001419905e-02,2.865661936109798955e-02
-5.956660331817236198e-01,1.201753613149298072e+00
1.412096720741658762e-01,-2.047873233088343126e-01
1.252968950807775879e-02,-2.277181063039064035e-01
-7.567645198372621174e-01,9.603335393044554191e-01
-1.008132986027275191e+00,1.350510231053072774e+00
-2.777931731984615848e-01,-1.240652748679838546e-01
-1.186584506050549326e+00,1.345469608073066370e+00
-4.496393309693093587e-01,-6.953903724449085610e-02
-1.523214106810580670e+00,1.111797836226854130e+00
-1.353533094292843852e+00,9.676544940519223870e-01
8.946679084347849975e-02,-2.023457215581625501e-01
9.478409257952927214e-02,-6.605322049876530266e-02
-1.367708173752620660e+00,8.930273755653886925e-01
-1.292842876252196793e-01,-9.728453703736437974e-02
2.612943583199702768e-01,2.395317107918138455e-01
1.579300717808707621e-01,-1.395471585586196273e-01
-1.008127715107023370e+00,8.750025008097548351e-01
-9.667456544867654156e-01,1.296486026580729867e+00
-9.516127801775395301e-02,-1.607857549727352477e-03
-6.217532709373831817e-02,1.893048078015294733e-01
1.627093979216998887e-01,-2.661096429782736639e-01
-1.189457232041432277e+00,8.722748896937640994e-01
-1.567559729548019809e-01,-2.632872298197339381e-02
-1.263754482099518794e+00,9.881899759994648980e-01
-1.073877426760596387e+00,1.211998716536477616e+00
-1.105860261854982429e+00,7.867131444260959672e-01
-1.243342841450280692e-03,-5.281849693911326582e-02
1.453183779318552304e-01,1.665309792458844196e-01
6.981948023393780289e-02,1.925124995628882396e-01
-4.556965422829319934e-01,-4.564292564919403827e-01
3.337602345054651448e-02,1.572880424034747704e-01
-1.024116899482229726e-01,9.255684754891636834e-02
7.113636666109582340e-02,-1.476201070760628509e-01
-6.781190243351464808e-01,5.622034346640732982e-01
-1.263641427754989888e+00,8.579444477816657866e-01
-1.373878711400134511e+00,1.110446753836463074e+00
3.914117691055137849e-01,-8.229313423720952675e-03
-8.443226361135154345e-01,9.618453404794902184e-01
-7.586675372522531102e-01,1.122492614561417357e+00
-9.775123044660435356e-01,1.309667848373083254e+00
-1.047321936148991162e+00,8.863897423072991666e-01
-8.826140421780296341e-01,8.031033419533569750e-01
-8.579881089488869961e-01,9.956410203961180150e-01
-6.943357626342212541e-01,1.160310923018423201e+00
-5.127231782162664508e-01,9.913367160239114351e-02
-1.383096373313790872e+00,1.262008886314152978e+00
2.304721934066482347e-01,-8.869985040195874082e-02
-6.635646683822173098e-02,-3.030212033252014381e-01
-8.456612084074355273e-01,1.064893350567278185e+00
-1.083601619634521951e+00,9.822404893402151282e-01
-1.207592557288582058e-01,-1.721438464044469374e-01
-8.295927194030783269e-01,9.273278875082754391e-01
5.868673076110428877e-01,-2.465032068096018325e-01
-9.746678480603907513e-01,1.172238040959792782e+00
-1.171186750589376491e+00,8.370243402714137027e-01
-1.219136466662715135e+00,1.003616216493483426e+00
-9.989544811500782329e-01,1.402009169984675285e+00
-1.086330172451601017e+00,7.072945581119391978e-01
-7.973917327358616136e-01,7.793939313286118997e-01
1.670513552484640118e-01,-3.635191982902080676e-01
-3.522578893115194121e-02,-3.147655791001690018e-01
-1.326758732899811166e+00,9.742647156199234493e-01
-2.835410362471423307e-01,1.230015246777773907e-01
-5.455814071614348837e-01,1.038446889502252946e+00
-1.914423303137428867e-01,7.460087409741027187e-02
-1.255731326237079504e+00,1.367641894940412328e+00
-1.349447672023529998e+00,1.002991923547538189e+00
-1.266671204382679772e+00,8.945001665058183171e-01
-4.873439357812400091e-02,-2.982398191150444910e-01
-1.170687716887408802e+00,9.645220612849123576e-01
-2.356247966462862720e-01,3.183685630443914283e-01
-3.237244579460321070e-01,-4.315567441613250496e-03
-7.834209837107846131e-01,1.139547473101635067e+00
-8.604016232471414227e-01,5.653117463375422203e-01
9.063908350900202202e-04,2.219518450132771936e-01
-3.061247626905929664e-01,7.187448181962975691e-02
-7.355308968606487641e-01,7.633542148580377829e-01
-5.606011474624252866e-01,7.849305255896772415e-01
-1.198947190599926715e+00,1.272945865432765444e+00
-6.827251446960176384e-01,8.036396939575664033e-01
-1.145738047545460603e+00,1.012418335966593030e+00
-1.076008212488864801e+00,1.144370093045517400e+00
-1.279807150960708961e+00,1.132887233331077326e+00
-8.804410423625202986e-01,9.527185269966170766e-01
1.581560030106924364e-01,2.777938695326385155e-01
-1.054309282562550187e+00,1.385869880846546165e+00
8.233387012375466274e-02,3.097577464527081492e-01
-1.174587245219603338e+00,1.381002482145895716e+00
-1.356371690778265471e+00,9.564830439904959958e-01
-8.624411672407501506e-01,1.076756973906908721e+00
-1.071992202184042682e-02,-5.708618292435938546e-01
-6.900132379476271449e-01,9.229734936674561796e-01
2.864163910729337070e-01,-9.323223776269544405e-02
-8.932518800573578666e-02,2.269883764224871203e-01
3.915194366364061485e-01,2.316585690709314083e-01
-4.429346036124077179e-01,3.312085289555974366e-01
4.560052377998348727e-01,1.562445152652115199e-01
-1.757005806518578961e-01,3.371853550389122822e-01
-1.067860359141894477e+00,1.122212541183148948e+00
-1.191525883414518705e-01,-5.855290296711623127e-03
-8.987734865676574314e-01,1.099933011352196122e+00
5.304533260290134750e-02,5.875353570206377080e-02
-2.670200327165623277e-01,-1.637780583544614851e-02
-1.005736910875315582e+00,8.874978653988011557e-01
2.975922300921625130e-01,-1.648290960672744443e-01
1.468999915003016410e-01,-3.882557487135573915e-01
1.050242690993377116e-02,2.113210366689018405e-01
-9.783689404001182366e-01,6.973955874986841330e-01
-1.609954818260272286e-02,3.380518903467558123e-02
1.385025389538581952e-01,-8.993568238511071011e-02
-1.805413705926038337e-01,1.273826678596823858e-01
-9.337937835783087781e-01,9.931026105355917899e-01
-1.273307423473721167e+00,7.496597004794572916e-01
1.540882359627545051e-01,2.349064228802452414e-01
5.186336254011750246e-02,1.240718732277502623e-01
-1.968141163555229833e-01,1.302425802570327529e-01
-1.124195771294942414e+00,6.604665048828775031e-01
2.876175258192122941e-01,-2.836412641604975082e-01
-7.364441764336090990e-02,-1.477923612387756214e-01
-3.342441124091701660e-02,2.445501980173604706e-01
-1.041361170922625728e-01,2.872329124198139683e-01
-7.558157655985121570e-01,9.664124732734721279e-01
-9.360925055683574358e-01,1.055885452193850771e+00
-7.541414373261776660e-01,1.063480095362351996e+00
-1.056433317656982229e+00,1.159831204631530888e+00
-1.124775746566725604e-01,-3.118059220736809078e-01
-1.166017799537006017e+00,7.287326386547875456e-01
-8.949561945878328206e-01,1.032916711625138761e+00
-1.665255644741215346e-01,1.628605982693307752e-01
-9.683597613676651061e-01,9.421336778913832477e-01
2.924862800335408797e-01,3.872584982452228347e-02
-8.234108362368839362e-01,6.583512453832733868e-01
2.736365537701845319e-01,1.540684013208068193e-01
1.526349262430221898e-01,3.932229782646528005e-01
-9.283034128621966419e-01,8.103071183406030942e-01
-8.969984358521966294e-01,1.158020562334417303e+00
2.511315819503491809e-01,-1.006319346054603686e-01
-1.368949595328080804e+00,7.680852405960467699e-01
-1.097016405555512275e+00,8.023599931279687958e-01
-5.929699668951352587e-01,1.170982100218633137e+00
-9.192667862621487496e-01,6.400425439631322044e-01
-9.455273216889373833e-01,1.130455466898046435e+00
-5.713146147415126830e-01,6.645134605036412401e-01
-9.425995747132261959e-01,7.675556343504736923e-01
-8.531877666524413373e-01,1.327253086999224729e+00
-4.232875991204340660e-01,3.907204410048274040e-02
-1.665689806511021220e-01,1.446082392843796582e-01
-8.630538768714678816e-03,5.659713543936359947e-01
2.996620788174767513e-01,-2.603092764363797995e-01
-1.051081305886497619e+00,7.522894941867143137e-01
-1.069858321939652912e+00,8.131272006365202198e-01
-4.605315904495123347e-02,7.053092144354590476e-02
-8.044339137900392567e-01,9.765011224191316730e-01
2.749053608891844913e-01,5.314796059990257310e-02
-2.874819684596114922e-01,-1.984318252992927079e-01
-8.190685031867416255e-01,7.670167815235902076e-01
-8.969864271030862646e-02,-4.444192900494184362e-02
2.234414672146937675e-01,1.174318559174269694e-01
1.817774994885594242e-01,7.344011462599309148e-02
-5.588205802281214218e-01,9.840313421002716554e-01
-1.850062316186560085e-01,-1.409858216294508915e-01
-5.134772026673929401e-01,-1.152863868193353403e-01
-1.103025670573739125e+00,1.367966071116685445e+00
-8.994394616111468510e-01,1.131809275311534080e+00
-1.362252284673758917e-01,-5.969851421487783888e-02
-1.309420550796261074e+00,6.548759872536319415e-01
-8.661783329348931026e-01,8.570122071382249018e-01
1.885837610665995756e-01,4.510775163769438212e-01
-8.977667766433454766e-01,8.061850503287579794e-01
4.341439204595184259e-02,1.359243166396539582e-01
-8.973855072474193340e-02,-1.875555915121382977e-01
-9.573098691221711976e-01,1.056615717831208112e+00
-8.585646527002124273e-01,8.797541449996731933e-01
4.739633992880030317e-02,-3.162735440946476961e-01
-1.285209405100608271e-01,-3.088963281780849890e-01
3.230619668944301193e-02,-4.369605798811264097e-01
-7.319480441448613650e-01,1.272443512534763954e+00
1.303560579297746540e-02,-3.716497914192450763e-02
-6.184172702769126229e-01,9.260618127375492836e-01
-9.463275636604537300e-02,3.017931658272841600e-01
-1.219725069276027973e+00,7.656291627055362703e-01
2.048951684417926744e-02,4.314429153740826917e-01
-1.028108375497915228e+00,1.259082247409432531e+00
-7.664428645402919793e-01,1.137626812583566682e+00
-1.234832853913879980e+00,1.059979873619420143e+00
7.319703528317293706e-02,-1.050524157943180936e-01
-6.048191825387996268e-01,8.424540799045396877e-01
-1.614479606285123270e-01,-7.477622491783147973e-02
-6.502485636227903765e-01,9.709893355545273774e-01
-1.074371521047835287e+00,7.321136104925776156e-01
-1.417026003776725163e-01,2.923076946089576134e-01
2.627349042685280245e-01,-5.043688145600324635e-01
-1.030833043807108940e+00,1.376132088830050781e+00
-1.240810454193168155e+00,1.097949647689406394e+00
-5.493807141398845406e-01,1.011195934414505615e+00
2.429092437519583120e-02,1.244020121445502253e-01
-6.634080284650194226e-02,8.426517281754969391e-02
-1.345725922943465491e+00,8.773403350037112247e-01
3.327874999709631854e-01,-1.563192572032001959e-01
-1.821525940754111228e-01,1.491867537773483576e-01
1.409292867955790896e-01,-4.036622132060416202e-02
-1.340806188531370735e-01,-2.559132100609680660e-01
-1.145121429449286632e+00,1.077494225143408091e+00
1.908536879333900746e-02,1.806455179138414819e-03
-1.083401649389829968e+00,1.002998660855016322e+00
-1.324068324935869345e+00,8.434563395722064483e-01
-1.674227652470521299e-01,-1.510750776194895173e-01
-1.332833510214632033e+00,8.932218128657452016e-01
-3.693983868116977598e-02,3.532767777375543650e-02
9.046459110741730814e-02,1.293823998505238826e-01
-1.244015454860168735e+00,1.346778646907780264e+00
6.852012986306017794e-02,-2.793208660365020801e-01
-6.404453828551959216e-01,1.131003950223630650e+00
1.432967370198106050e-01,-2.858767230153380634e-02
-5.874691873671438191e-01,1.278043104603731495e+00
-6.846651079197134393e-02,-2.235944390221170086e-01
-1.042597129753851215e+00,1.202768082993996401e+00
-1.556904329761327373e-02,5.659606181794158038e-03
-1.320382765901441990e+00,1.094419029380482300e+00
-1.167941526888802484e+00,9.655432370234745543e-01
7.499445729904122282e-02,2.513609374997427537e-01
-8.517827282119805332e-01,9.945577161100127572e-01
1.187088138356124506e-01,-1.502948788093900478e-01
4.281256978186619849e-02,1.294213336951658376e-02
-1.638965752060732028e-01,-1.068396024498146774e-01
-8.739942478790460045e-01,1.171367474670338860e+00
-8.180747258381274034e-02,4.799846378214594478e-01
-3.657769493752189849e-01,-2.793140477375822273e-01
-1.235404684423754562e-01,1.623921656346063724e-01
-8.960237387676742715e-01,9.761786076202424445e-01
-2.030680834822919389e-01,7.122894435293107562e-02
-9.636241597169301620e-01,9.187752381741532970e-01
-3.589842584613135712e-02,1.605266732868177448e-01
6.484094629344837324e-02,-9.033021131618138022e-02
5.530689960894070722e-01,1.454419336822743991e-01
-9.893894727530332389e-01,1.067555405734259555e+00
-1.305038637641950050e+00,1.035856022608424798e+00
2.351747300609174571e-02,-4.596648711275491683e-02
1.734379891116687167e-01,-1.875135531038071846e-01
-1.132812751778739635e+00,8.985449542016026303e-01
-4.934318121610392627e-02,5.398636799495700606e-02
9.758857357632137741e-02,3.698005685321757441e-01
-1.743430918916786532e-01,4.320725955833781828e-01
-1.206509050078795164e+00,7.899771704458030674e-01
-3.393881278209004426e-02,-3.378229628911715299e-01
-1.250538210714938092e+00,6.933012030238221435e-01
1.187373229249975709e-01,-1.632412210352956472e-01
-1.458635788928104748e+00,1.128682950097670501e+00
-8.760417406217138048e-01,1.113498502152446834e+00
-1.763613219572493507e-01,3.160439628387913882e-03
1.110950784645482747e-01,1.345941428274786411e-01
-1.054712867902771745e+00,1.378913862035977544e+00
-1.225586033186568224e+00,9.724600872856076217e-01
-8.431688867046784885e-01,9.656617638435343043e-01
-9.456326643545243105e-01,1.122520232188664702e+00
-8.658480454637929383e-03,3.552875403916296720e-02
-7.265216637537336153e-01,1.113090536579887768e+00
-9.601026927053102344e-01,1.004640933900032396e+00
-5.775373032865686040e-01,4.302254034522113302e-01
-2.299439891735581554e-01,1.393507569230438836e-01
-6.240268469130125784e-01,9.761336836301068853e-01
-8.808570081889756098e-01,8.701672035101255531e-01
-1.050296469601044613e+00,9.661703631516603830e-01
-5.255323111613478815e-02,-6.572289123962773982e-02
-9.234786546099239546e-01,7.174634007612556985e-01
2.858827924178561908e-01,-3.504376858599031475e-01
-8.918189593512889646e-01,1.266939658703258420e+00
-9.582595122889873140e-01,1.039368521724233441e+00
4.307029293375954082e-01,-3.324337773190411682e-01
-8.559933180327912450e-02,-1.479021381665596158e-01
-9.115149383126630589e-01,1.108330138634143314e+00
-8.958686879181927409e-01,9.589787878658384557e-01
-9.583584304159742384e-01,1.237964509001988178e+00
2.038071561099294438e-02,-1.531890760463882895e-01
-9.945143076703625296e-01,6.312080489197000599e-01
-3.377131714330900980e-01,-3.910953641692453686e-02
-1.267837108822488901e+00,1.101367685486610570e+00
-1.235475656997681027e+00,9.409982059286404743e-01
3.279843007407034355e-02,1.240330948462680938e-01
-2.123515899161680931e-01,1.950812658674994648e-01
3.615127836676808593e-01,-2.028686844521470911e-01
-1.098450528470146237e+00,6.709532407358032025e-01
-1.336419873129077063e+00,1.132696536056962744e+00
-6.797865517524336043e-02,-3.790760036376741859e-01
-1.181065998950429075e+00,1.034188940335835749e+00
-8.623630560055390859e-01,6.360203487792512878e-01
-2.091240830897037051e-01,-7.773389173054964796e-02
-4.053634043465699499e-02,1.072170628669311954e-01
-3.242129641761907766e-01,-6.979568152309657825e-02
-8.768238285297670354e-01,1.109334838774900689e+00
-9.618515264078028593e-02,-2.644503676059371533e-01
-5.531733470530377783e-01,8.775073159100330589e-01
3.629112152156905441e-02,2.890740769649486341e-01
-1.161107312352926524e+00,1.194066762711546881e+00
-1.025916615081035932e+00,1.321405292616071536e+00
-8.178538295214548004e-01,9.106920014231631999e-01
-2.614094831252269380e-01,-4.713276697619759315e-01
-1.273812694644084198e-01,3.452629669148785108e-01
5.320473749233713828e-02,-1.639597827413066533e-01
-1.115178809167988616e+00,8.668072297434913365e-01
-3.131988713933097634e-01,1.177924636264071900e-01
2.586062405105740702e-01,2.901021280531691435e-02
-9.490443884936893282e-01,9.831939850697720695e-01
-4.432134469002715904e-01,-1.989774804485845983e-01
-1.001303416050426609e+00,1.122310328949484237e+00
2.654702002082090506e-01,2.246148250840490912e-01
3.387040003186356230e-02,-2.920768720264390050e-01
-1.198182106803327429e-01,-9.561736335313333890e-02
3.905153368289041721e-02,3.137935533944392202e-02
-1.039973438417136409e+00,7.456513766720745950e-01
-5.790797524277409014e-01,-1.511461943144002951e-01
-1.327978182541002417e+00,1.131397759799769753e+00
-1.105395748872341155e+00,7.978636837584857089e-01
4.920389878871871819e-02,2.847547096502657804e-01
-8.214957426315706857e-02,-6.794492368544675920e-02
-4.454585965803378733e-01,8.926472027302365109e-02
6.145497654541606444e-03,8.106822523276580039e-02
-5.651995751044455729e-02,-4.319482106120119957e-01
-2.447587411434215265e-01,3.488598997765254284e-01
-8.769839135405301800e-01,1.103814669558263573e+00
-9.967847830876840343e-01,1.067727580456064862e+00
-1.742404095748296688e-01,-2.539878991178315393e-01
-2.043168672247693551e-01,-5.342341706931326151e-01
1.212311288294168898e-01,-2.616161725386794996e-03
1.408562865502928536e-02,-2.278563246111958984e-01
-1.694445769744033770e-01,1.489572095317390488e-01
-2.931246242606547897e-02,2.573251813707475022e-01
3.411764591338811714e-01,-1.070287361101917309e-03
-1.034754598421585348e+00,1.111779871520206520e+00
-1.256701299497997582e+00,9.965724942865028524e-01
-3.436392547167069766e-01,9.610435635389660836e-02
-8.994904769148234225e-01,1.229794887252892321e+00
-6.301993932075639071e-01,9.951388759374328874e-01
-3.285056290388898570e-01,-2.330375733929877513e-01
-1.254788681264294103e+00,9.941506386727092526e-01
-1.179336647238001357e+00,3.740298928166208015e-01
-5.808830229979096149e-01,1.021163129762561878e-01
-8.046962216566744264e-02,9.005201367767830950e-03
-3.465119440553759284e-02,1.847729610515765619e-01
-1.116247130938494037e+00,1.489559734518852263e+00
-9.183066088531743887e-02,2.664504136641090426e-01
1.095697668201056213e-01,2.587999354136329422e-01
-7.540341195956191678e-01,7.008383597439460377e-01
-1.382143378573519599e-01,2.828150117686413778e-01
-1.501619572698741356e+00,1.129009621665300722e+00
-1.315444689655932975e-01,-6.655463455375189297e-02
2.161916922883269365e-01,4.347604828190911042e-02
-1.289843195059100722e+00,5.079971133670115879e-01
2.808387348082178603e-01,-6.668721711652175754e-02
-2.768645222934396632e-01,-3.203765963250956861e-01
6.442011375530579120e-02,5.524665622266855536e-01
-8.806737590967905760e-01,1.494843578742029333e+00
-7.373900694249442278e-01,8.726083829155113492e-01
1.205764554464007626e-01,6.838114096584140163e-03
-7.347460711118450338e-02,2.964602610271806493e-01
-1.128154288258315541e+00,8.827752262568346886e-01
-1.149270088158648173e+00,1.422301932604129293e+00
-8.561080969059094992e-01,1.264682596497749500e+00
1.192105902601889311e-02,-2.029688866210433984e-01
-5.924010698317363488e-01,1.257733798050681528e+00
-1.326702393806653779e+00,1.113560180021286428e+00
-6.718135264066062984e-01,1.257032299378724183e+00
-8.801547203061451663e-01,7.436069328423347002e-01
-9.294788323810734276e-01,6.139254590994414063e-01
-1.054818972805087185e-01,-2.829545646560577832e-01
-2.577498895353955710e-01,-1.944481445334102776e-01
-1.155329618422498150e+00,1.146473196850007703e+00
-8.733119878459321139e-01,7.366266930430800386e-01
-1.251345664779867528e+00,8.735986063468537122e-01
9.401097747743542010e-02,1.244707583666408712e-01
1.408124403044860029e-01,1.754534439248011390e-01
2.236777194003676181e-02,-1.629807636445067959e-02
1.152272264055324430e-01,1.560459206970016000e-01
-1.004043443915208833e+00,1.069363768504245638e+00
-1.372616362810087365e+00,1.505501259860472452e+00
-5.911877409473405114e-03,-1.167316231402191692e-02
5.698099293633664998e-03,1.018893556749219109e-01
-1.502581311767018854e-02,-1.242524315019731124e-01
3.101827340811164069e-01,-5.012517280296188149e-01
9.540167391805774721e-02,-2.875651711563077459e-03
-9.348728650804278839e-01,8.637232670447614336e-01
-8.255836146694115474e-01,1.083989213544921615e+00
-1.776703787567324722e-01,8.167036287961136620e-02
-1.230661929507731456e+00,9.890740309316338186e-01
-1.136766892534355033e+00,1.054695398355184999e+00
-1.357670447467100305e-01,3.924117311184306678e-02
-9.109449126944715314e-01,8.496834287551944254e-01
-1.096083371729890121e+00,7.608028151186202459e-01
1.377751980033922741e-01,3.956128281189834339e-02
-1.053254062049349571e+00,9.500723715109570255e-01
-8.112155698274944871e-02,1.364540209089797618e-01
-6.263076305118725484e-01,9.734427165172624408e-01
-1.033135474957340483e+00,1.082677485306158927e+00
5.776534937136721358e-03,-2.317743992011742360e-01
3.049988926216066210e-01,-3.120148407984447148e-01
2.612153400313807494e-01,9.652109341774850471e-02
-7.011721863196103410e-02,2.532891065740463521e-01
-2.177935726354286172e-01,-4.043133954169824684e-01
-1.018331082156770373e-01,-1.255901059458151489e-02
-7.611036232037489413e-02,-2.469085099518013304e-01
-3.784570291665846631e-02,2.702120422558483281e-01
2.396111468126562588e-02,2.370338961051907112e-01
-1.484373334159473812e+00,1.167050016797941625e+00
-7.813770468999896301e-02,6.436140316584200438e-02
-4.527042864241016124e-02,2.047100703516178399e-01
-4.088957058870715949e-02,-1.297362513174163678e-01
4.225036664547505705e-01,1.784052908773043900e-01
-9.574384809711316002e-01,5.498852438091594852e-01
-9.053342381566820141e-01,1.148602969075941171e+00
-1.102162051597596504e+00,1.304233287158805821e+00
1.956351437066438381e-01,-8.453035676441984780e-02
1.970815053252011895e-01,-7.187453788518277653e-02
3.655113352216130540e-01,1.630779058119145863e-01
4.993293147964759648e-01,-2.585981095443248834e-01
-7.565718295461008047e-01,1.241804055201011003e+00
3.279219302887769749e-01,3.805508833474821606e-01
-7.854334119956074556e-01,1.046612884654024356e+00
1.635257211071332317e-01,-2.422542974407647376e-02
6.028508686127612322e-03,2.289739169845703692e-01
-2.079638682680694795e-01,-2.144416453913868814e-01
-1.040993010517593742e+00,8.800814025827197185e-01
-1.426567589174385919e-01,-3.146821875697298765e-01
-2.588370567167748160e-01,4.256749361028097645e-02
7.242017872658631505e-01,-3.831761921889697553e-01
2.082864943740494329e-02,-2.763112311998756065e-01
-1.248024585358336741e-01,-1.817356881445147260e-02
-1.008419325227367880e+00,1.033006494757747751e+00
-1.810829158656581117e-01,3.474470085445315742e-02
1.814112789534265968e-01,-2.007311450665970054e-01
-9.618887010777901203e-01,9.677492276466520549e-01
-1.086021407088569424e+00,1.361372449347823199e+00
-2.222739444801121456e-01,9.036039641918637566e-02
1.933137841100654175e-01,-5.786556482232146914e-01
-1.076093623003391064e+00,9.700468521298384328e-01
-7.802356033790856273e-03,6.453345165255450211e-02
-1.054577650850961001e+00,1.471747193749562532e+00
1.137620421615475989e-02,3.254130249911242612e-02
-9.060383039993822329e-01,9.164441050142897449e-01
-7.747742431666164720e-01,9.259966872442965125e-01
1.000654957888952173e-01,1.452295886988758111e-01
-3.364039887249906796e-02,-1.829660954648120175e-01
-8.335020193394511168e-01,7.977799003280505730e-01
-9.160108493499669047e-02,-7.552284481234521063e-02
-1.995908388690752489e-01,-3.468675950119672335e-01
1.837851565405101695e-01,-5.825277041836535857e-02
5.069846951512254479e-02,1.627438807452658565e-01
-9.801750655146925784e-01,8.556465163553835795e-01
-1.153104671843220741e+00,6.830816773240112605e-01
2.766829633161700941e-01,3.075709920606436998e-01
1.343763315314130680e-01,-8.415865520542958889e-02
3.623687334699733642e-02,6.237817896695072722e-02
-1.051829855571429384e+00,7.253247867938947824e-01
2.564381170361976214e-01,1.309802246085717825e-01
3.162168529063216216e-01,6.950738543388448876e-02
-1.214760765110442842e+00,8.622971165876907040e-01
-7.642296173099134560e-01,5.936814290007418338e-01
-1.365287671689642934e+00,1.281706863243317285e+00
1.939939921051958838e-01,-8.246798250104789285e-02
-9.229748296767812388e-01,1.139761946396967041e+00
-1.183828157925449043e+00,1.351669634384668583e+00
1.827668791762476208e-01,3.072083333600954536e-01
-8.477417226745473933e-01,1.288120975166189286e+00
-1.207484639152012873e+00,1.061661841667762340e+00
-9.556832913000166269e-03,1.939943678742744593e-01
-9.859199904400302028e-01,9.936956251497601755e-01
-1.326599438545682519e+00,6.891115639099958390e-01
1.080318384493167000e-01,-2.753865032707757954e-01
-1.105822200189109372e+00,9.278595544348153812e-01
2.322422596973568731e-01,-2.456835547285409482e-01
2.110100977669338296e-01,-8.456035501138313426e-02
-8.415425218231502580e-01,1.080345509172078389e+00
-7.860113117085346102e-02,-4.905834662802167900e-02
-1.196193790374057431e-02,2.356269033293758031e-01
-2.198988315062903875e-01,-3.480698535582005260e-02
1.139341677726782992e-01,-1.752962179056724579e-01
-1.316936902107233021e+00,9.702742431470636753e-01
-1.164821027940889792e-01,-7.691017953110250958e-03
-2.535371257232347242e-01,1.076709839184765150e-01
-1.162054714081447226e+00,6.889921895146156050e-01
-1.423045242527845033e+00,7.230667917327693317e-01
-8.265733604182882166e-01,1.200424853954078719e+00
2.631345406464918324e-01,1.929082643502713912e-01
-1.919646664749522988e-02,6.920864428747085240e-02
-1.076057527197443964e+00,1.025559550862332969e+00
-1.065295940320612589e+00,1.194364846982793882e+00
6.170301019540780363e-02,-9.642831860965826729e-02
-1.057685345892645096e-01,3.818014259697423141e-01
-1.087991719165251947e+00,1.177672611837927930e+00
-9.269577761688245765e-01,8.937048328094736593e-01
4.558312122847374415e-01,-2.056225691504834086e-01
-1.513226270810310137e+00,4.493554244168174172e-01
-1.124402664601767521e+00,8.545639318933856421e-01
4.237120123099884506e-01,1.819861733061982345e-01
-3.314709250343999547e-01,-1.971558247359024851e-01
-1.029230715049504807e+00,8.131020265484587561e-01
-1.044380773077304703e+00,7.746276909561419233e-01
4.389811195190737036e-01,-2.055035531176669095e-01
-8.065939218157447410e-02,4.248256245549154042e-01
4.756438121757335935e-01,1.522188648752675066e-01
-1.515827265732501150e-01,1.612330657509976062e-01
3.139140432593515162e-02,-3.057718648378114357e-01
-1.060902145202337499e+00,9.356391815217867114e-01
-8.808661343936492749e-02,1.610735952563704665e-01
-3.347221496157340437e-01,2.604154358727548968e-01
-7.983657994872672692e-01,1.199001781776702913e+00
-9.763041419081565087e-01,1.097056224462087615e+00
-3.161932519522558382e-01,3.890800556691669798e-01
7.725755809023443499e-02,3.968497915957908823e-02
4.448591367856422757e-02,-2.400886696526665920e-01
-1.449087874266288545e-01,1.696877493979253859e-01
4.072314587655203461e-02,-1.501686547288426654e-01
-1.316108502222140153e+00,9.539177726986571848e-01
3.383103746246847177e-01,-1.109788275623128373e-01
7.656177888125202669e-02,-4.821010229345895626e-02
1.831828072547456165e-01,1.846850050314808867e-01
-4.117171775596232403e-02,5.750750964354044148e-02
-3.584380039850426081e-01,-2.742274665624192531e-01
-1.035408102997104729e+00,1.114814858188490687e+00
9.674520304357267508e-03,8.545200500648285347e-02
-9.258550222776933403e-01,6.688191352948684720e-01
-5.140290504371965996e-01,-1.555566758514766723e-01
4.885111270172783071e-02,1.221695597825337709e-01
-8.598259891196307070e-01,1.426515993827390583e+00
-8.133488379959054049e-01,4.752304917434931886e-01
-6.613248129345767889e-01,1.100792051641167335e+00
-1.106567976146556109e+00,8.559747529700756363e-01
-1.778566632218560595e-01,1.468365730712199724e-01
-8.956948725135165379e-01,1.224906765158978894e+00
2.068868253951533162e-02,-7.793847507617187448e-03
-1.326672299884170458e+00,1.496864063253743993e+00
7.498983233858098896e-02,1.952484387909212138e-01
-1.027616200953424874e+00,1.143181061744316995e+00
-5.053373552974464999e-01,2.896022864298141708e-01
-4.278227983816831892e-01,1.810406404503381306e-01
-1.843365907103351655e-03,-5.761105064070944776e-02
-1.332259199408102890e-01,-1.165329449959363051e-01
-7.564016410622971254e-01,7.723179555259530593e-01
3.926081904481922846e-01,6.006037418406921097e-02
-1.896991268734862235e-01,-8.119121251728056432e-02
-7.880863911318576331e-01,9.772746519429977852e-01
-1.222676324310863150e+00,7.386361686458884357e-01
-7.576638372480228867e-01,9.186278377102931048e-01
4.502292162759294336e-01,7.971235524417871754e-02
2.062908314416562194e-01,-2.860670311302462299e-01
-8.834250365895965906e-01,9.184871668135785594e-01
4.717599423310716612e-03,2.263232293524028993e-01
3.222627116473371633e-01,-3.120657012078915330e-03
-9.219822135682023134e-01,1.129660537413012422e+00
3.513367187819375070e-01,-8.251509384874348985e-02
-1.047874781654388604e-01,-8.941912175110955374e-02
-1.983158252074622430e-01,-3.324678376666768131e-01
-8.662275017717733228e-01,8.800716373782534463e-01
1.765344669773539488e-01,1.749405399822263341e-01
-5.578250745699300239e-01,7.407852715375461417e-01
-6.967518156853871325e-01,1.375783154238658934e+00
2.914669489301409677e-01,2.706689900779530866e-01
-1.188272857765651391e+00,7.113293235358777444e-01
-8.627221775424046557e-01,6.379397789608949321e-01
-5.142207812108297305e-02,-3.499026146657374103e-01
-7.712588693461372991e-01,1.014211472069531439e+00
-8.478363949266431998e-01,6.329713269707428758e-01
-8.911509862653195224e-01,8.253139962245307215e-01
-9.751592032241596097e-01,5.409562714211467727e-01
-1.122456532858084666e+00,9.638708561374165207e-01
-3.583060942703390067e-02,3.998212867146752614e-01
-2.863614993378152951e-01,1.524924060066561449e-01
-9.985544593226959309e-01,1.089479647616115932e+00
-1.090141574476544362e+00,1.069405362782633206e+00
-1.078652585371977279e+00,1.116424019355387376e+00
-2.651443586351135417e-01,-4.128790862390581684e-01
3.685537530486773239e-01,5.929547413547613388e-01
-1.111861552769149553e+00,7.055425899439907722e-01
-8.226854001666922267e-01,1.231906687745996321e+00
-2.143011231701069386e-01,1.560307226880830178e-01
-1.361583843063735033e+00,1.067765023508685074e+00
5.095744643623715264e-01,-3.559527544852677527e-01
-1.378242024035388757e+00,1.139420109437578876e+00
8.192484795044892645e-03,1.761315392078512398e-01
-3.067819383553178625e-01,2.876830195121184430e-01
-4.739723070609562772e-01,1.610178387786798393e-01
-1.044005051048872701e-01,-1.246529739111778695e-01
2.664053179192445511e-02,1.662418000339631607e-01
-6.047062836647014716e-01,1.211663187326075919e+00
-1.086063284885344871e+00,1.190087616459956976e+00
-1.323802560396522277e-01,-3.218074896920645189e-01
-2.074946144885571608e-01,-1.134707131919928946e-01
-9.698536054911081061e-01,1.053807267955779947e+00
1.001032941882738919e-01,2.045898285158811725e-01
-1.596726511842136764e+00,1.459546999429875092e+00
2.296431990275068502e-01,2.656472278411671772e-01
-6.016942412380103800e-02,-5.633572852276265142e-01
-1.426197401300174139e+00,6.955241137787293582e-01
-1.097232126048473422e+00,1.319688456355029516e+00
1.804355671982583731e-01,2.133495077584400546e-01
-5.476946602449579427e-01,9.269396958850454338e-01
-1.222061057300875220e+00,7.510148357040371536e-01
4.170234399601356334e-01,3.242170284410745840e-01
1.812252832196035697e-03,6.197683997251697552e-02
-1.117542168224011867e+00,1.243469466441718518e+00
-1.901532575515169077e-02,-1.489932896203947366e-01
-3.225512332459696263e-01,-7.201879156514839897e-02
-1.044346175356650308e+00,9.821864951545846711e-01
-1.034013149967504486e+00,7.050612073265729585e-01
-1.288940983065899326e+00,1.146041438162429094e+00
-8.647158293655775596e-01,9.726024955831031882e-01
-1.163459241826996449e+00,9.589243464609221723e-01
2.797852311811613868e-01,-3.521636022186664938e-01
-7.368731409935036503e-02,-1.321747467037317769e-01
-7.180393382316441198e-01,1.398865902957226348e+00
-9.157147023774929728e-01,1.088533022608970668e+00
1.432098177869132460e-01,2.123602127636857184e-01
-9.268231024535599216e-01,1.049608404638140424e+00
-1.266248198685991699e+00,8.066256987449813565e-01
-1.019709553269295244e+00,1.096713645061947684e+00
-8.903950239615980589e-02,-3.610409008828933120e-01
-1.397109504148862369e+00,7.495754715366662602e-01
-6.468754086516218527e-01,1.022419390411700046e+00
-1.440071154894999816e+00,1.061354536733663867e+00
-5.368966190018192169e-02,-2.054450844710250385e-02
-5.106939533157344585e-02,-1.869521379258782395e-02
-1.143633689231116080e+00,1.053747341258556292e+00
-2.038382511903928662e-01,-4.532194440287333204e-01
6.552392330834569401e-02,2.778912962360741146e-01
-9.537768696740860364e-01,7.530907378073159464e-01
-1.280409466256019480e+00,1.169779593524288730e+00
-1.632007994496558756e-01,3.353484985218375680e-01
-1.548347903574095186e-01,-2.015733533016965395e-01
6.682218372920042948e-02,5.387255958564038938e-01
-2.657137847309399836e-01,-8.501408337109438162e-02
2.479330036231520151e-01,-5.238691327316340185e-02
1.413753398956386041e-02,-1.891861635579434042e-01
4.746367733946024042e-02,-3.831920173179714229e-01
2.914084227192946172e-02,2.203930479979178125e-01
-1.797494629869693036e-02,4.588792495924154946e-01
-1.094121025254222612e+00,5.617066561890575738e-01
-7.898649324306306063e-02,-2.581617113546607056e-01
-2.892850071873483836e-02,3.192474479876719617e-01
2.659051144701047864e-01,1.125484859953569255e-01
-4.642889760912701780e-01,7.407376123738058649e-01
-7.331064455286437909e-01,5.738527887406089656e-01
-1.174830943160778851e+00,9.728688593303506105e-01
-1.237588064812240152e+00,7.882826283926546163e-01
1.403143967670603121e-01,3.941331266323199189e-01
-6.329423937336233763e-01,1.158983526592548413e-01
-3.596625747719740113e-02,-4.521356850620198431e-01
-1.367140965135951403e+00,1.009509952805419442e+00
7.477408562927045921e-02,1.102974630865314193e-01
-9.717998569393131447e-01,1.032685885487405475e+00
-3.768472831789814598e-02,4.177088676545814144e-02
-1.252825055083233163e+00,1.517602386890257060e+00
-6.368516798810319735e-02,-2.528305055129781986e-01
-9.732566373579737418e-01,8.711768480963159034e-01
-9.749849046315063328e-01,1.166268026603733077e+00
-1.041750756761476993e+00,1.032233630148297721e+00
-9.091692573273630895e-01,1.295150850269602305e+00
3.692233257028193494e-01,1.613771065602526700e-01
-1.863079519473320456e-01,-1.231097464416374132e-01
1.261732332821054736e-01,-6.293617103513063187e-03
1.577344406713012681e-01,-1.451799226095283335e-01
-7.953474373171851575e-01,9.636152436509467512e-01
-5.404907103388173484e-01,5.501156657004241390e-02
-1.046048650470162489e+00,8.026769692594736272e-01
-3.770898775170566236e-02,1.346921855623210429e-01
1.586911335052499927e-01,6.112226917365139872e-02
-9.500836280723023997e-02,6.266991057896773715e-03
-6.907138400352422214e-02,-7.920417797965081941e-02
-8.456319036471532380e-01,8.446184422620932608e-01
1.742259591365101223e-01,1.619786402451430241e-01
3.407096661781021385e-02,4.724681530338861908e-03
-5.524100730484717836e-01,1.070939905111507606e+00
-2.780574746516701889e-01,-1.213439512244804813e-01
-1.097690694126602251e+00,9.372681619700141686e-01
3.177666625520539911e-01,3.668712230930903928e-01
-8.101016669907906698e-01,8.828554414704046227e-01
1.221637587233761341e-01,-7.415494839913548686e-02
-7.602826535176488987e-01,1.035245941533941672e+00
-9.247602192685229205e-01,8.585769710142588940e-01
-2.955415488954036274e-01,3.158904596804207321e-01
-1.785531631310082745e-01,-2.698778144446593585e-01
4.866403046499096496e-01,-3.102218456397920140e-02
-8.034634255459988106e-01,8.142377573038387384e-01
-1.940426715282118908e-01,-1.809154789756622916e-01
5.159833760029701732e-01,2.311023135163648989e-01
-6.074364720491138847e-01,6.139118709080346736e-01
-8.585678963601318658e-01,1.009174596666997825e+00
-1.055021709927900231e+00,6.776214604876962255e-01
-7.329789635164021266e-01,1.200409974054249762e+00
-1.545625319829421751e-01,4.135886779356374721e-01
-1.363396975249390408e+00,1.140880085608995564e+00
-9.023899499109622191e-01,1.190429807662018113e+00
-1.156202199112858153e+00,8.992762342827460564e-01
-1.018958234326346135e+00,1.323070584336217603e+00
-9.492900602567990731e-01,1.027999554967081064e+00
-8.996637450230089428e-01,7.763961176493698879e-01
-1.035788100488566510e+00,4.116256853197807208e-01
-1.075868989139619591e+00,1.197895120791076851e+00
-1.299294120404585196e-01,-3.507631776449511851e-01
-2.096983643624618365e-01,-2.963694646845545927e-02
7.757515489991129165e-02,1.639919607210972297e-01
-9.596714171115314773e-01,1.058225353801986790e+00
2.238621031204260370e-01,-3.133801492454467152e-01
4.173236461577862211e-01,-2.238973367282811044e-01
-8.501986228563229719e-01,8.952581315323007161e-01
2.258912820181159520e-01,-8.322842893007723758e-03
-9.490788040738142028e-02,3.425694258137584186e-02
2.728731347295632603e-01,2.142245316417115963e-01
-6.624838464593154619e-01,1.168532476770557160e+00
-1.113686537014259015e+00,1.098378716395467913e+00
2.370028289919250131e-01,-9.283983435323411859e-02
-8.950721877721772302e-01,6.491760979012677346e-01
-2.578013086756284281e-02,-9.883162871176924547e-02
-1.292357594529350617e+00,1.150771659081731624e+00
-5.959205427860250204e-01,1.201553412367925677e+00
-8.223172152895061870e-01,1.161233006889738073e+00
-1.273866903358142011e+00,9.288503415405103825e-01
7.699366762361864458e-02,-3.262854768650730319e-01
-4.502651214048662698e-02,1.024865252580130642e-01
-1.220080298300346922e+00,1.087397898907769278e+00
-1.059895860287676683e+00,1.278053092683894221e+00
1.180029738974223141e-01,-1.694981374206016855e-01
-1.258524520463396357e+00,7.379475810453653972e-01
-8.290706362321292877e-03,8.063353622648113117e-02
3.947361660096960212e-01,-6.451925750723042086e-02
-3.124229616410674135e-02,-2.244129695227544963e-01
-7.780685911597473581e-01,1.108188799989431983e+00
3.959449949380840494e-01,6.690323004131863878e-03
-9.550446179667463342e-01,1.600011270727796919e+00
-4.327942688141640515e-01,7.397024640990371713e-01
3.513904380302653174e-01,8.669131348757169037e-03
-5.805296196359925887e-01,8.956477215385023616e-01
-9.764691515841769642e-02,-1.337360904990572974e-01
-1.128430496559071017e+00,1.187803384838161058e+00
-3.618345003781939240e-01,-2.974894185570570171e-02
-8.870060077379072760e-01,1.151930512203496848e+00
-1.506392986187961469e+00,9.233431210388111099e-01
-2.989094955255388042e-01,2.611097190413462776e-01
-1.015815914686237775e+00,1.065086491480780051e+00
-2.404738097809538122e-01,-1.162449597848608795e-01
-7.046331822704940961e-01,9.381196046475723804e-01
-4.118551600697294146e-02,1.332825371197342290e-01
3.031976290344473579e-01,-1.750441053507217903e-01
-1.266430636197253268e+00,5.765851884405810424e-01
-9.556156577640142480e-01,1.113644777344964254e+00
-7.562964044263499330e-01,9.383795851017342482e-01
-1.453572951866050733e+00,1.146325618966933746e+00
-1.059502673488447178e+00,1.217069119940191513e+00
-1.148255792189091018e+00,1.105219817851783137e+00
-7.610514331992632719e-01,1.201700876011624786e+00
9.443865123084605948e-03,-3.805576312526892102e-01
-5.468269843717253886e-01,4.278029558019864065e-01
-7.749896985370781088e-01,1.173848997388026838e+00
-4.573496236303759566e-01,-2.890617259870525979e-01
1.096452050668339229e-01,2.250659682243525903e-02
-8.227705909999636358e-01,8.778561619014473294e-01
-8.149154637106620358e-01,1.048845409772864334e+00
1.104414833541361857e-01,-1.947250107746371639e-01
-1.059941259364329591e+00,7.729872992363199247e-01
1.576982406198663977e-01,-3.454777814822863613e-01
-8.143409204461475870e-01,1.259801722534959589e+00
-3.105688671918926946e-01,4.420936973289145144e-01
-1.167605627872655205e+00,1.058267757302703282e+00
-8.254041727718026689e-01,7.959366595970882585e-01
-9.873200970966928836e-01,1.034628770685557253e+00
-2.352068578580644165e-01,2.264688419889947235e-02
-2.788395347614596245e-02,4.307400551128710564e-01
-6.120572447509324832e-01,1.418100206243265271e+00
-1.323947875227736271e+00,9.472888647779402760e-01
-7.875918422727787860e-01,9.543668968935237196e-01
-6.198782387354750262e-02,5.114844550387502853e-01
3.050497170405773173e-01,-2.730177280684558672e-01
-7.218622425609000359e-01,7.527235014593751661e-01
-8.699658310875093559e-01,9.051212251721879598e-01
-8.664475870107080091e-01,1.036377928471246213e+00
-1.038076055141727572e-01,-1.070967904215586047e-01
-9.278450868265499807e-01,1.079371128116296097e+00
-3.705407407471935644e-01,9.198034522957047043e-01
2.573891502952740939e-01,1.235564708403877193e-01
-9.626243550675435134e-01,1.274621678781705514e+00
-1.311948034453779943e+00,1.264272929735969830e+00
-6.884937461894857780e-01,8.426355220385206568e-01
-1.050449608226810438e+00,9.496697823832122021e-01
-1.120169395443657845e-01,-6.901776614209549632e-02
-1.546721019482096282e-01,1.530371325500003987e-01
-2.245345856335154711e-01,6.042975353531861160e-02
-8.341878200379303498e-01,1.255149488963662741e+00
-8.708014972414021004e-01,9.770928316591387386e-01
1.443408166867606868e-01,-1.893003311089976604e-01
-7.583528299219631785e-01,6.379911839053404865e-01
-1.069135633154002507e+00,1.025512823817821495e+00
-3.886258965286473743e-01,-1.868174660613262927e-01
-4.990910084052165852e-01,3.769148356655621090e-01
2.394432758988793153e-02,-2.460746128926516174e-01
-2.870964115919328874e-01,-1.208467049876519317e-01
-9.497192087915946601e-01,9.612418980826983317e-01
-6.523494654653690938e-01,9.369526785090451781e-01
1.156949925366199533e-01,-5.725630261353088085e-02
1.530868659169755397e-01,3.386600670635228627e-01
-7.610264579536767104e-02,-8.867647278239709774e-02
-1.310666366713028719e+00,1.291297137018422081e+00
-1.341837411813814995e+00,7.643471929763572259e-01
2.110390478770632350e-01,-1.774086107160857406e-01
2.619428437268702670e-01,7.895059167657271157e-03
-4.398087670925634324e-02,1.632659043806908988e-02
-3.127569104203340444e-01,9.852771888068828643e-02
-1.270261829440964309e-02,1.326512250087162892e-01
-7.184599038105256019e-01,9.675442666766047584e-01
-4.055334422737368882e-01,9.022815053682698982e-01
-1.021758580898052715e+00,9.768442906450375274e-01
-3.101247315325045828e-01,-1.929794349024749056e-01
1.057283865391202837e-01,-1.411389524001070706e-01
-6.904307138974576930e-01,8.541750196946986673e-01
-1.020017003866671157e+00,1.469905717205966411e+00
-3.073427334818268353e-01,-1.440969159498641794e-01
-1.123032898258133905e+00,1.279712662902275477e+00
2.515048741153756429e-01,-1.108892203216691949e-02
-1.457590118202174656e+00,1.215679595296239812e+00
3.136401806580497720e-01,1.394511876728211641e-01
-4.915832433727265055e-02,-1.382009199358374962e-01
1.093556069809093062e-01,4.063767598059425112e-01
-1.522347274662027239e+00,1.110168549693535622e+00
-3.515965977255862129e-01,-5.409996802631065332e-02
-5.558940958509448471e-01,1.082615896142774981e+00
-1.042524127959665536e+00,8.208450607241080110e-01
-2.159882776868196352e-01,-3.913128160484135032e-01
-2.616388240056960468e-01,-2.170289693103276407e-01
-8.338367148406109486e-01,1.104528167044879439e+00
-1.031176237633303794e+00,1.167467919498020645e+00
-3.565755704405603604e-02,2.900611459697320371e-01
-1.623172955885450186e-01,6.077111602125886414e-01
-1.453899929074238540e-01,9.862711701048412771e-02
-8.156102337586966511e-02,3.017207402516974279e-01
-8.647700837276660335e-02,1.192700247424488963e-01
-1.614487897152638018e-01,-4.849887614418988552e-02
-2.083042661113775063e-01,3.707286294251023739e-01
-8.455780208146214116e-01,9.246304190675982415e-01
1.364830873297468161e-01,-2.102324076436245526e-01
2.250552134994261988e-01,3.618324196470213971e-01
9.441958561863679489e-02,7.314426558117922972e-02
-1.149735847484277595e+00,1.298369079335499388e+00
-7.751510328732045263e-01,1.285279856312528945e+00
-1.144823558192552548e+00,1.319946036305806203e+00
-1.092037949484232939e+00,7.341847646482515533e-01
-1.325929585325268667e-01,-4.441516845863686114e-01
-8.915467957287201983e-01,9.241253110432672280e-01
2.833081441517966426e-02,3.030091936053551649e-01
-6.249195771263456323e-02,-1.143672087604006155e-01
-1.167609682226690815e+00,6.060979985345763543e-01
-1.096475782214424433e+00,8.769944162635728846e-01
-1.074423793614483064e-01,-7.211820150516642935e-02
-9.956497077507750482e-02,5.429691699527689625e-02
1.144581364426108250e-01,3.557005257157625500e-01
-9.430218763286722927e-01,1.275348444034106521e+00
1.830563445656197830e-01,2.341944707071232368e-01
-9.128084206909801157e-01,1.205582025054818152e+00
-9.925556502737862274e-01,4.464158164246032623e-01
-1.015991276934861354e+00,9.482328677061923061e-01
1.098250229095750624e-01,1.331730337322040505e-02
2.042545856302372953e-01,-9.330553196159868667e-02
3.988951678044708876e-02,-1.006618486411293839e-01
1.231605683014871527e-01,9.337635999398130604e-02
-9.697538944987835752e-01,1.044918625396245249e+00
-1.202014930526659864e+00,6.902402980938268096e-01
-9.118083386786929312e-01,1.019851226436776281e+00
-8.419462996586353221e-01,1.130898549563613908e+00
-1.301606264800211354e-01,1.100861362428471879e-01
2.515941766468886009e-01,1.792573611662700295e-01
3.297275037972672296e-01,-3.601791123913046788e-01
-9.206953100361103814e-01,1.090207882202466783e+00
-5.348787539370485344e-01,1.341872099400442275e+00
-6.599834455968149882e-01,1.104537527413137932e+00
-8.646806761504056693e-01,1.290391972673959886e+00
-2.897404930262596490e-01,-2.627726912705010687e-01
-6.672711284918902974e-01,9.720190028172481789e-01
2.205428447544556247e-01,-7.924005034502445977e-02
3.384756099459881873e-01,3.585919578933171037e-01
-1.348030118367246066e+00,9.801538866471721789e-01
-2.066139986731321820e-01,1.957154494363832764e-01
-6.046127106269394424e-01,4.455030264228548170e-02
-8.691331712012408950e-01,1.072190253651178038e+00
4.103239496920541018e-01,-2.062754548059097248e-01
-9.711499553955448005e-02,1.740168212064523989e-01
1.451197207592634930e-01,7.625651088861898352e-02
-7.984867181247627954e-01,1.222913433820890905e+00
-4.945756394479790784e-03,3.252680901336095221e-01
-1.130367565540544961e+00,1.213652696384800667e+00
-2.541133486119222240e-02,1.174584266466456861e-01
-1.130131849517092002e-01,8.242001718563042589e-02
8.523396410564920700e-02,-8.570218314829909645e-02
-2.670632176719604511e-01,1.966264796743639326e-02
-9.909330367337203516e-01,7.814725771189758863e-01
-1.118386445684344865e+00,9.878482564903617869e-01
-1.029572866010922905e+00,8.060721045212222435e-01
1.190721583107096637e-01,-1.785493117558300813e-01
-2.689342829674202240e-01,2.153357078275642822e-01
-8.056389349442492076e-01,9.224086512381328706e-01
1.352281765517186207e-01,2.430536884332507586e-01
-9.698057960883480488e-01,1.235310072085240130e+00
-9.535800415474762204e-01,1.121232157927198658e+00
-4.070897386044330934e-01,-3.903406144502126751e-01
-1.051820400823987978e+00,1.103429628206087143e+00
-8.944244750812333500e-01,9.910219424066503136e-01
-1.530628872291853071e+00,8.155415849391842720e-01
3.734938216308398840e-01,-1.928986617215329713e-01
-7.597111726736542892e-01,1.118361119208495902e+00
-2.284081914526593649e-01,-2.476454210596148175e-01
-5.655803950666910690e-02,2.405278958538253076e-01
-6.308611390939838914e-01,9.461835790825979808e-01
-8.980440752080706135e-01,1.042175909273617140e+00
-1.262379446287485107e+00,1.131073600309418170e+00
-1.143830443638554684e+00,9.090629511371566274e-01
-6.282952828542372192e-02,5.424076856921448142e-01
-7.333913924878508739e-02,1.000647538571246414e-01
-8.384428619307939812e-01,8.347845557384334647e-01
5.097283503445775299e-01,-2.462366095341337047e-01
-1.181984745147313998e+00,9.405858780523216334e-01
1.843261164229336446e-01,1.443099961826358191e-01
-6.755545105706748377e-01,1.314862737111802682e+00
-1.425469174222993018e+00,1.159191187466200645e+00
-9.518477921962170685e-01,7.267079892281931297e-01
-9.405312310057095671e-01,1.180096847612956523e+00
-8.472929608881731856e-01,1.349034657870946230e+00
-9.936138614417593384e-01,1.135325317939818834e+00
1.526032714837477142e-02,1.729300303415925999e-01
1.050058591722331514e-01,-1.484579550826017058e-01
-7.053926709498057335e-01,1.025950847029634128e+00
-1.045767173650667736e+00,6.968119620765474975e-01
-8.005429204610153837e-01,1.216609176838333584e+00
-9.073501394755748573e-01,5.994748027568543858e-01
-6.345040636459806649e-01,7.795702842545877420e-01
-1.159473289955164965e+00,1.304934402244423808e+00
2.680278529245992414e-01,2.665504785305524149e-01
-1.181514484486598349e+00,7.313194581102508973e-01
-1.328501806933331419e+00,9.123257698915928637e-01
-6.923786845476032070e-01,-1.972170321940303339e-01
-9.664183739792098216e-01,8.496169133464820389e-01
-1.514398277003371936e-02,-1.309262556590377324e-01
-1.111621687314926943e+00,1.141520717046321076e+00
-1.649413845935835399e-01,8.464874814773590272e-02
-1.113556505923284146e+00,9.606984085068924761e-01
2.958218387363985985e-02,3.342532414453044942e-01
-5.005081223142313629e-01,7.326571012156550822e-01
-2.908322577666790365e-01,-1.476714434675392186e-02
-6.735951660696041232e-01,1.372271861349221300e+00
-6.979013637186459729e-01,9.450510762801153097e-01
-1.031803716017609229e+00,9.353360699626298569e-01
1.639685401479519522e-01,-1.472588051373072415e-01
7.726047200036377516e-02,-6.243153131243291132e-02
-1.802224645870912634e-01,-2.170296088628371478e-01
-7.352701433819009980e-01,1.198637445751777220e+00
-5.624737093647365072e-01,1.300411448975340001e+00
-2.757396117638360455e-01,-1.420369567343200412e-01
-7.260448858100934100e-01,7.606198273370285978e-01
-1.247666228694842783e+00,1.311892780743986409e+00
-1.187537050792263071e-02,2.620680378541242472e-01
-1.052268354776538128e+00,1.040658048321280171e+00
-6.022973088390323193e-01,8.006805407985845280e-02
-1.568797987533417704e+00,1.036366097550346588e+00
2.078929266365097672e-01,1.901543152678972781e-01
-1.061807857218156848e+00,1.060555502617282597e+00
-7.640569924328300955e-01,1.166318281142804558e+00
-4.799204384847011728e-01,1.206078186707960354e-01
5.039666638121553105e-02,1.435212311086502268e-01
1.589468891807121476e-01,1.595600697333221865e-02
-1.349547458329047045e-01,-3.290704261879853210e-01
-1.096699845654217631e+00,1.170162314128046388e+00
-1.247116525764957018e+00,1.277895278684073377e+00
-1.259317085704983796e+00,1.003880344501920208e+00
-4.352178186711557761e-01,1.185905528320105595e-01
-1.160830393951598483e+00,1.188076269355124115e+00
-1.864364197830443437e-01,2.951010310276073675e-02
-1.181388012893212380e+00,8.774218190295670627e-01
-2.345302159395483074e-02,-2.268308551748662860e-01
1.220193106235021099e-02,-2.333714303561865502e-02
-1.284187351439460167e+00,1.037548065780699913e+00
-1.051032032388860449e+00,1.117747834958742637e+00
-1.061415563999309253e+00,1.117113874685520702e+00
-1.054462726534372674e+00,1.211977410359503349e+00
-1.240486041564248465e+00,9.539137676596497473e-01
-1.291236477057771115e-01,-1.837516647594863647e-02
1.849663120692911777e-01,4.167972774445454220e-01
-1.357556950266386675e+00,3.752808551826767314e-01
1.369180382970195398e-01,-1.007807055446422045e-01
-6.308004132056496682e-02,-7.126599530662142135e-02
1.901051860504065216e-01,-6.363819144132484840e-02
-8.218899401862197474e-01,5.178445532858606537e-01
-9.630207271364810140e-01,8.529126835953040331e-01
-8.912954276634543760e-01,1.180134654684092954e+00
-8.085246635625271683e-01,1.289605951464744660e+00
-1.164713805376090150e+00,1.033883999120686292e+00
2.431796010822166176e-01,-4.458143352361297607e-03
-9.623396209508666699e-01,1.044282626740060005e+00
-1.134135171059923008e+00,9.191909489840990322e-01
2.128715954058690574e-01,-3.454357904980333294e-02
-1.324504090723192418e+00,5.671731761719427389e-01
-8.626516804086614698e-01,9.103276016733816700e-01
-1.521555264335993918e-01,-1.140419345950262758e-01
2.703546640876676177e-01,1.297467833094742284e-01
-1.438837687947647659e+00,1.109053176023671261e+00
-1.391305051840188434e-01,2.336862674329381051e-01
-1.137146880030692531e+00,9.875816530523695569e-01
-1.483428062180294493e-01,3.711070492586188707e-01
-1.042133886191863423e+00,1.129573032276671274e+00
-2.536075891837066276e-01,-1.137242709233852039e-01
-9.111691138806234935e-01,7.823204917095145650e-01
-1.305435739200186740e+00,1.011626987965053903e+00
-2.968240032264082839e-01,1.660696036204101500e-01
-4.139126526613648438e-02,-2.607401456561197779e-03
-1.130790361206820860e+00,1.348161251809213201e+00
7.745013215311499777e-02,1.792246223103071689e-01
3.385920050582166135e-02,4.314633500643081931e-01
-2.483799416212848221e-01,-7.164778295725617030e-02
-8.563337014661118740e-01,1.136575087960457253e+00
-8.756572312837995753e-01,8.885760193808918128e-01
2.778246868155708760e-01,-2.302735521157264209e-01
-8.336402681001644499e-01,1.111922451136250878e+00
-4.561446023667649063e-01,3.411337695257572467e-01
-2.542318668657763681e-01,-2.398590439773991001e-01
6.869337159106456148e-02,-1.582993048723562446e-01
1.790060516226675558e-01,2.679515606183897614e-01
-1.288347674336955073e+00,1.308196640421426693e+00
-7.884018059001003387e-01,1.029508184326105136e+00
-1.172009671166405476e-01,6.126475165977691376e-04
-1.051025682295400054e+00,1.734862001292547973e+00
-5.768605186973072008e-02,-3.330014622256799450e-01
-3.725319117645123183e-03,2.859729225298337368e-02
-8.821616931335609646e-01,1.078316307788672823e+00
-1.354546379105283194e+00,1.106704727659069132e+00
3.081103865168025729e-02,-9.842407109188286082e-03
-7.969747350656556373e-01,6.852673888690051784e-01
-1.129996004444903335e+00,1.299624897788464351e+00
-1.013744291302045353e+00,1.191596263014073287e+00
-1.219452220410971871e-01,-1.158936338568825053e-01
-9.718190330214492301e-01,5.289963483053137239e-01
2.101888007021208982e-02,1.602973833949673521e-01
5.674828074279271439e-02,-2.795584405367479430e-01
1.831580732041645232e-01,9.596287961914769238e-02
3.657648473571777359e-01,2.034173565058275679e-01
-1.260662690108717010e+00,6.288827884608096941e-01
-1.157628742746907413e+00,1.340152416063193241e+00
-9.157905900391342113e-01,1.226128441697322824e+00
-2.774097880178350572e-01,-2.150360867854349822e-01
-1.027073173714585286e+00,9.968762327156218683e-01
-2.662897630519815428e-01,-2.424468081189472268e-02
1.039200141793932275e-01,-3.681892422921500541e-01
1.522407212689215472e-01,2.733782967126033303e-01
-1.127627656107446530e+00,6.694137241732611709e-01
-1.134910994549162888e+00,6.889485210002979088e-01
-1.379717555938665630e+00,8.786679152189406095e-01
-1.653450225791874492e-02,-2.018076428789883636e-01
-1.015497545491751197e+00,8.189051522825914198e-01
-3.046115187512022371e-01,-7.869084995588422615e-02
-8.385977433950548426e-03,-3.479131676489576330e-01
-1.296636368422785734e+00,1.242433093413231937e+00
-4.373958936400774988e-02,-1.462231683065135512e-01
-1.046185659341815066e+00,8.014911811091034455e-01
4.324069512300966756e-02,1.516433126984226276e-01
2.348200952331715996e-01,-1.186716948710111602e-01
-1.346247227069637901e-03,-1.456505331812698312e-01
-3.959822270348783979e-02,2.196594623278982361e-01
-1.380092065889856057e-01,-4.055563470855614791e-03
-1.259575106984287540e+00,9.674300974824608934e-01
-2.288419077796078856e-04,-1.865445688908258515e-01
1.013417062640563499e-01,-4.280090040169610144e-01
-8.969458703942756461e-01,1.098089779434039404e+00
-7.980125865569398513e-01,1.085427978087134981e+00
-7.436291061938522517e-01,1.359347831932954609e+00
5.883890008512908387e-02,1.042360295385596353e-01
-7.971232050944618841e-01,1.078784571365206890e+00
-6.748505244351703236e-02,-3.534549816642021947e-01
-8.575438650165057020e-01,1.400496312483269667e+00
-1.233899177495853816e-01,1.366610811514415713e-01
-1.194612140481517981e+00,1.417989662726704569e+00
-1.976377643638736747e-01,4.225806175565352540e-01
-6.568932463875212791e-02,2.640456799246158892e-02
1.389057981246678494e-02,2.064128528273435070e-01
-6.874537593508930344e-01,8.314480516762181583e-01
-9.970836863562028141e-01,6.773773682907180405e-01
-7.187680804953356928e-01,1.207130982349744919e+00
-6.192627479613288521e-01,6.365195829011749407e-01
-1.731593045234119388e-01,1.624192006006053846e-01
2.869837575572803390e-01,-3.542681970566667893e-01
-9.454247862039063532e-01,8.907665101496440307e-01
-1.741153244085910934e-01,-2.681612718284186458e-01
-1.071741095185042125e+00,1.024315690004572676e+00
-1.273146898681168482e+00,7.071689396638661806e-01
6.389602960967048426e-03,-1.094329892968286255e-01
-1.371568300471559532e+00,1.105138699616962317e+00
-7.776985840380628012e-01,1.046498710701784018e+00
-1.031640269373923502e+00,1.095245764251361331e+00
-1.300398993134876058e+00,8.849618879179843578e-01
1.933315525077622388e-01,4.229164535249580470e-01
-8.247367237155581732e-01,7.096848241947415481e-01
-1.720781373632566669e-01,5.012067106841836678e-02
-1.053447783407313043e+00,1.210712044647056285e+00
-1.281388281363222692e-01,3.255619874068862302e-02
-1.935223388089589436e-01,2.344502447868331840e-01
-1.389153505758034868e+00,1.007080716076625082e+00
-9.622085958116606275e-01,1.122869608129611452e+00
-1.132096771934862467e+00,8.358067918925820017e-01
-9.059649527529550772e-02,7.527172244946758739e-02
5.679405232850925911e-02,4.612164925681987854e-02
-6.133547951913156382e-01,9.326034193388272886e-01
-2.215001470250107241e-01,1.527488536085753468e-01
-1.006825587526904986e+00,1.045084326140784503e+00
-8.896308804144606452e-02,2.519130680435807124e-01
2.076244434871558353e-01,-1.755681438987638510e-01
2.257517210678656183e-01,3.317884721811928950e-01
-1.057903107183071345e+00,1.127059818916323453e+00
-8.388754189778446779e-01,7.552444045509305592e-01
-5.925009927155615586e-01,4.179239248740208024e-01
-1.024789892749035647e-01,4.931088651783521737e-01
-1.184601150602855535e+00,9.545283280054771557e-01
-1.015474581475993565e+00,9.801219919436813255e-01
-1.233577598661764307e+00,9.143290196883216980e-01
-1.318561899122455250e+00,1.464279715504112511e+00
-3.923804659385803917e-01,-1.637458074997047985e-01
-1.223218394847633617e+00,6.891540015875960989e-01
7.902383799207793325e-02,2.956346974231895963e-01
-1.192278171433148515e+00,1.200851057813121958e+00
-1.277808117847158753e+00,1.182122538783192400e+00
-3.142388434152098009e-01,1.191559458933304061e+00
-8.604548443928432544e-01,1.452880190537215732e+00
-1.060123504986579812e+00,1.094856014815151157e+00
-1.091726406294111884e+00,1.087913033808473484e+00
4.069999835471536098e-01,3.199981126140139520e-01
-1.607685258671068596e+00,9.045903300011639558e-01
-1.072416784491560665e-01,-4.626962382965261744e-01
-1.138667185470339405e+00,7.719292599378563269e-01
-8.199931660226703611e-01,1.176881624957303085e+00
2.730054263684226212e-01,3.678758176744929553e-01
-1.253249449395201554e+00,1.261793204370877941e+00
-1.209203961020835827e+00,1.008289787538874327e+00
-1.067978383059154712e+00,9.948641054269808937e-01
-1.477420970568138703e+00,1.089159108668519949e+00
1.515648989485455234e-01,2.765995241147150771e-02
-5.249296851074209957e-01,-1.659852107526590959e-01
4.401124798533793958e-02,-6.579018780537509992e-02
-1.002683683105644707e+00,1.254801105294407915e+00
-1.241535416286207560e+00,9.243944300902112721e-01
8.544915726523896748e-02,4.430594543423749081e-03
1.974500884900834419e-01,9.166299378060407954e-02
-1.227158894997408378e+00,6.995081510439191685e-01
-4.909029180031320161e-01,9.082554748396949318e-01
-1.277433425624241670e+00,1.092585614276283756e+00
-1.109179779785056885e+00,1.041024952542252802e+00
-9.526312051406220227e-02,3.910662386116051659e-01
-1.248998160788463707e+00,1.127633528713959832e+00
-1.251002620521636910e+00,1.465935051288997926e+00
-1.382467753505453922e+00,7.807870253028617036e-01
-1.044722746032267446e+00,1.265930160755690093e+00
4.887945176863393165e-02,-3.200040508001256723e-01
-2.538010362224501094e-03,2.026982042867943312e-01
-1.326759351208419702e+00,1.195460502780520962e+00
-5.735082886703870425e-02,-2.475522935544967607e-01
-8.880692352274628665e-03,-1.672184997229378134e-01
-2.098723843263454458e-01,-4.893985205490079538e-01
5.560709061998481834e-02,-1.602520080644303513e-01
1.158365112691273589e-02,-8.904521162680639756e-02
-7.955467739193364807e-01,1.073026583344776741e+00
1.034303698874259464e-01,7.274237574817198071e-02
-1.480369696595083828e-01,-1.581284079975157908e-01
-1.049232626044189320e+00,9.818014192434569853e-01
1.784265970407726207e-02,-2.056953446466076862e-01
4.871469046584057244e-02,-8.423740392078200856e-02
-3.632564596692307579e-01,3.231309710773517252e-01
-1.101749652926874878e+00,1.246700002060020962e+00
-1.048569256865735655e+00,1.024436037095954211e+00
1.951637645801308218e-01,-1.888608888268532293e-01
-2.082037718862957132e-02,-6.523158046657655251e-02
-1.194886595007782271e+00,1.271262121270327450e+00
1.785370889779992198e-01,9.007548517092245355e-02
8.132292680109256405e-03,-1.672113445411922694e-01
-5.463751775089438212e-01,1.507447192512416656e-01
2.210127066299951218e-02,-1.398445393597098074e-01
-2.527403894287350017e-01,2.761182216924262245e-01
-1.408142662422234848e+00,1.297345502723521005e+00
4.586924193765327118e-01,-5.012886925454116405e-01
4.161644862294365255e-01,-4.276188802588315463e-01
-1.096417109291767611e+00,9.943879079300391721e-01
1.962901479145971392e-02,2.681367771825533212e-03
1.748735142248062924e-01,2.266571434348009506e-01
-7.208007588845541935e-01,5.898315423259092860e-01
-5.361514124080792865e-01,1.449232854676081761e+00
-1.935078959901116169e-01,-2.958331782849484837e-01
4.318616932906790273e-01,4.384078921241166826e-01
-1.525287636393471757e+00,8.278854774046483511e-01
-7.696144198979057993e-01,5.642708253500386961e-01
-1.043201194368197360e+00,9.872089127205966319e-01
1.868420685204452147e-01,1.773935456246090170e-01
-8.118524973790997024e-01,7.771270328552115636e-01
-3.324217736060416373e-01,3.217779422456605309e-01
-7.504717278502318623e-01,9.407582155842929561e-01
-8.834679605120697721e-01,9.315351680177044180e-01
-1.150353632367653693e-02,1.529501077470901416e-01
-1.143697406959744312e+00,1.212225828264196670e+00
-3.355256878785934371e-01,1.940979556205829071e-01
-1.052364384787687124e+00,9.141047932756741767e-01
2.196350901968324720e-01,-5.691527457714696814e-01
-8.714412912750812978e-01,1.302455849435076196e+00
-1.213699333698349037e+00,1.179718989871541668e+00
3.536130248112686059e-01,-1.168599512987014977e-01
-1.079254746394527231e+00,1.215408763442048956e+00
-1.069870165097095649e+00,1.020333205456810388e+00
-2.209477757790600516e-01,-2.645694595353371703e-01
1.005952124032006949e-02,-5.061546039998524038e-02
-9.757877764461468928e-01,1.020505208662189744e+00
-9.198527999508824271e-01,9.628922829683067564e-01
2.188523136412742209e-01,-4.018830028911925256e-02
-1.535659572834949360e+00,7.501482591463676242e-01
-1.001854301684814708e+00,7.837375591931111662e-01
2.187513910751836543e-01,1.088967014338723255e-01
-4.046802524199485940e-01,-4.078851704437873593e-01
2.434704003351557400e-01,-6.245187863469266187e-02
-9.061675577522664005e-02,-1.507452386099675801e-01
-1.004200596774586174e+00,8.831001347009355129e-01
-6.293997261811848931e-01,1.139385686150257593e+00
-2.729735415404165311e-01,-3.476686806035279576e-01
-1.072988934609085510e+00,8.531410048266830914e-01
6.515622831931625059e-02,4.148032316269145148e-01
-1.274049121298830745e+00,1.265268581453286911e+00
-1.134557552119200174e+00,1.268544419689032976e+00
-3.580517255429197521e-01,1.112700938347052526e+00
-6.150189688684626343e-02,1.719523832030527277e-01
-8.176982886533497030e-01,1.221394092280087218e+00
7.434428809255949622e-02,-1.376576440841335153e-02
-9.538362476573494231e-01,1.215073917496409583e+00
-3.762209029894230117e-01,-1.024063971586887806e-01
-1.072234049914812415e+00,8.818947780620433052e-01
-3.418136823797232049e-01,-4.662325575120214727e-01
-4.990205180549427827e-02,-9.659415539941879070e-02
2.084748241636288635e-01,3.290374005640361865e-01
-1.116165237278387901e+00,1.380403660054891901e+00
6.040223539144030651e-01,-4.017017853353997414e-01
-9.841510971277676878e-02,1.230015592950915310e-01
-1.534625806910156209e-01,1.659130099268401604e-01
-1.185783054095874922e+00,9.212320639159775615e-01
-8.961073071094537434e-01,1.196609754398143544e+00
-1.084741529189618969e+00,1.464624128053960472e+00
-8.793272308343239585e-01,1.001377396733706071e+00
-7.372700661851416815e-01,6.347682213298455611e-01
3.152968591954596889e-01,1.384730648906803141e-01
-9.175496059539836047e-01,1.580221766063628408e+00
-2.554311738625586817e-02,-5.264214226457344381e-01
-1.205875719061704432e+00,9.828745733918389238e-01
-6.583476636144579286e-02,1.286161527840236352e-01
-2.130442962886032188e-01,1.359136081885901348e-01
-8.150290606972514229e-02,3.154039186994143096e-01
-8.576680498338264957e-01,1.266683249543439693e+00
-7.078957976455583223e-01,1.196604538340403590e+00
2.971691321334970493e-01,3.431407085257400236e-01
-2.103107744491910513e-01,7.799774652299011624e-02
-1.013023964334311827e-01,-2.905558077648898174e-01
-3.922739007650551113e-02,3.890874413454528669e-01
-5.355112034162654577e-01,1.114846507835773215e+00
-7.201831374283258480e-01,8.397346539655761166e-01
-4.791309310043002645e-01,1.979137701422765266e-02
-9.983840799232759355e-01,1.382205645089079615e+00
4.072139693818226380e-01,1.647030579584341306e-02
-8.084456123819353524e-01,9.959253915297276993e-01
-7.395785491031976466e-01,1.037528098440448465e+00
2.315111633965845628e-01,9.042531588695623679e-02
-1.216990555591754175e+00,6.609430575744779102e-01
-2.699504155973396213e-01,7.562419165560380074e-02
2.113597824366728883e-01,-3.998845450786290279e-01
-1.239707384164716875e-01,1.213279691415082989e-01
7.353663535001901674e-02,1.396624168338458649e-01
-8.893578729240680936e-01,1.315041225273424930e+00
2.269032974215480225e-01,4.131340101956932909e-01
-1.207222506625286851e+00,8.492899338753127081e-01
-8.117356824254703396e-01,8.664081872577273913e-01
-1.417627636418486325e+00,9.951696602564612526e-01
-4.617873845216470818e-01,-2.672101148326989223e-02
-8.392748064816245579e-01,9.149514040482972232e-01
-1.179816160484503662e+00,1.177605143237729468e+00
-2.746875536057518177e-02,1.101888803289502866e-01
-5.276081113243981102e-01,8.872684234981469409e-01
-9.797591842382777916e-01,1.182517954273263339e+00
-8.177356865730576185e-01,9.905800336692692776e-01
6.421712305026543166e-02,-2.906463710497896313e-01
2.411177021123125375e-01,-2.848064775792887304e-01
-1.027965719262937894e+00,9.293302291608178667e-01
-5.255188820531138116e-01,7.973825339286181313e-01
-4.111386824207315799e-02,4.743282355283159890e-01
-1.212489372496228901e+00,1.224644338173599412e+00
-3.342131106829697440e-02,-4.780613217473514420e-02
1.444160269688239857e-02,1.910930832966629134e-01
-8.472051767772134090e-01,7.000962191042647831e-01
-8.052732992770335052e-01,7.987908458684388480e-01
-6.319855573700694507e-01,1.041118852523781779e+00
-1.802394504329535019e-01,-9.203610334163084272e-02
-4.987378538599276379e-01,2.341840818871644136e-01
4.992188633376209994e-02,4.065832584297884855e-01
1.290721113606826953e-01,-1.174580267975424697e-01
-1.223952346777202188e-01,-1.528103953859893671e-01
3.730196669256112263e-01,-6.655651178108959454e-02
-1.120476959698757602e+00,1.479314372107886300e+00
-1.058987007984659501e+00,1.059277224270756435e+00
-3.337655236274690296e-01,1.851157054109313638e-01
3.537048552305466220e-01,-1.198889937747853879e-01
-1.149539965545416820e+00,4.308230850636235454e-01
1.772454260168665127e-02,-4.533796621675599825e-01
8.502690616690798675e-02,1.293579324290787536e-01
2.763519882512964765e-01,8.642032895843564100e-02
-1.036956108409403526e-01,-7.314612489200579548e-02
-6.152470821731349515e-01,1.366301761267625370e+00
1.755293010659013109e-01,1.054594976194062617e-01
-8.022412935628512320e-01,7.002251295029013889e-01
-3.403602401496662599e-01,-4.545560574396376174e-02
-6.544595358118027173e-01,1.363853242192941018e+00
3.718853842616701710e-01,-8.536259214066806156e-02
-1.122888939843923461e+00,9.273535499377300040e-01
-4.188243802199463905e-01,3.505278307584336894e-01
-1.053597264049991544e+00,1.171682918139627327e+00
-9.172951181793915776e-01,1.337549673012699891e+00
9.311913780227540349e-02,3.646620856753079454e-01
-2.725352458551922874e-01,-1.018689956859379457e-02
2.337874663474307779e-01,-8.470062386461316151e-02
-8.960042499742937316e-01,9.005778421439545323e-01
-1.449532450766257252e+00,8.231562131254784864e-01
1.934686920027805235e-01,-3.134461081646657821e-01
-1.074000417509415550e+00,9.268303497272131208e-01
6.521955593277219305e-03,2.861592699765809211e-01
-8.249973461845856448e-01,1.039069752983964090e+00
-1.218103273166200484e+00,1.043155351510145268e+00
-8.665172895359524174e-01,9.029497250797912100e-01
-1.048224902474153231e+00,1.489209833044887521e+00
-1.141493177075340704e+00,8.919851611849386464e-01
-9.984589688170647515e-01,4.557985033284551735e-01
-1.197909953822448914e+00,9.346755392871169965e-01
-1.085477582878047631e+00,8.590667973872420093e-01
2.520024212049696288e-01,3.038140009740087355e-01
-9.977930124746591245e-01,8.266205935741849364e-01
-5.183596645708964806e-02,1.762509632409861027e-01
-1.051106439816040350e+00,7.764161008859946644e-01
-2.312021997275221508e-01,1.418159604160096898e-01
-1.078819950815913975e+00,8.520301716979757911e-01
-1.096936341513624180e+00,1.115516773613919987e+00
-1.139069591878595356e+00,1.190344211089648496e+00
-2.635643987507083411e-02,3.081687098737065714e-02
-1.091462547978070186e+00,1.061200009616779960e+00
6.610707478939668695e-03,-3.710799359491073757e-01
-5.870297632477796540e-02,2.206955191667651639e-01
-2.058872403819497487e-01,9.003620234579670645e-02
8.908476775797269376e-02,-1.821994148154622850e-01
1.580954570468882381e-01,-1.816535629116786399e-01
2.872975213347469386e-02,2.508818508403170000e-01
-1.086249238961656038e+00,1.277373238559659008e+00
2.006329974463181287e-01,-3.246543848045654272e-03
-1.031225249938933386e+00,5.443612238582586915e-01
-1.102440261045800396e+00,7.960496212416819928e-01
-8.131054273902718066e-01,8.226785915215194533e-01
6.478243689748619527e-02,-1.623804850417930878e-01
-5.498692374643634473e-01,1.219865352209132503e+00
-1.375072954612217124e+00,1.130535526474298003e+00
-2.012516726235211439e-01,2.698377156804114274e-01
-9.105884313978569455e-01,8.459070326504860571e-01
2.985951700083614435e-01,-1.550146987238535355e-02
3.727369485284758865e-01,1.804619896185079286e-01
2.223396775615958942e-01,-1.043722079422985533e-01
-1.136990900014863914e+00,1.166049247124485211e+00
1.036256088100182826e-01,-2.224572389171700082e-02
4.992124897381357979e-02,2.476950308082495333e-01
-6.570629526045423940e-01,1.035895520282923421e+00
-7.193083434401577048e-01,1.004732447405975337e+00
-7.212180027280319372e-01,9.469668980752148357e-01
-5.622194804681029251e-02,1.003870917370614790e-01
-7.414487811360315206e-01,1.115190554733567874e+00
-8.954561628653390226e-01,1.492124084334840894e+00
-8.402638826452589471e-02,2.131682057741310921e-01
-1.307034900731762317e+00,9.827457041850780062e-01
-5.719363847901415276e-01,9.191193639495447432e-01
1.486434965110192130e-01,4.539636654846900266e-01
-4.924341686124246165e-01,1.227442333712705613e+00
-2.826909863574126880e-01,-1.276711063141107994e-01
-9.722884644315229474e-01,1.227288465295901521e+00
5.327371700099611251e-01,1.370869122133930584e-01
-8.573485721597153830e-01,7.897488999952595456e-01
3.323146556749599634e-02,-1.168826476156794997e-01
-1.148764257875793809e-01,-9.913229307279911029e-02
1.134328220055633163e-02,-3.622792661775245529e-05
2.163010028358617332e-01,-2.177173279327156985e-01
1.063595043073286978e-01,-5.793561250202531460e-02
-9.807571061471938023e-01,9.858488173073647332e-01
4.414688624922262772e-01,1.230085930686110052e-01
7.694942716817707029e-02,1.683709273972701925e-01
1.844851634852593403e-01,1.404619914541123116e-01
2.765708364627775806e-01,5.162975640757273554e-01
-1.308434504027522038e+00,1.273118203681403049e+00
-8.786950629263097223e-01,1.617484936609731250e+00
-2.268823400819389435e-01,-2.916721924325084425e-02
1.234511994263851192e-01,-2.686592625612688190e-02
-2.523575070681094434e-01,-3.539274054077175963e-02
-2.240090340607129027e-01,-1.953134254752770527e-01
9.879412161209066845e-02,2.276180699381956385e-01
-1.299594772153064959e+00,1.093766768594727656e+00
-1.043246268739428384e+00,7.277274413714234225e-01
6.714599155175146605e-02,-3.141857771646227593e-01
-8.104171277806759832e-02,3.641900925963989510e-01
-7.250982416863267499e-01,1.197092756857260687e+00
5.453358896407235062e-02,-2.090454221714236893e-01
3.202115642796133921e-01,-5.742689184242405487e-02
-1.143609702230421882e-01,3.138769980159316492e-02
-5.953492784695745693e-02,3.629812098386402397e-01
-1.331516752513894231e+00,8.956327497141080007e-01
-1.882665076632829004e-01,4.080972133468426244e-01
3.228896097982482671e-01,-3.838260904419791841e-01
-6.943413320399529631e-01,1.179537036392645399e+00
-9.711284959227189928e-01,9.356564520063104240e-01
-8.997369542550965812e-03,-1.608369879724323992e-01
4.173024683308924204e-02,9.265105181845420534e-02
-1.010998320594140631e+00,1.071349618505069934e+00
-8.610565641802094827e-01,1.082148300588949175e+00
-7.605440665594460636e-01,9.945925622684481660e-01
-8.808737231100383092e-01,5.450729126118281087e-01
-7.873211972070457421e-01,8.644699296341518124e-01
-1.080647198136164555e-01,-5.184951448504435817e-02
4.270035288197275292e-01,-4.819314686659051938e-01
-8.864169691720438227e-01,1.212180123926731801e+00
4.169275827273135476e-02,4.016437307848937932e-01
-8.217241258070575594e-01,1.167641984792992638e+00
2.542120661641488755e-01,-5.967819696621497194e-02
-1.694263281905922514e-01,1.893158901573666064e-01
-1.137204809908422654e+00,9.541522811395005688e-01
-2.670048225887119431e-01,-5.080330307006629409e-02
-1.052933518357517695e+00,7.908768983432945543e-01
8.690400063994908886e-02,2.153957556525208095e-01
-1.147174686313692682e+00,7.011475586974510454e-01
-1.227370659020226018e+00,1.088747480978949467e+00
-1.227164967347674329e+00,1.064337282728157641e+00
-1.796882447340194255e-01,4.563214047438205606e-02
-1.144931188358913277e+00,1.088341345743866873e+00
-1.178713608316540595e+00,1.368725356276993432e+00
1.082892972923293028e-02,-3.041492043565084333e-02
-1.307503532802172797e-01,8.520507734486877649e-02
-7.505272918508281155e-01,1.016195922306654342e+00
-9.857102450472717825e-01,1.272715645516897087e+00
-1.019930976195558392e+00,1.055354073267088300e+00
-7.770104013639617113e-01,9.542057775786787488e-01
-9.787696757063123476e-01,1.162466291413634778e+00
-3.229831000578205491e-01,-1.366600561364930168e-02
-1.008547419747000573e+00,9.608715470365120082e-01
2.286956925004807184e-01,-2.927637635789031578e-01
-7.243226850286528240e-01,1.005804135683976419e+00
-4.938370857963427785e-01,9.941558954214072541e-01
-8.021847145563301140e-01,1.239744929194553258e+00
-9.830813718767248410e-01,9.129079101206774016e-01
-8.969924129224782217e-01,8.729813202701985908e-01
-6.110078895758316170e-02,3.821137001141081124e-01
-1.698509306845244829e-02,-6.619636961374399942e-01
-7.917510304950394762e-01,1.448845929397665655e+00
3.380363848353140632e-01,-8.924055887994372443e-04
1.713104680879381780e-01,-4.577820926633466292e-01
-8.588330205123706484e-01,8.125460261685213403e-01
4.591580333130337310e-01,-9.978894703556923096e-02
-5.644776304994104654e-01,7.668669037822254397e-01
-1.081605294364881509e+00,1.044558045398599866e+00
-1.156700260379825318e+00,1.080233111893419862e+00
1.560296618907349719e-01,1.306150761901462842e-01
4.751068679383742277e-02,2.488956348554645093e-01
-9.625103831672440213e-01,8.865489034666548251e-01
-8.755589255941614857e-01,8.368242360663629142e-01
-1.253179000696563961e+00,7.824326815324860185e-01
-8.510807510946948040e-02,-9.775114918307438450e-02
2.432962911957481933e-01,-4.655539216738852071e-02
-1.162192784557858349e+00,9.630521482056038085e-01
-1.374486732695030078e+00,8.335647382133947181e-01
-9.229559754636452729e-01,7.296003035234353007e-01
-9.964011649038464480e-01,7.903487703326217417e-01
-1.530841294564854738e-01,-8.491327837396600575e-02
2.287876614996353086e-01,3.173487935305686070e-01
-5.121200539802892582e-01,9.773286556982823114e-01
-1.037177918248686881e+00,1.070616043565129738e+00
1.214945976862070315e-01,-1.742048787658078413e-01
-2.569418117470662066e-01,-5.418989670480532927e-01
-7.966687288816415302e-01,6.822341145477262003e-01
-7.857773094529849622e-01,1.134849182627864161e+00
-1.301221964591547098e-01,-2.822510314044229807e-01
-9.011202853110282796e-01,1.316561237017037644e+00
-8.930377734792768196e-01,1.239578663666633274e+00
-9.242197016014536137e-01,1.023076154676229477e+00
-5.897671648296234359e-01,7.380090500935110320e-01
-5.012798148216490723e-02,-6.911767424739870963e-03
8.672512726486734935e-02,-2.266362871529181144e-01
-1.134382346248672679e-01,-9.726946754898694106e-03
-8.231568209410629056e-01,8.343311898597768339e-01
-1.220618862649362590e+00,8.781988190604319566e-01
9.433094488157253710e-02,1.640691528644767916e-01
-1.269375959338920890e+00,8.317030106790568311e-01
-1.475312640514959417e-01,-1.035294835105892847e-01
-5.279571390296396993e-01,7.791170955409940646e-01
2.272643045121435224e-01,5.706456095329887762e-02
-7.101198305181655179e-01,1.094453895927280485e+00
-1.080569264639759108e+00,1.118339898455175563e+00
-1.115877129213124902e-01,-1.598579642778039378e-01
-1.096714981355338292e+00,6.038377140054101977e-01
-1.237999914513022853e-01,2.113934513769875068e-01
2.036350334918515803e-01,-3.061868017747312876e-01
-1.244798604842543455e+00,8.847395428361324310e-01
-1.100491156456109509e+00,1.245227326121748579e+00
-9.860106682835452496e-02,-3.097131322867019421e-01
1.143177682420750824e-01,-2.559460228315227903e-01
-9.862604616283511261e-01,1.011852027663112663e+00
6.707051163643719394e-02,-2.429702761947002965e-01
-1.271347473488464219e+00,1.012897773063153428e+00
-1.150615531999496177e+00,7.346276890019598493e-01
-1.708960878793484295e-01,2.194075076892584575e-01
9.749064014093217212e-02,1.974100469448157869e-01
3.381921292510663424e-01,3.321116066977555792e-01
-6.933921862322293440e-03,6.931170366086669699e-02
-1.151391419837289654e+00,9.450042214904271765e-01
1.379358977062293545e-01,-1.872470650090412442e-02
-3.388939971183109190e-01,1.363110780474085515e-01
-1.247040313525369148e+00,1.188547180251292579e+00
-9.154569950146791424e-01,9.165968347779829273e-01
1.416781628399436666e-01,1.047159626170679481e-01
-1.227007215156180608e+00,9.683352403077327697e-01
-7.770385351971177412e-01,1.098234750157897510e+00
-1.413993559762556362e-01,1.294735154987627368e+00
1.085770737033436711e-01,-5.472246724492401543e-02
1.783326282763129100e-01,2.059646956422510888e-01
-7.800720532854843459e-01,1.474316192634241851e+00
-9.840117269367012476e-01,1.081672741742727650e+00
-2.110937676787431050e-01,2.532824648761790032e-01
-9.908240652561768336e-01,1.280623365004573744e+00
-1.002572488608243217e-01,-4.599702225411688578e-02
-1.238240933594975113e+00,9.303584735737051581e-01
-1.269380492306734887e+00,1.296394949854801082e+00
2.719571328594192483e-01,-2.369835178399348416e-02
7.706988211140446132e-02,-2.344328244539247152e-01
-1.016206652412717348e+00,1.085995327999062621e+00
-7.068942608374562120e-02,1.359191465835052071e-01
3.458613058753173125e-02,1.612441433791274858e-01
-2.405708202527287731e-01,1.307484498125250083e-01
-1.271855127950881403e+00,1.120697700162322619e+00
-1.130645322392285879e+00,1.065522357821433452e+00
-1.628178507024017480e-02,-1.624142598394006862e-02
-8.816967161632974781e-01,1.356597760242550965e+00
-2.009164773039786300e-01,7.858126961807485045e-02
-8.187143543360658748e-01,8.851792844138212102e-01
2.155129031808366014e-01,-3.506956083399790924e-01
-1.130313210752525777e+00,9.217911725562263348e-01
5.200651010483916398e-02,-5.490001917147648847e-01
-7.379582997128139588e-02,-2.559645939316333024e-02
-3.648027627343674029e-01,-1.403614095369948560e-03
-8.030829076535093147e-01,9.600674166364936424e-01
-3.691356972186479735e-02,-8.119381733723052275e-02
-1.418078391845918329e+00,1.236566061977980358e+00
2.141752395933080311e-01,2.661993724630181135e-01
-3.397251366899661784e-01,2.537892913022354868e-01
1.002480351847508944e-01,-3.304498277702838660e-02
-1.072657461995705663e+00,1.300294763771456363e+00
1.234473762281395187e-01,4.664932108999480381e-02
-1.045435803832786004e+00,1.103900228337588052e+00
-9.447252417456695195e-01,1.052391141906711347e+00
-1.005193255819907927e+00,8.399952718724899015e-01
-5.898302406304356538e-01,1.215568959645250802e+00
-9.096595947417206451e-01,1.529767153700563487e+00
-9.491569590030727310e-01,6.111918722737355036e-01
-1.011131936826728861e+00,8.799114277288916375e-01
4.019080079243993880e-02,1.021593815797529059e-01
-4.126147111385202182e-01,4.271846660526512109e-03
1.567432424912711397e-01,-9.377095185010050904e-02
1.123604867705287058e-01,2.728313191195044785e-01
6.096699965486644945e-01,2.158332587915137712e-01
-9.726604649595089747e-01,9.022752456558652545e-01
-4.162905713163705390e-01,-3.677065624342240602e-01
-1.068932236788540546e+00,1.449773793972178870e+00
-7.490524735358099206e-02,-9.054624922848783508e-02
-8.237941959744819742e-02,-2.583179692872729638e-01
4.073718434175912506e-01,1.640845400010702004e-01
-1.263368703514073044e+00,7.325971912910204109e-01
-1.075686453704146395e+00,1.247352902267505392e+00
-1.227387612791297933e+00,9.659424833056968751e-01
1.716225386476854797e-01,5.391705114737800342e-01
-8.091081136932209983e-01,1.068826130130404950e+00
-1.093654502275234419e+00,1.063983952057985238e+00
-8.917256023114973340e-01,8.799340056723241599e-01
-4.538957235748884017e-02,4.250850187871673541e-02
-1.194585900437177051e+00,1.194520023289153743e+00
-9.850710778311041471e-01,8.684201843344213634e-01
-9.642057114048679933e-01,9.505893581488094046e-01
-2.434437834678356699e-02,3.021295460188721527e-01
-1.038486547106057367e+00,7.860388319297189064e-01
-1.013293234996459402e+00,1.323132169147415604e+00
-3.403827210657758284e-01,4.920115359093949620e-02
3.260871031707105461e-01,-3.022586297307779390e-01
-1.470431208646425070e+00,5.942334495515779746e-01
-9.402115158885701041e-01,1.350543171706824586e+00
8.902421706924366906e-02,-2.081251694879996950e-01
-7.292233913492024433e-01,1.105640306450744959e+00
2.642180957418160392e-01,1.259656724981376430e-01
-5.283758962943779780e-03,2.054098098572891898e-02
-6.523598069590195170e-01,1.088985841222667394e+00
-8.689271916092294878e-01,1.344517736565877142e+00
5.548232749399730629e-02,-2.036928766722972128e-01
-1.133486634046090069e+00,9.678731671058540265e-01
-6.958502000045023728e-01,1.072832013331082690e+00
-9.262939158203870038e-01,5.790158829949403341e-01
3.929524715630939302e-01,-1.189836668772712991e-01
-1.222142528877530054e+00,8.690287436200963000e-01
-2.172958910436055269e-01,-3.932476674615887346e-01
-1.093144946520198779e+00,1.144768383275895918e+00
-1.626491948668479792e-01,3.256572365803893088e-01
-7.799388387260950406e-01,1.492255261411837619e+00
-1.361220379287183757e+00,1.045583112004700777e+00
-1.079433290497778142e+00,9.903709637990811832e-01
-1.091534533617500635e+00,9.558342603893251743e-01
4.007952394764399684e-02,2.768581448989093086e-01
-9.964220051288059932e-02,-6.027180605881053699e-02
2.053070313567191552e-01,-4.440049219399620772e-02
1.770668815620402708e-02,2.573435367563856602e-01
-7.833014791463897009e-01,6.813202310227017833e-01
-8.519318540539622120e-01,7.700506199651754313e-01
-1.135917642753591972e+00,1.246887381573277720e+00
-7.605020637614799961e-01,9.219258056107249022e-01
-8.924891862774207985e-01,1.096498821543017144e+00
3.003908466884262080e-02,-2.647034295350330080e-01
-8.237417494596370737e-01,9.145924300211053515e-01
-1.843368736176423384e-02,7.582179508065835238e-02
-2.275109815638989563e-01,-1.045024926745012628e-01
5.792727975590796635e-02,3.397468099524333929e-01
-1.024934840246290335e+00,9.239608529754992361e-01
-4.762517003714884511e-01,7.652001460753311834e-02
-6.215089651242308166e-01,9.444902881702907926e-01
9.117716289487957926e-02,-2.652575689617014260e-02
-8.464170566883899571e-01,1.193250598892770853e+00
-1.351453717860501280e+00,1.041982043076173481e+00
-1.156102002137166629e+00,4.904723952268793541e-01
-1.339639462223709332e+00,7.296251142912676402e-01
3.239226768287363223e-01,5.956183327398455185e-02
-1.021755046644099024e-01,1.775865925067643958e-01
-6.756591264084134130e-01,7.147860118662283657e-01
-9.547787365971486251e-01,9.199878388310086530e-01
-8.557087784526822283e-01,1.055518293362897930e+00
-7.922306687311218010e-01,1.272501572926268087e+00
-2.832071400579973530e-01,1.338018429332450965e-01
2.993869107695166232e-01,6.896590156756700341e-02
-1.069946015807586415e+00,1.136178022541578514e+00
-8.646075932346590776e-01,1.364214123755900232e+00
-1.483701224077937919e+00,7.236495310096300315e-01
-9.880463940360938446e-01,8.018808625580802207e-01
-1.228682780499115612e+00,9.299963014153449503e-01
-1.392051728313383786e-02,5.236286707417180109e-03
-8.423638288912024263e-01,1.122588076537659241e+00
-6.745862295289768440e-01,8.968107225023418394e-01
-1.012969353713965015e-01,-1.802166231269545227e-01
9.030695746795688872e-02,-6.283723240034642943e-02
-1.184716499377649335e+00,6.141140025838984773e-01
-9.520056952261506389e-01,1.237259834569656824e+00
-3.300404720894694055e-01,-2.732688229269347180e-01
-9.759566007008151078e-02,-3.585320316477914049e-01
-8.200110190468068438e-01,7.798902776382459212e-01
2.783083163577382835e-01,-2.774006534446273875e-01
-7.705599423235500733e-01,1.358898722195213127e+00
-2.802208590943598976e-01,3.247704723606852084e-02
-1.083067805672853323e+00,2.563208064679466380e-01
-1.393908225447263671e+00,8.600945882388197905e-01
3.245538335372405991e-01,-1.089151648903737696e-01
-1.082343493535275147e+00,9.273834225537598286e-01
-5.932461014620911133e-01,9.485524162965462969e-01
-4.822433636097123166e-01,2.545406604747813550e-01
-8.836657208025704424e-01,1.294341907961344074e+00
-1.255485313808460068e+00,1.352368015735355700e+00
5.406207630668277003e-02,1.250364788301570607e-01
-7.543362113840090810e-01,7.096872092468984317e-01
-9.788044697170792396e-01,1.401477086854295617e+00
-1.437410342984442257e+00,1.080883926258040084e+00
-1.030036933869822091e+00,9.367945821673017148e-01
2.256180905233943768e-01,9.920735636283155301e-02
-1.341465172532022021e-01,2.781587242794134607e-01
-3.213887914343171448e-01,-1.135006012810228088e-02
5.902015013359666884e-02,4.552714808046174344e-01
-9.414356975833580721e-02,-3.511479531418022076e-02
-9.916866264838349876e-01,1.371290910213261771e+00
-5.040575068369885781e-01,-1.709520670579569579e-01
1.606465258149223085e-01,-1.206185394804015765e-02
-8.869539859359960587e-01,8.052488377708100220e-01
6.557785173418761993e-02,3.814417994907058629e-02
-1.231285189127039048e-01,-4.560792162304363323e-02
-1.299490189353282865e+00,1.033595878255289868e+00
-8.516030236552125654e-01,1.510911987471591056e+00
-9.005570997270075928e-01,6.427772284130088831e-01
-1.228437444446663029e+00,9.702905223128598378e-01
-8.654117165222978414e-02,2.689507185462687855e-01
-1.036904216022415559e+00,1.157430999364802204e+00
-4.824567619564709697e-01,-3.271500617296081437e-01
-1.098355750033325640e+00,5.580822697560139378e-01
-8.430286263949791081e-01,1.176696927017261585e+00
-1.512518987974521001e-01,1.880478269563990723e-01
-1.339702858312488587e+00,1.106237174784624688e+00
-1.077795386047141965e-02,-1.837739072057306133e-01
6.227138575311554070e-02,-2.894457964538464934e-01
-9.125232380200922755e-01,1.228426440415929521e+00
1.368047073051948705e-02,1.861525932537993200e-01
1.819662450867350345e-01,2.841030267058560210e-01
2.990550470138410022e-01,5.791478502176789639e-02
-9.705802206553855171e-01,7.548639048884437930e-01
1.116108143573711631e-01,1.231769181016686976e-01
-5.901815540168446894e-01,-1.597262491802338980e-01
-2.647467892092100761e-01,-3.114136401579229441e-01
-1.534213938190641446e+00,1.215536818537468200e+00
-1.022853185472563320e+00,1.174286669818731310e+00
-3.538189714117569856e-02,8.630452851945021042e-02
2.392021555733365445e-01,3.146965898483433666e-01
-1.248747214392540661e+00,9.103797768469278351e-01
-3.788523578793562274e-01,-9.220766043259852329e-02
-1.547621568328099384e+00,7.918299908247072860e-01
-6.563936835096226829e-01,1.199747658821458174e+00
3.839209664084571733e-02,-1.968140090915199147e-01
-5.252363526631944612e-01,2.350552007220041428e-02
2.642767072540875284e-01,2.333761253841117878e-01
1.824439982685367168e-01,-1.589480497494808187e-01
-6.967190011346726664e-01,1.372755270104880854e+00
-1.069207192511120175e+00,7.029709888981559018e-01
-2.460662526689839924e-01,1.244812546148584415e-01
2.508622661395220055e-01,1.625509889057348833e-01
2.234785606962511745e-02,1.863408346719124253e-01
-6.923184442953675410e-02,3.363300145784545725e-01
4.719201262352924774e-04,-2.062525034401994917e-01
-3.809506049534065741e-02,-3.680841741113152210e-01
-1.037620227755542190e+00,1.253050413730587120e+00
3.666435458012666238e-01,1.723377844958819405e-01
-2.414264216638984661e-01,2.211223455775889746e-01
-1.181446974734026822e+00,9.571606204725086053e-01
-1.165426809349991988e+00,9.849756703454016771e-01
1.098548267054727350e-02,-1.194850718716967790e-02
-1.414761705269484748e+00,4.184216688214731361e-01
-1.256378384844793361e+00,1.260656680360199289e+00
1.944727656386406323e-01,-5.024647747327477126e-02
-1.011772536645445635e-02,1.342698011639063271e-01
-1.066622837493443221e+00,7.329447719803756645e-01
1.662031053015933790e-01,3.035972858426451704e-01
2.500288020669583222e-02,-5.826567689903213582e-02
-4.444923716118906465e-01,-7.893318673805702068e-02
7.440586752773352408e-02,1.424404076490485838e-01
1.303052478648603352e-01,1.274710852077914382e-02
-1.023057848801559588e+00,1.017881994550294600e+00
1.736587193678937047e-01,9.799314237879352962e-02
2.915294561513534499e-01,1.954272604418680337e-01
4.371260829299657980e-01,-2.909718761372812046e-01
-1.230877003170029349e+00,1.096248375188616730e+00
-1.423736872703146972e+00,9.340878588844482300e-01
-1.384983340487748182e-01,1.618595420734535162e-01
-8.480391957974624528e-01,1.443071488164831662e+00
-1.190717555310889297e+00,1.106664676590079610e+00
1.726559977082863240e-01,-4.292898678755909248e-01
1.181445914190426688e-01,-2.075671912681672782e-01
-9.061995948308625842e-03,-4.259605386604654181e-02
8.441789512843347540e-03,8.045184390247671347e-02
7.800201882975460639e-03,-1.580689626503933853e-01
-6.389889669867103439e-02,-5.695811981823676456e-03
-1.051762050329456466e+00,7.363086118875876718e-01
9.511645538957962109e-02,2.429494294651265707e-01
-1.922386444432669372e-01,-3.714403753827531518e-01
-7.480056731950106563e-01,1.015088996023293832e+00
-1.223039758484329109e+00,8.783221629809849773e-01
-2.240851406512877064e-01,-2.194955185199075620e-01
3.016231661974152004e-03,-3.290276203256233822e-01
-1.263397242128397657e+00,1.159997214490185558e+00
-9.054894259760235542e-01,1.459334894879099176e+00
-1.155792764300769049e+00,1.034440504103039116e+00
-1.059743553318875264e+00,9.550859331701732069e-01
2.330443624553812654e-01,-1.542660819340452572e-01
2.323014468016708634e-01,-2.303615205246417330e-01
-1.219476074843315050e-01,-6.984913293493285810e-03
-8.448368678374935659e-01,1.263211226057507464e+00
-1.181903089089695547e+00,1.114913982811547077e+00
-4.803768241277177609e-01,1.145844989530817370e+00
-1.518267350837717133e+00,1.237729846439355796e+00
-2.747038969248928875e-01,1.165969304220578623e-01
-3.835852253831494307e-01,-4.020353346756647128e-02
-1.010537603060295275e+00,8.695035803105284344e-01
-5.180633185349655528e-02,-2.438463473345185428e-01
-2.475751500844918795e-01,4.141192918096496256e-01
9.267501997213108134e-02,-2.982360636094363859e-01
-9.419883942081724859e-01,9.775112029283046233e-01
-3.092610278236506138e-01,-8.338942655632024248e-02
-1.220616112270995091e+00,1.142274958390802286e+00
-1.130023655760325152e+00,1.184271620774185463e+00
-1.187501343966072653e+00,1.311422618878059110e+00
-7.295639508393779449e-02,-1.368221192502547257e-02
-5.561920899158451226e-01,-1.767800197878136581e-01
-1.881737824150389315e-01,1.766719630612298420e-01
1.520140382070181151e-01,2.039007117053591167e-01
-8.533113288481094516e-01,7.694816972605343919e-01
-1.017170268997523275e+00,1.157458518452585405e+00
-1.012880422865267693e+00,5.732968948722738656e-01
-9.911166715604535771e-01,1.228842345077255649e+00
-9.394497213905770305e-01,1.093304783679813097e+00
-1.245743837511852803e+00,9.921971623033538634e-01
-6.032070393927844165e-01,1.015369501882190217e+00
-1.042628810447278731e+00,1.055484590530065159e+00
-6.325800192343422612e-01,7.688064941790879736e-01
-9.863113143049826448e-01,1.074014430818603705e+00
-1.159357369958679218e+00,7.064028452471207142e-01
-3.850716850265799573e-01,2.031996897977782213e-01
3.577744570259928231e-02,4.162942535938713579e-02
-2.332716796215120528e-02,7.139567377301947460e-02
-2.658352821623394605e-02,-2.526050029444150136e-01
-1.036784705340181967e+00,1.293804622900122769e+00
-1.378407412921265784e+00,5.908356162563532799e-01
-2.939468303847746489e-01,-4.082065670194866963e-02
-2.755980782682642127e-01,-6.419109188428130663e-02
-2.823105819605622457e-01,-5.992208160503731396e-02
9.233457752204984881e-02,5.716689417477807122e-01
-5.790478985300766546e-01,1.326516580291275949e+00
3.494798140089398070e-02,-2.311548285389080082e-01
-4.323891149303559223e-01,6.935441253640949322e-01
-2.769507244668352811e-02,1.155034391270483712e-01
-1.000234733363212447e+00,1.271101133984867904e+00
-1.033503739325143167e+00,1.142914942963590974e+00
3.478901760504404111e-02,-2.758151518427322535e-01
-1.080931212428298149e+00,8.311072520973594724e-01
2.865231415831592243e-01,2.038790925200992168e-03
-1.261512711844181123e+00,1.180658754738442839e+00
1.490869300943611364e-01,3.310698644105270483e-01
-1.064681000618125095e+00,1.130541051006432429e+00
-9.037171336879564754e-01,8.208309915375791022e-01
2.615287198927985779e-01,2.165011130505010151e-01
-1.095539854563299276e+00,1.301098629625354386e+00
1.506820219124472282e-01,-3.270422325890180119e-03
3.167810035178513228e-01,1.232767214305169196e-01
-1.142294232639656931e-01,-5.690210566341631360e-01
1.617183084435747376e-01,4.510456050321673405e-02
7.293209075190148528e-03,-1.127973335296516277e-01
5.280515578299727064e-02,-6.368168663129325502e-01
6.437787348343838867e-02,3.037919610664445158e-01
-7.234457090391217815e-02,4.474603321440781545e-02
3.345975851065246531e-01,-2.060979260951845415e-01
-6.564885817273220514e-01,-3.541645773654962803e-01
-9.211403551901743425e-01,1.249447551932169054e+00
-4.651683456699379215e-01,4.322051028723639665e-01
-2.472702987486882775e-01,-2.606931033635375150e-01
-9.864096761059112373e-01,1.259917840986264137e+00
-1.166286818659029612e+00,1.250968322464169447e+00
-1.615165689365465618e-01,-2.502796700961720244e-01
2.712966523240701311e-01,-9.853936075286472140e-02
-7.604557932010411747e-01,1.036375505640495076e+00
-9.650948255963490707e-01,1.222014581110435039e+00
1.448845927220609175e-01,3.271647379535265188e-01
-1.006704708606109389e+00,8.246405501052962439e-01
-1.012107413901485398e+00,1.568105376471686130e+00
-2.649379526874427737e-02,1.342080575950504451e-01
-8.791854521978736958e-01,1.434208639757665438e+00
-1.101670253987935499e+00,1.127981858843405183e+00
-8.717140923486506043e-01,1.230186532413664491e+00
3.136156206944014369e-02,7.450472536978274274e-01
-2.534979948042032083e-01,2.107704144555347381e-01
1.006521590340911515e-01,2.638237287815622945e-01
-1.090875509161395751e+00,6.898857479860933672e-01
-7.974162134727320606e-01,1.008460871976749607e+00
-9.838704682184469252e-01,1.173604790150441390e+00
-1.136628185142632974e+00,1.395402209777281577e+00
-6.539476681578861861e-01,7.504663967168829775e-01
-4.001290306401377173e-01,-8.137005086391306541e-03
-2.453954347642798295e-01,-1.439695149903929550e-01
-9.300896218653993408e-01,1.010715416788955379e+00
-4.537233880589524593e-01,-2.223129735486358005e-02
-1.087031107827502119e+00,1.294700720731802202e+00
3.152221818029625755e-01,2.296488612758519343e-01
2.538413956144498496e-01,1.358302738155661715e-01
-1.587280662505371476e-01,9.056441272138310294e-02
-1.183387161148190758e+00,1.217497806945075034e+00
-3.059482000568207807e-02,-6.158237456402134713e-01
-1.114283937207050768e+00,1.086366690147180680e+00
-1.199918036515302600e+00,1.059086219860224665e+00
-8.685441508863694926e-02,1.031740315526861740e-01
-1.528070793321778087e+00,1.220392807170556093e+00
-3.880008266623928281e-01,6.164285841861864151e-02
-8.184865215790887438e-01,9.151231330888075499e-01
2.307398297026949374e-01,-2.950296147468105951e-02
-3.826801246105655530e-01,1.634113061376497589e-01
1.376395533213123912e-01,-1.818714299647681831e-01
4.133141362163362253e-01,-8.864580838535138230e-02
-1.011819181130172218e+00,9.148906264998173388e-01
-6.878810859152576507e-01,1.330885232186214351e+00
-3.242091701568158846e-01,-7.844597606022813557e-03
-3.237019983532122280e-01,6.795072396700223560e-01
-1.245168484341721421e-01,2.190334406621406715e-01
-9.359353496601481304e-01,1.162915299090902632e+00
-1.198849678534020580e+00,1.025650765056565827e+00
-1.033968150077337445e+00,1.006128873830801629e+00
-8.469507757606935527e-01,8.291792713925123515e-01
-9.109300990042936697e-01,9.377576678159592616e-01
2.140297976398998492e-01,-2.627317942752498414e-01
-7.684458373193996383e-01,5.766543288257353073e-01
-7.745348029830821934e-01,8.781899976285649778e-01
-1.396393434642307252e+00,1.016024981305672759e+00
-3.862111286056268966e-01,1.073229794946127802e+00
-1.188673879802421895e+00,8.246584897634186007e-01
-1.068133944559742199e+00,9.229350041216347611e-01
-9.902932818169382090e-01,1.041271183659290500e+00
1.250054562900207722e-01,-3.261985100141095995e-01
-1.211148033647237776e+00,6.685959111880028782e-01
5.619645968743987308e-03,-2.562104688468404001e-01
-5.583739943272457429e-02,-1.120052261012684375e-01
-1.099370323153092466e+00,9.383041753750253067e-01
1.954885404772117863e-01,-6.055420591688610160e-02
-1.456912608313538360e-01,1.473801760185010634e-01
-4.065789672271396538e-01,-3.704881713887782091e-01
2.359042724130201441e-01,4.207003158124884012e-01
-1.994752671169090497e-01,-3.455369706990215062e-01
-1.173536267444105441e+00,8.677284771685717102e-01
2.838105481055810397e-01,-1.273249201390299623e-01
-7.726840471553538814e-01,1.181142179872622267e+00
-4.050315926596324001e-01,7.644716411415127810e-01
-1.169846774474535556e-01,-1.310996659304069223e-01
-4.112754166382859289e-01,8.491126619674950471e-02
3.458797852365562142e-01,-3.151256051778034695e-01
-9.740164680715598378e-01,8.471823607160715586e-01
6.105887858480712332e-02,1.657920642579293335e-01
-1.173604461162466528e+00,4.328319128763081780e-01
3.391082408651106550e-01,-1.154202890417639349e-01
2.037028815545191551e-02,3.014805536857761981e-01
-6.818136372982968041e-01,1.061854021685812999e+00
-9.454916414424965332e-01,1.243933965505894523e+00
2.205894253153731499e-01,-1.135331744727623438e-01
-1.028560941792624917e+00,1.079041457592495146e+00
2.967384535444506644e-01,2.406949881266898239e-01
-8.516431015849084130e-01,9.179036872225353472e-01
-1.321514269934706554e-01,7.296660980434681310e-02
-1.157319790702322271e+00,8.973982718530915115e-01
-1.146413073685027983e+00,1.249784559865093847e+00
-7.351756493468857290e-01,1.136905109395118574e+00
-1.013074123060190290e+00,9.019124874563980709e-01
3.506107280307912272e-02,4.584323698380141782e-02
-1.069153987146053142e+00,9.496831371489617979e-01
4.813058985745081175e-01,1.090983947474385152e-01
1.844926036848645035e-01,-8.895026176615390689e-02
3.831358270400963550e-01,-3.237417296097839375e-02
-1.033584473903209400e+00,8.259520370710892179e-01
-1.012347141489492452e+00,1.304612642698472769e+00
-8.517846906352533054e-01,7.788307725665463144e-01
6.755441470871756393e-02,-8.488531888487858834e-02
1.330793137333895759e-01,-1.413184759553225145e-02
-1.041460287740940904e+00,8.463406739440202387e-01
8.354179036013351101e-02,1.475324825477922486e-01
-1.586464651659353631e-01,-2.230692291620555989e-01
-3.573518097009576594e-02,-3.184486583978345386e-01
-1.882039031749238311e-01,2.528509262778661504e-01
9.543952591269386221e-02,-3.119756044911578801e-03
1.009724565475212804e-01,4.049159952408961649e-01
-9.448468018488820341e-02,-3.636603449943862088e-01
-1.306536348500703326e+00,9.231439305073186885e-01
-9.677606639644140696e-01,9.116417476473630543e-01
7.457300772952199508e-02,3.755761630676904272e-02
1.943877860011297698e-01,-1.039557439745023154e-01
1.355217180162452129e-01,-1.764377487099039743e-01
6.467447639695524109e-02,-2.663106428465265019e-01
-9.820300210279783171e-01,1.110619312046084994e+00
-2.189585273629539586e-01,-8.406512570418230024e-02
3.147351854053107023e-01,-4.217209881622517309e-01
1.559687278994875692e-01,-2.843878276021690743e-01
1.507812752985685234e-01,1.793779297860749744e-01
3.689920880040241380e-02,5.456782882176707677e-02
2.294364578161327828e-01,-4.253277367881760918e-02
-2.176526152268401237e-01,-9.213305797186235879e-02
-8.507094498979412833e-01,1.363968773050689753e+00
-1.460119506825232616e+00,9.532602606389424249e-01
6.107357547857190927e-02,2.057266134315367534e-01
-5.962339314255553635e-01,9.601671313903359373e-01
-1.109656892807688422e+00,8.464998548680564561e-01
-8.446717457582697541e-01,1.125772450269622915e+00
4.230403144826078154e-01,2.252767496458946972e-01
-9.482211532197336590e-01,9.177045839574881070e-01
-1.352894390833671023e+00,1.125640094426359594e+00
3.043954201866339027e-02,2.693082422315950519e-01
-1.034808005711114864e+00,1.023294384053764716e+00
-4.196828455501595556e-01,2.074873413427423263e-01
-9.529843716340907767e-01,1.431587523595988065e+00
5.806507182215566720e-01,2.061436917793234291e-01
-9.692865950007292786e-02,9.602553988159040488e-02
-1.085823908873775778e+00,9.794805658310425933e-01
-7.946619800606076200e-01,8.860720615619661622e-01
-1.038055829388883744e+00,1.159447522817480314e+00
1.273974417181518437e-01,-3.429342214354312857e-01
-9.507835157004205229e-01,1.257882898167217878e+00
-1.109952743350180349e+00,7.034803027166514067e-01
2.911175823429039689e-01,2.452236936356118335e-01
-1.975562424615751600e-01,3.964930126239241820e-02
-9.872545620269023159e-01,7.412936610964306894e-01
-4.516121010754416965e-01,1.752643575178890467e-01
-1.122236287430225632e+00,7.680828526727653260e-01
-8.601253213168946754e-01,1.205316425824931592e+00
-1.225441057154412761e+00,9.474868150137135681e-01
1.988038318371627422e-01,2.623776041197021028e-03
-7.291179473154971724e-01,1.101982193473151073e+00
-8.028518669108416494e-01,8.532845747524385738e-01
4.841316222451030327e-01,-1.437897476275251107e-01
-1.115062495937075709e-01,-8.770382688820121952e-02
-1.406911657553234107e+00,1.105414899691056441e+00
-3.387586811604312298e-01,2.343919107395490975e-02
-1.530243664235380940e+00,7.817430441180338585e-01
-1.571446379323771236e-01,-1.649571634197636028e-01
-8.930369814155806329e-01,8.340494175969158652e-01
-1.608439118397874124e-01,-5.267867555386137463e-02
-1.263086584991767625e+00,7.051775650581297850e-01
-5.916138482337581772e-01,1.771927445828645475e-01
-7.917947489599687083e-01,1.294031728336933140e+00
-1.089634921067590634e+00,6.222781905077183762e-01
1.849340751847182787e-02,-4.092913964101235758e-01
-1.334135675847958613e-01,3.337722383187158304e-01
-1.019883957906625449e+00,8.046133389111898015e-01
-1.170238196141958564e+00,1.116270639259857145e+00
-2.898442913572145674e-01,3.104211041211275002e-01
-2.311254602411339787e-01,-1.640529748228577167e-01
9.418467204883118615e-02,1.670842679255487295e-01
-1.194403152858380279e+00,1.326320292593087036e+00
1.261291133226180028e-01,-3.959613122399684160e-02
2.317940961221295060e-01,-2.636948500172467957e-01
-8.103615106697128478e-01,3.325285470352222772e-01
-9.835635716347993496e-01,1.387998779688976558e+00
4.305799412587490993e-01,-1.008290034962199128e-01
-2.707667514068095582e-01,4.556741076284673980e-02
-1.841991691416577648e-01,-2.168355800425254554e-01
-8.359162577679537520e-01,1.011687526598915143e+00
-8.781490430775300560e-01,1.060544905578502783e+00
-4.658353830333074597e-01,-1.537827545097653348e-01
-1.084475475072333550e+00,1.190091327144911837e+00
1.363839173411158512e-01,-1.392791832942066599e-01
-7.080205661690550656e-01,1.142652128787305266e+00
-1.244438153085295040e+00,7.143985780830519605e-01
-1.278045987501767566e+00,8.668621734026085157e-01
5.182746519756475934e-02,2.778322200207738457e-01
-1.230271713158612945e+00,9.992347969481785164e-01
-1.221947109827693945e+00,1.203384592403752062e+00
-1.157307232402560837e+00,1.084293162792785425e+00
1.218802517284001685e-01,3.958019440761966629e-02
-7.463736800833888907e-01,7.920700524778713225e-01
-9.864768916627325579e-01,9.144506935559112426e-01
-9.996903347884706914e-01,7.289560501564887884e-01
-1.685553617211354160e-01,6.126788475998318911e-02
-1.026959922164736305e+00,7.501679395776355008e-01
-9.063574566112831965e-01,9.187514610184959185e-01
1.005573679508418999e-01,2.580233570204117921e-01
-1.749066295912912739e-01,1.635395378126241750e-01
9.260898968016921529e-02,5.521435834378677493e-02
-2.501903963812202036e-01,-4.094721984443196461e-01
-6.208866213249745331e-02,-4.957993149685201439e-01
-1.247861760336237857e+00,8.372779425221328342e-01
-1.023296120717233082e+00,8.234217081095313029e-01
-8.031586744988654658e-01,9.139156539061079609e-01
-9.676638859225035194e-01,9.837148656956887782e-01
-3.142000363540523727e-02,-3.408937582996589000e-01
-6.740554184005913552e-01,7.480875342125222760e-01
-9.344811681215827726e-01,1.302500416260174987e+00
-8.534787204950169404e-01,1.374877273714327330e+00
-1.994498261113162030e-01,-3.309936594815848787e-01
2.256576619277195564e-02,-1.590776986404987201e-02
-2.902901704307828123e-01,-1.206978666407784867e-01
-1.220251105020477400e+00,1.046121077817770528e+00
-1.069995250681175847e+00,7.080729677559753910e-01
-9.118377446952279364e-01,8.054142308193585897e-01
-1.139971499904636199e+00,1.119326027309552885e+00
-8.182565941974199175e-01,7.527006010461271268e-01
2.142792517939333397e-01,3.561502127986108657e-01
-8.696999229079758198e-01,1.304596300930214614e+00
-1.165828642568704554e+00,8.253972393196661317e-01
-1.157650473683331932e-01,-7.218094874757138846e-02
-4.548959540238468602e-01,1.118156269258088420e+00
-1.222498357325749962e+00,9.492068664500278308e-01
3.863004215545053355e-01,2.477128618932140577e-02
1.360745837588186458e-01,-8.905211843823337275e-03
-8.826775668783858331e-01,1.250387540816653154e+00
6.005843518393536029e-02,-7.070568450935038607e-02
-9.969575254892919514e-01,1.458526514904000759e+00
-1.417259656329520300e-02,-5.829991220674392467e-03
7.054971330863710199e-02,2.049260938148196876e-01
-1.379672675083027711e+00,8.318800629996667695e-01
-6.860335091696762033e-02,-1.099194438169279059e-01
-3.293438941678539789e-01,-1.295054185141203129e-01
-1.674167578519980992e+00,1.028796012290296602e+00
-7.571365463875455726e-01,1.186448109234767845e+00
-1.850569460726992077e-01,1.842783079828373971e-01
-7.529061121636178022e-01,1.019645460219141153e+00
5.248727900202717622e-01,-3.355672490572272904e-02
-8.368404297923157653e-01,1.032294757814828712e+00
-1.930103516564033728e-01,8.412432675540812421e-02
-1.098993130786474204e+00,1.204947119477100426e+00
-2.433661609867715236e-01,1.586717805613794552e-01
1.190890770302358015e-01,3.297245471651982784e-01
-1.073677116224250438e+00,1.024414521534178668e+00
-1.060018920607391779e+00,8.789447249754056557e-01
-4.913910850272305147e-02,2.523802606509900626e-01
3.107697063433249168e-02,3.039326836798354470e-01
1.442519652835113630e-01,-1.807353237501867216e-01
-1.027670790592985606e+00,1.154590070820973757e+00
-9.223343939609492947e-01,1.282105440734754742e+00
1.578450345957520262e-01,3.736368265669088862e-01
-1.846968712600139118e-01,-3.757827556973485916e-01
1.577905896530639729e-01,9.384636897820007595e-02
-1.213826736067497469e+00,1.262433461597445516e+00
-9.014907722586099625e-01,5.382962685433336780e-01
-8.873577570309956197e-01,9.411376561139150887e-01
-1.028233332137548084e+00,1.260678293773724645e+00
-7.722986611621149855e-01,1.332949674844171373e+00
-1.495055878425829432e-01,-8.956463639818663947e-02
-1.358549998208103071e+00,1.294514653713824792e+00
9.128473542109918903e-02,-3.781888114059333006e-01
-1.031976330465703917e+00,1.159381721444835645e+00
-1.372914149432344466e+00,9.100991127340972708e-01
-1.994091748528618313e-01,1.537205538813955731e-03
-8.736314410847287881e-01,1.498965596877731787e+00
-1.087399413117705604e+00,1.349738984459287972e+00
-8.735691798376219452e-01,1.460239425334997510e+00
-6.873174268437898249e-01,1.272178795270933360e+00
-9.428286455643580810e-01,1.355268816189853176e+00
-9.991558818392660690e-01,1.140919349610105549e+00
-4.558762197094832214e-01,4.353929112738908480e-01
-8.155659898903319105e-01,9.955579477362809238e-01
-7.776383158419311603e-02,8.287174883492769151e-02
2.463223478230105734e-01,-2.981210947331910943e-01
-3.701828572233956116e-01,1.567661805147567422e-01
2.413853644535800536e-01,-1.148607692022877158e-01
-1.353521506210053404e+00,7.644434211929500567e-01
-1.491840421047691656e+00,8.162437006311080712e-01
-2.680222286218450836e-02,-5.259212958031272457e-03
-3.215294519789727579e-01,-2.228304506055934775e-01
-1.304791856627330660e+00,9.186255960593391334e-01
-7.039256517271733626e-01,1.040053643778841241e+00
-2.511328310223029936e-01,-8.357572751306995007e-02
-1.371855193398025419e+00,9.492564389217703624e-01
-8.942977896033994512e-01,8.929662660150290421e-01
-2.729615038519737635e-01,2.339688762165033353e-01
-3.671212544145349144e-01,-5.841723373108410888e-02
-9.939669463889413414e-01,1.328100454216315729e+00
-9.376018626121581656e-01,1.357047942208331692e+00
-3.716955049369817798e-01,1.227131766968232895e+00
-1.242559210422589655e-01,6.378983104328747600e-02
-5.317548182222241460e-01,1.593982439305615673e-01
-4.083243862104635885e-02,4.099640104776594018e-01
2.223009250028769868e-01,2.045509296220416051e-01
-1.066073094195821858e+00,1.250527644499805024e+00
-7.349773351998192261e-01,1.092639723626967152e+00
-8.302569252237068653e-01,9.342465911602656492e-01
-4.695189258152123735e-01,4.858597539077654792e-01
6.350403773143498132e-02,1.642882071710490555e-01
8.049213875459705625e-02,9.073465507638170391e-02
-1.213475457081804709e+00,9.733510492782329049e-01
-1.135037331323694332e+00,1.093488264057730142e+00
-1.976871323861185137e-01,2.817409789928009278e-01
-4.190068177073703881e-02,-4.393633713600835766e-01
-6.634229540926460389e-02,3.631093249715195426e-01
-8.964076749541013411e-01,9.169273221594811396e-01
-3.823071724896177637e-01,-8.281413674241001888e-02
2.640934808518679011e-01,1.441356706017359601e-01
8.786940318580863107e-02,1.708457543737049167e-01
-1.043666244209053406e+00,9.553636371329298216e-01
1.412540920607450179e-01,2.321706239530016147e-01
-3.766463066236271362e-01,-9.292437127897242022e-02
-5.224230074865826579e-01,-3.527153680164421545e-01
-6.563115578576081410e-02,1.206627751436635948e-01
-1.192084599712253778e+00,9.199560637117507600e-01
-1.139944145812519377e-01,-1.167899208669186673e-01
1.948113069020804278e-01,-2.811708785260625190e-02
-1.168300522706015254e+00,1.428158643501237890e+00
4.265842918860637267e-01,-1.009945176271721673e-01
1.194668974378343407e-01,-1.967603478745883760e-01
-1.004528659541015889e+00,8.609385861877169033e-01
-1.000118187607731635e+00,8.353281429919205969e-01
-9.066076251584891110e-02,2.268551118441017034e-01
3.036301992095523650e-01,1.049713862543600607e-01
9.673811400215789891e-02,1.737422824374793562e-01
-9.302907026740199203e-01,7.728936939303491238e-01
-8.262234773655781073e-01,1.061832210870064630e+00
-4.192158728672268353e-02,2.695189521412791334e-01
-9.449109320002803125e-01,1.439181694784890553e+00
8.798793609339163047e-02,-7.470246671569808275e-03
1.188967796283437878e-01,-3.374123310306803014e-01
-3.847929487113087021e-01,-8.726067849786930952e-02
-1.244399527636424807e+00,1.098111382687376070e+00
-1.577190436268176121e+00,7.246775767033709625e-01
3.537120936071279365e-02,-3.405654131316147165e-02
-1.232471029665089590e+00,8.205194563767346239e-01
-1.312688636719239410e+00,1.093198117988016138e+00
1.247980067586774433e-01,3.141371871587102516e-01
-1.900428151155373058e-01,-1.765571631914386874e-01
-1.567618108847541047e-01,8.355873780021011443e-02
-5.470096119673338864e-01,1.166172752466051454e+00
-1.341181134323404356e+00,1.058837256183010833e+00
-2.180139468983550988e-01,3.551272390395868173e-01
2.535027786832908525e-01,-1.414689062660937635e-01
-1.485682102960872719e-01,-1.253421882513741344e-03
3.090914850714784334e-01,1.162918768787548768e-01
-9.600839703474572939e-01,1.136976911165684667e+00
-1.330822477091287315e+00,1.257117036319342018e+00
-2.013599368366308373e-01,3.931161327180268117e-01
-1.303658558284383484e-01,-2.435601100874021027e-02
-7.403259363669037300e-04,2.562858586635567704e-02
1.596917379503030310e-01,6.056488750853988162e-02
2.489924945290545311e-01,-6.677668539307085593e-02
-1.298597605437850078e+00,1.207922892647325774e+00
-5.872679021954374523e-01,5.577332958623949510e-01
-9.431570772730036856e-01,7.967914282179670016e-01
-3.654435015241181417e-01,3.056128138733774438e-02
-7.894826603328029824e-02,-1.141237748611372976e-01
3.569501869543695999e-02,1.280276865187047197e-01
-6.875614505177828073e-02,1.323630242120969747e-01
3.776811884425695376e-01,1.158555720819472307e-01
5.176304418014876681e-03,-1.549463718381134392e-01
-7.828807271727622474e-02,-1.997879822685747764e-01
-7.291368804994767805e-01,1.124919007593575326e+00
-7.574299058480842284e-01,5.976704711395053327e-01
-7.920402048698333974e-01,1.379425248995033826e+00
-1.369452249215792339e+00,1.180327240556170221e+00
1.285659220323508989e-01,6.585154445230442799e-02
-9.000397742897520148e-01,7.592958656307047249e-01
2.664572739915548882e-01,1.302896833297477741e-01
-1.155359923583608034e-01,1.497009436881051869e-01
7.752854012118350902e-01,1.133060102921335799e-01
9.146757603945630810e-02,-1.800363368002474984e-01
-4.291215059682709776e-02,-2.663926273853874371e-01
-8.262053439833909607e-01,7.438052975401965305e-01
1.362628062561639652e-01,4.350083713984115863e-01
1.986603822151261911e-01,-6.037736324733893045e-02
1.351563077265921231e-01,4.832112820828070310e-02
5.742838719396621550e-02,1.946682992692682357e-01
-1.170924391205146353e+00,9.915864129759297541e-01
2.468241543534517024e-01,2.605624342720784803e-01
-1.039194569757419861e+00,8.956725991322151970e-01
-4.752945059070072531e-02,-1.474706296715838361e-01
-8.404754374732221756e-01,9.018994509084033995e-01
-1.152439692740677701e+00,7.405309289473809287e-01
1.988741439616257545e-01,-3.729989144772768994e-01
-9.449419336970765748e-01,7.591023215604917329e-01
-9.651987112837141780e-02,1.105181089255323351e-01
2.184485940317676955e-01,2.538017488226628204e-01
-5.469741462995565406e-01,1.055506311981736500e+00
-5.248924797343401671e-02,1.547255505765006978e-01
-1.173152404575538599e+00,9.468900404420770300e-01
-8.617907363332306669e-01,7.660933712725886968e-01
-2.520100507318122074e-01,2.800762897351604663e-01
1.960378497520046028e-03,-8.389272453137117808e-03
-1.204567743454645345e+00,9.128906553425673032e-01
-2.593338804203378922e-01,7.929762644847802855e-02
-8.852231672623951386e-01,9.083809606400981007e-01
-1.430363209053935991e+00,1.081080837846962961e+00
-1.042116142663249145e-01,-4.532185603502652538e-01
-1.120674080571548492e+00,9.809602572568687506e-01
-1.053391598716744149e-01,1.864987101996647967e-01
-2.778632193923066818e-01,-1.187873910541419192e-01
-1.162324306366045779e+00,1.344615392736711268e+00
-1.026585380669584741e-01,6.087249131808390723e-02
-1.334889110228278941e+00,7.530073871569518129e-01
-2.714662681953685097e-01,1.817772743176055694e-01
-4.437988687655184394e-01,1.057281548687316830e+00
-1.203595592548847293e+00,7.064929532556787350e-01
5.009095182015257768e-03,-1.982341469104506038e-01
-1.065419367679264262e+00,1.503203162697076767e+00
-9.006959271381571874e-02,-1.780072984662923463e-01
-7.663720619696303693e-01,8.406266618007762759e-01
-3.109972337399256048e-01,-3.035112412944074856e-01
-5.649246560701612907e-01,1.285037781469073659e+00
-7.551224704595838055e-01,1.141684708221842870e+00
5.274380252603535491e-01,9.373202786056858415e-02
-8.239419506394753956e-01,1.231505039448518080e+00
6.115143425558389884e-02,-6.453537748656323902e-02
1.187271659303517773e-01,1.158906200005606069e-01
6.170150000407130172e-03,-1.858136442616509232e-01
-9.727012426904367848e-01,1.033203452992930593e+00
-7.193956602138942280e-01,9.882796569612403159e-01
-1.106673411988887024e+00,8.213663901424913538e-01
1.730528200991025486e-02,2.075004213788025909e-02
-2.705642857616561425e-01,1.855257558258897044e-01
-1.287123268820969058e+00,1.375304655205900062e+00
4.570347508956455473e-01,-7.041433444309007361e-02
5.188506908905164000e-02,3.845375516017160988e-01
-6.311279373184109850e-03,4.531853154168777320e-02
1.078484154334095474e-01,8.235739398440292125e-02
-9.283765002814836631e-01,9.682086627655848154e-01
-3.768452980542449232e-02,-3.674338050623333907e-02
2.682996982010543013e-02,-1.241665767012643667e-01
4.527396835706148370e-01,-9.780121810689296202e-02
-9.370730984622579474e-01,1.266683969633609408e+00
-1.024249131949181768e+00,1.147520591713572902e+00
2.847331840193884078e-01,3.240992882691712956e-02
-6.578248760706209008e-01,7.296451796166301129e-01
-1.467554225371999754e+00,1.117186233624734903e+00
-1.840389800524246944e-01,-9.658056098030581849e-02
3.005530292755305144e-01,-1.937610734124027567e-01
-9.799428628327203628e-01,1.218736511169013825e+00
-1.886771107842130923e-01,1.265293585152983957e-01
1.372400339889021659e-01,-3.989417600520172025e-01
6.146133484971409711e-02,-3.247803009771438321e-02
-1.240159772951996420e+00,1.213009549375382079e+00
-1.368317009980098087e+00,1.064222323849630891e+00
1.962901043598069550e-01,-2.079394737386436876e-01
-1.052402636665711544e+00,1.053729217690734465e+00
-9.655447648527806237e-01,1.037876463674154648e+00
1.966849351137050506e-01,2.836079948410311080e-01
-1.201585351020903358e+00,1.537535487360334185e+00
3.484474496958633871e-01,-4.287114439255605702e-02
3.822385720565052436e-01,-5.536131629761210926e-02
-1.145255237670260273e+00,9.600263139967024628e-01
-1.145270215954452331e+00,1.218684268313037222e+00
-8.644037063854378422e-01,1.331974553354078328e+00
2.450437764220604053e-01,-4.578632111711325101e-03
9.911057210474488732e-02,-1.181845899617894602e-01
-9.132442396534062867e-01,5.971432222224752895e-01
-1.225521657308925816e+00,6.943008937028406491e-01
-8.283918045797189489e-01,1.258871610709177968e+00
-9.268695092756479292e-01,1.046832010997090778e+00
-1.184557451442361381e-01,4.349788695340660039e-01
8.122249398453018632e-02,-2.189988171743732781e-01
2.420733541244118880e-01,-9.964775361995917291e-02
-1.217685115329212975e+00,1.057139239315704859e+00
-1.192610389618547373e+00,6.100002234571761939e-01
2.974890489694939286e-02,-2.542284370239483726e-02
-5.533943635331795008e-01,9.073056233372956969e-01
-9.997926711352996820e-01,8.061076882117368392e-01
-7.653922990393405845e-01,1.155368232580500365e+00
-1.074567639783094330e+00,6.836208645542323215e-01
-1.202378020094381439e+00,5.813192149372981010e-01
-5.696450339514701894e-02,1.080102260515543831e-02
-1.011945106972815811e+00,1.057657302090205587e+00
-1.076219772690213849e+00,1.002906780676705578e+00
-6.054463552634866547e-02,-7.418835281695544681e-02
2.013460873718782296e-01,-2.312426059778605048e-01
-2.393791598268694976e-01,1.142836300502942937e-01
-1.928745696884200389e-01,-1.266030846176318669e-01
-2.947065968230314637e-01,1.018028090908883604e-01
-2.658791266528586217e-01,-3.046546097245717358e-02
2.321263663796192533e-01,2.805752621979837325e-01
-9.747981700825705254e-01,1.083064373536088310e+00
2.997283630344325656e-01,-8.299024837912628394e-05
-1.063503809257536181e+00,1.008648828873656589e+00
-1.139568674318405028e+00,1.117906284363675340e+00
-6.928237976241798102e-02,1.445587025982122686e-01
-1.239192565314293226e+00,7.088452140015923941e-01
-1.019036086337154368e+00,6.755349018064022992e-01
2.884835786536914942e-02,4.763493130414812177e-02
-1.486402703425746319e+00,6.065194067618384643e-01
-4.849988824949078015e-01,-1.720074370423897020e-02
2.216083594709160609e-01,7.342272307212467652e-02
-8.039560659457093417e-01,1.009995868998019963e+00
-7.050544661190762952e-01,7.430055104378516795e-01
-1.694681269522152478e-01,1.269840581964806203e-01
-1.132665388368105930e+00,6.899837199357774509e-01
-8.494149211029079494e-01,1.000749236208749116e+00
-1.099509662767266249e+00,6.126203990436952518e-01
4.086592269861395454e-01,3.833303927389621335e-01
-8.562470242980543267e-01,1.327039628904295832e+00
-1.027120328082476330e+00,9.372504752004451323e-01
-1.052129006034144165e+00,8.049910963059712099e-01
-1.191460600282506999e+00,9.616025467239979196e-01
-1.244639465957340763e+00,7.666173856724760594e-01
-2.747783432194476905e-02,-1.257813470838562708e-01
-4.625103390772259543e-02,1.567089283259775756e-01
-4.939490109866658679e-02,2.263338826852341334e-01
-1.672369999008610220e-01,-1.666456264766614792e-01
1.430276317719181983e-02,-1.558129523637321601e-01
-9.681642073415364091e-01,1.227519263095782298e+00
-1.026562339826344150e+00,1.104907316201375611e+00
2.056719151348682384e-01,1.405082122783900267e-01
-9.334404323413707238e-02,1.070897901283404396e-01
-1.348570044453446748e+00,5.521831696938754863e-01
-2.121924187362196901e-01,2.162065729787303603e-01
-9.380921853321267934e-01,1.139459014036924511e+00
-1.007170949926073256e+00,1.195764380216732148e+00
-8.793531444275922704e-01,6.777335258572748655e-01
1.015545105965678652e-01,1.169244628060995828e-01
-1.907198974690520188e-01,-5.296552890605263908e-01
3.364714820503909853e-02,3.532406792794348660e-01
-9.522437190990412637e-01,1.478354083957339693e+00
-1.036389820973767861e+00,1.181981679302745114e+00
-6.880502640743767218e-02,-2.331152236836155772e-02
-2.160158525106990746e-01,-1.067547547979363909e-01
-1.041988892022370994e+00,1.054229995691228661e+00
-5.700703221543000909e-01,-7.800440358807740962e-03
-7.821122479685908013e-01,1.050649447561980532e+00
-6.772356032235837819e-01,5.778225298309813684e-01
-9.983225021930406395e-01,1.116696422176382208e+00
-1.493565341158929749e-01,-1.975859622811992067e-01
8.777904131923290609e-02,-4.749195955800362690e-01
-2.721775005460649877e-01,7.107625676174407492e-02
-1.066447217933912395e+00,6.036313423876807915e-01
-7.699405659540087266e-01,1.659260078643332026e-01
-1.041027499163104109e-01,3.058057148299124159e-02
-7.833766684211479481e-01,7.792046420156214515e-01
-5.895246620758579637e-01,9.009227564593961235e-01
-9.956231917287315936e-01,1.055302964187855519e+00
-5.902819427628311910e-01,1.036326346908628571e+00
-1.075750585390873176e-01,-1.998150597420271235e-01
-1.393818143975584345e+00,1.199394406572483751e+00
-1.254740755976248678e+00,7.818249108593562369e-01
-8.613255971694977475e-02,-2.471003525361539777e-01
-6.807253985181229705e-01,1.406980880858786254e+00
-1.139018133771986241e+00,1.096923256466998398e+00
-9.507765389859079708e-01,7.844870904631489061e-01
-7.527045123609573674e-01,9.467764800874819420e-01
-1.687333764055934660e-01,-1.507651168867167428e-02
1.635508872942271208e-01,2.578338169523461398e-01
-8.650691528194326407e-02,1.770317873861752545e-01
-2.682558136791082237e-01,-1.859743648969938712e-01
4.634971315148302129e-02,-1.265087525955532755e-01
1.774775717293428923e-01,-3.173864813423948189e-02
-1.010822927131543647e+00,1.066609294870320523e+00
-6.836307375308534606e-01,1.009847581383641391e+00
-5.415096190601321330e-02,-4.138293035275600329e-02
3.443923381991457200e-01,-2.355640594155646861e-01
-3.018318404966243707e-01,3.765557025285580783e-01
-1.149141214842683612e+00,1.057368491343649630e+00
-1.252839133831755491e+00,6.667105448061768636e-01
-1.079409688367286568e+00,8.291257549347261779e-01
1.334194485337832914e-01,-1.395589227486069839e-01
-2.143715454312364599e-01,-1.252826818439922441e-01
-4.315151223377518275e-02,2.825368333966605805e-01
-7.265566126051786755e-01,8.825551273930871687e-01
-1.012827296955958412e+00,9.727352107430953243e-01
-9.559887471415687843e-01,1.230760385471152185e+00
-1.004486243729668882e+00,1.199377067726918211e+00
-8.380677043997031284e-01,9.203717246054490264e-01
-1.709417925750401634e-01,2.557683275952356630e-02
-6.125457343054540038e-01,1.961012251816268426e-01
-1.938824106721912799e-01,-6.008794062564865035e-02
-1.042893891981186316e+00,8.433001807100485303e-01
-1.211744929695329320e+00,1.201836072621472074e+00
-8.822485344315960099e-01,7.653139606477039614e-01
-7.774332784482186343e-01,7.773710427693374392e-01
5.410581823204855256e-01,-1.020828675660262752e-01
-1.979909326646665801e-01,2.937128056353872085e-01
-6.001262056993861282e-01,1.080626083836523144e+00
3.226237055683700561e-01,-2.730656405263708897e-01
-1.470564038929744299e+00,1.502453666241843511e+00
2.045633861348751525e-02,3.429271688028865533e-02
-9.509282162898310409e-01,1.241924100659502095e+00
-8.897944018585950410e-01,1.013614093452637199e+00
-9.961434110547059406e-01,1.044989319730408761e+00
-6.084245346547723088e-01,9.005217067008043363e-01
-1.027823255052916052e+00,8.220089664005971741e-01
-8.051479940770628341e-01,1.253932842653572743e+00
3.744201230210719711e-01,4.006986157666122920e-03
1.900601352201795602e-01,3.065726989933433844e-01
-8.898935460974231049e-01,1.559475037458098567e+00
-7.150337503511349224e-01,9.729359667257332367e-01
-8.828759496927565675e-02,-3.138061750264522498e-01
-2.042781501721815940e-02,5.760285469130139308e-02
9.347511220121566822e-02,-9.354000323241656867e-02
5.631695558969416204e-01,2.496791958588087668e-01
-1.405484634592574000e+00,1.165937092589417023e+00
-1.092687910785912764e-01,2.817624985407582994e-01
-1.780526478301675264e-01,-3.961768817430246781e-01
-9.124503054801647028e-01,9.163907749607919095e-01
3.191745707935858545e-01,-2.890445368657905689e-01
-1.088729575699024232e-01,-5.777570619929781742e-02
-1.277750836754539820e-01,-3.379698658085791285e-01
2.621957022059972497e-01,-3.916612487485193195e-01
-1.679255977358754814e-01,3.027892468105636281e-01
-9.278107089680673880e-01,1.502910580765153270e+00
-6.285293234017154118e-01,1.060215053380041628e+00
-9.975867632058342538e-02,1.982654764072857012e-01
1.743048859600933864e-01,5.556183376660719236e-02
2.766598435850411986e-01,9.927006382316156535e-03
-9.989703966922611200e-02,3.711280865557251007e-02
-9.248490906222488483e-01,1.218427945934113632e+00
-2.207087325570260272e-01,-2.135820792550860436e-01
-1.360808753544239469e+00,7.154842981771880606e-01
-7.656248349923397978e-01,7.802068324682723821e-01
4.277303995273547543e-01,-7.824674360759800718e-02
-2.826184353228881896e-02,7.118686440106801738e-01
-7.143690214508934266e-01,1.037284761193132177e+00
-2.829127555376841074e-02,3.931980958839246393e-02
-9.849897888413166047e-01,1.315888934366538532e+00
-8.739193216928002883e-01,7.638207747712806306e-01
-1.227769047245412359e+00,1.284516748647222206e+00
-1.525500213082148449e+00,1.144698936986205284e+00
-1.319157663017473947e+00,1.016732097179953831e+00
-2.743855239165654547e-01,-3.297695740629407180e-01
-1.078625387151358916e+00,1.168259467834779075e+00
-8.630347540826277530e-01,9.990514651546934521e-01
-1.561134766367790139e+00,9.004156335782127485e-01
1.426416925745508379e-01,4.377137171131616905e-02
-2.341957442358102437e-01,3.774780617819889494e-01
3.574987344717208138e-01,6.553219389452119570e-02
-1.202475958089972874e+00,1.081462471172831119e+00
-6.905621009091431617e-01,1.041181828907285167e+00
-9.865714659517494933e-01,1.021830172245224544e+00
-1.010808122932135150e-01,-2.827413051140705014e-02
-1.128153444099921243e+00,9.308347050969859593e-01
-1.021613237190006629e+00,8.182132451453985045e-01
4.927991877432165713e-01,7.384635883098998599e-02
-1.034730401116465526e+00,1.148976788803029336e+00
-3.317423666630184981e-02,1.276723519501365978e-01
-9.594409291256267291e-01,8.115282089869348958e-01
2.923052166757345582e-01,-4.294845620134306596e-01
1.310556495468406524e-01,3.016215982242830829e-01
-6.605421712391302824e-01,1.263314363535291029e+00
-5.176573549709294619e-01,1.554582670223593754e-01
-8.684374913144800034e-01,1.431033590633901564e+00
1.088300832773438226e-01,9.966140386974892129e-02
-2.062233317442092873e-01,-4.572633804265870822e-02
-8.883239943151084450e-01,1.081302401492386434e+00
-9.821579175759130587e-02,-1.558264533031163135e-01
-1.295848034918635205e+00,1.071658598784066108e+00
-1.218790383993199278e+00,1.321006725647911217e+00
-1.048488902527985100e+00,8.790807414563164279e-01
-1.117172077254209028e-01,-4.964974700720955342e-02
3.930443370861833041e-01,1.281882981064003946e-01
-1.024997277887221836e+00,8.093615770925436381e-01
-1.456891149196689605e-01,-6.678569756735018570e-02
-9.549198025138950774e-01,9.641271020589995411e-01
-6.708842341914124097e-01,1.019381236240916477e+00
2.658554788620738976e-02,-2.855222250454646504e-01
-1.341653098954063150e+00,1.090372681594967696e+00
-1.017666273734303184e+00,1.402298235012622296e+00
2.843225807627215995e-01,-1.613188667219893693e-02
3.210236448037659396e-01,-4.291954747366359957e-01
-1.218786257139518714e+00,9.289587509874644988e-01
-1.039391003067647668e-03,-6.746176156413194458e-02
-6.501620754750913056e-01,1.189429603003620217e+00
2.077782857650695147e-01,-1.310114831961875226e-01
1.262426493718197817e-01,8.721509205408151111e-02
7.549498617734452799e-02,-3.444226004868154445e-01
-1.198400326502800650e-01,5.977694027423374051e-02
-7.937204353305162829e-01,9.195582340531278653e-01
-8.199847975356441276e-01,1.208260159272556589e+00
-1.173642725398553965e+00,1.202043191103987496e+00
-4.236342335392291880e-01,5.387495187566825328e-01
-9.529392327920741534e-01,9.308643897590549443e-01
-1.774173716335388340e+00,1.232888801532285417e+00
-1.105975451968775197e-01,5.277963708905947932e-02
-1.106236602285600057e+00,7.160257670499802218e-01
1.349412452366962334e-01,-2.298337449428079216e-01
1.725720015539186358e-01,-3.048427690966070136e-01
-1.439687839340108244e+00,1.072564460225326366e+00
4.671060496683126367e-02,-3.106390428852366381e-01
-2.340977905608642717e-01,1.087981935041748213e-02
2.350265688596377689e-01,-1.797765516506476952e-02
-5.472120998065184150e-01,9.191166542421990160e-01
-1.181452852359709871e+00,1.038510557922067923e+00
-1.177423773558209152e+00,1.116735477187053904e+00
-7.843733376892361164e-01,1.312242919348031833e+00
-1.392914786483520073e+00,1.206669942339278823e+00
-1.099239497555833500e+00,1.252954307143492985e+00
-2.337635888495153691e-01,-4.397923374252216133e-01
4.476647685666498289e-01,-7.188394660673448622e-02
-3.892711610968098424e-02,2.542554720962478254e-01
-1.141309745719425728e-01,2.919548571432518669e-01
-1.020315349210797695e+00,1.111622731263189445e+00
-5.241918799744074153e-01,8.660802143048252910e-01
-1.587252750387493361e+00,1.108733564316757514e+00
-3.510936873642084288e-01,-4.774144326670786698e-01
7.301478377554976307e-02,3.152336585320533180e-01
-9.445557850881078354e-02,1.348365635071692437e-01
-1.145160771013107759e+00,9.362946817818038614e-01
1.020292678739049969e-01,1.290836385089974281e-01
-1.090073714033913399e+00,1.341436743025095968e+00
-1.160694014470054825e+00,1.173038833447059393e+00
1.620350312953063865e-01,-3.494487555638573495e-01
-1.077357183602449670e-01,1.960984827049081503e-01
-1.000032853212531103e+00,9.929872862919572052e-01
1.737478584579398300e-01,-2.162901342149473327e-01
-6.889587717050229924e-03,2.753989830831516938e-01
3.394261707637917791e-01,-3.728245210749820543e-02
2.695992499959024014e-01,1.609053056270423054e-01
-8.920291293046848091e-01,9.237522737240042581e-01
-1.410507019805240292e+00,9.518759839400809941e-01
-9.678655620278532323e-01,8.460089121557698988e-01
-2.810508272789777884e-01,-1.174041113626097810e-01
-1.158337593849096958e+00,7.167667567298419140e-01
-1.066314808304922090e+00,9.147810025078492169e-01
-7.413267005907573370e-01,1.180992249490027124e+00
-2.180094565412821206e-02,1.374582361579828882e-01
-6.096054626248301189e-02,-1.084470684469469592e-01
-7.744928365984681262e-01,1.409828194613650165e+00
-1.363591514166976049e-01,7.765354190529438760e-02
1.029757677817287470e-01,7.986496361270814526e-02
2.819491093352213817e-01,1.403652611483336698e-01
5.933682189833172638e-02,4.718509883618186018e-01
-9.494891309544416513e-01,1.076123445793771172e+00
2.266193323403032506e-02,3.117132207825917267e-01
4.261557066340260214e-02,3.085442939146929367e-02
3.033800604209516485e-02,4.616075914675158570e-02
-2.567467155693709535e-01,2.174909710561423737e-01
-9.058931518193372168e-02,-2.003689274069808419e-03
-7.895382914205977265e-01,1.070211125057423107e+00
-8.004466432302164147e-01,1.291859197236739920e+00
-8.530865985217461755e-01,9.713679519584356159e-01
7.893869129055909595e-03,2.743688957843129494e-01
-1.355093459577524362e+00,7.607207983542836338e-01
-1.615851664538876242e-01,1.740685652746514767e-01
-1.165966014280812868e-01,1.773109683221895660e-01
-9.143413913636090351e-01,9.284594318917631650e-01
-8.436047897159029141e-01,1.075946571162830212e+00
1.375375425601687435e-02,-4.057548799707620946e-01
-1.112765610579090847e+00,5.039960138741899076e-01
-5.305185441620473563e-01,1.287247329010528407e+00
2.714756738673250805e-02,-6.193704864037905544e-01
-9.983999924180302354e-01,1.140521788076342524e+00
-2.719285084310733014e-01,1.366748081771640595e-02
9.580939948086523994e-02,7.560462342620008491e-02
-9.701680119039642891e-01,1.075268948438072636e+00
-2.561972873128582906e-01,-2.837434102185250329e-02
-3.067460556491511947e-01,1.657908379571171043e-01
-1.517317212549327721e+00,7.330207421854161298e-01
1.141102648206663989e-01,3.560443880886987600e-02
2.614358380084602085e-01,-7.550045829927813645e-02
5.005396580476798030e-02,1.832998403121456343e-01
-6.373665218870225857e-01,6.310595398983291915e-01
-5.853378760294016686e-02,2.185650403747575465e-01
-8.339955560878818952e-01,9.994789036588497266e-01
-9.865033488407707329e-01,1.123296805921011554e+00
-4.642927705703100427e-01,2.359477196197178328e-01
-3.017396574845845891e-01,2.189239667355518532e-02
5.780843616550029700e-03,1.389598953804601078e-01
-3.939031796176416522e-01,4.361859133548452450e-01
-2.153658888223377033e-01,-1.799753030608567672e-01
-7.507085130063965994e-02,2.910748244702281995e-01
4.382199003703096674e-01,6.244314445430349664e-02
-9.653280515751276880e-01,9.930818207597503777e-01
2.427022939272007740e-01,-3.282864991244185959e-01
-1.048117315074180267e+00,1.349330611674354419e+00
-4.320808571369693096e-01,2.050831863092107687e-02
-1.023859794700619386e+00,7.612661727569307590e-01
-6.556248615486893749e-01,9.712804190882952105e-01
-2.425324831252123059e-01,6.334369067512833629e-02
-1.037443238436801307e+00,1.104518890923685159e+00
-1.125649347643243425e+00,1.081615133506507176e+00
4.318467773449936598e-01,-2.241572621799533260e-01
-7.828978353612858765e-01,1.401394166895710391e+00
2.668220637618579638e-01,1.401890174869848682e-01
-1.309473138990848939e+00,1.048541339669229133e+00
-7.368710816695399346e-02,1.060371982178161671e-01
-7.748677042212389621e-01,1.232539760907926496e+00
-1.035565792613598601e+00,1.570429823207226683e+00
-1.147382438128849325e+00,1.141951528940526650e+00
-2.944616121798793867e-02,1.227142286646201591e-01
-1.139795074104546391e+00,1.114165628515528805e+00
-1.670332425416833633e-01,-8.707454149733468568e-03
-8.863259408634031056e-01,1.327244909961937669e+00
-7.317357252901475206e-01,1.319776010524098986e+00
-1.410755875933739301e+00,1.394944950824164032e+00
-4.514736292316275934e-01,1.415282553000544841e+00
5.294171279765624155e-02,-2.157889303862265129e-01
-1.034633924398247640e+00,8.098183953509515698e-01
-4.863882396727651214e-01,1.463328854585062289e-01
-1.870547931505852843e-02,-1.033312017691733059e-01
-8.407623654926408285e-01,8.357822298433400521e-01
-4.829685467591880998e-01,8.298784405909946926e-01
-3.820393751080022188e-02,9.373623322959409587e-02
-1.097412716327099913e+00,8.071656919496610350e-01
-1.229351830663500733e+00,1.186233054686008481e+00
2.057533217907486223e-01,6.230258883778989204e-02
-8.348546766427864529e-01,9.943414870887496981e-01
-1.140873648383747163e+00,1.019662380829738035e+00
-1.165913860781831790e+00,9.245107025588692462e-01
-1.089564717873363398e+00,7.018753540639419697e-01
2.159788520130965783e-01,-1.342549857164824223e-01
-5.047593077173843090e-01,7.422870066874596995e-02
5.814388138787142390e-02,-1.052920261098439086e-01
1.287073431823891057e-01,-7.109398256708861219e-02
-7.453899328041255767e-01,7.184216756930310588e-01
2.857267715390064411e-01,1.966629735027293491e-01
4.128383035289767689e-02,3.355628224162061635e-01
4.720705832522121281e-01,-4.620631140921804270e-01
-1.002659505659212247e+00,8.257652543829675507e-01
-2.979944945660565336e-01,-3.098410523039166198e-01
-1.119688056748178173e+00,1.034752145058870587e+00
-1.783910887103848375e-01,9.095812426553040453e-02
-1.110753142582623143e+00,7.694818498745228386e-01
1.054486809819173559e-01,5.830746469339841143e-02
-1.195625528915148728e+00,8.972639896092031719e-01
-8.802201893398819976e-01,1.134886109995323134e+00
-1.134063185039646759e+00,9.147717785771601884e-01
-9.511313292093013239e-01,8.533505133431361633e-01
-1.025058263274717607e+00,8.940665371790822435e-01
-8.175672195724481561e-01,1.153984974135818797e+00
9.177213611858776876e-02,-7.934970117462240846e-02
-9.730386043654313255e-01,1.275647558636392453e+00
-7.774226939528185998e-01,8.541993770596598701e-01
1.598940069300774369e-01,-1.966882534231825103e-02
-1.001273996179317338e+00,9.266782645723938838e-01
2.047286709683863171e-01,2.191765726821466309e-01
2.862884751283900978e-02,-2.696486150352327971e-01
-8.764815574251811903e-01,7.548224665094463992e-01
-3.388361836854510423e-01,4.321724981019194056e-02
-1.279386729738600126e+00,1.044243213312606722e+00
-1.017571567786488718e+00,8.039011390681362057e-01
3.149906089160645073e-01,-5.498935220349864678e-02
-4.289139663903985822e-01,-2.553531140235383856e-01
-1.154149538579596346e+00,6.379753484972832123e-01
-4.126581694326101890e-01,-4.181757213086357838e-01
-8.243019011997181344e-01,1.086061504528122335e+00
2.397582611234094496e-01,-6.579023417897935690e-03
2.070836578367854786e-01,3.690479004239842209e-01
-5.581817909937552002e-01,1.275641403815370056e+00
-8.473620259229549534e-01,1.154473591211501837e+00
2.475580017075151851e-01,-1.082259544157188197e-01
8.610029052277977379e-02,1.824213619319006163e-01
-1.231046659446237257e+00,8.230535293668989061e-01
1.182889249854855024e-01,-2.765878632582838836e-01
-1.355312230631690262e+00,1.277340097958996168e+00
5.943715764912034516e-02,-1.207772617577669398e-02
1.842028977752298638e-02,2.114807329891080501e-01
3.479614225858099902e-02,8.149502653206473768e-02
-9.667789414676137838e-01,1.152484184035871717e+00
-1.036900585585410761e+00,1.134561708707118921e+00
4.478738279703309982e-02,2.529661600035176816e-01
-7.698794084663339587e-01,9.558168036757793695e-01
1.246095381802532660e-02,-3.562722624747421407e-01
9.716377632985945256e-02,1.075403397702989622e-01
-1.401355632296849674e+00,1.150393951182653973e+00
3.304592962962035751e-01,-3.088478981273187068e-02
-6.725856733702474666e-02,-1.390146880636125848e-01
9.534811354398886607e-02,-8.472684241663803843e-04
-8.878439044982450179e-01,9.611477756865618449e-01
1.725935135712115542e-01,-1.224309580490210575e-01
-9.541769233660229999e-01,1.090925501269764508e+00
-6.385927698490783122e-01,9.695640718984386286e-01
-1.227529619807093408e-01,-2.229367403655535262e-01
-2.902385607210898333e-01,1.709186481371481880e-01
-8.662980361861458700e-01,9.728818012609525834e-01
-1.101305853646931787e+00,1.371690015972046650e+00
-8.882430006160069169e-01,1.341009770641930832e+00
-8.873522184480995278e-01,8.463266629223062942e-01
-5.952591148549633004e-01,1.136039726009930195e+00
-7.961596251476064090e-01,9.660501859592565133e-01
-1.359830709142746397e+00,1.475580311182814741e+00
-4.841669532872736603e-01,-7.518978466837235308e-02
-1.139193374525228203e-01,5.629189830262542465e-03
1.669719969923584291e-01,-4.499059550760818702e-04
3.093816813494501550e-02,-6.170157356810222066e-02
-5.409676178577038988e-03,3.193700022746485123e-01
-2.963096339469296903e-02,-3.133231698021595180e-01
-9.290065715727042761e-01,1.133216201799909228e+00
-1.068777647931324681e+00,1.173006938765608353e+00
-1.177097143988844463e+00,7.799840366024608507e-01
-3.710093192731230838e-01,-5.469538206126157293e-02
-8.329089508850046064e-02,4.166620672353092969e-01
5.506208070544169747e-03,4.821915325793656865e-02
-1.105952554856288295e+00,6.102874515093990038e-01
-9.681746651271864179e-01,1.024829870193435744e+00
5.313386456224906684e-01,-3.959191749750090583e-01
-1.287473121184469216e-01,2.011230721620776707e-01
2.420405251390636281e-01,-1.103360116573397082e-01
-1.087510144159358649e+00,8.005205026008319624e-01
-4.035866680920272009e-01,-1.422205859340792411e-01
-6.868823866423823254e-02,-1.659869165675560421e-01
-1.185000441310910313e+00,9.261147084561116571e-01
-7.994820187303933734e-01,1.245958744800139684e+00
-8.853995680078267094e-01,1.487881922269574719e+00
-9.933674704123355292e-01,1.155422035844227535e+00
-1.305259258275322409e+00,1.178359386513733398e+00
-5.300088420767625763e-01,-8.463536929287668320e-02
-1.846325619920471950e-01,8.366397863251306966e-02
-1.273640796876584214e-01,1.019047636211571212e-01
-5.939177061803886382e-01,1.043987907447251784e+00
-1.205447205938566135e+00,1.121775959962990399e+00
-1.109436965523934004e+00,5.881238841727431943e-01
-1.238623711398820770e+00,8.182626386839491062e-01
-1.173324920273886685e+00,1.056280708918081235e+00
-8.662228613345083206e-01,6.975083462256622679e-01
1.584593442646739514e-01,-3.774723938545131996e-01
2.625300190540289305e-02,3.446220922589607882e-01
-6.497308150534415461e-01,9.482274087466959767e-01
-1.326215317630444979e+00,8.080056094536055555e-01
-7.326818257732481410e-01,7.680925481919191888e-01
-6.683841217389723255e-01,1.521108872108427157e+00
-9.890948884352747106e-01,1.140370477936253346e+00
-8.909027781340469465e-01,1.054669509560360430e+00
3.468594322015157716e-01,-1.028009111904223949e-01
-7.199265180636910122e-01,1.112328796634605599e+00
2.726109878398498276e-01,-6.738311163854664512e-03
-8.551114265701743600e-01,6.915159664298820008e-01
-1.468598465006585307e-01,-2.084748063191899092e-01
-1.062010653862893950e+00,6.965298248405122905e-01
-7.040746404706332839e-02,-5.732396040121169253e-03
4.294250492365152549e-01,-1.412426998660767652e-01
-8.625045526924877970e-02,1.665838205050138715e-02
-1.069879366623584405e+00,4.694102097682165686e-01
7.946025720333320386e-02,-9.099919873150442984e-02
-1.160068416917430456e+00,1.020697718097461459e+00
-1.095582031443469884e+00,1.081372523572479594e+00
-9.611632194042885047e-01,9.736203481627325740e-01
1.237569832968323652e-01,2.305283361433734246e-01
-7.982486521482813971e-03,-2.460133981798008542e-03
-1.060870266425667729e+00,4.049412106881450368e-01
-5.765362878973441518e-02,2.201613034777810118e-01
-7.390693683230591393e-01,8.649989435689040551e-01
-1.453871819578498314e+00,1.123515704671547155e+00
-8.670879181778285982e-01,1.590913486985146452e+00
-2.286984667730588561e-01,6.851674309456880566e-03
-1.156727383691413369e+00,8.260230720313539443e-01
5.639393496019999563e-02,-2.402537340716074110e-01
-1.045697713494423198e+00,1.167215070612700689e+00
-1.622806939847162289e-01,-1.859578544239469389e-01
-2.162059949815680893e-01,1.234639696277557569e-01
-1.183208575757081604e+00,1.161616002096793387e+00
-1.297207420319048232e+00,1.079259108489847740e+00
-1.176045820864218411e-01,-8.413315788503571147e-02
-6.881331095403617204e-02,2.935638804465231719e-02
-1.134976561349149371e+00,1.393908232118023616e+00
-9.602494304635539324e-01,1.239469952836348865e+00
-7.574613578760028840e-04,-1.721705117246667693e-02
-1.156836453952520660e+00,1.105843096071158715e+00
-1.950844447278130001e-01,-1.910855682609374495e-01
-1.097503369911967175e+00,6.572616436536452555e-01
-8.797987268525390148e-01,1.374854083875235444e+00
-1.065278605760762387e+00,1.017395366935366585e+00
-8.650439369421474289e-01,1.361111831916890225e+00
-9.951423566074157900e-01,6.512823366347484377e-01
-6.246669014321973128e-03,-5.586410849028911052e-02
1.111810842464860255e-01,-3.722601360978007312e-01
-3.531105200597411398e-01,2.396185028609068568e-01
-8.920765310106614221e-01,1.081295305050082201e+00
-8.926040533931342003e-01,1.063940706928584889e+00
-6.668474703201023868e-01,1.015950506553468857e+00
-2.331948491969210446e-01,4.190204047434348267e-01
-1.014636573925001839e+00,8.730755983919583629e-01
-9.498551282535304674e-01,1.396693150740996980e+00
-2.034488244114011635e-01,-1.052982950102209492e-01
1.579909846419959851e-01,-2.613238696446681941e-01
-8.215063406897747944e-01,1.187563188348693899e+00
-1.305245094227938329e+00,1.231462566605999731e+00
-8.368924931154961833e-01,1.013044302559382714e+00
1.094861082849885453e-01,1.376663165167451852e-01
-9.062079134945809633e-01,9.353169919346565608e-01
2.504532020072350873e-01,1.908377517743886365e-01
-1.047278463022681017e+00,1.082344583114018599e+00
-1.124578430202283208e+00,1.136768879975514235e+00
-7.313650447462725079e-01,6.132114587016752605e-01
-9.747111484752718491e-01,1.125650792176136727e+00
6.706570591502408751e-02,1.885466578515962444e-01
-8.986325146281993748e-01,8.234214515902468223e-01
-1.583853999832896819e-01,-3.199372148917855596e-01
-8.428433771648290440e-01,1.163428984042538250e+00
8.154601162042113272e-02,9.167548061774870305e-02
1.370752727238650215e-01,-4.355714027087207452e-01
-1.143096995843676744e+00,1.092084348261183280e+00
-8.942812748423193403e-01,1.089181018691052660e+00
-4.654745126501356328e-02,7.683053632611142048e-02
-4.990246517058782860e-01,9.447990352657078539e-01
-3.854054370175655914e-02,-6.431429314049129375e-02
-1.005757392359887481e+00,7.994767656460057825e-01
-8.013205986468626210e-03,-1.949378911469521469e-01
-6.248484907101559127e-01,1.360726798443764318e+00
-3.376629636740701157e-01,2.930182429298844315e-01
-1.312135480586953840e+00,1.333742341025035083e+00
3.476960093003311214e-01,6.007745891114415343e-02
3.985149658588342247e-01,2.591758915077915226e-01
-1.087262258155810679e+00,8.623075661191843544e-01
-4.117544374622777448e-01,-2.669258271254070988e-02
-8.943060709576133860e-01,7.000725186190275284e-01
3.500443997819684822e-02,-1.303409330159032709e-01
-6.658713281162464970e-01,9.669005554546298287e-01
-7.571359612692089014e-01,1.185187928522497103e+00
-3.214900037414835515e-02,3.021447210530179769e-02
1.059916965947802769e-01,-4.624513263584554279e-01
-2.435196278849261764e-01,2.790941320426185146e-01
-8.579415972155544079e-01,1.133782607913500495e+00
-1.790222725397836445e-01,1.253209651939575786e-01
-8.800749947737648293e-01,1.139115013056604342e+00
-8.833623739331893931e-01,6.841606632426928680e-01
-6.353213158480791600e-01,9.503270103799905666e-01
-5.835877408886672724e-01,9.231533201288768531e-01
-1.000820278522478457e+00,1.340271544772555945e+00
-5.811202862475655512e-02,8.443738306822053119e-02
-4.487155511722613899e-02,-2.539751590753687727e-01
-2.165073858698243203e-01,7.243876695415182865e-02
-1.068164817095722382e-03,3.304465343656319276e-01
-6.627887872425182181e-01,9.540560094183401230e-01
-1.043907512755194000e+00,8.910991331930407933e-01
-2.767237868117304878e-01,1.932757214308388205e-01
2.823926650547881056e-01,-1.250532790285295744e-02
-8.844951760795018991e-01,1.102867191150856740e+00
-8.753833701470774553e-01,3.674012798191981788e-01
-6.398452729644228398e-01,6.411627248198650264e-01
-6.799275936674329390e-01,7.624406900865842163e-01
-1.323975338473475372e+00,1.391624955695991872e+00
-1.147880029456594952e+00,1.129054263638001432e+00
2.329929238973222350e-01,-2.227946453164253993e-01
-1.121317179937639796e+00,1.120146706054238050e+00
-9.461982351474481634e-01,9.311081999623231908e-01
2.080653848523670579e-01,2.630879035355561668e-01
-6.069934017514086455e-02,-1.044455929337974494e-02
-8.499339492147545139e-01,8.731573103308645223e-01
-9.377270674699161868e-01,1.266057185469805724e+00
-9.946076219674462315e-01,1.073757804924943882e+00
-1.009912631569677588e+00,1.114474549335597642e+00
5.735503045254242149e-01,3.632282977537865110e-02
-9.305824150063329858e-01,9.521289465238900185e-01
-1.089419635311273060e+00,1.386551269676977505e+00
-8.005509497650060702e-01,1.135536125891726034e+00
-1.088991346064052790e+00,1.224914791423703520e+00
6.023581098999283151e-02,-2.772391472744465402e-01
-1.083215236874140314e-01,1.617608924412268223e-01
-5.196022016036416780e-02,1.062980074804494440e-01
-7.014727406284004818e-01,7.900785979013343896e-01
-8.617857434549967000e-01,1.000624342731090799e+00
-1.124803033670403130e+00,1.184832679528114552e+00
-1.133875064101684149e+00,6.333541537597460191e-01
-2.908504337736447232e-01,-5.938118491600000853e-02
-8.372058927577751275e-01,1.355177121948953900e+00
1.564949720482982920e-01,-8.919911893979198814e-02
-1.419722840769585881e+00,1.126205110841278278e+00
-6.927832257744555022e-01,1.193008618515935648e+00
1.348551306058534960e-01,5.045329066585972633e-02
9.202733165549560612e-02,-1.961823876603497052e-01
-1.316130119199635296e+00,4.118062772603805488e-01
-1.355150848405793085e-01,-8.980702937496436167e-02
-1.875447667585941058e-01,2.684512008523042836e-01
3.338050106929358329e-01,-2.190224653202998695e-01
-5.492847123357720296e-01,8.014462870130066863e-01
1.091819103292753640e-02,-5.356511430642711957e-01
-1.294561095835350395e-01,2.021462082897506340e-01
-2.961142227569113494e-01,9.059482421612538583e-02
-2.283334623901399005e-02,-8.196525252115997862e-02
-1.352885645183388719e-01,3.843154706319887315e-01
1.088594791488235319e-01,5.133181391059202237e-02
-7.407341594015142139e-01,9.879622580861431302e-01
-8.563746137090968436e-01,9.931366783228026129e-01
-1.388553155575067699e-01,-3.216968791709950981e-01
-2.259513599702592801e-01,6.144906431817754866e-01
-8.038004687330648768e-01,1.043247107755301162e+00
1.394148683358397700e-01,4.373303141804385508e-02
-8.721419064789694975e-01,1.169297206268964828e+00
-1.674742252419336996e-01,4.325505455117494291e-01
1.687610888627714689e-01,7.537353057762918862e-02
-1.059326091958923133e+00,1.277617690064896561e+00
-1.313476925779757165e+00,1.341256084722657338e+00
-8.596824607182317335e-01,9.573124341127156045e-01
-1.096586306002109934e+00,1.299688803099165124e+00
3.402575210143077289e-02,-1.861414992354400166e-01
1.191529876827756712e-01,-1.095362189757304733e-01
-5.009923669575915006e-02,8.190599728898496912e-02
-1.233291118678965015e+00,7.321936553489288846e-01
-2.473337323984063363e-01,-2.468481002082664466e-01
2.397664272463414514e-01,-9.774871736294904467e-02
1.696259654332459010e-02,4.967720389615757903e-01
-8.221059591234742836e-01,1.108005770849324056e+00
3.016227863550576815e-01,2.133036352368968269e-01
-9.725226986401342977e-01,1.059694061992758396e+00
-3.872709294161048588e-01,1.193185811503676641e+00
9.525763391174646433e-02,-1.257795911618699025e-01
-7.329086653756862191e-01,9.955325179678552461e-01
-8.833647172967248329e-01,7.026836888760383815e-01
-1.993849142000840846e-01,-1.736138848722511840e-01
-1.040705086873412386e-02,1.055285365580363871e-01
-8.671565248684856009e-01,1.280806551434824136e+00
-1.002776338817308099e+00,1.128423773997915491e+00
-8.538428712875556492e-01,1.059050694299924489e+00
-1.077224072880995198e+00,6.534482222941035978e-01
-2.802120700659764818e-01,3.562409834599317149e-01
-1.116838372099544285e+00,1.073310638237758630e+00
-7.592765565445140918e-01,8.338605945560870758e-01
-3.106916737610549567e-02,2.630884901983734925e-01
-9.740201958548123928e-02,-6.646302296779678376e-02
-1.098119547509868843e+00,4.718862794585895193e-01
-1.152627278817566214e+00,1.302408783842079476e+00
-8.601926065456233506e-01,1.039095567922661223e+00
2.661511083101331665e-01,-6.630813498486054502e-02
-5.215799303531998277e-01,8.464678826548159840e-01
3.397561170188765495e-02,1.904000846466083474e-01
-1.002924048380472222e+00,3.341529642365544950e-01
-1.011402452934717644e+00,5.748382896291956978e-01
-1.152249813617821861e+00,1.222171739851633410e+00
-8.977339083620904381e-01,1.161884350054053439e+00
-1.348771695218900391e+00,9.572304203307351322e-01
-6.113914726204394690e-01,1.595164244361793049e+00
9.320312703643197916e-02,1.652018407248295184e-01
-7.525873270946671356e-01,7.360971421006266002e-01
-4.164080704851955139e-02,2.064178424233510667e-01
4.451554751206872893e-04,-1.122434199502848340e-01
-1.715375083517831634e-01,-5.857150169252087202e-02
5.686457248955750776e-02,-3.307636554845193588e-01
-9.906911796794145575e-01,1.122616604759553827e+00
-1.137447655645974359e-01,1.019407447372580738e-01
-1.067849032616063676e+00,8.963915395691831600e-01
-2.204282907558288984e-01,-2.756675961469348679e-01
1.036211272405464651e-01,2.099257384339533739e-01
-2.695101665399269320e-01,-3.708726431748077812e-01
-1.089409757105315624e+00,1.398125574584258013e+00
-1.087914029537379257e+00,1.098059005735682936e+00
-3.676320308827285641e-03,-3.139407964968921050e-01
1.624582295458623926e-01,-3.278436023364439400e-01
-9.749570424180848960e-01,9.563732001529771098e-01
-1.199690384625748729e+00,9.576095843325328483e-01
-7.771131020748019980e-01,7.630613236021798196e-01
-8.059099916957067622e-01,6.500808689334620638e-01
-1.027479875225398853e+00,6.812427896696153784e-01
-5.638537002339061993e-02,-1.130765048486560426e-01
-3.080926511649676597e-02,1.739140378012295762e-01
-3.194199782074143290e-02,2.605358593662501776e-01
-3.808102683324578186e-02,-8.081884854345551539e-02
-7.487160210970007501e-01,1.092928001492570189e+00
4.808252411011227495e-02,-1.770952048128600353e-02
-5.382502876733330499e-01,1.140385693301205094e+00
-9.347473757201296696e-01,7.601373624234597504e-01
-5.818614068920615612e-01,8.122828507198438519e-01
-1.412220615214576869e+00,8.189210637271038262e-01
-1.040444275483207281e+00,1.203904922099636732e+00
3.001726762047777219e-01,-5.376536214921971181e-03
-5.418516313709889620e-02,3.219983216287535255e-01
-3.427983419916273977e-01,-1.570001119153888736e-01
-1.121156096860237650e+00,7.926965254373599112e-01
-1.576150286131665079e-01,-2.851443648760233485e-01
-2.782426933690083648e-01,-2.242156488965489289e-02
3.058455488278927908e-02,1.468954319714995127e-01
2.483291118573720535e-01,1.376185367441874474e-01
-1.271486285207656053e+00,1.234965013869327999e+00
-2.183240697612854886e-01,-2.064575550813212701e-01
-1.124892848427968550e+00,1.337672100642384176e+00
-2.445888870646163449e-01,-6.706525672426121021e-02
2.045282046025906630e-01,4.329851953551636101e-02
-1.247199781925378836e+00,9.335060141630946440e-01
-1.233608337427892554e+00,1.283904374052068365e+00
-1.184289361404975871e+00,8.435178272492411811e-01
-1.294562595646599590e+00,1.028397172293775030e+00
-3.839061556517389118e-01,-5.216433867412122866e-02
-6.912188213530719993e-01,9.979854492854001169e-01
4.530372054439296137e-01,-2.926324841875971305e-01
-7.782928234961539182e-01,1.065708462116061739e+00
-6.382064453651483671e-01,9.341452626800209602e-01
-1.424240346976397120e+00,7.641518890091972827e-01
-1.064759438871396791e+00,7.702724112102610210e-01
-4.708580376989263683e-01,-6.988737923664652216e-04
-1.916872778721601667e-01,-7.912461501651280038e-02
-8.910619602045183395e-05,-8.242355924140799817e-02
1.596407765199945594e-01,-1.906453702492155178e-01
-1.149220080519183895e+00,1.110021688590338673e+00
-1.215116204080079143e+00,1.135512983022350486e+00
-2.273135236834277484e-01,1.668412432072118035e-01
-1.358151567116046676e+00,8.209664616187661856e-01
-9.166725732576767038e-01,5.505986349321710938e-01
-7.956712341021247026e-01,6.562325027888926687e-01
-1.032511021882540403e+00,6.921014575363730881e-01
-1.503769625719357794e-01,-4.294006159195406513e-01
-1.056606009737648622e+00,1.041502129753354433e+00
-9.746313827337194091e-02,1.334929658509745494e-02
-8.046909285954766400e-01,8.709535374196382129e-01
-1.492787712114569842e+00,1.199005140911000744e+00
-6.977242536967416531e-02,-1.245311390900748078e-01
5.744329101458314074e-02,3.741579069478557784e-01
-9.244325781272182407e-01,6.008795370218661391e-01
5.880136334757606331e-01,-3.951244870217577310e-01
-9.231152420198512898e-01,8.229766469186358124e-01
-1.029235670196887581e-01,-1.179916365692269681e-01
1.352944257276948170e-01,-5.182140826943705259e-01
-6.203246743405814445e-02,6.814581734775386479e-02
-8.841545016033813820e-01,7.940748729514244264e-01
-1.202608659627949717e+00,1.006466185594732110e+00
-6.393016567883156309e-01,8.925632180819261796e-01
-5.303065309329832999e-01,1.399004284666520270e+00
3.202039868673661749e-01,6.904017516646462904e-02
-3.107070536223214829e-01,-2.744562104122986734e-01
-6.017956166889075753e-01,8.626067815278816164e-01
-1.414078068828758639e+00,1.096031199387017097e+00
-3.198170322367934748e-01,1.540393245102267272e-01
-1.218167815542730459e+00,1.202582106560853070e+00
4.250335880265183053e-01,-4.996456222998799102e-01
5.933358194558693843e-02,-1.247889450362764663e-01
-1.145748960125814175e+00,1.057899021609425283e+00
-1.358091481927862443e+00,1.111383567983929455e+00
-6.239335391708649148e-01,1.186588957519785215e+00
-4.104131275601932000e-02,-4.178795508925239321e-01
-9.718191549469197277e-01,8.425952902561129054e-01
-2.830885933089164960e-02,2.469446185326828191e-01
-1.385329881890386694e-01,3.414252324434918773e-01
-1.020274739356836990e+00,9.748481024253181637e-01
-8.418381917663851910e-01,1.301408033239050965e+00
-7.305367829182883854e-01,1.298554569377150303e+00
-3.687071359117511521e-02,2.427069327220737205e-01
1.952035511675040136e-01,1.886060218141967781e-01
-1.308596820820043138e+00,9.640362159865968339e-01
-8.163286775549945251e-02,-1.806434489434845525e-01
-1.030779809766080524e+00,8.023004179406768577e-01
-9.279413564519205515e-01,1.134317562342929131e+00
-1.064271736181295447e+00,1.082137644876245641e+00
-8.546674423740543425e-01,1.520646432970834905e+00
-1.235805390210646726e+00,1.042463307308950204e+00
-4.666537618205563454e-01,1.260975171806121842e-01
-1.052333689058402966e+00,8.878520936520346574e-01
-8.517923590648729393e-01,1.328624602776828700e+00
-1.264799708283187663e+00,1.092039142348712133e+00
7.555325229614730763e-03,-5.175010104115436438e-02
-1.108263600502497059e+00,1.210217447567718541e+00
-9.742534504196833645e-01,1.089513868270499231e+00
-1.085127851259849452e-01,7.579291399251106287e-02
-6.058384666408292984e-01,-7.739927435496841979e-02
-1.087263974625154228e+00,1.304904077679828855e+00
-8.529624578364174425e-01,1.155044465323725067e+00
2.980243740753854009e-01,-2.306041849237444874e-01
3.784957385288212611e-03,-3.817708082246554224e-01
-1.468138410947882888e-01,-2.484217786891445012e-01
-2.740806447021876951e-02,-3.009297842203393358e-01
-8.415227156741010850e-01,9.042794663802542487e-01
8.131341093705655998e-02,-1.748559157989485746e-01
3.029992617423004631e-01,1.266783405393245854e-01
-9.964728840653663822e-01,1.034252573780982232e+00
-7.577090885838961842e-01,5.451590804937999080e-01
-7.600235793880749657e-01,7.528691984100073231e-01
5.652772719166219983e-02,-1.232154224462873454e-01
-9.833990527230037637e-01,1.489427373017452760e+00
-8.272932326086431809e-01,9.543328683110561261e-01
-1.462329338021806979e+00,1.048409921501551434e+00
-1.166161535231193591e+00,9.111438245458082230e-01
-7.179772249497792247e-01,9.772465405663546267e-01
-1.407839169496199139e+00,1.013774600304773399e+00
-5.681920262359165807e-01,7.511254907169291339e-01
-1.112143958745561712e+00,8.818984627062504966e-01
-1.059084728647905260e+00,1.132940728159683719e+00
-9.771733898189342016e-01,1.107154764747176223e+00
-9.672695427036420712e-01,9.600669894946605165e-01
-6.660108091066856417e-01,1.056758758124493269e+00
-8.425294066251336478e-01,8.216710105839879486e-01
-1.302945650824487156e-01,1.586027556059276811e-01
8.781019043354543197e-02,-2.052626958550317904e-01
-7.722656982105288170e-01,1.033534791360898097e+00
-1.612889385439316037e+00,1.064031750555101130e+00
-7.031218477810790013e-01,1.051673957088768319e+00
-1.014632491481797683e+00,9.545149917262729655e-01
-1.079053949392761780e+00,6.942018767170352600e-01
-1.023021676232173549e+00,6.899523801311049365e-01
-7.974599454592394832e-01,4.265585950229611178e-01
-5.055989865813610706e-02,-4.594569116020991162e-02
-1.193021861466825317e+00,1.352498473350212116e+00
4.594293962765874650e-02,-1.424484205485898047e-01
-9.870568494931050152e-01,8.828163536040141146e-01
-7.533786538007807287e-01,1.156677994451494440e+00
-1.622773211181999797e-01,-2.330453615416078761e-01
-1.196188403504656605e+00,9.189444852845245482e-01
-7.641975340105127135e-01,1.377367652890327365e+00
-4.903125475667321868e-03,-2.595559378433111020e-01
-1.236195745924481226e+00,1.224955957714115140e+00
2.896870168964837400e-01,1.327265891259469255e-01
-9.822850176533175492e-01,9.929954140197143619e-01
1.275285817783675460e-02,-6.972515233163140147e-02
-9.571723393414951486e-01,7.892414848958192453e-01
1.755266892625811370e-01,-2.172682697024451992e-01
1.438254476541571680e-01,-2.952571517513845056e-01
-7.493594515687569402e-01,1.372239065083916243e+00
-1.153270539064559674e+00,1.174229976524943320e+00
-7.342532607548825085e-01,1.183198136479914453e+00
-8.857040192810411439e-01,1.019001832558063647e+00
-1.047726678451020993e-01,1.149657371439253839e-01
-7.695259547057790028e-01,1.260309220314376422e+00
1.336506435570554430e-01,3.045281440592663078e-02
-1.045503966976430166e-01,4.194692531920384271e-01
-1.331432776535132589e+00,8.676358590681400029e-01
-8.894383926714326538e-01,1.199745680623964583e+00
-9.867409566456398773e-01,1.295087402477644645e+00
2.420012190169439081e-01,-2.880310161095664401e-02
2.302246368261322285e-01,1.133630491820459413e-01
-7.853497845862950077e-01,8.790601546190986992e-01
-1.145712842333580950e+00,1.008888245246464477e+00
-1.102114518171429136e+00,1.011071587995713061e+00
-1.045260190252591093e+00,8.258928186417959783e-01
-1.076599404191393328e+00,6.195489547758741278e-01
8.171354039134429148e-02,-3.304367757735442446e-01
1.140629271659004684e-01,-4.496281309422849037e-02
-6.662345060720381573e-01,1.131795840156463839e+00
-1.109261551977948290e+00,1.077172107733954221e+00
-5.946753717767885167e-02,2.298172557100678082e-01
5.109603981523763716e-02,3.553882469559569990e-01
-1.088372299291440193e+00,1.257592385019044245e+00
-1.190926301418284039e+00,9.381950576150551724e-01
1.560483917015898780e-01,-1.272877139537401114e-02
-2.928860459844374528e-02,1.535134045139744385e-01
-1.029770825564958692e+00,7.036076643605956304e-01
-1.488747969905789503e+00,1.205349431799667359e+00
-1.360046829078339847e+00,1.065958673180092742e+00
9.587742914239505421e-02,-4.723803089590721260e-01
-1.115007550319394358e+00,1.223257797742973274e+00
-3.766886720348281425e-01,-1.673052297007373845e-01
-1.244198739132560544e-01,-4.536489398581621812e-01
-2.354195635077892604e-02,-1.438601625536855555e-01
-1.022768975695601990e+00,1.587849143025292342e+00
6.023616854900984419e-02,2.282962661184162745e-01
-2.440519618936067836e-01,1.940801765481605101e-01
3.317031071954630317e-01,5.736126594967206893e-01
2.533993218979581630e-01,-9.549993604326750818e-02
1.031325246666589257e-01,-9.808002455091074934e-02
-9.622556014187706452e-01,1.183652606007570496e+00
-9.480759952395967360e-01,1.213014869829036169e+00
-7.224741940454432187e-01,1.217376078558491503e+00
-6.170910634075956747e-01,8.982175698443020107e-01
-1.205698976495844343e+00,8.413704305394335003e-01
-7.541447256036443170e-01,1.117044405441611765e+00
-2.492427169953134458e-01,-8.151770491620509429e-02
-6.189483614445374926e-02,3.418712553501336571e-02
8.298489366483065288e-02,-1.344955358188922208e-02
-9.443611622278073048e-01,1.163700429478162546e+00
-9.888961521096957252e-01,6.202845072075309218e-01
-8.853440815646789197e-01,1.034071839438954976e+00
-7.170515053085346757e-01,6.405483235287681154e-01
-7.357446938615053167e-01,9.346313619963352304e-01
-7.783389847852194565e-01,1.003193091517783575e+00
-1.189005667866857685e+00,8.766857144661839296e-01
7.568274061420830756e-02,1.310627042694171018e-01
-4.006843412701761031e-01,-7.497248456224435420e-02
-9.344534110024130813e-01,8.574369936590576780e-01
1.158630413012239763e-01,1.754158305630367509e-01
-1.098709669560842039e+00,1.074111525003789147e+00
-1.071504410928673323e+00,8.373875261960490590e-01
-1.509964263351053493e+00,1.378017129767765470e+00
-1.063644500224857348e+00,9.952874913378133570e-01
2.793687305173390284e-02,-1.032743094621055152e-01
-1.412182487141665277e+00,1.311698481007311567e+00
-1.061601052013067870e+00,1.086072055554771820e+00
-9.758357546955094275e-01,8.419911275357824243e-01
-9.585438212503621935e-01,9.199920212256378349e-01
-7.008474055862825569e-01,1.083558179072037442e+00
-1.568551164266714093e-01,-1.195557519798632895e-01
-1.080643107056365348e+00,6.123210239949472555e-01
1.582043640190205214e-01,7.096468998516819449e-02
1.425598809289694846e-01,-3.027710047025613041e-02
-8.752089862893588368e-01,8.092642063326924706e-01
2.567990418997296090e-02,-8.215060626227652096e-02
-4.174550514915740251e-01,1.179798841424371636e+00
-1.190866846244162391e-02,1.825771131643783296e-01
2.999683635671371307e-02,3.024932843775515745e-01
-7.909004879806373900e-01,6.825362205082921019e-01
-1.277435182255898694e+00,8.308672972676931501e-01
-8.978739545316337667e-01,1.097989210365843293e+00
-1.098022127913802048e+00,9.049982139761387767e-01
-3.008780576104356369e-02,-1.771404827109266389e-01
-2.802565378764226844e-01,6.150492320951864850e-02
-1.573047491823034161e+00,1.209209828366465178e+00
-2.944352203370977084e-02,-2.933567612717469589e-02
-1.399366593780428492e+00,1.027136132355868314e+00
-1.090205413150681979e+00,1.124117587009032526e+00
-3.174458569833807364e-01,1.523937707665548313e-01
-1.015405784374543430e+00,1.030933336238844866e+00
-1.009440094953154787e+00,1.176551331249530596e+00
3.505344213999138092e-01,4.671598124628023596e-02
-8.966588720699899540e-01,8.554479014333647990e-01
-1.043524214129373379e-01,5.170372242651066763e-01
-8.429385130657699454e-01,7.788697401611882620e-01
3.163263995234121828e-01,2.326370015625083831e-01
1.008340738268666131e-01,-3.832728363613985278e-01
3.099677617571832688e-01,-1.781713049988211395e-01
-2.118246522853472341e-02,7.925417535413570302e-02
8.701415011690535883e-02,1.359987342268613730e-01
7.005324953749436645e-02,-3.456975889854590339e-02
-6.854584860071823993e-01,6.537725560230963628e-01
-7.950996765094909824e-01,8.722986385032043266e-01
-1.228631026365484047e+00,1.163204019132776601e+00
-1.193934541018590423e+00,1.055550069080533948e+00
-1.213624573982860166e+00,7.933954335885339271e-01
-6.280988053966293783e-02,-1.554919845997817518e-01
1.402992273701650014e-02,-1.988102384339868745e-01
-1.041695551146162524e+00,7.921198993049449744e-01
-1.009282810086766791e+00,1.025188011759107454e+00
2.985020965434647677e-01,-2.027479848984223010e-01
-1.029573894556763625e+00,9.313056051035690786e-01
-8.510589105908511476e-01,7.485074048919774237e-01
-3.032457706141573547e-02,2.613383858013657024e-01
-1.278452108918531671e+00,1.041622132865008599e+00
-8.587343460174295950e-01,1.253036661115128902e+00
-1.514580740556383531e-01,-6.808581528980596487e-02
-8.641681004929202548e-02,6.868650611284157770e-02
-1.484276719367306985e+00,5.769586692772223913e-01
-6.154485961455555820e-01,1.191938267990120259e+00
3.338109978908589959e-01,1.716339208768946356e-01
-2.125788488538648269e-01,2.268862218898364813e-01
-7.158203458558982657e-01,8.485119972096877294e-01
-1.008921393013253731e-01,3.728980325409075869e-01
-1.126088971662037252e+00,1.097035812006679434e+00
3.396292092364245480e-02,-6.887545866080900525e-02
-7.471779175105139892e-01,1.092139820608965417e+00
-7.759682738871447327e-01,1.015211226844619841e+00
2.176390088779167342e-01,-3.225691258796519190e-01
-1.917232643704978035e-01,-4.135837277165537174e-01
3.022913765902909833e-01,1.280364815299477876e-01
9.806738230790619515e-02,-3.047246098515177803e-01
5.858146353152047237e-01,3.990934367654500603e-01
-1.163999959083115598e+00,8.863740733553606699e-01
-7.794077274220265195e-02,1.966637014996973076e-01
-1.233126728652937265e+00,9.080199875040717572e-01
5.465737833573773574e-02,1.013091204778836935e-01
-9.342168566659061479e-01,8.419854568153753993e-01
2.286957199797892970e-01,2.336282151240968441e-01
3.338905439080365189e-01,-2.698218258136028669e-02
-5.635271553658711963e-02,-7.114172121747344701e-02
-1.013629414482111857e+00,8.950805958371124138e-01
2.694554651802518949e-02,-9.235523073901999447e-02
-5.743676795192258905e-02,9.008815497138757122e-02
-9.202667566893358853e-01,1.144690287964478248e+00
-3.295776230416980895e-02,-1.433318988488762602e-01
-1.077834787836402963e+00,1.370233274781147204e+00
-2.010132484427121502e-01,4.329361582704162326e-02
1.940974711386291296e-01,-1.564680340453526719e-01
5.204009382280420093e-01,-1.109740415124126356e-01
-1.473388205983775512e+00,1.144045447595583687e+00
-7.940414361332311932e-01,1.004915296192255392e+00
-1.307608990018813422e-01,1.394810919193590487e-02
-9.415086647753856397e-01,8.062679844954201425e-01
-9.900200022756037166e-01,2.721835431272251471e-01
-7.475005530401583886e-01,1.113930730305988437e+00
-6.705073084797056326e-01,9.756248769743793847e-01
-1.413750017868424802e+00,9.070222123865984143e-01
-7.941723688485148314e-01,9.423608940769072628e-01
-8.580193418654301629e-01,6.434060347788568279e-01
-1.285518063386838605e+00,9.987827414564047768e-01
-3.405708850177538525e-03,3.676024528632029220e-01
6.757429528187249013e-02,-7.587482284080379613e-02
-3.754015328529462792e-02,-1.303902851940449970e-01
-8.403100042076890874e-01,6.741379200572268360e-01
-5.398430599448761358e-01,2.560171431497136885e-01
-1.123258900260964976e+00,7.015482460302675527e-01
-3.813681788489634572e-01,1.262404489957629217e+00
-8.904990467269147114e-02,-5.427602254605686655e-02
1.242987761193910107e-01,2.383639808910492999e-02
-1.403795419897291952e+00,8.657468104390511066e-01
3.282228763861409493e-01,1.126798895503286907e-01
4.346281476338299810e-02,3.026245626752442908e-01
-9.140377370442522853e-01,8.088107467851601839e-01
-3.495461717615205854e-01,-1.753312313095556074e-01
-1.201313619561769297e+00,8.679609251677870008e-01
-9.690586020110120158e-01,1.158221799909287419e+00
-4.067163969912643978e-02,9.112984120489465989e-02
-1.336112377946634844e+00,9.120444843314987615e-01
6.235177977456169973e-01,1.424509946682162853e-01
-2.166024887161521750e-01,2.843921228390769995e-01
-1.274376381385976531e-01,-8.246110399486329678e-02
-1.091571397961754286e+00,8.497868497478494598e-01
-3.828273311726256845e-01,5.314328937734671271e-02
-1.112306493673298924e+00,9.013947449420199876e-01
-1.231223894413357112e+00,8.651862117378632533e-01
-1.036805047256093237e+00,1.184449067347482565e+00
-3.248446192391162279e-01,3.561028145355669139e-01
2.032000943433617257e-01,-3.220631809760876041e-01
-1.033747318043691577e+00,1.178813863271481743e+00
-1.116741834614997098e+00,6.452017281768758217e-01
-9.979030469261537251e-01,9.273484996627093802e-01
-1.169368469766006280e+00,7.408389016430720897e-01
-1.002596152589282807e+00,6.249962550068046685e-01
-1.210331970182831007e+00,9.070015453646617098e-01
1.475081774234389687e-01,-3.065717590295615608e-02
2.964512172013064606e-01,-7.346351116874560994e-02
1.250982372398677135e-02,3.922886694966595811e-02
-9.216280757504760057e-01,9.680820713372562114e-01
3.634669658883339649e-02,1.722400078452408778e-02
-1.000217856992398957e+00,1.057845324253558372e+00
-8.316314530767385804e-01,7.651818337541459458e-01
-3.449286362165763231e-01,-3.803009815124926835e-02
-9.869802660195936550e-01,1.079567369834451007e+00
-1.085669111525775499e+00,7.462763985593662275e-01
-1.097435689912346302e+00,1.253731606368475360e+00
-1.208563382666729691e+00,1.207325657184779688e+00
-1.065451332311140087e+00,1.712695613059197264e+00
1.049306602863082222e-01,-5.310272704014062928e-01
4.766136890371525103e-02,-1.049990506276444885e-01
-1.300059528054831048e+00,1.182605670624613525e+00
-5.698805162492319443e-02,-1.305106318666061638e-01
-1.151116419564743865e+00,1.077453714415828934e+00
-3.947412100383164146e-01,1.120202529781278100e+00
4.288260737637911851e-02,3.133409992356193108e-01
1.095114575772298815e-01,-2.679253974471551905e-02
-2.336381298376665749e-01,4.789086002387928365e-01
-8.113054673619721768e-01,1.317283264650028318e+00
-2.760084953497707327e-01,3.125320280268470419e-01
2.643321728712009766e-01,-4.924727697200111283e-03
-1.047884375314043215e+00,9.678121008372025935e-01
-9.284809653021778297e-01,8.848991750129657774e-01
1.665124504829360863e-01,1.123774380708371934e-01
-1.196149963914635711e-01,-2.520568537413880317e-01
-1.225166266458767028e+00,1.012490649954278954e+00
-1.897016513590687459e-01,7.493871247721174689e-02
-3.025715189717432807e-01,6.590326786170112860e-02
-6.429211596692638309e-02,3.318777800531588773e-01
2.012667243695271113e-01,-7.160512873523577904e-02
1.664254625749249095e-01,-2.628725114785457773e-03
-9.649787294667685478e-01,1.112635054752558528e+00
-9.273618911520584707e-01,8.094420413968033134e-01
-3.917725283479634585e-02,-8.847815915875047177e-02
-2.857234411844203903e-01,-1.492632436794397721e-01
3.894879395746741468e-01,1.588467650079269239e-02
-6.244943055420555666e-02,2.775917893645646339e-01
-4.391136038122484542e-01,1.376766115557688519e-01
-1.400558492309595948e-01,-1.210479454267581190e-01
7.535197777777074071e-03,-1.154826875402235192e-01
-1.120274612281397575e+00,1.085888204286002523e+00
-5.154539487491462124e-02,8.245035072493386852e-02
-1.204141477009430528e+00,1.092970472590886644e+00
-4.184909145295075961e-01,1.261415500328582739e+00
6.731152396514138159e-02,3.015195341003805082e-02
-4.551598407173289007e-01,1.867718106344902207e-01
-1.003421542321907944e+00,1.176452402229932748e+00
-3.148903339911929833e-01,1.222087531228242957e-01
3.001566478793158549e-02,2.394840078576227216e-01
2.464310239021597071e-01,-4.074362268716058555e-02
-1.862221782697246961e-02,-2.107294420287897929e-01
-6.687151654954164304e-01,7.477790714714356302e-01
-1.016844661945566886e+00,9.501421499118593017e-01
-4.817378581189926678e-02,1.592756779872467887e-01
-1.355481791173182460e+00,1.267149342852822214e+00
-1.783333905866703872e-01,1.665300687019596049e-01
-9.998224195373225376e-01,7.720600181473414869e-01
-1.394293951641850438e+00,9.117528448315013190e-01
4.353604700013394280e-01,8.477526914954638948e-02
-7.105218570686707702e-01,1.227247638451040457e+00
-1.293169014223662483e+00,1.080585685919999817e+00
-1.084650041413408456e-01,1.976388675426729580e-01
-9.610846277795761505e-01,5.249473044399703969e-01
-1.077498546018306858e+00,1.484963676999221605e+00
-7.885632859140396800e-01,1.137427870918330308e+00
-6.720028367166976935e-01,9.218269953415939577e-01
-2.601335426835081899e-01,8.987893363874188690e-02
-9.742810794979808175e-01,1.433060139186359772e+00
1.283619275548640859e-01,7.181338309361628112e-03
-4.762818907247498568e-02,1.978099383996675398e-01
-8.850004514096869723e-01,1.177133843073746133e+00
-1.007057406488239965e-01,-2.043260685969536250e-01
-3.094646051929084152e-01,1.694816386979033918e-01
1.232466438948023185e-02,-4.052250395757057283e-02
-8.626704722136716574e-01,1.010398776442108515e+00
-1.110030016356010618e+00,9.401723777789939840e-01
-1.138211824229061475e-02,-1.253319292941264262e-01
-6.607820119586005347e-02,-3.934961897411664786e-03
-1.367159969176905632e+00,8.211448765657567428e-01
-4.458813625292931127e-01,-4.892417675894747409e-01
-3.738366849746658227e-01,-2.717738000970948975e-01
1.535906164305723964e-02,-2.411482608493598079e-01
-1.016087708106643728e+00,8.077338735720105412e-01
-5.084303050272514363e-02,-1.810566367743728783e-02
-1.293562642397613871e+00,8.779818423517067316e-01
3.038224996327701932e-01,7.426650252613289580e-03
-2.404465819083894118e-01,2.025496801644093361e-02
-1.080997508431239762e+00,8.037036545823936784e-01
-8.694686623767464706e-01,1.065656880176932386e+00
4.363995354540407823e-02,-1.561151046382153740e-01
-1.065992988052085533e+00,8.659189036279790752e-01
-3.295178523723631403e-01,-8.169713347904904166e-02
-6.090078203641531573e-02,-1.983628134398022352e-02
-5.200623976591967068e-01,9.503241394327879288e-01
-9.066524687896360124e-01,1.077718253995029851e+00
-1.084064962462657933e+00,1.052062438798455180e+00
-1.574563037957414924e+00,9.611396250506798467e-01
-5.264639051717643348e-01,1.000280018840289831e+00
-1.485459966654747166e-01,-2.698767409051621158e-01
-3.884597959528438699e-02,3.070723440320597963e-01
7.987549873186612637e-02,-1.885000142389807731e-01
-8.558384796370415160e-01,1.259258494481172219e+00
-9.770158222212260712e-01,7.491573850234761744e-01
-9.182448126659510379e-01,5.326384951231692977e-01
-6.300698443815007099e-01,1.220016770215487156e+00
9.424309473039464702e-02,4.577505210423025717e-01
-1.286629311356413119e+00,1.226209122470069968e+00
-7.067283827753834125e-01,9.004772819644665249e-01
-1.199138742765038845e+00,1.032475372456422180e+00
5.936359159688803407e-03,3.340765262263225566e-01
-2.001108611034267126e-01,-3.315133028307808982e-01
-7.481817097780496528e-01,9.593077824024094369e-01
-1.030490815174202268e+00,1.178377009157701494e+00
8.306543505899653332e-03,-2.693778978944183500e-02
-8.406106463101814530e-01,1.255178042060673294e+00
-8.045459602911581021e-01,8.231982325621635121e-01
-1.805436594413473150e-01,-2.243411486287186507e-01
-2.226084143166713047e-01,2.360443444927123186e-02
-8.984866300735179223e-01,5.308257892916975473e-01
-3.424288470300010379e-01,2.610046904959487796e-02
-8.436857306939854473e-01,1.124496851569829259e+00
-1.076457751572659882e+00,1.014417774171064046e+00
-9.682047558782198582e-01,5.827195150943479396e-01
1.131038246387704865e-01,-2.220359438287054232e-01
-8.071634652996532155e-01,9.838342919930511687e-01
2.394176978515384357e-01,2.137662508850597387e-01
-9.873772737740109662e-01,9.434132337788422307e-01
-8.010461522108024424e-01,1.181974418030050655e+00
-2.348660667168455118e-01,2.183821259297225037e-01
-1.156234165976434553e-01,1.743207537516856809e-01
-4.165915350828088837e-01,-4.059706700014983211e-02
1.570784875928326607e-01,-5.056051185187510066e-01
5.764202144595072935e-02,-1.538691795854331135e-01
-1.189823887103153899e+00,7.347259965525819725e-01
-1.071345801669453257e+00,5.936003113886323401e-01
-1.112750461009554215e+00,1.229237694203534570e+00
-1.091393544030538232e+00,1.169689905518620954e+00
-7.505809057104460003e-01,1.416688732525144490e+00
-1.092093497390289825e+00,8.937173630984768247e-01
4.897525625708898378e-02,6.668013779607195879e-02
-1.135697776701533268e+00,9.134787816700915553e-01
7.928637811961471160e-02,7.494504364714738021e-02
-1.182773698524615114e+00,1.335187977978176788e+00
-1.483952982677090304e+00,1.282493966541498720e+00
-5.468488780238001112e-01,4.319487007323433714e-01
-1.482401704042389801e+00,7.478984843806045779e-01
-8.557655910363793916e-01,5.900339618971432998e-01
1.442280700387426340e-01,-3.491098585189118531e-01
-1.137590074726472444e+00,9.903538017495422396e-01
-2.288667770098856691e-02,1.138049221705485503e-01
-1.223944609904652925e+00,1.037828097177678544e+00
-8.657414686159126127e-01,9.360259019242790357e-01
3.610224936868171586e-01,-1.155066966897120850e-01
-9.359202848453788137e-01,1.349609329706280558e+00
1.052853206890789761e-01,4.367325356362740663e-01
-1.717018597077713260e-01,2.884254623043434607e-01
-6.013702624600323482e-02,-3.568267969667651140e-01
-1.355316819768879633e+00,1.103388481660289466e+00
-1.292336610646961814e+00,6.112816947761059438e-01
-1.016013556361455183e+00,1.048802305904328103e+00
-7.293446476534493073e-01,9.833672835753850539e-01
-1.751053239694561892e-01,2.353868584637299199e-01
-1.067846498157053903e+00,1.057949994682148454e+00
3.326553970184258913e-01,1.626351855541280089e-01
-5.443363025727056964e-02,2.680681072596162728e-01
-7.209412894491640245e-01,1.138019876324749768e+00
-3.691772705134492571e-02,9.114916223081934166e-02
-1.005100795594646268e+00,1.062082550048956797e+00
3.848795087601024068e-01,1.418295559469409106e-01
-1.095487962254898973e+00,6.414480925577378256e-01
-2.298383134434362207e-01,2.250446245432465020e-01
1.738331760340496024e-01,2.394707974106878023e-01
-1.154280889502083740e+00,1.358020695764113217e+00
-1.163330286419848258e+00,1.030237907069181835e+00
-7.045150520212806189e-01,9.708066658232255008e-01
8.108392446178162849e-03,3.008500665017391773e-01
-1.084186336647067650e+00,1.246754810306494710e+00
-1.011658367836095973e+00,1.354059251081316528e+00
2.276507793957990022e-01,1.953877297047235118e-01
-1.048754180525556023e+00,1.162549167202155731e+00
-8.340415262130751461e-01,1.182258091470350436e+00
-1.197512902874712015e+00,1.065424990966481467e+00
-1.304615022424304160e-01,-1.135115322731733295e-01
-7.262166707961351664e-01,1.077314237134379349e+00
-4.580001504564881623e-04,2.916353604421219048e-01
-1.080812167816434632e+00,9.809241235303870488e-01
-2.733714006969539811e-01,-1.925926121377133649e-01
-1.077180670024527442e+00,7.494475213191502672e-01
-3.003294266929641410e-01,-4.324446657445507602e-02
-4.289814296194059962e-01,1.026127502002075920e+00
3.318482892593699329e-01,2.265253073773557113e-02
-6.259322220372003365e-01,8.670287333469951507e-01
-2.235825619390870156e-01,-2.157087964408533343e-01
-9.904572191588156826e-01,8.500286318458056822e-01
5.183937994231267998e-01,-4.491176071376386941e-02
2.153660385077179051e-01,-1.971938804652022259e-01
-9.219524609215981048e-01,9.184840415114960965e-01
-9.070549952732192001e-01,8.778145466076949788e-01
-7.617862422218117935e-01,1.085137569589307072e+00
3.557593138343419920e-02,-9.553342152692904932e-02
2.816029133001039519e-01,-7.884201914068678096e-02
-8.213538726124253175e-01,1.025264868271902774e+00
-3.541128571968842342e-01,5.456268911565240187e-02
-1.022619690102252621e+00,8.296991060192987488e-01
-1.580086702054029346e-01,3.618458918690510284e-01
-9.701224230594603926e-01,9.204955238466041578e-01
-1.152427160566940945e+00,9.966959620117398222e-01
-3.640909961665820815e-01,-3.344252927194379943e-01
-8.490968347009500983e-01,9.328290828815526403e-01
-2.556283386150845494e-02,3.686332218887401757e-02
4.822921812721194246e-01,3.584459644651744048e-01
2.810366696548945997e-01,-2.023348404859465904e-02
-8.143717960679887069e-01,5.388528013035417397e-01
-3.654160912164197694e-02,-2.195448018112149402e-01
1.053157358343382310e-01,-1.219901771473952540e-01
8.232026496556785200e-02,-2.500068750480108348e-01
-1.179503994645354492e+00,7.360600106488395244e-01
-1.124623420925488393e+00,9.178189238807781258e-01
2.649620664498409384e-01,-2.334894300954080404e-01
-8.994810046701260386e-01,5.618165309951720365e-01
-7.210286345448000400e-01,1.254005181070489749e+00
4.461964237187440036e-02,-1.769625362625814047e-01
-8.584059515420994213e-01,7.297844810866926935e-01
-5.394703036218242639e-03,-1.822036622373358339e-01
-2.566677812853748741e-01,-1.752950911620365093e-01
-1.210183004327618050e+00,7.496957541841718919e-01
-1.159477676845656280e+00,1.176188630935782964e+00
1.804395583316192597e-01,1.053533633343611969e-01
9.559324593826226679e-02,1.732452170099199606e-01
-9.722464959704322229e-01,8.695969291393007561e-01
-1.148345290812330610e+00,9.149037636153539710e-01
-2.054820186901743229e-01,-2.090958405235633366e-01
-9.191981338435456506e-01,9.826022850627395000e-01
-5.782877249467481828e-01,9.580145876063771437e-01
-8.403096651152852647e-01,1.036879648069296556e+00
-1.225291055335666485e-01,2.229087941966781672e-01
-9.645151876789176404e-01,9.165292427689173405e-01
-1.751199898986395553e-01,-2.611367853430014985e-01
-2.219938392760327783e-01,-2.106386184559294883e-01
-5.394121710333862202e-02,-2.863567703769074324e-01
-2.756877358670343225e-01,-4.558494224865364958e-02
-8.093224057414660777e-01,9.303610558801750363e-01
-2.304795631044343762e-01,6.425008886782780371e-01
-1.061289791019989881e+00,1.026390719283932329e+00
-1.018723431297520188e+00,1.155462652669731138e+00
-7.981475350742996966e-01,8.623881190501582195e-01
-2.695606115431022354e-01,-2.484383563971561890e-02
-1.190797895113156368e+00,1.066760351249138150e+00
-9.843147611115954376e-01,8.282126969890413193e-01
-1.090869495310019976e+00,9.357202027814590650e-01
-9.050432479389870499e-01,8.676117570997391448e-01
-7.615082572301039299e-02,-2.446332855368017409e-02
-1.137568785928686932e+00,6.513727733089735850e-01
3.129500102058688782e-01,-2.612518108270810435e-01
-7.504349425150501629e-01,9.181136151869102591e-01
-7.462087886022576999e-01,7.590435837424731602e-01
-1.091572567743781530e+00,1.233835763418389853e+00
1.031853672914027631e-01,2.439833026789221815e-01
-8.301245861032799933e-01,7.234313715534688161e-01
-8.285781497402977536e-01,1.046235243375355228e+00
-3.647588378509195040e-02,-1.693209850433733676e-01
-1.038429910485775681e-01,-3.042337407984827546e-01
-1.055169612862181916e+00,1.047446956845510035e+00
-6.072325210720453531e-02,-2.164687157447603705e-01
1.886065418249558423e-01,1.572237907422132375e-01
-1.016711674634638296e+00,7.636592508376113253e-01
1.593540822922890343e-01,3.343418085707924869e-02
-8.619647509436821897e-01,1.132643119398433207e+00
-1.144536512181667742e+00,7.556080929850425010e-01
-9.311424969924992912e-01,4.787883116509825676e-01
5.512158356699935480e-01,-2.436233987988463690e-01
-1.301441881703843118e+00,8.945973745290176637e-01
1.131297098213339958e-01,-1.433197385737949858e-01
-4.425337198071030986e-01,3.521508687189984221e-01
-1.361724517114601740e+00,9.517088201518656421e-01
-8.954564020086603904e-01,1.098689869981065881e+00
-1.005781408399750720e+00,1.162277924156296383e+00
-1.090229600947631994e+00,4.010099576492556217e-01
-7.275957909910983901e-01,9.727611579209971548e-01
6.917999542005872672e-03,-1.568988362836868655e-01
-4.120753327386424830e-02,-1.335689477344439990e-02
-2.439334873371579171e-01,4.114193763752518329e-01
-8.417211287421701993e-01,8.894556239667380515e-01
-1.165964954347147087e+00,9.837480307754702391e-01
-1.974261786572466537e-01,-3.436841152794438414e-02
5.610197128826999863e-02,-3.402065173599154724e-01
-1.043879597826768757e+00,1.002188533034190643e+00
-3.691570230604308001e-01,3.063968581205684383e-01
-2.744449308901902515e-02,2.253125146210895047e-01
-1.124698934732859534e+00,1.306772768934300721e+00
-9.909145520605928681e-01,1.235535653630657871e+00
8.670749482647290007e-02,-3.025160376216259189e-02
1.053275303683225486e-02,3.209455593581077293e-02
-3.906976251624625363e-01,1.134153619451356398e+00
5.905132082934513860e-02,3.285978935473308771e-01
-1.331645682359863692e+00,1.262176645746825088e+00
-1.003380042237068892e+00,1.052746088998810947e+00
-9.243773064265434769e-01,1.493386600133134845e+00
-4.950153479823933729e-03,-3.905053765337447857e-01
-1.068164566594018705e+00,9.767930675144347319e-01
-1.595857286077086829e-04,5.594863870042880716e-02
2.916136817757027933e-01,2.801087956430372422e-02
-1.083500370012183911e+00,5.415779742071975544e-01
-1.169946191537702518e+00,7.387106817691082572e-01
-8.327475479776513811e-01,1.128232100323598885e+00
-1.563542376505464571e-01,-1.519556919415113172e-01
-1.205617000319186394e+00,8.501258713025019453e-01
-1.120407642927958164e-01,-4.857419203395905299e-02
-1.961811590669866046e-01,3.638539082384587009e-02
-1.395800049469356208e-01,2.837444856183128639e-02
-1.168522579736072098e+00,1.179189164621588848e+00
2.948831083970177361e-02,-1.415512788152618606e-01
-5.697408312673627462e-01,-8.928787848332229993e-02
-1.564044638225005335e-01,6.062406284882762564e-02
-1.281877504178028149e+00,9.074568748489018066e-01
9.618325421716375501e-02,-4.710979743868590197e-01
1.293063636938428795e-01,-2.386375973901129766e-01
2.357840922903898517e-01,2.029549901959016578e-01
-1.064579133930846799e+00,1.049154768253313330e+00
-1.086046524148339909e+00,1.005939653575967263e+00
-8.317331715709646023e-01,7.367473629141674252e-01
3.467195416105828959e-02,4.110190629293055675e-01
-7.562069897772967231e-01,5.261514840789626168e-01
1.658629106681419052e-01,1.496397216786587991e-01
4.084263443747552236e-01,3.003138160961020889e-02
-3.222282350049256450e-01,4.675728132710277318e-02
4.034884233335591097e-01,-1.354620767163474127e-01
-1.030288060558825824e+00,1.175458204666975481e+00
-2.095231279273288005e-01,3.052755610105687967e-01
-1.229756603258429282e+00,1.109389167609966531e+00
-1.452219192122146396e-01,2.730034096478622385e-01
-6.715770673279472525e-02,-2.749432566616451523e-01
-9.013436052689092204e-01,1.006078317594458316e+00
-1.159448564784067992e+00,8.235708884693015985e-01
-1.275597638407131473e+00,9.568836826464636180e-01
-1.113802308200597224e+00,1.096562466920695034e+00
2.158443749062605166e-01,3.399787217811694462e-01
-1.469452959222609378e-01,6.406843103108252058e-02
-1.249207426513125219e+00,1.234523805120317341e+00
-1.200855956899488791e-01,-1.074479362067811972e-01
4.365936696326608302e-01,4.212151677304813019e-02
-8.361677888686692706e-01,1.199312811103279586e+00
2.468459470589479399e-01,3.429111891647666777e-02
1.299191011878624291e-01,-4.777300607099653484e-02
-1.279134550616568333e+00,7.488867026681336192e-01
-8.465182438446176016e-01,9.672634958342022360e-01
-7.954109635355210983e-01,1.038825947850523290e+00
-2.137862501849417396e-01,-1.624260110195280826e-01
1.137944370596173094e-01,6.988467629854371033e-02
-9.576034779833872967e-01,1.339202969800095566e+00
1.873066092297653862e-01,-3.032063852332150811e-01
6.532932595428511159e-03,3.572901368744983985e-01
1.259241532941601238e-01,7.765268600592959564e-03
-3.237372853087672891e-02,-1.881807915580764601e-01
-9.746379854155281519e-01,1.084549114786449442e+00
-2.059071534646750301e-01,-5.745132419049554795e-02
6.437367326617862706e-02,-4.252261503576179047e-01
-1.060594243750608179e+00,5.433580937445404713e-01
-9.345281055149436966e-01,9.651446024445498040e-01
-9.311012839489339887e-01,1.215281567043112521e+00
-1.111687384463859951e+00,9.800298064207665361e-01
7.440661825468600221e-02,8.697243756123226865e-02
-4.375434299264434057e-01,1.215803072013916034e-02
-2.506288180038830811e-03,-1.792773541770760204e-01
-1.838030811853411939e-01,1.603858381802479305e-01
9.611003869041531700e-02,2.995418604824141851e-02
-1.344411685467503226e+00,9.516088702569001079e-01
-1.102745496042552009e+00,1.020740512861137761e+00
3.466478464942489290e-02,-2.080529305233869974e-01
-9.666092140417895107e-02,-2.242342369861322071e-01
-2.828951089460060020e-01,2.718600036948324306e-01
-4.087673068024212375e-01,2.066466053880791631e-02
4.094883443358933173e-01,1.074421248423726299e-01
-3.120723828814976342e-01,3.061474402608010612e-02
-1.224512148202320239e+00,1.071938164622460610e+00
-1.078119184270527553e+00,9.730315443715784607e-01
-1.094570313855704136e+00,9.229239042074549593e-01
-5.050561852066021845e-02,3.336611224618929450e-01
-1.137127059393465034e+00,1.199885471124667369e+00
-6.391975416102899654e-01,-1.953913085585982090e-01
-8.738100034231069957e-01,1.257144180847746595e+00
-1.886647410109453249e-01,2.144790556674781024e-01
-1.127845010292918726e+00,5.977125626069770270e-01
-9.382569228196036004e-01,1.138861522787790292e+00
-9.335485668297981432e-01,9.299529811797891954e-01
-1.359418309669211122e-01,5.613045034568893421e-02
-1.135676907791770551e+00,9.142867614203334936e-01
1.887583247744049897e-01,3.595889224806678719e-01
1.132884565234559826e-01,5.270696878691005782e-02
1.420560223430079871e-01,-4.621755308604084738e-04
-1.285165971312304700e+00,8.680792015542864171e-01
-1.035345132219574804e+00,9.117564419264685416e-01
-9.225326622144334188e-01,1.046682627415076006e+00
-1.725210072214413137e-01,1.434054969075951869e-01
-1.004983598256132593e+00,1.426755104325131862e+00
2.557340429841390428e-01,3.523456038181914107e-01
-2.439719671943959001e-01,-2.887399342119294499e-01
1.129989654887182948e-01,-3.713706052825119786e-01
1.570223185517958531e-01,-3.777733759746234043e-01
-1.031342574795537814e+00,1.096910972170608289e+00
3.803135485650260272e-01,-8.486322366902242231e-02
-1.128701583030396360e+00,1.233891095309700203e+00
-1.149916440421222319e+00,7.718435166242438861e-01
-8.049896186426744871e-01,9.927768103493117557e-01
-2.498614615462482480e-01,1.774960282082456153e-01
3.437357808599539322e-02,-3.740354716272414198e-02
1.084290571359239064e-01,1.591284585381816385e-01
8.733538566503000478e-02,-6.814906885671978554e-02
-1.817386470294140854e-01,1.170317733393310689e-01
3.687716643849803799e-01,3.243493405270535535e-01
-7.776055199650444560e-01,1.058918048585805183e+00
-4.734724332501984989e-01,1.055436605201044209e+00
-1.834533873841810159e-01,2.497418466474192744e-01
3.195777627321508274e-01,-3.420658855422036293e-01
-7.454486987047996838e-01,9.646102470511662696e-01
-8.026072608026112165e-02,2.743848983888342100e-02
-1.139984891672315426e+00,7.591055085702821392e-01
-1.117309659095334640e+00,8.681310767991523569e-01
-2.516150998509762426e-01,3.118876023027799538e-01
-1.038247319803729113e-01,1.042852874110328093e-01
-6.304052792595054022e-01,6.579581104591045726e-01
-9.937879059030610418e-02,1.573683830485772261e-01
-1.034565588552643911e+00,1.091656033820385341e+00
-4.330092901739693301e-01,-2.301198366226881453e-01
-6.693301325747793573e-01,7.136046382309642055e-01
-1.241238500690712288e+00,1.138715628730391005e+00
-9.341213700218885252e-02,1.123124566330876289e-01
-6.497372023139781350e-01,7.669909387665296840e-01
-5.844540341029440533e-01,7.551943830094804966e-01
-3.618861158657241117e-01,-1.630315626534267759e-01
-2.123891686373942933e-01,-4.922180067993924824e-01
-8.652996882278555235e-01,1.054690928519707915e+00
-1.025497033311404182e+00,6.389707275488429872e-01
-5.318463164256975739e-02,2.839068758265768100e-01
3.010231769663035961e-01,-8.046449228472864201e-02
5.245032678026598782e-01,5.589129526070487630e-01
1.331038940706939511e-01,-4.412590438211776156e-02
-1.191819967342024000e+00,1.107618916975131373e+00
-5.715477779595733443e-01,1.194669301217211155e+00
-1.821597118272427207e-01,-4.849440094414963348e-02
-9.394707728327716945e-01,1.176773669524231680e+00
-4.761679801355439556e-01,1.211931388532145659e+00
-9.999381430268903248e-01,1.125224704040878487e+00
-1.649108665016210673e-01,1.195197914186268279e-01
-8.754291096564230656e-01,9.515868048465577766e-01
-1.235273246868000108e+00,1.120003855212506449e+00
-3.903453785870132364e-01,-1.765706825763509458e-01
-2.649993084763606621e-01,-2.238276254668926726e-02
-2.331377489983260942e-01,9.430265242405552750e-02
-4.145542775663640933e-01,4.092066961263797487e-02
-2.575589682573965478e-01,-6.752599214811917661e-02
1.927794194991054935e-02,3.849144972163129341e-01
-2.870174287796704027e-01,-7.135296213327751991e-02
-1.177014287532564429e+00,8.258055584596104559e-01
-6.243221459817004382e-01,1.265044772089678249e+00
-2.962858381744589709e-01,5.375579933877050465e-02
-8.229545022295096102e-01,1.334887292221035082e+00
-8.112484024856134734e-01,9.810730845246451448e-01
8.943859164194238598e-02,2.561433113750156698e-01
-6.225645352662102505e-01,1.216192962740559214e+00
-3.515309191322692206e-02,2.822045051349011402e-01
1.381085881064998411e-01,1.230806860928298219e-01
-2.378824752117015551e-01,-1.366146290745397784e-01
-1.009921803692358094e-01,2.343557009190511686e-01
1.250908772465954277e-01,-1.204234958808891214e-03
-4.987178239294379201e-01,-1.129554044821799580e-01
9.783054323223858151e-02,-7.692468747142250374e-02
-1.056194893960666903e+00,1.139790955179119880e+00
-8.818547827231092151e-02,1.539068832072436888e-01
-1.331451289043358299e+00,1.405474277374995529e+00
-8.341360850306651642e-01,1.032182101983194489e+00
-9.072436251468237733e-01,8.107308737491347728e-01
3.709596999526652006e-01,6.096403318931186560e-02
-1.013530820958791878e+00,8.121611921011464563e-01
-9.824792313047100434e-01,1.290673000021414829e+00
1.200452155515302766e-01,-5.249723996274375387e-02
-5.762459541098960969e-01,1.021736322830824939e+00
-1.045424693135723893e-01,-6.820299605551374822e-02
-1.484997723019628180e-01,-1.335717624101414036e-01
-2.241741483868720242e-01,-3.760847630197383662e-01
-2.214981293101329907e-01,-2.613169922251271649e-01
-1.049063109621310552e+00,8.416442736141419578e-01
2.129412925878787499e-01,1.635649513214847417e-01
-1.073131122444349161e+00,1.396644459803596305e+00
-3.988830240740882105e-01,-2.289025428012320673e-01
-1.153652736919951405e+00,1.016098412759657066e+00
8.421889334086904433e-02,5.613390322565281476e-02
-1.209636385402767633e+00,9.653296072620352053e-01
-8.751368433740436270e-01,1.514368961314130235e+00
-6.194440392580533583e-01,1.097093217421949207e+00
-1.171526108182088466e+00,7.915706509865707563e-01
3.874941128858735984e-02,-8.693761342705284834e-02
-2.015431900631604878e-01,3.953151675960900890e-01
5.425299406651241663e-01,2.524085044737714792e-02
-1.089897623821980854e+00,1.385371722421890439e+00
9.912988038721977369e-02,-1.238014562973823729e-01
-8.312481825032973504e-01,1.254065983878210666e+00
2.131307362744356559e-01,-1.008316957785456852e-01
-9.777307165758192253e-01,5.633389395687096179e-01
2.841577054042088157e-01,-1.002643074215691932e-01
-9.255798011716548368e-02,-1.980606833801416555e-01
4.674971724814161456e-01,1.649033605292453755e-02
-1.152774736701938529e+00,9.555267986583372286e-01
-4.348189391253021174e-01,8.500624739446112077e-01
-2.773776060839832497e-02,-5.663743003829430078e-02
1.501350410357540355e-01,-6.650591457436710874e-01
-9.400015802522081465e-01,1.139648974469524623e+00
2.368713445860856984e-02,5.075659666946747972e-01
-1.811708345614827242e-01,-8.491775743642906993e-02
-8.558564073902894531e-01,6.917196857297920332e-01
-9.503391213461924725e-01,9.125690363371747882e-01
-7.569090516461309814e-01,1.043512278802509075e+00
-8.741329169454469250e-01,7.101330936497374235e-01
2.403488267586985361e-01,-6.422893696458800705e-02
-7.901800759231126792e-01,1.025530063618899757e+00
-8.895375949125053916e-01,1.226933663719223855e+00
2.558163275534721670e-01,-6.110002913102855621e-02
1.834177849792468784e-01,-2.846395413205053959e-01
-8.290145087184806749e-02,2.594791215335078699e-02
1.700549445876517740e-01,4.376521373486294553e-01
1.468062622851188104e-01,1.515093907542735541e-01
2.733284967983620195e-01,1.720784171679914376e-01
6.409797046632914608e-02,1.818469967823186650e-01
-9.595976477937592231e-01,1.013881201405236521e+00
-1.246761612996539981e+00,9.635791874498748077e-01
-5.852994596273489863e-02,1.847187723502543011e-01
-1.413501805620074769e+00,1.559602127734805554e+00
-1.032766464991527799e+00,1.200467097082512868e+00
-2.458261667532542771e-01,2.994746944883609485e-01
-2.742450869607295783e-01,1.635768437996447944e-01
-3.363072910878189825e-01,2.430798240318346182e-01
-8.231088917577251696e-01,7.771800323942552602e-01
2.419967083334200464e-01,-6.217534473942488982e-02
-1.063226710209423054e+00,9.375458447380607963e-01
-4.100072937977569665e-01,-9.911295799543916318e-02
-1.553994618975920172e+00,6.057759432157784341e-01
-6.214825942064654551e-01,1.081130012397526929e+00
-8.883932906042633082e-01,1.307005694775754012e+00
-9.266541134018828618e-01,1.283451150656820694e+00
-1.197243849315339670e+00,1.146728210079659638e+00
-7.462472863109828047e-01,9.658935901232429400e-01
-1.401590395356873964e-01,3.342011276221810157e-01
-3.840602306184519033e-01,1.764358372898616190e-01
4.024004647426680098e-02,2.119309176445960674e-01
2.627475514150067262e-02,-2.093513170477190322e-01
-8.594423967223794314e-01,1.394956738324936385e+00
-1.207447610664489135e+00,1.138602224891011483e+00
-2.180157476482101897e-01,-2.517456782522971004e-01
-3.043805341489214111e-01,-2.187937183636652905e-01
-1.090646083149009904e+00,9.390159249527032514e-01
-1.339312467232858461e+00,1.008689831770789525e+00
-1.117787469742402617e+00,8.083022937070498681e-01
3.192320347292117166e-02,5.626024794353520070e-02
-1.043024711130509763e+00,8.068147840272279492e-01
-3.763356399181423950e-01,-6.000294512705665190e-02
-9.010402713782222905e-01,1.059238459264719268e+00
-1.175604055452661445e+00,8.656897950680538800e-01
-9.014157256557685516e-01,8.267761903555178593e-01
-1.137177013720759855e-01,1.522784039914713283e-01
-1.710105729590438439e-01,-2.487484334822421261e-01
-7.382262448168344093e-01,8.729540406870305302e-01
1.639667459085984436e-01,-4.016215156300090849e-01
-3.994712969956870641e-01,1.890258051817375329e-01
-3.611173805158549022e-01,-1.100530148421290377e-01
-1.345796745465447364e+00,1.456909883569184938e+00
-7.919486591179201174e-01,8.587177531940155539e-01
-9.368180924124663855e-01,1.172741725962197279e+00
6.978446071591980215e-02,2.192696257350457700e-01
-1.196934850484742130e+00,1.347034112285865115e+00
1.328908350550054851e-01,-3.574745921403704729e-02
-1.416297832962042813e+00,1.039238534376013767e+00
-1.130996626307289921e+00,1.417907642757089581e+00
5.463150238747523438e-03,-3.560730432136496870e-02
5.544702115452330993e-02,-2.346683770658518908e-01
4.302175238758335074e-02,2.010061020930973275e-01
-1.006579567119455509e+00,1.162682794137326781e+00
-1.212508395257992921e+00,1.178678620327630711e+00
-7.825795613272938933e-01,7.566347551368837188e-01
-1.207990158157587590e+00,1.116076630051359375e+00
-8.724642031077451954e-01,8.182728085275365881e-01
-8.659531776454982843e-01,8.252412473074920429e-01
-8.832339980448119521e-01,1.114856436635226267e+00
-9.782143183426145194e-01,1.275928375594069797e+00
-5.896987050843924827e-01,1.359790959678438771e+00
2.377144121857579506e-01,-1.248056824878607945e-01
2.191943148209066494e-01,2.023003943054755074e-02
1.606009266957591497e-01,-1.178490814398843595e-01
-7.278955061761085976e-02,2.411391236943702943e-01
-9.154859893701483564e-01,1.710519819430050159e+00
-8.349911975542982923e-01,1.150408325644005414e+00
-8.860066039887144473e-01,1.358256330464701733e+00
-8.352147771893493611e-02,1.711835669327053111e-01
-8.137745896512989241e-02,4.749909676125098068e-01
1.785576932578662734e-02,2.388238093608373580e-01
-5.226842459171459065e-01,1.226472710309647329e+00
4.672581906254643092e-01,-1.690338385619862549e-01
-9.822687911168707098e-01,9.552680183584087992e-01
-3.643583590490173663e-01,-4.783281598298929072e-01
-7.810618827458309932e-01,1.124075728650172135e+00
-1.108694584561715546e+00,1.298690835666142185e+00
-1.073751891248519552e+00,8.846006955474842171e-01
-5.196714034628838880e-02,1.806315955302330578e-01
-3.487055279536490082e-01,1.708735299123571860e-01
4.934683612625088284e-02,3.235837400518297713e-01
-9.242089982562600170e-01,8.014939108982281901e-01
-8.323964702624238043e-01,1.273780081518258278e+00
-9.208302323770317654e-02,-9.912211286116082154e-02
1.412252368916427359e-01,-1.125259262997446068e-03
-8.045080934519109883e-01,1.231254923327471884e+00
-2.367699173952293179e-01,5.680729908173685061e-01
-8.835841072098432614e-01,9.557891342120404810e-01
-9.145011148024052849e-02,1.926630150893728077e-01
-3.059836383782039704e-01,-3.821976875509404681e-01
8.614507116509149964e-02,-2.516206001891256316e-01
-1.334089377091968176e+00,8.890382017894608024e-01
-1.310625795436509033e+00,9.973500545111337878e-01
-9.870342269728602513e-01,1.000370870414263536e+00
-9.831353328999525854e-01,1.044642825162783062e+00
-1.318421307352971139e+00,1.315018529884077969e+00
2.136353059596201032e-01,-2.074535368476066455e-01
-2.347356138279317328e-01,-1.519880198107384783e-01
-3.687262015709105722e-02,-1.153810395916814446e-01
-1.098746131266529424e+00,1.184200252853122803e+00
-2.104579027819584169e-01,-3.692132157162025807e-01
-1.169230945013776779e+00,1.017139210798349902e+00
5.932391095009197091e-02,1.188080361145277541e-01
-1.043494996750956166e-01,-1.494977464990795979e-01
-1.122126632093874976e+00,6.702733866797212503e-01
-7.378634546503999303e-01,1.292512040043706012e+00
-1.773559354631712159e-01,3.664297233743567528e-01
-2.469637678707962448e-03,-3.077259168605057105e-01
-5.998206297592842962e-01,4.283299626858969589e-01
2.831340359803405371e-01,1.277583551317431620e-01
-6.638746075541905878e-01,1.198806833892547496e+00
-5.163464109060417889e-02,-3.863624697394895668e-01
8.568601557947326530e-02,4.568389950688046541e-01
-7.061934656189531312e-01,1.115183750613711000e+00
-7.839208311078432745e-02,-3.120934931284355951e-01
-1.233155927511012884e+00,1.063269192196349744e+00
-2.324665433133860371e-01,-1.171258581913914715e-01
-1.181492959503402274e+00,1.017014212516268890e+00
-2.252546033964086813e-02,1.620737348037274705e-01
-6.076225193089761917e-02,5.922348365021364719e-02
-1.566154179204849006e+00,8.765019013317443264e-01
-6.289023059818465988e-01,9.760383321556789227e-01
-1.170404645108222841e+00,1.187037023431191995e+00
-6.691960990824364908e-01,1.149520974986670385e+00
-1.567449833554867278e-01,2.201588734222192575e-02
3.333666494427360572e-02,-6.157372520737915828e-02
-9.394704217892134723e-01,1.392914046546420703e+00
1.804108265156600110e-01,3.821898015815713423e-01
-2.714829921709323024e-01,1.515181781372361425e-01
-2.232110731229149103e-01,-1.957934760083518411e-01
-6.913818949127352731e-01,9.323092345133378034e-01
-1.524492717355616644e-01,3.610813848948559168e-01
2.153515766330929559e-01,-2.614126315007310186e-01
-5.920213935467406874e-02,-2.406387749896146677e-01
-1.156895474000441348e+00,8.498823113865574541e-01
-1.114412625009911562e+00,9.364881233004140881e-01
-5.202667992555971566e-01,4.861673801907013814e-01
-7.199245645682744721e-01,1.309765916900645255e+00
-1.424148534455296433e+00,1.025591050729089959e+00
1.644754679153405952e-01,1.527369887515437896e-01
-7.397182058647767677e-01,1.093399290059422713e+00
9.231544149814263633e-02,-1.349193481942158879e-01
3.817763475508709758e-01,2.924121183848482283e-02
4.541224122162635934e-01,-6.996722703582343439e-02
3.909703193677803168e-01,-2.341924180062717187e-01
6.403264458773513801e-02,3.387772072137834045e-01
-1.215457175427788528e+00,7.040506375791036886e-01
-1.468455234944103238e-01,-2.339243604713257818e-02
-8.054287805964398528e-01,1.023422663087523166e+00
-1.093253226914989940e+00,7.348275149683902718e-01
-1.005214037127897475e+00,1.311455150607259146e+00
-1.098384606384616990e+00,1.068742429270289174e+00
8.326392147777347819e-02,2.366592092411252402e-01
-4.913815740686812150e-01,9.849974797083893563e-01
-1.066410619974750701e-01,-1.807671743278374890e-03
-7.569453599115307796e-01,5.246171484468237223e-01
-1.218720949418931714e-02,7.388079711602502098e-02
-8.828744358135598436e-01,1.062607150422012037e+00
-2.462600299409024862e-01,-2.677605744679419433e-02
-2.191281293566575417e-01,3.864217803672472251e-01
-3.825854552298407589e-03,-7.105050791633224505e-02
-7.681564588013537476e-01,6.365419038808769470e-01
6.119655283043163446e-02,-1.447541557298933912e-01
-9.822750893230786096e-01,1.082987713470971114e+00
2.215960868857269339e-01,1.145812060096199070e-01
-7.362733997164694344e-01,7.235869901809005578e-01
-8.751882544064006897e-01,6.629040593895472178e-01
-8.350685863790566765e-01,8.954156137366030555e-01
-1.840293729674097878e-01,-2.363561793753251594e-01
1.231089933973097267e-01,-6.927110312915431278e-02
-2.336907253867405443e-01,2.612255120738022351e-01
-1.614526020544762852e-01,-1.238257193397311086e-02
-1.270201655644042749e+00,1.046202566472723694e+00
-7.541196754696050109e-01,8.869531741386673662e-01
-4.074293176371122094e-01,7.813859435041833335e-01
2.482941691761486602e-01,9.250607598708426860e-02
-9.257318204780924376e-01,7.202108707364343054e-01
-9.468673805796868903e-01,1.414394690662927001e+00
-1.059299305738627073e+00,1.055021070129466665e+00
-8.222258699579418906e-01,9.448061306827009176e-01
-1.074545060109005412e+00,8.694286290973033404e-01
2.752815120378273583e-01,1.318502708504035725e-01
2.074958247975076109e-01,2.441602202172638847e-01
1.495271545265188518e-01,-3.846382994480018053e-02
1.622363456232127632e-01,3.508030345936243022e-02
7.841266395090301655e-02,9.712893041620590528e-02
-1.232683305429195464e+00,1.310042411073641500e+00
3.545886012556184047e-02,1.883035858306830179e-01
-8.837891134983014707e-01,8.054385525645941790e-01
1.312164595029846892e-01,-1.802804400863692869e-01
1.906727621710530285e-01,8.376022735750861259e-02
-1.200400182257648884e+00,1.117128586139782165e+00
-1.076998236598441183e+00,9.682641487843300920e-01
-9.391093005538970750e-01,7.761890530567541191e-01
-9.422499526107814827e-01,9.211194999752921886e-01
-8.886059187918354807e-01,1.088054395049633527e+00
-1.413912692286634631e-01,6.699158513813376070e-02
-1.236027575963110775e-01,3.722509426237185504e-01
1.536203845838982063e-01,3.915248523329326741e-02
-8.803788193631585379e-01,9.951915269766251626e-01
-7.531263250215008975e-01,1.004055962472092611e+00
-7.242377565607240886e-01,9.381702585604441147e-01
-9.183411403032958331e-01,5.753223126723486791e-01
-1.190143099007008543e+00,1.041935338362192320e+00
-8.062051855057877914e-01,1.243838517418938583e+00
-3.984659618637606190e-03,2.874211628455149159e-02
9.373091305594530298e-02,2.686842312449961856e-01
5.415101688540868707e-01,1.592429301127168961e-01
-1.136796821777630723e-01,-4.314879827795140566e-01
-1.106539386537167546e+00,1.058632491854323732e+00
-1.174793264915640068e+00,1.177572141423141261e+00
-1.097932217194189791e-01,-2.680717388503409682e-01
-2.346342877690666961e-01,1.607613250668071536e-01
-2.587078134795872675e-01,1.993037682407089173e-01
7.675800278371765206e-02,-1.072973847346213490e-02
1.543010430910997204e-02,-2.151930071410775580e-01
-1.976406360268357920e-01,1.058506031871569303e-02
-1.387650908934988436e+00,7.118565310868711915e-01
1.418296609684524257e-01,-6.997909215780570014e-01
-1.238458339694234356e+00,1.093253708733202378e+00
1.787389174292395091e-02,-1.395812457974248411e-01
5.535082836933129524e-01,-9.239729711124305966e-02
-9.829466623995595231e-01,1.226670317259015874e+00
-6.444799335050224176e-01,8.757156818683843325e-01
2.981270232093655159e-02,2.602246831540450667e-01
-9.117514680221319168e-01,8.776917004665817368e-01
-1.089950194220421498e+00,1.490967203706608402e+00
-2.208383586387489272e-01,-1.332854524111805605e-01
-1.050455339550730338e+00,1.120046037024194252e+00
1.169829745858811665e-01,1.300174356553248922e-01
-6.870487232393471810e-01,1.035293084752920034e+00
-3.137494099422058480e-01,6.302416267116783821e-02
-6.176011386070325848e-01,1.162346323172475770e+00
-5.026025314759084012e-02,-1.580439479434289363e-01
1.390363193246336448e-01,-2.058366140788676912e-01
2.383246360019760091e-01,-4.724596825692185809e-02
2.030386194352622742e-01,-1.844178057888795075e-01
-1.073176275962354875e+00,1.043923837775599051e+00
-9.123588212069709824e-01,1.136931464472750175e+00
-1.168726897944654119e+00,7.378242270857218177e-01
-1.184640886463270482e+00,1.159560628426216322e+00
-8.928066299180015264e-01,9.628934836685689724e-01
-9.914424202047404933e-01,9.080000407887036662e-01
-6.737606014846811986e-01,1.142139900042437262e+00
-9.409316939210471409e-01,9.067765385655316424e-01
-1.093096028787693130e-01,1.172287701666769461e-02
6.000081735157393181e-01,-4.165861426467352691e-01
1.598966518160782335e-01,3.435492247951878880e-02
-2.632294892503665024e-02,-6.467630958178568479e-01
-1.504798172432205705e+00,7.922318234417686789e-01
-1.157245720705311287e+00,7.216972870194253709e-01
-1.281738506364850982e+00,8.831440300708474078e-01
-1.243494179946100786e+00,1.126064416324694895e+00
-1.073812808593321400e+00,1.196472067473052014e+00
-8.843063115766003346e-01,9.436516143658049138e-01
-1.040179992054919733e+00,8.598464739833242554e-01
1.703585322904955235e-01,3.456497360874957736e-01
-2.118741810741730236e-01,-3.514672989889521676e-02
-2.212149644818192928e-01,-2.299456283904401932e-01
2.787899008829576308e-01,6.397762577138151052e-02
-7.418394914906965010e-01,1.102046253637194884e+00
-2.516332887754441638e-01,3.120855423862823330e-01
-6.575644224561221218e-01,9.283967446576087967e-01
1.653204493259614050e-01,-4.616413042412512852e-02
-8.358885580010275707e-01,8.212754135180678761e-01
4.233000159084621683e-01,-3.726779441081939925e-01
-6.837632844656170716e-01,-3.594179302132183285e-02
-9.072552480410754905e-01,6.326054854095956026e-01
1.064079011267218605e-03,1.044114364462388894e-01
3.880037498930167250e-01,-4.196855564540089012e-02
1.143731967636488905e-01,-1.076912395947045298e-01
1.762271239417156354e-01,-1.104234579322540266e-01
2.952327436138115213e-01,8.658881870755681665e-02
2.095520891220133686e-01,3.108358558700363150e-01
-9.134474692151379749e-01,7.900075028742573613e-01
1.265285881468271867e-01,2.078684956081738033e-01
-1.283662180487876281e+00,1.140236330785175056e+00
1.482774157602455845e-01,9.422905726017523353e-02
-2.726513378479711314e-01,1.674936863836245515e-01
-8.431694812328519584e-01,9.127290112464346850e-01
8.419626723844070293e-02,5.540390309132525032e-02
-1.123763986611286958e+00,9.094161298155321038e-01
-1.124330646940031153e+00,1.224299803970274603e+00
-1.090629826943414482e+00,9.515603345828378412e-01
-7.805738101376471505e-01,8.571117556884393363e-01
-1.009004344577768775e+00,4.961400789999186323e-01
-8.617837428465631167e-01,1.053519900636759044e+00
-1.234258127907294833e+00,1.277176660560684240e+00
1.790441739429421419e-01,1.540830943017307830e-01
-1.109407805379282186e+00,6.832221096047612630e-01
9.520829052696459793e-02,3.728242875961901293e-01
-1.238372597239698170e+00,1.183323847325120859e+00
-7.293830828300438274e-01,8.905709988703081059e-01
-5.871149734503913198e-01,1.036119890962751366e+00
3.129371016614310164e-02,-8.781169021575990774e-02
4.109101421425380429e-02,1.927409492912351419e-01
-1.070590674821519928e+00,1.607450382328368121e+00
3.829841848830072282e-01,6.449217026494705185e-02
-1.286464070606718746e+00,7.835678259864168327e-01
6.522510853013742393e-02,6.019644556091768850e-02
1.034032047240428381e-01,3.468934298843205366e-01
-9.894700388231323362e-01,9.716584381192617803e-01
-1.196091240360263264e+00,1.377836482178963262e+00
-1.520581593166175693e+00,9.847607399685811558e-01
-7.473270061615587823e-01,4.766062445460030883e-01
2.312309756174711628e-02,2.552458026432729080e-02
-1.140962185472628843e+00,8.191756737812421196e-01
-4.341742002480812879e-01,1.363421065598899862e-01
-1.345661111250955777e+00,1.149319553444217767e+00
-5.366677061374183211e-01,9.660065342586192649e-01
-2.075211802921960169e-01,-1.434131716111579080e-01
-2.607446949653352553e-02,-8.797408182102242624e-02
-8.982161176460944363e-01,1.240156955882683709e+00
-9.404112960042422253e-01,1.185764575315963132e+00
-1.282183762724824039e+00,1.459566622472818320e+00
1.656091147910568606e-01,7.578199016403486254e-02
-6.521293335900724131e-01,1.089112912229044522e-01
-8.037726075033670980e-01,1.220245161635789444e+00
-1.135562879086630561e+00,1.146278265870085633e+00
-1.494343555589245642e-01,2.462747172334702750e-01
-1.041098899934681077e+00,1.134024040709698200e+00
-5.444942085539808407e-02,-2.509956922366761711e-01
-1.241888342646492394e+00,7.362103509794390988e-01
-1.221700510877767432e+00,8.852790877736818054e-01
3.558195603523878203e-02,-2.095197594184154410e-01
