e_score,v_score
-2.496806901902617198e-02,-1.913956872495296835e-01
-5.758272498127538393e-03,6.777121548290325759e-01
-2.349396105218661546e-01,-3.104509984882349305e-01
-1.918121550085484794e-01,-5.033898370779007481e-01
-1.187078322979985001e-01,-4.975039927702409326e-01
-1.181204134543983042e-01,1.053677068096231961e+00
1.626795283763664002e-01,1.323466261060581184e+00
2.355568077983885567e-01,-2.374950920285524569e-01
-2.587525376649673636e-01,-5.134151874234227364e-01
-1.923986165777657187e-01,9.861259248380288556e-01
2.551615341547564531e-01,1.960372022652792645e-01
-6.753267468606178880e-01,1.340692257205355009e+00
5.313500095827457942e-02,-2.432843737372146486e-01
2.996670790605004270e-02,1.233203574402267799e+00
-1.837257772966534031e-01,1.112626092322084093e+00
3.992723358999350491e-02,1.119023630710626938e+00
1.886216801592145720e-01,9.209405026033561370e-01
-5.558965271289170729e-02,1.225910665316010395e-01
1.556960831284534275e-01,1.135346565463513091e+00
6.890284576552686835e-02,-5.053211519318676764e-03
-1.508606936513810504e-01,1.073590044991139525e+00
-9.151971835314114123e-02,1.054459686498747661e+00
-4.533124172567311594e-01,-2.219749722066315101e-01
-2.213924397763564200e-01,2.362553385013520524e-01
-1.597380572139818211e-01,1.042620097324126860e+00
4.470285248263405897e-01,1.297942374447481173e+00
-9.784748976323585923e-02,9.245281415463195707e-01
6.375475452806428356e-02,-2.025735891514836851e-01
1.248917736329490102e-01,2.032079631171032630e-01
-1.086902958982823991e-01,-1.079857583749724154e-01
-1.564433757744559950e-01,1.060355563946061341e+00
-1.127151985214911167e-01,-5.216603897954130709e-01
-1.558407770778409418e-01,9.294656727390515627e-01
-1.539930013590585511e-01,8.196503281604794466e-01
2.312995767792859828e-02,3.021014362548730126e-01
-5.783664391177992248e-02,6.864173006739002769e-01
2.474904261161185726e-01,1.075338920630622752e+00
-2.713992041445444370e-01,1.051069648169983967e-01
-3.969798770283716055e-02,-1.655007725555124043e-01
6.938755576173596951e-02,1.294591568190947672e+00
1.131387572950766918e-01,-4.317501442074392903e-01
1.168026284104831947e-01,1.106054521701557158e+00
2.661689862766425732e-02,8.225555496176931713e-01
-1.225208525829976219e-01,-1.268884673442438604e-01
-1.731248464482688541e-03,-1.089640069701521413e-01
9.171026390391567862e-02,7.915282362454651999e-01
-7.874842600959471028e-02,1.134594804915467714e+00
4.733908751514126489e-02,7.714286912083820891e-01
1.291683298727852036e-01,2.989509074509545949e-01
8.692259653241429795e-02,3.868648890772961590e-01
2.013600904829832960e-03,-8.785255715044157365e-02
-1.014877918607935414e-01,1.236706364581621864e+00
3.588944846906135799e-01,-1.820962816911325388e-01
1.568448792971827432e-01,1.455520293989451153e+00
-1.931726834645481061e-01,-1.127390448822738755e-01
1.256842192394923841e-01,2.328937642807278052e-01
-3.565707377307909542e-01,3.090266231655353635e-01
-5.020708296596357312e-02,9.525817346156915111e-01
3.534299875242351008e-01,-6.402416538361206493e-03
1.158506465240246169e-01,1.122357741827891275e-01
-2.830525309343233722e-02,7.673466439907451753e-02
2.537016904754647029e-01,3.267753462338828241e-01
-4.661891438967796231e-01,1.122374861938714163e+00
-4.920912578908603896e-02,4.740935444801815390e-01
1.202700936876372334e-01,2.747381143104774548e-01
1.894659810039325820e-01,1.251454179787206300e+00
3.490592165212877962e-01,-2.608558098698146588e-01
-9.359657819442071536e-02,-8.911426730692198483e-02
1.937248426286358738e-01,9.569483622648634613e-01
-1.255226741501655197e-01,-1.539377141140832635e-02
-1.106992746110582737e-01,-4.216414617947335519e-01
1.682722461398217240e-01,5.399446147251082406e-01
-2.531483203096390189e-01,1.259040193417131359e+00
-3.090143847658259335e-01,-1.600364515983881131e-01
-1.300837878934185399e-01,8.998702274724561523e-01
8.593498860099155201e-02,2.889298038218455766e-01
6.420591767316592702e-02,7.053277055764586301e-01
3.358596917671858861e-01,9.834696860612226477e-01
1.508647091974665844e-01,2.001830233510915047e-01
1.951280421104422194e-02,1.109902258240292872e+00
4.405184020182860427e-02,-5.114640797458896992e-02
1.495742701734229241e-01,1.113620718739919191e+00
1.838326818567841969e-01,1.160974972026904029e+00
4.219480681235182051e-01,-3.827100323769779266e-01
-5.236990489851682806e-01,-1.336556060644341903e-01
-2.515513249253190087e-01,-5.096705415279374762e-02
-1.050674463995310420e-01,9.162315568073804428e-01
1.750248983576917564e-02,9.895263549442340212e-01
1.339407248662593253e-01,2.270139045377816966e-01
-3.365867548768871620e-01,7.785713901429784922e-01
1.066836540595397648e-01,1.134591587945647628e+00
6.505897046308037335e-02,-1.854544334981356180e-02
-1.598906538954659451e-01,1.265766649614194383e+00
2.597777538532983557e-02,1.272196033697278850e+00
4.296634389831376771e-02,1.058808462992355759e+00
1.241061482844469238e-01,2.964085948532385051e-01
2.892250528068598392e-01,2.048467944510181382e-01
-2.831679204087150237e-01,5.292478499008631404e-02
1.110091028588427731e-01,-3.191459402226851094e-01
-3.915666118148956702e-03,2.708648002272328048e-01
-1.919465189094124724e-01,-3.731275158251737278e-01
3.073830837316833819e-01,-1.471523858556729458e-01
-4.181633034321527442e-01,5.490563351656140290e-01
3.479468451995187950e-01,1.011716084616307798e+00
-8.214913127244427571e-02,9.701032525216713998e-01
-2.965085095280836289e-03,1.144957722240354192e+00
-6.550436655428518162e-02,8.955355798300841386e-01
2.476746389068280041e-01,1.298073883458046973e+00
-1.385071611418209059e-01,1.694413762443378602e+00
-3.746060194835876267e-02,9.497287101487286165e-01
3.097125821124424583e-01,1.297669457989101494e+00
1.017404669417556751e-01,8.684909064454928718e-01
9.051700625932504463e-02,-1.030850579545978113e-01
1.205672612133202176e-01,1.188500752160902785e+00
-2.012883509689241887e-02,1.006277365547830205e-01
3.901602235007401998e-01,-7.520914493888952376e-03
-1.699668943935739307e-01,1.014189006799611992e+00
-2.895910909066529704e-01,9.669763891135342293e-01
1.672887422220563358e-01,-4.289120686770964141e-02
3.765378642709069634e-01,-3.816203229801433394e-02
2.916712239958285657e-01,1.066924576165421357e+00
-1.706436429558422507e-01,-1.791216197107535213e-01
2.884766267063842426e-01,1.029299359692972260e+00
-1.013043006192365508e-01,1.188415771736986759e+00
-2.062878336776514387e-01,-6.537950012914506281e-01
-3.279687844193549529e-01,-3.318299807280131186e-02
2.266666778569446650e-01,2.296751139612355358e-02
1.656665954928576018e-02,1.212491334053922065e+00
-3.649978512609814985e-01,1.239265893931512430e+00
-2.930400142152877682e-02,-3.941688806262743094e-01
-2.591081521158722367e-01,7.668496084387563805e-01
8.740808502796915125e-02,-1.211339824013487054e-01
3.270271332505967909e-01,-1.366434093591838705e-01
1.210820637722471727e-01,9.978488079342131556e-01
-2.005780254523240880e-01,1.326504808992844398e-01
4.752312527934128839e-01,9.101524792275529352e-01
3.255093857098488863e-01,-5.215428174576404174e-01
2.088686655135070236e-01,1.054444849248129978e+00
2.611966163712211020e-01,1.272690102863248685e+00
8.856813623096485011e-02,1.026430369533545939e+00
-1.976497298457425417e-02,-7.146723703653556914e-02
2.431455880012907064e-03,1.031740127266164597e+00
1.316476054628093473e-02,1.749573544543860659e-01
2.610239082884986406e-01,-1.144568466231038056e-01
-1.640590182731095914e-01,-1.456453382560554399e-01
2.862414046872541751e-01,-1.195716191666051365e-01
-1.962129697123352751e-02,9.547164897800226868e-02
1.744953907704383245e-01,1.030876384935119038e-02
-2.157403238545617663e-01,1.031749445341155536e+00
-1.518306885137722384e-01,7.030300473997600497e-01
1.934965792817976982e-01,1.230591491949171834e+00
3.342412873972502863e-02,1.103538760889995141e+00
5.039995145646183200e-02,-1.207124261111395397e-01
1.361345844431867680e-01,1.058875787223410914e+00
3.331755505687619690e-01,1.065239710883999713e+00
2.899557720984102457e-02,1.006302670788429499e+00
4.117097043749291529e-01,-5.832405154332267472e-01
8.924926188377509118e-02,-3.555345982640572000e-01
3.546172718994073936e-01,2.021160181539546075e-01
-1.867957585135945897e-01,8.107720285188574350e-01
3.455429803793133581e-02,1.588640189868077701e-01
2.087649442048139237e-01,2.506610586918354144e-01
-1.903894417985715348e-01,7.089196508952717579e-01
-6.054160867936907164e-02,7.973682719600928559e-01
1.966120712986647590e-01,2.051641072474051086e-01
2.101160406365980837e-01,4.600083759156891605e-01
9.683708030200120775e-02,1.905747934681230049e-01
-4.738528493595545732e-01,6.341611108132988450e-01
-1.388144044234589092e-01,-3.694637935794546912e-01
-1.861945907327897110e-01,1.098329793831419821e+00
2.041620237520437031e-01,7.556194568217730057e-01
3.779115402944515090e-01,9.113209954240506505e-01
-3.116102330112101026e-01,1.290080563794443913e+00
-1.835630985427609552e-01,1.016198264873338308e+00
-1.807621816663856074e-01,1.084931409788115475e-01
-9.242225353885040462e-02,2.506808395527416675e-02
2.840378315643310447e-01,-2.713906154723356723e-01
1.037976880651479868e-02,1.164401653771707679e+00
-7.518827435493669054e-02,1.099236837764711705e+00
-8.407671835043808647e-03,-1.256610128345082567e-01
1.001919377986787568e-01,3.655642625649512256e-01
2.476028981018130182e-01,1.271818156711839398e+00
1.914963425391396634e-01,-1.243604926089989827e-02
4.056976933208605862e-02,6.711683153906616850e-02
2.963786959524165598e-01,-9.369257938450620271e-02
-2.217430423783784688e-01,-1.861408375538932125e-01
-3.135459375374617386e-01,1.677914715212982244e-01
-2.155411845150020655e-01,3.829369925828467885e-02
3.602767128130660579e-01,-3.250253086526833785e-02
-3.202487018383947670e-01,-3.731622271164490856e-01
-2.294789266186470222e-01,7.660512269436363653e-01
5.175668681157616878e-04,2.754769519627967012e-01
-1.961044431773225627e-01,-6.823404781229752691e-02
-2.212502967694690570e-01,-1.784096924360629999e-01
-4.638253139232458022e-02,-2.592388317350302618e-01
-2.535430784786958311e-02,1.958709895733114770e-01
2.560319938629616598e-01,1.008530205657596435e+00
-5.789073491871135450e-03,1.997880285326464334e-02
1.655784553024447492e-01,7.331988266314817260e-01
-2.969672584408731761e-02,3.783666228778583829e-01
-8.815804909590956029e-02,5.072047423641210528e-01
1.587447168353941715e-02,2.412326279147777308e-01
-3.536280274338961527e-01,8.085469074227427111e-01
3.735330957314180605e-02,1.048913309657228732e+00
3.225340853361837179e-01,1.056321628538798629e+00
4.829705352747905023e-01,-5.412863260376913344e-01
5.460348763970999109e-01,-8.722232695744664907e-03
-2.266849225952473068e-01,-1.889933373395160932e-01
-3.318306887753948442e-01,5.510377812240776496e-01
-1.343305445579091872e-01,2.445400444427027128e-02
3.144852003545864361e-01,-1.359629572567808420e-01
-7.813249541740011073e-02,1.116662022005973989e-02
-3.022703733472111021e-02,1.081498382425055027e+00
-4.973815491648217457e-01,2.550744224149898431e-01
-3.264143163672043185e-02,8.546186820344754687e-02
4.510853196145334087e-01,6.851920743775882783e-02
-5.311240865315927095e-01,-3.706143283250892262e-01
-1.488805034996268095e-01,2.559275594699063627e-01
-1.843022031960964979e-01,1.145085262233222601e+00
-2.738698887669988730e-02,9.316139578628607198e-01
1.978873995706592337e-01,6.197939737659388104e-01
4.070492618221115966e-01,9.965584009502665985e-01
-2.029692759281974124e-01,3.726126743553882098e-02
-4.058807380592558550e-02,1.536254936910936397e+00
9.796616353802831134e-02,7.378868206778256278e-01
2.416984696362308449e-01,3.050184567367779376e-02
-5.088670352946084163e-01,3.145755276831683211e-01
-1.537101267871579524e-02,3.704973202095983575e-01
-1.125455682917779754e-01,1.023291655633280950e+00
-6.362124072360271498e-02,-1.538629558519223617e-01
-7.906095282802849677e-02,2.938338855670777350e-01
6.942613546344539310e-02,9.727640499099906579e-01
2.059566466995003398e-01,1.540032391258503164e-01
1.397340540397486452e-01,1.516589485771158596e+00
2.441722042208503141e-01,2.039608086656094152e-02
-1.586359197821878841e-01,-5.174741891434220947e-02
-1.724078283063170680e-01,1.168628891416180648e+00
5.678263903526404449e-02,1.146559098355600798e-01
1.012089042849327047e-01,1.008020064912120928e+00
-1.685248958074633541e-01,6.245131515831537916e-01
-1.910436468703289870e-01,1.381362047842617624e+00
2.595117238381441926e-01,-3.923690707864180283e-01
3.418689935836129873e-02,1.064244288140229644e+00
-2.493493002175153073e-01,-1.238136536645168262e-01
-1.378699151044878168e-01,-2.685434065171531798e-02
-3.199519624443355470e-01,-9.184647710162580081e-02
-5.810452726287665404e-02,1.105654688597427882e+00
-8.694189594156899459e-02,5.045978327235233207e-01
-1.380621107521963487e-01,9.750323078714886460e-01
2.741033455060899460e-01,3.682085144496412537e-03
1.600200721967015849e-01,8.583843697483271029e-01
-1.772439344488267177e-01,-3.147463832557424995e-03
-4.079073050806933387e-02,6.897299769714204665e-01
2.470989027972925883e-02,3.540225613857980735e-01
-6.703874590360887897e-02,5.504626826092652303e-01
-2.786234100526263080e-01,1.056222132304778905e+00
-7.480912397211948728e-02,-1.536397014565283464e-02
3.836567447552233223e-01,3.341924005155398614e-02
-3.372347303568407062e-02,-4.016629724967339943e-01
-3.345644430967560645e-02,1.037528909290236667e+00
-2.887698941166039202e-01,9.027976418259320290e-01
2.450115095065267812e-01,-9.387652032754892351e-02
9.216832392041400535e-02,-3.687900142707813828e-02
-2.704513428655896945e-01,1.052584546760799045e+00
4.318836919074341835e-02,-3.999816577466068779e-01
-3.340496246189607332e-02,1.075105008225890169e+00
-5.950590314003431289e-03,1.091702027725781621e+00
-3.140001327537274567e-01,8.345971373023608475e-02
-2.696442104558882669e-01,9.718863607526874449e-02
-2.635979835897488965e-01,2.236233772394761732e-01
-1.208980594523580490e-02,-1.290915627985425064e-02
1.048226914755853445e-01,8.876076389847858961e-01
-3.561099804918096967e-01,1.236881095709692069e-01
7.047513288980380985e-02,-1.720531219216166197e-01
-2.457078349480725787e-01,1.014211591554538439e+00
-2.343178196597112128e-01,-1.191769455232302710e-01
2.335087619011971261e-01,7.930748704285855988e-01
5.942666468134568669e-01,8.581520221152924566e-02
-5.234493507323167982e-01,5.123246804161320916e-02
7.648804593697582782e-03,7.961037527088435928e-01
9.872861759949635996e-02,7.730654715058362658e-01
-2.979459972418060931e-01,1.373782350697029031e+00
-1.062717802428206348e-01,7.409855601359109922e-01
6.413820511876339170e-02,-1.663764887630100331e-01
-2.762560089148187736e-01,1.548779573465898007e+00
6.997859192611727286e-01,9.725685615642352122e-01
2.660646837430900580e-01,4.696005303010379883e-01
1.167162268141935522e-01,1.448782996014153612e+00
6.301928222142857972e-02,9.094649357570813164e-01
1.293038841738992362e-01,5.559137523456525454e-01
2.006799757045946986e-01,4.660486529255334492e-02
1.028009274418451718e-01,1.306253344963864027e+00
-1.101002789497354944e-01,7.035151097051666191e-01
3.404890256985703134e-01,7.344374656354872577e-02
9.410048908580809224e-02,1.381632966991564349e+00
-6.465571115024373872e-02,1.012580683765822886e+00
8.216166993371566696e-02,1.133716974618720785e+00
-4.077711689016119134e-01,9.610233206334194422e-01
4.070192314288124669e-01,1.129941124647976469e+00
-2.224267840184664946e-01,1.322869377400469615e+00
1.860616476202163749e-01,1.131301253067773294e+00
8.039137666889066836e-01,1.366564302962711142e-01
5.427203423685160455e-02,-1.462636210239980361e-01
1.395296118853912026e-01,9.864591410233490842e-01
1.943800234319920384e-01,6.823937713423159357e-01
-8.119424443380635070e-02,8.104388873648886715e-01
5.489518222761580191e-01,-1.270047884908658276e-01
-4.348792293512678819e-01,8.922332204401662858e-01
-2.973564212022681286e-01,1.351449618974862821e+00
1.167406700505762285e-01,-2.301594016076063953e-01
1.832847946118021654e-01,1.099829962094955038e-01
-1.326069563620914660e-01,9.918269248785607228e-01
2.602864908947282729e-01,1.045302104628006434e+00
-1.896151915796601140e-01,8.693240991062990419e-01
-2.389405501697084433e-01,7.724095589564379249e-01
9.187535951178051399e-03,8.258504830129644869e-01
2.345468411003306941e-02,-2.701937237204488432e-02
4.695165049807812907e-01,1.066801836980207918e+00
3.409740527904969176e-01,1.138871610945024093e+00
2.428515807982126185e-01,1.696401709289641069e-01
8.453316153165978120e-02,9.464685334639257874e-01
9.224075695218344681e-03,1.273075575247469171e+00
-5.972935077419657020e-03,1.141261631411602862e+00
3.393454618104402853e-01,1.006884969872438473e+00
2.293402850219867228e-01,1.107689680962502976e+00
7.646617712481788495e-03,2.617061133460650280e-01
-2.109902072031303866e-01,-2.742326148643556283e-01
3.695688305706592014e-01,-1.372928601207821786e-01
-1.828948049907226092e-01,-2.844873957312849533e-01
5.361083303648940535e-02,6.879969124632894228e-01
-2.413348584178146849e-01,9.002167681854312820e-01
-4.124550421610141404e-01,-6.327853892446543005e-02
-1.606626632251660358e-01,8.887459672306426972e-01
-1.917342429502558732e-01,-7.629722674493333301e-02
1.434368018919681131e-01,7.082614060684305226e-05
7.638843118736309001e-02,-4.230041883763686061e-01
6.355426480484134555e-02,1.360129573800651637e-01
-3.632388193396332565e-01,1.081368003883783846e+00
-8.518628671468594926e-02,3.177507298996484070e-02
-9.016233809982306113e-02,-1.220430512047173677e-01
-1.318254094421808242e-01,1.434788649074625611e-01
4.911397562260894079e-02,-1.087385640120429875e-01
8.155613382200389838e-02,-2.288232257160817129e-01
-1.105241427978284480e-01,8.445809653312489340e-01
-5.186799423588696056e-01,1.193554233994468028e+00
-2.583344546979504316e-02,1.332096899738333340e+00
2.734673400363878959e-01,1.072937829638248297e-01
1.591648195447302738e-01,1.079570619077630189e+00
3.438683837645286623e-01,3.739087452112385135e-01
6.497141741148378113e-02,1.011083283564308877e+00
5.049811380863011845e-01,3.424384216265628778e-02
1.336548651047644587e-01,-6.668657338947986402e-02
4.448396739504721364e-01,1.012726436815133191e+00
-2.083764205941289471e-01,-8.288737153850453399e-02
7.784568234314495627e-02,-9.823395267884797721e-02
-1.883243537664829326e-01,1.880004126399984279e-02
-8.074620287833789156e-02,-1.320274794735694091e-01
2.775634665288330138e-01,3.206147917477277648e-02
-2.551414544573700760e-01,-3.814947624667895942e-01
1.459398554573940465e-01,5.381817513490647770e-02
-4.307521830819018849e-01,9.862282068142308455e-01
1.553423100921991762e-01,1.119381232245897140e+00
-2.013558458044079902e-01,1.005327588015751505e+00
1.089443318057317783e-01,9.475501431628361448e-01
1.277868638149771696e-01,-2.728654396894449885e-01
-2.705163571282070967e-02,1.708210741046447267e-01
-4.107431241584152959e-02,-3.476811380544343744e-02
-1.406486340015767056e-01,1.030421818316345384e+00
1.438796853788112118e-01,2.797632626451712623e-02
-3.750947504333026483e-01,-1.946489720816559077e-01
-3.429755296731197556e-02,1.136816254457613251e+00
2.079324916385651145e-01,4.283919564606660652e-02
-9.401175327887245636e-02,9.310736344333037096e-01
-4.305335500233533064e-01,4.507947763641656502e-02
2.313337094766395041e-01,1.478104179124720696e-01
1.549128450928753675e-01,1.108967856702107957e+00
2.594393769117772086e-01,1.122638474623655208e-01
-1.463308946271467681e-01,4.219272706553973684e-01
-3.827434526548267879e-01,1.356972746617444159e+00
-3.303563342962526073e-01,1.199023216998446051e+00
-1.594838398912004906e-01,8.102696543683693964e-01
2.500890386295904211e-01,1.218519241751053084e+00
4.254717136217956580e-02,1.215661364402568889e+00
2.230527750179789673e-02,6.862073684398326545e-01
1.011814147348193138e-01,7.792915408373419783e-01
3.670040960948300346e-01,1.187466123064304213e+00
5.724910809535176809e-02,6.842801993259111093e-01
3.246142417372013117e-02,-4.247248232425264447e-02
-1.136702695664304485e-01,-1.969334267655976356e-01
-1.570653872440353482e-01,5.006537201586012120e-01
-1.116651243225568191e-01,9.555827618702350534e-01
-3.829253403753545282e-01,-3.670419361842594541e-01
2.531321063035071872e-01,9.359061055160287079e-01
-9.300076359388841085e-02,1.170023756232959622e+00
-5.683631862074925434e-02,2.070212721763764474e-01
-2.942628941311094953e-02,-8.821967673078435768e-01
-1.721412533612120752e-02,2.064013326263502979e-02
2.985454600548451687e-01,7.726468785500146819e-01
6.578523953495074746e-03,2.382286121852382477e-02
-1.521644969647711065e-01,9.733140988502780866e-01
-1.150736774705790333e-01,7.417258592872615353e-01
-1.971608688595612446e-01,-3.595486762583118834e-01
-2.850315856446380969e-01,1.354693853380917856e+00
5.592038937682067973e-02,-1.388623948866857527e-01
-8.020968496815418514e-02,1.467115346230424625e-02
9.854868613723266613e-02,-2.772130230685516949e-03
1.923798588716834068e-01,-3.677783317811175179e-01
-3.145970877130575549e-01,1.385883121571669374e-01
-2.354620251447917326e-02,-2.659689813183863660e-01
-3.785393590823489252e-01,1.016514150784455062e+00
-2.452420746070215762e-01,3.965416228863336001e-01
3.600504906177882658e-01,1.422384130536216595e+00
-1.069996552511027488e-01,8.047451305897190821e-01
2.575775855598039232e-01,8.497534446837532451e-01
-3.753373486390270686e-01,7.639785598597942373e-01
-1.033208682736538181e-01,1.063001021800399570e+00
8.181278858256749165e-02,-2.188953717255359699e-01
1.532820307315101438e-01,-7.209220958573378524e-02
-7.035085114639660908e-02,9.812189356077473112e-01
3.669638304263084239e-02,1.478930140505507196e-01
1.613728371183684729e-01,6.054810943519810529e-01
-7.927732927110099637e-02,8.542710311584245098e-01
-3.230953244867314500e-01,-2.038313630329698367e-01
-9.254266024341645247e-02,-8.074514711883112872e-02
-2.828975808080127011e-02,-1.821259595763890515e-01
-2.369032251888638363e-01,1.219727625732979437e+00
4.208184394738444523e-01,-2.868423127533763217e-02
8.444295415043615027e-02,1.099588146490037666e+00
9.365449674819048553e-02,2.305887644599011466e-01
-4.973517087812696635e-01,2.366139598949589529e-01
2.866627371525054535e-01,1.035345764908078614e+00
-7.283660239996184345e-03,1.170917958158492977e+00
-1.918221923173288046e-01,-2.624076457231331871e-01
2.020540705832254702e-01,-9.620893409968686583e-02
-3.450287841580214065e-01,9.353922780150073502e-01
-2.559238678395635569e-01,1.397247734502748528e+00
-4.243704257160454962e-02,5.106987673698090008e-02
-1.235204861535612042e-01,1.931850294484935560e-01
2.727413121531240339e-02,9.863196323488256922e-01
-6.200054610987017906e-02,9.266170574446728203e-01
-1.051982732401133686e-01,9.592155496707213125e-01
7.467282258322764654e-02,1.314766635995568755e+00
9.712290859866865370e-03,1.037587095577407803e+00
-1.346261191652106393e-01,1.020465582459699316e+00
-5.384333370697604731e-02,-2.265411475453915358e-01
2.402108940052369856e-01,8.884057343394142769e-01
9.918992749033604672e-02,1.077397043654090947e+00
-2.039069260435075748e-01,9.965612294463708221e-01
-3.425046870202779759e-01,-2.626109292567150866e-01
1.488261927912765403e-01,1.077424624355262761e+00
2.252507626355931825e-01,6.636254323213162110e-01
8.006740199403580838e-02,9.409806544483598767e-01
-2.983530403814285137e-01,1.526582856283760226e-01
6.328466008978465840e-02,5.293035092648551432e-02
-1.561070533824727158e-01,7.967239022336712884e-01
-4.810237043561278042e-02,4.633630578662425448e-01
-2.976709411211330564e-02,-5.836123447019192501e-02
-2.315086818666690915e-02,9.366064081134043429e-01
-1.825615303489546704e-01,2.588825192903235761e-01
-4.901707012992332496e-02,8.527110792844861953e-01
-9.921369973575436263e-02,-3.366205195131433681e-01
1.438723841900341471e-01,7.859062080893928215e-01
-1.230974370721751587e-01,5.276367799133396819e-01
1.463838265747079842e-02,-1.111849346535017380e-01
1.365756705833711185e-02,8.685457160777405594e-01
-1.927049360294683378e-01,1.667489586948760205e-01
4.397767473060512633e-01,9.423897398540984627e-01
1.118425086432986021e-01,1.047156073731431825e+00
2.993280516639585179e-02,1.114151050984889979e+00
-4.419081426247357947e-02,-1.720110545894986409e-01
2.287691501155125484e-01,1.052331080958819783e-02
-9.316938952867913348e-02,9.643468868466691379e-01
4.683940944772177484e-02,1.075452199682724874e+00
1.008164483567760283e-01,1.085963188756589037e+00
2.050832174181896339e-01,9.431048438226588004e-01
-1.156885017046917485e-01,-5.817485201484043703e-04
5.247775305213030206e-02,1.723216936042868186e+00
-1.703347564966091188e-01,8.772688958586051244e-01
-5.094691709910460775e-02,8.496769924550138242e-01
-3.803904102809195220e-01,4.956748149069972187e-01
1.650693607114224470e-01,-4.172040038092695441e-02
-9.022857529743470717e-02,-2.953594640011263373e-01
1.513512119765181296e-01,1.143212247895394995e+00
3.605169159359939424e-01,-2.267560716164674639e-01
-2.362466800007455847e-01,9.838922351492493945e-01
-6.377783379220404447e-02,4.464160220249668160e-02
-2.328729758663093119e-01,3.718819274845779344e-01
4.154266746047473591e-01,-1.663422584226625089e-01
-2.510250194333031315e-01,-3.513786766316580323e-02
-4.226277005613413018e-03,1.200294400079488844e+00
-9.759537233819182145e-02,2.722148668918924486e-01
1.160798702723752351e-01,8.646312357282319727e-01
4.337060817055263251e-02,1.306392232014069510e+00
-1.894103075389318713e-01,1.493720348132567335e-02
2.666050412362856448e-01,7.433593007466874347e-01
-7.564422760757219533e-02,1.166605753376563470e+00
-5.747033173835610492e-02,-1.580974009761785537e-01
3.739039671638426099e-01,1.419962929611527036e+00
-3.357573187643388968e-01,2.096341195570967098e-01
1.609414944067226738e-01,4.951033494685515013e-01
1.960969994211132494e-01,1.072223072569852276e+00
1.819151771328179901e-01,1.107282282908449655e+00
-7.436843210816157512e-02,9.660169586460900515e-01
1.176430278954112424e-01,9.881573747662796281e-01
-1.823775474053897228e-01,6.080113227956231992e-01
-2.900899466743941391e-01,2.152694452091398827e-02
-3.249973557050910250e-04,3.043971831133213471e-02
5.394071051813139478e-02,8.671487371948821687e-01
-5.665977281887386169e-02,9.171410184454278358e-01
2.353165261222696925e-01,7.157677805385560532e-01
-6.200549059223191967e-02,3.446025355205256657e-01
-3.259894596983551329e-01,9.176512701768095859e-01
5.299596936727801744e-02,1.409743998327741332e+00
8.801448943948622650e-02,1.524867136853577942e-01
1.071451565860947336e-01,1.215799095277618064e-01
-1.590643998117728386e-01,-6.371313299656724549e-01
-2.369315096085929384e-01,9.344954402776777247e-01
2.645255332968902973e-02,-2.744915066147944893e-01
-1.256479348358562065e-01,9.149418540332540650e-02
-1.524559939724391688e-01,-1.298998585708201758e-01
1.942450638590975109e-01,2.464713570487023220e-01
-1.714826223196577737e-02,-2.141064643417349700e-01
1.882618026383099386e-01,1.298523724252477751e-01
-4.393544293229515452e-01,-2.653192603968319574e-01
5.190212035188396245e-02,2.221812850253582477e-03
-1.257762296794796286e-01,1.972398713069828113e-01
-5.796948551550074047e-01,8.962554220381814263e-01
4.487334760667855554e-02,-2.094725687543886050e-01
-8.592873783001347965e-02,1.284033966626588086e+00
7.597104255147529850e-02,1.193933171576579549e-01
1.106098691832215625e-01,1.052777805219426988e+00
-4.912785186899659706e-01,-3.035676485633055366e-01
-3.380844760343838795e-02,-1.575731827347066349e-01
6.675231390356151269e-03,2.463061213085701237e-02
-2.706820865917272667e-01,1.264724082925587689e+00
-4.426730297342140741e-02,3.311135148827670099e-02
2.693336369497694935e-02,7.354711389861264825e-01
1.675880067835407161e-01,1.100048876797998121e+00
3.198272315155492040e-01,-2.968576795362051768e-01
1.579461230944695926e-01,-2.369594370622189194e-01
-5.401248026329200959e-03,-4.914203052989132847e-02
2.013927400170361093e-01,1.209860750875787261e+00
-2.043503079620916096e-01,-2.448133819128008037e-01
-4.698855986524939216e-02,-2.052552942170972686e-02
-1.814706012320902173e-01,-8.192853982152392689e-02
5.238833569350827002e-01,1.114706240062424358e+00
3.003448490965778817e-01,1.212389052493398456e+00
2.480388092836465774e-01,7.192039309929983970e-01
-1.000213786207216488e-01,2.522668907758972012e-01
4.304507377942323187e-01,-2.129288753461621997e-01
1.020830567514796894e-01,8.204105045777534411e-01
-1.118297189895875732e-01,-2.226507566219265988e-01
2.407799240357160753e-01,1.060980032960127550e+00
-3.361610673971419105e-01,-4.403656224525201446e-02
-3.346087385612712128e-01,2.999100893403183199e-01
6.323127227515439042e-02,1.639874527664036685e-01
-6.601577039115444356e-02,-3.468104531119541867e-01
-2.584123611811954269e-01,-1.991092242662637624e-01
-6.044531287088994453e-02,4.423104552084001773e-01
-1.659973604344264497e-01,9.538218610077070503e-01
1.132721557258080519e-01,6.688712368263524111e-01
1.283980966334164753e-01,-4.181516845060071624e-02
-4.423603433977084665e-01,1.104405956745239781e+00
1.612007682153980825e-01,1.182835855912365064e+00
-2.869920035535266090e-01,-1.684839941820253095e-01
-2.290335422334976723e-01,-3.854736934124519121e-01
-1.173928687736549709e-01,1.183243306612320467e+00
2.524095725395401613e-01,7.784007405501923715e-01
1.509867887009069265e-01,2.669867737785596162e-01
2.648950683821619800e-01,-3.165185069634157689e-01
-3.246119438308372462e-01,4.718498975856436767e-02
-1.879481285662804868e-01,-4.093147845938539114e-02
3.031658232979677833e-02,1.296446481954182106e+00
-3.452461357407763942e-01,-1.746281971502745556e-01
-2.285280476726803123e-02,7.776548004386973911e-02
-4.921025008128613459e-02,1.068585989661902325e+00
1.783103862505089066e-01,3.670703964154211629e-01
3.893463190094795939e-02,2.373715767411546107e-01
-1.580977358872611427e-01,1.077888829264137316e+00
2.444534651491664101e-01,-6.179354881024858026e-02
-3.682995945406898342e-01,9.396945699427132759e-01
5.784515909073598139e-02,1.169246163588231330e-01
-2.794801405684385620e-01,1.287646330875580336e-01
2.710443857695249079e-02,-4.629810703122516080e-01
-1.618388657339760173e-01,-7.227317386473068594e-02
1.070732938721590255e-01,1.123280532210309407e-01
1.963431742479433417e-01,2.342316903194113786e-02
-5.186745382910992186e-01,1.937926691180831551e-01
2.792684793901413776e-01,-5.261916297006911415e-03
2.020128552270592515e-01,1.204663081824870752e-01
-1.012279965452186625e-01,2.701865080299970523e-01
-9.716844775323502104e-02,-2.295734109425564065e-02
9.253789489424116277e-02,5.296240984833654464e-01
-1.088258662654849329e-01,-7.779098233043912902e-02
1.629857874036933219e-01,1.223957887371434072e-01
5.081425932633041320e-01,-1.684857098351677518e-01
-2.787832139662707598e-01,-1.052083303206832916e-02
1.095376044744419963e-01,-1.743977590289203239e-01
-3.178501893624481878e-01,-3.272173138382581947e-01
-8.279677985955563591e-02,1.144264730131813401e+00
3.434607290936911306e-01,2.971660431296110905e-01
-3.805060978232503999e-01,1.209053253234390279e+00
1.289952789621783835e-01,1.047697148460895011e+00
-3.111891046618651679e-01,5.093103415270526790e-01
-2.294668270718734637e-01,5.158906552870242551e-02
-2.339799159301302889e-01,7.268273188612479618e-01
-1.985433184476273483e-01,1.200860130831508943e-01
6.370490739893258647e-02,-1.185999023842951861e-01
3.156217840124624918e-01,1.210837316363512217e+00
-1.478457089034438676e-01,2.615608328684037032e-01
-2.016350029247440112e-01,1.697672587811677458e-01
3.272849680404986417e-02,-1.625823771893606870e-02
-1.953636556848233619e-01,2.067662206530453128e-01
-4.966404086103265447e-02,1.587673521158067258e-01
-4.850349049496085474e-01,9.980299956967900732e-01
2.191780143886132015e-01,1.225926914717954397e-01
-2.392213951998688748e-01,7.734626491540080861e-01
-1.231913232887866527e-01,-9.859629553549094372e-02
-1.826671664758266686e-02,-1.360501162484928708e-02
-3.212448819566113833e-01,7.416056728038025181e-01
-3.031851995221109264e-01,7.439642126192842486e-01
-1.961327975279082356e-02,5.527528915465002024e-02
-7.785531889705767095e-02,-1.574577144086573288e-01
2.297949311483919177e-01,1.089887072394015943e+00
-3.326942554227568793e-02,3.880289482842819715e-01
1.833080396286451419e-01,-2.751547132550697938e-01
-1.932994282843121803e-01,8.312484867348008954e-01
-1.454594214764737270e-01,5.440232617060294373e-01
1.185028500674301238e-01,-3.318397776793397536e-01
-5.365712914295382718e-02,7.730566187532522671e-01
5.863944652807939750e-02,1.168901827312314595e-01
-4.504221481876674073e-03,1.475238576264116253e-01
1.485506085458938690e-02,9.758640021583094848e-01
2.019623070929829067e-01,1.088109283455604093e+00
-3.609915393551230700e-01,2.498777297438879164e-01
3.183145080118199299e-01,1.213995991728740870e-01
3.314802825888977789e-01,9.948174842282771213e-02
-2.721673521059394529e-01,1.620450551233763858e-01
1.367652586375804613e-01,1.056059924580881937e+00
-6.373822480725003237e-01,-2.298919411988991635e-01
-2.329885428860225833e-03,1.081386189828047906e+00
1.302985783248741813e-01,-3.039867968940319631e-01
1.079625714734297887e-01,9.033948617480085375e-01
-7.968789425326824882e-02,1.264216433548124741e+00
-2.126453197665818806e-01,1.097269983810652549e+00
-7.839343582658313270e-02,2.138188795727646863e-01
-3.299178356728884043e-01,8.454557258485443372e-01
-1.615296298532883923e-01,8.955619189200075825e-01
2.960523438995414924e-01,1.133902965265173757e+00
1.633163411228413520e-01,8.447536936124212525e-01
-1.373658355962588673e-01,1.093234208141347530e+00
-1.980422907636137653e-01,9.901708901644858951e-01
1.057829303445897706e-01,5.726733507449413563e-02
-8.309886472251372391e-02,-3.670008193851588829e-01
5.975187832248973763e-01,1.149559096083899723e+00
-1.222314823695201495e-02,9.798162411537909566e-01
-2.825772834173231329e-01,-2.575039962174809904e-01
7.352782663100616845e-02,9.529797601331497781e-01
6.820563769601878379e-01,7.221768446584901913e-01
2.081157868017153578e-01,8.377692839059261987e-01
-2.611405790439863539e-01,1.727938171742529894e-01
-1.365634192136754022e-01,1.080714614411565577e+00
-3.205977886505006480e-01,-2.487181314104416063e-01
-7.576556006198177651e-02,2.505427381598321346e-02
-4.005609702695385466e-02,1.797077122768708235e-01
3.076805204094243407e-01,8.901304705656933880e-01
-7.206666359490206120e-02,1.286192350378354554e+00
2.844315911522176110e-01,2.142869567600640679e-01
-2.880808323545109295e-01,1.000258662083865602e+00
2.942418609691506703e-01,1.226759287559917366e+00
1.371054504898331361e-01,-1.719346555749474426e-01
2.424117668971788597e-01,1.097076607047226871e+00
-1.126795268925218779e-01,1.191462890777890138e+00
4.120456281815863819e-02,3.000162328871164297e-01
6.267549293994349735e-02,2.607296784632405842e-02
2.096773593578457884e-01,8.306325398946066141e-01
2.705190080481793546e-01,8.386185206846197282e-01
-3.593795197014126863e-01,1.299752268517316622e+00
-3.445340350409495378e-01,1.175529206737218502e+00
5.691086521127684816e-02,1.090201824240450534e+00
-3.560964355214836508e-02,1.061942757522211345e+00
-2.039875867779269714e-01,8.528174192585073754e-02
4.018123629641538463e-01,4.614686773608128179e-01
-3.840888980724362911e-01,-3.633962823786293216e-03
7.297301346442265635e-02,9.475323236509699543e-01
4.482441135809284716e-01,7.042157468757255234e-01
1.765147878212938448e-01,3.209394305050527335e-02
3.449336261361282685e-01,2.118629388749344311e-01
8.887277606830014387e-02,1.007881038455855638e+00
5.620994116965482429e-02,-1.284568695023838580e-01
7.800275779881864213e-02,1.191694747746062433e+00
-5.757438878868165882e-02,7.942985984375919850e-01
1.903664774406959442e-02,-1.752194655673551815e-01
2.680012883306137628e-01,1.015697201323382037e+00
-9.521364386073110156e-03,-4.031416244713305064e-01
-1.810264614742839451e-01,1.012215436949920777e+00
-5.625533935182120970e-01,7.132944231898123988e-01
-3.081573404505162303e-02,1.562249902654375910e+00
1.882310294001405260e-01,8.728859275507726556e-01
2.572803703093568539e-01,-3.950962635492221708e-01
-1.694620681966409192e-02,1.244619943077176633e-01
4.169038561181822450e-02,2.038057028323620734e-01
-1.261586908188753464e-01,6.383898616925414160e-01
1.126497053508502960e-01,-1.325731888438278216e-01
-5.527574072193114363e-01,1.821891188783300863e-01
-3.225440985561264795e-01,2.339502168945245264e-01
-1.220080697297879074e-01,9.832737229047918692e-01
6.685846343560777894e-02,1.213416369477297474e+00
4.576604868843185681e-02,1.069951077595861832e+00
3.267596883712484135e-01,1.225914549762034733e+00
-6.549472627956626214e-02,6.772786940534261113e-01
-2.735027973975584156e-02,-5.416646600813648793e-02
-2.444056217376272544e-01,6.292981758606485121e-01
-5.181651200030499282e-01,1.311386089772086094e-01
2.521116901451653791e-01,1.056310722087558274e+00
-2.655433019423912855e-01,1.257134985369453339e+00
2.185470431530480984e-01,7.983951064146043164e-01
1.730336647687344687e-01,1.088903710283828818e+00
3.762404452923528986e-01,8.053749910296564840e-01
1.589713740975879364e-01,9.587591252180079904e-01
-2.524178631270387885e-01,-4.099560185085068809e-02
3.262382172934188418e-01,2.454323568348421025e-01
-7.512907190897791243e-02,-2.574191447510874586e-01
-2.457938705245102384e-02,-1.919263774295471847e-01
1.318710313992117744e-01,1.112279055088939650e+00
-2.284186337624991361e-02,9.140611161883452906e-01
7.064147332659072298e-02,1.056608471534483895e+00
-3.486921308201134662e-01,3.413043547693667135e-02
-1.177813882020106728e-01,-2.152626620575462391e-02
1.240393647585281145e-01,1.090524975570994259e+00
3.623447267273390004e-02,9.669326092144820972e-01
5.496545357140606575e-02,-1.220274048702020692e-01
1.163710962573801105e-01,-4.360656464276483346e-01
-1.027733103654038388e-01,3.437451661308221773e-01
-1.753265603276334406e-01,9.058986490161023974e-01
-2.104746541873280669e-02,1.008066934824726202e+00
-2.432771623396745020e-01,9.238722391954906632e-01
-2.092148946268316406e-02,-8.047772869940855722e-02
4.355209543124494709e-01,8.628511824570436750e-02
-1.456677485445544429e-01,-5.119324362833182346e-02
1.153707499248585039e-01,2.188535783833469028e-01
-8.451060868855792690e-03,3.203180566190667183e-02
-2.309067764691042079e-01,1.097223905913425196e-01
-1.935583625612933012e-01,1.165343696241516902e+00
-1.223711951673991938e-01,-4.089356963174597404e-01
-1.195064598025913916e-01,8.921694099102902564e-01
-1.402083541909961151e-01,2.621123067937402018e-01
-7.728307636364701617e-03,8.116035595824870608e-02
-1.371997586494985155e-01,-7.436825143083777845e-02
-1.385103811559001141e-01,-2.799819763823644392e-01
2.345122242474337315e-01,8.477013607787917682e-01
9.448787548019105254e-02,-7.286993154926250937e-02
-9.046446797449064769e-02,1.091767168991080394e+00
1.590713913900677901e-01,-7.769824823352067256e-02
-4.126665932639687617e-01,2.539708041391488744e-02
1.951114456566972050e-02,1.103926493275796256e-01
1.290409334683360332e-01,-1.125618275542734914e-01
-1.119600796987044733e-01,-2.083122422390846218e-01
-2.362232810218547197e-01,4.869745217425145434e-01
-5.082899570982297131e-03,6.969440171639444681e-02
7.094976328056368242e-02,1.002991358817765910e+00
-4.226790563380155435e-02,9.035267120719950862e-01
4.785191881774560341e-01,-1.135517297498896683e-01
5.054079481084282344e-02,1.276398903157181630e+00
1.931330636645901128e-02,3.726488648315165464e-01
8.411153756867344178e-02,5.281001213534886746e-02
1.107085601361105093e-01,8.314639251420150590e-01
-3.576674620725672216e-01,-5.780682033575110790e-01
-2.399381594131420325e-01,6.285223483677205847e-01
1.579291710621165412e-01,-1.071496344963037556e-01
-3.240242408447897154e-02,1.386910589028031104e+00
-4.926343396741492131e-01,1.190989672634626961e+00
-1.614316822746334201e-01,-6.703660485367612942e-02
-4.490723812489948868e-02,6.516518622946816386e-01
1.862207236169276803e-01,1.077633046241377679e+00
4.097084370641884687e-02,1.106975558049331648e-01
-2.942720666812035923e-01,1.301270238024788251e+00
2.722360559752554643e-01,7.732150237958141936e-01
-5.175375639735594335e-01,9.326561179495652665e-01
5.069718014099184461e-02,1.006846950807023466e+00
8.237666792657299952e-02,-1.369875626454041539e-01
5.288075730816349518e-02,-4.717323183235617723e-01
-2.124010181712203960e-01,1.320996084651765656e+00
4.346134339771424299e-02,8.309285014140672943e-02
-6.761778864526157840e-02,-2.221375749330483373e-01
-2.021281310297649569e-01,-1.695248498112169599e-01
1.206975734999934935e-01,1.042246236179123819e+00
-1.767727878511897444e-01,9.297091289249177493e-01
6.878257598551255902e-02,-1.285570749745548191e-01
1.413765181185875075e-01,-1.798007666415737948e-01
1.379805769546917915e-01,5.047038491609205646e-02
-6.760502968100172427e-02,-8.126483987854608848e-02
-4.497653584367010404e-03,1.223214312881763188e+00
7.023082492517711273e-02,9.634767814818651077e-01
-1.191453059298350735e-02,9.547310406874745525e-03
5.647867445356564292e-02,1.220709804181888264e-01
9.419536094595276632e-02,4.060003300659805192e-01
-4.312469123198003212e-02,9.700659299113078005e-01
4.580265162934242795e-01,1.059381599577398303e+00
2.039467152411873485e-01,-1.078003984916659636e-02
-5.376685719599176849e-01,9.464568676132052438e-01
1.435302210173846349e-01,8.106343118259142777e-01
3.761275648524315951e-01,1.487557937338084280e-01
7.239414396893360804e-02,2.355849980764911367e-01
9.354158568778768446e-02,8.549144078284560688e-01
-2.314684153581894888e-01,1.371591123714060168e-01
3.432225743039234167e-02,4.996143487421794149e-01
-3.207957752901836601e-01,9.258565986901632350e-01
-1.396023010657045371e-01,-7.285681406011570993e-02
-2.201732151966489248e-01,1.310445926144333528e+00
-2.880954487457995650e-01,9.856593266598452363e-01
-8.487709917730705544e-02,1.100581637001671054e-01
2.343140307063931727e-01,1.170699515551034908e+00
-2.979023962286655447e-01,7.763162763798787946e-02
-8.362841946517521330e-02,1.120663354000803080e+00
-1.906704832484372725e-01,1.186153929342597557e+00
-6.953654868530184663e-02,9.660982836284951469e-01
-2.512919139858123541e-01,-3.244880805178518846e-01
1.053442924308036904e-01,9.249563702791488984e-01
-1.008550460248744535e-01,-1.505228289060108957e-02
-1.639858724324369521e-01,1.742880784023170815e-01
1.455366435756996497e-03,2.446457254806304049e-01
-3.797112200582811181e-02,1.094754270858159462e+00
1.224982161439057832e-01,1.139692259008756370e+00
4.097346858180073159e-01,7.450511319789901443e-02
3.619137719974835528e-03,-1.066993960046750678e-01
-2.032556843267680768e-01,-6.020872734000114190e-03
-4.538273257375367020e-01,8.717457610856245154e-01
-2.364737794585618502e-01,1.081185105633801546e+00
-2.249579127238814924e-01,1.084305138468105945e+00
2.527443174870246390e-01,6.993475942424832725e-01
6.915054510933840715e-02,8.022352119715574215e-02
-1.655629745891074034e-01,9.374239239604105212e-01
-3.997079848366586474e-01,4.690340944236344178e-01
-2.379364390764527049e-01,7.804861474386711739e-01
-2.941693383595675448e-01,9.235448085134970730e-01
-2.597373741940944836e-01,1.512534474984883748e-01
-1.520475467832360927e-01,1.121162301367207847e+00
-4.579897633503090537e-01,-2.415554727173444549e-01
-1.418030061587427781e-01,7.945449820896401949e-01
2.430361252680696971e-01,1.179904069331238592e+00
-4.013447745130711564e-01,-4.977498509198661353e-02
1.983606590916816015e-01,1.157005495107438886e+00
-9.202501264536265546e-02,7.719350629879389025e-01
-2.217174246460010822e-01,1.334044866286055120e+00
1.334990708083232391e-01,8.427763273480066708e-01
1.260977456683212983e-01,9.805786700276472034e-01
-4.521259663079478242e-01,-6.039627548221691844e-02
-5.961219273982891476e-02,8.322669828081026566e-02
8.604016512208026435e-02,-1.263354585259961974e-03
3.031589913753950788e-02,9.604932824483163323e-01
6.662846540370050141e-02,-3.320259445028266865e-01
-4.023890469966235478e-02,1.219240490233101104e+00
-1.190378263412025100e-01,-3.864043253307189452e-02
1.309962502759360881e-01,1.245788128469921041e+00
2.851768780616437127e-02,-3.605033864905106689e-01
1.687178553327264297e-01,9.841136351192090181e-01
-1.760239828826908881e-01,1.337060317272433574e+00
-5.286178030225430202e-02,9.762943914006236845e-01
2.174747917310643208e-01,1.218527173423892940e+00
3.265490003118621254e-01,8.919744368003176271e-01
8.140785939081918166e-02,1.273854217544958312e+00
2.503693290751315970e-01,3.389844706296661347e-01
8.529395158872762894e-02,-2.602342392120529091e-01
-1.338711057444995078e-01,-1.534118704553580070e-01
-2.300202403636294746e-01,5.133661004257058513e-01
1.797199502753046851e-01,1.453809863066917618e+00
-4.648360624136212843e-02,1.670595703537049448e-01
5.173732776799700589e-02,2.176288510552450706e-01
1.725036980051732061e-01,-7.461536196244555885e-02
-8.919797404002044461e-02,-1.813428608476400639e-01
1.693711060194166007e-01,-5.497211853601874365e-01
2.490226296207624090e-01,-1.297193749872070992e-02
-4.375416110086648158e-02,-7.786706499937322279e-02
-3.100092668863452805e-01,2.600548181456122654e-01
3.228117896106005302e-01,1.015125370799486060e+00
1.003582673236055184e-02,1.094675665123441721e+00
1.485232162898564301e-01,-1.177678162271763723e-01
6.284610887230415808e-04,-4.799430654951253317e-02
-5.218173349831790875e-02,2.179496871770734145e-01
-8.156244834112318098e-02,-1.179798055971140042e-01
1.478740722659198092e-01,9.716191682627191017e-01
-1.312763928633775036e-02,1.477516197344838078e-01
2.859787735743785642e-01,-1.149420056685686448e-01
3.699784074204950923e-02,1.073413436305530988e+00
3.316905292939108518e-01,1.260789135645324022e+00
2.086835492233345135e-01,1.213435533076136830e+00
2.892611741646418100e-01,-3.919318590308152883e-01
1.422382759297396160e-01,1.081049190602920040e+00
-3.429120888482792284e-01,6.176549530044433967e-01
-3.370365463149928575e-01,9.667288479506306320e-01
-3.020233528320980243e-01,8.527499772187991933e-01
1.970195994695923825e-01,1.154359733697896351e+00
1.547010760277468810e-01,1.252319882253730032e+00
2.479172327366178652e-01,-5.159522086511163230e-02
-6.161989432892666513e-02,1.726922634915447063e-01
3.750779684089893817e-01,-9.266820595890797041e-03
3.280317500392137403e-02,8.124703323339559358e-01
6.405384987282321252e-02,-1.485464115538608632e-01
-2.198091297147259926e-01,8.056074007129985226e-01
2.150324967963699596e-01,-7.050649572254815700e-01
1.240370657634720236e-01,-1.613212942969162456e-01
-8.452206434737893903e-02,-5.136835755216938998e-02
3.349620611973168627e-01,-9.277881555273401193e-02
3.144106982803510780e-02,-1.083969553374339034e-01
-1.706645619737283126e-01,1.063943600599281503e+00
-1.485928529787526875e-01,1.126068983122540335e+00
2.138906243911380678e-01,4.996930779353281338e-01
-1.965278372544662921e-01,-4.648911212168461704e-01
1.157958418610452456e-01,-9.683398534403628299e-03
-5.117426734424183055e-01,1.085162202884154325e+00
1.077816894678796239e-01,-7.810592068462356152e-02
1.648992519232742038e-01,-4.688596082462930803e-01
-3.895401431145294885e-02,1.181919824351094495e-01
4.363381450583003057e-02,-4.858968203903947514e-03
-1.110941432287292918e-01,6.789544408010075305e-01
2.406334208173308564e-01,2.947894305413082949e-01
-5.733086658103402761e-02,-1.283331894529072259e-01
9.170084334856772046e-02,1.148406333036978033e+00
7.880260554774855264e-02,1.153503929837071507e+00
-1.725923953700478908e-01,1.047060788253077135e+00
2.992084810663804273e-01,-4.359339276527683660e-02
-3.154995305381059351e-02,1.087541082913758395e+00
-4.705385249322915353e-01,8.306616946877554142e-01
-6.042047994274637457e-01,-8.148201522761441828e-02
1.458942573754698213e-01,-8.194441365439195102e-02
1.173157584133226183e-01,1.341591087056904774e-01
-2.279100945139524714e-01,1.209497619470667251e+00
2.149057582604838312e-01,1.069147912721390092e+00
3.199084569162834457e-01,6.975292947384539310e-01
-8.588798702246233652e-02,8.122592458544142247e-01
-2.031267268387529634e-01,1.146207306427535100e+00
1.819258112795394122e-01,-4.710727289327582001e-02
-6.493372719161742690e-02,4.829704333341298117e-01
-1.944428641221009335e-01,1.283226288552647754e+00
3.113629045977087673e-01,9.629025371098237640e-01
-2.114760232376825255e-01,6.636283349705140999e-01
-1.506188788472016815e-01,-1.744315535490813807e-01
1.834118348484025107e-01,9.761647911224319296e-01
1.364411203794350103e-01,1.153835653451479315e+00
3.400523009316207546e-01,1.100576459915518557e+00
4.030045524863429263e-01,9.448371915220501460e-01
4.196965859868478921e-01,1.314335262752501343e+00
-1.481911945350901094e-01,9.549489122112005957e-01
-4.520944388212609633e-02,-6.723498309339909218e-02
-4.319954658955512672e-01,1.227531723405196118e+00
-4.462100779595032374e-01,-5.358380398667710320e-01
3.765669261493295172e-01,8.219874546507728308e-01
-2.915457641040560821e-01,1.187773110043475189e+00
2.427440830876171074e-01,1.482570249776394289e-01
-9.809463046542143960e-02,1.288677132931376645e+00
-1.926062234120292371e-01,-1.182513299139582169e-01
-1.264864616895450614e-02,6.871620007418102194e-01
3.338556585159999646e-01,3.283953350223672851e-01
2.100165649249837174e-01,-1.457171772321669001e-01
8.051498703129571222e-02,1.473437266410665934e-02
5.383889406783224363e-01,9.519343220060849653e-01
-6.317205774505633975e-02,7.280424545968284811e-01
1.743838142593729379e-01,-1.823845504651933624e-01
-3.113497902482205426e-02,9.113037348177595032e-01
2.435034883103933956e-01,1.202893069589874298e+00
-1.281947948602093490e-01,1.431889995477156674e+00
2.351775269525786527e-01,1.496708743468510683e+00
2.336978477201355209e-01,-1.276501252340061232e-01
-2.116712484581456388e-01,1.305639929701126301e+00
-1.300884829589843417e-01,-2.908854263364205051e-01
2.372009414947792716e-01,1.967222335822904344e-01
-2.624591498304035264e-01,6.781185612232332183e-01
-2.660711236539815561e-01,-2.716834776674487695e-01
-3.116426692249634756e-01,-3.222290529279795424e-01
-1.955027874363782503e-01,-4.989096976101226044e-02
8.642491945568997469e-02,3.313737381524319847e-01
-2.799701790798511669e-01,1.004492181492426583e+00
-2.651825956052485112e-02,1.887387440516385406e-01
1.512678444451247828e-01,1.063504613340571225e+00
-2.167711782998164305e-01,7.716417263842418883e-01
-9.065585241700505059e-02,5.511680219355841182e-01
2.237179262821266945e-01,8.079441057417814376e-01
-2.235597020161869120e-01,-7.249811942373328433e-02
8.839612646911926275e-02,-4.146818747311161180e-01
-5.792324073438318704e-02,1.154593835170217186e+00
-1.516081024757536810e-01,1.445905148475383484e-02
-2.582846662051145326e-01,1.122757329440309482e+00
6.232350406017635874e-02,8.564611441757784549e-01
-2.951384370853554762e-01,-1.142277871801934408e-01
-4.022014263451481608e-01,1.370973708784457568e+00
-2.517876028689371992e-01,-3.170175735159780350e-01
5.836423251099186194e-02,7.890378528590612506e-01
-1.123496872968424015e-01,9.378398756578225637e-01
-4.530167640930032880e-02,8.918072221342405737e-01
1.333741568425796387e-01,1.108397827880530873e+00
3.484551825301192007e-01,1.053742934755465821e-01
2.385629059861470724e-01,1.068399280904574145e+00
2.880080096497519282e-01,6.032156868181084292e-02
-8.987051878826948781e-02,1.152890225792520873e+00
2.131067722377561965e-02,2.272783829833146252e-01
1.847997586108670112e-02,1.480841009235227990e+00
-5.300193675579634861e-02,2.731006879203011217e-01
6.366189121836376974e-02,1.103926432102883881e+00
-4.499888250086194197e-01,3.139019599883817457e-02
-2.445717116829502491e-01,-5.851633284961241244e-02
4.103427888635936549e-01,-3.557651659520686960e-01
4.248082492726704823e-02,1.181928875768017972e+00
-2.846627860736062124e-02,6.758884118325521329e-02
-3.121158389429308788e-01,6.905890836478628669e-01
-4.665680183963276106e-01,1.254657198306006471e-01
9.082767989811094123e-02,8.462134290224210265e-02
5.602419415027214411e-01,8.616529078123790208e-01
-1.493830118199549750e-01,7.784922369591529279e-01
3.271740093676206440e-01,4.422557777086391639e-01
-1.447208646413875310e-01,1.311556337606643252e+00
2.022445782233869283e-01,-2.580203440770713619e-01
8.739035216862080235e-02,1.289404771432405505e+00
1.679982242490252742e-01,9.296900653914279555e-01
-1.561282397110816678e-01,-4.827597017605998464e-01
1.677941536768022823e-01,1.194157295331297330e+00
1.165392746383701883e-01,2.297074996830932025e-01
-3.413761762851979520e-01,-1.086597709620338789e-02
1.945804265114120801e-01,1.158446166061432470e+00
1.031469387271862631e-01,-4.660774387947360098e-01
-2.948646375753344318e-01,2.912417975119638847e-01
-2.710650500213955816e-01,1.796812814038176859e-02
-5.712399136008097095e-02,-3.140112257432922105e-01
4.833848070556012733e-02,1.672070233972195563e+00
4.367519771682810692e-01,1.258314916051892052e+00
-2.720388869714149838e-01,-1.666795337196278759e-01
-5.926564736781904374e-02,-2.287232465719572228e-01
-7.171906502773103820e-02,-2.484909328228944725e-01
-9.715035087048407014e-02,1.563623062421997112e-01
3.154714294863670276e-01,9.604021866012167896e-01
4.879829227262124647e-01,1.633164205485128084e-01
1.453497045241274044e-01,-5.075543999525336525e-02
1.855151321519546079e-02,8.966124115476912237e-01
9.743740392149824459e-02,8.323762168327587530e-01
-2.067850135373596188e-01,1.035950924868109579e+00
-5.248931652488086864e-05,-9.890721511366262764e-02
1.967644380036119578e-02,9.468549211536507748e-01
7.223812904640317979e-03,1.632593115220319913e+00
1.642355161573031963e-01,9.721602106330567983e-01
1.332354897875168975e-01,3.112673144296010386e-01
-1.688053117775198675e-01,9.139807752595561219e-01
2.317118280818417364e-01,7.472955384329024731e-02
-3.070197943472138813e-02,5.692804858666383749e-01
5.472571816631307540e-01,1.182968691978501657e-01
2.729541288479743755e-01,1.129720386229954521e+00
-3.339085761467935898e-01,1.058868317653578250e+00
2.852117523203073421e-02,9.117063996746428423e-01
1.550682694341060097e-01,8.449780857415860602e-01
-6.507938051545415770e-02,1.112127672723863148e+00
-8.072090215839600180e-02,-3.625069019908346013e-02
2.291729135107306858e-01,1.356015522800296136e+00
-1.001507176629111706e-01,-1.617423211706182362e-01
5.141776923128683896e-02,-1.638072782221137724e-01
1.935662122693578568e-01,-8.332552350642008498e-02
2.550237800207546396e-03,7.922881526226340787e-01
2.017835368481537325e-03,2.998912413293614021e-01
-9.425665320138211511e-02,-2.634295414957852841e-02
1.329584290659505674e-01,1.142580556630994115e+00
3.163503308786056855e-03,1.212489981293932262e+00
-1.244476807937200565e-02,1.253934863380254949e+00
-1.029052164934259883e-01,1.054240118741512244e+00
8.023225069150066724e-02,5.534495810668554894e-01
-2.008631202226420498e-01,5.479480980865041317e-01
2.128485524242343940e-01,8.739162734070033967e-01
2.136116935586196974e-01,-1.003684645177134876e-01
-4.171160269748159233e-01,6.520166666105307179e-03
-6.578281474436870058e-02,1.312095983572823421e+00
-4.332383025145188915e-01,8.519100705577670185e-01
-6.106359726406703631e-02,-3.817953017366587098e-01
1.749017663955246271e-02,-9.708132175891102944e-02
6.165285735164023791e-03,1.115397048925171664e+00
3.416198528844382465e-01,5.227224997578221455e-01
1.976479110790993754e-01,-3.907854566167308086e-01
-2.189096334783587616e-01,9.983807924610188511e-02
9.413365067071235992e-02,-2.170243861999076040e-01
-2.626923038578606873e-01,1.070902394910144384e+00
1.530330180342738822e-01,3.959216954253474974e-01
-6.635937336713376711e-02,6.348429506189309235e-01
-2.251621301966435229e-01,2.793519708700268889e-01
9.619490653791543111e-02,1.169903144334003997e+00
3.806246092991867891e-01,-1.859487783711284356e-02
-3.966273286512843055e-01,1.386107029596520684e-02
-1.376624043792793461e-01,1.210272668154315223e+00
2.454115680605457039e-01,1.061534935950297687e+00
2.098565398686202954e-01,4.908304174285921251e-01
-4.208112183851044907e-01,2.027854480685439831e-01
5.699285242303347987e-02,-1.147114410925815092e-01
-6.310175461697811738e-02,6.274086102729883319e-01
-8.927705844576501459e-02,1.230308024737227557e+00
5.567107777947430391e-03,2.872432746720894881e-01
-6.277070008977082838e-02,1.019638012979773301e+00
-5.855247381499226189e-02,7.729782605511684723e-01
-1.414862273799359083e-01,9.858640945502485931e-01
1.325439223732839400e-01,1.126772663320044998e+00
-1.640497396673325226e-01,8.534858686811944706e-01
1.831731784944424027e-02,5.064983941093752495e-01
3.683850206049328890e-01,7.109555134886960115e-01
2.328124446354664090e-01,9.136518025132694953e-01
-1.096299823611346369e-01,1.371340356363006219e+00
8.530549831299870378e-02,3.182852954022056813e-01
1.371449464435881005e-01,2.024000893742593232e-02
2.431333225369181894e-01,9.975419550373387789e-01
1.777939981541490633e-01,7.862300115423880298e-01
-5.000591711210770202e-02,1.354315280885970418e+00
1.138729619436221197e-01,5.946060701644212410e-02
1.061775871570684177e-01,1.487729503662295283e+00
1.462908553074214191e-01,6.417469199554952375e-02
5.072413305849458875e-02,1.786547437974309593e-01
-6.054899183614315811e-02,-8.799328297632873566e-03
8.691168457760002630e-02,-1.660627876717373219e-01
-9.674462376094779270e-02,-3.533817750870386076e-01
-1.348960859096478837e-01,8.432529432749258369e-01
2.011254187768543589e-01,9.227358663113659487e-01
-2.060556665988879932e-01,-5.719021394524526070e-01
-8.297188873139707543e-02,8.445983391212364966e-01
-1.134569385610315062e-01,-1.486150970493831797e-02
-4.316309446878437428e-01,6.640434629701299496e-01
-1.325798910444244694e-01,1.353689693489582568e-01
2.952890606352609471e-01,2.478696882921427314e-01
1.825027877030506729e-01,8.652838580507424826e-01
1.132047346851246250e-01,1.252289179478551340e+00
5.420626815904426576e-02,1.093354819818264101e+00
-4.180875995767273645e-01,1.069027613675435084e+00
1.103530032946795914e-01,1.252201186185064374e+00
8.057267892006930721e-02,1.159750004566790338e+00
4.433237593111068464e-01,9.958349078758396145e-01
-1.691970394775925424e-01,7.296149164167060608e-01
4.901483678702158731e-01,9.067086190048858629e-01
-5.929757739900939351e-01,-5.964354504592674772e-02
2.234698956316812646e-01,-1.324411818092692539e-01
-2.092196892672161523e-01,1.618140733780072393e-01
-5.110389939665033882e-02,-1.446307221686595444e-02
-8.735866340420590792e-02,5.170463654110633162e-02
-3.904928424024940448e-01,-1.389643896130318135e-01
-6.605993366793486143e-02,1.242051174925497659e+00
2.416284942581685136e-01,5.415071652501921885e-03
1.344273219749161918e-01,9.136598690608087603e-01
2.006563960361183209e-03,8.759778992735779701e-02
1.169234219472523872e-01,1.048294775897443465e+00
1.299254747505042551e-01,1.189557309647284233e+00
2.095592866209548821e-01,2.096108322172209881e-01
1.834068662813796990e-01,-2.438120856223835453e-01
1.823741249262022801e-01,1.027595767886691824e+00
-2.958318276806121139e-02,-1.693831596479254686e-01
1.625595971018914399e-01,1.100736091281109497e+00
-1.034364089456420339e-02,9.245961840542945565e-01
-3.276335007902432261e-01,-1.125946876716870937e-01
3.226970183966123423e-02,9.673779325372737839e-03
-9.654665362119435601e-02,5.894174414006091434e-01
-3.903845161277796350e-01,9.868079862887575437e-01
1.156296562942586009e-01,1.409740448508176314e-01
-6.282719787218546403e-03,1.178318385180022965e+00
3.087821009222220803e-01,1.396899315350876025e-01
1.913897589971642332e-01,1.133136387189662919e+00
1.848406831837915154e-01,1.054985967592275475e+00
3.434309539379483689e-01,4.587985930099937604e-01
1.659187262559214948e-01,3.863092074221059491e-01
-2.573670750907781635e-01,7.049878507270344041e-01
4.980619527894809134e-02,1.304144556972848479e+00
1.518282961640192441e-01,-2.816433872897389223e-01
-1.506527835241179281e-01,1.598148551097563347e-02
-2.509510813999311224e-02,1.205222647033343586e+00
2.526653517537538057e-02,1.442485748769241072e-01
4.737469375087317164e-02,-2.669217753925092196e-01
-1.153582289433120051e-01,1.087339823754940538e+00
3.615078845902169186e-02,1.110981072311437945e+00
-2.132855104243350230e-01,9.506520540611302916e-01
4.053765696778994232e-01,1.372070907896127956e+00
4.084118068314224886e-02,-8.407459835906100354e-02
-1.302570260670155577e-01,6.914636961439148966e-01
7.041798151944773931e-02,-2.101323475371264238e-01
-1.506382671781333338e-01,9.854131117135724871e-01
-1.744902743493807196e-01,2.350627072576700338e-01
-2.452247313781842353e-01,9.560247748287995506e-01
-9.038786830528021399e-02,-1.764805227280232328e-02
1.131856353162978557e-01,1.122359543140351246e+00
1.623900178551553053e-02,-1.228890150852925134e-02
-3.190269713070500307e-02,1.358776299995566872e-01
2.114224319363137150e-01,1.078444599930671766e+00
4.605150646604924680e-02,5.524096877024738950e-01
1.885807997810038106e-01,1.345052986976492893e+00
4.157494762073424277e-01,7.070742250765060799e-01
-5.576762545195927678e-02,-5.267899248447893007e-02
-1.580627691157335812e-01,2.682546045877235441e-01
2.879167857640567152e-01,3.630054393260701007e-02
-8.622187363958787321e-02,1.033217948826455013e+00
6.567651710459161685e-02,-5.309684517480781768e-02
-1.432829532243565795e-01,1.497753181823052060e+00
9.111143949096024708e-02,1.233791777809490231e+00
2.404288444814156323e-01,1.048199972281598003e+00
-2.082114747513264530e-01,-2.989180831987410247e-01
-4.954974622329587630e-01,3.621239189139323633e-01
1.498900926516290866e-01,1.597428019876358518e-01
-2.062631420896910567e-02,2.996288483680688008e-01
-2.194613280943809308e-01,1.009427666151294201e+00
4.746774216905743082e-01,-3.068126003880365937e-01
-9.060325063707781734e-02,1.918548476758382970e-01
3.285456208063924910e-01,-2.050127623654400891e-02
-3.100761320795411002e-01,-2.412603839027985808e-01
2.043428932285923094e-01,-1.802007522113011073e-01
-1.558270866145999023e-01,8.104138238986544618e-01
-2.439831679380885521e-01,-3.039804855842493936e-01
-2.946286661122561878e-01,3.780159850120187737e-02
-7.306801942275562012e-02,1.023524736776292521e+00
-5.646415260832047395e-02,5.033262435046179095e-02
-3.125195898595731214e-02,6.989077782760239055e-02
-2.846351341193427698e-01,1.790447410812882889e-01
-7.585184324840821800e-03,1.158746863563274943e+00
4.050326010121312569e-03,8.938637170018706168e-01
-4.917853914216822192e-02,1.730002159865392797e-01
3.951419278946720071e-01,6.731095834230769182e-01
-2.448782664486860161e-01,-3.050299977488383218e-01
-1.237273672147558429e-01,-4.932692252702055580e-01
8.342694541902695438e-02,1.211700191458139120e+00
-9.621446770909243551e-02,6.409749572142845464e-01
3.202124551747069781e-01,-5.686317267417946575e-02
-7.229596389528648859e-02,5.634793504002500245e-03
2.443860192732995873e-01,1.277487153754500060e+00
-1.745948303887868980e-01,1.213642477056496416e+00
-3.154004780395163743e-01,-3.421503066785567260e-01
-3.473508636703033503e-02,-9.369894843298232079e-02
-2.425074459449621037e-02,1.207694020369960430e+00
5.196499565173508250e-02,7.865318798520554155e-02
3.869215204790353302e-01,9.187521122296267162e-01
-2.211563184418747496e-01,1.135748542626009661e+00
-3.760636913864124353e-01,-5.728843925099409012e-02
-6.718613974187996885e-01,-1.106800480044174174e-02
4.702375178154213353e-01,3.504314814226516805e-02
-2.156477041210549256e-02,1.170171123769693233e+00
-4.144720999955613383e-01,6.507376484889850765e-01
3.689839428469406379e-01,9.617241793223371138e-01
-1.079806319415188010e-01,4.077445188225917172e-02
-4.431464591520309360e-01,7.242616012000575587e-01
-6.729402744182282070e-02,-2.901909964939607955e-01
8.321365233978045284e-02,1.523638586198423184e+00
-4.540020223789896503e-02,5.851979034746066510e-01
-4.569210511249418016e-01,-5.851262269030892832e-02
9.923505034947162351e-02,-1.500479059668138049e-01
2.199445078430778688e-01,8.687526659579236643e-02
3.989527314279843750e-01,1.088747277310407879e+00
-1.069829901265348521e-01,1.073582244160868227e+00
1.734447485393540711e-01,1.153027210752100240e+00
5.629052992650438597e-02,-3.734518683763923819e-01
-5.607724979821865352e-02,-3.050639216831810829e-01
7.717903440972868900e-02,9.427651070807875622e-02
-1.776642280971301932e-02,1.087818821610323727e+00
-3.857250129052188208e-03,-1.699578761170796315e-01
-5.203457759869128257e-02,1.516196798786940692e+00
-4.935570941898408948e-01,1.112918180923449185e+00
-7.970636284551207984e-02,-2.705729277645714248e-01
1.399909815097592769e-01,-5.914975675431454610e-02
-1.364305678872102245e-01,1.149126142057189215e+00
-2.587761152962157474e-01,8.190928290952848023e-01
-1.569302596839116937e-01,-2.446802828114812839e-02
5.592229348213477447e-02,-2.191766602962801624e-01
3.366394842187954706e-01,6.496410070635807998e-02
2.700323125638047217e-01,-2.788306485870368778e-01
4.486764397958222794e-01,-1.356755755349559230e-02
2.205023204337101805e-01,1.169550528623706454e+00
3.301496824379138162e-01,-2.238610569974484321e-01
-1.187932861775777282e-01,1.082186808464456806e+00
-2.920718284060041040e-02,8.768935179486565534e-01
3.243093712967106690e-01,1.353083441024912847e+00
3.888239350813796347e-01,1.002083599260396030e+00
-1.685698651307513674e-01,-2.740941453019891255e-02
4.581155762127067099e-01,-1.954556325274632231e-02
7.546020997867097790e-01,7.801713901590091593e-01
2.201773091307130670e-01,-1.148191395304946905e-01
-5.811601837170184137e-02,-2.261630846930565153e-01
-7.395399453697913683e-02,1.070546402314752177e+00
-3.910269180627098939e-02,9.716698262435597977e-01
-1.984617539861158741e-01,6.417530758385528444e-02
-3.409543950391090705e-01,-3.743949387885357472e-01
-4.982288570982492532e-02,1.206759992939495651e+00
-9.868720952659479351e-02,4.221003142401887898e-01
4.120757152262265188e-02,7.479031242111335853e-01
-2.489239837053806303e-01,1.690872824675302699e-01
4.709113686348825184e-02,1.384453662563321474e+00
-3.003459023340567966e-04,5.492010773280877611e-01
-2.317026625872522505e-01,6.522532013144038965e-01
-1.273468525075180380e-01,8.139727500356703782e-01
-3.321374893908656256e-01,9.928387149925347321e-01
-2.408154584964499259e-02,1.278426054958866076e-01
2.009707789510460918e-01,7.163926756608216539e-01
9.144467701718839159e-02,2.589070238253077805e-01
-1.243905478118864233e-01,1.305018798142985326e-01
1.684690044282050880e-01,1.049537403243838707e+00
-1.484102377225580971e-01,-1.095902995841611521e-01
-1.382805697086513241e-01,1.028022670886075796e+00
-1.976917908045007846e-02,9.827398246209034793e-01
-4.348800777965638464e-01,4.654285851556858589e-01
-3.186806041509154981e-03,1.167016142541570822e+00
-4.905944404813381704e-02,1.311575280369485230e-01
-1.917473855197277255e-01,-2.458117998649068381e-01
-1.343989949336512613e-01,1.215889986855778426e+00
-1.231352155344718896e-01,1.105805119334726250e+00
-1.188109686067710946e-01,8.881605036491730942e-01
-2.221302616153053577e-01,2.765001495608580828e-02
5.902877255305822857e-01,1.097693102257737641e+00
1.576634724338586702e-01,1.086739081549993324e+00
1.720374239376896430e-01,1.436861631733269418e+00
-1.252968714528005789e-01,4.455795949880090312e-01
-1.970778956983970653e-01,-1.882647173613062174e-03
5.045515043241354247e-01,1.444761629625403998e+00
-1.948785038346924348e-01,-1.135664860089986988e-01
-2.090455727083745663e-01,1.246444961577677368e+00
2.510285876854768117e-01,1.864221975658119368e-01
3.300802232686601140e-02,1.255242983620736386e+00
-2.119770811042293868e-01,2.722368659749009323e-01
3.396508745872017232e-01,9.707406113214164245e-01
2.716963390948318735e-01,1.877906964753972840e-01
4.511909592546160114e-02,-2.891690319024546874e-01
4.804842000820402359e-01,-4.246004788257394247e-01
-3.609945285081390121e-01,1.092104767563460976e-01
-5.064332759895864289e-01,1.097598995328458837e+00
3.257606550908513365e-01,-4.224265550571672939e-02
1.781175580476785092e-01,8.446221894919807571e-01
-2.283000939336426449e-01,5.641207998282542907e-02
-1.910893403525181222e-01,-3.650302406438754033e-01
5.948795718701027635e-01,1.194638704716552979e+00
-2.807208553474578872e-01,1.543820432683036536e-01
-3.738150999831361676e-01,4.485377777068293159e-02
8.044780655065597585e-02,9.645555074305816046e-01
2.647390569954363726e-01,9.164850692434023394e-01
-2.851141283268170956e-01,1.156620650503241254e+00
-1.838925242113291503e-01,-1.762713020702134648e-01
1.043804401241628099e-01,2.975658587584319170e-02
2.125543209913899334e-01,1.347401489177375844e-01
1.866762918842936603e-01,1.317671692261718874e+00
8.874238135244096742e-03,1.109243412945275953e+00
-9.394264898872670133e-02,1.100728347811285701e+00
2.841519452670666634e-01,6.399216879376698475e-02
-2.525933839280519178e-01,9.310043625474606621e-01
2.729795787359793890e-01,-2.069604181627409945e-01
-4.412760124445090637e-02,-7.466088445046924205e-02
-4.414473805082127361e-02,5.980619370950350788e-01
-2.751032505048648935e-01,1.011407844263976674e+00
4.462584901260081838e-02,1.178241736790915511e-01
-2.983707425023765167e-02,-4.145784058779262288e-03
-3.346509768577823341e-01,1.246339678196944689e+00
-1.993125782063556173e-01,3.197687057572582980e-01
-7.478349937986693285e-02,7.455168201924565752e-01
1.750567876739191064e-01,7.781162164609269905e-01
-1.558191990653384762e-01,-2.775680677394812279e-01
7.643166596092995646e-02,-3.129990692414545417e-01
-4.295082635079669475e-01,-4.907860019271047952e-02
3.900091283888079685e-01,7.616379269631313731e-01
-1.470550899541469836e-01,-8.006327539707266960e-02
2.521921329186030958e-01,8.972577767463891796e-01
3.091411774149909752e-01,6.745164122038073140e-01
-1.317213220833897414e-01,1.090497049916323125e+00
-2.619742598925660637e-01,-1.540437630617853548e-01
2.130988189541221239e-02,9.403819234833125928e-02
-8.910354143535831328e-02,-2.290988378152047367e-01
1.255932678555372051e-01,9.914727983291649061e-01
-1.633072451764122912e-01,1.351699019883867647e+00
-2.275444809890500297e-01,-6.560154799934542202e-02
1.046151218086491114e-01,-6.529144226766595005e-02
1.407586014416172815e-01,-1.883117314164063083e-01
-2.202905621357376387e-01,1.477686504636502030e-01
-1.094372223228936708e-01,1.494496168219905385e+00
1.182522034036320724e-01,1.540203792236604641e-01
7.831430938548669674e-02,-1.265803552914695762e-01
-2.835660283447104593e-02,1.250148289521662570e-01
1.487900968636787224e-01,6.908032036049299718e-01
-9.000260360980319452e-02,-1.617356739101450946e-01
4.620844676476766333e-01,-3.037496708794236167e-01
1.882130722799710831e-01,1.724192186011139216e-01
5.825644166417804498e-02,-9.841848073835943178e-02
-6.828955211291803939e-02,1.988232158216514667e-01
-1.079199505807544174e-01,1.175472376314503353e-01
-6.390614230527676132e-02,1.035257146454315658e+00
-4.273757531865655102e-01,-1.533571123066063691e-01
3.199962170311400067e-01,-9.766663117246554560e-02
5.517787359622396137e-02,7.211382344231638264e-01
-4.140810519696894176e-02,1.139106916775174838e+00
2.055303557780497475e-02,-4.008579895200393289e-02
-3.087804936532744793e-01,7.137445423355153196e-01
8.170642827832350075e-02,-2.484106058715995213e-01
2.805952978433200462e-01,-2.227070168114069493e-01
-3.117355740775262785e-01,1.151303669795912255e+00
-2.461081044386861094e-01,1.099732303267329181e+00
3.452381998220119264e-02,-1.562820141332903201e-01
-5.255272684571397901e-02,1.442016055650948425e-01
-1.223285988987084377e-01,1.313453260316343574e+00
-1.036271665466995395e-01,1.233097573204273045e+00
-1.788880893913278869e-01,9.961673306876657197e-01
1.663950056637105435e-01,1.487698066026641008e+00
-1.270637227048604101e-01,1.408320362932836245e+00
3.076907756393416626e-01,1.203935295987128784e+00
1.832445056169899611e-01,1.330544691672833846e+00
1.405702281980429347e-01,5.543721345726003447e-02
1.681507124331899916e-01,-1.604626341281316371e-02
2.148318969086377220e-02,1.440655967395272796e+00
2.923212724210136337e-01,-1.133708789684939877e-01
-4.287168540965853314e-01,-1.821171865818014268e-01
1.961438789042845021e-01,1.921957483522280519e-01
-8.047510509506224097e-02,1.058377546596009688e+00
4.667232241728621611e-01,2.321520982357055951e-01
9.119611508661454313e-02,1.204857612498520192e+00
1.075553192207272385e-01,-2.530669580378513972e-01
-2.319198015456322981e-01,1.041242730441919173e+00
3.190952621328675409e-01,1.864298769163323377e-01
-2.902697842409560081e-01,7.398486127264656265e-01
-3.402112980277862686e-01,9.750458410343920690e-01
1.324047319402148030e-03,1.239607949072998871e-01
2.976125451115265164e-01,8.419720689678150682e-01
-1.301829982060711266e-01,1.334629273482676126e+00
-3.652127919267496303e-02,2.508432284494483550e-02
-6.435630654351881530e-02,-1.939139044517068089e-01
-7.250995426637575625e-02,1.172440335945204914e+00
7.070131271236199111e-02,-1.598156599464277128e-01
1.298196039072750385e-01,1.201343997578106171e+00
5.255188210134009719e-02,-1.457131635084311649e-01
2.213924234046419914e-01,1.429525148008257140e+00
-1.850938876618163642e-01,2.314610037450019475e-01
-4.573916354407041585e-01,-1.349882277035462375e-01
3.435664828861166586e-02,1.044546333334254840e+00
-6.315593666907969028e-02,1.004876840933019766e+00
8.900385302815586042e-02,1.241139775290692526e+00
-4.269499472492997993e-01,9.909852691303314698e-01
1.115399699566077402e-01,9.414582781979765613e-01
-1.437143390874265625e-01,7.814909680240038625e-01
-8.945734062263821507e-02,9.953310366128257369e-01
2.949467667691418882e-01,3.740350392604187973e-02
-4.978996683546438318e-02,1.077869555695967874e+00
8.481488842576838383e-02,9.787351660611203208e-01
2.548809828320771631e-01,9.344906565010226984e-01
-1.655701952360403850e-01,1.331523319714578157e+00
1.067445778279593332e-01,8.978218746445801868e-01
-1.782150070533724054e-02,9.642703230864505537e-01
-4.070917970144905529e-01,1.068391602281583586e+00
3.013964147820985193e-02,1.430578928060095290e-01
6.744490844062758783e-02,1.265228464474580594e+00
-1.462043587271286693e-01,-6.176168145148739491e-02
8.188137856170911791e-04,1.300591360961391496e+00
-2.755420283499621648e-01,1.333389777390815656e+00
-1.633408156308779891e-01,-1.160857760328342370e-01
-5.117569545191791303e-02,-3.423883864232462049e-01
1.871849282729051434e-01,1.196079988405362338e+00
-3.481785852277579085e-01,-6.939645862967304749e-03
-3.860774270393250163e-01,7.243273856523312348e-01
-1.933401668009275542e-01,8.587673304325424972e-01
7.047250595301821074e-02,9.763942902515891642e-02
-1.662019524420917660e-01,4.450804085306805935e-02
1.951785455346553566e-01,9.732711773841791203e-01
-8.190135700132808450e-02,1.405597107739112506e+00
-2.173460955154218055e-01,-2.851225212455518188e-01
1.297452788777268551e-01,1.179995717989265613e-01
-1.707598837435584868e-02,1.269009869859310857e+00
-2.934600779631378886e-01,6.660087174447362202e-01
-2.387291433600378932e-01,-3.982647426810013991e-02
2.533197701888669218e-01,3.239431111717840928e-01
7.947029928444324098e-02,1.263466493956844072e+00
-1.963350537322749445e-01,-3.329904971441359496e-02
-2.032859194301094574e-01,1.207951362637159187e+00
-4.395290104338310244e-01,-9.678324466955874616e-02
4.756735934196247573e-02,1.193547790404464903e+00
1.228346509497343364e-01,1.199228725749549085e+00
2.247341417860249935e-01,1.042865244655432067e+00
1.774597508727092654e-01,-2.444291746893867967e-01
-2.244301494442806078e-01,8.997679883981838378e-01
-1.972937062775726169e-01,1.361332849541593060e+00
-2.542660133995202631e-01,8.092389630430370240e-02
-7.401346948203432752e-02,-5.998146966238135924e-01
1.404044599395888897e-04,2.021534410369237034e-01
-2.831258398282863187e-01,7.982029977290177047e-01
-2.420539323326722503e-01,1.189693172432714885e+00
1.190697712292821536e-01,1.031129570537802076e+00
-3.390248083194311035e-01,3.344306908045517335e-01
1.514540362321582234e-01,1.061900241219391194e+00
-3.509622738887960836e-01,-3.412031532353534957e-01
-2.308908848928419577e-01,-4.288851720439940812e-02
5.471922098247500310e-01,1.042423667090781603e+00
-2.128387550151316504e-02,9.613253296292693928e-02
3.822371352891483776e-01,9.404295105372839636e-01
-4.809054617682260169e-01,9.408554636926544923e-01
4.771966431818905341e-02,1.147834152243553785e+00
-9.486174247488670178e-03,1.401616063007165902e+00
-1.102370821379610455e-01,-2.036935634617879909e-02
-8.309817287493706517e-02,6.997211589822135980e-02
-2.429888816315469158e-01,1.432602792058055075e+00
-2.027108574344619468e-02,6.907861130618587753e-01
-1.898469777809840831e-01,-2.190256192707649152e-01
4.435114639831942013e-02,-8.307450971244260962e-02
-3.243416661162367154e-01,-2.173499979254361891e-02
-3.732024793105703786e-01,1.228090438479783053e+00
2.016515148430638935e-02,1.275478091300971784e+00
-2.320903324474495877e-01,1.187095835326265281e+00
-4.338938923976046746e-01,8.300506950680432983e-01
-1.329336336474629676e-01,-2.052433377934117509e-01
-2.212439218099780669e-01,3.057591810979713998e-01
-2.951316716678432581e-02,1.001659702438123523e+00
1.026025561654293206e-01,-3.273576614407955887e-01
4.371788156335904008e-01,-7.571229166289127066e-02
2.803441515530874506e-01,-2.043870951361685950e-01
7.789089221813379205e-03,-4.325508486268186403e-01
1.630929724039115181e-01,-1.696680622396044558e-01
-2.373095026777116978e-01,1.831486771317877849e-01
1.904411774717237535e-02,1.050590799238107831e+00
-5.889656427462478666e-02,1.079599289300440246e+00
-1.392112487458827264e-01,1.181289604302444840e-01
-2.077530245841603673e-01,1.447594980341086190e-01
5.616781596153355705e-02,7.865873018196993804e-01
7.044025589828108863e-03,-1.547849603670558571e-01
1.549725683675775012e-01,1.002269177887046281e+00
1.376854680608789738e-02,3.172810311060072358e-02
-1.725090092830459665e-01,-1.097082339675327922e-01
6.482071456403119825e-02,1.119735825312739408e+00
-5.871579434962624633e-02,1.849799617609710067e-01
-5.747392765564427602e-02,6.648332989095639967e-01
5.747369629544041292e-01,-2.408943155155126581e-01
4.167976656559051474e-01,-4.589419296913602175e-02
8.139811252809366071e-02,1.246598703090866289e+00
3.907118115607359221e-01,2.457115868124025160e-01
-1.782603987051510352e-01,8.688787137705060448e-02
-7.784984898876450010e-02,-2.865536425513318108e-01
5.588492039767035263e-02,-3.721149142794744069e-01
8.610648561459896544e-02,3.145997996512698291e-01
9.099079010680521939e-02,4.414348129092512951e-01
2.631626022017811706e-01,1.261964781114021328e+00
-1.779477076223094645e-01,1.114775376528116535e+00
-6.659606989426126999e-02,1.354546342341071408e-01
-7.696688639313049862e-02,-6.000958917203294465e-04
7.428100510522683830e-02,2.090208526499188479e-01
-9.473392539960885650e-02,1.161663885549937714e+00
3.432194726418485997e-02,-1.350552737934002101e-01
-2.605134833605105699e-02,2.035945402890203260e-01
2.791390559818057171e-01,6.749252106257621620e-01
-4.284853288232887691e-01,8.634672143443079539e-01
-1.148148408991021135e-01,1.174155983765550637e+00
2.067405495309652952e-01,-2.145526922618133658e-02
-1.671576852226394627e-01,1.154382832537974302e-01
1.791138649192452470e-01,1.455628359576386088e-01
1.887473615134406812e-01,9.690065577662808349e-02
-2.873074461932628720e-01,1.043308924984430314e-01
-5.459766451618212890e-02,9.419971663819237673e-01
-3.948190539030881907e-01,3.453544264456803042e-02
4.526709252836702557e-02,1.219891800245784808e+00
-3.949459069783253090e-02,1.124698070630609115e+00
1.357148464012855882e-01,1.242234837845824086e-01
4.119875214714275868e-01,5.406510144941030216e-01
3.361904115293092299e-01,-5.210952157293523290e-02
-5.186740696252009064e-01,8.949933017974834870e-01
2.970430329491497434e-01,1.012442755643308878e+00
3.804744935415098339e-02,1.116089669967420095e+00
3.738361387518630008e-01,-1.084864220071442703e-01
-2.060953646773863723e-01,-1.080229466018731016e-01
-5.793950513611322711e-02,3.200863608387254089e-02
-4.028131408242185962e-02,8.929850899239875073e-01
-2.663641800670346615e-01,1.124920142874606732e+00
-3.099517608821824033e-01,-2.347384836895329840e-01
-2.022437963168547681e-01,1.093651486542600360e+00
-2.231396443946463137e-01,-3.133115456379718111e-01
-1.160833366685785628e-01,1.102307188959599671e+00
5.322381244969136282e-02,8.213620858327379537e-01
-6.907903815551132143e-02,-3.385523261931881744e-02
4.645256063913706379e-01,-1.736406739494675555e-01
1.704092500589412806e-01,8.801162731968208419e-01
2.590396912895485682e-01,9.461109779973518874e-01
3.136575155496335032e-02,3.955614545109745750e-01
7.660567110637316046e-02,8.712492446135817747e-01
2.266084987166283593e-02,7.650216089452053225e-01
-1.292107015300221484e-01,-1.062431727666643261e-01
2.782590365218275963e-01,9.438901204061537209e-01
-3.110495471520982602e-01,-2.947324759335164246e-01
-8.411927005828813420e-02,3.751379608496518969e-01
2.013874498935122326e-01,8.264662341855544270e-01
1.065968659817772557e-01,8.336113831729043966e-01
-2.282941126668557308e-01,-6.109717840011201495e-02
2.239758085285036837e-01,7.469018689226681884e-01
-2.530145800222770996e-02,-2.529119262568105819e-01
-1.092284340591581637e-01,4.416076965547375832e-01
-2.310173854934459425e-01,1.342969793129219699e-02
1.596451978409892392e-01,1.088887896425051016e+00
5.237978609091306637e-02,1.670049285210107037e-01
-1.699480465494791481e-01,8.862603996013727059e-01
-8.822781820163910771e-03,1.205480705182372825e+00
8.595927296940879259e-02,-3.306962074822291098e-01
6.410164712535917908e-02,4.217101812002385097e-01
-1.430080988695007181e-02,1.181929732100232222e+00
4.002171997934119707e-01,-1.963481020396742882e-01
-5.699839864064817213e-02,1.251342058965794424e+00
-1.299222841528118073e-02,1.060165100749669520e+00
4.717288131991176359e-01,9.603540903751351943e-01
-4.471130670069548008e-01,7.497355682697495194e-01
3.651733175202948045e-01,-1.107109144519067556e-01
-4.449273195956785498e-01,9.595964532475135256e-01
4.667635226224715883e-02,1.119378192949224804e+00
-6.804341148289446903e-03,-1.047180233445653696e-01
2.555493511653984112e-02,7.430500591720374803e-01
-1.005818652185854756e-01,1.253881314259332191e-01
-4.955647843726397883e-01,9.320104857289820410e-01
-1.239881655741399830e-01,2.172791143932942814e-01
7.024199073492840006e-02,2.766363521753610333e-01
1.294394779967907028e-01,1.117810760247286428e+00
1.519161907150018698e-01,8.902695324114155984e-01
-2.490763950115629580e-02,-1.160382292159100603e-01
1.339429317635249250e-01,1.213582358081355173e+00
1.925252083581134865e-01,1.273245115340777334e+00
1.377745682585938269e-01,7.525451243065838236e-01
-2.488394167701607207e-01,8.056045200120511840e-01
2.301942682465011811e-02,1.315814943354890465e+00
-1.908160825407267946e-01,9.054216532389871563e-01
2.806027209112610943e-01,7.098053238553541089e-01
2.334939214307087951e-01,1.212185703870714892e+00
-3.032752304292755108e-01,1.148201253066777783e+00
4.512009789105357604e-02,1.664137053389003890e-02
-7.274488276614232696e-02,6.718912670295211775e-01
2.289162775937754468e-01,7.433219333001663820e-01
2.916305341475091684e-01,-2.768340998532070173e-03
-1.420535990030323027e-03,1.066205153164220265e+00
-6.758549273925687495e-02,9.452113378592948978e-01
-1.362925901418515495e-01,-4.221010859187144804e-01
1.247734908890123402e-02,1.102670781992753479e+00
-3.367290169646795506e-01,-2.668432757482558926e-01
-1.481953192586820400e-01,8.749990094930021334e-01
-1.492768212117511484e-01,9.532400885898684173e-01
-1.999798200839095763e-01,8.786153449253050196e-01
1.849430810912056911e-01,-2.459368388390472948e-01
3.159045615296882797e-02,1.770917408193629361e-01
1.716412214138852699e-01,3.455732592901307187e-01
-4.515540817166368015e-01,7.508929012439231609e-01
7.408616682765642447e-02,8.563850034633042618e-01
6.382306478447624665e-02,1.064820051643448284e+00
-4.656378891108750584e-01,3.371244243722305578e-01
5.367167575171716276e-02,1.090249436083100099e+00
5.923338050833635432e-02,-1.441152787076560859e-01
1.026085685763089284e-01,8.657807217163042690e-01
3.627905040751602112e-02,1.340070964694489719e+00
2.747185671026249332e-01,-6.037883134007009378e-01
4.564128732017590229e-02,5.681005938062657634e-01
1.659797491331546637e-01,1.135857888848409880e+00
-1.189939526297448952e-01,1.209135227957600506e-01
-1.125441392509381466e-01,-7.977760952736022426e-02
-1.283005498749618112e-01,-4.612744186181895190e-01
-1.041429283157797731e-01,8.720070860559435699e-01
-1.264083281581139528e-01,7.287866623317292014e-02
5.483336922619034409e-02,3.145995710639032383e-01
6.211928433222530660e-02,-1.415253970990468513e-01
1.752243160109090703e-01,8.825897312684093388e-01
8.079163019132459822e-03,1.526137217386084634e-02
-2.122020017937741310e-01,-3.020738215692743700e-01
-1.025782558222952251e-01,1.194047918975220668e+00
-7.196087751606455862e-02,1.159357962689574251e+00
-2.786160599076465960e-01,8.132942660679577385e-01
-1.112017560902894692e-01,1.167589813064747517e+00
-1.875389492882743592e-01,3.292187992681102487e-02
4.351895396066444710e-01,3.981809281546835888e-02
-4.426032033849373604e-01,9.055898201226151301e-01
-2.131225273236129480e-01,1.117245675722748022e+00
2.485829696629640248e-02,-3.880782598514159049e-02
9.376596988575226777e-02,1.256131126789669983e+00
-8.113703193713868445e-02,1.065282419987368112e-01
-1.870955453401993707e-01,-1.319301652166460503e-01
-5.246273452826103606e-02,-1.902446930244391932e-01
-4.050269245071717594e-01,1.111519921869393412e+00
-1.694272862782844613e-01,2.205618240675246700e-01
-2.924609314395055781e-01,5.972497402861270954e-01
2.237499703436890974e-01,6.816635107987359388e-02
3.815792237288903044e-01,1.204531736812251452e+00
1.421340703713195874e-01,-2.342637345187897902e-01
2.528390077486384890e-01,8.874197033949922375e-02
5.809793740897981583e-03,1.086436134865595315e+00
-8.621730439093099052e-02,1.109662402678665893e+00
-8.620253420443214909e-02,1.460978426198108748e-01
-2.209415532510455582e-01,6.151969005566917392e-01
-1.073732612660972113e-01,1.157863446276930608e+00
-1.549631383961305731e-01,1.156309022540779718e+00
1.955402368305271255e-01,-2.260328924458825384e-01
-2.306227340245462776e-01,7.329342318665421629e-01
-2.296304412325952775e-03,8.885569124170494826e-01
-3.429507001906137442e-01,7.927958212334836885e-01
-3.024131804392175826e-02,8.006502618373736446e-01
3.704916117528785358e-01,1.006248330580591377e+00
9.710882634526220303e-02,1.089190197095910806e+00
4.388250948284295322e-02,1.336086491090160422e+00
6.500085016515345926e-02,1.541001888302375722e-01
3.093760389205170089e-02,3.784187905671704821e-01
-3.173767672799768791e-01,1.042671416101607740e+00
3.000359326767431667e-01,-1.112917778512842598e-01
-2.665753755408707959e-01,-7.714883226854528375e-02
5.995514936087319169e-02,8.880531513800783427e-01
2.408787185103880846e-01,7.837020726923173974e-01
6.896165085118598215e-02,1.092002870174893170e+00
1.982840572380178620e-02,1.241947329952669987e+00
8.299154642184894404e-02,9.515376716437524696e-01
-5.736507673607566665e-02,-3.198675293988629265e-01
-6.336560308566731303e-02,1.095936829789770472e+00
-1.249432772529346508e-01,1.988314196647735788e-01
3.221521007804410003e-02,9.963875057737707763e-01
-2.725068402820695623e-01,7.689843071802736629e-01
-3.766950250623020136e-01,5.306650269728228203e-02
-2.822898561864018441e-01,1.041768634673464922e+00
-3.729906929695286921e-01,8.281182822121007092e-01
-1.563880030138858901e-01,2.112637720932800667e-01
3.307575890297985710e-01,1.246960000813414737e+00
-1.947819510325316528e-01,9.023071728636783417e-01
-2.978972600051241759e-01,-2.271079862417903772e-01
-5.014972022189566336e-02,9.780889955991649565e-01
5.991690075891290546e-01,-2.989813858301059168e-01
1.815096130731344917e-02,6.052772292908418228e-01
3.191217739375531992e-01,3.546778887595464138e-03
-1.242353487003792362e-01,-5.263152826327986977e-01
-2.489037267810959714e-02,-2.152850979736225245e-01
-6.834314089287036285e-03,1.229635817975640588e+00
-4.252557373341334657e-01,9.937970897495547462e-02
-9.925596059250112180e-02,4.920775968020441038e-02
2.631394702145491427e-01,1.058158266419623628e+00
1.200221021306777797e-01,4.145720598492361880e-02
9.966445087833862571e-02,9.959516621166116801e-01
2.390816657867569639e-01,9.913503445595303054e-01
-1.077669575670057306e-01,6.352100089055610077e-01
-1.878667824947045451e-03,6.851681703541652457e-02
-2.474128327999410848e-01,9.440401340730284474e-01
2.251935093423118872e-01,5.391648965551664174e-01
1.462815607256941763e-01,1.214903184082923859e+00
6.735667642702730662e-02,1.232749404330922172e+00
4.006995184221602280e-01,9.096204147651711924e-01
-2.509143327112359212e-01,-5.055972763814029491e-01
2.110474402918443571e-01,-8.714930963240695438e-02
1.924261705788597732e-01,1.399085498070705702e-01
2.601822427640129720e-01,1.267169420245721767e+00
-1.345158975512626004e-02,1.143012467648145680e+00
3.441561882165218855e-01,6.916812842269109973e-01
-6.432648268924343049e-02,-1.774251958182303524e-01
-2.026273543900455609e-01,1.151875194186835205e-01
-2.004436800878816316e-01,-5.731545134985457229e-02
-1.328662809018753971e-02,1.473698475935143470e+00
-1.957969000679370408e-01,1.005263934632993683e+00
-3.248743865692655941e-01,1.445331999654868804e+00
-7.084529227335688295e-02,-3.589053090680509039e-01
-3.115740779020028106e-01,3.054533085853455496e-02
-2.665109309763237788e-01,1.419510300633269217e+00
-4.925741394824573738e-01,1.142906110259113817e+00
-3.032306608623659694e-02,9.749269541728660116e-01
-1.313767816711803593e-01,8.773088351538834706e-01
-2.803608309961625467e-01,-2.108278127971786597e-01
2.754232906550362348e-01,2.145021214274171195e-01
-2.201625469826171133e-01,1.113073097644235732e-01
3.509629177789370669e-01,3.093032955092684874e-02
9.906210616801101876e-02,3.521767260940412703e-01
5.369014742767846265e-02,-4.256954330950153409e-01
3.082772814486792745e-01,-1.625750363040946445e-01
1.872328759152620814e-01,4.544511847732089077e-02
9.904105934836014702e-02,8.209683128363352012e-01
-2.709653839927249619e-01,-7.173465673362895700e-02
-5.615719919861695414e-02,8.634926863609595493e-01
-9.535683238316870758e-02,1.414977191450062843e+00
2.182228503023937727e-01,1.334912612915607033e+00
1.843486168335260189e-01,8.669137994335175401e-01
-1.879225843158106521e-02,9.813725289645610639e-01
1.350370635496007110e-01,1.619316167059647038e-01
4.658039983580632148e-02,-1.250866358803684464e-01
4.965013455525247865e-01,-3.820326660519604567e-01
1.454586656473115247e-01,9.825733370451905646e-01
4.443066355138369783e-01,6.309658167617094859e-01
-3.986180371165100322e-02,-9.444285984196294087e-03
6.615016493585096358e-02,1.143538945128275364e+00
1.221833216601098393e-01,3.623172173824055209e-01
1.068913884043065816e-02,1.017569217131325976e+00
-5.173016638747509471e-02,-6.420198480820149545e-02
-1.009927153190715021e-01,7.188522496342522050e-01
-4.395571087966252399e-01,1.086847108045966737e+00
1.528762619896938957e-01,9.206641156168701157e-01
2.758852248484371383e-01,1.051964146518391097e+00
-7.018682413958068911e-02,1.058669867706653722e+00
-4.250109704208532291e-01,2.052831642767287690e-01
1.101397812681630534e-01,1.044372578899090520e+00
-1.809762860159068454e-01,2.931713045560235265e-01
-1.187044257123340413e-01,1.279100572594215890e-01
-3.164473298340432766e-03,1.157861690647921993e+00
-2.388470148528261394e-02,8.977655415946774742e-01
-1.587690623558460912e-01,1.901518115507707385e-01
2.264123398463709080e-01,7.882049831105846227e-01
-6.552359972149594813e-02,2.005756564117837024e-02
3.681550988126951474e-01,3.201895671132511945e-01
1.603555179399710484e-01,-1.938948927015363977e-01
1.967410889136258501e-01,1.938586840527831145e-02
-2.993138994398202857e-01,1.158816241113437284e+00
3.119663814332265250e-01,-6.705047858623496525e-03
-3.543365734378210036e-02,1.183628238180356895e+00
8.598089003751316350e-02,9.215246975237685323e-01
6.664667037773669422e-02,1.119854845594143306e-01
4.653173825990408186e-01,5.852108899821302224e-01
-2.238761514434740585e-01,2.986867476192293924e-02
-2.358811530115582644e-01,1.728353107647212158e-02
-1.931548027198260464e-01,7.876294020208899349e-01
-1.044915855532430604e-01,7.783883598770019452e-01
-2.195612282199157703e-03,-5.887224499435547709e-02
-3.315952982555890882e-01,1.115058143694938053e+00
3.399165491435019448e-01,8.189335921610343405e-01
-2.180837540046595413e-01,8.300312156108552442e-01
1.023355743968214632e-01,1.054484434868288467e+00
1.491500802640264578e-01,-1.646023736079340327e-01
2.982536155298978753e-01,9.939098024620921512e-01
-7.864739232582239857e-04,8.116255130496692338e-01
1.927081887630762713e-01,1.956946321905671526e-01
-1.243280023428965098e-01,1.657921710454542952e+00
-1.437853589669201189e-02,-1.860999659243977103e-02
3.014977093749224846e-01,8.174368157994400530e-01
2.878951514116680210e-02,9.016122421271836052e-01
-2.409431190834303849e-01,8.347010165220023481e-01
-3.622119375202098590e-02,3.575786688202451935e-01
-4.217453282600918674e-01,7.085693314077990967e-01
-1.032815913353993253e-02,1.777147113422427802e-02
-3.557666862323005663e-01,-1.029639027537476853e-01
-1.523235112835179261e-01,7.192372716482995365e-01
3.944368228808580179e-01,7.949047178411674519e-01
-1.891297693596321328e-01,-4.838435141306964005e-02
-3.561935449171875212e-01,-3.077551319075028102e-01
1.215743743857388738e-02,5.362139478850765917e-01
1.441281712927651171e-01,3.620071310872409742e-01
-4.652239096891488956e-02,1.044703305813231342e+00
-3.128905047356545510e-01,-2.106723657219745915e-01
-4.988666296862075134e-02,-1.032181814201828252e-01
6.171767336396496474e-03,-4.080970339731342378e-01
-1.521364613739482619e-01,6.848079311723320739e-01
1.172643222231739141e-01,1.068580470941077998e+00
-4.887150527421135066e-02,1.180474888898221941e+00
-2.712974604011049451e-02,8.343624128312845389e-01
3.528118794885465315e-01,7.699234235942736815e-01
1.836121567911405683e-01,7.987174097015882213e-01
-2.217830352776119229e-01,1.221353201093723584e+00
9.350353308570912361e-03,1.148713286553621815e+00
2.533145704569625054e-02,1.135465209827450250e+00
-3.346328166647535851e-02,-7.027655018839022716e-02
-7.577286577720043770e-02,1.445028389175181394e+00
1.725214412728237334e-01,-5.704296008606693676e-03
-2.424729095552409786e-01,-2.564397918779792729e-02
-8.525770523024901737e-02,2.803690128170145401e-01
2.066124981361194823e-01,-6.872368592814659394e-02
4.940200979105103807e-01,-1.743461050071675733e-01
5.922223869172140581e-02,1.043440128681791146e+00
-1.384448758312758210e-01,2.837210104246090658e-01
-9.367563518788157850e-02,7.237497659847518250e-01
-8.584593518756615527e-02,1.143279806166126233e+00
-4.378714366605027108e-02,1.349547135638060613e+00
1.573937346935089798e-01,2.348961221228106633e-01
1.294251097645328190e-02,9.546549666884300844e-01
-6.469171039884571983e-02,1.007727299854212610e+00
-3.216143420021911475e-02,1.072197004669631415e+00
5.504738392278026859e-01,1.104585151049593872e+00
3.937931455195092245e-01,2.395795469322928584e-01
1.027906694680393584e-01,2.113892289102767830e-01
2.460192126383926592e-01,9.916365278779967207e-01
-4.727836168084572077e-01,-8.535393069282513900e-02
8.103980700174578250e-03,-1.257316775669487241e-01
4.791717885619208722e-02,2.356448857931901231e-01
2.502293575300710768e-03,2.658774826749440434e-01
1.672735445929267664e-02,1.181960022416269185e+00
-3.303171684006473430e-01,7.949197953620122936e-01
-1.476125520214751907e-01,4.746069911895255400e-01
-2.922012630930938548e-01,2.762821058217959092e-01
-1.316492734243291385e-01,-1.388801886241333439e-01
-4.313636544255718408e-01,1.293185903081361277e+00
-2.789874269253240779e-01,5.865688238096993246e-01
-1.062168406314749070e-01,9.970986108773579604e-01
-2.604749244706526246e-01,1.620910486297146014e-01
-3.882099561189762682e-02,4.530912153278549709e-02
-7.371668132961665953e-02,-1.844102496066876151e-01
-1.700473990413632341e-01,9.991889926368672237e-01
1.146677041113153411e-01,1.102960619360657368e+00
3.572821080484086531e-01,-7.167939704578817073e-02
1.089636543315508771e-01,1.792322783037161027e-01
5.106450810399455059e-02,9.957632835726697162e-02
-9.166627457873845197e-02,8.510080949706261277e-01
-1.632580143870527856e-01,1.144135801874947678e+00
-1.805798667310446470e-01,8.703201706459476328e-02
-2.602971104255228374e-01,6.566574618873224356e-01
1.838834554260450616e-01,7.815489948394725994e-01
-1.925212234855077087e-01,-6.248467056702593503e-01
-2.824326704154451195e-01,1.026593377814917885e+00
2.727014949086329354e-01,-1.431986007493439850e-01
1.059740108506066064e-01,8.407746986017485824e-01
3.563588779669666917e-01,-2.745627875196244849e-01
-2.067485460003343489e-01,8.972465917688857706e-01
5.526703457582411022e-02,6.577709097544174287e-03
-1.551785971429976707e-01,3.387913498212671848e-01
-1.847102226163309033e-02,9.102793633820155383e-01
-1.059759667472027628e-01,6.554009479922837667e-01
1.943513995758373858e-01,-2.937832173975861716e-01
3.445513774547363794e-02,5.064496966139219181e-01
-3.133576523770808531e-01,1.348739900046172779e-01
1.492418902769169220e-01,7.138829125019686694e-01
-4.765266278007367351e-01,-3.367512132080765771e-06
1.717381323365393120e-01,9.756476320713360906e-01
-2.468223027146417350e-02,-1.938164983841604017e-01
-2.316657519503647136e-02,1.383195294500933370e+00
-3.162354629847152765e-01,-3.933499549459947842e-01
-6.036573111636482636e-02,6.067990027751222204e-01
3.868430019122084951e-01,1.356714592897495741e+00
2.221702315857737586e-01,8.960267792860701075e-01
-3.425334435663567045e-02,9.464466644668526607e-01
-2.875706926308892186e-02,9.084555657761609337e-01
-4.825884320754778023e-02,-4.897168749021427736e-01
-1.204030153632171875e-04,1.087207174106616714e+00
2.386373952351783512e-01,8.023605977531438338e-01
-2.307782257542999038e-01,1.054691551878649269e+00
3.338145099391379156e-01,4.608670538618887119e-02
3.864262905099877243e-01,9.341654969274497677e-01
-1.522003964576079020e-03,7.542503112122829201e-01
3.487184555714219897e-02,-6.127230518573500984e-01
-2.503513072810315543e-01,1.310160747275311011e-01
-3.149818883377747403e-01,-2.722594749270706993e-01
-5.949463514243222839e-01,1.244031699565831373e+00
1.259524030838359843e-01,2.116832576086560488e-02
8.691539136450014691e-02,-2.120089916541460229e-01
5.272183480471809985e-02,-1.210254336789621799e-01
3.301055765902898287e-01,-1.070708677915670620e-01
-2.795651795541867837e-02,-3.355051194374959467e-01
6.678798334767704903e-02,6.779787702251350856e-01
1.439577730525199439e-01,-3.273090051643462450e-02
-7.318421789954787648e-03,-6.953264854315961696e-02
3.879680373156237788e-02,1.331251261997913771e+00
-1.466130384282019750e-01,-1.466076322575085404e-02
2.891793753127799849e-01,7.058506119187568650e-01
6.023053900979699060e-01,-6.436783667037961898e-01
5.702866591586108064e-02,6.089998319323751685e-01
-1.424110594237048832e-01,9.013255528016960172e-01
-1.823027215993850980e-01,1.012584866907869641e+00
-6.491923452160579255e-02,-6.824619832851551438e-02
-2.319314150337306590e-01,1.165978600579057334e+00
1.214875284400060568e-01,1.308642980983079962e+00
4.281989896508091586e-01,8.257425890098489818e-01
2.232275491128775380e-01,1.313925266040301576e+00
3.813289668861254839e-02,1.518676266554192800e-01
-3.087539541038247237e-01,3.658677793589561467e-01
-2.956775961357669957e-01,2.911216203193197627e-01
-5.174680637552279971e-02,3.704407926068736812e-02
-4.227732885922545064e-02,-7.885723780945919081e-02
6.872731766308819157e-02,9.643247744568362867e-01
-2.931180941119214678e-01,5.697550352294951104e-01
1.278281761793523541e-01,8.898766313149164553e-01
2.359249233047835959e-01,-1.295609987705781951e-01
-2.661980339715461219e-01,1.015378966242385772e+00
1.692005891953134861e-02,6.918278988959666864e-02
-1.068291839781913694e-01,-7.678154590153099535e-02
1.887418106718526667e-01,7.727520278373813112e-02
2.336259791644008099e-01,-3.313021557291920965e-02
1.613449440988902195e-01,-2.109954180250682085e-02
-1.673122708794729518e-01,-1.019561471282652149e-01
7.123868404816971478e-02,1.080365666865905183e+00
2.664234838562120067e-01,3.499660916036886338e-01
-7.706118633386037711e-03,1.401121073661285299e-01
-1.022749443607390701e-01,2.981301735697358124e-01
-3.798671967696271023e-02,-6.376720490437715050e-01
3.861599475491297451e-01,-7.108548109753917710e-02
-1.725793596316613221e-01,1.316556327404227122e+00
4.129368539198359778e-01,1.330260682547314277e-01
1.688498529149315974e-01,-4.148605975128714651e-01
-1.254074489698826234e-01,7.512204102648400994e-01
-2.816727617871873091e-01,1.004461154340951623e+00
5.069568608259455988e-02,9.409167873396624415e-01
-2.569401346724772828e-01,8.169745175758390543e-01
-6.442925353692811052e-01,1.002408529087442934e+00
1.540686405878553822e-01,-2.617539965666310087e-01
1.815721791847568767e-01,4.430454533003841920e-03
4.780363107102738457e-02,2.110802170382485021e-02
4.183131365212451325e-01,1.191979513883884900e+00
2.728144825789978745e-01,1.670589602499339583e-03
-1.225777488213955629e-01,-6.174169322436810076e-02
2.557611424211341800e-01,2.411179837847194918e-01
2.190258973096098905e-01,2.023581800363028968e-02
-4.289895804524003764e-01,8.988773447625715285e-01
-7.697610781295796678e-02,1.343730530222536190e+00
1.471252741516768658e-01,9.734774339947958044e-01
9.407634794446725901e-02,-1.590447585511394618e-02
3.578657630368142772e-02,1.051208156465998966e+00
-1.196546717758111555e-01,8.419309543250708128e-01
2.273637462143507093e-01,9.335203408682574144e-01
-3.445657370365723393e-01,-3.239967231029129702e-02
3.097694531443772603e-01,6.063922230550666814e-01
1.409914633140307572e-01,-8.004127967278623634e-02
1.347699935852564035e-01,1.006338861289391540e+00
1.615467186340578589e-03,1.072398989820906534e+00
3.220886855892243078e-02,-1.525164356928747633e-01
-2.523251985268264441e-01,1.128289087044547223e+00
3.887640368022732273e-01,9.039320962171288887e-01
2.726347463720534825e-01,1.979218962897990111e-02
-2.532110659823893495e-01,9.034163461504417514e-01
-2.264752680845980859e-01,-1.202286222104264196e-01
3.497831671381599339e-01,1.732877752103235969e-01
1.528198952127074739e-01,1.516232289910638964e-01
-6.265625241210383278e-02,1.007551222479295960e+00
-3.590086289529537816e-02,-8.506699674632386965e-02
-1.840361465873861513e-01,8.334873822210579764e-02
1.571273760016505816e-01,9.944067674996140971e-01
-3.905351746414212899e-01,-2.756261683863735490e-01
3.667987111838240666e-01,9.987783812926000204e-02
-1.382300321180897629e-01,8.067678879334887476e-01
2.076335119037774346e-01,1.028119349947896666e+00
8.307635187707551605e-02,-1.494305348532078137e-01
5.306381413259601831e-02,8.794998117135087723e-01
-4.333894848504126207e-01,1.122919090436378386e+00
-1.108878705975561013e-01,1.156090783623654694e+00
2.420438066083058781e-01,-8.086424630250647894e-02
1.456816853645633569e-01,1.332601793965878523e+00
-5.064444170547412888e-02,8.807825162034431665e-01
-2.148052705985459623e-02,9.712050603363960866e-01
-1.318905135359638436e-01,8.702459243671784028e-02
-8.016945003576071704e-02,1.262311417508367617e+00
6.456970758897001561e-02,9.917219657181268466e-02
-7.082122238586330276e-02,1.599025037329388221e-01
-6.560111668709682660e-03,2.447967936269749845e-01
1.034341038268837693e-01,6.786340356395643703e-01
3.934179762055667884e-01,1.761081875351333814e-01
-2.775146059460778525e-01,1.131584893301008643e+00
2.051238788773351585e-01,2.185341035197060633e-01
3.531249011585041453e-01,9.295974180527989406e-01
-5.039836838228509835e-02,8.993724947157238914e-02
2.209529238056019140e-01,7.171171410809908942e-01
-2.544500820732091828e-01,8.828830080074466791e-01
-8.482794072690520715e-02,-2.318967315504339988e-01
6.140127746532182684e-02,7.716654576163604062e-01
5.889369782785103952e-02,1.253139417485553020e+00
-6.824461182631111344e-02,-3.020654069780416284e-01
9.895670989577239063e-02,2.398572675831017187e-01
5.347801463473342287e-02,-8.284467793349638287e-02
7.320152740876612052e-02,7.178795149672900777e-01
-9.283898306373192244e-02,1.118145491082763732e+00
-1.510282725264439352e-01,1.155377228174525372e+00
2.164771174053067848e-01,1.021555940497598680e+00
-2.261401959183811927e-01,-2.954033837036453281e-01
3.091866591954208765e-01,9.858685071236880093e-01
-2.982099276194679072e-01,9.249022001784674707e-01
-1.101694547648466582e-01,-9.830362584961246930e-02
-2.609249856323199723e-01,1.249847371869211354e+00
-4.781936731303314952e-02,1.834538940668564433e-01
2.114700470203806359e-01,4.238200418471204656e-01
-4.620523668216660051e-01,9.865179403402661862e-01
-4.767021477680449815e-02,1.047500568093105322e+00
-2.114176089563686023e-01,1.091431142352193184e+00
-1.137080988496565748e-01,1.084324936696957398e+00
3.299279760220436702e-02,1.026410672924415124e+00
-2.680849922933255525e-01,-4.417414753983450737e-01
9.284586899064570242e-02,9.317243301354076745e-01
2.031141998126896608e-02,-7.433423428751311131e-03
9.605366081272716239e-02,1.481190126874000201e-01
-1.799650137270115413e-01,2.303149500437260133e-01
1.910880472018979259e-01,-3.316558043367691666e-01
-2.543138889134946568e-01,1.186257591425963348e-01
-3.729061167167486146e-01,8.837004864195555642e-01
2.246457235633108895e-01,1.205147970790107825e+00
-1.524411935420429409e-01,1.146153052615359602e+00
-1.726925338007216926e-01,8.712261426926041219e-01
8.858560359888330293e-02,1.106861708426272850e+00
2.265856180991489277e-01,-6.421096037232504328e-02
-1.257425534308557330e-02,1.042572147228197021e+00
7.831269046722479088e-02,1.251120984550341930e+00
2.837989946212012352e-02,1.282319476444899464e-01
1.009207307333282455e-01,-4.977837304290396725e-01
-5.556973211135559504e-02,8.735026775209261407e-01
2.932155069413517126e-02,1.043755441687675090e+00
-1.735905901389319869e-02,1.007442427247871447e-01
6.032696648362761288e-02,1.134023955803144190e+00
2.816487671750524946e-01,8.747677392336822288e-01
1.114282973272401611e-01,7.737370471343829603e-01
-7.052936603168348528e-02,1.034096485502249863e+00
2.164878742892157870e-01,-8.899246925071338521e-02
2.483250644012221023e-02,1.314145964886162810e-01
-2.177131441166298489e-02,9.343033576217956160e-01
3.055684790281055219e-01,1.234515683771269412e+00
-1.757542707125016868e-01,-1.718464841519758424e-01
-1.141743672103359697e-01,6.617727319255846119e-01
3.407148102948218994e-03,-1.016394102790208614e-01
7.286724370651349869e-02,-3.935856067006359149e-01
2.235895205433318933e-01,5.698098959020862775e-02
-8.511639022600313298e-02,-1.410658060042316031e-01
-1.307254095221102308e-01,8.523181806284166884e-01
-1.958305187416748416e-01,1.212264059958865658e+00
4.775642045589481022e-01,2.639407182272899832e-01
-1.870600285683290398e-01,1.342370646948951585e+00
-5.452159937032931974e-02,1.095002815913928673e+00
-1.697390735940120243e-01,9.731144219820603292e-01
-2.199237373212107605e-01,1.391291571007319039e+00
-4.272322918028579886e-01,3.397303673701823623e-01
-1.217327915953086703e-01,9.475188633105214864e-01
7.016496055776176577e-02,9.244229335893827670e-01
2.662094285254271858e-02,1.055310421905927942e+00
-1.389229876050052381e-01,1.997679002866170894e-01
-9.187765555902521752e-02,9.805541074580194083e-01
-3.573688458723428552e-02,-2.448483717462524023e-01
7.581767062241330513e-02,1.309207884983175196e+00
-3.954942955172982555e-01,2.432775913366009846e-01
1.626945453280947140e-01,-2.303480813387175363e-01
-3.042941082986972412e-01,8.312979592960174635e-01
8.973196625983251296e-02,-4.272419948773854004e-01
1.156086533848852960e-01,6.280656028836015814e-01
1.406685038937258436e-01,2.385733908571651407e-01
-5.305250291454380873e-01,3.031374966857249692e-02
-2.728932647477750884e-01,-5.184507351932977626e-01
-1.319009067541793145e-01,9.267508138757275526e-01
8.423711949098619534e-02,9.472909026847650127e-01
-1.876014913306179310e-01,-4.745012336488324545e-01
-2.097717235505447142e-01,3.355443149050459373e-01
1.073346411145556928e-01,7.350422299616177213e-01
-3.685914472961996924e-01,-2.877927649723663883e-01
-1.690406292707073432e-01,8.668112930194407095e-01
1.182456243747742053e-01,8.156955676086666829e-01
-6.757236689210392722e-02,1.041187423753648700e+00
-1.199705493892115199e-01,1.533497881006502972e+00
-2.881011061356525960e-01,2.773038420134041893e-01
1.556108097430551618e-02,-6.111167104993325827e-02
1.647155844874017283e-01,1.274274164639188078e-01
-2.052859366779054562e-01,8.227441534505385290e-01
2.177432687843749437e-01,2.179138169495055399e-01
-1.686720475887442117e-01,9.406459245218586895e-01
-2.299505536975444686e-01,-2.895406483077955229e-01
-1.278602131310634452e-02,1.110920867031714998e+00
2.642085500041071455e-01,1.103642886088368746e-01
-9.989459160406442828e-02,3.067676075512403844e-01
-8.924664288504206844e-02,1.054141295644996701e+00
-2.967158124822539267e-01,1.167151087892934064e-01
-2.100098983441177347e-01,-5.086840932805740401e-02
-2.787733143341992736e-01,1.234558552604211323e+00
1.793188849255233364e-01,-3.160056499068480962e-01
-4.177025557278670753e-01,6.138176549617765931e-02
-1.411576962294708304e-02,-2.982519073169155321e-01
3.650040169902683124e-02,9.160678147113093805e-01
9.424435236860354004e-02,-3.951032349949373801e-02
-2.585555544071880818e-01,1.067043070791507064e+00
2.044854791772024449e-01,-3.379935539598542642e-03
6.678559637232269752e-01,8.275838446106494883e-01
3.150595735501610650e-01,6.091146907956552781e-01
1.599248663223585554e-01,9.586804662555151735e-01
2.017951816938099718e-01,-1.412047634312807998e-01
2.285971658522011896e-01,1.098031538254397477e+00
-2.480348042008208020e-01,1.553664467489983547e-01
-6.050241590626913579e-01,1.420870108129104858e+00
5.592343063746776921e-02,1.405504442377389362e-02
-6.634306951406605535e-01,1.051654353603338254e+00
-1.944923816661252025e-01,2.034604915948338144e-01
2.138036441263060222e-02,1.167663989338147523e+00
-3.130928081895249793e-02,7.440947000111175491e-01
-1.663841449560529429e-01,1.078208527108568182e+00
3.671399739768625714e-02,8.888533514670382552e-01
-4.036720185459006793e-01,1.027872735316187391e+00
-3.145638731399191812e-02,-3.266123740808512393e-02
-1.221969595501994355e-01,1.087602612525895740e+00
-3.350805383685621086e-01,1.017651906257407868e+00
3.343640867955673945e-01,9.243350585580105694e-01
2.683926854031890019e-01,2.166737875538770619e-01
-2.489471999933535185e-01,5.377709520671352106e-01
2.403822019749401462e-01,-5.251918702055905497e-01
1.520987087922724135e-01,6.945568463768421186e-01
3.043763411091828311e-02,8.519816136055804456e-01
-2.268442786201123051e-01,7.439678898056008016e-01
3.912992892044943050e-01,7.780754625952874814e-01
-1.560536275906107551e-01,1.346995756585952497e+00
3.391844698215746301e-01,7.584891712574230727e-02
3.613835510120903538e-01,9.434597503807958807e-01
1.189800020084757215e-01,-6.667234966187339518e-02
-2.432176391682198263e-02,1.043981477105649924e-01
-1.814170898950399902e-01,9.834119720590915881e-01
2.328618720468628722e-01,1.184798882344852422e-01
-1.939783309189039018e-01,1.085434805088821425e-01
3.697695756316443649e-01,1.491960191007082326e-01
2.246193405396933462e-01,1.805047843602532731e-01
-1.209133633893514775e-01,-1.088644999928601032e-01
-2.719001404865625804e-01,2.249847457379697182e-03
-1.132493060546781449e-01,7.388374552080894109e-01
-1.753222915415217006e-02,1.040056734574591246e+00
-1.819828582104708048e-01,1.028682615400927647e+00
-1.771358601667856469e-01,6.219596392904880311e-01
-2.435369007605244288e-02,1.124005853090037643e+00
1.561373422275840750e-01,1.289473999873696153e+00
6.314648073607688483e-02,6.180887348466113096e-02
1.279280244747192097e-01,1.024720638348467050e+00
-2.424774544504511575e-01,1.759115621203124202e-01
1.058705441449761669e-01,9.166917107815687471e-01
1.170744559957860864e-01,7.445333594868099036e-02
3.631332344149588165e-01,-7.516730762899732909e-02
-3.063332682512493257e-02,4.108392345409271895e-01
1.611187322741380601e-01,-7.021870665078071283e-02
3.009338150433593095e-01,9.925093506972785251e-01
4.015224732299970539e-02,1.030069279490892775e+00
3.507280444840569222e-01,8.828169879934686382e-01
-8.833001694436845574e-02,8.041845277077700471e-01
-2.254195072967416225e-01,2.891127612787759982e-01
-1.725757554846999442e-01,3.115630485310432185e-01
8.456126880799745560e-02,1.111466329484898763e+00
2.903433784569550147e-01,1.090292771967551255e+00
-2.888103051200981430e-01,-3.672375969981294674e-01
-2.806945913347540511e-01,5.528575365387096430e-02
-4.969461814472918015e-01,-2.488655063528046330e-01
4.232848957731271122e-01,8.855705564283016251e-01
-3.468732266918712059e-01,1.150677732316631507e+00
1.204382755452152870e-01,1.181295330820704814e+00
4.010478661790178173e-02,8.905811092021165276e-01
-4.124443339236066874e-01,-1.578738054542669356e-01
-3.772650467650627282e-01,-3.504203379554494124e-01
3.625893933322275609e-01,3.008908661577245902e-01
-2.435695083389107229e-01,1.314400068271152966e+00
1.379940745178812878e-01,1.595716581234184472e-01
3.661043725798527465e-02,-1.122508839981927464e-01
-3.921600610544191678e-02,-3.891932709845465077e-02
4.380009558511149814e-02,-9.962329516027947085e-02
-2.503907093783296345e-01,-4.924334901977228118e-01
-1.474811770598628280e-01,1.210056559687201716e+00
2.216307219182841182e-01,2.971387381458180932e-01
-9.722327193691451125e-03,-4.493762394508483693e-01
-6.033397552661701191e-02,1.071259575649630667e-02
3.530509721300770232e-02,8.734343625905334196e-01
-2.431104310929703693e-01,-1.861531421529133423e-02
-4.142475160544840662e-01,1.280140105489695923e+00
-7.704242816725960508e-02,1.136947393665535821e-01
1.363510789013395175e-01,8.713123378880169856e-01
-3.614272349203627166e-01,-1.065139075955973992e-02
-4.410881656694102260e-01,1.039013688348831455e+00
-6.412855659482378234e-01,-2.313116011915185011e-01
-2.330555668569404548e-01,1.089729744845996606e+00
-4.510740505282085505e-02,1.185328581132358394e+00
-2.757757697115488793e-01,9.249649973742218867e-02
1.358709402649388720e-01,7.467120855874175012e-02
1.143101652561703541e-01,2.378150793634241644e-01
-3.314578943070156103e-01,1.104521338113460871e+00
1.043211318267583676e-01,8.596849509666630584e-02
-1.775053448605571904e-01,1.116116273266612557e+00
-3.021803328060387317e-01,-2.373336781704447895e-01
1.797474549460477966e-01,8.958910619565099154e-01
2.063485192989316513e-02,1.291734636801854519e+00
-1.245899439360004940e-01,-7.743654878721202561e-02
-1.471797828339027059e-01,9.038243384953241755e-01
-8.754425607279120447e-02,-3.787936751366953181e-01
-2.113486481147490159e-01,9.826221486387761231e-03
2.638491393529513451e-01,-2.812445183751579592e-01
-4.151050221254295037e-04,-6.755462110640396423e-02
1.335875074769951876e-01,7.375229018897107025e-01
1.223901136209183671e-01,1.240438950188216927e+00
2.327594822672371111e-01,-2.446038873942703584e-01
2.508404557048430350e-01,-2.456959900750273901e-02
1.199951547173048680e-02,1.054935162108440627e+00
6.463322348824514230e-02,1.433406804536469181e+00
-1.488573306842065624e-01,1.571536296098406948e-01
-9.760889901321262441e-02,1.132787364071963898e+00
9.815532840015393778e-02,9.271693880496627571e-01
5.024124598233141725e-01,9.292905960002046939e-01
3.236976899586073431e-02,1.581272211535994232e-01
-2.079384678350556237e-01,-3.866027659555687501e-01
1.079636187251681451e-01,-9.187404822085773470e-02
-1.444368589836686201e-01,9.116643847163622416e-01
1.946098530058328890e-01,8.588235838347273443e-01
-6.699153617462051680e-02,9.109260753240292496e-01
-3.683181533498512683e-02,7.854479974693662214e-01
-1.376255211560981906e-01,1.247684627052759954e+00
4.274861993924756326e-02,1.004736761543875811e+00
3.520009603737419557e-01,-2.450031186963761154e-01
1.806564040868170185e-01,8.896785381650818003e-01
2.729093972680299643e-02,1.519776370734268744e-01
-4.340869719660824799e-01,1.029259023417780305e+00
2.383244540569935677e-01,-3.763346661241137592e-01
-3.590951996326587903e-01,9.999386506094963822e-01
-8.219206665055819871e-02,-5.563967405979891589e-01
-3.192093209811049381e-01,1.162710143298863352e+00
3.063686774533533330e-01,4.592383562384210194e-01
-5.009188868751101031e-01,-1.351973379407852560e-01
-1.478371460643151392e-01,-7.188445521783906611e-02
-2.391060012765889586e-01,1.057720353605798858e+00
1.416091565727243262e-01,-7.927406494918026736e-02
-2.956129642962849746e-01,4.453902533249068929e-01
3.380975013111306438e-01,1.211430622832996962e+00
-1.946016782233303266e-01,1.125831778737903521e+00
1.203597443937679673e-02,-1.237775452341631083e-01
-2.894434454029291559e-01,1.171413165292069236e-01
-1.558137093718114374e-01,1.090271272258649615e+00
-1.420776750845400560e-01,-3.213914794776883688e-01
-7.876632507415973206e-02,1.083324242027831064e+00
1.195680794005135050e-01,1.003216037452185017e+00
-2.992517944046689804e-01,1.369414841591017618e-01
-3.889109643494245150e-01,1.051260406090776867e+00
1.200899299331597420e-01,9.632493814204510230e-01
-4.118025396811875183e-02,6.799777685222277990e-01
-2.219900297343332385e-01,6.734145916872910642e-02
2.359011365157110685e-01,1.473052083115706345e+00
-1.589758668269926067e-01,-3.604855677938220149e-01
7.844595791770968274e-02,9.848904412367261996e-01
-6.014520001203633726e-01,1.099447046880477785e+00
-4.187256976394240215e-01,1.097786257394663956e+00
4.683723140774422311e-01,9.577165259230884242e-01
4.729669449960274830e-01,-3.091043797049615183e-01
2.304454699787221172e-01,-1.832216874199893153e-01
1.885437975485542428e-01,1.136798194137288887e+00
3.013635848157726962e-02,2.748962176333074048e-01
2.868317830079133990e-01,1.160286354773830686e+00
2.177006987471183930e-01,-5.789544262058182733e-01
2.962483901575107062e-02,7.227804189663815659e-01
2.706434861452690632e-01,-1.874313361335937511e-01
5.406246999972037781e-02,9.047921413201319707e-01
2.133274823883535634e-02,4.001783077517723775e-01
-1.065691472121176875e-01,1.315859694192998752e+00
8.681575328866049379e-02,8.167238597789210353e-01
1.571331891126767910e-01,-3.573783053412774025e-01
5.336152335672944558e-02,8.791484373212896664e-01
-1.801948739934140786e-02,1.729333855714776380e-02
1.162368289820973483e-01,9.870164453464271848e-01
2.997133068590148927e-02,1.044865639125035717e+00
1.418823120343726263e-01,3.612439905849078592e-01
1.446400841568676598e-01,5.811371031338239401e-01
1.015855281404871441e-01,-2.472322229442516228e-01
1.491032851702243089e-01,-7.672574908656887294e-04
-3.918703848673615875e-02,-3.144673001889399244e-01
2.419790224574591975e-01,9.733152083519553965e-01
2.069594924281662265e-02,8.286530300840475594e-01
1.254146383932670805e-01,1.103814915867376900e+00
3.307867841346680549e-01,-3.025447054344942432e-01
-2.730991012235911564e-01,8.468918649079366645e-01
-3.819447755895964414e-01,9.195445819658927267e-01
6.767701533671013903e-02,9.291448712482033301e-01
7.285920338145257438e-04,1.239911995243263343e+00
3.527963798393549122e-01,1.046905007039664881e-01
4.966159874351910863e-02,7.521031434027132256e-01
-1.518769773805760670e-01,1.076052775519617422e+00
3.607016642461209621e-02,1.061365788743531713e+00
1.840970510691875839e-01,1.728635321268397473e-01
9.666769391296822778e-02,8.137833045017581757e-01
1.872896677543925692e-01,1.085218010017767298e+00
1.607231000867446191e-01,1.337478829305210226e+00
-8.851954333687370169e-02,-7.475522576352831849e-02
-3.204847802909724930e-01,-2.491121677047604677e-01
-1.155951068622161210e-01,4.010331900706133879e-01
-3.537869338319398205e-01,-4.911175271941423670e-01
-3.608587863090617076e-01,-7.553510611406538677e-02
-1.310210832520893875e-01,-1.962037982166596195e-01
2.583135334596224908e-01,1.002901234528277952e+00
2.179433671123487681e-01,1.196479865118093233e+00
1.005266082593732624e-01,-3.834793587035895124e-01
4.189219493346654430e-03,5.533861682890788281e-01
1.516657605412911891e-01,-4.147021145168727080e-02
2.001272299890832496e-01,1.101161806030250156e+00
-6.107440045027783676e-02,1.883029052406060000e-01
-6.314490582322439260e-02,7.832660817195685743e-01
-3.609675582734945265e-01,2.155111107705661722e-01
-2.623943997771289172e-01,1.425294222721460002e+00
1.436402077612657091e-01,-2.297634608984777116e-01
3.729699386797234034e-02,1.302597332682009057e+00
-1.807905589069983554e-01,-1.093116986248106604e-01
3.360893519593324830e-01,-1.090480520397569264e-01
4.944384642918320943e-02,-4.565970017361206147e-03
-9.481222718836741781e-02,5.843106350325268789e-02
-2.322600613361131827e-01,4.263845545350603006e-02
9.839583032884036129e-02,-2.014300762003982254e-02
-2.113415322376489131e-02,8.137190310936142090e-01
-2.068849549900650397e-01,2.352837982446028542e-01
2.045754218528119117e-01,-3.311787811163116602e-01
2.100186372335046681e-01,-5.174088294062325483e-02
-7.474085496769698744e-02,1.042649222783715857e+00
1.441696488318905955e-01,-6.310325288927799703e-02
-3.651175826421328430e-01,1.190027701090669909e+00
2.011816588960559440e-02,-2.583187679745558851e-01
2.797044695097211306e-02,1.197211033526695889e+00
-2.328436112724210361e-01,-1.166507762499423145e-01
5.911489519831373274e-01,1.151982992447316140e-01
3.436815374429737502e-01,9.744857303607431520e-01
2.202821051203358166e-02,1.024421145927259413e+00
-1.051825957271180362e-01,1.261580136487864712e+00
-1.747780433823369756e-02,-1.366760868244019100e-01
1.504959947105314610e-01,-2.139980064831440432e-01
3.354425906094362086e-01,-3.512427002606894333e-01
-8.899410185871345358e-02,9.024566100643204025e-02
-1.188996884931218245e-01,1.985435965525693680e-01
-1.593352970405077784e-02,-3.709987899617393503e-01
-2.203728874778253799e-01,9.854128415266069085e-01
3.038780497921350458e-03,1.218446584371239760e+00
-1.934690367522737819e-01,-8.848045815399339931e-02
-1.533987038060246888e-01,1.324311092256438838e-01
2.179027580654373519e-01,3.390648112157366167e-01
-1.339603937934711608e-01,8.479649138551788035e-01
3.007297030240434488e-01,4.207780489434091997e-01
2.671290815319000145e-01,-3.606329668997838578e-01
2.193794285529633847e-01,1.145079799358940109e+00
1.614829506576608842e-01,1.065458306275586908e+00
1.764311938682509157e-02,1.300621575445271683e+00
1.798693061916888103e-01,5.178648241044265382e-02
-9.527355477476337486e-02,-3.086087177760352129e-02
-2.828727663433116546e-01,1.017029428886964793e+00
-7.066910519937470714e-02,9.730085731490958345e-01
4.805170641801397718e-02,2.141546878614300764e-01
3.417467682936519702e-01,1.043717567190260098e+00
-1.004598438821718426e-01,-3.268462683055856632e-01
6.671699027113446590e-02,4.068738480855644407e-02
2.968668171695537095e-01,1.024597263966808613e+00
1.695556219487796556e-01,3.041702192999684584e-01
-4.073086947793637114e-01,1.155958428933157700e+00
9.848295379545016215e-02,1.540268564330647516e+00
-4.905525670010296713e-01,9.514696157547353206e-01
-2.537451093067289998e-01,1.396354515744785196e+00
-3.207893931493403794e-02,7.603188471753800082e-01
3.414300977323666553e-01,-2.151979807914629339e-02
-4.887297022765197535e-02,9.126318325549246380e-01
-2.546090569136935100e-01,1.623329199695454084e-01
-9.863390158947274444e-02,1.651603696158493728e-01
-3.590282686856974825e-01,2.726602065880467385e-01
6.185809830386375108e-01,6.962233551785395047e-01
-5.204023067121777563e-02,6.051500568046483952e-01
-4.033270263419616031e-01,3.391893274848634676e-01
-8.728402662815515356e-02,-8.016687976089635626e-02
1.513670498672118614e-01,1.434123998294213331e+00
8.811104320049148453e-02,7.350417260160420074e-01
-1.760460935759360634e-01,-1.826593518027582463e-01
1.160730341342597338e-01,8.131165549068143650e-02
2.522778742483505754e-01,-1.171862402388746532e-01
7.269422696656914484e-02,-2.755938693387080182e-02
8.255232152365582499e-02,1.053681674877272156e+00
-1.325630938952040982e-01,4.123205385322569611e-02
3.224563252919842027e-01,2.324763301932257775e-01
-2.503375521624267575e-01,4.215449800483989096e-01
-1.315539367274834726e-01,9.024911338630229318e-01
2.286498781685631244e-03,1.915391316778848885e-01
4.237042619407491717e-01,1.522624468055531866e+00
1.301914513463794387e-01,-5.954428139865479419e-02
-3.717858486842716692e-01,8.362642574072438606e-01
2.194811946182055051e-01,-5.851243837141797965e-02
-1.236611437132348612e-01,-4.033374991844546620e-01
-1.344135670409729588e-01,7.974554148713810520e-01
-3.318613842962962468e-01,5.258002720184339340e-01
-1.567025397056188707e-01,9.706221974233315564e-01
1.571309741128978366e-01,7.423330011144555485e-01
-1.590101525439805430e-01,-1.477819538134968191e-01
-3.008710279980721380e-01,-4.146993942166410929e-01
-1.974713488708483011e-01,5.904188377283450112e-02
-3.628347560150686490e-01,1.279406768861562238e+00
-2.914557662728279805e-02,3.515516585258641191e-01
-3.454405534449611070e-01,-4.312075085023456822e-01
5.416126352546909439e-01,1.871292756089121545e-01
3.161831941619985820e-01,9.956225000266447633e-01
1.585393969371817202e-01,1.791036960898272079e-02
1.775428877821251805e-01,5.624360784538230407e-01
3.751990097474039443e-02,9.995801578979433000e-01
-2.034015316995329004e-01,1.031981442769930535e+00
-2.026591990069913085e-01,3.486046063692905261e-01
4.956340228194436870e-01,4.412051817535486142e-01
1.681116486406930288e-01,9.203203003509350388e-01
-4.098242978580651230e-01,1.125477514397253076e+00
-4.034943828359193185e-01,8.640604169157060088e-01
5.468281033277973963e-02,9.259263413562582867e-01
2.062610774071325093e-01,7.354100434615484794e-01
3.543008576732677994e-01,1.840485386481715280e-01
2.899543859864509021e-01,8.982564557225867219e-01
2.488654098541693283e-01,-1.909631420733618745e-01
4.120966954080985123e-01,9.737314590437218254e-01
-1.002462413495721766e-01,1.380677521704983257e-01
-2.752068177835934604e-01,2.910691296390356328e-02
3.779337797194065769e-03,9.500776692969615800e-01
3.522861510723115375e-01,4.740294657584536719e-01
3.912470690794501160e-01,7.406623692984839469e-01
3.906105524190166961e-02,7.070804989851299238e-01
-3.164136816615661374e-01,1.137553274813810633e+00
-5.314875489482218801e-02,-4.398478028980688515e-01
4.116826955344639050e-01,1.179777856429517158e+00
1.554070887249402733e-01,1.108157687591440288e+00
1.054524494194233053e-01,9.215147234655468589e-01
1.447726492899694128e-01,-1.915341216904465835e-02
-3.008367184826431229e-02,-2.030174100065211540e-02
4.027896022278963373e-01,1.001079836124391109e+00
-5.912846038462606091e-02,1.136008035924665899e-01
4.035950494481407858e-02,7.832188534205789532e-01
1.701912987604405625e-01,1.403169536255478855e-01
8.459944057100109854e-03,1.541518618821208497e-01
1.943277525100285397e-01,4.121181645271482230e-02
-2.677249228757214716e-01,6.995496591091057148e-01
-1.169868045337017493e-01,1.247439692156413704e+00
4.341595407027440141e-04,-9.087086241151441646e-02
-2.005769928033272476e-01,1.985195166935094790e-01
-1.178910424263694412e-01,8.047152130561372602e-03
3.285010628361053620e-01,1.328303231390306482e+00
1.473952120262659871e-01,-3.695756853720523760e-01
-2.300166396110508993e-01,-4.607714763487844034e-02
-2.583917781003033931e-01,1.093780594537697937e+00
-2.799017373446229251e-01,9.676430125489945411e-01
-2.674841416163145635e-01,-3.984543071605422399e-02
1.879384619276265600e-01,6.295705471732813974e-02
-1.613606736473965908e-02,-3.081527690305286837e-01
2.755398049726157650e-01,2.344068380216645653e-01
-1.882452656722048701e-01,1.842238050131818905e-01
6.345301873107642154e-02,1.072090371801303732e+00
-6.244172205149817190e-01,9.220897339765954381e-01
-1.991407955064408153e-01,-1.231115248196252426e-02
1.679087915243256679e-01,1.033329791744180687e-01
3.892341612242615212e-01,1.104452889114996977e-01
-9.295708592031043382e-02,-9.365874750140110172e-02
1.525822015679367261e-01,9.780178211309318304e-01
2.467735456812837347e-01,1.048810901311133303e+00
-4.335272993942694830e-01,-3.986848843747541893e-01
3.098465491514770243e-01,8.794529423509415134e-01
4.783516589738922437e-02,1.034901400268272598e+00
-2.714684026096644831e-01,-1.051014386488081376e-01
-2.715778137507834922e-01,1.253992038306071810e-01
1.362517064438351078e-01,8.763815069830689364e-01
-2.002483015802078437e-02,9.272980627539249010e-01
-5.016055254277591580e-01,8.233622374585842785e-01
-3.500245742125418502e-01,-1.931084153782302026e-01
-1.416481110923892839e-01,1.110367606422360209e+00
-1.149793666828642369e-01,3.070216820981175876e-01
6.340723038476114848e-02,7.251000196031988088e-01
3.275572163176270757e-01,2.820009854064050581e-01
-8.827865569998893935e-02,1.154084359984906660e+00
-8.318648873912684594e-02,-2.713200352363693835e-01
-3.002707299499509782e-05,1.060769410223822984e+00
3.696095125340110310e-01,-3.586088609893980372e-01
6.573900217000064328e-02,-2.765744798264238580e-01
2.625826578941795747e-02,2.378682079446143294e-01
7.245884260105476399e-03,-2.438559982074409715e-01
2.209396269146881309e-01,-2.334138687322691863e-01
-2.563090175437804930e-01,9.243807450131051873e-01
-6.444939300746709288e-01,9.217194351703584393e-03
2.073753265193957473e-01,1.242061426902829474e-01
-5.272215770962100818e-03,1.188837890666820524e-01
-3.502189172889800806e-01,1.061014332083999756e+00
1.723372538892684602e-01,1.038800199095641918e+00
1.522710883678986549e-01,2.858159468284081628e-01
2.598079163578724260e-01,9.894788381374868269e-01
-6.203264785907500883e-02,1.145790352542076063e+00
-2.869844286143492518e-01,7.571818386263673428e-01
-1.555724876663220624e-01,-3.536630238596778497e-01
1.140219436208240456e-01,1.151140664036855332e+00
-4.800674625816139796e-02,2.868640691804352216e-01
2.017518484485434152e-02,-7.223458198639480521e-02
1.263739914730114267e-01,1.231924264149908854e+00
-2.100213367723905711e-01,9.043605923997616314e-01
1.878496182072838805e-01,1.145741107270544568e+00
-5.844664317209487259e-02,4.161551288950928740e-01
-5.095326575275782588e-02,1.126373818878725563e+00
1.747924524334778240e-01,2.740576549322757405e-01
-2.919810120964915975e-02,1.192536562646164588e+00
-1.727612533979983878e-01,1.070624311218976610e+00
-1.485324168031783576e-01,1.115189446262474293e+00
1.073020366069787068e-01,1.226595623485455144e+00
1.440497135050286537e-01,3.329363036865573555e-02
-9.550822923130829201e-03,-1.060386415951853345e-01
-3.346913522711789102e-01,1.059236444465917248e+00
-2.629190674706766706e-01,1.113404289255112367e+00
-8.023629146104306609e-03,8.814657474137441717e-01
2.189774892770927073e-01,9.859290103299628294e-01
-2.482926357144794594e-01,8.282433809631003507e-01
6.407123482813947835e-02,5.589557912691200947e-01
-4.859380457165215356e-02,1.197210967094730627e-01
-2.267573816696397404e-01,8.477624473713993858e-01
1.166138510219251467e-02,-7.183092199653969001e-02
-8.477165614350004597e-02,2.124147072185366969e-01
-1.894236843540442541e-02,1.074622808977235389e+00
1.447645910611326248e-01,5.909289507968932265e-01
-1.449046432115964345e-01,8.318790724203374287e-01
1.004926439905967986e-02,1.084756506687540645e+00
-3.432535941258429424e-01,-1.583329610912914409e-01
-1.256763141809287831e-01,8.477501762518470096e-01
1.118574607447707196e-02,3.031665703933773548e-01
2.294834624864807576e-02,-2.268153215822706417e-02
8.179298716661678736e-02,1.116837291493677276e+00
3.683304669460203962e-01,3.001147152713868824e-02
-1.063520924375907922e-01,2.821637154868391131e-02
7.432289335095916549e-02,7.700966989764658210e-01
-4.168637023598957825e-01,9.227101280281029272e-01
-1.239950208389430375e-01,1.157070825118462043e+00
-1.136805883873572981e-01,1.086325133146810229e+00
5.746156056348843133e-02,1.223359493402033094e+00
3.281035333455037950e-01,-2.415223487691656734e-01
2.078597867963142276e-01,1.036869141609400691e+00
2.097157292243719828e-01,9.972198982609844498e-01
-2.504348826244791604e-01,1.058624117147729971e+00
3.792452942714242270e-01,1.347484243883325883e+00
-3.791682524063831605e-02,-2.489676466167783930e-01
-5.962183792378965286e-02,7.656808844102854644e-03
-4.682743666179958048e-02,1.065264366080608927e+00
-1.057969029261606742e-01,9.288951947950173649e-01
2.309969804063598253e-02,8.060785285364286956e-01
2.105336327990249834e-01,6.564253156949715340e-01
3.241681761759678260e-01,3.002390307618003299e-04
-7.244818107786568651e-02,-2.266737149363107495e-01
-2.343122957691770591e-01,7.883160427447327701e-01
-6.788191542822095970e-02,4.786811965674562380e-02
2.715784639992507160e-02,1.659014438694303983e+00
2.008775646923558478e-01,-1.590535889917960022e-01
9.871059159325273197e-03,1.098968301337655967e-01
-5.709765213991955385e-02,1.116169548233115538e+00
-1.946243450142909615e-01,9.509020799697641690e-01
1.849158499289682350e-03,1.561633700581764039e-01
1.050692604161971161e-01,8.054199449023115021e-01
-4.211827182169537720e-02,-2.016437819776825957e-01
-2.217444694553328821e-01,8.848281220231055677e-01
-2.857257833281941477e-03,5.811555006096717768e-02
7.058507619224335379e-05,4.635878479559493032e-02
2.028070503957148385e-01,1.112189415106311419e+00
-1.351466256818305844e-01,6.773661963646395723e-01
7.208043797421936905e-02,-4.904872036669777682e-03
-3.442499824254526830e-01,9.373581977466343140e-01
-1.187043373016420933e-01,-4.206890084989241274e-02
5.510024263628929969e-02,5.667968000432019871e-01
-3.470268220964527472e-01,7.612331319853669065e-01
-1.258548844819326051e-01,7.001637903279012143e-01
2.848131011274013802e-01,-9.848320831325394625e-03
1.448739034933677339e-01,-4.133318930464363605e-02
8.721507670969712300e-02,1.059294949307839628e+00
-3.863457817405794859e-01,-6.499460503889530061e-02
3.034584943160915649e-01,1.554144616091615916e+00
2.140878069697299893e-02,1.154440989189083888e+00
-2.918425042625416022e-01,2.413838915350856873e-01
2.214730480933203502e-02,8.610649709013968797e-03
-1.599782966998797573e-01,5.862657272100545852e-02
-1.033293084412176543e-01,3.508943894213858994e-02
-1.421666140633147668e-01,1.095076946973170484e+00
-7.999764172268111762e-02,1.563428098143741396e+00
2.270276419198333229e-01,5.599839813977258718e-01
1.849653138031501776e-01,1.332231254869903347e+00
3.056700193964236034e-02,-2.911974087573693803e-01
-1.127708127486315715e-01,8.395616436589099507e-01
8.307883799258089508e-02,-5.386053535029573514e-01
-1.311280892219632566e-01,8.851253675523101938e-01
-2.896665394310195540e-01,1.295093439815405256e+00
-1.550439620014531783e-01,7.571030668874932923e-01
-1.694861447984142289e-01,1.929149399537586906e-01
2.073729786213642234e-01,-5.380226199506255025e-02
-1.451676491328972030e-01,4.527681031189274563e-01
2.901896146528955556e-01,1.008258869873313257e+00
3.422092108795857235e-01,1.967128031774966479e-01
1.575120273377114966e-01,1.140218837111937500e+00
7.165874168703634250e-02,2.904050088440260011e-02
4.496433206689878781e-02,7.053410426609955930e-02
-2.608702927934817284e-01,1.159147572201835175e+00
-1.525162731255664747e-02,9.186359396509429232e-01
-4.893561590061321076e-01,3.566067569689545524e-01
2.571628174221003010e-02,7.276459045879939413e-01
-5.709949027994613152e-02,-1.997130022452882001e-02
-5.032319425067648122e-02,7.110680968652070832e-02
-6.746551665422712007e-02,-1.842553433582818923e-01
3.511209755615652961e-01,-4.924342095176623690e-01
2.044597793883664444e-02,1.126568207012645928e+00
-1.387172762006565474e-01,-2.572056874842229002e-01
4.550763109742091833e-02,5.640034399115358976e-01
1.456652714597674314e-01,-4.219138651543700991e-02
1.374336481808808019e-01,-1.931129739834151759e-02
-2.842222815304397757e-02,1.042604805933389001e+00
1.328859883982062007e-01,3.047483675035662087e-01
-1.071769504944318357e-01,-2.504013767375056765e-01
-1.725061520806545415e-02,1.040397363326661440e+00
-1.125047803698321913e-01,9.285328710285831733e-01
-2.090400999233214263e-01,1.347813235181613667e+00
1.920731154961471676e-01,-3.277737496851992893e-01
1.926709884675448792e-01,2.444239865192689432e-01
4.831387829810680490e-01,8.615986120577475704e-01
-5.384851706862037179e-02,3.229878705558473229e-01
-3.604057783225467215e-01,-2.306962649699243750e-01
-3.407947158840259755e-02,1.161557683578794631e+00
-2.718706344159913524e-01,1.084890899228357464e+00
-9.992988402261092362e-02,-2.041186960804790979e-02
-2.074692967050344727e-01,1.158501819634520036e+00
4.236683823690055584e-01,1.021485260573295140e+00
3.205157387451995077e-01,1.238087848991413331e+00
5.812268840043666174e-02,5.087562153640685647e-01
-2.598453131373585356e-01,1.107666731425777318e+00
-2.399179269723811514e-01,-1.986551145960933629e-01
8.746770664154977781e-02,-5.276347095224390854e-02
-3.671129417067389711e-01,8.683788147214418496e-01
2.169391886571937211e-01,7.919010672631507930e-01
4.528215874057167079e-01,1.590818577358072972e-01
-6.612522761229640278e-02,5.683996374940757101e-02
8.420243989501306758e-02,-6.673788262608873478e-02
-6.225529932514976827e-02,-1.297284747182508857e-01
-3.864641718668120896e-01,1.347938915554937500e+00
1.591543370423011139e-02,1.240205905680721976e+00
-2.622916241875017929e-01,1.171591131852826484e+00
-1.018816280506115446e-01,-3.136543871965676022e-02
4.627955666786551236e-02,-5.935405306324146313e-01
3.558690288537257884e-01,1.381814190007737142e-01
-3.229349633074667381e-01,1.143876907836973711e+00
-3.872180191241050840e-01,1.974156695765121386e-02
-2.034893225862477451e-02,-2.107531533404716911e-02
-3.310077636962068803e-01,8.365666254500553345e-01
2.833566237230039642e-01,8.367755866276056775e-02
1.481521912284459314e-02,-2.356173964531246834e-01
-3.274577436885651727e-01,2.261555952840899886e-01
-1.165200647503988468e-01,-6.650442990084971806e-02
-1.222050618633943042e-01,-3.953650826779112060e-01
-3.667266422469161458e-01,1.243371867468564984e+00
1.785620203946867712e-01,-4.686669650040505009e-02
-1.915051559519215796e-01,-8.423971427335345818e-02
-3.532237972241766832e-01,-4.792013825211602351e-01
4.149868920264532246e-01,1.447429896108487712e+00
-4.055500217420250630e-02,9.518656895319160816e-01
1.613869840891227481e-01,7.134015360382331972e-01
3.497135197188517286e-01,1.211348859542195733e+00
-1.863863548018943050e-01,-4.728014897247013182e-01
-5.434533271969867879e-02,-2.803580150788722580e-01
2.350002138967176024e-01,9.724170441016746214e-01
1.219329136048616230e-01,-8.834845702516329335e-02
-1.232166462646766547e-01,3.637396042580925970e-01
9.681540800605110964e-02,9.256714169272277637e-01
-1.474682062149405143e-02,1.142348463173087136e+00
-6.551517198167694511e-01,1.297561405092559461e+00
2.223040562171021625e-02,9.245832591057727423e-02
-2.169727576144933265e-02,2.107518137190054208e-01
-1.997529758899726504e-01,8.720621892144200249e-01
1.302755979137439069e-01,-3.989244733497380735e-01
2.031063259861144998e-01,-3.789493060228326105e-01
1.202147797607519969e-01,2.095749359792323241e-02
9.349535471992259650e-02,4.246090503725103577e-02
-3.021425503508357036e-02,1.551229669443981996e-01
1.826698016632931909e-01,1.061252596932575898e+00
2.449419719789019678e-01,1.045645258913802556e+00
1.016954648295936847e-01,-1.887035476845026760e-01
-4.603040948076945332e-02,5.604247955013106353e-01
1.168761825589365588e-01,1.288075813030052696e+00
9.290512209363986640e-02,1.139154249712416966e+00
2.215145695735578624e-01,2.805047962769144365e-01
-7.443908507346799763e-02,4.987585211553110381e-02
-3.716665564631152496e-01,1.427539998442273861e+00
-5.525951322104493135e-01,1.158540478734742196e+00
2.593964881122358124e-01,-1.017037157413716864e-01
1.654515620128237108e-02,1.457962166209009425e+00
2.959153754299523875e-01,5.513452622022743110e-01
1.618436281784994268e-01,-1.436759277449415062e-01
-2.570471912810559090e-01,1.131008395772249653e+00
4.862429641707420591e-02,8.113129963121956667e-02
-9.974724004796851201e-03,1.034954113153940369e+00
2.022320018810947473e-01,8.825639546489572052e-02
1.755390112563174898e-01,-1.798213478174553182e-01
8.918357781035784679e-03,9.499254389760668493e-01
1.875393371259927722e-01,9.352163366667588795e-02
2.730758834284494618e-01,9.425606825585132464e-02
-3.180923055435373459e-01,4.257074793712607719e-02
-1.316028771806206366e-01,5.639551856515261780e-02
1.518697247820325613e-01,8.374818312000009701e-01
-1.054392526567217714e-01,2.094358298471247493e-01
-3.036309268387195059e-01,-4.297132122884023131e-01
1.972361770778789936e-01,8.003102148370988544e-01
2.704722815318944679e-02,9.976921153208728743e-01
4.603588403568784765e-02,-1.210986215328824361e-01
-1.077261315149807136e-01,1.747841717545504658e-01
-2.272331333615785487e-01,2.512907794652296384e-02
-5.117932650728216348e-01,1.035380107270289729e+00
-2.787318103669454428e-01,-2.484282758311312164e-02
-2.639157905199392418e-01,1.111695981099596775e+00
-5.267183927617656858e-01,1.986680342737153493e-01
4.045516301406776871e-01,3.738095399714401745e-01
-2.466803616789336462e-01,3.890803100829244229e-03
2.487543921838669403e-01,-9.396549053746444669e-02
3.443885408497364409e-02,1.412744359447877518e-01
9.509531176023662546e-02,1.309434871707120251e+00
-4.152615549471638245e-01,1.436812791313039517e+00
6.115541940341381183e-02,1.228725074385281113e+00
6.858053360920829400e-02,1.198510871383061227e+00
-4.110408168329259676e-02,3.384697538389249694e-01
1.706368630998882918e-01,1.145071981192036681e+00
4.085770606385050532e-03,8.499273356348875375e-01
2.996364134584501501e-02,1.026730932137464913e+00
-5.048533005208152499e-03,9.397401214503492417e-01
1.266164689526343701e-01,9.013715683314876825e-02
-2.503611793030896537e-01,7.120718808044503856e-01
5.321577190540366376e-02,1.039910639286003802e+00
1.551263691939331890e-01,3.079266380490223720e-01
-3.449145670568216082e-01,1.091995542245469242e+00
-5.240750563398854922e-02,1.068592103803702065e+00
-3.817273477598669418e-01,2.514361516569611488e-01
8.477777663766192240e-02,3.293240147055460643e-01
-1.924343211157031608e-01,1.014608815245367390e+00
-1.652227252654398515e-01,9.729247398200970010e-02
-8.063109803826568056e-02,8.062658740219407205e-01
1.056875578126624665e-01,2.895575332267067425e-01
1.744763863211644117e-01,1.025319893156475981e+00
-2.476747681140964441e-01,6.716637352279606343e-01
4.659993913883536121e-01,-4.931392304171303698e-01
-1.740612067065025748e-01,2.621476424267636940e-01
2.199970036167836762e-01,4.073523836975679879e-01
1.096152418734760992e-01,-9.435387946666302927e-02
7.894743126299616498e-02,3.570732983864547960e-01
4.971938121565561142e-01,1.138341346459707387e-01
4.440245614495417215e-01,7.411728041809635403e-01
-1.993737291532631517e-01,-3.029061530696653404e-01
6.580302479200397792e-02,8.699103183642757919e-01
2.432406812602216639e-01,7.873865559066135500e-01
1.826789662442395157e-01,5.056489927445134702e-02
-2.427382752548413736e-01,-3.580980876533477186e-01
1.880156698026848316e-01,-9.151036316594580999e-02
-2.652522258348557482e-01,-1.040830486602127847e-01
3.183293263998601130e-01,9.028024035101760159e-02
2.168307213465812608e-02,9.998539450348892244e-01
9.470793960576731618e-02,3.216777662940729227e-02
7.227227407619420986e-03,1.045319267082317038e+00
1.206249751518709140e-01,1.197113735892126746e-01
1.974409044526715395e-01,9.899052067804035016e-01
1.279251511005408404e-01,7.293681987608742201e-01
1.333135710027532617e-01,1.270424349750090443e+00
5.360847757396223212e-01,1.296769095115236636e+00
-4.229922749231155854e-01,3.252009023582671521e-01
-1.480785315719787831e-01,9.089467313404888671e-01
-1.270334269767973145e-01,7.007915074538944022e-01
2.799029455900509111e-01,1.030742333548117839e+00
-1.754337005431652607e-02,1.252439641227677924e+00
1.221874999409687801e-01,1.126842246596271968e+00
1.310894847730088575e-01,-6.270859627857252594e-01
3.517766370505840956e-01,-1.551646487771556615e-01
-2.493133849214574094e-01,1.153400790393163400e-01
-2.136114227434164625e-01,-3.144806637597540866e-01
-8.909547773291809358e-03,1.145867429418914396e+00
-3.721934459167415277e-01,3.650168897612655200e-02
-1.610283406245675009e-01,-2.043924921566418473e-01
-1.062234657628621792e-01,3.138334804344988793e-01
-3.102278656300969453e-02,8.645448645547790800e-01
-1.643428051019561742e-02,9.833289818534928228e-01
-3.102039391436174354e-01,9.619617108135923855e-01
-9.445734512394397819e-02,1.344349999185203925e+00
-1.203173462482088341e-01,2.199223726788642752e-01
-1.639401138657266277e-01,1.281635010200030900e+00
-2.874535440833727098e-02,-5.929803846508785448e-01
2.479414142753181838e-01,1.130894261958004687e+00
2.130511286205444277e-01,1.120844372200275663e+00
-6.496116510084240514e-02,1.254063405570017942e+00
-3.634418738624466405e-01,1.347875381710214704e+00
-5.257552479960593550e-02,1.506431827554660652e-01
1.068001122914054857e-01,2.170502104289617762e-02
3.357780382434901734e-01,-1.322241355413394659e-01
-1.342589124293306346e-01,-5.535339689048767581e-02
1.259500957005556809e-01,1.346316328536221463e-01
2.088705316820406444e-01,-1.549347968580834858e-02
-1.468784398443110512e-02,1.016691631973834609e+00
1.203465516293788784e-01,9.900158338486645393e-01
-1.323418596893988497e-01,6.245590036751743485e-02
-5.843073276564712815e-02,2.960202436844813767e-01
-1.836629788297697574e-01,-4.546415624479703543e-02
-1.111919594584554333e-01,9.981294738078795303e-01
3.228088985924489340e-01,-2.900881883337441680e-01
1.038404517863243254e-01,-7.596469609459700900e-02
-7.221221729945927811e-04,8.074181133694224854e-01
1.753927388744499702e-02,8.623669421903232823e-01
7.585860633638132067e-02,-1.036101867246054936e-01
-5.878497399422703135e-03,8.687974895844304823e-01
2.048817556807109863e-01,7.884180952440760226e-01
1.841231970646996785e-01,-7.403941223481071143e-02
-8.525649134772569915e-02,-4.354989222324109899e-02
1.435846734860456719e-01,8.580877766928608485e-01
4.242429283698360282e-02,2.130971136610729233e-01
-2.136427738537974297e-01,9.788877326994871453e-01
-2.239602319122644888e-02,1.354228221918748476e+00
-3.210173871131140055e-01,1.388803802586977332e+00
-1.795980364162050869e-01,1.188689552580377562e-01
6.298298021479475928e-02,2.316462668664857338e-01
8.474893447122523304e-04,5.423150767651946369e-02
-5.090243904486474458e-02,1.491835806423412070e+00
-6.187118614588941329e-02,-1.641770364193632092e-01
2.179907061734794316e-01,-5.608043944079700582e-02
7.283918175574022325e-02,-1.379872220054245424e-01
-1.300404442306508923e-02,-4.467680694033466793e-01
-1.348416761430232258e-01,-2.428335633549509320e-01
2.793259429829239582e-01,2.389305753483179917e-01
-4.153365000389880879e-01,6.141525515363691068e-02
1.463225940007470971e-01,7.822658892559993804e-01
7.153091967444090427e-02,1.116009677517997289e+00
1.385768439824793252e-01,1.390477752843027659e+00
-2.412656771377647280e-01,1.251599398299314270e-01
3.920751741911842059e-01,3.217607152106111146e-01
6.318192666323076828e-03,4.022959485057964885e-02
-2.214139742683735035e-01,1.186637424563043997e+00
-2.880644642266640409e-01,-4.169196397743178961e-01
-1.631276526415690875e-01,4.452913454776110669e-01
2.400704477672266912e-01,6.734230675277193268e-02
-2.815526732183709080e-01,7.483698615390170783e-01
1.266707590420488860e-01,-1.872745905497112950e-01
5.845868014140265245e-02,8.011137630794434861e-01
1.122282031567758964e-02,1.129437470827370449e+00
1.095558266857534074e-01,-2.457001571376694893e-01
7.467612214402443056e-03,1.257205709813875361e+00
3.011191814389490018e-01,-2.672473682884994942e-02
-3.098842901553771623e-01,1.552952863949863538e-01
2.608198733800264346e-01,1.285721323041998598e+00
-1.939485996816311952e-01,1.001672301646816310e+00
-3.701993199203400531e-01,-7.702321688159358137e-02
-1.918688288139100417e-01,1.066163244101896446e+00
-7.240509117575555376e-02,1.178316453082309256e-01
-2.235739125613218359e-01,1.321150711030606217e+00
3.713258588163924345e-02,1.005886200295185828e+00
-5.182902426768586784e-02,1.059835831763949604e-01
2.783014282339456025e-01,7.637794554206914222e-02
2.282128462182066997e-01,-2.947015976015019967e-01
-2.941378770307566115e-01,6.917292688840771531e-01
8.587028685079857449e-02,3.108453028029038376e-02
2.799538241484801626e-02,7.952237584762498201e-01
-7.765125606770463540e-02,1.060555825277331943e+00
1.162575982939768604e-01,9.771062230906154555e-01
-1.240519629027720672e-01,5.648069488651616954e-01
-2.578159979785000777e-01,-2.617801809583385209e-02
2.308998281573684253e-01,9.834845612625991995e-01
2.261362115833279451e-01,-3.908091978767315178e-01
-1.543375866309385121e-02,3.334249999089091143e-01
-7.453668095952786787e-02,1.001428818077231275e+00
-2.043088882933837558e-01,9.397303380193736677e-01
7.108109166195615558e-02,7.516439450218777019e-01
4.363033821334662277e-02,1.214212305323137731e+00
-5.569936618462070221e-01,9.418814460593741833e-01
2.791217969161080004e-01,8.380005923231629295e-01
-7.074501177120002225e-03,7.558693942228564278e-02
-3.857432499855606434e-01,1.001443371799061594e-01
1.680125546157967831e-01,1.103084125124521142e+00
-2.501322811138093072e-01,1.086981671109659375e+00
-2.950591695694387839e-01,1.372278025050730044e+00
-1.830448730717578951e-02,-6.616178386271361067e-02
-1.373288893792316279e-01,1.026161646453362941e+00
2.765426433573811571e-02,1.027923047974816928e+00
9.665191881154526488e-02,6.577673531879326685e-01
2.117582795291758635e-01,-2.709483681537199207e-01
-3.914490243576246309e-01,1.142799069073842766e+00
9.259661838868525618e-02,-2.753277946690337388e-02
-7.196687187510510120e-02,-4.537895552805174676e-02
6.284598867915124343e-01,8.927525381866583398e-01
-1.823728449126093831e-01,-9.870760829686653359e-02
-3.165750936263911353e-01,5.716200824229489275e-01
6.535785839858940238e-02,8.679418899461723846e-01
-3.840596120274466369e-02,-8.538362968317780854e-03
-3.180221819063547839e-01,1.115250361842490268e+00
-2.305581832481434224e-01,1.351325204988870876e+00
1.664100910012026105e-02,-1.383152493453263521e-01
1.032041270745772399e-01,1.196892375566232625e+00
6.327931690827147404e-02,1.254934261725228817e+00
-1.197964155710078138e-01,7.788017035087345663e-01
-1.434256929462733032e-01,9.806948072890488977e-01
-1.255351842852945633e-02,8.561562431463747291e-01
-4.746599910216792728e-01,-1.803399331634987224e-01
-3.393099912691512066e-02,2.224524135757325327e-01
3.930719918285347642e-02,-7.600839820604532449e-02
5.250871199929912220e-02,-2.622363818420994641e-01
-8.553093726683792808e-02,9.521339208469037363e-01
3.419667130768802576e-02,-8.405731758056859959e-02
-7.414989337478725129e-02,-2.501036686613735197e-02
7.886319092652785759e-03,8.893883101524907575e-01
5.314575016325202572e-01,-4.314728161600989709e-01
-3.646215410007603852e-01,4.449266914102971704e-01
3.295052511386989402e-01,9.503542982818574680e-01
-9.468725326543969700e-02,4.387489765423098209e-01
8.666130274910625875e-02,1.480282974252325801e+00
1.270604081862097556e-01,1.281304930399661979e+00
-2.030850165004566277e-01,7.301419771271195902e-01
2.331508889725198708e-01,3.340176763829569295e-01
-1.678351186921099580e-02,7.922300252206638804e-01
4.924147825434789238e-01,9.273103407194810410e-01
-1.519109514352841583e-01,1.029120141564183966e+00
-2.168523517993606875e-01,1.447044921557913089e+00
1.663356149879612889e-01,1.292465477669403340e-01
2.417997490592035670e-01,1.199283477938256404e+00
5.384359775108724794e-02,1.121786259601701863e+00
1.303370795063878672e-02,-7.562241993962033615e-02
4.214691644485960009e-02,1.173658662508352962e-01
-1.357499543556868193e-01,-2.389892153786100093e-01
-4.139451325356736100e-01,1.184882039513987628e+00
-1.977907930247488622e-01,-2.729680473107830019e-01
-1.012288146072873180e-01,1.213080654232614325e-01
-4.155173811457749805e-02,-4.898666912810618057e-01
5.656712481663108555e-02,5.241479315752294726e-02
8.283502281043365889e-02,1.105155566578076565e+00
-2.098694225392362944e-01,4.741566372378258065e-01
-3.246793913561641931e-01,2.198247723382430741e-01
-2.642693335209803651e-01,9.849948580495760941e-01
-3.957982532001673714e-01,-2.071352809610246259e-01
1.152843084443216232e-01,8.851498169483821288e-01
1.183651271912565389e-01,-2.616717845004806198e-01
2.527726628951733057e-01,2.826425667415262133e-01
1.196306933195091932e-01,1.209625385676940335e+00
2.571589546969538786e-01,-2.790892412572213988e-01
6.616735942905435652e-02,8.053867095646577434e-01
-1.803199005450583925e-01,4.298875167048207269e-01
-1.408145291106069341e-01,-6.814642459684787379e-02
3.713631155113413240e-01,1.017059765309054953e+00
-8.364726351869010423e-02,2.214308562576200179e-01
-8.438159879587601997e-02,-2.781033073928247321e-02
-2.490495286707976874e-01,5.706473220276420122e-01
6.368067302302728161e-02,3.542289528886790467e-02
-7.982374418888386891e-02,1.270643691084278659e+00
1.171832061267761432e-01,1.024595564244908719e+00
1.822695782034608192e-01,7.385781555330589443e-01
2.203766871515026038e-01,1.260495100832018656e+00
-2.653359157937619228e-01,1.133527755944127718e-01
-9.712405686414914141e-02,1.093568426521487780e+00
-3.348916457258020729e-02,-2.646557479912068356e-01
1.619453635244763601e-01,-1.321237248573337852e-01
2.193876895126885829e-01,-2.862572307521539239e-01
-3.644622419719988349e-01,8.912661276855352588e-01
-1.425072046605068143e-01,1.125535374880261896e+00
-2.336036101402811926e-01,-5.753069932720148924e-03
-3.102922419505378948e-01,8.681014754848999093e-01
7.454979621255788946e-02,-8.292357675639631942e-02
4.836485297747028511e-02,9.626939277650462534e-01
1.372044067286313229e-01,1.239630605521574003e+00
2.198930245722308108e-01,8.898873818667020208e-01
-1.092957868061890936e-01,-1.541111105321707198e-01
2.427487983575521424e-01,1.304227615517959959e-01
-5.437317393966775020e-02,8.103632922270256334e-01
1.568245507892958024e-01,1.187007854666189077e+00
8.541396684532094608e-02,-1.276067827261527163e-02
-1.200854805356840471e-01,-2.187740793248806742e-02
-3.717614984505894504e-02,8.554872564646029964e-01
-3.772620725194513608e-02,7.818346329422953822e-01
2.766612786869199203e-02,8.399792787440001351e-01
6.635745975698592591e-02,-1.969324069295630975e-01
3.314078379696621668e-01,-9.226470362005435855e-02
3.464201899166624576e-01,-6.437983725405753421e-02
-1.726430999098241548e-01,2.073006039355468344e-02
7.500235998785348412e-02,9.894292957975333591e-01
5.710926431913369017e-01,1.080010244926557395e+00
1.110778437663375445e-01,4.875502001878618819e-01
2.022597304129495621e-01,1.241195729740630416e+00
9.440472911363170794e-03,1.114038890219689826e+00
-1.528328277948091951e-01,1.352390708673714970e-01
-4.532173159709495525e-01,7.923717408036029530e-01
-3.365817972909466299e-02,6.481600095644010073e-01
-7.097056945747004519e-02,1.260744936274782013e+00
-4.222730498127655885e-01,1.053967291755979918e+00
3.868426312127751232e-02,1.993858259212032413e-01
-1.327371905761573212e-01,8.708384741427200870e-01
-1.967312567157897263e-02,8.723209171482279589e-02
7.116245949244696944e-02,1.034676291337093046e+00
-2.488095798026943029e-01,8.641733463971640328e-01
4.609677955521365722e-02,9.399240605223249112e-01
9.082627228365529326e-02,-3.342090103120302913e-03
6.427561038460298803e-01,1.234446117076587690e+00
9.685165908767738585e-02,2.658131790361050184e-01
3.366942130357369889e-01,1.390936816030593874e-02
1.515427797428602619e-01,-1.582688836733720239e-01
4.426308629413043538e-02,2.612494565742124256e-02
-2.549654782762623539e-04,-1.925027621364682195e-01
-2.931392741500697952e-01,8.280273875840309383e-01
1.792493910256373613e-01,9.614404027053999879e-01
3.541773305758885715e-01,8.659056948797702047e-01
4.723232659095668029e-01,8.464546898535403319e-01
4.466795880142153674e-01,7.910673464968728252e-01
-2.187809445989374879e-02,-4.898138878368698407e-02
-2.534963224241552626e-01,1.024267260542142344e+00
3.162287311565302184e-01,8.674321642477227368e-01
1.723526990936675718e-01,2.341256177685815953e-01
2.676654557192483797e-01,7.445689946943223614e-02
-2.334878722622948377e-01,2.515143635756998952e-01
-1.190845355759064389e-01,8.997558637035324436e-01
2.608218417951171930e-01,2.079578478142224962e-01
1.123145944682878150e-01,1.114204954925052560e+00
-3.268420695436492773e-02,7.331232378994702037e-01
-7.777179314090409967e-02,-1.591366984162149167e-01
4.602456878661740497e-02,1.147769503176309325e+00
-2.868325159555588574e-02,9.588273615383120507e-01
3.234821570309295291e-01,7.653046600003445832e-01
-1.686662887867992344e-01,8.989307420539041082e-01
-1.891757820844561511e-01,1.369411284203007284e+00
-3.621587244609444228e-02,9.548517857484235538e-01
4.823724177656550371e-01,1.159701567436301373e+00
-8.745200956791837621e-02,1.103775028911063716e+00
1.878502530876377530e-02,-2.627805608306099105e-01
2.298660573159376844e-02,1.252083225980199721e+00
1.476187253053721504e-01,2.389963419287470803e-01
-1.768850275040793896e-02,-9.430411278373203310e-02
2.381258779868073439e-01,5.406514747676856025e-01
2.908112471948819458e-02,1.163008018774509988e+00
8.417050125394873183e-02,1.138369012625792820e+00
2.649308268331025951e-01,1.119076952471052877e+00
-2.733155447506110391e-01,1.074727592600573045e+00
-7.928126273005595137e-02,2.389797723201332047e-01
2.265549893090796907e-01,1.423838656150661908e-01
2.298396102897600490e-01,2.089257148933298114e-01
-1.488207166396465775e-01,1.370432214365596479e+00
-1.788958998893845354e-01,-7.617546610457427703e-02
-1.400378247491383121e-01,1.196294826936929123e+00
4.211386272147609605e-02,-7.777928653151879035e-02
1.808987946083298604e-01,6.336990949293929143e-01
4.656320222534209297e-01,-3.408588916871886920e-01
2.228104147609906716e-01,3.856133723496470850e-02
1.632862301277652750e-01,1.503257471365971876e+00
4.713860939561358154e-02,3.268327143230385229e-02
-1.403062778183606640e-01,8.680813515601329966e-01
1.875467878028334034e-01,-1.277972075148514075e-01
-5.949701444760960301e-02,1.305672099719528134e+00
-1.360853568713400567e-02,1.120245560552632247e+00
3.772637254862006295e-01,8.447156806901412462e-01
-4.977928910330708390e-01,2.238599038640764760e-01
-2.735984300499547661e-01,1.720091800949814093e-02
9.124865661818822027e-02,-5.518953365385117493e-01
2.011451938859275257e-01,-7.317771356118289716e-02
-2.625670630080036844e-02,9.422896812907275432e-01
4.697887432974689470e-01,1.202744234364413689e+00
5.243730800359650557e-01,1.194171869853241086e-01
-1.014904582400401323e-01,8.331745740990854632e-01
3.069062318538390843e-01,-2.614576197990684317e-02
3.907877144370506817e-01,1.286714851591340025e+00
1.432489245195307098e-03,3.151335613264500957e-01
4.561670012124015572e-01,1.058700370380143641e+00
-3.762853058809397661e-02,-3.487178035125109571e-02
1.953725307131418121e-01,4.597113252658012461e-02
3.472136755631348715e-01,8.671058418524637545e-01
3.646361212492761350e-01,9.426489196211496058e-01
-7.247277930696550963e-02,-1.278615651473446191e-01
2.585662649650456446e-01,3.985281265441029119e-01
-3.854231276955543545e-02,5.762429501924003217e-02
3.324177135657250832e-03,6.602978599398674764e-02
-5.440550247129802841e-01,-1.468660429713513627e-01
-2.345023127334779078e-01,2.468280802729183876e-01
2.467874301098133549e-01,9.462949414138802640e-01
-9.374943154486165345e-03,8.521332452966415838e-01
-2.523835288664661447e-01,1.102779937001844068e+00
-1.918548020624643580e-01,1.059716784273282197e+00
1.215469969538365141e-01,5.545794323068600207e-01
-2.463510077092671002e-01,-9.589847098050795215e-02
-4.090052706923437698e-01,1.683714067303607731e-01
-3.907394055140829825e-01,1.194206851023731586e+00
3.937794696939642125e-01,5.644067207250551971e-02
4.997460382636576687e-02,-1.557444903226131161e-01
-1.085898301578125946e-01,2.696883509092306563e-01
-7.858871377003456837e-02,-3.819857435951831137e-01
-1.142083415414902464e-01,3.062633582733261250e-01
-5.387148960662731939e-02,3.556082436464490324e-03
-2.265938722307425379e-01,-2.208030317486706362e-01
1.855548756985168357e-01,-1.406355144739787899e-01
-3.051292289534872706e-02,1.041054799090564087e+00
3.349476054303352490e-01,6.489299559236300086e-01
-3.412875796745200585e-01,1.106901692593152298e+00
1.277030926512258691e-01,1.245679767632342116e+00
-1.164845443269650095e-02,1.095705003257525290e+00
7.614399983121580839e-02,2.575459678880700487e-01
5.782928291981029312e-02,8.015929260664018674e-01
-4.677628513294745938e-02,7.070768381761410523e-03
-3.019634011112618532e-01,2.934494865337457514e-01
1.712411979206476254e-01,9.823462982939583643e-01
1.590068195203521717e-01,1.319676886705804186e+00
-5.036636097331508022e-02,1.258794290227921886e+00
-5.126979445820050163e-01,1.273864295740414487e+00
-1.863856886124664325e-01,8.662759323829254121e-02
8.522592187557034848e-02,1.102618851121569543e+00
5.868424987299009771e-02,1.170233750961961403e-02
3.457181004134920327e-02,2.781267475553659274e-01
-3.590077119085482993e-01,3.311556369320282078e-01
1.378765479206529865e-01,-1.973935962805286881e-01
-1.446459197291718179e-01,8.993422672122330496e-04
4.998429394367707307e-02,1.287751127069301837e+00
1.333767727158458316e-01,6.936369685747278968e-01
-7.095343678146331934e-02,9.393098487905957028e-02
-2.947769869656890473e-01,8.261466750648891466e-01
-3.086487702262482591e-01,1.331560250121191835e+00
-7.031389507220904556e-02,-2.955764407711251041e-01
1.881796397689648459e-01,9.393254077751430620e-01
3.314138047552025457e-01,7.189373029913612712e-01
-9.785980500077590127e-02,1.095314051868916838e+00
2.065767178470360732e-01,1.371630298624824107e-01
3.156763647406262141e-01,1.957401992642775895e-02
-4.394032127981574720e-01,1.353822282823148093e+00
1.215776266249307819e-01,1.111899156657494725e+00
4.446905076205653201e-02,2.099261910755191862e-01
1.216586436776087021e-01,4.745424505388798342e-02
-9.391422523258704993e-04,3.568216028105466453e-01
2.188825310968146032e-01,1.347610056196548722e+00
-8.673548440599075648e-02,8.449467307360574164e-01
1.021129679935636331e-01,-2.561981533710517844e-01
2.728364621698874948e-01,-2.955709074842021167e-01
-3.763341395124201183e-01,8.332669545365749553e-01
-6.580049131665112461e-02,9.876619372501740379e-01
2.949823831093290050e-01,-1.198715800608895626e-01
-1.806761267145287897e-01,1.120366295849010596e+00
2.660420916083332254e-02,-5.363708522920697108e-01
-1.677581411658918831e-01,3.182568849215466344e-01
-1.501194890767118817e-01,5.157649217205582115e-01
-1.062607622406022516e-02,3.755693144428732255e-01
-3.622214655485704315e-01,-1.287488685278853906e-01
3.162193375242512983e-01,4.548407474049364074e-01
-5.295119666331720154e-01,4.164909353416748061e-01
-1.337670756514136028e-01,-2.597557260220438313e-01
6.914945781056291985e-02,1.378631120172796987e+00
-1.313936932279878111e-04,6.107582436338343523e-01
-9.106115854071462901e-02,5.439199081200966901e-02
7.049650120716642598e-02,-1.384706945804645428e-01
-2.122781347889914350e-01,2.926161692394624869e-01
-1.051333890149692418e-01,8.237495828238938778e-01
1.677069432162205456e-02,2.192614083047524920e-01
2.681307862272067077e-01,2.023999615760725679e-01
3.740051970509337270e-02,-1.020777454141784252e-01
-3.399523281891380089e-01,-1.694962795783735710e-01
-9.005621211953102057e-02,1.327853278113082236e-01
-1.519369885916926066e-01,1.243184190356595581e-01
-1.204757256005418858e-01,1.422817245041383405e-01
-1.582555271424005428e-01,5.851381549945996324e-02
1.919981181980927043e-01,1.027247097527991260e+00
1.525513136192016284e-01,1.295257197756061185e+00
-3.778450703320412329e-01,-1.789140336718897106e-01
-3.671321359509658461e-02,3.438452582602138929e-01
6.329188736914553859e-01,1.375266549574128083e+00
-1.260429014492377153e-01,7.612425876673354352e-01
-3.132214018242088227e-01,7.384861235148098002e-01
-2.798677343109686189e-01,7.399738607890316011e-01
-3.140960829274349608e-01,9.882130446357526576e-01
5.257535703195493487e-02,-5.164151639367024066e-02
3.993084462803012658e-01,7.428374167534178285e-02
2.072164872578469985e-01,-3.107125384851594507e-01
-5.880454686362622529e-02,1.008744450861620047e-02
-2.990543123815931903e-01,1.235104129145274010e+00
-3.153987899281161522e-01,8.265201164113209487e-01
2.597587050987044122e-01,2.993646578233045193e-03
4.341735864125206845e-02,-1.367614047427322121e-01
-9.571341432207415567e-02,8.834005665339902946e-02
1.916373440460059363e-01,1.991137254830097902e-01
1.776295914051616021e-01,-4.003313114922275873e-02
-5.936004935397392289e-03,1.797025556103066801e-01
-2.270551109714950555e-01,9.500144532943205489e-01
9.101648853014313034e-02,-8.188350512902070610e-02
2.756799753493987398e-02,-1.845041315800079879e-02
-3.151861998980634016e-01,-1.495286247544680980e-01
2.681032523369699661e-01,1.110628494685072631e+00
8.915878683191057891e-03,-2.477996914543156293e-01
1.914765271182631567e-01,1.843677167771334557e-01
-1.202070576412998526e-01,2.989111273428037285e-01
-1.298533478872018754e-02,1.031711233460904209e+00
3.852545279425209079e-01,1.212078181765551932e+00
-3.303773476442684598e-01,-7.555181531607506329e-02
6.794945072107835826e-02,9.825208463254816449e-01
4.390691375225009296e-01,-1.146348615847391783e-01
-6.158419889900060284e-02,1.174145345379275618e+00
1.291736633969935155e-01,1.340049944200107035e+00
2.339685581137566639e-01,1.129097016394464692e+00
-1.713647909034527253e-02,-3.535334656619671390e-01
2.802013328201658979e-02,1.394413366902164331e+00
-3.191072905648807689e-02,1.226902117263311887e+00
2.921175766716472277e-01,2.371846347627434848e-01
3.723001302426979797e-01,1.011172948838910957e+00
-2.004711106919040697e-01,-1.640982047220787832e-01
-1.569800336594542600e-01,9.527264239208907970e-01
-1.723430038149663668e-01,6.130295579591509281e-01
-6.176990468357713981e-02,-3.926085296391873536e-01
1.137526808464437017e-01,1.097055165030283108e+00
2.238760546138329754e-01,-4.836016693588864046e-02
1.760139025816269964e-01,5.213346604463677814e-01
7.828618563953379517e-02,1.015695276932457203e+00
-2.658069852661635105e-02,-4.530476534534793043e-01
3.984986456712574093e-02,1.049498341305688864e+00
3.053356284993329409e-02,2.675597957869104149e-01
-1.602841988409717811e-01,-3.094460362307472900e-01
-3.569493265479166122e-01,2.424796125998603114e-01
-1.991211811995255154e-01,7.651029665343207498e-01
3.445703298556571648e-01,1.436676213995381583e-02
-2.671603835737078048e-01,-1.269885001457547735e-01
3.851342921614907544e-01,1.296218160439865930e+00
2.522134344737353429e-01,9.820022499369290836e-01
2.547374285265960325e-01,2.526602377155831025e-01
-2.138170213636620687e-01,-3.894828544983569563e-02
-6.457053292103222611e-03,6.676590312477239664e-01
3.176319856862553359e-01,4.564102781309203882e-01
-1.079990513809216818e-01,-3.826750757790117197e-01
2.120055658019754097e-01,7.975790712475185895e-01
-2.837559284014493088e-01,4.497431111098122436e-01
2.790519975346635317e-01,-4.752534053723718455e-02
-1.400350263200029199e-01,-5.598166349910883577e-01
-8.522157575822190967e-02,3.031187059995120170e-01
-1.544413139124507783e-01,1.031962642816835612e-01
2.642880682446691609e-01,-3.981198252232420048e-02
1.051412180248527811e-01,4.083204584575459983e-01
7.784938110597748595e-02,8.147256076372412226e-01
-1.746695279021165947e-01,5.931918051772653300e-01
-8.089403940380522628e-02,-2.253961160757074478e-01
1.120744936543545400e-01,4.405243743033161463e-01
-2.609848605535589061e-01,-2.558185560841240158e-01
2.428231657979603997e-01,1.074482536876883998e+00
-5.817781147724527223e-03,-1.631723950547286084e-01
-1.230189488970990543e-02,1.722651672935859857e-01
2.747808379043584215e-01,6.695059832151625812e-02
-4.483497792456316855e-01,1.079464699521689663e+00
3.983330611421889156e-01,2.880910408177770887e-01
3.316520407111394619e-01,-4.187860959344763545e-02
3.272220414352519646e-01,9.169835939377901646e-01
-3.548025990691445752e-01,1.122593087334029516e+00
4.292814139550361618e-01,-2.353048349393048189e-01
-3.524465532503804899e-01,-2.279306248026922721e-01
-1.587029184094443657e-01,-2.647858998172072931e-01
1.164627263052693713e-02,5.441658318659958055e-02
-1.707967778495081135e-01,8.954083912244575894e-01
2.842175893800534814e-01,1.862743463855002501e-01
-3.085296863790341626e-01,1.136286969337206992e-01
5.675750122186880020e-01,6.378835929892541223e-01
-3.072754665683101183e-01,1.117131816567239061e-01
-2.413446520260011108e-02,-4.169310946443697576e-03
-9.823275134676723308e-02,9.985648760114677058e-01
2.086148537542639181e-01,1.120314457163012367e+00
2.349657433925962935e-01,5.004938310391319201e-01
2.942158789238940586e-01,5.258935885058089316e-02
2.813296051569808554e-01,9.774450601656581306e-01
6.853214498610467331e-02,-7.416290876543341071e-02
2.607689985021152124e-01,1.603027149379948613e-02
1.413817143100721818e-01,-7.959610639681793942e-02
2.193640861763362371e-01,3.012444905703806977e-02
1.767556717966512481e-01,9.571926380744019136e-01
-1.519559425774734129e-01,1.486191514712030592e+00
-1.061190167189032946e-01,1.090959997695223560e+00
1.426378624574935750e-01,1.254991477015666046e+00
6.311868678163232160e-02,-3.263160298239919932e-01
-9.981139426005672388e-02,2.049555048924943668e-01
-2.412536451849844332e-01,5.202444539945716429e-01
-5.252941125900462138e-01,5.612341081172999430e-02
7.845043284246706883e-02,8.597086087653842412e-01
-3.378682855918201111e-02,9.220421873344865071e-01
-9.077895043861851365e-02,-1.672598137889980130e-01
-7.906285718736173751e-02,1.230327912271593993e+00
5.669147615855453237e-01,1.525151717564924514e+00
-1.420237407703073551e-01,1.009351040990692061e+00
4.337556946270018088e-01,-3.581256092319839990e-01
-1.296431553658501379e-01,1.026324529060366864e+00
-3.182749035743489552e-01,-3.967894705382220971e-02
-5.897855984559877696e-01,1.254689674895936857e+00
1.521605521169486497e-01,9.025060211190669701e-01
8.820384049343207855e-02,7.590496954675218788e-01
1.770422388205905237e-02,-3.980498963251193761e-02
1.073947854110655353e-01,-7.532716255223068091e-02
-1.155717600038359272e-01,3.884268073908737628e-01
-1.454693361414070574e-01,-5.076488912159519973e-02
-2.309986798057168667e-01,7.869514815709608424e-01
-1.689753401770871244e-01,-5.801819143811913493e-02
-1.022020055291942980e-01,8.775915672043013149e-01
-9.869823225933156696e-02,9.559202170259161191e-01
-1.009609349042037418e-01,8.112455508193626430e-02
3.855067179010145118e-02,1.789630655411232271e-02
-8.978437547966290622e-02,2.888347779308482188e-01
4.544000256457552123e-01,9.289505625226482932e-01
2.499136506709495331e-01,7.586183161373701855e-01
-1.334455031993080076e-01,1.544400430565716631e-01
1.287242928126348940e-01,1.246701562566641552e+00
-3.136527676466063785e-01,-5.062627181180715669e-02
6.098956763282740168e-01,7.565153632902483771e-01
4.192222327753481470e-01,1.859843354796186440e-02
-2.798388964637473220e-01,2.407589721899415780e-01
-9.327172552826411278e-02,1.358941936059019140e+00
-2.762586829327554061e-02,3.097489458902788484e-02
-1.452814192625414280e-01,7.644113009965506356e-01
-3.126015737533818228e-01,-4.115907266222272320e-01
1.308263269787349747e-01,1.374771105559436657e-01
1.556263962841804849e-01,1.608653543044321621e+00
2.346313442848874109e-01,1.222234124377951980e+00
2.518761812177965909e-01,1.208035423024774874e-01
2.165642390307666587e-01,1.214816932123887083e+00
-2.272753303019563187e-01,9.637874762446614341e-01
-6.113388835734644422e-01,2.459003525202413942e-01
-3.703139339560113652e-01,-7.054104980559507132e-02
1.824169766310184126e-01,1.292301279768113542e-01
2.939609776887932568e-01,1.161235607353497290e+00
-2.845545425043234655e-02,-2.172434156197715627e-01
-5.531449833830348606e-01,9.869191659419761509e-01
1.467945971621460455e-01,1.017285239475844039e+00
-7.579410241985413965e-02,-3.704860470883945545e-01
-1.103133968024118177e-03,8.873874391449410037e-02
3.277522469290189977e-01,-2.285884756265380569e-01
-2.575909526084695367e-01,-6.752230654022477185e-02
-1.154458496225237718e-01,8.407196192805889146e-01
1.816476272820311544e-01,1.022148061268922659e+00
5.689993240773922878e-01,-3.578837037264995247e-01
9.425083081899614246e-02,-2.212788347888184348e-01
5.743183456825622264e-03,7.513648615007240128e-02
9.987122461664682538e-02,1.974772800864779965e-01
7.788863402531094604e-02,-1.959653294043481320e-02
2.536678177405773948e-01,7.604808371337583583e-01
-2.559701501665093137e-01,-1.547181870891315147e-01
-4.500027800205820272e-01,-4.854787663447384660e-01
-2.373866701632064979e-01,6.660921413727722840e-01
9.311753162296446118e-02,-1.306272535480496322e-01
2.640707599097460445e-01,1.029056417388916511e+00
-3.974816750437502044e-01,8.303484173597480700e-02
-1.530434569462387484e-01,1.188508832336573479e-01
2.169556997747723592e-01,1.003410681619493872e+00
-3.399540326793222822e-01,2.058274096474700665e-01
-4.737596042708795974e-01,1.404003868110743035e-02
1.827464399939406348e-01,8.313571041916254512e-01
-4.333016256619779544e-02,-1.737997959344260990e-01
1.318511560968586849e-01,7.467059338184727224e-01
1.293635206957887696e-01,8.947065999448328144e-01
8.847066034593251138e-02,-1.687605519414110411e-01
-3.903203763336035581e-02,1.300015784518044004e+00
4.681068699724543203e-01,-6.922561933192744599e-02
3.217614245274080798e-01,9.334117354800847144e-01
-2.224846778094968225e-01,-5.337551460560988753e-02
-2.855767728465488653e-01,-8.699167695241311407e-03
2.067104225800715442e-02,1.330394403576400375e+00
-5.381656669485172795e-02,9.813620974733922031e-01
-8.158203555705401122e-02,1.103777890192255695e+00
4.382195968520880558e-01,4.314369451973653069e-01
-3.303044296241858246e-01,6.879548560605439622e-01
-1.254466459021973679e-01,-1.266454529732924938e-01
-1.173009631642581846e-01,8.888528725861195579e-01
-3.477553149766718921e-01,1.351249563673572851e+00
-9.175103171266142665e-02,-4.962874633669273616e-01
-5.038007390588027795e-02,9.253971693494617012e-01
4.350548973759153781e-02,1.118941263204953129e+00
-2.544806912300628388e-01,7.880055077638518091e-01
1.412554048926505101e-01,1.544124930715685406e-01
4.259577101194910592e-03,1.270357241964250594e-01
1.219716686574769809e-01,-4.061465973727511336e-02
-1.767168637101493578e-01,1.182270202763438194e+00
3.596672008155150230e-02,3.593213714696562588e-01
1.037692335655731463e-01,1.175068262949459541e+00
3.737455165419315550e-01,-1.323213267911983182e-01
-4.588173107811342050e-02,2.028998563326407933e-01
2.162487659430897130e-02,-1.720852408263088829e-01
3.046124312395144251e-01,1.138636324868071537e+00
-2.220844929705568793e-01,9.026692494982441195e-01
6.979371511171619628e-03,1.086236338272195123e+00
-4.462023636450322406e-01,-9.389782133456644336e-03
2.994244175747913239e-01,-8.552033634320906075e-02
9.693953193531883172e-02,1.321250109696613606e+00
-1.014860366630023977e-02,1.043088410388025578e-01
1.928406960126784475e-01,-2.090314086914892289e-01
-4.238302796337011236e-01,-2.259921479093719016e-02
1.105283111885253522e-01,9.115450027323831472e-01
4.739788289344856187e-01,-2.322638312130130278e-01
5.248155508479156184e-02,1.264787144833988908e+00
-3.034706932169175531e-01,8.469637702959155190e-01
-1.390051333861513916e-01,6.155245602037768826e-01
2.100072855395602733e-01,-2.069073483195962571e-01
5.188015082861748006e-02,-2.426955284779505062e-01
-4.480327481782868104e-01,-2.801899340856753295e-01
-2.654549882610196532e-01,1.216140956989278710e+00
-2.484216087033077336e-01,-7.570261931774019404e-02
-5.899678608989596812e-02,8.141153874920028510e-01
-1.911361220059578092e-01,-2.343090717986952565e-01
2.395756423151315373e-01,1.176269683537154886e+00
-1.002294952604635830e-01,1.044099777699922127e+00
8.442922006774183918e-03,-1.732190628062830196e-01
2.270093983366821069e-02,3.539617483653729746e-01
3.142500347878624534e-01,8.381157395031171298e-01
4.619973874816347970e-02,1.327931135493888082e+00
-2.452663619190472155e-01,9.045185092096080792e-02
2.036069754024836739e-02,9.591580927311726956e-01
-2.552824003515667406e-01,2.676419428769194475e-01
4.964610915816534270e-02,1.333931671995519874e+00
6.386075016167706009e-01,5.754205460320642729e-01
1.612841282685575084e-01,1.580746207101962231e+00
-8.119194606116388047e-02,1.783664270590627488e-01
-3.031420473390259440e-01,1.150361843134803053e+00
-1.747828853161529084e-01,3.973825800398799180e-01
1.391811090137021201e-01,1.082319337026291350e+00
4.786209817180378523e-01,1.037018661102288020e-01
-1.752812032992984714e-01,8.825467687456687305e-01
-4.386160958949159028e-01,8.275684261033982025e-01
-1.026826086506357760e-01,2.003888109874608359e-01
1.839193568973564175e-01,-8.180685766892256683e-02
-2.464378019381467666e-01,-5.894634761066411266e-02
8.523416580045765911e-02,9.901143872644151411e-01
2.564394265283109937e-03,1.328778380289347416e-01
6.251528028852378072e-02,1.368803557575027474e+00
-3.778709726550464471e-02,1.086073014863480068e+00
-1.390634389130802617e-01,8.676325248888255848e-02
-2.373200308967534367e-01,1.477249714002309755e+00
2.083354087085174944e-01,1.443736051079253846e+00
4.011166792491367428e-01,9.733180170214339455e-01
-5.977333740421431063e-02,-1.461841972909355691e-01
3.994666947291625192e-02,8.023642946202147463e-01
-4.718468552825016427e-01,8.318476777588850180e-01
3.155363682821291649e-01,2.837063673711501810e-01
-1.056656083286244274e-01,7.455985590844538269e-01
-1.493080586230749462e-01,-3.784828273463113346e-01
-2.466081370675084206e-01,1.205388186420105923e+00
-9.757198451169785125e-02,1.076649386822579046e+00
2.460426131911228054e-01,-4.939686283133320477e-01
-1.190988622841410161e-02,9.541722809412402917e-01
-5.750525391088073118e-02,-4.219635317766498583e-01
-5.363767328601357631e-01,1.028794398319052457e-02
1.126891857222424576e-01,7.963717031678287095e-02
-1.115281707717638293e-01,8.177372538767657684e-01
1.235193163240976832e-01,-2.759054486522338756e-01
1.904409005540411981e-01,1.116582583889149882e+00
2.463721397865199225e-01,1.002093551577651898e+00
1.256862404569635550e-01,1.242624988232772010e+00
-1.236380371118533383e-01,-1.723675440633944400e-01
1.526602681138664042e-01,1.159969295058256966e+00
1.444435310593203126e-01,-3.347059744525486269e-01
-4.537258540014921931e-02,1.083052785536350537e+00
7.456197547831387717e-02,1.128163327863341170e+00
1.004590496667791683e-01,1.281108587278563249e+00
1.224828554408495113e-01,-1.108272343930899045e-01
-3.847136963121984554e-02,-3.196236414338532450e-02
1.727290411355396071e-01,-4.872597940375075765e-02
1.559716284366877148e-01,-3.231789250549918502e-01
2.141123911869749832e-02,4.430577919453235897e-02
7.879266357503135476e-02,2.415202348483166117e-01
-3.375727186325349072e-01,1.004890673070384821e+00
1.034937326755284298e-01,-6.400828719120606192e-02
3.827427042125056689e-01,-1.646568275066654652e-01
-7.409982646989599075e-02,1.149750803680386513e+00
-3.756188401497727036e-01,1.025221552521389468e+00
-1.437734612249287613e-01,1.081281490588703376e+00
-1.938720050923130322e-01,-5.906947533137719974e-02
7.559197245995802339e-02,-2.358672501726509496e-01
2.399834757001746144e-01,-4.674995467847982145e-01
1.058294994688397245e-01,7.969839401320095718e-01
-3.458583815957246843e-01,8.939728925753906985e-01
-1.381427894978340953e-01,8.658836438723757079e-01
-2.181881447538708829e-01,3.447489346626742002e-02
-7.195817821345625032e-02,7.476246989724001368e-01
5.474963222279741748e-01,-1.025290590055361051e-02
4.556136670759339258e-01,1.510309714657942504e-01
7.439963638394973822e-02,1.574308220858897794e-02
-6.751264768902795477e-02,2.387675308337759705e-01
4.097579910441081497e-01,6.984471727344125913e-01
7.170537144711784661e-02,9.042564944118337555e-01
-4.990860161962379360e-01,7.935127564193018568e-01
2.922471320931403493e-01,9.153226265189208233e-01
2.155827694158807817e-01,9.479771885455242630e-01
-1.353735394014541626e-01,-4.086178979886556650e-01
9.183152761738702652e-02,-1.457234272732797938e-02
2.164960501246832036e-02,1.518872241536065593e-01
-3.344336893613893656e-03,8.821743150735406047e-01
1.533807761207316711e-01,2.251687633425748236e-01
3.634370368403086471e-02,1.598099046753143959e+00
1.336129035126973064e-01,7.112746263851792428e-01
2.656175571001772109e-02,-1.445623507005115715e-01
1.578203161572533028e-02,-1.152444364787011816e-01
1.707699984307663454e-01,1.111592874914569151e+00
8.591992546412036830e-03,-1.196135219591023535e-01
-3.281011225106558737e-01,-1.512992556595021687e-01
-2.141260640714070240e-01,-2.745734796793095622e-01
-2.441768150078023336e-02,1.086389817783260048e+00
-7.286052454263290679e-02,2.753784569552790717e-01
1.250505863026964148e-01,1.979177203330116375e-01
-3.215021427633399376e-02,9.509550221361903199e-01
-1.646243513979290529e-01,3.509032266179155923e-02
7.745721843951396124e-02,8.532346478179753113e-02
-1.853240576925515581e-01,-3.084447665726194332e-01
-6.988517274063747731e-02,1.198190699377269741e+00
1.316562254246329278e-01,9.096863165859822020e-01
8.369748563453896506e-02,-5.076453758388843607e-02
-1.470943701061324105e-01,9.437743403268625819e-01
-1.871087750610973544e-01,9.957401379617514259e-01
6.289923038712679979e-03,-4.341794999935082444e-01
3.765914549406871870e-01,1.023568737431538755e+00
-3.108399728119105032e-01,1.755992728569033545e-01
2.350172578087602882e-01,9.803106524348299544e-01
1.037675802936080527e-01,8.586646789775708166e-01
-3.172611313743716743e-01,1.019231004040272337e+00
-4.102279719269499303e-01,4.630317311303787653e-01
-3.773676253156410532e-02,1.457078624259982247e+00
-1.932490666963574966e-01,9.696560969059112578e-01
-1.423795767649714550e-01,4.255094140657098706e-02
-3.507908296869155507e-01,-3.725478514152301690e-01
4.385302154246943640e-02,-3.389844821139069708e-01
1.080167002914455554e-01,3.480347647251440524e-01
3.804015057113517284e-01,1.305205115684012096e+00
-1.329199627602524122e-02,-5.458106301916614694e-02
4.483333537709734973e-01,-2.875800243082995422e-01
-2.411710968797482479e-01,-2.725020558362693801e-02
3.596582513682891058e-01,8.179908251525288554e-01
-2.645887100837515660e-01,1.239692433153376072e+00
-1.638974022549132270e-01,-3.705730573845360531e-01
-1.191505561832896104e-01,3.366346103176934279e-01
-1.892621702015062912e-01,7.037755552770476319e-02
-3.022134627828667458e-02,4.834475790277428242e-01
-1.017219381650154714e-01,9.205332476452543489e-02
3.746235759025566547e-02,7.485414273140824637e-01
-1.147810021157219668e-01,7.966995095776749913e-01
-1.393249975752026415e-01,8.171746452629994328e-01
-3.967353527776462663e-02,-5.108809381146959261e-01
9.652129584122640105e-02,-2.572101820845903997e-01
1.595476519663140413e-01,1.099705938129607707e+00
-1.337863653942264197e-01,9.871137642594765005e-01
-3.713368843169183586e-01,7.364167936277388193e-01
1.433493619162528321e-01,5.406647745240336089e-01
3.237794878931419401e-02,-3.117594440090023025e-02
-2.208573412341097164e-01,1.109131392581725661e+00
4.016150269840233489e-01,5.938257007754321748e-02
1.317722786004457344e-02,9.088010782441781066e-01
6.581739898371687103e-02,6.064442801697100816e-01
1.078197341573199214e-01,8.201510103526270523e-01
2.249066408546375739e-01,-9.848497003488934642e-02
-3.760235720597519121e-02,1.105061186868726342e+00
2.015744458072885603e-01,7.369505682492290266e-02
-1.415256566323916110e-01,1.496714223390664122e-01
-2.815788203925743693e-01,7.734237562061536675e-01
-1.684862700895315979e-01,2.328597355157742133e-01
1.787826931678361542e-01,-2.548774795664542070e-02
1.480828901631489891e-01,9.289904430514226430e-01
-2.936966208150768587e-01,1.225437777800693295e+00
4.461269954223447964e-01,9.304450014909496636e-01
-8.159965726448529730e-03,1.510623680913549816e+00
-3.222515812190642759e-01,5.767200290424731035e-01
-2.565160479537567997e-02,1.696958887133812044e-01
-3.628314353248299207e-02,1.138924334790347936e+00
-1.337471744378555816e-01,7.345335433981111661e-01
1.242929329524843918e-01,1.947649975942750133e-01
-1.878383784119549149e-01,-1.023337855524597828e-01
-4.817043171761219433e-01,-4.134407894149354501e-01
-7.435381024146162088e-02,1.468389439632609372e+00
2.067160623521482332e-01,6.246023747989463276e-02
3.214775411711168207e-01,-5.237310303707122250e-01
3.032591946863100532e-02,2.703077083330929914e-02
1.981403520349971081e-01,8.362670657108060013e-01
-1.279221988260496323e-01,1.275741788773440355e+00
2.054873121778672262e-01,-3.064343590503360582e-01
2.923575026687998957e-01,-2.020561805732767613e-01
-1.758651281342060169e-01,1.214146374800684658e+00
3.925479537906234606e-01,-2.058662642997592662e-02
-3.039104735192739090e-02,-2.370476980915763865e-01
1.078413900683432847e-01,-2.392182676366959304e-02
-2.287026095515226967e-03,-1.267699515629407830e-02
2.270803797646487876e-01,-8.221683989417623295e-02
1.583917081850742536e-01,2.204505571764747152e-01
-5.220513409043764375e-01,1.809465701761722375e-02
-1.627922053422041215e-01,9.526173201770642418e-01
-4.364845374256049598e-02,-2.154562435481380267e-01
-1.485752454587417615e-01,1.164365914588750384e+00
6.660453281355101229e-02,1.193143764167814869e+00
2.053069009788119348e-01,-9.385529198542198748e-02
-3.798432172163447307e-01,1.071034870786488957e+00
-3.608415440091729542e-01,9.941954727077971787e-01
-6.630996583254385179e-02,1.334238850294184209e+00
1.712294684035979009e-01,1.061449853329676341e+00
-6.630698519735343799e-02,4.004730423929307032e-02
-5.312511538480698681e-01,8.911927047564056625e-01
-5.294609897948689969e-01,6.161825428060458965e-01
-2.347571067420079483e-01,-3.889067508801084816e-02
-1.090145974908814930e-01,7.203266852492717920e-01
2.653424604746482118e-01,8.552480767318462185e-01
1.718295980163228320e-01,-2.737316191122364517e-02
5.171431643370137943e-01,6.179137098763286540e-01
-1.504248395101433489e-01,1.025224238862407766e+00
-6.981438000568970792e-02,6.347901126381030323e-01
1.327703396109050638e-01,1.003368913685428687e+00
1.436742197583889824e-01,-2.716073595512873418e-01
1.976861760311450777e-01,-1.556642496367884321e-01
-8.382844589620455644e-02,1.170452897824401983e+00
1.691183179533164438e-01,1.192096044661836718e+00
-1.343940406918446573e-01,-3.448594960558569456e-02
3.743367587949102959e-01,1.198601184109497009e+00
1.362388303946792667e-01,2.489691472264750349e-01
-1.857082155192542605e-01,1.221822575669108124e+00
2.521210465408453387e-03,-1.288141746547480371e-01
3.834744477539168278e-02,1.193588641754485202e+00
2.617690033185003373e-01,9.878565420716344248e-01
8.201017173044429509e-02,-5.531725437033270520e-02
1.566753694789987661e-01,1.055718534250981611e+00
9.268123613318819676e-02,1.280673505785033583e+00
1.459049014423498269e-01,9.196707073113078446e-01
2.899868380740990015e-02,1.032303924097556225e+00
-3.072581776917374108e-01,1.413230373247009286e+00
-1.207392869321920192e-01,-3.373343822199499908e-01
1.268531176814612638e-01,1.523947798051994984e-01
-8.019081621731395659e-02,8.582993566594873114e-01
1.935450162584526068e-02,1.837918736610742176e-01
4.612702164329228749e-01,6.747710401186198803e-01
-2.378994544616556961e-01,7.479060713945464567e-01
5.144536823695309291e-01,1.208471820341340042e+00
-2.598125313433377048e-01,1.316474727349743912e+00
-2.503105698698478987e-01,7.695773642484496913e-01
-2.948058806544232580e-01,1.578028520169303117e-01
1.277389275065687058e-01,1.486444591129786608e-01
4.474254043406973753e-03,4.121164666866799359e-02
-1.123840674030206627e-01,-1.995565108551796696e-01
-1.323758516560722964e-01,1.235448723446785246e+00
-8.771139758534763492e-03,8.060290585614063863e-01
-9.451607110818589785e-02,7.616852460064970076e-01
5.708060746322965277e-04,1.196296818425434338e+00
1.264782744510657420e-01,7.988975004912719502e-01
-1.743987208153765511e-01,1.151193553772761113e+00
-1.975845234993952801e-02,4.552149910483322404e-01
3.563029806672284305e-01,-4.852165690375122020e-01
2.793530830854218383e-01,7.108984482761613322e-01
-1.790026870382704360e-01,-8.211536967542797105e-02
-3.029252005636482448e-01,-1.284890602515648128e-01
2.943398232629559907e-01,8.776904237639558959e-01
2.756245168503544951e-01,1.241018379976959407e+00
-1.544984658056133553e-01,1.146930967096745801e+00
-2.874968921832928292e-01,1.119556978491056620e+00
-1.846013210688136341e-01,1.527176675131406425e+00
1.345733196125226683e-01,-1.216240159764257894e-01
5.913293503824548769e-02,9.137531886376812906e-01
1.182032734115990441e-01,1.211778377573636600e+00
-1.051192431263787558e-01,1.036619619785707380e+00
-1.027556024888580111e-01,8.936444688518316859e-01
2.892687132253286553e-01,1.209798914309389906e+00
-5.565561441176613000e-01,-1.671536643388134846e-01
-3.085651233819239891e-01,9.855081990724045005e-01
-1.719581158841094748e-01,1.125783716922346800e+00
-2.820848626219785715e-01,9.690306025723875380e-03
-8.631339962696682813e-03,1.627575495867336908e-01
1.036114557222617000e-01,6.462757259297446932e-02
-5.450879818595404103e-02,8.060599393112923006e-02
1.804570416120733489e-01,-2.901864130938995937e-02
-1.873853978572243006e-01,1.108717425469672113e+00
-1.977952381055783082e-01,-3.825177403916526497e-01
-8.729862044490714623e-02,4.602520642396091405e-02
2.360012409903373409e-01,1.029954902288055862e+00
-4.435389765367365178e-01,8.162859039788955551e-01
-4.534712588804171163e-02,1.019198583842400863e-01
1.712294948859455213e-01,1.910825352325644655e-01
-4.041172711824823072e-01,8.207514693646535964e-01
-3.868313619020476851e-02,1.103554036181404463e+00
-3.605984345000303182e-01,8.185800218943662943e-01
-1.543353978374682745e-01,-7.364137935092768261e-02
-2.141471489017690230e-02,8.635737121549831308e-01
-4.445426443038390935e-02,-2.941018048195727097e-01
-6.017277979319184122e-02,1.258660932533747889e+00
2.992833140676723347e-01,8.799538379457291781e-02
2.600122748534652306e-01,7.964451925228444029e-01
1.768846912100069946e-01,4.982057288011176310e-01
-1.815769898088444578e-01,5.710309377320844648e-01
-2.819113168399701996e-04,8.063250589089364651e-01
-3.616623171667147640e-01,1.076174748711391738e+00
5.659638998858624453e-02,-4.692175921573488173e-01
-4.433101253056755120e-02,8.824520212750008863e-01
4.456998715244091525e-01,-1.266043825502531639e-01
2.376091959219385485e-01,-2.833981612993397570e-01
-2.749768619388506252e-01,-1.736533786777662292e-01
-1.758370516877518774e-01,9.604963870251709279e-01
-5.164071261430405735e-02,-1.855554391625244548e-01
-2.942248396285538914e-01,1.151157864553129739e+00
-4.708291707540718796e-01,6.899470038183356212e-03
1.780651580013608293e-01,1.020399537975082538e+00
-4.926154385897222460e-02,2.297338603053449557e-01
8.013764158278711969e-02,-1.042427047108850785e-01
9.439140963606098070e-03,-3.200616710391414044e-01
-5.825885710168678122e-02,4.949946956652512275e-02
-2.052777454964164194e-01,2.139714656096413925e-01
1.040563951583804020e-01,-1.069651751649046828e-01
-9.192103433036032112e-02,1.065873522039434640e+00
2.249543656668982761e-01,1.231343809547079893e+00
-9.577229875167379836e-02,-3.230387799352397171e-01
-6.239644969394071011e-02,1.337601440796160335e-01
-1.181315501655884892e-01,-6.100847066859480666e-02
4.407699473712679561e-01,1.818733472889255243e+00
-4.663302049958975570e-02,3.142027774153949848e-01
-1.833716342879824490e-01,1.277524823055756764e+00
5.773256417263702422e-01,-6.582131401772621515e-02
-3.114102764905482892e-02,-1.830864092233981666e-01
1.588193762633269279e-01,3.929055858186746020e-02
-3.069680396510952869e-02,9.849397566697671857e-01
-1.866950246179570061e-01,2.539035242238218415e-01
-9.457049106498678637e-02,6.917899025928343770e-02
3.206540255948836515e-02,-3.076050103065858243e-01
1.980845270516048418e-01,9.445689103453336344e-01
8.350134461233693628e-02,2.512379212194424394e-01
-2.122390145621277091e-01,1.040286021063397293e+00
-1.602928171536344149e-02,1.226697360827792238e+00
4.169794710676583138e-02,6.126776760753511741e-01
-1.578405886490755194e-01,1.124588117990570790e+00
1.834314838611721399e-01,8.230765686370504486e-02
-1.186094242065585669e-01,1.016838154178064002e+00
4.810351602046722408e-01,1.073617775037189803e+00
1.816998031733824126e-01,1.068102399551414505e+00
2.769593059391886949e-02,-2.308001380615839204e-01
-1.587720627786024796e-01,7.807734395100486280e-01
1.990893793553911995e-01,1.049240494691081604e+00
9.489679662698224938e-02,1.384778072743251230e-03
-3.862260340919211887e-01,-2.433272384002265198e-01
-1.295795016305167739e-02,3.746676317913470444e-01
-5.732762061333653708e-02,-8.214066020814882185e-02
1.312820558089240752e-01,1.072321759138361141e+00
-3.712349752855254037e-01,-3.885228491264138273e-01
5.957416850060423541e-02,8.021828570766900146e-01
1.170216274923373129e-01,1.293637407140657558e+00
2.197784956161170367e-01,-1.704060324682979410e-01
-1.498841418360994382e-01,1.055097485895151621e+00
-5.391465432306332545e-02,1.332232455284670269e+00
-1.690262001851046969e-01,-2.973673683935923462e-01
2.228426756138132125e-01,2.506851317103837018e-01
-1.269012696696947828e-01,1.410237314188504509e+00
2.028833297576135564e-01,2.454272263843214896e-01
-3.341045595384755096e-01,7.034982848631265995e-01
4.934502258488049874e-03,1.171556669385010130e+00
1.823290007608034669e-01,7.166130824844290093e-01
2.778609142655177333e-01,1.276025688634402577e+00
-1.155823330493875728e-01,9.261771452474268917e-01
6.629312026970377025e-02,-3.535553364377347352e-01
1.755557893500895583e-01,9.960208141702230344e-01
2.810698539378917449e-01,1.334541037213015091e+00
-2.807858087803868224e-02,1.227910284590643997e+00
2.180813914364670147e-01,5.164709263766642522e-01
-2.327690969667071952e-01,-3.954601780673433487e-01
-9.325009577966866803e-02,-1.479986933010690175e-01
1.814641635784001450e-01,4.005548330949245533e-02
3.988419825826177156e-01,-3.060851661232466547e-01
-6.555869819145530852e-02,1.205547305327508978e+00
1.020482038782749984e-01,-3.260491607159244909e-01
4.090329735307556697e-02,-2.378518779501183344e-01
2.049531303267309867e-01,-3.754427671544551259e-01
3.591961401195991471e-02,1.348148089221746226e-01
7.570905529949613355e-02,1.230307464567430120e+00
2.181228867977569874e-01,9.440454586945742355e-01
-2.916735688242601543e-01,1.017300383929086310e-01
-3.998460003930528334e-02,1.000585673213551630e+00
3.558689135062190756e-01,1.087333149156182843e+00
-2.100483481699528254e-01,1.239632249756009275e+00
3.407534743491493767e-01,1.638581020786680498e-01
-2.599465856719898604e-01,-1.710326898350247593e-01
2.042322182309548595e-01,-6.658530342154517223e-02
1.155054479999796102e-01,7.249409031910875045e-02
-3.742350427443217331e-01,9.743557905033903288e-02
2.634211699187334332e-01,1.285526385665636262e+00
2.951999751641080083e-01,1.129364570749810559e+00
1.942469755145356247e-01,9.952380878180064894e-01
-1.704902211636269704e-01,-3.967539875225108495e-03
-3.833742866271635519e-01,-4.245120203427592970e-02
1.576615911299541484e-01,-4.864114495850539038e-02
-2.367320768726118851e-01,-2.999357620465318841e-01
1.471113871850741328e-01,7.919604778119547772e-01
-1.768427380713865071e-01,-2.646380292632888875e-01
5.654695008965344716e-01,9.939081118309105456e-01
-1.168302961604050921e-01,1.036904779259737674e+00
-2.498415729256464324e-01,8.147122918676504844e-01
7.816774781663546334e-02,2.491213939571699509e-01
2.936131337711170852e-01,2.250891374443325307e-02
-3.408662783937409929e-02,1.096265220157203846e+00
3.162527903200684221e-01,9.825930574935153317e-01
1.509788762806551221e-01,1.073277289404421797e+00
1.147993610906129502e-01,-6.034552489536935266e-02
3.429439673861581217e-01,1.725714101415256607e-01
-1.577786631150880636e-01,1.217161585870206508e+00
-1.189735090975771459e-01,-3.296465055361381125e-01
-6.156721642720309751e-01,1.073866177051105320e+00
2.374034727423671720e-01,-1.563596532548660878e-01
5.886476356184262571e-01,-1.046200018933336612e-01
-1.734688949398813587e-02,2.414650133556291156e-01
-3.353241392226911644e-01,7.382337297456330605e-01
1.803692173932384124e-01,8.117139913688107278e-01
1.332842451029949207e-02,1.006432160371429463e+00
4.324095288275573989e-01,-4.953102777444106652e-01
2.013537805451922624e-01,9.660627191828194960e-01
2.679861824303470530e-01,1.721629525759558743e-01
1.433146561672556385e-01,9.906635881421538281e-01
-4.049001062258600903e-01,9.783859798676060315e-02
1.187101903853765156e-01,-7.433885431485169892e-01
-4.913915671631660653e-01,1.201158382197755302e-02
1.687228514196461859e-01,9.235629842389879718e-01
8.661091861752891197e-02,1.144215544424376230e+00
1.670166162530307627e-02,7.720295713965655837e-01
1.850125859044468857e-01,1.583236537737555683e-01
3.399791068255600957e-01,4.056039080668618624e-01
1.543311289461893610e-01,9.289278159557127212e-01
-1.314833587891310329e-01,1.297602954605207470e+00
4.889262291543550187e-02,4.022938403922625139e-01
-8.539203767181602345e-02,1.243852690148928186e+00
8.272821966725056597e-02,9.829682048158617791e-01
-1.092816522048761091e-01,-5.522039440316809517e-02
1.061055003133437868e-01,2.363369709144673703e-01
1.454937387977967289e-01,3.180890266461235405e-01
2.141791450044186751e-01,1.033943445791037252e+00
7.498484294525727123e-02,1.662570686849371704e-01
-8.915457053121121633e-02,1.235977231269163479e+00
-2.325794342157026240e-01,-2.301488232608235318e-01
-1.403932898337310886e-01,-2.447848447513152892e-01
2.147461368500413470e-01,1.026802607750420648e+00
5.632819740478044873e-02,9.886042458658070853e-01
4.981021883945249695e-02,2.617526470625899937e-01
-8.031499597924079276e-03,1.745253469123900225e-02
-1.027302978133205896e-01,-2.272496268378358941e-01
-1.322886991333975873e-02,1.442386870640816054e+00
-9.786738297486321722e-03,9.881726538159342210e-01
-2.837805486711383329e-01,8.854400681465507406e-01
2.645867240786998198e-01,-2.805695564892027316e-01
-2.807801952640401888e-01,2.525068348191863987e-01
1.395686907690671941e-01,1.428813333266502061e-01
1.361666199037016578e-01,-5.151573530870440926e-02
-8.061948441946510668e-02,2.205328902220882181e-01
1.803894831319680439e-02,1.034925699037866353e+00
1.721612130858051204e-01,-3.394083570209237462e-03
2.594289466571676056e-02,1.102825162878404042e+00
3.520007238944109496e-01,8.249336601425369953e-01
2.887684504334042113e-01,1.313474726530287962e+00
3.530704552058430701e-01,-1.738026505572128344e-01
2.033775076252955227e-01,-5.415401516827568207e-01
2.487631645362964050e-01,-5.573480769849925576e-03
1.939469821196592170e-01,-5.557236149212450849e-02
-4.695249343845213363e-02,1.120435329351421837e-02
1.585616594069609864e-01,-1.306610225421554194e-01
1.759462308044694168e-01,5.454195084157034135e-01
9.532920070420218550e-02,-1.168124914237283207e-01
-8.811850482095782977e-02,7.937052133534893139e-01
3.132401976452797721e-01,-2.364244790159212017e-01
-3.815486123214585634e-02,8.540709476149050960e-01
1.517834247041441875e-01,7.504689477735519976e-01
-2.129162868827931820e-01,1.139483775048930836e+00
-3.536690890144995048e-01,3.730299841176616671e-02
-2.035022741619174902e-01,-2.142602469066177406e-01
3.808042387666008693e-02,1.110213282986520111e+00
-2.387738023170439816e-01,1.088631027311775190e+00
-3.466347229549162062e-03,1.008435807836353948e-02
3.302724565334745621e-02,6.419267560350887525e-01
2.584683784391318961e-01,-3.741048868824551343e-01
-1.310623918480152417e-01,7.373883837103752115e-02
-2.693865725859119764e-01,9.749514195390709403e-01
2.768505435669967873e-01,-6.334328809164159468e-03
-2.946616310085959506e-02,9.460445885541998168e-01
7.662842062057813319e-02,6.548124068704042067e-02
-1.608285797836037923e-01,-1.549982930940148156e-02
-6.622333848503016984e-01,1.156690969984461637e+00
1.354920380488377520e-02,9.612800171122460879e-01
-1.430608027566574736e-01,1.153341801460943117e+00
-6.824335574606192611e-02,6.891834193751462667e-01
-2.528363712279963482e-01,1.030455652712257697e+00
-4.741942214401900779e-02,1.118925686555086951e+00
2.496095181409899513e-02,9.361975299312147447e-01
1.536068936324281875e-01,9.537087333047100657e-01
3.708134941722606771e-04,1.111910764950652997e+00
9.418086839939264487e-02,1.082810076909612507e+00
4.206171183451340445e-01,3.985825066388171134e-01
1.959152469038739214e-02,-1.850371583157694455e-01
-6.113271225885778815e-02,2.123367346362044772e-01
2.604879601822332816e-02,-2.438347847812248614e-02
2.376628992879265823e-01,-1.173536888228774167e-01
-3.357255492766883509e-01,1.595410406072026999e-01
9.498172538436591705e-02,-6.098714134830688499e-02
-9.671907071315798132e-02,8.079454862597192921e-01
2.634969627841078910e-01,1.025905120179491092e+00
-6.143604301300911036e-02,8.907926970429904667e-01
-9.141695659837813237e-02,9.441373313173713477e-02
-3.245204907097373748e-02,8.443698785739064960e-02
-1.461245253771147334e-01,1.314049458942323279e+00
-2.022179973590044477e-01,-1.906519917540868900e-02
1.488703663378947717e-01,1.060207600466853251e+00
-1.677767797721695930e-01,2.731161091691306497e-01
2.438912520846072546e-02,9.621367395892043151e-01
1.179295525991607904e-02,7.781543673716306841e-01
-1.426350202627755248e-01,1.042692161261587341e-01
-1.379317779404665434e-01,1.120853008564316688e+00
-3.531336500736950712e-01,1.586944762143907839e-01
-2.794669904269822536e-01,1.193407670977841839e+00
1.664225579391746257e-01,-4.677974507757826639e-01
-1.391920883334716585e-01,2.180050829580027771e-01
-7.759851831994440952e-02,-1.788463623864354479e-01
2.287344307814987709e-01,-1.682701915440102183e-02
3.703382104471690528e-02,1.041907502348311310e+00
-1.417511273348111556e-01,1.289917292792823744e+00
1.409877093225133382e-01,1.078814719475553519e+00
-2.745574511863536071e-01,8.919763047249180676e-01
2.498359274675704955e-01,-3.017161347213547784e-01
4.139388268731317155e-01,6.276616529037670755e-01
2.164560259600281644e-03,-1.406341777497140677e-01
-1.407293381589041215e-01,9.590215552488909889e-01
2.800718936822387262e-01,-2.283706218460201387e-01
4.026733463518246126e-01,8.385750312727358047e-01
-2.219831548136465549e-01,1.010939799502146297e+00
1.283574514580829336e-02,2.384044483387389446e-01
-4.264050959951035807e-02,-2.461770146461758346e-01
1.152770946212233749e-01,9.232954848805521308e-01
-8.660119855239115094e-02,4.311896862317998735e-01
-2.154654353639112452e-01,2.828840682493626718e-02
3.223143474996960078e-01,1.086973102680858005e+00
6.131626292558123303e-02,1.493365041532688231e-01
-1.776415910357586336e-01,1.314254805321696029e+00
4.981504989341253298e-01,-3.163220152157894538e-02
-2.614775370408801702e-01,1.545484742812945345e-01
-2.355002814148219117e-02,-2.665047826604616810e-01
1.107962476248120984e-02,8.374803409909175045e-01
-2.729028978911445802e-01,2.729623197733060391e-01
1.265595124711828001e-01,-4.347638589847645924e-02
1.689997842048113763e-01,1.435150283417055972e-01
-2.537796944402262445e-01,1.054203202781610615e+00
-8.198489847170736811e-02,7.342738880547898805e-01
-4.204654385930761684e-02,5.316682775593364330e-01
1.678978191769515682e-01,1.350264695600052800e+00
1.361965974166565729e-01,-1.854280302759257204e-01
-1.011831660939306321e-01,9.860260344472591976e-02
1.022179208327401306e-01,7.110322813827283372e-01
4.662716662686478553e-01,-1.811102077210411943e-01
7.659734254152877897e-02,1.056712917353664904e+00
-5.316256253570884605e-01,8.310493835426365772e-01
-2.495645907767760630e-01,8.452814291027712645e-01
3.228221888384444349e-01,3.061296625101664337e-01
4.540235073441959979e-01,-4.096443584695244611e-01
3.585917777656054684e-01,-3.069269901586454408e-01
-1.808709407566642391e-01,2.765657761387155800e-01
-3.602932838031630558e-01,9.149144105629609669e-01
-1.885704595580122529e-03,3.724824777551831723e-01
-7.296341577336457052e-02,1.201996109170879290e+00
-3.080310818310161847e-01,-1.017946671379432871e-01
-1.815130704077002055e-01,1.035712304064663636e+00
-2.913126971387819397e-01,7.747487748518032680e-01
-3.093452661466386533e-01,1.195120408645877985e+00
-2.345440678437944182e-01,1.009447013532727144e+00
-4.052282002505770003e-02,9.105693675266445242e-01
3.135675495056174933e-01,-7.980678862503150228e-02
3.183149605824597828e-01,-1.088450263192236450e-01
1.058237443884062073e-01,-2.535176356860340263e-01
-4.606893181305122265e-01,7.431340169185847166e-01
-3.664766141287040258e-01,8.835856134931269201e-01
2.184601953248891670e-01,1.707212034551578161e-01
-1.406559377202388703e-02,6.888067979718495160e-01
-1.912584775975247620e-01,1.250656213566008423e+00
1.292705372253875884e-01,1.191708972089342344e+00
4.314393108877218053e-01,7.264155013024884422e-01
-1.621475587721384060e-01,-2.830819326498741906e-01
-2.886984334110180572e-02,7.422408960836774927e-01
1.597600386779134476e-02,-9.215478490690531821e-02
-6.296136325259696354e-02,7.045915246950174016e-01
-1.607761950584384314e-01,1.378030242502681635e-01
2.630104802586819557e-01,2.793579199537321589e-01
-5.944940652396085712e-01,1.269908801215589245e+00
-3.051451355548700506e-01,6.768985139232993609e-01
1.131237617018119312e-01,-6.881055591172960395e-02
9.602229098900845472e-02,-2.664829268324408473e-01
4.237392606753053598e-02,-1.419356385399601073e-01
3.406970950392956832e-02,1.121203335149326408e-01
-1.708315730369257823e-01,2.307540244940058660e-01
-1.539036695902913643e-01,1.136774939424027853e+00
1.098914876309028121e-01,8.883618197281737405e-01
-2.656816037149355991e-01,5.541886208239445999e-01
-3.503638965334081312e-02,-5.612452857393306072e-02
-6.416503360639526365e-02,-1.502254122951781345e-01
-2.813998685729429128e-01,-1.357451477208521939e-01
7.153802919973775709e-02,1.107568676631341537e-01
-1.941825412771097312e-02,1.065384665336311709e+00
-2.887079786438455364e-02,1.009537115570185328e+00
4.268240414947106071e-02,1.443568980658590073e+00
4.308080900046621364e-01,4.810006658773548494e-01
-4.587511549945330613e-01,-4.365015692182044882e-02
-2.909370357945065266e-01,-5.684434064648279106e-02
-2.841842450556701927e-01,1.356766220401378398e+00
3.147326032027928377e-01,1.113171328062110499e+00
-8.032010349972284677e-03,-3.520825386316236427e-01
5.378595361495240590e-02,8.648463760987790128e-01
2.222913731991970898e-01,-1.121977825591480016e-01
2.927159125270428208e-01,1.054058385465517445e+00
1.806601959537427748e-01,1.110017862455243698e+00
1.082856789752092985e-01,1.004047644491471436e+00
-4.918850926095177933e-01,-2.256313696283211157e-01
5.000936914064240540e-02,-4.138920053307479363e-02
1.551446457121570255e-01,1.186824635917615479e-02
-2.941225905163896096e-03,4.590686731293109474e-02
3.835400514748145695e-01,3.292059118762247771e-01
-2.504063853880404977e-01,-3.409428091612045145e-03
-2.315643976092255363e-01,1.060724148914599319e+00
-4.793077150827525570e-03,-3.085117047957748326e-01
-2.225379301290934808e-02,7.402803738163380443e-01
4.422571908065228014e-02,1.096167255354695058e+00
-9.574520382648740377e-03,1.112106140503942991e-01
4.093732666610777060e-01,7.277346337928103370e-02
-9.591798722702066238e-02,1.944168321185552051e-01
-3.346781820400380331e-02,-5.784467449526394661e-02
-5.795296942828095377e-01,1.046450782997161877e+00
-3.429705281864393052e-01,8.776142068420632603e-01
5.857777456400745791e-02,1.031433746931161632e+00
-4.033811065933777251e-01,1.410800461939781147e+00
4.961517765125288137e-02,6.551441399642100594e-01
-1.030387388590521952e-01,3.900679115427928556e-01
-3.068628609109712579e-01,6.534566015990471433e-02
1.639631947729972283e-01,1.746431923752347903e-02
-1.535264393134462002e-01,1.186622060326349842e-01
1.849315092623052964e-02,1.234518588724298205e+00
2.642124706224783237e-01,1.121025749990242071e+00
-2.807295506959467390e-01,1.184895059468767498e+00
-1.225842100198805684e-01,1.210166382309949773e+00
1.183307741177941630e-01,9.730085762154504492e-01
4.717431361139907270e-02,8.955271024387436718e-01
1.764603758047091422e-02,1.142377671233186565e+00
2.988106181188234234e-01,1.086863186406890280e+00
2.659164705135604323e-01,1.080381986734841204e+00
3.171301993996625823e-01,-9.646194200463217849e-02
1.842319793319283361e-01,7.627337954372390150e-02
-2.433865892181318047e-01,-1.612868601055734985e-01
1.771581833210151002e-01,1.333378188105006190e+00
6.401756081906033458e-02,1.085140751688429051e+00
-3.046391370177720798e-02,8.034145780533797909e-01
-1.542018622318978849e-01,1.015374116134091453e+00
-1.243293879162354204e-02,-4.065175419125320322e-01
3.702751316689785188e-01,1.344148781013633887e+00
8.373045195803793805e-02,5.684375738848833626e-01
5.598634468062881758e-02,3.794821612229855312e-02
-1.314265160740921423e-01,8.958649646017219359e-01
-6.201288484177863713e-02,-1.565613610168392622e-01
-9.017525669756304429e-02,1.037243306167801915e+00
-1.337264619989693704e-01,1.813103214299733798e-02
2.712891509460251815e-01,1.040605375574963576e+00
1.340320893687991233e-01,-7.311278540178067775e-02
2.262857160253806121e-01,9.358350874040111123e-01
-1.712420761004258829e-01,-1.912374143250057112e-01
1.533860331271989230e-01,-2.337076255195764118e-01
3.439478037329379290e-01,2.630890925375748424e-01
-5.533654590631826437e-02,-1.017028862369586534e-01
3.743752256084273422e-01,2.387710737527295318e-02
2.377069033716636415e-01,1.042473617701462185e+00
7.613648726954259927e-02,9.816356192423351112e-01
9.488613439403099925e-02,1.017607261968803023e+00
6.599291811450226641e-02,8.074732929558265937e-01
-1.681100096329291305e-01,1.110799398482278821e+00
3.748373140841898543e-01,2.841767707330737636e-02
-2.228059155742103947e-01,1.160669848147188210e+00
-1.047607508775258434e-02,-3.346346106584510705e-01
-1.921755605734495331e-01,1.183425057694840632e+00
2.409157107457954861e-01,1.572183928647294504e+00
2.817324597045278156e-01,-7.539399421838265114e-02
-1.427892486728456201e-01,1.481726737311307662e+00
-1.561339257407476887e-02,9.509358550131812304e-01
3.119910820172140387e-01,6.102945902009694334e-01
-3.515522299438309517e-01,8.009703113851160405e-02
-1.802049826731041415e-01,1.041575948286331266e-01
2.002207815907747213e-01,4.304069593732406940e-01
-6.591925749818444702e-02,2.262959594880867842e-01
3.459174446668807357e-01,3.327308894992861421e-02
-9.258170903219598014e-02,1.150541531982708143e+00
-3.104182459025460750e-01,-3.983868557770697261e-01
3.792925753631072316e-01,-1.173565513526246551e-01
1.165575146937298107e-01,-6.374790826650286735e-02
2.543067819467215718e-01,7.724123774897119488e-02
-1.047866685747449456e-01,8.004867516433158414e-01
2.328358144090679760e-01,7.974752023710568460e-01
-2.887681029645400299e-01,-9.634217535271553945e-02
-3.183123857560921643e-01,8.553095648191473277e-01
8.912277076069058390e-02,-1.536420663628588479e-01
-1.991254160515527893e-01,1.173392520298970787e+00
-5.689050547567092719e-02,4.364175039871192041e-01
-3.467018694038100923e-01,5.570375538517626790e-01
9.316953222015873781e-02,-1.132635722171733972e-01
2.605455497580442814e-01,-1.196229253961250405e-01
-2.398791531901515728e-01,2.777767761058926033e-02
-6.746157960560971063e-03,-3.464946802402176784e-01
1.616291590287172730e-01,1.328637893433173733e+00
-7.183441169046165566e-03,4.071961091242352060e-01
-1.030114406649201009e-01,1.402775833521250570e+00
-3.068805301878188008e-01,3.537205618082025493e-01
1.799821463482553785e-01,-1.561616112753646257e-01
-2.758308426411885950e-02,-5.586315329761362136e-01
-1.982425273257838738e-02,9.071147292684522689e-02
-2.247624341909360002e-01,1.060282595185227716e+00
6.400778794496862767e-02,2.033536034331623887e-01
2.689733588564501843e-01,2.370720753131675407e-01
5.937550106688906093e-02,3.975278142405441750e-02
2.990161715615539673e-01,1.092194684482616251e+00
-1.679212440577833032e-01,9.705411405993957796e-01
-2.908591048815368368e-02,1.220369722273653146e+00
5.706156440262229179e-02,1.196377113302719231e+00
2.627132158656342656e-02,1.592358142755400385e-01
-1.816053346089751552e-01,-9.787786403776120581e-02
3.030219997142820088e-01,-1.470706297410493135e-01
-1.292406656740393844e-01,1.247084965126490311e-03
-3.187213651971368411e-01,2.406491361044930943e-01
-1.176935454748244958e-01,1.309839643596867609e-01
4.067682325822648548e-01,-1.501541944115753272e-02
7.588298920577224438e-02,1.118351737652250710e+00
-3.929958761810958129e-02,1.271018218881685868e+00
-7.898087879925801136e-02,3.647041678116206276e-01
-6.475439551275302685e-02,4.427408558005434258e-02
3.116022224363247384e-01,1.316958995794747178e+00
-3.246070582811350080e-01,3.416047374163026507e-01
-7.969090712256986231e-02,8.901007045014269758e-01
-3.317153126458542434e-01,-2.203440686470592436e-01
4.915423793252200052e-02,3.809688799732773301e-01
-2.001638667235401681e-01,-6.530124043072279560e-01
-3.237406508249066062e-01,1.457471254410795058e+00
1.252691972581127799e-01,-4.483744276057413658e-01
-2.981106034761898949e-01,2.231733797901179761e-01
9.173896401209075124e-02,5.662661328893745516e-01
1.466777991188978891e-01,5.933623713276302281e-02
-1.343465685585961411e-01,2.612401359520951857e-02
-1.078161436404370538e-01,1.073400944909810528e+00
-2.711208186345931415e-01,-5.276390722709042858e-02
-3.090446881924575548e-02,9.021381497663081284e-01
1.600049583993021496e-01,2.091793451320678454e-01
2.801249742993154324e-01,8.664317736651304669e-01
-1.442815213074677416e-01,1.271200389171304179e-01
5.475037713573373266e-02,8.315816878978519178e-01
-4.990251224814949427e-01,1.185588667469774427e+00
2.448936137666224144e-01,7.162923625514376613e-02
-2.782502522051583452e-02,1.322847716865059864e-01
-1.225339717854970756e-01,1.685497875416535729e+00
-1.115266269047328895e-01,2.277527328588450362e-01
-5.295691771950036264e-01,1.017884883983408262e+00
2.957030766173571745e-01,5.293129851981078771e-01
-1.234468881538651613e-01,1.038479137429666688e+00
-2.802181471603530372e-01,7.923397697223200087e-01
-4.550757675160377880e-01,4.275883634110552722e-02
1.716891772527601445e-01,1.192945409817832481e+00
6.524690511223679712e-01,-2.408642075320255871e-01
-1.275058965612251849e-01,5.140764254918731568e-01
-5.496999537803321650e-02,1.123403509501610387e+00
4.354446574599857844e-01,9.295212623153275011e-01
-1.784522299527154243e-01,7.075234829916875468e-01
3.109044384791093130e-01,-1.526610779017451534e-02
1.263092595157916387e-01,1.970898362856286223e-01
1.255566910450514606e-01,1.525451693007966236e+00
7.511405257241736411e-02,-1.218272255622057515e-01
-3.271180372339667075e-01,8.328625594192113901e-01
-4.728124400911663527e-01,8.634180828013733322e-01
3.766316776830292978e-01,8.924538004127546831e-01
-5.754394428170531844e-02,-3.602481488354564165e-01
-3.269447504546754146e-01,6.843017925624518272e-01
-1.433121623212746942e-01,6.144152565466095561e-01
-3.100802178734274883e-01,1.114696147936337978e+00
-9.380625723558461138e-02,3.468038033169560386e-01
-1.051756456887856100e-01,-2.403088254788967593e-01
1.166563662019335923e-01,5.903362579871428428e-01
1.187916345397962287e-01,1.282402180020685012e-02
1.666549250439218199e-01,-5.662159656586625289e-02
2.575866933403953007e-01,-6.115381867608192523e-02
-2.770368554364864566e-02,1.003406107439429040e-01
7.760136835924931649e-03,6.164550314991077418e-01
-3.642594041064584065e-01,1.274692260267463295e+00
4.731705445936644772e-01,7.761354259817346835e-01
-2.633190632628312766e-01,-4.052655761391601996e-01
-8.275494057746306253e-02,1.120859954757943644e+00
4.386718241709278848e-02,1.048625780299596411e+00
-7.560930353507289148e-02,-4.844561112504766620e-03
1.108996643530581611e-01,3.187227220388422766e-01
-1.331350486887287188e-01,-2.246783917952113740e-02
-4.452339191152893672e-01,-2.492291403641388667e-02
7.828024731660702951e-02,1.138601655034392257e+00
-2.078244727309854489e-01,-5.560428393119089957e-02
-9.029066079492761854e-02,-7.794076810995508031e-02
-3.631637967322014493e-01,1.211298589461108355e+00
-1.373806489565688183e-01,1.805013622603691414e-01
-6.047430542884661697e-02,1.338032073773204322e-01
-1.062721828349760950e-01,1.129133507036086836e+00
8.242996192739805716e-02,7.413036871870795075e-01
-1.690475372726477910e-01,2.365810877560763428e-02
-7.408001587044649172e-02,-1.905734442766895964e-01
5.542064975496055479e-02,-2.887150732417410604e-01
3.435957156419854885e-01,1.705589777623295611e-01
2.148603381886826924e-01,6.109644493686284816e-01
-2.938685747525179859e-01,-2.694866560972158376e-01
-6.511180589432912294e-03,8.846915251275307979e-01
-9.094451992597564483e-02,-1.981550589598084222e-01
-3.132960741228525969e-01,3.082826132912316885e-01
6.717125261982014039e-02,-2.723706198979756743e-01
-5.539337381927872395e-01,-2.951534482509712287e-01
-2.391578923595056028e-01,1.564406968489411853e-01
3.138126611814910372e-01,4.002854684107023941e-02
3.980884459218445581e-01,-5.297678575222215108e-02
1.499365619250226100e-01,9.255085488583150166e-01
1.527293228528414926e-01,1.048460924149953177e+00
-8.680956926022402598e-02,3.399691035505930659e-01
-4.245592394443502560e-01,9.416444836004744801e-01
6.397615058829381196e-02,8.124363229732390890e-01
-1.238870155746341212e-01,-1.212869895157283606e-01
-4.259987140485931301e-01,7.432632029344354851e-01
3.115987673542729153e-02,4.785355729975049321e-01
-3.825170796084493841e-01,8.188806151169515379e-01
-2.201080191521111451e-01,7.384643917773070498e-01
-1.332055903904179051e-01,-1.176092024320592039e-01
1.112791024602037410e-01,1.086557392741204914e-01
-1.948172531126469709e-01,1.655301162274504523e-01
1.285169907979875348e-01,1.071637800300423216e+00
-1.186131576428695600e-01,1.018297471374894458e+00
-7.053611333324054378e-02,1.034253713644244455e+00
3.219308434078642089e-01,1.071705083182855844e+00
-5.773200908054809677e-01,1.113442601109280172e+00
2.052973296440784023e-01,8.897452075584443287e-01
4.841462358722624093e-01,1.004960404409224628e+00
1.265973192334123032e-01,6.513931899458906376e-03
2.549502360369779730e-01,6.708976728254980593e-01
2.923730766106263923e-02,9.484277895969982497e-01
-5.288267422956850483e-01,1.472766761453508655e-01
5.828751535612866075e-01,1.017458073848952926e+00
-8.698691933717433988e-02,7.864143747289931152e-01
9.895611220089400167e-03,1.039325671111808180e+00
-2.589565707934979866e-01,1.052159015236782347e+00
-1.725764990960452008e-02,1.009131430130139284e+00
3.222949558712038393e-02,-2.546527138215329278e-01
-8.002794763212447982e-02,9.848925631030542860e-01
-4.166952807252927854e-02,8.711521882919470716e-01
8.581805826900476553e-02,7.427741191405722310e-01
-2.820732961590352583e-01,1.092001477481460592e+00
1.827863352646576789e-01,9.292201011164604729e-01
-2.971845835916634426e-01,-3.348024562645684488e-01
-3.467510731834784476e-02,9.102057048740919143e-01
4.547478006886979812e-02,1.190558735483049357e+00
2.454743540483761075e-02,7.097619680902562088e-03
-1.121666562014466267e-01,-6.617139251178336123e-02
-4.144914506686168121e-01,1.189385672845291619e+00
1.583280236453234735e-01,8.641966019762734597e-01
-2.694290438059454562e-01,3.481394221515429210e-01
-4.809256019647882852e-01,-5.297944935417127355e-02
-1.847066795012048679e-01,-1.987042896413880322e-01
-3.316562534246132454e-01,-1.549205203401926023e-01
-3.236899378886326506e-02,1.039091073076579219e+00
1.239855240794369463e-02,1.158577775589447301e+00
5.318605172582633461e-02,1.165713599689518487e+00
-2.242573948805002826e-01,2.952137055788113251e-01
-2.386439800641631803e-01,1.264434504230951550e-01
-2.950166641846289628e-01,6.418837986308284504e-01
-5.758327003840328639e-02,-2.463582832875965689e-01
-2.340229817090825615e-01,1.057510382414998500e-02
2.197513000642700026e-02,1.663626004086524446e-01
9.333157329024419080e-02,1.271703922187178204e+00
3.080268170798755034e-01,8.048597611087811021e-01
-1.658807939436431345e-01,5.335997193052772758e-01
3.295528689565606351e-02,7.489625748834485286e-01
4.433388204311644043e-01,-2.743557185334266624e-01
-2.720815193298872225e-01,-2.818477310770474767e-02
1.182002145821282046e-01,4.917963025068210481e-01
1.221450471533278570e-01,8.684588725891445593e-01
-1.777692778548381480e-01,1.269724541667082152e+00
1.389301246413215604e-02,-1.425639177020407988e-01
9.972729490627750548e-02,1.033254368811584945e+00
-1.326272520602234106e-01,9.105577315052905130e-01
6.393363415061996402e-02,9.376058485793431485e-01
7.994360522119714485e-02,9.978537796244886238e-01
-4.457347010019477307e-01,5.147621693404675902e-01
1.065506233084799470e-01,7.570510883634444799e-01
7.690924842326093969e-02,-1.599739971998763444e-01
1.154419925838065936e-01,-1.286378547011264029e-01
-1.576827544534561282e-02,1.063931668098748728e+00
-5.352106713001204830e-02,2.535968332180786322e-01
2.498864240260051661e-01,-1.830517108935266202e-01
1.882020284153928802e-01,1.033437855105880709e+00
3.626744295795070738e-01,9.970404021696905872e-01
3.984189403375714700e-01,4.573154872212467081e-01
-2.580741009362853486e-02,1.497509801845653687e-01
2.736211531951402431e-01,9.581929930104049475e-01
1.617858722678616468e-01,1.236922081972515519e+00
-1.300902711637326736e-01,-3.363001874734900531e-01
-1.027750718314674469e-03,1.309552353062745755e+00
1.465625111503036926e-01,-5.438005586071174846e-02
2.418191052229681781e-01,9.514482656722355047e-01
-2.385031989966809318e-01,6.344783667510683900e-02
2.411636990082425547e-01,1.679729748083192697e-01
-8.219952727732669773e-02,1.635182899722486427e+00
2.469391519234684362e-01,-3.180268161273883676e-01
-1.557005681814384590e-01,7.963271423566883334e-01
4.155142761408507635e-02,1.919907765638391439e-01
3.646639964875222906e-02,1.179145846097873651e+00
-1.163551846318486710e-01,-7.973787470868297367e-02
2.435609574411252420e-01,4.168677432715812980e-02
-1.836329703894416243e-01,2.978468089285646880e-01
3.608147003686156262e-01,-1.498283952403850761e-01
-7.521987319514363002e-02,2.947974671220052745e-01
1.137995478990648790e-01,-1.743268259718392110e-01
-8.416012920218628179e-02,-3.615061479004364475e-01
-4.078976850346690414e-02,2.532491249024188540e-01
2.277244390679405983e-02,-7.172918705205059975e-02
7.931449526014397455e-02,1.207330089848273502e+00
-3.953070406599063814e-03,3.764857453709045676e-01
-4.418723704102782424e-03,-5.572012968377846459e-02
-7.802088319623318169e-02,7.514299708902338892e-01
7.299313615463355609e-02,3.280838872110177773e-01
2.298190435478573990e-01,1.029678947182430804e+00
3.435454168237330741e-01,1.402207662187512582e+00
1.473445611330064485e-02,8.319599551900025425e-01
-1.866719139508400335e-02,5.608838865825780395e-01
-3.099510698467951020e-01,-3.906515578033267211e-01
5.876711499709266762e-02,6.640830621628944774e-01
3.088673589790430496e-01,2.114474497554007792e-01
-2.727019974258889159e-02,1.725670658634935462e-01
3.838995684694385124e-01,1.057965732338388865e+00
7.104368312127148921e-02,4.845675501450272954e-02
3.607404278314293999e-01,2.672104846357221675e-01
-1.498108361599099873e-02,-3.722850965394566836e-02
-2.062536619755877820e-01,8.576697722109252187e-01
-3.713040411231177673e-02,1.357675162258059398e+00
2.257124214643055349e-01,1.069206086796137267e+00
-2.603455349035652816e-02,-4.574732038010591584e-01
-9.204879279252298208e-02,7.828899367669521769e-01
1.217850292892381503e-01,1.262945439232895151e+00
-1.381285933491813445e-01,7.393087255064050289e-01
2.581133128313292668e-01,1.357479986625123702e+00
-2.214622642531037522e-01,1.198975163214176520e+00
-2.885097696049468974e-01,5.197842944135869780e-01
-2.936135579731745104e-01,7.360655446265794710e-01
-3.567338802506762052e-01,5.560785134830950049e-01
-1.016291757485896646e-01,8.685014295059406697e-01
3.200213255520284548e-03,1.866716499487859338e-01
1.437323534008439485e-01,1.114238832997373141e+00
-1.766138235666552259e-01,8.337056576272547925e-01
5.581447736502968132e-02,8.049161511930363888e-01
-5.060979489094536987e-01,4.980673470416004112e-02
-2.996869084469074296e-01,9.319778368253098799e-01
3.304163258760852151e-01,8.534402679139835302e-01
-2.000197743374943216e-01,9.193340680571068790e-02
2.140058624365710760e-01,1.076681380261208298e+00
4.664892246802548326e-01,1.065212623741137010e+00
1.911515081934472560e-01,6.951378326928985864e-03
1.015480469735269980e-01,-1.590693845451997823e-01
-4.155166017023816799e-02,1.102704035757517964e+00
2.205776602105677109e-01,-2.284633660626368412e-01
1.949081139740785062e-01,1.216332047526551829e-01
-4.281766866113188019e-01,1.049939022761428031e+00
2.384828785711163579e-01,-1.855741076047435212e-01
-2.288908092335901756e-01,-6.194119730843082594e-02
7.979161160637880668e-02,-4.334945128724423946e-02
1.976037623806428667e-01,1.063221363801498232e+00
4.883365026652199958e-01,1.331420087280043851e-01
-2.303430577942581214e-01,8.383460196090258831e-01
-1.203232939770717963e-01,1.467693917961646832e+00
1.282504855233020380e-01,9.266734083322757387e-01
6.627498205431085754e-02,4.691470778332715308e-01
-5.725674810138550175e-01,-2.435389466532355829e-01
6.386620385500106911e-01,3.087538730843836787e-01
-2.922822602848661466e-01,-7.149310430702818242e-02
-4.749703210849059998e-02,1.225285904123981778e-01
3.783930226308141465e-01,-7.622707552523068364e-02
4.013405707815492079e-02,9.278657960573408747e-01
-1.209247990540610329e-01,8.135506719138629883e-01
4.085372137691481442e-01,1.154317908981362439e+00
-1.432302540293344251e-01,1.102678783168592426e-03
2.146631177718625882e-01,9.073960127048210644e-01
2.909272717134361308e-01,-1.973916606748759572e-01
6.611295372840686468e-02,8.869151434210574836e-01
-2.537717414875319544e-01,9.419761152049561659e-01
-6.976896817323027800e-02,1.280220225328222439e+00
-6.198596395115066326e-03,1.822914608747138454e-01
3.080463552285003792e-01,4.879166597772232050e-01
-1.162468767715850101e-02,1.053494284948992554e+00
-2.393142005944533524e-01,-2.155937003352129469e-02
-3.931978899680392270e-01,1.009293285590726841e+00
-4.897736760177291010e-02,1.041820403261021433e+00
1.914759547615868807e-01,1.245604280857652180e+00
-9.860499550837069360e-02,1.324042492321944042e-01
-1.600417985444524058e-02,1.003053490188506425e+00
-3.072596557271378148e-01,1.099741136308066025e+00
1.485298979411332765e-01,-2.469256223589268856e-02
3.022507907498117596e-01,1.072070532625583494e+00
6.491857909786642455e-01,6.267580035846948006e-02
-1.807562823389213258e-01,2.864835030678319905e-01
3.780531210449436259e-03,2.676227173227340161e-01
2.786521395916719546e-01,1.893374012981766108e-01
5.827166307508009624e-02,7.658550342669612210e-02
-7.866204266226682618e-02,-1.208851741904490434e-01
-8.404191768572701060e-02,8.044149458789777718e-01
-1.428917829202153433e-01,6.450417681307080153e-02
2.520169880886197200e-01,-2.675904115068573619e-01
2.687657655523204014e-01,8.180948260344312883e-01
9.058229512058492069e-03,-6.487362304061465579e-02
-6.859708470229815280e-02,8.621070753425308375e-01
2.306235257718468046e-01,9.809774486683427996e-01
-1.489493174029246636e-01,9.684962666883747406e-01
-9.678209237648156479e-03,1.346726870050252989e-01
-2.133292300192768665e-01,1.018387755262851524e+00
-2.815542200410015364e-02,3.170081277684682064e-01
-2.730120112580243230e-01,-2.153187944060962894e-02
-1.418593141065099261e-01,4.067545227525948964e-02
3.591056248420658736e-01,-7.830610048229832976e-02
-3.513718869551954449e-01,1.136937879228637982e+00
9.898128756725644781e-03,1.286245220437390202e+00
7.323878973084487149e-04,9.530106408711198629e-01
4.512638168471982403e-01,9.362335873239977513e-01
-1.237523763302136003e-02,1.578851602368678941e+00
3.736824617300931739e-01,5.121829849426763788e-03
2.649003753044020248e-01,-3.645795420231081607e-01
4.244346821365107408e-02,-1.395164306943392496e-01
2.179996657473319277e-01,2.030325472367766337e-01
-1.134774317981045999e-01,7.508345379028088518e-01
-6.797914939668571466e-02,1.083206183647988263e+00
-3.307306264098090476e-01,1.173526498224131825e-01
1.366315421377392314e-01,1.011241778468335406e+00
-1.421346690767974763e-01,-1.402394391465059120e-01
5.037974059789875891e-01,-1.640055828393494342e-01
-8.056645983926716270e-02,1.582447150993128437e-01
-1.586218846103912006e-01,2.601136090963842573e-01
-1.720655578564558585e-01,1.187371728624516898e+00
-9.738682267510785640e-02,3.237044727826421386e-02
-2.559382998314664315e-01,9.831113007156125905e-01
-8.411170694787306612e-02,8.911642268480018947e-01
7.761068999199816076e-02,7.405084937599957229e-01
1.341678784305786742e-01,9.221616062796959001e-01
-2.501866769005826885e-02,5.771184143586431947e-01
-2.988814134294751762e-02,1.039942267902798534e+00
-1.475574631158684535e-01,1.062137626830301995e+00
1.574103915603200510e-01,9.683572215657609839e-01
1.790052610153693990e-01,8.422063660012339970e-01
-1.176473605123564414e-01,1.159245333263194677e+00
-2.893098799254119613e-01,1.331908311391298394e+00
5.676779110215089685e-02,6.594831419938348427e-01
-3.422441642555423269e-01,6.542358855050911526e-01
1.661555186354511104e-01,8.494644814704839231e-01
3.800407491975546503e-01,1.190729179423673845e+00
-3.831513721484837709e-01,8.185865648481329693e-01
-4.224275844621291215e-02,6.171664981182464205e-01
1.727842163413804977e-01,1.272243744361138296e+00
-2.613121493289045083e-01,7.450514154025243974e-01
1.270344587629254895e-01,1.372575534068174452e+00
1.671178076823646164e-01,9.819059705815325056e-01
-4.406269056899008579e-02,1.248085998782985540e+00
-2.046482745987949770e-01,7.104957036679372499e-03
-2.421666456941237722e-01,6.095164705566828989e-01
-8.470054659373942030e-03,2.329661862393199168e-01
2.675937302128963968e-02,-6.226028245736199389e-03
-3.778317342317289995e-01,5.629049801029892830e-01
1.704188261791274583e-01,-1.314751230125000836e-01
-2.070688947980877520e-02,6.762243549143417409e-01
1.670795723405720523e-01,3.370665586581605977e-01
-3.857371225878511445e-01,9.456297202856617234e-01
-7.626789610745228487e-02,1.288011937642357330e+00
-2.190374369271025010e-02,1.254406291497760506e-01
2.923253968322739871e-01,9.452394769817262787e-01
1.360840933858084925e-02,-2.025884121672247296e-01
-1.173022573551985720e-01,1.662335490193406207e-01
-1.724376423873124897e-01,7.182781210225908097e-01
-2.094379061319165403e-01,-4.233405697387014333e-01
9.450811821196895834e-02,2.607419712252939670e-01
6.458928106890252652e-01,6.026690124983293678e-02
-4.443024715734899405e-02,1.323251140207594823e+00
1.383178219470067305e-01,2.880435771717443361e-01
-3.459510472239735179e-02,1.089566813189609462e+00
-1.233313871893459424e-01,1.237944018139614411e+00
1.079821075696613397e-01,-3.046853429171796357e-01
-8.156560402966082923e-02,-1.150418526344969827e-01
5.254457084995110133e-02,-2.087537244129139546e-01
5.439627873482984904e-02,1.084923734596536932e-01
-8.414577678377151149e-02,1.142849337447884306e+00
-2.927029333277929579e-01,1.019733094552904840e+00
-1.050904822279002422e-04,5.068831523644958675e-02
1.217060778074753741e-01,1.068631980913232610e-01
2.322208802920014137e-01,1.114417747117818491e-01
1.079193135764197620e-01,8.419310887093560680e-01
-1.703186680248519255e-02,-2.731010657476747872e-01
-1.344493278836936256e-01,9.819797491798807343e-01
3.857593493735841927e-02,1.075579619168145706e+00
1.795024009594742287e-01,9.533968194860185097e-01
-1.359294473196706599e-01,9.919175628579923742e-01
-8.699268502555540516e-02,3.881766156146999880e-02
2.642555258710903646e-02,2.459198409974799049e-01
-3.095919184203203556e-01,1.306808741997950163e+00
5.636206005496664090e-02,6.965101391864058078e-01
-1.134599325975499118e-01,2.697846025639872858e-01
4.247585528928283366e-02,-3.534797277403480265e-01
-9.687889595284626676e-02,1.272074027502770877e+00
3.142725966353845934e-01,2.054565056753711594e-01
6.463925917695639844e-02,-9.794103360402717229e-02
2.203446460109471372e-01,7.374567762798318604e-01
1.063855366282976667e-01,1.018518943869697768e+00
2.187585634157889272e-02,1.084166779677254056e+00
1.709477744766524088e-01,1.477108188634493224e+00
1.436636605459143678e-01,8.537549915242921283e-01
-2.399069427061459037e-01,8.500326515189209342e-01
1.971401001915062123e-01,4.549933019999777284e-02
-2.351288947950632979e-01,9.824152689368896851e-01
-2.915540302569636366e-01,-1.656379389272576719e-01
2.965656847608921093e-02,9.236764080114083786e-01
4.486817983664408982e-01,8.076514127611453819e-01
-1.918358611590006979e-01,3.366997000150853125e-01
1.898378505604016164e-01,-3.009683334455378612e-01
-1.234601677667670622e-01,-2.066931715251753288e-02
-1.861416300928443734e-01,1.497850114668899835e+00
9.218468810666098634e-02,-2.548860774604638779e-01
1.499753265542347336e-01,-1.135416842443453117e-01
1.104394393224715637e-01,1.114475669500179400e+00
-1.245949617558097799e-01,-1.616051424125443114e-01
1.960594451522872095e-01,1.644852414865501711e+00
-7.053869267601232951e-02,-3.622429543102845956e-02
-1.061775707260655295e-02,-1.823098901378028824e-01
-1.639830485372795188e-01,2.521902520248085477e-01
-4.577619983875039211e-02,1.171367662654761999e+00
1.752671273975024147e-01,1.066450728941775727e+00
1.290268020525038861e-01,1.204500744846083604e+00
7.567714296294392184e-02,1.249198855019742371e+00
2.320957807613473201e-02,4.746200207389257297e-01
-1.150228587760955129e-01,1.085574476615595252e+00
-1.290618326480315603e-01,-3.627203622360747892e-01
1.767214110207317446e-01,1.041293315696731225e+00
4.575172138002734507e-02,8.050115945898494996e-01
-3.326607497451651296e-01,8.064314245959469662e-01
7.568586901454851801e-02,1.491057066311439819e-02
2.278532226099392322e-01,1.000812452054017643e-01
3.484443385515376135e-01,3.937434191762435864e-02
2.053213962433830895e-03,-1.242599956731160055e-01
1.459633137126453706e-01,7.261479987476660014e-01
-1.313071895181757431e-01,-1.411277471786415161e-01
7.199861579223078289e-02,3.346916220196826663e-01
8.306788433020589890e-02,2.536509836017328823e-01
2.971266628036323687e-01,1.593356675515210721e-02
2.020921633543301676e-01,1.396825931680092836e+00
-3.519514203087817372e-02,-7.575163570985797915e-03
-8.538263240809329524e-02,-2.272146632423035773e-01
-1.113309799253025395e-01,7.147701767038177056e-01
3.355165127124850460e-02,2.302948412737976513e-01
-2.005220919116817990e-01,-1.501187309894946309e-01
1.408675067813926207e-01,1.635230401602755457e+00
4.968624401859431799e-02,1.111866760536042303e-01
3.563007812292353083e-01,-4.239271205031422407e-01
-5.987500260518609230e-02,1.046047478056273683e-01
1.632382550559108650e-02,-2.409916907390309559e-01
-2.179006815819722609e-01,1.223090491520914203e+00
3.746022313840646073e-02,8.209354357218509035e-01
7.832477591461099731e-02,1.138471691300132926e+00
3.459743751706136072e-02,-1.800060771937097570e-01
2.849407580608881441e-01,-5.249585369701494919e-01
4.714777330657738547e-02,1.154056832013503175e+00
-9.481309107394515767e-02,2.361168141584253644e-01
-5.712171246592474827e-02,-3.757591020065838006e-01
2.147174456244764496e-01,-2.215427326260277219e-01
2.370301667033025972e-01,-2.217743102213015072e-01
6.522804543960498969e-02,-1.258006392191126088e-01
-1.871346585221191627e-01,-2.086542462058024461e-01
-2.304391078667340498e-01,-2.714813565038353901e-02
-4.197093961333849266e-01,4.066846323085079318e-01
-1.270160500146702287e-01,1.725486365307505598e-01
-3.879474044677412858e-01,1.880704225138953023e-01
-1.798447561922367766e-01,2.064717980344711878e-01
-3.143641257157962499e-01,2.790009447688231448e-01
-2.318778341608101201e-01,9.213295341644081038e-01
1.843197110475739142e-01,1.078778181830392535e+00
2.634514867396706497e-02,4.608242983646285151e-01
-1.959760821795685781e-01,6.367859869501230063e-02
1.981088885816593426e-01,7.058903600724120153e-01
7.681362967835157762e-02,1.319483147368267772e+00
1.672673799106466630e-01,-3.019355243058052460e-02
8.052502785264420426e-02,1.316781228244440882e+00
2.438103548102972876e-02,2.652178882031904217e-01
-1.982103745429359964e-01,4.680035185078867399e-01
-9.553399863542212656e-02,1.042396645978690195e+00
-2.995739249812803262e-01,1.948928885586387327e-01
-6.597034574113816441e-02,2.769146542863451521e-01
6.049651577416915726e-01,1.783290121970576292e-01
2.751770877714204144e-01,1.142202585899717127e+00
-3.335246138704074381e-01,1.101194775629878331e+00
4.122899447245760851e-01,3.670658231795252413e-01
6.830905216973602589e-02,1.167027642215406891e+00
1.266151646529267427e-01,1.088249266702994378e+00
-1.535224469640238953e-01,1.738641942459320522e-01
2.155579601859074768e-01,8.938707002549413083e-01
-1.139147630008753298e-01,-1.186261607967310366e-01
-4.467851362607717092e-01,7.109163084804758226e-01
2.397624900782848595e-02,1.204531799921256668e-02
1.195266664463581346e-01,5.259184036372540616e-01
9.497546612087357301e-03,-1.596038690091881873e-02
-2.348202311448800358e-02,1.120362132911668862e+00
-1.281880845802632896e-01,4.231761250959897858e-01
-1.456749225570747042e-01,-2.445586993153177346e-01
-1.535265560727742951e-01,1.600088172764309036e+00
-5.902278946662965764e-02,1.156600692790912488e+00
2.138209774945325770e-01,8.599509065990392775e-01
2.475001567265453992e-02,1.061101077343845622e-01
2.364276815370096752e-03,2.961421397258556243e-01
4.170557058456382249e-01,4.331973918607597285e-01
-9.634487800545679659e-02,8.480378388740343887e-01
-5.436882903201410988e-01,-1.529035048643375971e-01
-6.344097403154688730e-02,1.394068878153839341e-01
1.048812673384886748e-02,8.745682893882862352e-01
-1.793646600201985464e-01,7.409985871456679085e-01
-2.825917132606698204e-02,1.177420144825406467e+00
2.576535987610911183e-01,9.560429622759106794e-01
1.826229105285030740e-02,1.023639610094583041e+00
1.006270247276086355e-01,7.477675487082596772e-01
-1.304177275641760503e-01,1.547930876221276508e-01
-8.895208563339723762e-02,8.500508221355908001e-01
-5.799937059029571657e-02,6.667031530474364365e-01
3.509126848301941798e-02,1.200674611398938829e+00
1.211729439962812432e-01,3.363673747625745697e-02
-2.428475648294537437e-01,1.305421019493174573e+00
1.801231488292456273e-01,7.498566730035356453e-01
-2.540982421339526565e-01,5.181700316468178247e-02
-7.038383503849973688e-02,-1.793511820932924272e-01
-2.537881930580012102e-01,1.337195116658082550e-01
6.946900525310970020e-02,1.198482951704246346e+00
-1.450302672225646516e-01,-3.065783557345200250e-02
2.887020883867259524e-01,9.353108698597739634e-01
1.022525922373916790e-01,3.588105458690693528e-01
1.125557486400974722e-01,9.263539987165424483e-01
-2.693372025604300335e-01,1.484959451470826863e+00
4.333314489396969948e-01,1.191792706778542987e+00
-2.277371388475167846e-01,-2.771790556567901853e-01
2.263487624077972493e-01,-5.021974446456744373e-02
-1.090554289894548612e-01,-2.006948361435345329e-01
5.304368151336694842e-02,4.167845256575905544e-02
1.778973627726413709e-01,-2.092863244149290591e-01
-1.700841721642545046e-01,-8.724475187519424579e-02
4.532976304684759872e-01,1.459855553867089872e-01
1.493043079115174976e-01,7.557603110295512128e-01
4.579888301463007072e-01,-2.954648573937566636e-01
1.518904719048646546e-01,5.704111914997115340e-01
-2.185533475720446150e-01,2.009104389328415785e-01
2.525664572644926720e-01,3.781947569069821768e-01
-3.695232480632908434e-01,1.802152699335063668e-01
4.336661915211106333e-01,2.753393192307423964e-01
-3.241087069687233480e-01,4.332270365207258611e-01
2.554343237359717883e-02,9.966489900409056246e-02
4.614322492141367804e-01,1.142708818930302073e+00
-5.244620586419157515e-01,2.058668525710143082e-01
1.878063646626399463e-01,8.547801879515340984e-01
3.407446995809295526e-02,-1.231910830167276677e-01
1.822056076503306837e-02,1.285269409380175309e+00
-9.939347953201091435e-02,-8.439429174882251417e-02
9.512468732548408357e-02,-5.613952741227792170e-02
2.999639601112237264e-01,1.660678354097852027e-01
1.197088335763066835e-01,1.182262693158566247e+00
-1.380202287525134353e-01,9.951659625939897058e-01
2.475725440749096118e-01,-1.548328705768315383e-01
2.236818207165678640e-01,9.281289230966278669e-01
1.198276556472112342e-01,7.549179016363304351e-01
-1.825296532930432980e-01,-8.263226409895638169e-02
-2.174830566842213819e-01,-6.176590559609430181e-02
-9.027674745380116772e-02,1.098443011196252650e+00
-1.244524704832298823e-01,2.532184809866727671e-01
2.275906594502387359e-01,1.028067426066557655e+00
-2.087154215393013101e-01,2.134518504123545934e-01
1.018355630979234649e-01,1.318511426731008740e+00
-2.543128489136129988e-01,1.667437309044872973e-01
-3.639310953804032051e-02,1.177698698650937903e+00
9.415026840475188008e-02,7.222842393512742820e-01
2.475565036323668366e-01,1.948385462481990946e-02
-2.054191480585868534e-01,-1.224075962820275754e-01
1.575290727349814013e-01,4.866346173241317685e-02
1.004739060372967369e-01,1.319582052412502371e+00
1.630104981539079734e-01,8.493069387024243522e-01
2.477312571400500651e-01,9.954827951668754338e-01
-4.072548280135394050e-01,4.262640920231018926e-01
-8.801344117675682921e-02,1.122672966518696747e+00
7.601169984541578106e-02,7.859019067182544394e-01
9.310496974661296166e-02,9.520931116106787773e-01
-9.959334428568403230e-02,7.209415621297649013e-02
3.747743761335413648e-01,9.394206895154427750e-01
1.697873601612918670e-01,7.854948047811192158e-01
-2.829924739640494735e-01,-4.055252045575430397e-01
3.663211595212261251e-01,-2.232351836676102208e-01
-3.669011066184628134e-01,8.953111225042504895e-01
-1.766183486797189561e-01,1.427051139548294600e-01
-8.500778870416680899e-02,-2.321403630665929696e-01
-1.278648998830401173e-01,1.119890909145558888e+00
-7.286813527665808587e-02,-1.025308222136164377e-01
2.854416076855913198e-02,9.345796598236140174e-01
3.077667555559442381e-01,9.888196637985707804e-01
-5.571544062431178501e-01,-3.565381733913921547e-01
-1.630955957391269640e-02,1.904751716164342912e-01
-1.410830689547095534e-02,1.116392357464562446e+00
2.155879974328058779e-01,1.139328203965871866e+00
-2.497806926327526544e-01,1.101183803275928019e+00
-2.133359564548769349e-01,-1.627534222303244626e-01
-3.875711503492134669e-01,-1.034559611165242025e-02
-3.455831193557905578e-01,1.083051730066909440e-01
-3.302148337017577484e-01,9.139948060054873258e-01
-7.960028339376224241e-03,7.686233437849936401e-01
-1.071204924278577331e-01,2.164907804573180383e-01
7.938800864364908838e-02,1.404999941413587368e-02
-7.978022625842881577e-02,1.946918159430735262e-01
-1.546418476784832963e-01,1.056387221044918112e+00
-1.639878396141289663e-01,-5.456778961086036772e-02
-8.008640070637007558e-03,-3.586436534408282695e-01
-2.149521189275117594e-01,1.136976125305740881e+00
6.218346143874409204e-01,1.757523471329418552e+00
2.040488121605266505e-02,6.918480044157740982e-01
-2.073795721746530818e-01,1.110861696318609981e+00
2.182756213938442380e-01,1.359238362889270968e-01
2.613231858452080281e-01,1.092863159073742096e+00
-5.532353818253173128e-02,-1.354727403432521571e-01
-2.996825270124937046e-01,9.015547098542348037e-01
-1.363192726749043737e-01,6.944988139489001178e-01
-9.125083179811795120e-02,1.020099174008576082e+00
2.254763731536771690e-02,-1.814908667666786934e-01
-5.509199251642488832e-02,2.634398763608734595e-01
-1.400610893022536385e-01,1.090860529460452755e+00
1.553595115392708559e-01,1.099706287225885371e+00
8.511282869757556824e-02,1.731276213817825316e-01
3.444602933190810817e-02,1.115729396446996757e+00
2.249083076309874307e-01,5.502439128097622589e-01
3.655532110203033591e-01,1.264381855123344556e+00
-2.127840988149526102e-01,9.286306177314218591e-01
-1.327704855743963748e-02,8.515209111840635892e-01
-1.109674931279611421e-01,1.235044208506675956e+00
1.215647637459576214e-01,-6.778735180176270747e-02
-8.459424565353829140e-02,-2.011706590891010893e-01
-9.505775290859386217e-02,1.329396318340982930e+00
3.803956734553725488e-02,2.354026326859409435e-01
1.076678367232417471e-01,7.398055058478198998e-01
-3.380900600072726109e-02,1.266587408721425501e+00
9.656801642829423993e-02,8.614527491473441545e-01
7.536417805418196836e-02,5.954547644734155959e-02
-1.959490313503036915e-02,5.876370774866383068e-02
-2.423436415400156141e-01,1.110748922139301653e+00
-2.614524783429690302e-01,1.167601228739171687e-01
1.272385553924687274e-01,1.019800149006121925e+00
7.549794453507648051e-02,1.214281245465347769e+00
-2.999260830930443600e-01,2.143681808495783575e-02
2.326610093467740559e-01,1.098058053623063302e+00
7.374959526291786915e-02,9.198515808893487078e-01
1.576349040739079832e-01,4.583393887039887149e-01
-1.271736852595566902e-01,4.088250498642974351e-02
-3.367360709383188273e-04,2.369977749289269575e-01
2.507409282795869387e-01,4.351236785190111533e-02
-3.323319320287724254e-01,-1.435892673393609209e-01
9.559103026689140525e-02,-6.437912138009959859e-03
-2.086567470616670084e-01,1.049254771520209406e+00
-3.229494544340935636e-01,5.361226749985933404e-01
9.713615228884138475e-02,1.202136227800908591e-01
-3.490786265828391133e-01,1.043034530709491703e+00
3.243194531923810353e-01,1.009279964950440700e+00
2.297813275978511371e-01,-2.360786841421394777e-01
1.472900509354027887e-01,3.068718217440856780e-02
3.223532383275283242e-01,1.215167876297790439e+00
3.435605305634278905e-01,1.399134643294233996e-02
-2.954669210582890893e-01,-1.167115436649849985e-01
1.518980319843073468e-01,8.564337464715591208e-01
6.000765157589191823e-01,5.444547723288792884e-01
-2.235318588034275467e-01,1.120500430107983059e+00
-4.742843589061443432e-01,-2.143703284708926848e-01
2.533707121984718480e-01,1.070117420506124128e+00
-2.513762139523994521e-01,1.182228197030354977e+00
-2.602753827501268213e-02,6.099548512723909632e-02
4.997984684278037881e-01,2.689547895631844154e-01
2.123156285424212739e-02,8.018252470766573659e-01
3.712080288375681492e-01,8.271405422795994333e-01
1.655092021973633976e-01,2.847740578254135957e-01
1.059524889262879049e-01,3.312629286535372919e-01
1.483323903292096124e-01,1.402326857121703463e-01
-6.111106613636887314e-02,4.400452610304554923e-01
-2.532881975924717310e-01,-2.114271748686314123e-01
5.552037763143803373e-01,1.079444671608025708e+00
1.332088189920481724e-01,8.981319310964825942e-01
1.486446304687889242e-01,6.862836274044524509e-02
1.681955419290188242e-03,-1.312157038215242162e-02
-3.771588361369921927e-01,7.840216351221088731e-01
-2.998867826296072736e-02,8.201173720938674805e-01
3.655884218006746900e-01,1.056264261582969377e+00
-2.699763956117469110e-01,6.452671468865124327e-01
2.716730025750186406e-01,4.833030622492773265e-02
1.792934063127469280e-01,5.689903513091047055e-02
3.147659235997770644e-01,2.394694408580134992e-02
-4.596080738498623669e-02,1.248692674617180254e+00
1.044294770403305928e-01,9.499855118111383279e-01
-8.194173624853605398e-02,8.218945135546923408e-01
3.471516318549372482e-01,1.117943336418275813e+00
1.439752179783527208e-01,9.791866161136212332e-01
-1.334602835322960118e-02,8.865276149805293437e-01
4.138122104232841436e-01,1.025920416810088831e+00
-1.995346475676601505e-01,9.901228055993809285e-01
-1.984959231121267431e-01,8.401910807075301246e-01
-7.651583598553977905e-02,1.407534253270347757e-01
2.202318364307234155e-01,9.843227878038702805e-01
-2.470743460709637906e-01,8.712237506740228010e-01
2.918552637990567411e-01,-1.442596984575713337e-01
4.162862948167047467e-02,7.365608483527298356e-01
-3.292204172597454903e-01,-1.625926579982484299e-01
-3.944157097259575750e-01,-3.000013258812055938e-01
1.578738185413913753e-02,1.188187340765873623e+00
2.886153047004364619e-02,7.846116781470520163e-01
-2.386383757007971493e-02,2.735025949751944407e-02
-2.215540801515268332e-01,1.071466669343473788e+00
-9.194594732981789531e-02,1.028962455191115621e+00
-8.908064541086595234e-02,1.629205672745102224e-02
1.559310434738391538e-01,1.105011011083304018e+00
-3.549563900471841560e-01,-5.629288641790367032e-02
-1.375583939627703610e-02,-3.140986380874831729e-01
1.868869569361318594e-01,2.080840124849346606e-01
2.038578586333690268e-01,1.453982660286702089e+00
3.484700048661973359e-01,8.494545517489355824e-01
2.681254608822109531e-01,9.614237515810425405e-01
-4.798572887241899232e-01,1.971471340211443102e-01
2.392271979072715105e-01,1.338336318974218675e-01
-6.776541820526148230e-02,-2.208782274705264059e-01
2.612729642184269951e-01,-2.100603266378722189e-01
-1.823100710751038578e-01,-1.174523757893763676e-01
1.201431161890600396e-01,8.441308550294299717e-01
-2.295246589887671718e-01,1.468827019458502248e+00
2.190532245576333192e-01,8.300362451894587323e-01
-3.245153757480017526e-02,7.198109457922934329e-01
-3.221073394096866660e-01,7.443562239189696061e-01
9.281468031309475161e-03,9.993646462354361937e-01
-4.474351167369421400e-01,5.147240307740170717e-01
-6.633525190751268785e-02,2.325735526335484249e-01
-2.474688520217279142e-01,1.075765292923178018e+00
5.300035572175478688e-02,-1.218419485922937889e-01
-1.690260102795491659e-01,8.903265135905542582e-01
-1.775726355718288407e-01,1.077915681500367928e-01
-1.359703020496171033e-01,-2.497877006558393842e-02
-6.251477384316136976e-02,9.167318666778695446e-01
2.622990793571736146e-01,1.032318927400294739e-01
-5.287612444649163468e-01,1.049582024210770070e+00
3.370829767997923169e-03,9.857794228032780159e-01
-2.602171593121256968e-02,7.041367238186191368e-01
-2.470465417875777336e-01,-1.091751981781706737e-01
-2.953448887861726546e-01,8.995293472544974023e-01
-1.628667866077302129e-01,8.979906160827334505e-01
5.826099373114526636e-02,1.145479377648417785e+00
1.979274507518956894e-01,7.763016776528763874e-01
9.462803058616464646e-02,-2.166424974023963834e-01
-2.295777606456406716e-01,-4.338670557059296495e-01
-1.270350853770784993e-01,-6.200833125463414697e-02
-4.698158753690442335e-01,7.999713792923951461e-02
3.473179543786541479e-01,8.078502721020749400e-01
-1.477947306689553035e-02,1.282309533234883947e+00
-1.446225625801067227e-01,7.375214471471860378e-01
-3.563171374547233206e-01,9.353165854748675123e-01
-7.956177444251573416e-02,1.063088238560063459e-01
1.423472447267844221e-01,1.296010817459520015e-01
8.988792754146718300e-02,-1.379940438864761254e-01
3.656581758911406910e-01,5.168901457187170118e-02
-5.084589114297311668e-02,-4.378697343561117616e-01
1.369791479398385081e-01,7.733194815841588632e-01
-2.152711619997794146e-01,1.138728616831925500e+00
1.904245833608285698e-01,-3.171836633013327272e-02
-9.595200604673082001e-02,1.738429028842008311e-02
2.372784235412393056e-02,2.590307790754727280e-01
-1.875231878141587205e-01,1.161168271990249828e-01
-4.694807704199989162e-01,-5.422868258388342522e-01
2.235968077151249955e-01,-4.093463064378905503e-01
-1.644544834085255869e-01,1.041216046529863437e+00
-1.041882861768194252e-01,1.114710230298138871e+00
-1.241070275157481195e-02,1.114029090568243729e+00
4.696791523631859699e-01,1.027872609210958466e+00
4.177011866190005196e-01,2.405327550670733061e-01
4.033312739305005001e-01,-2.145378495245750528e-01
-3.749075162563385577e-01,3.322799334444798136e-01
2.337249960680105043e-01,1.261215227929472382e+00
-1.873401758275360790e-02,1.000706868081485235e+00
2.436770132235252864e-02,8.231305837831597305e-01
-5.331688045361156897e-03,9.137040013047009746e-01
-8.633724159371707063e-02,8.457980302401250094e-01
2.027819293648636112e-01,1.185808420045654898e+00
-1.779007629628161502e-01,8.324063786310842428e-01
4.701449646317761716e-02,4.804401611121872362e-01
2.883132335006494684e-01,8.129421415308712984e-01
4.577917744150206136e-01,1.293211777426220177e+00
1.736704353464346012e-02,2.556193484758231479e-02
1.128056827702636628e-01,-1.258102699858137941e-01
-4.118517102593603763e-02,-3.763992559549820399e-02
3.237396587641201973e-01,1.056701429470056741e+00
1.435632749523211849e-01,1.408189530940364975e-01
-9.197983715975878438e-02,9.770879608110306647e-01
-2.318953281111466591e-01,-3.583973187807745070e-02
1.196908771184867076e-01,-3.888542286930660730e-01
-2.321272668099778891e-01,6.871085937005403377e-01
2.901112153441199326e-01,-4.481891382194946177e-02
2.461261670505215590e-02,1.135667635100450434e+00
-1.090231507899262625e-01,7.941813217654410950e-01
1.117338688630373916e-01,9.844008168689435401e-01
-8.116506096835432449e-02,9.109210489748092998e-01
1.389033657675588507e-01,6.902847320520626440e-01
2.024003948332899483e-01,2.384770975477096544e-01
-4.100007299548572570e-01,1.058073161911075921e+00
-4.158559620847703253e-01,2.159410626667700867e-02
1.633166889789646747e-01,1.138373330884294266e+00
2.329114272102787431e-01,2.519069967210108008e-02
-3.402520539002451549e-01,1.514096435822818387e+00
1.742923216851183926e-02,2.093128451038515081e-01
3.612857514576448860e-03,1.231709797413854668e+00
1.054075864720653705e-01,5.986974882352054106e-01
9.006475838647790000e-03,1.102374723077916618e+00
9.632568461564551543e-03,8.383086555522294425e-01
-1.007274670679207673e-01,1.275279000673348540e+00
-3.959037271785599277e-01,1.341742280660141784e+00
-8.338260615187667590e-02,7.832122808174861728e-01
-1.026269158627979433e-01,1.053468655395623177e+00
1.153863516715573391e-02,1.103977753645254634e+00
3.594123723604454590e-02,9.945070874029852126e-01
1.466254659920031116e-02,1.203381072484726255e+00
-6.065680734176773919e-02,1.183197562362399147e+00
-1.064375496981003200e-01,-6.197778124766377683e-01
-8.532198878070358650e-02,-7.409086937012188123e-02
-3.228380789591073219e-01,8.805236798090497752e-01
4.077041804286176130e-01,4.418212520429404266e-01
2.163656906679766734e-01,1.191768025191613373e-01
2.242067058293848586e-02,9.630258510634704949e-01
-2.405004941029442178e-01,8.634429003832206906e-01
2.649680393222496044e-01,-1.639762734767075680e-01
2.230291675826652845e-02,8.755974792786183070e-01
4.999898517714770896e-01,-2.468923133836570249e-01
2.557571297191061355e-01,1.073788979169276736e+00
2.022718573925871011e-01,3.823638428344862117e-01
-2.506028778624500020e-02,-2.568131009269969955e-01
-1.481839412964223446e-01,1.008387586251896506e+00
1.040404917399895129e-01,9.877071558963765874e-01
-8.633912298520822481e-02,8.870263991055742092e-02
-1.234737265811312046e-01,8.959259095671501250e-01
-2.210966418712942069e-02,1.886798827134576750e-01
-3.034302299164946537e-01,1.171845073086790645e+00
9.128836180435188907e-02,9.642053727450662359e-01
-1.244741164631951377e-02,2.608025672283550422e-01
-2.789160613078475182e-01,1.085521432184168855e+00
-2.265389259704311264e-01,2.534347842067343204e-01
3.941368829530431106e-01,9.793159336312889929e-02
-2.592097161396821337e-01,-4.248141060315611950e-02
1.533761928826226362e-01,-9.293284947043908839e-02
-8.078398921402331345e-02,2.172241862285254344e-01
-2.765630154482385805e-01,3.818613013066360362e-02
-3.353236447802235287e-02,1.320385654551566201e+00
-1.406747145325958070e-01,1.236337022833767563e+00
-4.272055562684578373e-04,1.033434699734774309e+00
1.308796637370249205e-01,3.422353782896627727e-01
-3.538167332199895765e-02,-4.193706960039492171e-01
-3.510055189990929914e-01,-3.644936819998545463e-01
-3.092464140348376023e-01,1.113294838759792293e+00
3.300506877976907005e-01,1.438922952127151156e+00
8.324357846516781262e-03,-5.779783216701045445e-01
-2.382306284083026554e-02,1.182396025152323560e+00
-5.523385176862851687e-01,9.467508210806684366e-01
-4.628972278698339354e-02,1.162337334082360063e-01
-2.203288978850752311e-01,-4.838658557784739772e-02
6.334429509403725900e-02,1.088949133522609802e+00
9.292023501791549234e-02,1.028155113548569810e+00
-1.421174214503050648e-01,-1.732965899565523382e-01
-9.235551807522258960e-02,-3.936759335254849668e-01
-2.559579316402643689e-01,9.509458135316032346e-01
7.312616590605754141e-02,1.363397220165396329e+00
5.757928342097067276e-01,9.258577475095908227e-01
2.009004254856208704e-01,1.278980197331329283e+00
-5.735107028823399622e-02,-2.744092497425651977e-01
3.235209510061594629e-01,-3.974010046352850073e-02
7.561408940073460414e-03,-1.880583051116094251e-02
3.805737165862805860e-01,-2.689710645502801922e-01
-1.967449758506572416e-02,-1.070912261475578803e-01
1.247423408141982645e-02,7.317087885109878620e-01
3.112560170825234285e-01,6.820715418801778229e-01
-3.391357220262768840e-02,9.136915798656660703e-01
-5.525389988015774190e-01,8.874718676214595758e-01
1.032454683987839572e-01,-1.014089054496713216e-01
2.101218121468516886e-01,1.080503596610959516e+00
1.872486656029063445e-01,1.420882122631424327e+00
-5.422543360895174525e-01,8.965337099467264592e-02
2.487999710454163668e-03,1.020688695244142963e+00
1.478709498471512951e-01,-1.325276707219073258e-01
2.687949110524967544e-01,2.421619642539108719e-01
2.217046639794764129e-01,1.662609744319590854e+00
9.543875048649137771e-02,1.114990045870787982e+00
-1.059131649616993666e-02,7.135273280855624067e-01
4.348871185639472357e-03,1.001186506878884996e+00
-1.404139824506751844e-02,-2.735509529108426374e-01
1.086014861450094460e-01,1.213186891738107676e+00
7.608644033430722597e-02,1.222967468804307956e+00
2.767004332751837881e-02,9.717765015969072051e-01
-1.836607472030060417e-01,1.291046574834615879e-01
-3.426259426886782422e-01,3.814897537574158393e-01
2.723713457712642616e-02,1.357576697313103375e+00
-9.967966742697459415e-02,1.213083987458641211e+00
-3.143221758826916234e-01,1.067718117206357897e+00
-1.803551302802585132e-01,-6.569181766078192528e-03
7.255086556675949261e-02,-1.695128870521269149e-01
1.223204325977010481e-01,1.077951655911601136e+00
6.382822443501759424e-03,9.704020243430150350e-01
-9.049398398966380930e-03,8.823862422050660070e-01
-4.566804740040990573e-01,-1.236867478757794903e-01
-2.604063093598864564e-01,1.086585212469536460e-01
1.278170796750573157e-01,9.704102264853458060e-01
-3.835257117012976780e-01,1.073433066531239488e+00
-1.238593614206642823e-01,6.184303516469398243e-01
-1.051901221570100409e-01,6.565890448670630430e-02
-1.043098094865941988e-01,-1.190893115822473473e-02
1.338576600199448130e-01,-2.774978338824257151e-01
4.289907447633025533e-02,9.389052873658699783e-01
-1.818370143099352909e-02,-1.243872041510216270e-01
3.287128124958644398e-02,-1.520448211074016120e-01
1.294402052357873471e-02,1.195225904779435133e+00
-2.384646716928099652e-01,1.174426039026030377e+00
1.132119295721072394e-01,9.738553720676312864e-01
-1.887288433219949102e-01,-1.772693387591868508e-01
1.380543104802908483e-01,1.250940110745398792e+00
5.259143408445519918e-02,1.199077720593077823e+00
1.380141633950785207e-01,9.505803107905363980e-01
-3.474048505964971723e-01,-1.882628043943997131e-01
3.663758722135642687e-01,-2.226284082894553623e-02
2.343691388242922502e-01,1.344516144972668359e+00
2.568501254731291317e-01,7.546966631323237529e-01
-4.660001915490413760e-02,9.088779801550128656e-01
4.727244952747997747e-02,1.916930080889034660e-01
-1.669010437689092408e-01,-1.961477377914751519e-01
-2.721953089145395799e-01,1.077454349428377922e+00
-4.114854358205536355e-01,9.497567319856053958e-01
1.733854939239116155e-01,-2.915549155144425142e-01
-2.098224912313558649e-02,7.995670360687728850e-01
1.001245802739012120e-01,1.003481252847703731e+00
-1.316276156143164448e-02,-2.551513656631630989e-01
1.414421406756422861e-01,-4.540468817505204785e-02
1.924217620201369439e-01,5.981435877458465278e-01
-6.227748086720752418e-02,9.658719188634714570e-01
1.691505311942573808e-01,1.193181609443266122e+00
5.604668259984775525e-02,9.419428651366326122e-01
5.205584087054615505e-01,9.955358678541578188e-01
3.863945796585616099e-01,1.294680091281063206e+00
-2.210441154931175600e-01,4.031137482596243160e-01
3.053626656117668925e-01,1.122350484635165291e+00
-1.252222549813626629e-01,8.583364141582545681e-01
-6.204922482672056705e-02,1.085210430629937717e+00
-7.412203756650438680e-02,5.021614815363519835e-01
1.942738104325056614e-01,-7.240845389228355022e-02
-4.164858086252105629e-01,-5.115858637563756861e-02
8.575061767850339356e-02,-1.307393119814111437e-01
-1.189636766214178798e-01,-1.169606421905187849e-01
8.116272888353917234e-03,6.582133869702881945e-01
-1.737318500143380795e-01,-1.849978012270244165e-01
1.483898848292363425e-02,5.043525603920438055e-02
1.103141170324006548e-01,-7.617104906902782968e-02
-2.999019243607267682e-01,9.183310174897436617e-01
9.205612071583742229e-02,1.133613427071034518e+00
3.932347910830214510e-01,8.628493299732883925e-02
-1.154841627144610333e-01,8.974741391718662475e-01
2.867109060423311262e-01,-7.306548058554326874e-02
-2.248296356628419757e-01,8.912033901817129067e-01
3.388064832065307286e-01,-8.240398999276814240e-02
-1.522065919563136693e-01,-2.254703219290683791e-01
-9.767368111612428905e-02,1.755828239172578520e-01
1.888013123437661533e-01,-7.249296619174726286e-02
1.399412437393443287e-01,9.237313309195932520e-01
-1.439821933396311926e-01,8.893760831097449193e-01
1.927618652327948434e-01,1.135522286512783863e+00
-2.802329972232096011e-01,2.125231006072227646e-01
-9.728239189557140454e-02,3.684456514352366097e-01
4.862472944376046158e-01,9.705223232303807901e-01
-2.268214408433097684e-01,-1.836660049289297603e-01
-2.625840032665725521e-01,-1.259334144118989529e-01
8.883938747865342822e-02,6.143226183184880007e-01
-8.099915465309878715e-02,8.988660392879201100e-02
6.276724684972191659e-02,8.659351574917655281e-01
3.087408000360488680e-01,1.723098782521423900e-01
4.799963092213910820e-01,-5.975127070786231953e-02
-1.018862096763305664e-01,1.049344541826072286e+00
-1.358040884826133277e-01,-6.186765267380595068e-02
5.055867351160212575e-01,5.919380109776526538e-02
2.823833109519373608e-01,-1.856024582441667958e-01
-2.993656638185335783e-01,8.985865892880172678e-01
4.761515982350269516e-01,1.087823372252714638e+00
3.208071991685569335e-01,2.701908076838919204e-01
-2.365282308037139347e-01,-1.617726520603269547e-01
-3.899949943816257147e-01,9.030302673027499338e-01
-3.144210634216883515e-01,1.266927943692389702e+00
-2.071110182580497561e-01,1.313028877693670049e+00
1.086663118479113885e-02,1.293824862463708536e+00
-7.011762304569262028e-02,1.150886702669139838e+00
-6.186912152005152182e-02,8.901107338395419788e-01
3.434855511785170346e-01,7.680580457048147291e-01
1.325917232189335881e-01,-4.291875712917969099e-01
-3.722264715084075415e-01,-1.075674453841033162e-01
2.204416358405108384e-02,1.296939807691362523e+00
-1.056076090541011731e-01,1.094612383459556970e-01
-1.705298281207840161e-01,9.181798477219357268e-01
-4.906140336047563194e-02,1.169870246316896178e+00
-2.309583811286632649e-01,1.610920707971547072e-01
2.370631458195022190e-01,9.414624226627766879e-01
-2.764658538721398440e-01,-5.078698306028838622e-02
4.994962065724782574e-02,-4.511951476458990196e-01
5.183737867156253953e-01,-1.601058714851489109e-02
-1.207740896294078187e-01,1.034769995389255737e+00
-3.097741039555691744e-02,1.940769548360308239e-01
-2.685277147643731765e-02,-1.733578252436409062e-01
-6.556073909588398807e-02,-7.531185678541807427e-02
1.861370987004849209e-01,1.030570757975786789e+00
2.478114467653823316e-01,4.204998525452737640e-02
3.506349129059654346e-01,1.035052572424402628e+00
-3.760255823295576283e-01,9.181775047265285927e-01
-2.281185046318833232e-01,-5.997032158267866508e-01
2.165242928611549669e-02,-7.826935899196453550e-02
-2.132096331124598287e-01,1.130430616133068833e+00
-1.682890351646902927e-01,1.115480681365202509e+00
2.524281483706113938e-01,3.780025653726237223e-01
6.983910203422709628e-01,9.370892006936795138e-01
-2.671838117959599579e-01,-3.930354974054976469e-01
-7.052442451293927661e-02,-1.866909846917702565e-01
-1.641669472325639201e-01,9.396465385855098384e-01
-1.328276168203430530e-01,5.818019841469537073e-03
2.420209338100262897e-01,-2.458759865648487142e-01
-1.958358359180427111e-01,5.619936818086481572e-02
-2.594648027754699326e-03,1.220540038596532373e+00
-7.795809376191875639e-02,1.201308790489617806e+00
-1.174752691803612886e-01,1.935311343906187809e-01
4.611792254431736071e-02,-3.867084828875218955e-02
2.936073506012162881e-01,-1.423691620222662310e-02
-3.333064516853647130e-01,1.161894036297666410e+00
3.034171711340846178e-01,6.894792333651984795e-02
1.547181896100273679e-01,8.300191663267483255e-01
-4.709017278860258560e-02,-3.035139233575587236e-02
1.691412360861596076e-01,7.274025702249792280e-01
-5.267665045148469533e-02,-3.011850018723372102e-01
3.254872065628036659e-01,9.056634398268693653e-01
3.834175142273460457e-01,6.601527053152519975e-02
1.030189809636743864e-01,-5.322212572426242294e-02
1.433691082192486803e-02,1.246694173519722337e+00
4.887373086670758204e-01,6.824613447377212427e-01
1.863273662766483374e-01,9.855039778610455992e-01
-1.397397767103178423e-01,-9.730693745774036951e-02
1.356657985681227960e-02,6.736453799718620239e-01
-7.886462548818039264e-02,9.760633325434612262e-01
-2.592554850385244691e-01,6.400832302953805841e-02
6.750426664480592420e-02,1.146679134925474353e+00
3.661408903732326081e-01,9.355310129126649388e-01
-3.971446089525144107e-01,9.822625852781520228e-01
1.636992127918598938e-01,8.432731667301556211e-01
-1.342732242991766523e-01,-2.114991084574422697e-01
-7.115341382499741629e-02,-3.936906577369022053e-01
-1.942509401822806736e-01,1.316674376727064333e+00
6.347926354184295350e-02,8.781447419806441834e-01
-4.398593289634064596e-01,-3.521607097552251209e-02
3.236928835706093244e-01,1.342583785878397606e-01
2.811563219796146540e-01,2.179531306721076700e-01
4.009609518231258551e-01,2.621281805571273327e-01
-2.420968982727340901e-01,1.598351926491270725e-01
6.550187169901879047e-02,2.164905729000108081e-01
2.013159244742581677e-01,1.300656242874574264e+00
-1.966121526440355038e-01,-2.965730849765415011e-01
-2.266107111914706512e-02,1.031432080115547434e+00
-1.129617328263138737e-01,2.603887257643892894e-02
-2.461259570949222986e-01,1.101958451283320484e+00
4.323337653788882351e-01,-4.147371419987065377e-01
2.216421283531421482e-01,9.932731251284727669e-01
6.857331553762982534e-02,1.026972795001969141e+00
-1.245821412994593119e-01,1.267475130809883055e+00
2.915672934976848429e-01,1.034667300859616779e+00
2.417870078585662441e-01,-8.521864405499615658e-02
-2.052069642588284781e-01,3.263700856962783448e-01
1.175422321423598288e-01,8.906566042503203384e-01
1.740345718227160471e-02,-4.491680026151970845e-02
4.721106053764807103e-02,1.285691955711630030e-01
-1.706942058554399566e-01,1.324048845488578374e+00
-3.321035545562607272e-01,1.217776155966774132e+00
-7.869310053050571074e-02,2.650236451820771333e-02
-2.824936744951053180e-01,9.449727829144926039e-01
3.819622929810654322e-01,1.261628036301983613e+00
2.599865167586857262e-01,1.270183616757948955e-02
-1.310373027315101524e-01,-4.173565571920349049e-01
1.462042839956863571e-01,2.535350317148405974e-01
-4.458882029492328147e-01,7.526893735678665820e-01
-3.563243074683410394e-01,-1.331329235694253821e-01
-3.271554370199308837e-01,-1.862260046726284812e-01
-1.236036733431663398e-02,-1.475498455280697119e-01
-1.668818098440112141e-01,9.002796119824507670e-01
1.115678854478562021e-02,7.559722179137735587e-01
1.085262387533158200e-02,1.252166226831664897e+00
-1.076901235679748013e-02,3.537974158868255614e-01
3.610239877442131956e-02,5.948478150360669847e-01
1.104043556069875948e-01,9.891748627699828988e-01
-4.932179571622699599e-01,6.729487400991092105e-01
1.784554408253708480e-01,7.554551386268780755e-01
-1.854855988282665402e-01,9.776094970164821429e-01
1.205597242698136923e-01,3.500472368646455612e-01
4.811371612913625112e-02,8.888066725555302527e-01
-2.218484297561876262e-01,-1.321359921057504716e-01
-8.775391946952506867e-04,1.086328470931688495e+00
-3.093878986348491122e-01,1.218571681896980063e+00
1.859642941086193102e-01,-6.053850634307177125e-02
-5.843230504633986633e-02,7.091010333186685555e-02
1.276543769204521450e-01,8.383417183454264787e-01
-1.237761892865949648e-02,-3.330258996302676300e-01
7.430313585161966161e-01,-1.371892115192927149e-02
2.983381630617806257e-01,-9.680964534776832775e-02
-8.465076188491270359e-02,8.631340760862228345e-01
-1.749225447741256378e-01,-1.630010163837706250e-01
3.312181466243224737e-01,2.081093651753369023e-01
-1.249842741611343205e-01,-3.416190520016000876e-01
3.621920229601530150e-02,-1.427739754510757610e-02
2.143022558777486486e-01,-3.464822477196313755e-01
1.963278328920679272e-01,1.263186132220516900e+00
1.604968232213982715e-01,1.103703710213459033e+00
2.306092436531011480e-01,6.708314274750338813e-01
-9.021506874598214654e-02,6.758171911399122322e-01
5.933778142467713290e-02,1.304965580406666659e+00
-1.456085313451007390e-01,7.984848044230212771e-01
3.026817320249906157e-02,8.454951528349662349e-01
2.303051736998846730e-02,9.806335910011505508e-01
-1.692589034163176909e-01,1.133799099558711054e+00
1.160714603577795850e-01,1.139329091667386606e+00
-9.106167681149256177e-02,6.249397038257955561e-01
-6.549106820006525553e-02,8.976172862257785212e-01
-3.960026353512728359e-01,2.100607365692848394e-01
3.365169308308824103e-02,1.124442045292796122e+00
-2.010275970435079496e-01,1.389771267078549755e-01
-3.560705948571497026e-01,1.000011970644860027e+00
-1.445983042667180474e-01,1.027102275812051824e+00
-3.472740578516074483e-02,7.832793640106738842e-01
-2.247734582899355293e-01,1.080199280270909501e+00
-5.977757384322417156e-02,8.301045552420720508e-01
-3.605563029158744270e-01,-5.202930259867084850e-02
-5.360405923166228909e-02,1.323097384162677415e+00
-3.403673942549785281e-01,2.748461180434005890e-01
-7.950843668334350509e-03,6.666510037114079523e-01
1.952845404427570319e-01,8.066425024331662641e-01
4.164392856158795619e-01,3.907108825553697040e-02
-3.680390876772962616e-01,1.059059769443262633e+00
-7.159982304504103334e-02,1.066764775844628588e+00
-5.081780516890432864e-02,1.096908218533918511e-01
5.311506208198027990e-01,1.081759592737093989e+00
1.284957971233068215e-02,9.611852374100349206e-01
4.929223448798691898e-02,5.712497634747579767e-01
-2.224800360129009225e-01,-1.294952630683558759e-01
3.203444239980882124e-02,-1.245480503838196779e-01
3.966663949124913380e-01,-1.202989260571054111e-03
-1.084624362909697576e-01,1.967838818099031661e-01
5.025118255338267143e-02,-1.191143696496893695e-01
2.178933011273068432e-01,1.089237988911658794e+00
4.141480819727146878e-01,2.340115872102139713e-02
-1.129540455595743065e-01,1.254758655451687806e-02
-8.305960862737861439e-02,2.795044979213548997e-01
-8.621973468642596394e-02,3.581791567467544346e-01
3.508933100344645561e-01,-3.216105576179687509e-01
-8.890226364409327398e-02,7.825130316272681519e-01
-3.903372806726960742e-01,-1.235615484838314682e-01
-2.358423966513339964e-02,1.112692026585496152e-02
1.715788316032727245e-01,8.980605927786436959e-01
-2.032193856377881580e-01,4.624099823329311937e-02
-3.496405264994408291e-01,3.354029642126064026e-01
1.551506531702071257e-01,1.178386271461281609e+00
-3.931425647426557979e-01,1.072965249029393497e+00
-3.311368948007383795e-01,-2.006688324761906062e-01
-5.607035794540950885e-02,1.124742236402821893e+00
-2.377573724607350350e-02,1.675377105310620118e+00
2.096167780284240167e-01,1.062096315438353367e+00
1.677908973434484932e-02,1.373033228092378488e-01
-5.576598740351135924e-02,8.184317255757065368e-01
1.393196432285550845e-01,9.060613219729671819e-01
-1.714085354647890969e-01,1.449452131987080949e-01
4.619979150391002043e-01,1.100164355606331412e+00
1.072517297920723561e-01,1.081860176979591692e+00
3.024471691702809162e-01,1.076427474029122200e+00
-3.563568165974332902e-01,-4.171005004163872432e-01
-2.234623880485437919e-01,1.101554102008729386e+00
-1.264149410046915833e-01,8.496572678926014310e-01
-1.696727245507888282e-01,1.051020150531080777e+00
-2.747834686638821466e-01,-1.502771214400756561e-01
-2.109481621857466904e-01,1.871598652800696705e-01
1.704962078168229256e-01,8.849676100225459252e-02
1.321227237131835375e-01,1.116107740767079193e+00
3.449600319974501783e-01,-5.265796286249653860e-03
-2.381310726339061490e-01,-9.607420089301156596e-02
-7.245100766128682868e-02,-2.794078781144876400e-01
-1.073642058188568893e-01,9.793627900702004396e-01
1.431004960890108479e-01,-3.418951191144150026e-01
1.400181673732275589e-01,2.743260171072938181e-01
1.200599665025009651e-02,1.247164357175926774e+00
-2.085216436301589801e-02,1.030525605769397224e+00
-1.959093323940424569e-01,8.550537315309356678e-01
1.212193339277002971e-02,-1.359781547073726227e-01
-6.342897142366345220e-02,-3.603675601589816924e-01
-6.271512523146103614e-03,7.481423579107636668e-01
2.811333247443063565e-01,-4.839143362262562920e-02
1.249685374462389670e-01,2.705341402022291009e-01
1.993435923807975185e-01,1.580602761549896040e-01
1.786341337752019864e-01,1.058706729641840649e+00
3.357987246232200240e-01,9.771316086112540322e-01
3.910878138505270440e-01,1.047533289029077830e+00
5.088144491856037843e-02,9.832341541862148482e-01
1.573187444116806166e-01,1.087128620815538627e+00
-1.978317422442246176e-01,1.308815606082229133e+00
3.484597053500498309e-01,1.428537285610177211e-02
-1.790903233541817630e-01,-1.478611047556607216e-01
-2.978454418382121480e-02,-4.926570139995420927e-01
-2.445216810898941384e-01,1.242153161699590891e+00
-1.982466316554797048e-01,-5.160685027170952566e-01
1.129106783377955697e-01,-2.945576474392285204e-01
9.845947623221261782e-03,1.452875459539277880e-01
-1.389285104847232388e-01,8.462822021490229440e-01
-3.136224348225489233e-01,1.004440508121285935e+00
-1.732655479003219201e-01,1.292956204752804539e-01
-1.206196590075805583e-02,8.700764747252408560e-01
1.323811921722606033e-01,2.784185683570675196e-01
1.344587359829419251e-02,9.637687536386357889e-01
-3.009101985974537707e-01,9.854392076040340287e-01
5.723559138400999974e-02,1.567815097868557328e-01
3.883395590636117001e-02,-7.044258379368603662e-02
1.270848345996434814e-01,9.164281882686124980e-01
3.911336254100516996e-01,-1.789903082853301353e-01
-2.502614189987080739e-01,1.293393611444940028e+00
-3.147765008476814952e-01,4.337773948820962677e-01
1.231601097449878668e-01,8.791087239873485171e-01
4.152622463936576219e-02,9.758782278530364618e-01
-5.045946752645518590e-02,9.554987257319410565e-01
5.630885045581177778e-02,-4.541615509962493302e-01
4.171299820283324022e-01,8.380181559002973790e-01
-3.840355262337662445e-01,-9.054490295248838506e-04
3.201034634331359485e-01,1.077383568831873140e+00
1.608384766548609790e-01,2.370651186585686909e-01
-2.331385741703498604e-01,-5.092449223225199439e-01
-8.839475532632930233e-02,9.776574897289928012e-01
4.395598788081956365e-01,-3.568990414186976740e-02
-4.793251679380692437e-02,1.325409372199343461e-01
2.128616459676371531e-01,3.759644347023771010e-02
-9.323380982640543102e-02,7.459535696731147691e-01
2.980172842165051406e-01,2.281728875110458632e-01
-1.969588867503133944e-01,9.123603688412789126e-01
-2.386447707762671677e-01,9.868362122640462752e-01
-1.871098901323322572e-01,8.082295650348879645e-01
8.952288763263271248e-03,4.854200928836171491e-01
-7.542960749844196400e-02,-3.061435710256573892e-02
1.333766603745483448e-01,1.257052449386227400e+00
6.717930640320438074e-02,-2.114532785641594914e-01
-2.788824190663223290e-01,6.108262755197486904e-02
-1.904090610899570046e-01,-1.175093896941007965e-01
-2.560388851570818414e-01,9.022404911984674980e-01
-7.707603914004866608e-02,8.389575576759529252e-01
1.701682408459015694e-01,8.629930059425343358e-02
4.217009010277571884e-02,1.120886819634001746e-01
1.785504080833923146e-01,2.241670274537976848e-01
-4.741084985966892429e-01,1.365113406888848413e+00
9.362127056417002269e-02,1.013959916202739064e+00
-4.304248339630526582e-02,7.392164164063981246e-01
1.764217424153892710e-01,1.810887309314365146e-01
-5.221206400623969179e-02,-2.536797880162047214e-01
3.950882412811090177e-03,1.077363763977944311e+00
2.659003106849240350e-01,9.545020310349703330e-01
1.767614299417580581e-01,1.273849302114395510e+00
-1.209100664904259326e-01,-3.241306904548019174e-02
1.450104836397046459e-01,1.134609593431175290e+00
-4.728175841188571038e-01,4.277257772929499158e-01
5.522453952145039979e-02,1.312383080367357291e+00
-7.755643800062661519e-02,1.301886890006379860e-01
1.691292306560049086e-01,6.175185422264577451e-01
-4.467226913128045651e-01,1.990150998450663511e-01
2.843195996760399247e-01,7.150948396535173890e-01
-2.957173503153595062e-01,9.228981819905767159e-01
-2.098369823169446702e-01,8.012728922505576445e-01
1.250196784193838284e-01,-2.562668111141945260e-01
2.754921525453303266e-01,3.790938390838808902e-01
2.168581997945315532e-01,6.560456390605300392e-01
-1.057699504292595460e-01,1.006713836342400414e+00
-1.317910263851252151e-01,7.646563481077980340e-01
5.706272177074548368e-01,-5.659953438786171631e-01
-2.691467329140748710e-01,9.875455907829906732e-02
-2.275236006681542189e-01,9.710581371794275718e-01
-2.647253863819181152e-01,-1.659584052067199916e-02
9.717479156705464971e-02,-1.722132958769891364e-01
-1.700053661679393202e-02,1.006952884300745144e+00
7.233491334229533165e-02,1.630611679302084616e+00
7.955720956695694346e-02,8.015198051766583287e-01
-9.495384709083815045e-02,-9.378575702580729812e-02
7.429518490930682451e-02,1.253192728153917565e-02
1.492142077090204966e-01,1.119688885792369248e+00
-6.328078861926661469e-02,5.974178192436059298e-01
-2.329926834431614302e-01,1.270222719292602331e+00
3.715513874554797220e-03,1.311337209372076540e+00
-4.033931905989485145e-01,1.172793460495311191e+00
-1.599077396199510281e-01,6.110650735985860837e-01
7.811282138554535848e-02,-4.539682064501217307e-02
-1.845687035740067317e-01,8.683690476552320403e-01
-2.761107043955948193e-01,8.123281274160492060e-01
2.263524651498619866e-01,1.202112407068042010e+00
-3.752915784245812736e-01,1.121343166412923420e+00
2.654289814005927339e-01,6.258026817211530257e-02
6.901435017488860568e-02,7.316905143698102520e-01
1.731430950788197809e-01,-2.362303899068760038e-01
-6.003828010821744138e-02,-1.676527070376754858e-01
2.998256789414694562e-02,1.183593721986481384e+00
-2.128313074750943223e-01,-3.546012953023762737e-01
1.890733230256717301e-01,8.628592857499617352e-02
-2.158523837946759449e-01,1.000315987988567468e+00
4.411583375887160319e-01,6.477500382851870686e-01
-4.194322036298727685e-01,-5.034724260382812677e-02
-3.117594170185124525e-01,1.052709209093991349e+00
3.081970420818770928e-01,-6.681182557722085968e-02
3.121765972904461672e-01,9.036475149640574855e-01
-4.973665326475112253e-02,4.453243571672653167e-01
4.611282156604408489e-02,3.320070639882850144e-02
-4.398132687188904821e-02,-2.038823397891472156e-01
6.984383922723506888e-02,1.392929341357277639e+00
-1.119422924401853592e-01,1.343687172779214345e+00
5.368746267220039087e-02,-1.385134654230292355e-02
9.902139492633642293e-02,4.644016406175675571e-01
1.564279769124199138e-01,-4.094736349688867655e-02
1.425093546836436187e-01,4.170535479747910362e-02
-2.966440470856054334e-01,4.541545430812701095e-02
1.039685355570886954e-01,-3.532687436911880474e-01
-1.641186811838183657e-01,1.062808226780236120e+00
-5.834462016590433869e-02,2.587137035910943017e-01
1.037856610633979826e-01,1.227350498333284801e+00
2.519168571769599407e-01,8.682567106235110632e-01
-3.336813305482318470e-01,7.139451523589075421e-01
9.103380377459347958e-03,9.380447542005525552e-01
-1.796241365431596737e-01,1.105773335668315260e+00
-8.481699047062434341e-03,8.807674765563014985e-01
-4.341814156980621231e-01,9.104067463953628980e-01
1.308630118588542945e-01,2.682452279463318212e-01
-2.858795018522253817e-01,8.423178506157564804e-01
1.992393248260591193e-02,9.850602990492947075e-01
-2.214390915554361461e-01,9.931638076784974345e-01
8.854838479164212073e-02,1.484772051409279037e+00
-1.046314966425683779e-01,7.901586112928875583e-01
2.501010053555361989e-01,1.062723899258015248e+00
-2.017081960727336309e-01,1.702068249786465037e-01
4.311904139919005285e-02,1.997628135227791368e-01
-3.992505049166993891e-01,1.617447130751740181e-01
-2.429210160781898609e-01,-1.008933292474495508e-01
-2.599261125636299075e-01,1.020736616961410048e+00
-1.743443894029553243e-01,5.173635579046618332e-02
-7.800702423540888412e-04,1.508615954102176193e+00
2.105246553003676802e-01,1.174713922736132288e+00
-2.465578277412026342e-01,1.084967435034404515e+00
-1.561603821593096908e-01,-1.198924239502625368e-02
4.500639624914388737e-01,6.136383127876239296e-01
-9.324763689359423513e-02,1.041663650272343311e+00
4.101151406239392228e-02,3.915510137180668870e-01
1.047207752344131576e-01,9.204019082061962731e-01
-7.179796930169371483e-02,1.324754570941562681e+00
-1.700786571062220393e-02,8.985090833644006070e-01
4.590686992881375106e-02,6.428086654279344669e-01
5.739954317887545621e-01,-1.494281191403572517e-01
2.153360735104296181e-02,1.081510525174088411e+00
3.172081446840507857e-01,1.180418064227224617e+00
-1.223918451291888393e-01,3.966652952056645698e-02
-1.485784535091642655e-01,2.221757816784275807e-01
-6.264515705987779015e-02,8.889086228303810788e-01
-1.688751535490025657e-01,7.808825962138250532e-01
-9.519938573133655824e-02,8.505107329077308265e-01
-2.340436405411333021e-01,1.237380180877476699e+00
3.293747098787881966e-01,-4.468551306346562613e-01
-1.263794899276444172e-01,9.101845555158798451e-01
-7.026013341037472271e-02,3.392409401768578525e-01
-7.041435954557924426e-02,8.575179478478517359e-01
2.765232237357379344e-02,2.914240519360142972e-02
5.916543106243956490e-02,9.881882850007950303e-01
-2.864694594834656452e-03,1.002994922279031531e+00
4.601612469946811390e-01,1.007292861078745716e+00
-4.631318125232635613e-02,-5.284688666950667496e-02
3.690282248205760118e-01,8.086489203252120728e-01
2.464226646046590863e-01,1.068138675041599761e+00
7.396355556445459445e-02,1.145043832159249542e+00
-1.130709488950765590e-01,1.942298812660119833e-01
-1.634245815136568247e-01,2.300230118479902608e-02
8.211548204103187587e-02,-1.594720890382592682e-01
1.619114657246295275e-01,1.203677603436880350e+00
1.566223248086131004e-01,-1.575316743283343701e-01
3.483958872951334329e-01,8.043107912889569944e-01
8.663050358652699123e-02,2.290986608664565549e-01
-2.705190781934764810e-01,1.278835926836362213e-01
-2.993896387264698977e-01,2.378605858303181331e-01
3.407486971153618760e-01,1.270719817808826368e+00
2.126536366681132106e-01,1.725590460417384953e-01
4.577231549530010324e-01,9.847346447663439806e-01
-1.455673165228806853e-01,-5.673235804301147295e-02
1.000699321102142686e-01,2.079905493215756240e-01
-1.312335641566155509e-01,1.058981481997368190e+00
3.384319963221862348e-01,3.616953301515101749e-01
-1.199703712550945212e-01,9.074383306277472583e-01
-6.000226953632611382e-01,3.560342068599144372e-01
5.609734937877156602e-01,1.251423089642990316e+00
-3.051033781487015872e-01,-4.033103356034328790e-01
2.577684162822768132e-01,2.469667180464697742e-01
8.953864852995953999e-04,-2.582789678636482344e-01
-4.400508783042034883e-02,-3.754807017540294778e-01
1.206331192634002986e-01,-5.879200155605315142e-02
-3.430036609652565294e-01,2.335296469296108818e-02
-2.966138625110872340e-01,2.046723818125580352e-01
-7.154191493532624513e-02,8.002640499097835036e-01
1.814582561705110064e-01,4.142679051863282225e-01
-2.700415924313985250e-01,1.116607875091653268e+00
-2.715848809949814591e-01,3.599375965172872949e-01
-1.452933147000499796e-02,1.162942928827716438e+00
-8.345426692980259520e-03,-2.269048501491438274e-01
-9.819609160246017820e-02,6.283016775193224490e-02
-5.464094147496537796e-02,-2.903400581675387171e-01
-1.064224053037562401e-01,8.879466702538485467e-01
-5.717639909610663235e-02,3.600938008263375179e-01
-3.135978738883430372e-01,-3.401641430739660854e-01
-2.570930372811119913e-01,8.915079917359900463e-01
-2.547870958570715993e-01,1.097407901104815897e+00
-6.880948654156424094e-02,1.153245661973949732e+00
8.543412869385225150e-02,3.617344077524313750e-01
-4.213577585780153151e-02,1.187309647093333531e+00
-3.852489457235403481e-01,1.201560115519406668e+00
-4.291422975587926708e-02,4.592478606065247132e-02
-3.910816040845725011e-02,6.688348783897944683e-02
-9.290953549237812581e-02,1.556128148717135229e+00
8.434373889315228967e-02,7.867623156103972226e-01
4.022299010088664639e-01,-3.511208702259054903e-01
4.652954329012203294e-01,8.240427862039632068e-01
-2.711816069381753347e-01,9.466604786859864618e-01
-4.935088661163862522e-02,9.243034794406272958e-01
1.421598380451986054e-01,9.488832767517257905e-01
-7.360875188884706821e-01,-9.488254478667999814e-02
-2.934563740813094790e-01,1.042645451115666311e-01
1.153965162973816933e-02,7.651439039925437280e-01
2.395917901362346614e-01,6.448624061941643504e-02
1.153113395179484330e-01,1.337856942463397925e+00
7.097412293845717368e-02,8.114011146344489722e-01
-1.437579395975816521e-01,1.380804136861321363e-01
-1.351874679824519032e-01,4.887763380378752631e-02
-3.571112496893071864e-01,-7.659391488521605229e-02
2.210198828353389933e-01,-6.801197665571116768e-02
-2.438234595522788539e-01,8.743501068443810809e-01
1.567457399073978463e-01,5.069558213149421011e-01
-2.258433813875853624e-01,1.186707364108092078e+00
-3.530272650294567494e-01,3.015598916241896688e-01
3.244752610724498942e-01,1.134258401435887409e+00
-4.844240215802333993e-03,-1.357928989671879604e-02
-1.297773386118263594e-01,8.994220952879584674e-01
-1.301656744727677506e-01,1.440009383717543612e+00
2.262208286212361030e-01,8.831395898821302604e-01
1.325586296324013647e-01,8.239656251818536781e-01
1.349808974221876623e-01,1.130598257441803423e+00
-8.502224159947141535e-02,9.465446306084055461e-01
-2.298367439968909409e-01,2.683908761974620472e-01
-3.503960233424670279e-02,2.356586788383718545e-01
-9.188844006374069506e-02,-3.439671522553535143e-01
1.366863020563157116e-01,7.307739453763895110e-01
1.436632298925186180e-02,2.686613175099503148e-01
4.272195974532583956e-02,3.045608915845708919e-01
-1.038837217213355313e-01,3.088633961771899417e-01
-2.453245309292012843e-01,1.477169803304435591e-01
-2.348386304181746334e-02,-4.323198155822218641e-02
-1.027145855598533136e-01,1.052926079874084486e+00
2.578668328014637606e-02,1.282198621187559562e+00
-1.892692966465561732e-01,-2.276054103706892928e-01
2.415278312842012998e-01,1.291972653791873815e-01
-2.233457848246419020e-01,1.361757690250490482e-01
2.951363444792224830e-02,8.454973952570701279e-01
-2.802845484008285037e-01,-3.846965541605170125e-01
-3.780856985201825338e-01,-1.826974875715503266e-01
-2.397598459792150416e-01,-2.393322478521546781e-01
4.586503310609289785e-02,1.079482514642886165e-01
-2.503157993801295722e-02,8.609603346582633820e-02
-9.058231525305625309e-02,8.885439647686162179e-02
-7.470979601857727359e-02,1.002537980815803587e-01
3.307789172984513804e-01,-2.116034417210386487e-01
-3.688541131541813178e-01,9.234457906660933357e-01
3.898714562909728898e-02,3.479133208789083054e-01
-2.046146987318548521e-02,8.325829774009652073e-01
-2.184505167478110743e-01,7.584573244493401090e-01
-6.793632553445081435e-01,-2.012032770603568721e-01
5.678274856284210026e-01,-2.112409637957102515e-01
2.178107783022000532e-01,4.660670881150039691e-01
9.323311534738260020e-02,-1.433359969250541932e-01
3.761596358872647955e-02,9.842732208206758093e-01
-3.569334716248170336e-01,-8.971979007706853970e-02
-3.363518656070924040e-02,-2.164415568588281547e-01
2.900700291493837901e-01,-1.009652153465819407e-01
1.533098502658567230e-01,1.186255510577657990e+00
-2.676904687198289334e-01,9.601979936798298310e-01
-1.385516293843511437e-01,-1.747277154886404116e-01
-2.959652138777434383e-01,8.332599413266491561e-01
3.978308265527398524e-02,-1.401013855481021420e-01
2.230931227133804429e-01,-2.296068219133578503e-01
1.475470239304115250e-01,6.095872076137890533e-02
-1.691194479501372666e-02,-4.402426398087992410e-01
-3.249450970389246296e-02,1.531791112602902127e-01
3.470828389392696112e-01,1.278560062077839898e+00
2.978393444672902679e-02,9.510358190902460374e-01
-2.777395706159969113e-01,1.063788672495379339e+00
3.016977196960241581e-01,1.296842373697740580e+00
2.653050530560573383e-01,1.169317651101103195e+00
-1.320074432036325296e-01,1.526033279428358647e+00
5.597045052940207571e-02,1.273402547058789747e+00
9.289910252527161516e-02,9.080594604940257775e-02
-6.803119413726096965e-02,-2.368613242450028356e-01
-1.394254797432635529e-01,1.038788879606498794e+00
4.424302931818456519e-02,8.646602680862209844e-01
9.538092337448972335e-02,2.931301902969388196e-01
-1.004090313482928210e-01,1.647941900228472034e-01
4.860922350403348302e-01,1.084753114415703656e+00
7.174956921841377233e-02,-3.806679438011093541e-01
8.517405789839725683e-02,3.195148981951532186e-01
-2.626870890715835571e-01,2.408629560714792839e-01
3.669098495365285539e-01,5.913280677336722052e-02
2.809497755481524250e-01,1.145078486459139011e+00
-1.791877172665105322e-01,9.089640338811542097e-01
-4.024971769866022564e-01,1.060466975682441415e+00
1.920009114528330174e-02,1.266449341951342067e+00
-1.704498038963099494e-03,4.125447848330283107e-01
1.401607962751020564e-01,7.885422771254656515e-01
1.892140254608334071e-01,6.569677069865401120e-02
6.386079260494109677e-02,8.888880889290584619e-01
3.197758871442404893e-02,-7.686668315580209854e-02
-4.933209425061692299e-02,1.893332140744380040e-02
7.263718236577100529e-02,6.402206593268613410e-01
-1.139086739231021939e-01,1.906833206315754758e-01
-1.447810326002330339e-01,1.563212180229641257e+00
-2.745688740978653453e-01,-2.147938666991821288e-01
-4.071436707602889005e-01,7.646686237381813411e-01
-1.172952829134963834e-02,1.267123237049345430e-01
1.319313157959044747e-01,1.221771204737496008e+00
7.157846982076025710e-02,-4.719546314139569376e-01
-2.164849949851819222e-01,2.100837847828251111e-03
-3.963102482571257967e-01,1.996214073622159524e-01
-1.958822295014422121e-01,1.268722361077168959e+00
-8.318663463826651838e-02,9.895724026846676180e-01
1.501102458273104352e-02,1.103589790367345946e+00
1.339883824071954055e-01,4.063726370063448501e-01
-1.653654321772281000e-01,1.394112912639969171e+00
-1.784017772994758722e-01,-1.095182805236072782e-01
-1.473567086620661826e-01,-4.380538557699557162e-02
-1.378397328575343972e-01,1.149050406913530109e+00
1.614730790756425671e-01,-2.593144179365085011e-01
-2.922881924576693491e-01,5.691600927304674672e-03
2.081848566707898418e-01,1.593772745327333706e-01
-2.969973270234909646e-01,-7.899886311704085173e-02
-2.247894017837899217e-01,3.164827081150449750e-01
-4.629021530698718689e-01,-1.085369740279102518e-01
2.521022498347848598e-02,1.064787794316574443e+00
-1.730763096730513761e-01,-3.926529757689262712e-01
5.656779925664885689e-02,5.697067666797934749e-01
3.020047624916550877e-01,1.304922166215216173e+00
-5.565952751714270397e-01,1.073302135552953507e+00
-3.709672804878365593e-01,1.475779082317672519e-01
-6.810830405460750747e-02,2.230890633235212972e-01
-2.357889380093518839e-01,5.703002753079966514e-01
1.331125880637959169e-01,3.588949476167645480e-01
5.069878122309112028e-02,9.757519198807407257e-01
-3.580837311281455659e-01,1.676135895675315179e+00
-8.344706134180678025e-02,1.300845241696340748e+00
-1.257962804799374057e-01,7.583312010717985219e-02
4.017743414509684641e-01,1.637640445350500018e-01
1.083501358117857083e-01,6.082438567075938440e-01
-2.415817750033714406e-01,7.545055491546416304e-01
4.523043327584049811e-01,1.071530612429614671e+00
-5.765860377306167850e-01,1.308401036489068858e-01
-1.742871646882516168e-01,-5.212444804296718637e-01
1.821754288685594469e-01,1.180236222650674849e+00
-1.731243600364152369e-01,7.333532167261002099e-01
-2.687892980733433412e-01,-3.082271700597767963e-02
6.609371912622023781e-02,-2.424995550246192288e-02
1.757019015339075507e-01,1.207076511188076795e+00
-1.764104576956627424e-01,-1.287469887936896762e-01
-1.656018174378494009e-02,8.475781643138434740e-01
4.519614155172234082e-01,6.723040566395876994e-01
-4.250914063546946675e-01,9.012542921147175257e-01
1.066524204667443354e-01,9.235733988462879740e-01
-2.237703723039608239e-01,8.443812602758966612e-01
5.687885387467486731e-02,1.117448601344987136e+00
2.463225431865896098e-01,2.176139639338536547e-01
-6.768039843153983437e-02,1.505981149063067848e-01
2.356116661742477941e-02,7.932316938451398070e-01
-3.017852516753086536e-02,1.006392458522109568e+00
-2.548923845271626742e-01,-7.269489970597245443e-03
-8.361082893530663585e-02,6.029084441803168187e-02
3.110873990995813299e-01,1.116567739365094125e+00
3.935457286683979178e-02,1.055148182042270788e+00
-6.100687425332586289e-02,-1.177391048323536971e-01
-5.908201616156365243e-02,1.077240563678934171e+00
-1.207116321729462954e-01,7.464321476059959659e-01
2.790566764373460587e-02,1.093202374399992571e+00
-2.040321441361305776e-01,7.417839465874427607e-02
-1.308607490402471062e-03,1.159070514194887824e+00
-1.905330334548768767e-01,4.941940124219111885e-01
8.635315759959923121e-02,7.202710596682482258e-01
-1.538719548642038248e-01,7.279516878821315484e-02
3.053306708400785677e-02,3.853725510755808270e-01
3.368803919870145269e-01,3.475933864750394564e-01
-3.006846499334545064e-01,9.786066408577879239e-01
-1.813569086946584530e-01,-2.682525876370213114e-01
-2.636457177823771647e-01,9.911519454974178078e-01
2.932291053624690516e-02,3.215678874876607418e-01
1.910389112139522505e-02,4.915951978412450886e-03
5.324884161879209904e-02,1.007416533116112678e+00
-1.258471197681637066e-01,3.955608250820372152e-02
-2.239851051602798626e-01,7.577215378485577073e-03
2.500178925370707961e-01,-2.651449196767812766e-01
-1.110809553424043283e-03,-3.571350526802295478e-01
-2.994776740424965333e-01,1.312635310486962137e+00
-1.326484632861437210e-02,-2.794875787631476149e-01
1.249163663936201651e-01,2.846755345724078512e-01
-3.666087381225222736e-02,1.162574699395864553e+00
7.095807053841525491e-02,1.224851304304229060e+00
3.035676461016540983e-01,-3.555882024021980725e-01
-6.337942617236178577e-01,8.042655266376942391e-01
-1.293728576904232264e-01,1.012291061773711087e+00
-1.583955517291417148e-01,1.433896096126517916e-01
8.336892495686312743e-02,2.167920538659885432e-01
-2.642760593772566224e-01,1.061881139064993373e+00
2.486440353238060508e-01,9.847821284798236041e-01
-5.725073449975849327e-01,1.177592294238948956e+00
3.016451979546684314e-01,1.229294292943615918e+00
-7.379862026004660458e-02,1.086427418923672228e+00
-1.645382228462271001e-01,1.434336888010002975e-01
-3.861794469716699485e-01,9.962817480310216522e-01
5.934906398409829364e-01,1.159821604016391783e+00
1.815189811497805727e-01,1.661182916749284644e+00
-3.828301078025666410e-02,1.426809748649610354e-01
9.090080956855688121e-02,6.404305437396649037e-01
-5.328646746227375802e-02,9.682463947931979620e-01
1.899099734304716680e-01,6.002838957027416544e-01
-2.210937924279367250e-02,1.235634871652015132e+00
6.041265595710988423e-01,7.736375253794677276e-01
6.266979939227478036e-02,-1.273742590861813920e-02
-1.427462834842033734e-01,1.277848920244955666e+00
3.175703917048486313e-01,1.054206532503019905e-01
-1.874552741995639260e-01,5.898571492280331174e-01
-1.188171139087163125e-01,1.317106559776757058e+00
-7.505262644287467866e-02,2.217600568534540129e-01
8.054657476969542818e-02,1.055334592191881526e+00
-2.612132168023555967e-01,1.027022915382399759e+00
-1.249251079048880643e-02,5.789543625601676347e-01
-2.150427687035997293e-01,8.912479348918854738e-01
-2.319628814774395420e-01,1.149870878076616254e+00
-1.777762430831029417e-01,1.503899830025619277e-01
-3.345726070978861932e-02,1.000936677730763780e+00
2.123132629132918059e-01,-1.157824617852227234e-01
-3.259539282937187060e-02,1.281660352790239488e+00
2.893848943096492543e-01,-3.564037391352666007e-02
9.547525321752789451e-02,-7.440786529611004285e-02
-1.068427800199000799e-01,9.042825666921201488e-01
1.975041304126230191e-01,9.777874066867943137e-01
8.123702702884912086e-02,-8.085223319257880958e-02
-2.596752778793756655e-01,1.084639344525195837e+00
-3.787163012184364963e-02,1.449496291358057132e+00
2.739561959754933662e-01,1.031011665890291251e+00
-3.269107404699987673e-02,9.899970834697804367e-01
3.600607340829347636e-01,8.177377491224998574e-01
-1.940079606242466892e-01,2.046544707465332014e-01
-1.456533925346428955e-02,8.036060552557614534e-01
-1.649935704375905809e-02,9.650272005380650109e-01
-1.881610887929975329e-01,6.733425181105834323e-01
5.788965784453364155e-02,1.052404887437764058e+00
1.279387751518274441e-01,9.800511457442139251e-01
-1.942377204496991971e-01,1.220732902488366189e+00
7.502766509597273703e-02,9.772706911690177689e-01
-2.374900385906209832e-01,6.341706026885690628e-01
3.802612733574022297e-01,-1.506829639568733614e-01
6.061898871393375798e-02,1.258846210802439414e+00
-1.400840297268096842e-02,-4.103926152880562062e-01
3.371262616212531565e-02,-1.874924720567352765e-01
-1.244791259464061300e-01,1.172509780828120851e+00
-1.101420579689196960e-01,1.638990364529465393e-01
5.043659245083070841e-01,7.636906324649485045e-01
4.439998427231334199e-01,-2.874423967159665527e-01
1.172057680791919326e-02,-6.018084180710340722e-04
-2.012223778739723190e-01,-1.555623603325765880e-01
-1.284348921518836326e-02,2.238953700958758453e-01
7.775017860844510298e-02,-2.738770675152708556e-01
2.959876029189242308e-01,1.045629737984024921e+00
2.551732605990088970e-02,1.045765974876692317e+00
2.290811959271352172e-01,1.896878828294639718e-01
4.396095606779041459e-02,1.214015804502735385e+00
-2.383477870969562262e-01,2.638014630349606177e-02
-9.359684959525170489e-02,7.668194654933839782e-01
-2.398880031652355360e-01,1.235959469473089323e+00
-8.983411759679149622e-02,7.245599523169442557e-01
4.751547209263536770e-02,-1.336704074845497525e-01
4.395200245341104317e-01,-3.295113452728472558e-01
4.590240572752559145e-01,2.497023320490536769e-01
1.807905864249078065e-01,4.088835477082501391e-01
-1.153230966987383171e-01,8.755931450016152251e-01
-1.273603160653607735e-01,8.914546738813404758e-01
-3.440556073733442299e-01,8.967878898628337536e-01
-8.230773038316654966e-02,1.141393829624803846e+00
-1.824536056290629663e-02,1.258570746122343431e+00
3.275641939697616634e-01,8.724995688995582643e-01
3.784172551668211204e-01,8.206319054739963370e-01
-7.463279121752044998e-02,8.149995321400806958e-01
-3.195780098040892914e-01,5.673812397857411760e-01
3.861082893842961994e-01,5.958370319868113926e-03
3.876738503200738983e-01,-5.292988352733232760e-02
1.232409965004823554e-02,-2.205391739990532618e-01
5.400528898628679381e-02,1.022506933619316882e+00
1.732166010373157594e-01,1.268230764823917278e+00
2.039225789525831167e-01,-1.339512292062484781e-02
2.914018756886371242e-01,1.271398734975223155e+00
-3.222310714227850093e-01,9.078879907478544231e-01
-2.895708876947674093e-01,1.406917770890195429e+00
-3.170709158468044131e-01,1.151346972675250324e+00
2.878238389301586708e-01,4.356780893953115380e-02
3.611420336039686263e-01,1.237885396556902551e+00
-3.467721132535894757e-02,9.587057596288578454e-01
1.204010642853455826e-01,5.374641607038861402e-01
-2.454554190186912233e-01,1.059154821377012112e+00
2.069644710209849747e-01,1.493773259348407378e-01
1.220052723677972906e-01,3.761599176490822150e-02
5.214143985130866854e-01,8.476975835179725305e-01
1.148578778039216486e-01,1.328370035634291568e+00
-8.263616798163404831e-02,1.270655504130257629e+00
-3.825246259527257386e-01,-5.724462460373472977e-02
-2.188422241351899722e-01,2.465182956713681539e-01
-4.005927238833324744e-02,9.946913269812728275e-01
2.519187604903866951e-01,2.770139346452072382e-01
-2.049601755387153168e-01,7.145515643573838171e-02
-2.041673744168000515e-01,-2.942622481713721427e-01
-5.998844833064551074e-02,1.099346068696914536e+00
3.130882863840269148e-01,-2.338352153473583495e-01
2.667744397862635841e-01,-1.254096083521805821e-02
-2.746955179790802615e-01,1.200322152873044779e+00
-4.607561480868421766e-01,8.320270504513045673e-02
1.811674254059683353e-01,1.258753840054016138e+00
3.789890462742406124e-02,7.520586556271557921e-01
-1.539650311517632708e-01,1.367512698916903968e-01
2.758518562438312394e-01,1.160292677888824731e+00
9.307352365479631962e-02,8.845064333843719595e-01
-2.555472501502259811e-02,-1.918782716570330837e-01
-1.175299332016021686e-01,1.498264969207475206e+00
-2.160222017185182697e-01,7.596988737064837294e-02
2.007212281204205917e-01,1.158121607996186908e+00
-4.522949724383922288e-01,3.404349581205360908e-01
9.716812153732949653e-02,-2.726394453522072367e-02
-9.256137199560073026e-02,-1.142773113182907196e-01
4.817661205214244374e-02,-4.281931654913172514e-01
1.489171035918336050e-01,1.205568902013257615e+00
1.187477009237693643e-01,1.157974345299413788e+00
-1.365894135787209564e-02,-4.879631028205036469e-01
-3.085666806629536185e-02,8.020069328949057663e-01
1.774602407957097949e-01,7.112720169135480774e-02
-2.130509476331420293e-01,1.165956216642899612e+00
3.347595019060884414e-01,5.685503941551133256e-01
-5.137372884185826410e-02,9.201368501453537352e-01
3.149649584517648648e-01,7.709756920793455759e-01
-3.071733660419651013e-01,-9.505024493253291795e-02
7.202702685869356858e-02,7.494411937304490401e-01
1.331366505319806770e-01,9.575577669297786754e-01
6.260110146193026415e-02,7.643365267175794564e-01
8.396238057968116730e-03,2.481679753937727495e-01
-1.937530994404734197e-01,1.209849492898342205e-01
2.113750053753002678e-01,8.121251987047238829e-01
-1.514672429579108914e-01,1.119594759052704447e+00
-1.080298496286131310e-01,8.702435634213807614e-01
-4.199790003881906375e-02,1.115080606317496503e+00
-2.446001341879053548e-01,-4.267784584469717923e-02
-1.161749548018835634e-02,1.022336005431663253e+00
-3.149572520815607790e-02,8.327793516210646452e-01
-2.582224051460996761e-01,7.049830549648035127e-01
7.701618004007844409e-02,-1.633865018528681823e-01
1.169526269269763330e-01,1.118897211515573087e+00
1.356625530686394743e-01,3.397028424748755882e-01
7.193305265439206564e-02,3.383377385875434296e-02
-7.325200451255432788e-02,1.016370189191096340e+00
1.939462384421938579e-01,1.243904401361231260e+00
-9.432005652827851749e-02,1.175115047937476787e+00
-3.225035706623537168e-02,7.952871191213558566e-01
-2.211066233152522986e-01,2.182183119795489401e-01
-7.077852966832617887e-02,8.315871659717404274e-01
-2.200103921444336863e-01,1.175574918473490271e+00
6.286822261471916029e-01,5.145288460862632723e-02
-2.136838704095737618e-01,2.164219842752599862e-02
-6.998530570506168447e-01,9.814573975821557772e-01
-4.036738229055729377e-02,6.224814286086433057e-01
-3.628519809715562150e-02,7.031976427043168387e-02
-8.326288966006205414e-04,-2.108259971348405704e-02
2.868676695682085276e-01,-2.813397448456126937e-01
-5.754209386362271195e-01,2.612025660405689065e-01
-2.454576050223434072e-02,7.068126256899005810e-02
-1.675886539230371421e-03,-6.134212353083014213e-03
-3.125074194652494586e-01,9.577414651774968091e-01
3.921330877443818252e-01,7.129883006694059944e-01
-4.407065453451149417e-01,1.586634732490569966e-01
-2.105252815313936668e-02,9.428191073670401101e-01
3.915263980459770532e-01,2.840750737533598302e-01
1.259800247095839987e-01,6.615953748282583646e-01
-3.394469489294045517e-02,1.490526106995565092e+00
-7.710117242234106050e-02,4.340247031790714916e-01
8.617828754034909111e-02,-1.210094893257803589e-01
-1.262245471989669188e-01,1.070037250298219167e+00
-2.247593133115113329e-01,1.241181283257702272e+00
-1.919498218766141351e-01,1.240495778261953674e+00
1.384506280342439610e-01,1.311641964548497241e-01
4.731340670002850413e-01,-9.470414619325599748e-02
6.966229022124484360e-02,1.020400015583792008e+00
-1.082587145772036796e-01,1.144005754253308638e+00
1.921101904134132066e-01,9.756811893078416453e-01
3.831151227366141887e-01,-7.532463685696727529e-02
-1.959924827535873271e-01,7.498789324725374517e-01
8.781838886490200835e-02,9.856314745155332346e-01
-1.777343862568789012e-01,9.171486971021216572e-01
-3.149301610272234320e-01,1.909746241402052458e-01
2.153671090916680908e-01,-9.420046887421934523e-02
-4.763312643302631405e-02,3.915327234278155877e-01
1.777415856352325130e-01,9.942891401034358312e-01
-5.369523401053872408e-02,-1.777169569722522324e-01
1.492567698420479150e-01,-1.578617383091886484e-01
-6.888546091853635367e-02,1.660534461799998418e-01
4.452730012483618882e-02,1.144514310304687310e+00
-2.610343973089373493e-01,3.165959526061889462e-01
-4.245863154676309675e-02,8.761036209278686426e-01
4.461002504248369471e-02,9.446184353805460177e-01
-2.477496197929860422e-01,-1.328615742446416226e-01
-6.861003813136148932e-02,-2.225744559856219495e-01
3.085169341044518010e-01,8.552951765238504533e-01
8.108762644719404167e-02,7.315139351064499085e-01
1.742484966718407247e-01,3.520175940853660368e-01
-9.133442408731488188e-03,6.670785826209547631e-01
1.074610113719008803e-01,-1.066935692113657325e-01
-4.101555069299732681e-01,-1.328793271214883387e-01
-1.843773538953569213e-01,1.197527126738733294e+00
3.835231090680286947e-02,-1.798913689215540443e-02
-9.919370203766096628e-02,1.870484534095761056e-02
2.383426757890286241e-01,9.374070741167807030e-01
1.858743154987027302e-01,3.460862744745320935e-02
7.559574657999595937e-02,-9.113717483173440492e-02
1.027530011883635574e-01,9.421849195792824094e-01
-2.335867259044444588e-01,1.210136966031593930e+00
8.538057443807781088e-02,9.561020268233372255e-01
-4.056667692265526759e-02,-5.369610227218016840e-01
-9.229874051491000764e-02,1.097289421348317306e+00
1.770788529190713834e-01,1.486976937619209238e+00
-2.432671070183920758e-01,6.064100522130126958e-01
1.731621372806296522e-01,4.670945728892424847e-03
-1.542638281584549631e-01,1.310553581573232318e+00
2.275352077161647835e-01,8.657659525356089514e-01
1.021841914342964258e-01,1.074118432903961029e+00
-2.911035900369372542e-01,1.011962842428637765e+00
2.452566101252934838e-01,3.043228147724132485e-02
-2.640939786216695007e-01,9.959717817728866995e-01
-4.742630340687049167e-02,8.632905172881377709e-01
9.960823123294318404e-02,-9.204432099530918121e-02
3.204890624020270695e-01,1.262836593639342642e+00
1.235088472282657168e-01,7.758688606061747706e-01
4.970334568497942161e-03,1.220372203475017292e+00
1.347704484125950564e-01,2.638488774262113812e-01
9.578890599836810404e-02,5.964072078366619012e-01
-9.359915990819787229e-03,6.683214839855423639e-01
3.155334499000093662e-01,4.181529622198001950e-01
-1.348944442496244067e-01,1.019505425010676092e+00
2.596996972090019895e-01,-2.470525470095797094e-01
1.448005648785050947e-01,-2.916129886947515515e-01
-2.223480731382356801e-01,2.003614507122269128e-01
-7.921059939834073889e-04,1.180423932046668511e+00
6.884458335504126114e-02,8.810979909441769564e-01
-5.651531115249601722e-01,1.310699758594120246e+00
1.460103415980591735e-01,3.649731561221047360e-01
-2.103152049743006180e-01,1.278440471078844176e+00
8.225905325700773318e-02,8.154004545130590920e-01
1.571157439384771315e-01,-9.793011267160277311e-02
3.878569765971560251e-02,9.026765392098522467e-01
-2.585628743630257187e-01,1.086846296168059833e+00
3.052461526408951076e-01,5.587888901509432960e-02
-9.452887903760347210e-02,4.396829421230548096e-01
-1.177293345446354944e-01,-7.146473806792309758e-02
1.874224333713172264e-01,6.756482468071586811e-02
-2.073035863765718689e-01,1.067736250828328570e+00
-3.762895155645978873e-01,3.263825681350955576e-02
1.783943470610646620e-01,1.302628537873577130e+00
3.140975413434621832e-01,1.103519255151707679e+00
8.846832891850013592e-02,1.595480740406701070e+00
-3.046156324442678698e-01,1.041553036325690629e+00
-7.208160150068276817e-02,8.814277333776550094e-01
1.107495586336173544e-02,9.962499985060485619e-01
-2.860636026950437727e-01,-5.151837376095732557e-01
1.330412088466332021e-01,-3.196623979262517290e-01
-2.922408537754475066e-01,-1.322904816470777678e-01
1.293399846470024983e-01,-3.236289160485815008e-03
-3.232019057860324174e-01,-2.134851987267997464e-01
3.370748494001508111e-01,-2.754282169042902573e-01
2.816383365235653261e-02,-6.769278733364682277e-02
-7.386498283240593155e-02,6.765887157218930525e-01
-1.341744292002326755e-01,1.298669628097877567e-02
-2.191624461449078690e-03,1.614796470279284690e-01
-1.051439733335283455e-01,5.714355583373363912e-01
-3.324238947076448292e-01,6.309626587560923650e-01
-8.180260810434950014e-02,1.248054512102799274e+00
1.035206072225777069e-01,9.206216143191503498e-01
-7.266093301879078536e-02,-9.826249630455391459e-02
-1.050718435838745440e-01,1.029068725304655985e+00
3.124865044956638971e-01,6.415936228524228568e-02
-3.081517365722321808e-02,3.740200087118570327e-01
-2.281466148870854582e-01,-6.832725917000471993e-02
-3.806306592914097675e-01,-4.790388935307761387e-02
-1.660177900245866367e-01,-7.017349276614703868e-02
4.150025372330315987e-01,5.231178795018323058e-01
-7.303632848430969826e-01,1.145247158025877621e+00
1.047049559176606442e-01,9.874679461729756191e-01
2.791569865938388073e-01,-1.064097099574661531e-01
-2.596244405136203248e-01,-2.931393724243397947e-01
1.480006912207335601e-01,6.279640648087498889e-01
-2.072275713060116042e-01,7.264400601055620577e-01
-1.209204425278171541e-01,-4.857672815294500346e-02
-1.869759054755003591e-01,1.118958302715103992e+00
-1.854601554738082303e-01,1.299259972603661328e+00
1.687790646156945018e-01,1.106844934900449662e+00
2.506561996396318159e-01,1.032133998906212158e+00
1.619433880845251583e-01,8.892907625207771005e-01
-2.732588083766843701e-01,1.112390801810835939e+00
6.018155003004323211e-02,1.276481142192713580e+00
-1.493543270005114054e-01,5.385661466684685816e-01
5.007147379750578192e-02,-1.651817159412146685e-01
-1.589243021248555043e-01,-9.772483975472315287e-02
-1.620626711290701072e-01,1.204272863528610849e+00
9.793135425705197517e-02,-2.588338321902894715e-02
-1.323576110563102204e-01,1.576390153774661906e-01
1.864463656949736162e-02,-1.228877452278155230e-01
-4.308937692541493503e-01,-1.814370862048927668e-01
-1.225197295391671215e-01,1.165125172850212776e+00
3.271312787051668374e-03,3.660802784057299863e-01
2.719676951073590060e-02,5.025136377508668817e-01
-3.769537057853310225e-02,8.346463374943365043e-02
1.012944501282855569e-01,1.339271135971393356e+00
-3.764528533083867368e-01,2.264700494159689326e-01
2.114999425517951059e-01,3.735906065050701996e-01
1.570752606300879761e-01,2.557453733868792489e-01
1.472499315293262223e-01,1.973050625260481805e-01
2.079665631425053549e-02,-3.048685420349355260e-02
8.257630183340254615e-02,-4.100552285959806892e-02
1.125834392868444028e-01,-3.680504017796455418e-01
4.430503036193471356e-02,9.844850369657419664e-01
-7.454192570600727541e-02,1.263940493839291468e-01
-3.650469449230905883e-01,9.992461649994123229e-01
4.022381023492953012e-01,1.366332652849992613e+00
1.530509306760586830e-01,1.154388505914768270e+00
-1.420753010053456555e-01,1.383047786890903297e-01
1.517587396079322637e-01,1.404643270455293358e+00
-2.851383135725248097e-02,5.461595504676281659e-02
-3.762847716471816040e-01,1.017775924715158320e+00
9.442007737675204432e-03,-3.521792282395889376e-03
4.046132559704224696e-01,6.089921656180844467e-01
-9.169946489030282588e-02,-1.748007456854016872e-01
-9.447565186281003946e-02,5.477304258659113634e-01
-3.491949795412423452e-01,-7.307334545948193302e-03
1.339507881336181871e-01,-3.753247554368840944e-02
2.379101493372138554e-01,1.336385307133374500e-01
-1.342157951632121649e-01,9.166240487880396026e-01
1.380584938776094062e-01,6.240500883409719757e-01
-6.582253772967884553e-02,1.525182451581554577e-01
-3.581965537685771750e-02,1.470864768543512224e-01
-4.380984003713680464e-01,-3.742105815043674233e-01
-4.382656915185143692e-02,1.106962992298418103e+00
-3.083892060383213174e-01,1.086086738591319767e+00
-1.116176655834487802e-01,7.698962357693783787e-02
-1.813377659427748423e-01,2.483829405578361349e-01
-3.266743110060858490e-01,1.167594018918732157e+00
5.893542227968420200e-01,-2.242732169586923174e-01
1.230851848372745277e-01,1.354356019625437391e+00
-4.662826974719607581e-02,-3.838146871986752307e-01
1.742224240450765405e-01,1.048899704862102267e+00
-5.189087107528650433e-02,3.659793180141299729e-01
-4.432892679506727357e-02,-1.150990980314326867e-01
1.396126374541101500e-01,5.555828164002144520e-01
-4.484188924167815948e-02,3.166341726473904661e-01
4.080380512925275704e-01,1.409052437323320639e+00
1.140197348591472232e-01,6.690814647782479252e-01
3.026383411315258787e-01,-9.710268398653307265e-02
-6.452739272666017933e-02,1.234786234884989398e+00
1.215492302916889311e-01,1.239626115183212612e-01
2.082146456816367230e-01,-5.908479564750124258e-02
-4.614224546187523091e-01,-2.126579940182031503e-01
-5.077485540327505292e-02,9.849759513875967487e-01
4.295654775674432463e-02,9.290385442403542582e-01
3.834649702865632892e-01,1.304160896600389918e+00
3.220290644292910232e-01,1.213350403846808812e+00
5.539865505829567605e-01,2.449834539144228607e-01
-8.242341956757626154e-02,-3.235365105208909964e-01
2.564858080380906860e-02,1.153228031114826191e+00
2.130803686496047789e-01,4.496712238063080846e-01
4.197159902013426064e-02,6.977256482445746144e-01
4.851538507997597838e-02,1.960311524809408568e-01
2.390852481601996871e-01,1.417314929518279087e-01
-2.700357644765027845e-03,8.024924498497325587e-01
-1.442666401103464280e-01,5.510872611534390897e-01
-4.316843922445679493e-01,1.014637825496960133e+00
-1.953817631112910180e-01,1.035168424711950808e+00
4.732976378418946584e-01,4.171374213532381137e-01
2.705383288958820853e-01,1.011128148505180180e+00
-1.011989524812697272e-01,1.162294036202246028e+00
-4.046180899607465520e-02,-1.201592870235784344e-01
9.575008856082709019e-02,3.018945583485520556e-01
-1.029398881085581141e-01,-5.781164488169620447e-02
4.266253739640048503e-01,-6.100973516166446203e-02
-1.345486665172400120e-01,1.830191405621897638e-01
-2.106578791218461089e-01,9.527960272976915279e-01
4.252712622128821951e-01,2.214593118596581978e-01
-7.985568244098885382e-02,-4.533233393035330239e-01
1.434363087530708403e-01,1.131611117006538159e+00
7.260652682394584667e-02,-4.078192132644943291e-01
-3.832365793208837579e-02,1.355463860296000522e+00
-4.378300884668546306e-02,8.944665510328195790e-01
1.452322987956043421e-01,8.769538144552418979e-01
-1.424026740285880797e-02,2.539474348659220837e-01
1.976437139948324928e-01,8.272115356772915540e-01
2.351995938599931446e-01,1.544251962887672192e-01
2.804188518934513374e-01,8.487433833064442767e-01
-2.636825729222904147e-01,9.332073853749255354e-01
-3.991942543590967785e-01,3.362307378873558711e-02
-3.441777374635759390e-01,1.235063942889723210e+00
1.078376436125259435e-01,1.087048594872649820e+00
-3.446561747561736055e-01,-2.879780932931413351e-01
2.108860256046265480e-01,1.327540622323478914e+00
3.740466224992333027e-02,9.296606281841117078e-03
-1.527327476210176838e-01,8.525936736991062137e-01
-3.139741751180881724e-01,1.033697193992567875e+00
1.932373396521827602e-01,6.566927114337602067e-02
-1.073177541404717050e-01,-6.989850454271809288e-02
-3.148051914547938535e-01,9.208594384773476360e-01
-1.485127709685228788e-02,7.427147624549073068e-01
3.660731502111466695e-01,1.105184551579911023e+00
1.088897439152774690e-02,9.602748359651916976e-01
-3.442056812635352347e-01,8.040586231704573983e-01
3.052382506880576551e-01,-4.849680713706781832e-02
6.290623262404984595e-02,-1.537980786109836295e-01
-3.006519043608255753e-02,8.472354842667398911e-01
-2.341051674111601921e-01,1.166144258456904836e+00
1.828397966549922815e-01,1.063463460256328874e+00
3.930965905853227582e-01,-1.086819356488236826e-01
1.417230056496921187e-01,8.543734016656908681e-01
3.222801742359816812e-02,8.355019956185361085e-01
-2.245029119099376524e-01,1.358068111295012391e-02
5.187769642863534342e-02,-5.404177048033270703e-02
2.807214166878725381e-01,1.016638530795806128e+00
1.470704621268757450e-01,6.560403993810506318e-01
-1.147231513771508338e-01,-3.221935323047195321e-02
3.325413902281915690e-01,8.587917984312364028e-02
1.479807176959692938e-01,1.058015339348004069e+00
1.423953790718394952e-01,1.225474743176339754e+00
-6.603113360936654908e-02,1.059304541520029730e+00
-1.118578331321252867e-01,5.624164141126493377e-02
-1.938084637904590457e-01,2.363746449666449256e-01
-3.235076531823305457e-02,9.099620634179177436e-01
-2.999902569501714522e-01,2.231242636591464212e-02
-5.087129282172010714e-02,-4.299842916147318395e-01
3.668280426628901525e-01,1.461466804282648135e-01
-3.637026703219195523e-01,1.735393950903255933e-01
-1.738944103457329693e-01,2.810170857203369010e-01
1.128029588363688579e-01,9.361554365417966705e-01
-2.431462326364916549e-01,3.951166756850348072e-02
1.439267278039876169e-02,-2.059706593983859635e-01
3.889771526381419764e-01,-6.602648712872617731e-02
2.188799550099925495e-01,1.167831568625702504e-01
1.340149016243318003e-01,7.485081258792618542e-01
1.390660722631523460e-01,1.144660185690319576e+00
9.461795276261306120e-02,1.138047541959401887e-01
-3.772369872892242793e-01,-6.023323259244865030e-02
2.489212026518754783e-01,-6.352591704711631204e-02
2.231841249018523543e-01,-1.848094901427077552e-02
1.763895939343702035e-01,-5.582751733356792340e-02
-2.563412817090218038e-02,1.093976123091531916e+00
1.133150136785831819e-01,7.285720425709765191e-01
-2.460211517910652346e-01,5.452397063606268662e-02
-1.865449254049924011e-01,1.153206642872710574e+00
3.561683035508438344e-01,7.952429726400860321e-01
1.992084722948533337e-01,2.696675808784456119e-01
-2.759370644046336696e-01,1.057356735709156448e+00
-4.128919314920087569e-02,6.655817950289023843e-02
-2.721862507424358535e-01,1.068265049117879784e+00
-3.480451425910885410e-01,9.848989982651051855e-01
3.343540957538715941e-01,1.343927248775603100e+00
-7.611653320683084423e-02,7.755017383860148827e-01
-4.803375085528436284e-01,1.425513421099987993e-02
-3.393687590974021062e-01,-5.456942447079795588e-01
7.717998444899777655e-02,8.775267366715083783e-01
-1.203512545050083871e-01,8.496447113411982333e-01
-1.179212881715039490e-01,6.071590973030529387e-02
6.214548385978899137e-02,6.967848022282336906e-01
-1.766443419108126578e-01,1.081016689210511084e+00
-2.467864602132434637e-01,9.383708004780149103e-01
-1.928191318781879438e-01,5.795420852906150999e-02
-4.155654796360374464e-02,9.732053559944370269e-01
-3.368380648906339064e-02,9.419387635223074318e-01
4.073458620285152487e-01,1.084219522870871533e+00
2.385552529072263936e-02,-2.747425565444164275e-02
-3.805553439940363991e-01,-2.834703458555543065e-01
-3.051431153903885196e-01,9.689083743374178326e-01
-3.434602820313470972e-01,-3.825362989668205146e-03
-2.065303488234031537e-01,1.078893528382405709e+00
-3.220242225852459339e-01,-2.495014477212585957e-01
-4.342043971067106184e-02,1.366775241274997832e+00
-1.416981859462442539e-01,1.687729991070703039e-01
2.781216905897573866e-01,7.713385647868224726e-02
-1.109622781071956665e-01,1.147869707150808161e+00
3.015743902116639341e-01,-7.068882895982681047e-02
-1.080925211439565520e-01,1.336073891771685229e+00
4.981994355035495453e-02,-2.411449925008382900e-01
8.863112473865734919e-02,3.772481296019664643e-01
-5.496433726959663035e-01,1.367557393139494870e+00
-1.194968382423680503e-01,-1.996349860316136426e-01
1.733650265192787920e-01,8.655998645312583673e-01
2.175116520917829144e-01,1.058397939644015073e+00
2.715115561643971498e-01,5.518272876310517105e-01
1.204266389411104976e-01,-1.051886582409108095e-01
2.122835157787038296e-01,1.194362373241576597e-01
2.548969434248048449e-01,-3.435651836927962610e-01
1.945312579773939565e-01,6.825724432824804566e-01
-7.329124586597661473e-02,2.642568469749013715e-01
-4.809510108318903326e-02,-5.481129609423606164e-01
5.516756952161418898e-02,1.302182940913750864e+00
2.201925187481396096e-01,1.037341622842713917e+00
3.152954157022789389e-02,-4.121511054432814292e-01
7.211916012408073340e-02,1.045318728066135794e+00
-1.668089349695941193e-01,8.050720950888910765e-02
3.511123684527892030e-02,1.265010309004068301e+00
-6.930935104932390081e-03,-2.147102993630645162e-02
4.382676172387908048e-02,8.514408177583238091e-01
-1.536335146656114536e-01,7.693232143531191225e-01
7.031987376869291810e-03,7.029184569285463757e-01
2.130916319151505423e-01,6.777132449563531003e-01
-3.270976068212089194e-02,1.035258999901516042e+00
-3.977863901619359543e-01,9.744331486576816026e-01
1.346471598226849087e-01,7.859789932148000258e-01
1.111130875430712817e-01,7.992752189505170080e-02
4.348516021167769113e-02,-4.656179374974167007e-01
3.366650336936408139e-02,1.049552896566713356e+00
5.885274886396450050e-02,1.472837063442795739e-02
-3.562776200334293875e-01,-1.792920787222811452e-01
-9.779245678627575267e-02,6.997535127952401179e-01
8.782755587044109580e-02,3.544509982172301954e-01
-2.643615565763101638e-01,1.221241245231746930e+00
-2.486053648113380754e-01,-1.883667364321637006e-01
1.017676082669369785e-02,-1.857837620495707276e-01
-1.305670991436208017e-01,1.445873031520425178e-01
-2.800924815250225297e-01,1.212788180077785771e+00
-2.097888396695594682e-01,-1.141520802441386290e-01
-2.949646822451647554e-01,1.219894099729245784e+00
-1.022802945289336823e-02,2.859597342757006500e-01
-1.020101173655583449e-01,2.454631297027274617e-01
-4.776111524581952428e-01,2.751082358664355687e-01
1.508145341399899086e-01,7.634231642877421509e-01
-7.962313390324358975e-02,-1.281512356994464752e-01
8.135412776866744397e-03,1.036558299954895901e+00
-1.465137078612841759e-01,-3.539859432214117335e-02
6.833725458841711786e-01,7.378454066473856265e-01
-2.238676512757546144e-01,1.232792262048842735e+00
-4.812089618098217871e-03,-1.787195108784323527e-01
3.147943312070055621e-01,1.290278782268599267e+00
6.093795329622574142e-02,-1.950542681792412913e-01
-1.131149106427848522e-01,-1.790453465711179803e-01
2.193242725650586603e-02,9.130899466121159547e-01
-4.077395784176753718e-02,-1.509965719089458210e-02
8.054972278921060380e-02,7.423254823689686699e-01
7.414685286913165387e-04,1.234237940327752359e+00
1.737853619879219103e-01,1.223604975575049547e+00
-8.535598952500852987e-02,3.332241479246261795e-01
-2.047339237269216183e-01,9.706188027051178280e-02
-4.780989087248909558e-02,7.819453536347316103e-01
5.831638644150177048e-02,-2.140341584994361890e-01
-1.037225178603271361e-02,1.046024786797086215e+00
1.895044739741739148e-01,1.493186009374788126e-01
2.323929635365654944e-01,1.396930276735243615e+00
7.116423644859043440e-02,8.273311807489382164e-02
-3.533915485801528700e-01,-1.624578341990821559e-02
1.838964709714544232e-01,2.320075179838459178e-01
-2.025249973167909945e-01,-1.177240001976694872e-01
-3.593630125419543936e-02,1.061762321219204885e+00
3.427444239117420355e-01,1.269437755351164210e+00
3.883392199063780970e-01,8.734690610956776791e-01
-7.297680247618596600e-03,1.253520820129227609e+00
3.357787907237556602e-01,1.066165458138810251e+00
2.555949392678811272e-01,3.512241046755595342e-01
-4.228611758423908573e-01,9.795801313290292134e-01
3.853289344844123936e-03,1.258371759675703583e+00
6.799099886594596465e-02,1.458111711422346857e-01
2.550164832827005457e-01,-7.183992385485858945e-01
2.035153017991892244e-01,1.045167678328561056e+00
3.347724191427663976e-01,-7.730177475233238060e-02
1.058920704432987775e-01,9.144121564060131435e-02
3.953059472613570935e-01,1.402693033122068625e-02
2.413322806228982986e-01,-1.831367985596946968e-01
-8.538350674499302351e-02,1.372707962442428098e+00
-1.891701076136397541e-01,-1.610046526217760732e-01
-1.461821533295121558e-02,-2.800928777580680151e-01
-3.431484665059316708e-01,7.661853791520083501e-01
-2.767629792286822044e-01,3.214417415358602342e-03
1.806156627238705847e-01,-9.248820224139663038e-03
-4.139715105840950649e-02,5.598616836619546566e-01
5.028880590860658195e-01,9.046004874372282067e-01
-2.689271923670379927e-01,-2.905544409638230463e-01
-4.485891482298821897e-02,-1.509078401309356665e-01
-3.456141236624017399e-01,1.032465287044312063e+00
-1.921588488566295660e-01,1.050409244566019806e+00
-2.369815785798228269e-01,1.451038354351727788e+00
-1.349012262950055885e-01,-1.747786116651979249e-01
-1.062108938492842547e-01,1.075273021203544843e+00
9.321166039902722966e-02,-3.582810358201251461e-02
1.615218909563076455e-01,2.987837004216936099e-01
-3.205994183494535743e-02,1.087974205203268152e+00
-3.287823440151708132e-01,-5.771575271985531635e-02
-9.343164088137975720e-02,3.649181685081415161e-02
-2.710552253058982064e-01,-1.247935482487821796e-01
4.258874050407588860e-03,-1.689857219131609967e-01
3.046480301241138444e-01,9.057855526123699541e-02
6.593274673543682296e-02,9.320669777644920995e-01
1.930263754292399769e-01,8.979962723637472388e-01
1.915395983680346637e-01,1.023403879454196863e+00
1.980253725605856177e-02,1.057093042252556181e+00
-9.386702660625810546e-02,1.371834644211352039e+00
3.436723665248687248e-02,4.882019695288781769e-01
4.241473980611004668e-02,8.421517417459752075e-02
-5.373752342235114249e-02,-1.099561302025001824e-01
-1.219257162670760314e-01,4.085146873004634194e-01
-1.121709969918757710e-01,1.155681761102577809e+00
3.538996125330918785e-01,7.347466757494871548e-01
4.348899795597498952e-01,1.027217926770166989e-01
8.388608072355355216e-02,-3.319441361706031435e-01
1.007163157899394201e-01,-1.191225495643178506e-01
-9.673638896244485252e-02,2.915635104834478075e-01
1.458744570250238015e-01,7.936057831544279795e-01
-2.308679911945175356e-01,7.359490045622045784e-01
2.004415647743763157e-02,-2.635124669010943110e-01
2.408098728590780668e-01,9.953521255409393531e-02
-4.686800069470240526e-01,7.016224666184402992e-01
4.298073308596291747e-02,1.762112628900038697e-02
-5.147513224120558312e-02,-2.907792323430913872e-01
-1.576847492534141359e-01,-1.317065279961234514e-01
-3.647196541499919675e-02,9.868671162408194641e-01
2.974371586606723294e-01,1.017065193435645165e+00
2.010871847683696201e-01,-1.397464838159238609e-01
1.304142503082311999e-01,1.207413942662714623e+00
1.352319772250186181e-01,1.480398629203347471e-01
-1.632937413170782726e-01,1.280302128811078521e+00
-4.176949711761812067e-01,1.055151765833331146e+00
-3.722793875830852639e-01,9.324749270500596321e-01
3.363337216427104148e-01,1.778187167700720772e-01
-7.181158003658638656e-02,9.803090189506433738e-01
4.409097756594724388e-02,6.129937842801536085e-02
-1.954911295072039867e-01,-1.220121525303953791e-01
1.174988006215289859e-03,-1.262394400476588296e-01
-1.910904604504561760e-02,1.943801035362243898e-02
-1.921447276079917277e-01,1.140083008108732976e+00
1.339351051434438111e-01,1.187684006019145144e+00
9.726297548735629572e-02,9.780826298972532529e-01
-5.085416933815009033e-01,-3.126340703577151769e-01
6.137953607935157097e-01,2.040318076210900777e-01
-2.809530684762925334e-01,9.778713760731350124e-01
2.995678266440405246e-01,9.504683966152902563e-01
3.315217668807082796e-01,1.883587078358933964e-01
3.429357258349612358e-01,-3.445239303760998517e-01
-2.492232053596324104e-01,1.013872838749287464e+00
1.769032489934722549e-02,8.694355530370618812e-01
-2.006390668642944741e-01,1.215924855778761859e+00
-1.147480354919958589e-01,2.827873243728953323e-01
2.276371733045354229e-01,1.269403572437520777e+00
1.091525321351460992e-01,-3.020037621583198106e-01
5.746382485268752838e-01,1.208253857814402643e+00
-2.920852797940705070e-01,-1.455322891336536528e-01
2.560455492952763978e-01,8.897832806928615001e-01
-3.378392817468640064e-01,-5.079193301089904300e-02
-3.101275558889616812e-01,9.763276646221684674e-01
1.536016808038661863e-01,-4.077481973163019635e-01
-1.368280493013401267e-01,-5.591170310140832628e-02
6.009385417740646662e-02,9.351781818723188255e-01
1.454599888466086011e-01,1.144312355101570144e+00
1.599344364360573978e-01,9.274457216647737923e-01
3.776412915901019574e-01,9.059343421814780584e-01
5.388725679315835987e-02,4.867533315266049376e-01
-3.903605543592427729e-01,1.126999088795138437e+00
-2.326143049154188458e-01,3.037377784397802816e-01
-5.013364268814676228e-01,-1.694270506621336769e-01
1.749854611824058770e-02,-1.986904902443909285e-02
1.422940212658836967e-01,1.010622519801692744e-02
-1.796850867636552371e-02,7.823161525618614887e-01
2.390108378588166049e-01,1.107706573824525087e+00
2.306197779165287121e-01,1.109073717455180352e+00
-2.155048347719104862e-01,-2.509085841518649551e-01
3.087192712520057669e-01,9.390773536006326028e-01
-1.274967637486482119e-01,-2.825158868415028612e-01
1.224913357915760337e-01,1.124165282257283405e+00
-2.270556898280155778e-02,1.241732104143815407e+00
3.428179110473255631e-01,-3.051616481632739575e-01
2.967577509322237295e-01,1.071747594395347836e+00
1.804660409344476801e-01,6.435519566027185778e-01
-3.993893934619894420e-02,1.173644899923067086e+00
1.515221129108393072e-01,7.070821288005685323e-01
-8.596644828729944898e-02,8.767806001954349115e-01
-3.736227788550133821e-01,8.147502386163929869e-03
4.422315209169234707e-01,1.244471314514328242e+00
7.013325500122764844e-02,3.550412808272054299e-01
-4.003549904270706228e-01,1.166289419177248377e+00
3.522626596563210866e-01,-2.363575122021069619e-01
2.722087256854107129e-01,2.926898513534298973e-01
1.554432590567128014e-01,1.539620282401043649e+00
-6.425311923930876468e-01,-3.149972792450710379e-01
1.185291844893907875e-01,1.076423477626167413e+00
1.512298160011669446e-01,-1.696517962910260025e-01
-4.432310293184203998e-01,8.684081423408557265e-01
6.704835617373673673e-02,6.722781255005033652e-01
-3.356983874783796562e-01,1.229269570242196435e-01
1.181082280373959986e-01,8.875343334757689329e-01
4.191648922853252190e-01,1.067403115180324047e+00
-2.730756856438416036e-01,-4.368057499201900562e-01
-3.185136519759630414e-01,9.551259908680779231e-01
-2.798296481358669707e-01,-3.117299944734917925e-03
3.958753430520896288e-02,-3.697038445478716406e-01
2.049703267065957624e-01,-1.111359071009599894e-02
-3.581219218425641948e-01,-2.619285946711811253e-01
-2.957720203871169184e-01,8.451456199162248051e-02
-1.378589403202105934e-01,2.391087687341648393e-01
-1.112132362481429992e-02,7.022373408208265610e-02
-3.291328367678784117e-01,7.319334394032643853e-01
-1.372985688554886619e-01,8.048649453987162250e-01
-3.294689018545084447e-01,8.548904178136151888e-01
4.153140439590825572e-01,2.649424545669535336e-01
1.185097925825187928e-02,1.120600632392832141e+00
-3.114193188230549580e-01,3.123373525581343672e-03
2.327183870526395859e-01,-8.074831609082715189e-02
5.018199940074865445e-02,3.105722698827645400e-01
7.718687838461660245e-04,1.411461688664296110e-01
-3.497577429840208474e-01,-3.848735427076717674e-01
-1.478846742223912658e-01,-2.286861440304575194e-02
-1.291235693250680772e-01,6.578840573090380950e-01
-9.655656177594458545e-02,-2.053322993672203611e-01
-3.843542138005118236e-01,1.179689848104191086e+00
-1.788881855740836191e-01,-2.346956664768086454e-02
-9.842631826636386028e-02,7.927913947269843442e-01
2.285489061766539931e-01,1.100945417822151384e+00
1.094723126098093302e-01,1.484795072575576302e+00
-1.955644503475759133e-01,2.953228323793099519e-01
3.223117712572357713e-02,7.296210433892988956e-01
-1.204918772242292435e-01,6.973075129924393156e-01
2.708742000013147910e-01,-1.818110728367126894e-01
-1.537447519360299331e-01,-1.588750029760098437e-02
-3.663204253677587174e-01,-1.382205348545929580e-01
-1.099933758526768640e-01,9.929273775826927828e-01
-8.121966712665715238e-02,1.002172783190956817e+00
-6.529239428455414773e-02,7.694927001601729877e-02
1.032934714918561786e-01,-1.429513901241122320e-01
2.925424402082737463e-01,1.330565537739330617e+00
1.542483862597969491e-01,1.594213703393783099e+00
-3.690597699910124624e-02,1.099702750010442154e+00
1.289522171141935791e-01,1.682320043015588240e-01
1.708794221061427088e-01,2.302555900158385627e-01
1.117083267122268714e-01,1.199266699594342622e+00
-2.736081737862393060e-01,1.019196421004138209e+00
3.173825920549870339e-01,9.625268217417178862e-01
-1.217656428566261384e-01,1.700423538186419947e-01
-1.575478251716272149e-01,1.396762477919515355e+00
2.322407242580383224e-01,-9.851751498209199154e-02
-5.775678139382155879e-02,1.018214259129347710e+00
-1.014297047420225639e-01,1.007273228788797992e+00
-3.834716134564027795e-02,2.620118760416116355e-01
1.987447528749478609e-01,1.048151461271912499e+00
-3.673274616833777095e-01,-7.999344360789602260e-02
3.258957175377109050e-01,2.306234186165780908e-01
1.070113466032477922e-01,-1.669788450152571158e-01
3.065350524272873467e-01,1.104919773051086379e-01
-3.613755450840298589e-01,1.061392007701935647e+00
1.209984286211814586e-01,1.304465879670141826e+00
1.779924220409671853e-01,3.794888459226983812e-01
3.369014259561350366e-01,-2.581727167455168948e-01
-8.141591428872983760e-02,-2.376870860319341486e-02
-7.227649652283545112e-02,1.447580186425245552e+00
-2.058119567161739716e-01,8.392104343650381715e-01
1.344893764182204521e-01,8.676106631778692790e-01
2.886370175767400958e-01,9.924397915642368950e-01
1.128796775154658656e-02,9.375036144549321326e-01
-2.155099489463301321e-01,2.933130636313745210e-02
3.495080989965201335e-01,1.174818743102902241e+00
-1.906910490933770852e-01,6.804943437416831609e-01
2.987621017165000836e-01,-2.752527600810725228e-01
1.750239035744987626e-01,7.357935593934863405e-01
4.157176583478499610e-01,-6.415890729528248015e-02
-1.118285186831754624e-01,7.946982715851828027e-01
3.138541378308831176e-01,7.846742451207759927e-01
2.077054723026818261e-01,1.239162444897552673e+00
-4.338679309266719741e-01,-6.919241232495546567e-01
1.883425694048945498e-01,-3.887420685955249311e-02
2.500299487222811257e-01,8.574402026024132706e-01
-1.313875148327557363e-01,-1.520731479007394193e-01
-7.369156367659961127e-02,8.696205289146041739e-01
8.967473522099469671e-03,-6.311055069991415578e-02
-4.829784741405951931e-01,1.065954240044886481e+00
1.299788268183403872e-01,-1.976308447789004441e-01
1.832731463791547888e-01,-7.845079653736578007e-02
3.156109446637179183e-01,1.387923417873174747e+00
-5.969615165564228637e-02,1.274538724548232249e+00
5.885255342322891908e-02,-6.670134301484589301e-01
1.294648695178762243e-01,1.685797886385254907e-01
-1.657906917382724887e-01,9.199817046526481690e-01
3.279065965231499624e-01,3.572393132576018402e-03
-3.730013919194192229e-01,3.846600662164079143e-01
-1.470745075420375747e-01,8.725207648268362703e-01
-6.518530786066989435e-02,1.314910146393572177e+00
1.027488321835802465e-01,2.680370890653284710e-01
5.172437436889480711e-02,9.723538615625293424e-01
-5.954764317751535252e-01,-4.828106790640652735e-01
-1.807664964970777943e-01,9.310321448822778123e-01
1.309472727880627574e-01,-1.103999961726072759e-01
-1.034663543659759266e-01,1.155118333826309907e-01
7.172168119617985949e-02,5.192238699944636687e-02
3.620067204706985953e-01,-1.088536441624216450e-01
-3.326880261041376824e-02,1.757541731384133221e-01
2.082500648678776434e-01,2.117784693719385047e-01
-1.095786233325904691e-01,9.212544977254186196e-02
5.436622082608960627e-02,-2.590669693108217930e-01
-1.017350038301670229e-01,-9.911560846117468959e-02
1.664007222528537944e-01,7.605015432639482265e-02
-9.083392310716381646e-02,-8.300913191841205463e-02
4.113389802220203117e-01,1.500509861904250619e-01
-1.892845789807934553e-01,-1.207896456735571278e-01
2.441684671025443412e-02,1.132325687998630981e+00
1.374815338318473024e-01,3.905346658125646853e-01
2.980387403070109409e-01,1.052688319284453167e+00
-1.842581895695073703e-03,1.244461414959408957e-01
7.945786456511928775e-02,1.147315108122860305e+00
-1.427663549398262011e-01,1.162420936266611582e+00
-3.076965316823352392e-01,1.357534503803178083e+00
-6.073641825508811071e-02,3.637296866225731267e-03
3.109576143582294394e-01,8.676556606745225997e-01
-3.118678066413584360e-01,-2.092352324233704153e-01
9.659554381491694541e-02,-7.503011933191325311e-02
5.051421150144875805e-01,9.963175275230031769e-01
-1.018007584550323363e-01,1.872281231987757699e-01
-4.858477595140808236e-01,-1.093003516907866957e-01
4.158181447358598459e-03,7.901395555118784220e-02
3.600362918232306170e-02,8.269177221079859752e-01
2.160022427210811224e-01,-8.341220765511421498e-02
-4.210107053817884748e-01,1.023007921388670471e+00
-4.216078312398327532e-01,1.664373597371795743e-01
-2.475537348615667599e-01,2.871294382697681113e-01
3.105292924301547575e-01,-2.960889969221598000e-02
-2.605328597923072809e-01,9.179955191768442990e-01
8.583498819564138946e-03,-7.814902778954208734e-03
5.458810832016249837e-01,-5.844549126585736609e-02
3.474814622585664092e-01,9.538050694610357150e-01
2.330007096996964192e-02,2.422975124640187050e-01
-7.258319018018717650e-02,-6.691992678411731177e-01
-3.221454892574623918e-01,1.073671009750748917e+00
-2.792955321877251332e-02,4.154886370054041156e-01
-2.361098996625665969e-01,-4.295122237823444378e-01
7.942071654498067054e-03,8.367842173367422420e-01
1.747607848564610433e-01,1.461564322520810144e+00
-1.138553899099188915e-01,-1.328635168812268841e-01
3.326430231534045490e-01,2.979837628707838748e-01
1.070878721787861948e-01,4.273002687975052671e-02
6.748265239912570879e-02,-6.180972204949979065e-02
1.509472976089991925e-01,-3.074522039287938546e-01
4.411505450167608200e-01,1.065977170621944525e+00
9.779051547415215651e-02,1.047328951661184683e-03
-3.097123510620747866e-01,1.090633891388535170e+00
7.680645975852405660e-03,9.673041146248848587e-01
4.681590202345095042e-01,9.503532279051672971e-01
2.561987569239339291e-02,1.001934259844083241e+00
6.114262172121818217e-01,-3.400164422218205917e-01
-6.528598562489627832e-02,5.933882711821559380e-02
-1.338926215809995157e-01,3.800373660208340998e-01
-1.816222628629687585e-01,3.989042783508652684e-02
2.770453118756126612e-02,1.098409982472730917e+00
2.628334038870328571e-01,1.238377629479397779e+00
2.993458021513455414e-01,1.634392411926658684e-01
4.121403984486048111e-02,1.373341360600541572e+00
-1.454790170532904194e-02,-2.377825502131873103e-01
-1.198877162145950415e-01,1.713199170791530335e-01
1.297648043060996570e-01,6.480199870199448986e-02
2.202948168954006747e-01,1.118453763359052555e+00
7.662863510305813197e-02,-1.659414138923448745e-01
-2.894365729438591606e-01,-1.175651311846402092e-01
-1.237603360176092043e-01,7.085685537519190724e-01
2.678568576547843971e-01,9.491962297401399518e-01
-2.566146300519854817e-01,8.833407047506629528e-01
3.008890362783419592e-01,1.013630624292310101e+00
3.595144525220815568e-02,-7.593555726864188726e-02
1.604109766550816107e-01,1.024602137906362342e+00
-7.705725324513537644e-02,8.750869196842461228e-01
2.798478877580941604e-01,1.150079783775545428e+00
-8.148931098386492933e-02,9.188759743444870898e-01
1.181237533173256082e-01,1.728237344094937233e-01
3.786395624090543310e-01,-1.365706061076078504e-01
-2.455179236944061982e-01,-2.517787522708840320e-01
-1.652571510760720008e-01,1.253264052701988263e+00
2.660677972818764614e-01,8.243020516300282319e-01
-5.757509020800877925e-02,2.807090239246947116e-01
4.743677719538506032e-01,1.684203504228511672e-01
1.632068432277555131e-02,-2.312111341494862693e-01
-2.867396778170368532e-01,2.734394102651178660e-01
2.797787555649687286e-01,-4.188354585564020571e-02
-3.204995839978573569e-02,1.048869359513040722e+00
-7.430411592760804464e-03,3.165727651404509069e-01
4.506615503633801603e-03,-7.124887721476738656e-02
-2.571737995949265401e-02,1.138780904612102463e+00
-4.922566326196969322e-01,1.342320752803790318e-01
2.417414189901868626e-01,1.007387884248461596e+00
1.195058147303026397e-01,1.182523535117405267e+00
-4.400508596020331620e-01,9.555616395224318937e-01
2.745181190547947292e-01,1.083137157987417165e+00
-1.633947698760508382e-01,1.100603108414376141e+00
-1.705524213623630866e-02,-1.221827953861369942e-01
-3.195397437828433884e-01,-4.996729668231213173e-02
-1.771179297920585094e-01,1.288659605408763564e+00
1.227840935396586342e-01,8.684655231627727012e-01
-1.876723598817311156e-01,1.274894469695452726e+00
6.284889902709289711e-02,9.405961523350915288e-01
9.447456627260474027e-02,6.268997985568397491e-01
-1.907570570741880245e-02,8.750552874532468994e-01
-9.609772843267093412e-02,1.189124527376785645e+00
4.688648557771443737e-01,-2.546786647520055680e-01
-8.696081526630582148e-02,-3.752407450555263896e-02
-1.147222385882699369e-01,9.934622726703959961e-01
3.397302993037882440e-02,1.109346417987046696e+00
-3.117502903736906750e-01,-1.289435899553479092e-01
2.158641443678447069e-01,9.958143720570425961e-01
7.590284767775001828e-02,1.028364827031979845e+00
1.275450727234645094e-02,1.008862795200851092e+00
-3.963589557181365630e-01,6.369186424063497109e-02
1.036132190659837249e-01,4.259725051292632125e-01
2.047555034318545575e-01,-3.053015399768069793e-01
1.546752813562441431e-01,7.617616538828707595e-01
1.671641822892744600e-01,-8.914371088568080748e-03
2.257638317632930103e-01,-1.901822624685832186e-01
-4.533000937622295168e-01,7.283762757824836509e-01
3.698890449269185976e-01,8.847712180168965102e-02
1.172818717365288997e-02,9.780716147997816634e-01
3.594263343477567263e-01,-2.749890236915539243e-01
6.440557713135446061e-02,9.108306843220314031e-01
-8.678009420379297068e-02,1.702618560217209753e-01
-2.465574538759053580e-01,6.894808087552160847e-02
-6.996080803143062132e-02,1.296279685213109101e+00
4.793310712209436497e-02,-4.611286252314305556e-01
-3.805072924693770897e-01,1.112547181435563415e+00
6.125601833954130715e-02,1.378907097295512640e+00
3.018868392292047287e-01,1.243363919652937383e-01
5.659202096087691952e-02,9.736542976537803096e-01
9.138580084788447411e-03,1.443729716538362684e+00
2.753712958919110609e-01,-4.668962406654167396e-02
1.357262889199540856e-01,7.325244066040135227e-01
-2.870981819401005608e-01,1.146507540357626587e+00
2.750794418469102443e-01,7.647063751792221309e-01
-6.783959906006225005e-01,1.144838864775109322e+00
1.690331096815713419e-01,-3.392444416768595761e-01
6.929651806487296950e-02,1.808272851204670850e-01
4.969550566156399896e-02,9.292864603803571155e-01
-3.006885206334510285e-01,7.342278366184331606e-01
-1.232504263312185627e-01,1.423083124447070691e-01
-6.324954690141883218e-02,1.941497796536034159e-01
8.894904949420169571e-02,1.043952997172187924e+00
9.681050195638447875e-02,1.254479313988682065e+00
-4.719166113556831632e-02,-2.407237180881560135e-01
-4.413492922673305230e-02,1.123037963631831282e+00
4.900453539564233463e-01,-1.100766352797344014e-02
-2.667229308467749527e-01,8.942863926727681045e-01
-1.865647415651440766e-01,-9.756868798991459590e-02
9.011290574452369279e-03,-1.548710961444209333e-01
4.250586461417549811e-01,-1.854660159535091724e-01
-3.589039409601025438e-02,-2.940629956476180640e-01
-9.812938006587185180e-02,1.335105549674814096e+00
-1.908036741999604990e-01,1.241628464443224056e+00
-1.613153212053210495e-01,6.174095315280880847e-01
-2.752649235411568363e-01,-2.792024807181119894e-01
1.371511211747922232e-01,6.824597755025318957e-01
6.249149356953839773e-02,1.220879291927817523e+00
1.544939813831747721e-01,1.246598337341747187e-01
6.068597715919597790e-02,1.710390545456214328e-01
2.081855374927469027e-01,6.706078359051472759e-01
-8.558172808308960045e-02,-1.644399786465999547e-01
2.367462880754375165e-01,1.040297046239684997e+00
2.911011821308944203e-01,7.349598897190026126e-01
8.626693806987588420e-02,9.720827260022674166e-01
1.352724518818201049e-01,1.106622525027484150e+00
3.101722731871414118e-01,1.245304547929436900e+00
1.144822099310770225e-01,1.138560219334302737e+00
5.080161927479211192e-02,-3.081665508622783226e-02
3.112053899774590987e-02,2.398787208443761976e-01
2.916599144612023672e-02,-1.630115710320329536e-01
-4.895230245175585249e-01,-3.743649517627745671e-01
1.864329343727585409e-01,7.953521534784992186e-02
1.346845057055646999e-01,2.457416349157113822e-01
-5.290153787412502084e-02,-2.448163677394500082e-01
-5.751587453056479227e-01,2.584727340604480728e-01
3.759204140629003876e-01,3.256393105844101465e-01
5.963307264651698109e-02,8.560722445542991998e-01
-6.393966908587218889e-02,8.926916491034040391e-01
-2.467489039204195933e-01,9.525577565688642112e-01
-1.633088851281195852e-01,6.072390594149657851e-03
1.746706716810647042e-01,1.355522817610753661e+00
7.998277242875040383e-02,1.197049695437528927e+00
-1.949463337586510026e-01,-1.965826770215321484e-01
-2.120059306586155878e-01,5.387060589758401186e-01
1.991608117375155973e-01,1.137579112156688943e+00
-5.150539009800064738e-01,1.282641694842119096e+00
-1.639397691822725711e-01,-5.665552254167326440e-01
-1.664463511128447815e-01,7.662994773651374825e-01
2.753675388664910129e-01,1.014041008856524595e+00
1.703375476788148435e-01,2.762623835682351259e-01
-2.151030582940757219e-01,-6.730853461296015805e-02
-1.850072984861172165e-01,7.820092592218816918e-01
-1.575048956746641915e-01,-9.969496785154031981e-02
-2.558474220030527713e-01,1.188934276354639552e-01
-1.515255515843191014e-01,9.518094160566081818e-01
-3.980355755902165171e-01,-1.726097265831636751e-01
-2.138193628972356042e-01,9.394029247090156520e-01
4.542624663764588400e-02,-7.654707913729227875e-02
9.928430475518471021e-02,9.008448595790401470e-01
2.003858775281946170e-01,1.003503940953111684e+00
1.679943351767409221e-01,5.606083796517044027e-01
1.045530618298064346e-01,1.564398671778189642e-01
3.008479643372500845e-01,1.602446105666273990e+00
8.207576277850336943e-02,-1.687275081136608082e-02
-1.036062870494000449e-01,-1.420946147328950582e-01
-2.078576636384344700e-01,1.597588195062064897e-01
2.442525389585282203e-01,1.086929486924339994e+00
2.538175900352852565e-01,1.208203785929333751e-01
3.350414677049804446e-01,6.894898405038038525e-02
1.780254001170240852e-01,1.726171057063622116e-01
6.508687983961669588e-02,-3.081977485032660335e-01
-6.477488776844977925e-02,-2.749497350712295507e-01
-2.218305306040435354e-01,-1.524726127591582436e-01
-1.323710585841921250e-01,1.215464035023917422e+00
-2.087548443351046890e-01,1.007575033295277089e+00
-1.225627238369009636e-01,1.258178842593922653e+00
2.896089993779955574e-01,-8.010785557473061591e-02
1.058471451545316827e-01,6.922494150541635971e-01
-2.464699689727017640e-01,1.345214935919706978e+00
-1.904959886451974282e-01,1.452289335735761133e+00
2.478853184981655855e-01,1.915027921652771858e-01
7.079082475832546018e-02,8.343831662864942267e-01
-6.763947148626045514e-02,1.610003595085390121e-02
3.515559010061110323e-02,3.193544980762387797e-01
1.642040010180394194e-01,1.111191753583945951e+00
-4.763157579120478879e-01,-1.782977344802945119e-01
1.112686542735761702e-01,5.138981472895565172e-02
1.118859965420191359e-02,7.221905271695615580e-01
-1.024179597795072533e-01,2.713836782951837279e-01
1.667947580403807417e-01,1.055983533723934276e+00
2.462449987295133591e-01,9.814440716437604628e-01
2.399335737307708438e-01,9.510383345462184446e-01
4.212312785189107484e-02,2.909254826110600489e-01
-2.793959558712346136e-01,2.154037712123496318e-01
-1.495078768134552594e-01,-2.112929799349354820e-01
2.608016241288488857e-01,4.335470086028287429e-01
1.956936366934589611e-01,8.724019600783867734e-01
1.567177580946390036e-01,1.073349624306528582e+00
4.277580659895680593e-01,-1.397591798061119106e-01
1.160962766835298421e-01,1.124449125716826536e+00
-4.352976937803056390e-01,8.800083526057458361e-01
-6.025101315581732342e-02,-2.628643248589734860e-01
-4.370927314296671473e-01,2.957256410744500963e-01
3.120507366418687201e-01,8.882225136517474251e-01
-6.088401275784312977e-02,1.151056118743481127e+00
-2.184384044435015437e-01,1.230797648915484155e+00
2.218665204847470040e-01,1.145295605708930520e+00
-1.463424416533126993e-01,1.298365610281644544e+00
1.173731198396808090e-01,1.186482430793747822e+00
3.470635773503060665e-04,1.088039965949034737e+00
5.574240699830276258e-01,6.169223806831434370e-02
1.023036178369378796e-01,8.787888001876233979e-01
1.438092432200002713e-01,3.044343715531290240e-01
-1.373040649525438250e-01,1.053096397713015712e-02
1.777437102679179370e-01,2.742764021546114650e-01
1.152355387940521697e-01,-1.959893847268525183e-02
-1.957693584509109797e-01,3.864658263763163237e-01
-4.555410484580306729e-01,7.632015145768089245e-03
6.182044851870251850e-02,7.594878422603097423e-01
3.443585565096319301e-01,1.105271098495168719e-01
-1.906976841398086153e-01,-1.797328936907204577e-01
1.282408926307657959e-01,8.157311321735706278e-01
-9.288702775229965014e-02,1.132949065390394860e+00
-3.232951404446572918e-01,-3.058527385109757191e-01
-3.871094620279690868e-01,1.187627712699841576e+00
-1.666105369321788099e-01,9.175166038377967626e-01
3.873736026888480871e-02,2.444632757727979999e-01
-1.659891169621590390e-01,8.767365843182098883e-01
1.861882381296978417e-01,2.589378988313804641e-01
-3.464438876208701945e-01,-3.416100809212961886e-01
1.786623801958209523e-01,1.092221383289327497e+00
-1.068078297891651533e-02,8.870167205679948541e-01
3.253345170276491366e-02,1.113806770753706266e+00
8.093114233935405633e-01,-2.796496141622089038e-01
-1.259523271020213109e-01,6.869436019105166213e-01
1.453432175202252694e-02,9.909159798814441977e-01
-1.742399640800252336e-01,8.667114443988921391e-01
4.024485325783774825e-01,6.365065089235009133e-01
1.140913936971073156e-01,5.681478486534807110e-02
-1.520382453836776303e-02,-2.804754150342719798e-01
-2.053343161332969041e-02,3.867617175403325058e-01
-8.812284124266787921e-02,1.033058837103043359e+00
1.941254235466791378e-01,-2.694174193561284514e-01
-2.211756793410337221e-02,1.097349947501937928e+00
1.964397207546951796e-01,1.595018537936984115e-01
3.872035216433050014e-02,2.313498522587852657e-01
-1.901401462794417296e-01,6.424710116495770118e-02
1.086131390291567439e-01,1.201183850491714944e+00
1.237501722360617035e-01,-9.154187721621849516e-02
1.408485774134015656e-01,7.548369566681499554e-02
-1.366956831803478427e-02,2.615779476862314934e-01
3.289196165986877918e-01,1.409073653841445006e+00
2.513557081638305088e-02,1.204257503264862583e+00
-1.025592470644588750e-01,-3.697447655611258988e-01
3.845794318347932617e-01,9.474349159293606881e-01
4.193150427422668303e-01,1.080318835484519457e+00
-1.673443510476603224e-01,-7.585059730074111307e-03
-1.095401360157997467e-01,-2.441485927754434293e-01
1.537890466916356225e-01,-4.103898621799138141e-02
4.507301183054979732e-01,1.216294755055838728e+00
8.250080312161696405e-02,9.176874382200195246e-01
8.797151567913792658e-02,-4.336341678365199584e-03
1.945414595349351794e-01,6.901607305992260577e-02
-1.051495665912629968e-01,1.090581875234182485e+00
-2.700387798214730073e-01,6.139347053690884515e-01
-5.053111713959075602e-02,1.189171005298464312e+00
-1.196477809971764616e-01,-3.422775256690469559e-01
4.808453431398555106e-02,2.823348049012256444e-01
-1.582884492901182744e-02,1.296913909572687817e+00
-3.143142510447611837e-01,1.908080341972595295e-01
-9.574111059333367812e-03,9.031360673562434105e-01
-4.007026542470161212e-01,1.044651228178924640e+00
8.708889837875434525e-02,-3.352438856733890860e-01
-4.747452188123633954e-02,6.026223383388145116e-01
-1.971874534799650594e-02,-1.022179611062135340e-01
1.629243323646267436e-02,2.767262309999231062e-01
1.127684461224670587e-01,7.950814822935887982e-02
-2.372339925459960031e-01,-1.162411603584660030e-01
-7.683916280848029912e-02,8.847716318590393980e-01
2.344041777157356010e-01,1.356743557919294574e+00
1.201120599728306981e-01,-4.830553171190905132e-02
-4.782893166326471907e-02,-1.503286313849082623e-01
-4.386953714416607641e-01,-3.821493818695793909e-02
2.268111177924147723e-02,-2.427608337742317157e-01
1.876646824432666172e-01,2.454284085792784731e-01
-1.607141818414120349e-01,1.944167739286624674e-01
-2.715320270348629550e-01,8.647666919828203569e-02
-1.765183731504152143e-01,-1.635125309896258150e-01
-3.120725821559847124e-01,1.121071510974418484e+00
2.662351222914606241e-01,6.343832872315425392e-03
-2.878756732890255538e-03,8.442134698729302222e-01
1.769087938409903346e-02,7.821903987191709540e-01
1.426599145124323731e-01,1.097494174464389571e+00
-1.345686456267193298e-01,9.992392478469718231e-01
-3.992842979677011656e-02,5.047764376411093858e-03
-1.952150827985532078e-01,1.339118872008229655e+00
4.596091544584764502e-03,-2.781413637051369236e-01
-1.091974350346863187e-01,9.128351289738636520e-01
1.683169437855964734e-01,9.654558698431645603e-01
-5.092439293845438253e-03,8.715743565911582280e-01
2.047523269725704531e-01,-5.234975928688625352e-02
3.437195103912670802e-01,-1.901222784521157394e-01
-2.285903921097945102e-01,5.866644040735557140e-03
6.117985228689146182e-02,4.636744311111234418e-01
-3.843795634305299108e-02,1.588709410213326803e-02
2.020204937257128186e-01,-4.936292666869393497e-01
1.604064228671942538e-01,2.176952793658153973e-01
-4.321444183022151060e-03,5.973141187842279098e-01
-2.292731063741086095e-01,-1.358575408621392200e-01
1.620223232079666120e-01,9.437223099867785292e-01
7.171803073018119534e-02,1.015905039843751023e+00
-2.048437802470850500e-01,1.138014007582410336e+00
1.073279390611451972e-01,-4.582297477136753061e-01
-2.369214082802539034e-01,8.600348485434559098e-01
-1.272158843471633827e-01,8.663770012483053284e-02
1.711671332845382254e-01,4.604481195489037310e-02
-2.856974316805793723e-01,-3.262192795189545746e-01
4.139474577907161640e-02,8.636503648286495416e-01
2.245854146397060491e-01,-7.490883120666957939e-02
-1.956083321746398540e-01,-2.173476596854364007e-01
-8.218932900274796005e-02,1.041466774318053456e+00
-1.108551363362092063e-01,1.270104446363545359e+00
4.021738211390462614e-01,9.945053407865945827e-01
2.338471799707009247e-01,7.349551710336234001e-01
1.095507925716343589e-01,1.071604393395513499e+00
-1.601617973822246355e-01,1.372027953983904203e+00
-1.345192256963724520e-01,8.697238980218153781e-01
8.632927405871375359e-02,1.140292454139717027e+00
-3.949440938560917491e-01,1.344368028364755496e-01
3.161506909215038852e-01,-4.791746746997849193e-02
-1.729184306670728810e-01,8.071957110078079589e-01
-1.173489140112696782e-01,1.796193989095297150e-01
-2.652810611535369456e-01,6.517967741614225652e-01
-1.282731386642601834e-01,-5.254767645542615107e-01
3.126930389759495776e-01,3.156215901224444509e-01
-5.250022951980014979e-02,8.507616078944346683e-01
-1.409231925745673408e-01,1.011488271650208048e+00
1.305196402958316293e-01,1.229113582091193591e+00
-2.009012212459678204e-01,9.542744064464411258e-01
-4.552362683995955783e-02,1.154885275271834377e+00
-1.406230694114850022e-01,1.183821050589483281e+00
5.184253119567697188e-02,1.302704263783365235e+00
-1.635177032527856122e-01,1.222200524420874457e+00
-3.504732823146009240e-03,-1.049138918359052292e-01
1.072556387484229351e-01,9.787619110897320951e-01
1.663790667372971321e-01,2.096389872036617252e-01
-2.379893017498481145e-01,1.046578084604791625e+00
3.292721085598036002e-01,6.180460019174488506e-01
1.541761636691888204e-01,1.265615822152055925e+00
3.007195777102864565e-01,1.107321923756102056e+00
3.242454610662685588e-01,3.490228463812877768e-01
2.512293258833605755e-02,1.037094943903433153e+00
3.854241643136786105e-02,1.246622959967004896e+00
1.618449793889499000e-01,1.126473315036744305e+00
-4.057843387880192276e-01,7.287865997473306212e-01
4.508277715477493341e-02,-7.996948260888146753e-02
-1.627058871410792806e-01,2.565698741770682800e-01
-1.190185327485895617e-01,1.003508957546076052e+00
3.904245546869821726e-01,-1.290141626043919409e-01
4.041236333180846002e-04,5.980072435893475369e-01
-8.590050778368911455e-02,1.242040845721720688e+00
-1.510541509693886508e-01,5.747118972510298907e-01
1.754974147284475705e-01,-6.115646146660593807e-01
-2.886099172329563700e-01,-6.996110287087327351e-02
-3.090640501550725658e-02,1.965999574299439057e-01
-1.143124215342789241e-01,-3.460823132393790053e-02
1.057423192056358152e-01,-7.311597568677499770e-02
-4.181365397110298199e-02,1.022470165551105925e+00
-1.501745092463592779e-01,1.017639019526719979e+00
1.735802955244755419e-01,-3.685659806954807993e-01
-1.664933419045611096e-02,1.727962397519127447e-01
-5.171139262950897875e-01,-4.690413783208290111e-02
3.844430866103503153e-01,1.310098165561462413e-01
5.789367223790265089e-03,9.587598140809561187e-01
-3.304755919192036567e-02,7.243393328930984865e-01
-2.220001207259211101e-02,-7.129818794696630990e-02
-2.898530204270610700e-01,1.387053948177978224e+00
-1.649006475996485366e-01,1.137631889249413719e+00
-1.700549466223942874e-01,-2.774588667605029646e-02
5.768710570222117945e-02,1.812258351760696884e-01
2.044166832141714601e-02,-1.115471947019466142e-01
8.654754896316003976e-02,1.193060361208184705e+00
1.679911048786807137e-01,1.626021878012520183e-01
6.474670956431823055e-02,1.853526507307558246e-01
-3.091550051583774050e-01,-2.314723970489508398e-01
-3.019808789035462460e-01,4.312586950161697019e-01
3.092861195124005924e-01,1.129134856803030829e+00
1.256348941800701224e-01,1.218858614232002813e+00
-6.556485583059200317e-02,-1.768838859823122778e-01
1.817324869806386523e-01,-4.094259559112207181e-01
-4.441305558207069848e-01,3.691986101099395401e-01
3.771996848581182088e-02,-1.270834527113061940e-01
2.313147806009955773e-02,1.668027914678027024e+00
-1.184230308377023644e-01,9.470745802515824208e-01
-1.051509135554883345e-01,1.006906896494740300e+00
-1.684000213223978970e-01,-3.243600204647359431e-02
2.665699484680872366e-01,1.004566913357239688e+00
-2.687991494760079703e-01,1.092564385329993559e+00
1.288174641916857710e-01,1.148988863197423910e-01
-6.877201961453568990e-02,8.823232941626401038e-01
-3.845653453541677536e-01,3.201478596159946372e-02
1.563310039242599148e-01,1.140991077727503411e+00
3.000675741952809478e-02,4.723933484413983530e-02
-5.481897987279066992e-02,4.548901764895605382e-01
1.048183043566288386e-01,8.830477435426256072e-01
2.568853456171582006e-01,1.144356703505921891e+00
-7.444429238854505249e-02,-3.886004353377860432e-01
-3.243599963660422913e-01,-2.026572240450868478e-01
-4.556559688917718315e-02,1.332794176196522740e+00
-3.090769024467022660e-02,1.028226612810190455e+00
-2.481784518352733448e-01,-2.707318766239063534e-01
-2.795868467674521036e-03,1.735871177690193334e-01
1.060326652610088100e-01,9.603094281924219322e-01
-2.812234447717780472e-02,3.872778792442329587e-01
5.545760606976741780e-01,1.147544570463499225e+00
-1.024453705349564342e-01,9.750681161487775306e-01
-6.404384803329615794e-02,1.325419762783968780e+00
3.301111254305201248e-01,8.515843305533685736e-01
7.840476259236701939e-02,1.057107288720840810e+00
1.540242964085090649e-01,-5.530898790679493748e-01
1.637805778911073373e-01,3.245836259798930840e-02
7.231222485472722783e-02,8.552004759696860692e-01
-2.638933311736518447e-02,1.414421767249316009e+00
-2.533994107197309886e-01,2.794930984139053498e-01
1.587549350780447510e-01,3.380977111843273542e-01
-7.316442810066130231e-02,1.209010234336602485e+00
2.302505971918756555e-01,9.783019080709695059e-01
-2.029380837230807810e-01,1.731159090245903698e-01
-6.939187154264300772e-02,9.825062102667958541e-01
1.194841747645047914e-01,4.110372492744831519e-01
-2.272000985631083270e-01,7.858257093614630096e-01
6.069791345107516251e-02,1.012292299353684033e+00
-3.856746365337207494e-01,9.172601041315970871e-01
2.879978871092715442e-01,3.089116272392632978e-01
-1.110004305228001475e-01,1.659516730984605080e-03
6.627562217017299306e-02,8.315854568468799002e-01
1.983927836996036420e-01,1.347555747006393689e-01
3.703522376241940028e-01,-2.157190389623822313e-01
-3.932711198440161371e-01,8.750283351833391121e-01
4.397046290084330455e-01,1.176932051895084097e+00
-1.027898075862845040e-01,-1.188165129149954952e-01
3.014785413319567287e-01,1.290827807066174504e+00
9.135663686200691525e-02,8.686014300805613986e-02
2.936916401617560290e-01,1.031813190391303925e+00
4.052842410514883587e-01,-1.976025284315604535e-01
-4.282402331505505977e-01,1.639740163663745698e-01
-2.322954624865456175e-01,1.087007300485293815e+00
-1.572748983885358109e-01,1.399573063012328866e+00
1.634924364548956677e-01,6.871023396038684616e-01
-1.750169356816985156e-01,1.017258381028604441e+00
2.145438440167295180e-01,-6.037899485143261025e-02
-7.772373409105425707e-03,1.199060728955904986e+00
-9.674472731397043557e-02,-2.164619420839094255e-01
1.831611215741595078e-01,2.852059703831766879e-01
1.614861695610594339e-01,1.443343249542357265e+00
3.293274212590715511e-01,1.249171194352725500e+00
2.182165239861022510e-01,8.041457925771939852e-01
1.633528493303977869e-01,7.855264871399274540e-01
-2.988646872372299756e-01,2.628622337421800473e-02
-6.912811287750082745e-02,-4.762789542980472995e-02
-2.108332328651164184e-02,1.241532390269068087e-01
-1.577078257348845103e-01,6.141361802327675173e-02
2.435526374829287133e-01,-4.946823772413760922e-01
3.844582175101699528e-01,-1.866225204994055864e-01
7.243311613073915960e-03,8.968586407681612416e-01
6.711933628018722231e-02,1.096375324005472995e+00
-4.325267964773762963e-01,5.333276511153797750e-02
-3.907785150243137662e-01,1.131232646201512981e+00
1.339968144702958497e-01,9.091042502620424459e-01
-3.980613292384861390e-01,4.581331226825806346e-02
-3.326340888426523867e-02,6.267033072954460160e-02
-3.010674081387637036e-01,6.765913132000182795e-02
2.853171389366166988e-01,-1.694513932618502416e-01
-5.966284293905964597e-01,2.204761710289074046e-03
3.702710654114018118e-01,-1.099668927948849600e-01
-3.019995047309638123e-02,-7.813305463346723045e-02
-6.665276167834467691e-02,8.829074979545488144e-01
-6.708754574197663134e-02,-3.840888912745812900e-01
-3.764856784209085275e-03,1.034447161689127315e+00
4.350570240470599120e-02,5.175736763380255068e-02
1.952708844474694283e-01,7.772169547030202685e-02
-3.742012298948139137e-01,1.426885053201853548e+00
-3.223612402142946864e-01,5.605912398305749889e-02
-4.754658064086948743e-02,8.077591231211661560e-01
-7.162652368036172279e-02,1.102264860475655195e-01
-1.550491501879047995e-01,1.386827202184536922e+00
-3.547612886174902336e-01,1.032122623381155790e+00
-3.246250101085190187e-01,1.133752138799429376e+00
1.158149134777337885e-02,7.443103900768108794e-01
-2.661762529061835192e-01,8.024362795854126373e-01
-2.443533671226418014e-01,-9.189091593711753991e-02
4.107798605203893949e-01,1.314893836693240337e+00
-1.704908999618604259e-01,9.548351732323537844e-01
-7.021560773931148636e-02,-1.873919486008926161e-01
3.030539170356140177e-01,7.526336692831255837e-01
2.214799776911891560e-01,2.072281670845430579e-01
-2.942326343318796278e-01,7.233312049129705379e-01
2.594973124956974075e-01,-3.831896443029614852e-01
-3.534886809508768213e-01,3.059051628584889548e-01
-6.191544989480280564e-02,-3.762129961141889578e-01
-1.155025275262762385e-01,8.888883101985765034e-01
-2.683369391427578576e-02,1.407119618477700840e+00
1.511916799438502157e-01,1.117994002533454628e-01
9.888878886818573688e-02,-3.167217512419293751e-02
3.015054402543678180e-01,1.260301604931791442e+00
1.819604077946046228e-01,1.037357208604732683e+00
-1.215260541354357265e-01,9.551182743759756288e-01
-1.259238190781468980e-01,8.074366457416826126e-01
-2.276508916572984320e-01,-1.134860483679435150e-01
-1.111992919653704420e-02,1.105059619794669601e+00
-2.894042662567905544e-01,8.278800450261735167e-01
-1.495247061503836850e-01,9.173003743245927710e-01
9.317925603476862051e-02,7.713363752135313778e-01
2.165684798169330016e-01,1.104502132809060122e-01
-1.671332560991993510e-01,-1.826440208976810586e-01
-2.033185132943551576e-01,9.589915392692872631e-01
3.139755113459209435e-01,1.832529113845241323e-02
4.898740788731018037e-01,6.664501884360674033e-01
-2.935540661909767368e-01,9.488058353322439409e-01
-1.682305655729370297e-01,6.699416858881637182e-01
2.508896801619551198e-01,9.760840164274942055e-01
-1.827681069487973597e-01,2.443817151976117041e-01
-6.105362893852579742e-02,-3.566387938504898547e-01
1.779217611161815482e-01,-2.889553252926915228e-01
-4.315598045767270463e-01,-5.095811655225002124e-01
-1.739045130245170656e-01,8.172078194447864874e-01
-2.748215494065757714e-01,9.684119308132228543e-01
-2.227026469765458205e-01,3.332799037533714093e-01
-8.517451252451795074e-02,1.016650707254389552e+00
-2.789335740940139252e-01,1.036930819091747419e-01
1.711720855342241943e-01,-9.591460371652844874e-02
3.098820705823489563e-01,-1.189228773935278455e-01
7.262422994080312000e-01,1.075631796344024282e+00
4.831529698612811730e-02,7.302960439998296138e-01
9.896871514873198383e-02,-1.292215867504072357e-01
-1.656009476470504949e-01,-3.940816033663160217e-02
-5.537323783343692241e-02,-1.300579211484652331e-01
1.749336905851864299e-01,-2.471647951223539252e-01
-1.340047425544647341e-01,1.281999647755470484e+00
7.327333169670499635e-02,8.517996351830987578e-01
2.495637184424579769e-01,-8.843532044786069080e-02
2.302738298237963499e-02,3.069005495626918045e-01
-3.266218741871722564e-01,7.555862969368998261e-01
6.203878981574201951e-02,1.213636174336770956e+00
1.759049348638125343e-02,1.238046615598223266e+00
2.508498276577968422e-01,-2.405250410656578353e-01
2.123825976049834585e-01,-2.851735226296746584e-01
-2.743385844581725398e-03,1.078015636495997187e+00
-6.379475271580737905e-01,-4.645102742235059368e-01
-1.307914411467348990e-03,9.866917541907770373e-01
7.412049674072750116e-02,9.181717794818453626e-01
6.428842087261385507e-02,-2.453049151381892778e-01
2.634188459699955409e-01,1.157968830589432896e+00
3.549505152978995604e-01,-3.269266112880310216e-01
2.931601241187629658e-01,-3.028857085838825292e-01
2.834128799572585566e-01,-3.859543154133021070e-01
-7.533034026746422696e-02,6.540200327447194262e-01
2.290099140167903835e-01,1.064711957863818448e+00
-2.438311134443278683e-01,-9.256030201289611181e-02
-1.843080292880983628e-01,-3.166465717294174032e-01
3.253342730961072404e-01,-1.252702280166053395e-01
1.316690140428311839e-01,2.487896320801178118e-01
-6.195981142466266967e-01,9.037516872644751897e-01
-3.143001832755664693e-01,9.187059567396947957e-01
-2.434106811577248231e-01,9.137326188644182556e-01
-5.159407285809169269e-02,9.511525825935890355e-01
-7.005563994186157772e-02,8.110168183558906785e-01
-2.542706139720561365e-01,1.262253919726727736e+00
4.027423424535547802e-01,7.668634150775719416e-01
1.257726347414736545e-01,8.173085171020474937e-02
-7.326361184600378718e-02,1.451674094874967347e-01
6.456636905782521529e-02,2.609156305985620428e-01
-3.508148430580135813e-01,-1.933976574130083781e-01
2.878140720786820372e-01,1.119578974667214899e+00
-2.453185596126588597e-01,-3.215083983546065394e-01
1.381781895412496075e-01,-4.240904575031297086e-02
3.474419043484878317e-02,1.073753623946319902e+00
-2.818839428666755076e-01,1.159795435413627507e-01
-2.601638268032859802e-01,1.149029757534405727e+00
3.410802295382655558e-01,1.804972923929134276e-01
-2.029308600177435473e-01,1.021843431458149265e+00
1.618742789944996874e-01,-8.394603121934401946e-02
2.145191156734286009e-01,6.690201026537543338e-01
-3.478313184257089685e-01,1.354316617852141802e-01
3.812057492517742507e-02,-6.235259726989628160e-02
3.552594118654100463e-01,-1.888292169638087770e-01
2.084034569478926957e-01,-1.794513528876120340e-02
1.998066906435791712e-01,8.317508657347367773e-01
9.468179210827355752e-02,8.539603581081994799e-01
-9.113622841056928658e-02,1.222060337447189032e-01
2.216904138493489274e-01,-3.993946583049976518e-01
1.722302154171643507e-01,9.074730580882374165e-01
5.513528036262287622e-03,1.073252832440563687e+00
6.953928170412038146e-02,-3.992373424441258284e-02
8.287321192455310639e-03,1.028288262144892551e+00
-7.266741774162290002e-02,-2.076135978995532691e-02
-1.269510276928009496e-01,-2.375103581530517705e-01
3.379259997157442741e-01,1.316172557914420782e+00
3.296333230840174933e-01,9.772519422047605264e-01
1.060790688610374621e-01,-1.994288412005357780e-01
2.677220520157093109e-01,1.218579534634636197e+00
-1.752181095647978304e-01,5.392282729490039950e-01
-8.655863362459391419e-02,1.332117291571135453e+00
2.646555005140053263e-01,9.775016742169976292e-01
-1.298171478534572154e-01,1.063844349777859577e+00
-1.411722875436839664e-02,1.111847138442856320e+00
8.740287493598940249e-02,1.783116916809817376e-01
5.889390367999942227e-02,1.074947308885944253e+00
-2.769409880984020633e-01,1.331170622447670482e-01
1.722481747978117856e-04,8.694775811964132739e-01
-6.155300766150150621e-02,-2.229405998139182554e-01
-2.484964936469709063e-01,1.094476676016727712e+00
3.517176668322893884e-01,7.695560439819179033e-01
-1.206272483175502563e-01,-2.387992281943737416e-01
3.079760626442832883e-01,9.878334279936636098e-02
-4.021720489299718260e-02,-1.603289984227305454e-01
2.958331183859185809e-01,-1.572353139096640748e-02
4.686424327142269530e-01,6.492181016675391270e-01
-4.632129048953678024e-02,1.332396271944180421e+00
4.214513607553584396e-01,3.805608857660159466e-02
-1.918657453095964360e-01,-1.222117662751731199e-01
4.495705466262827077e-01,9.418274649600064663e-01
-2.429041135361645343e-01,2.816545687131374320e-01
7.712658142486356061e-02,-4.872310328298358473e-02
-1.792329254521763948e-01,-2.378888441513695717e-01
2.328149247879964800e-01,3.956144430417353197e-01
-3.689391711956715308e-02,1.378058695997994576e-01
-8.951212467496294511e-02,1.144183492426832149e+00
-2.099519036260475147e-01,2.381419210504451267e-01
2.951072819524453994e-01,4.319716778498674525e-01
1.727872179657541363e-01,1.154799219703729340e+00
1.404409892154465100e-01,-3.944277763674670645e-01
9.125553227259641798e-02,5.769747744110207549e-02
-2.080393657880932057e-01,1.851174379032116957e-01
2.808343979173857918e-01,5.799795376959175630e-02
-1.715801895444025726e-01,-1.233169401914933072e-01
-1.198016214120930928e-01,-1.626574515758414871e-02
2.332374693235211849e-01,2.971809140619683931e-01
3.691258797773903921e-02,1.013002150958080966e-01
3.277309469483272175e-01,-3.812050261463129086e-01
-2.897770740910017295e-01,9.809364914254661283e-01
8.926812428795116716e-02,-1.091809586446497587e-01
-9.329817701359030546e-02,1.131042165687681234e+00
-9.434578760299217048e-02,3.332712873468637871e-01
-8.952902768322648641e-02,2.847579776984480726e-01
-3.896419987568579546e-01,1.927271355442570014e-02
9.133198793400204574e-02,8.345915140447185410e-01
3.159499499855896731e-01,-2.032233974463972248e-01
-5.512053076998325862e-02,-2.676356063058450419e-01
2.463369428103699132e-01,-2.476358052145925803e-01
1.372817117649825225e-01,9.929621092297131746e-01
1.100831052587794429e-01,-1.294681054988346680e-01
-3.525654246764687860e-01,-1.663137504286332224e-01
-2.503833147879504506e-01,1.279655174592971401e+00
-1.317876919654030476e-01,5.643828130814413369e-01
2.666775124803797206e-02,2.336492474182495505e-01
1.485295952086202742e-01,-6.177934862235416880e-01
1.516882972940907237e-01,-3.224933016999477764e-01
-1.191739045089354604e-01,-4.875202616980444520e-02
3.752950628727071969e-01,1.287079282536240710e+00
2.810333609819204437e-01,1.112484033482084689e+00
-4.300981583306272005e-01,-7.195824395840946797e-02
-4.607624743496257363e-02,7.929452232441941417e-02
-2.779374677790696357e-01,-2.769857974668151757e-01
-2.919565410041697895e-01,1.241660864195953451e+00
1.812493855099044926e-01,4.549895480351785065e-02
-8.417820501979415837e-02,-4.741489499438513722e-01
1.564396628137518508e-01,-2.243270234695023124e-01
1.046689223478502601e-01,6.852504903387470758e-01
-3.806043986991909656e-02,2.856302439656831140e-03
3.779787766127233328e-01,1.313131802955955107e+00
3.360185604242846846e-01,7.498634701552103765e-02
1.189924371752087637e-02,9.317375979590762913e-01
5.354252237969876760e-03,4.160129277403239456e-01
2.392880360389332828e-01,4.666226319981684467e-01
1.527464518146343375e-01,3.404868832156356384e-01
1.215503368145007396e-01,3.867235564990605112e-02
-1.310068274956457390e-01,1.120160233598072708e+00
-3.539546790368673645e-02,-2.232601002354316633e-01
-4.969612899583930599e-01,9.538824413369063615e-01
2.986286795997765142e-01,8.325216470461296314e-01
1.142283219372432351e-01,3.625137335434251429e-01
-2.344277816444668983e-02,1.162959584579913885e+00
-3.060658086045828785e-01,1.116316914284474437e+00
-1.279907129702611245e-02,-3.208390384084868763e-01
1.164380331851508077e-01,1.060271576474290489e+00
-1.597747035779826727e-02,9.993354312794219263e-01
-3.236749775056335654e-02,1.849154611542271343e-01
-2.733643374458684105e-01,5.546622649510780656e-01
-1.135860269466714145e-01,-1.750523947072382680e-02
-7.569856826406513861e-02,3.054102849211849935e-01
4.417173849952751863e-02,-2.783963630997841193e-02
-2.648844495777512645e-02,-3.720056711501966706e-01
2.485247832786170175e-01,2.540769546594411898e-01
-4.238833052238623333e-02,1.269110112945795454e-01
7.404715074252521401e-02,7.886951464696453362e-01
7.307148302742330626e-02,3.881348082423657919e-01
1.237172403798248305e-01,9.894503126130629322e-01
2.092050903437566722e-01,-5.701415727800814015e-02
-1.340584493302305891e-01,1.380908956574566360e-01
-1.479951836621318517e-01,-5.065463543630356336e-01
-3.232173044277218965e-01,1.266248878169907166e-01
-3.673505421624037592e-01,1.150398387614214590e-01
8.546335416490211112e-02,-2.213141130503489817e-01
2.049518434076267465e-02,2.184237913362156169e-01
-7.502031294033441843e-03,-1.645163725014573697e-01
-5.124673615842941649e-02,7.262537578835075169e-02
1.618543509449247297e-01,8.029504465010120495e-02
-2.043420756145737094e-01,7.847198571883487461e-02
-2.134227917632204041e-01,9.497218918693064449e-01
-7.160933803764983618e-02,1.121171685015330377e+00
1.105725616188253241e-01,-2.548886735085799105e-01
-3.768830153135909605e-02,-1.041092366593815016e-01
-9.652085631378679031e-02,-4.514853467293520467e-02
-9.820325465597816439e-02,6.358625475683375716e-02
-2.978729473587021087e-02,2.857044300316513019e-01
-2.990058750762065176e-01,1.099270837499944503e-01
6.880102437982583974e-02,9.128648948825480725e-01
3.402491497592425862e-01,-5.446551845593879948e-01
-3.518200665446978848e-01,-8.777665664843453674e-02
-1.886841368454238999e-01,1.198981062713242451e+00
-1.425542792135179038e-01,1.444192898190359564e+00
-4.261848111487100410e-01,1.017517798515297001e+00
3.327577314014653620e-01,1.198996484223435299e+00
1.546776359978956072e-01,1.233509336954798696e+00
2.325519161032232329e-01,1.338988661548251358e+00
-1.827479920534429425e-01,1.058442197007452901e+00
1.566325685435438486e-01,-1.686579546029361859e-02
-2.282078425222111573e-01,2.315930620876806567e-01
8.287551706094842263e-02,-1.060269517133407419e-01
2.385184166914933179e-01,-1.263339302127984287e-01
-2.063950719232463815e-01,1.676307175694270735e-01
-1.790495564100166338e-03,7.929944691462520456e-02
1.959258202873838117e-01,1.375177403189196568e+00
2.290747989057487569e-02,1.013794599540308372e+00
-7.380820134941086519e-02,1.564737769039458992e-01
-1.011204738115469293e-01,-2.603278928054900687e-01
-4.710297378477491803e-02,9.436867628326955915e-01
-2.009228399885165661e-02,9.194629556622770927e-01
-1.801057915338299259e-02,1.270937823513576870e+00
6.210820070913632140e-02,7.803162572709209099e-01
-4.925244454992493137e-02,9.159894012421300191e-01
-1.122695894562942970e-01,-2.361733001887544869e-01
-1.441730236904296136e-01,3.041191825680909511e-01
-1.363246296223918040e-03,-1.187600932040813323e-01
1.565844192012079694e-01,7.807577503256918350e-01
-1.708670467237632107e-01,1.462917588335985730e+00
1.094330018087819184e-01,8.217719874955444759e-01
1.023506732777860612e-01,7.155111804507097162e-01
-1.667655612876114135e-01,-1.708804853631529508e-01
-1.626682424699398000e-01,-7.968028352963250904e-02
-1.689106418262245890e-01,1.391384632551067591e-01
9.186039328732632792e-02,7.439202137248094315e-01
-1.197091532069868985e-01,7.802335063057764808e-01
-1.986682841699336510e-01,9.836800967978974741e-01
-3.253139385764034497e-01,2.669863368977267240e-02
-4.034086821894042330e-01,8.760294804340990060e-02
-6.824690998522953134e-01,1.475295107985901966e-01
7.104655420206844318e-02,6.664658223084691802e-01
4.062557224092557262e-01,7.045676036674168863e-01
2.579987145933187453e-01,3.682666938120295330e-01
2.473148839457891546e-01,4.451927152582297320e-01
5.663163026038916525e-01,9.344929914752116151e-02
7.770500257690041157e-02,-2.313921314590399181e-01
-4.000316197905049997e-01,1.219329743984779224e+00
-3.762501002432667163e-01,8.854843062446479118e-01
-4.771507235370529842e-02,-2.688358909190771695e-01
-2.373749488482693182e-02,8.864136374140670904e-01
-1.377597286577567082e-01,1.318062404501917639e-01
-5.786679378118984168e-02,1.158477954055169290e+00
-3.831598823941952947e-01,1.125146042218909237e+00
-2.523136710561842966e-01,3.454070957059905411e-01
-1.008776443634926412e-01,7.770113407314983567e-01
9.023783502036547555e-02,9.744524012822306513e-01
3.025927820455854775e-02,9.792840972751585271e-01
-4.532542799350178231e-01,2.170684840185347353e-01
-3.323383205659157791e-01,1.123546253097895242e+00
-8.547183636095487995e-04,8.743019120532327659e-02
-2.555898635228712745e-01,1.373962444582969233e+00
8.571261324526889547e-02,-2.781889178933838296e-03
-5.151025148593160186e-01,7.659267413729424767e-01
6.358661160030773529e-02,1.134431216533258180e+00
1.239500500927066678e-01,1.821225088391907887e-01
9.389324302115410747e-02,-3.759820228425984623e-01
-1.040272874211742443e-01,1.353117731421070058e+00
4.307067337721158240e-01,6.848961546998003080e-02
-7.832651207902628643e-02,2.409506185112670132e-02
-2.413522262781123418e-01,-1.233414728182260084e-01
3.323210341780732935e-02,-1.854031017634267531e-01
-1.982704217823615389e-01,1.120559421431955194e+00
-5.018520795785574168e-02,2.754660085709430550e-01
3.772675249136353548e-02,1.012227841065422407e+00
1.386828942041295754e-01,8.697887836596184252e-01
-2.031901679941518213e-02,3.732141036201876844e-02
-1.650778754751473232e-01,1.334653920924969484e+00
9.040807305217016254e-02,9.394145706892719216e-01
9.990683262742830473e-02,-3.127515774242116409e-02
6.147138900885100454e-02,2.292471247538900928e-02
3.206339725508805527e-01,1.114060918726208493e+00
1.851848025869873848e-01,1.864834587137211008e-01
7.191069982877737118e-03,-9.323677801232276019e-02
1.592652264802944806e-01,9.343975292140624944e-01
1.199126743972058762e-01,8.666502156114640476e-01
-1.743639191605978744e-01,-1.291234019490230256e-01
-9.515316435034595899e-02,1.116334406596184659e+00
1.142873291200987157e-01,7.798919523340965831e-01
2.959992811132544088e-01,9.832152734625547730e-01
5.465318160116396790e-02,1.087168489157720241e+00
-3.698258750441198450e-01,1.915176695443863431e-01
-6.164761562019582808e-02,1.994564715613668382e-01
1.693202285344036495e-02,1.292461978074263218e+00
1.246352192514500468e-01,-2.387711111679914899e-01
-1.368219914509742896e-01,1.080466684515260400e+00
2.483146810937341409e-01,-1.074756769719047850e-01
9.214800036455464416e-02,6.249839489758070021e-01
5.821814599589785616e-03,2.055253907632496879e-01
-3.012184178114697339e-02,8.393381746265030641e-01
-1.820819619278133683e-01,-1.746748389551046679e-02
-5.220601464314934548e-01,1.245053765756897052e-01
-1.206088464654894860e-01,7.933490995138363644e-01
-2.270736933932622492e-02,-3.805961572429735207e-01
1.976128663397106744e-01,3.208867143209023776e-01
1.884177792193334477e-01,9.566175895013532271e-01
-1.959970092713298473e-01,1.390557804915704132e+00
-3.843218353010794536e-02,1.066972064550074026e-02
-1.523917351026371145e-02,2.252151229262610022e-01
-3.911788249214667723e-01,-1.290312745808639971e-01
1.734845304245428432e-01,-3.608362544880636125e-02
-3.517963245777692149e-01,9.422072186679056327e-02
6.457522261850487388e-02,-2.699588415140819486e-01
-1.563632332261511576e-02,-2.033499578302405963e-01
2.936924823257665573e-01,1.450995888713352722e+00
-2.568327246892812554e-01,8.207223231132898533e-01
8.972481425453078530e-02,-3.613879491559580104e-01
2.781687414826586324e-01,8.076289222200185858e-01
1.723592581125953094e-02,9.093386700993260074e-01
-1.400203214994339140e-01,2.382714226951699321e-01
1.094564107139315290e-01,-2.302127035670705479e-01
1.502039178823996457e-01,1.294207340600924683e+00
2.366743356149348665e-01,7.738065572324515085e-01
-2.394208851203764588e-01,-2.824571827604130392e-01
-1.228099465249836986e-01,1.563659122738556562e-01
-1.357808943227766796e-01,1.721270995833394102e-01
6.138599126903940967e-02,1.352103797018368470e+00
2.862163418096336925e-02,-9.217093759190288227e-02
-1.443189665497803253e-01,1.124332833056976177e+00
-3.209161827242685422e-02,7.632201078579325948e-02
-2.454112149750804495e-01,5.909774399081237778e-02
-1.236882764723316458e-01,8.573656626528523006e-01
2.645135356017064288e-02,4.528225467646924962e-02
-2.380225140811137452e-02,3.845659202564008505e-01
-1.377725644454661467e-02,9.317190395862848806e-01
-5.241579150865932624e-01,1.513994002102465319e-01
2.466613389995176917e-02,-4.519769021660561409e-02
-4.447147940504291019e-02,-2.189455922819990574e-01
1.013436239001458961e-01,9.725935287410620855e-01
-1.095609165900097576e-01,6.570092400353004514e-02
-6.766339052220213257e-02,1.658642775797284363e-01
4.303188480406139882e-01,4.541007231468157102e-01
-8.168893563161207239e-02,1.437858857603653284e+00
-2.494042892973590830e-01,3.610413753170217954e-01
-1.645560647419988809e-01,1.172779055029064876e+00
1.256185344876719900e-01,9.727592945795663359e-01
-4.914485394439537663e-02,7.891755578447368080e-01
-3.990886483275922492e-02,1.448089966679075025e-01
1.483678911594829217e-02,4.884978877536020891e-01
6.250364329796559426e-02,8.866802031720512067e-01
-2.750755863661615841e-01,1.289722735477591087e+00
2.177718292115368992e-01,9.945944219208112669e-01
9.028247578408009344e-02,1.179614538348608299e+00
2.564196492123007043e-01,2.421076622083231655e-01
7.150318928772299298e-02,-1.470235392838160071e-01
-4.001587279198297042e-01,-2.538111710484850653e-02
6.043947570617858034e-02,1.226199964069856624e-02
-1.361766374813051794e-01,1.157312855754305758e+00
-3.288289754959470290e-01,1.277330073740332139e+00
-4.409894640010414424e-01,7.201077600635100162e-02
1.715247858128843284e-01,2.950284768963458079e-02
8.402978265336051578e-02,1.016401831901738273e+00
-1.649198487396793256e-01,1.077101247999127764e+00
-2.697467251116801340e-04,-9.783899174785215536e-02
4.800073992915970811e-01,3.112108757233044698e-01
6.430147747438248740e-02,1.276403701996106366e-01
-8.769899734316316531e-02,4.064504428843437184e-02
1.485726994154942249e-01,9.138162663724385126e-01
1.504474069666254538e-03,1.155234511018975230e+00
1.972001152328149154e-01,9.711487618618186435e-01
-1.957921735252837192e-01,2.474630004598613042e-01
3.186344073632770835e-01,-7.689231200854020065e-02
-4.818066263507950198e-01,8.555527692918980520e-01
-1.907399127688634288e-01,-1.831836362279767594e-01
3.421786748473069073e-01,9.701330067226618947e-01
-3.170732802255225025e-01,-3.148227943278728014e-01
-2.519756352124917220e-01,6.307671569973907211e-01
2.222286233916018205e-02,1.112178348452629084e+00
-2.106164285171137004e-02,9.251237754545044156e-01
5.926818833613555632e-02,1.331108440700215223e-01
-8.168728480426130922e-02,1.401992642383736776e+00
-2.407456394137868702e-03,-5.152002302746344631e-02
-7.252701309060947954e-02,1.108721542600170862e+00
-1.920502103150454887e-01,-1.497535616060052810e-02
2.310732660712729591e-01,1.013719371389009805e+00
-4.167623500071732101e-02,-1.379791378733643825e-01
-7.232945821622498161e-02,-2.801110163268503706e-01
-8.541207993132164666e-02,-7.611358735167903476e-03
1.258603020928023286e-01,-4.432711480850910074e-03
4.208964730502667145e-02,1.083698151328067044e-01
-6.457934018952101729e-01,1.056536816594194406e+00
-3.653023272641816588e-01,2.285839824351858784e-01
3.789911239287584444e-01,2.910605612306136347e-01
5.649547468874583679e-03,-4.064190740769980659e-01
2.195177842709838956e-01,-7.746232576597732698e-03
2.457733908035429626e-01,1.567896255392955407e-01
-1.448404135855432817e-01,1.673761761187838870e-01
1.908041286169584738e-01,1.861356814295783355e-02
-1.043865448884831321e-01,4.331937437982131822e-01
3.822476472167147810e-01,-3.027599142213762695e-01
3.920757757357574702e-01,-2.404659997686124095e-01
4.699503892698092544e-02,-2.755849922069020935e-02
1.840183802543353120e-01,1.172485140203333165e+00
4.885870528512001876e-01,8.421293287942550609e-01
3.035860656884050157e-01,1.184698476047625071e-01
3.113838920278363398e-01,1.063427042327197203e+00
2.356089643383642018e-01,6.816619063088709130e-01
-2.201015566432747150e-01,8.656595811840218646e-01
1.729603284723404411e-01,-2.622333936294033996e-01
2.262154737026697005e-01,5.766154255436882758e-01
-2.045576380725604992e-01,-1.442948613649977230e-01
-1.818671287464374564e-01,1.028655436722904604e+00
6.255466117303506643e-03,-1.477770259883224024e-01
2.212044695507913439e-01,8.689129766041161496e-01
-8.138912782699285475e-02,6.806168049673677611e-01
1.002849980174031069e-01,7.402328982102384103e-01
3.143119227756836498e-01,1.069772693061117774e+00
7.012531720809045410e-02,-3.031541885797972014e-01
7.506647268204240386e-02,1.289663248685413155e+00
-3.632330082885915079e-01,-1.278050699921460531e-01
-2.916333568031511531e-02,9.697118856873908621e-01
1.457265346143454265e-01,-5.711560074227892830e-02
-5.043664533840251651e-02,1.052915233796176242e+00
3.319376067205986325e-01,6.322726549633213011e-01
1.502226837179121977e-01,6.016528419706943520e-01
4.717229081295806065e-02,-2.500447992406922837e-01
-3.932839282171464168e-01,1.017295275516886671e-01
5.072004212252502198e-01,2.384445714172027386e-01
-2.040051350052474177e-01,-3.014402858384188644e-01
-1.230326173464624112e-01,9.701736826011769788e-01
-3.504265863441303197e-01,-1.678650769243125382e-02
-2.619095252212358949e-01,1.643983209330605710e+00
8.875212418759959032e-02,1.326363608408603012e+00
-1.816710290517782045e-01,1.262262171601221894e+00
-1.956325348989082502e-01,8.494882075236098729e-01
6.541461086079438866e-03,7.674919139013211544e-02
1.321788987604154697e-01,-1.463422353706896606e-01
-1.100094332380850172e-02,-9.074498503308937869e-02
2.166139539718513474e-01,4.571711678676866897e-01
-2.626577805734865989e-01,-2.762499378131876796e-03
9.160510639255671494e-02,8.614657525277962247e-01
-2.769880804157005827e-02,-2.493930481482113937e-01
-3.452978337478128101e-01,9.569895888055555133e-01
2.654884673476566315e-01,1.294498988446698418e-01
-1.378140206109506327e-01,-5.204528320134368252e-02
-2.933802214044971546e-01,1.262903628889889163e+00
-2.372555262172604817e-01,-1.335774414871918891e-01
1.826065014971316458e-01,1.014715425017779227e+00
2.624570768877133586e-01,-1.227652091273423868e-01
-7.792374075484481862e-03,1.679091735270812902e-02
-1.977274640659975324e-01,-1.191228680688628527e-01
1.198785366540252167e-01,1.675892685271292981e-01
1.816762100682368652e-01,3.250651395427879287e-01
-3.124386842585896717e-01,1.131466909624701866e+00
3.969519188217230932e-01,2.006883929273618472e-01
4.600773238733405629e-02,2.598268971389702808e-01
-6.297749117116750728e-02,9.066066945324161575e-01
1.944508964227420478e-02,1.102528140338789431e+00
-2.239907790267421372e-01,-1.427665319548269696e-01
3.122971272997510650e-01,1.215399318271904033e-01
1.047741991213821944e-01,1.222745957979849862e+00
3.099446191843334142e-01,2.170469181354906518e-01
2.992194829036087453e-02,1.552417038901007448e-02
-2.540969213966011164e-01,2.246184196746531803e-01
-3.804794130658198381e-02,1.544837617508401997e-02
-2.498184733119896139e-01,1.207871969933120432e-01
-9.782300200603707974e-02,8.098625515236583805e-01
3.418824331138144990e-01,7.390904395880668609e-01
-1.636358242754570314e-01,9.251248246897211258e-01
-1.726603481876908541e-01,9.179626608381777908e-01
-1.346852633512466146e-01,1.285931500889723411e+00
-1.500616450475083241e-01,1.652341646030475175e+00
2.099251600033994747e-01,1.231762305721259887e+00
7.160597641895868337e-01,-1.841916961933252328e-01
5.728663664351251184e-01,1.787292090607303097e-01
5.326945210215981719e-02,1.042683388706646008e+00
4.786237443751378828e-02,2.343323474599014467e-01
-3.702013652568048735e-02,6.875770428157070846e-01
1.556159065520544282e-01,7.753358390174702741e-01
-1.068977473228558961e-01,1.082845503017403066e-01
-3.106562900369285729e-01,3.283351409730842461e-03
3.484083811360417227e-01,3.549200900592434232e-02
-1.714410276905107069e-02,1.145874663518116954e+00
-3.477356268412335472e-01,3.648161858806429902e-02
4.376067069073247967e-02,-1.428117018079345935e-01
1.905485188716661560e-01,1.191833494067460864e+00
2.206246679629741622e-02,1.572600913713260717e-01
-3.320054121661216162e-01,1.410890805216693300e+00
1.734747458046979537e-02,-3.650530057632019321e-01
1.468928356553685921e-01,9.618833015863582914e-02
2.443488084737789334e-01,1.535540356286335395e-01
-4.186117718683302624e-01,8.924476419616392819e-01
3.947480350670418137e-01,-2.093462721778011071e-01
3.081515346584576820e-01,-3.442062962299161869e-03
2.085501290445269593e-02,1.212362711545314387e+00
3.732232928197937172e-01,-1.784995289198366142e-01
3.104773771366816648e-01,8.602233035042188281e-01
2.391493536539223419e-01,-4.269823025254738669e-01
-9.501532960696230934e-02,1.064835637685231928e+00
-3.139629777972472446e-01,-2.531811285769832581e-02
9.421252105076613481e-02,1.204389165197011113e+00
5.987001425413442934e-01,-5.728822646211958330e-02
9.645905077528346694e-02,1.565327975364162044e-02
8.857725105471289662e-02,1.031497420309665625e+00
7.943997913975240355e-01,-2.927800004796177191e-02
2.429431339815514013e-01,-3.199106640867145357e-01
4.020420156660448746e-02,-3.911126873733321574e-01
-3.390216722530148830e-01,3.108853110959082788e-01
-3.146798870201844567e-02,9.075578335812393149e-01
3.557283202192448868e-02,7.357183135892251258e-01
-1.921171812360560616e-01,1.167177845895915000e+00
-1.394850155428991878e-01,9.613561066512661402e-01
-2.284363229935342798e-01,-1.305250664824803286e-01
-2.076760873495914483e-01,4.604438755041245224e-01
8.505942727830098984e-03,-1.329348065678763735e-01
1.151968552298640591e-01,8.856441515333094427e-01
-7.975015454769060486e-02,9.911985584323653731e-01
-1.339869874628912827e-01,9.993695689283625949e-01
-2.477753864731757349e-01,-3.575592535836777559e-03
-8.852262730415284830e-02,3.048919051281749962e-02
1.524202890774500607e-01,1.063610426447860746e+00
4.050318061673313652e-01,2.888222211452041721e-01
-3.764686784385783917e-03,-3.171035627640812066e-02
2.697752336613983837e-01,9.697752323821109410e-01
-3.871848320378454833e-01,9.178554702908405805e-01
5.436385113554252635e-02,1.089438630782167738e+00
5.204643200375073941e-02,7.830231393401368978e-01
6.705423529636883595e-02,1.171139819612361022e+00
-5.545374460214412549e-02,1.262931328475811465e+00
-1.179800952715767542e-01,-1.936182747141157456e-01
1.843971810071705908e-01,4.608594013036613340e-02
2.331918375161677326e-01,-6.310843017987717574e-02
-4.492163089843512203e-01,1.208775199363491870e+00
1.661934076854022502e-01,1.411167007875009927e-01
-1.526071229387259420e-01,9.445934415287472463e-01
2.163486759211180610e-01,3.068681763643042459e-01
-9.836196779561157122e-02,9.621828727482496513e-01
-3.396613674927116966e-01,1.226206144878249527e+00
-3.351450406971817619e-01,1.537359316728441061e-01
2.599385052448904831e-01,-6.274746299480155054e-02
2.700687500706898669e-01,7.563533154380940038e-02
-1.922524409717909222e-01,2.527729240991155590e-01
4.086915182616546183e-01,1.960250510260195533e-01
1.268821932099830629e-01,1.736411223292695927e-01
-2.345581132896551735e-01,2.401129577882034349e-01
-1.897660247576326564e-01,2.901620738931230403e-01
2.425586802930749242e-01,8.718673668248928532e-01
1.659403666984436143e-01,9.955708643691670856e-01
-1.668624416413762301e-01,-2.680070227917171755e-01
-3.936247426005214933e-01,-9.396122411279522746e-02
-4.429806995329303027e-02,1.403467414792721080e+00
2.454084872410708384e-01,1.152419861663665612e+00
1.166878050800425753e-01,1.263760035116271663e+00
-6.911924839271386956e-02,1.146934642199312071e+00
7.448287386518454012e-02,-4.213768898398731477e-01
1.246481872783230527e-01,5.239316143980994323e-01
-2.823594349178378260e-01,1.105704167096629165e-01
-3.610194511912864779e-01,3.060290645265703047e-01
-4.881199181614516713e-01,9.698415758477447746e-01
-1.876022236255257825e-01,9.107649346033526161e-01
1.376757280321450061e-01,9.331986863644938790e-01
-4.433475053585879677e-01,9.981205015492424781e-01
-3.692023958807430506e-01,-2.813918052575091477e-02
2.522750631977160873e-01,7.928928471119190968e-01
4.549116105916801295e-02,1.050657934071046462e+00
7.032834870568503982e-01,9.900246654254867273e-01
-9.961021640438229297e-02,1.020676038063083935e+00
4.488042469882928542e-01,-8.789845456415893918e-03
-1.301285113500187940e-01,-5.454847551119548082e-02
9.798298570892625958e-02,1.088730143523795713e+00
2.098769412992505801e-01,5.175927281751653286e-01
1.030199458680118169e-01,1.027917738322065011e+00
1.296044321717225445e-01,1.206921867093679435e+00
-5.894528060908890005e-02,1.286214744569690316e+00
-3.760639717362557755e-01,4.897690491356473941e-02
-3.400099901205097530e-02,8.893553815648942429e-01
2.068823944277872473e-01,1.045341141424337650e+00
1.892560296062573699e-01,1.335947246836983959e+00
4.928247566640174826e-01,-1.363345549609119856e-01
1.784316415287447721e-01,1.009680034608988697e+00
4.618963768694987482e-01,9.317435495164594350e-01
-2.546522832561219918e-01,7.801892369970651053e-01
-3.272985673176065924e-01,9.151594549239088217e-01
1.005324476563456554e-01,1.436524048274041565e+00
-1.170414133295084036e-01,9.651931617514309947e-01
1.048444744806346779e-01,9.780579381371690140e-01
-9.925286463254778813e-02,-1.561710665342903870e-01
5.824696071385483676e-02,-4.892649794009244768e-02
-2.823798174179621423e-01,6.145554266692099254e-01
-3.008813047768486570e-01,1.156842457470249885e-01
-3.403336504800046070e-02,-3.115419886515855552e-01
-2.339514061500250208e-01,4.068672446809519783e-01
9.659458012045225861e-02,-6.327930252847784043e-02
-9.314732430092914628e-02,7.183337621597339906e-01
2.054504937653265639e-01,1.177704789662192608e+00
1.374727716224624641e-01,9.074974454083613029e-01
-8.625443480745080896e-03,1.167720780234526856e+00
3.863325369226199013e-02,6.868597222284072989e-01
2.364666814728733080e-01,-2.211105295669963666e-01
-1.640471186235803180e-01,7.904130836489496881e-01
1.712248846696098059e-01,2.467660183195171941e-01
-2.026672766631727393e-02,1.446614853277718105e+00
-2.925607799927958941e-01,1.036351716178718352e+00
-7.964700549709945177e-02,1.248270892433477192e-01
6.011425109988289828e-01,6.499040593621414619e-01
-1.075989406319030617e-01,1.146695335809754468e+00
1.768024504465849633e-01,1.182428063422367170e+00
-3.412324247225301949e-02,1.695634475237207256e-02
1.164572163182418796e-01,3.667646363819495603e-01
-2.729851711401588554e-01,4.260627111793147681e-01
1.873242881752378575e-01,7.770538509593365173e-02
1.820846209180004283e-01,4.339534413870996948e-02
3.236052534775674117e-01,1.050106027672271347e+00
-1.499280586432375217e-01,-1.500730521572534171e-01
1.731108937492980282e-01,-1.204754396114713494e-01
5.445947765493346776e-02,1.142653436987273841e+00
1.294123532139117815e-02,8.469384090181133473e-01
-1.433052808073525253e-01,-4.905349815857513174e-01
2.915252996051780413e-02,-1.030510119841737127e-01
1.170249123143610737e-01,1.165474719537076487e+00
7.897051142215683051e-02,2.367336105533471569e-01
3.758481229519006900e-02,1.254877962274155934e+00
-6.747625107554683192e-03,7.944695423876028118e-01
1.434836282248163480e-02,-2.017179940720470188e-01
-2.425516815734565443e-02,9.742111150140976561e-02
2.954648941018751529e-01,8.376571220283024477e-01
2.104360885159232142e-01,1.180771527450501068e+00
1.445836457613728643e-01,-4.803406852207783295e-01
1.724916762628021100e-02,-1.227527103729833396e-01
-6.389905202486008406e-02,1.153976405384540049e+00
2.551036179737098397e-01,7.306090509838168712e-02
1.743776908010548701e-02,7.739638540558178015e-01
1.203288245872573270e-01,7.720253950686700728e-02
-2.193782750970618423e-01,1.138676731335364067e+00
2.653637584310738484e-01,-3.530073671262795032e-01
-4.932189413668323086e-01,-1.236022886130077464e-01
-2.819163154120665760e-02,8.554477852854593944e-01
-1.237919361753184455e-01,2.172646383024418593e-01
-1.994753496784272551e-01,-5.081312836262690674e-02
-1.419884513894559552e-01,1.082377322659735519e+00
-3.093716445224449774e-01,6.208835688792048169e-01
-2.447220300101380502e-02,1.022849230873114079e+00
4.551723968561828815e-01,1.323293521213855239e+00
-3.329297524253265750e-01,1.700865051725576782e+00
-1.787796991160024371e-02,-1.394278675489452335e-01
-2.999558302694071976e-01,9.996580003338936260e-01
2.940405144549965710e-01,1.211450021625441353e+00
-4.872194401226490612e-01,-2.561576499608352320e-01
5.827625503666206130e-02,-2.839961580233030802e-01
8.345593091939676467e-02,1.404026818856746850e+00
-2.696387669941310850e-01,2.241646411766972657e-01
-4.146368862205364603e-01,-7.537241804548862334e-02
-3.164987376476735559e-02,2.067629965024551375e-01
-1.930747143268626564e-01,-9.166468516280816548e-02
-3.102550985629975444e-01,1.052352478938498148e+00
2.141120151961625057e-02,7.153720688913423054e-01
2.685333590663483427e-01,1.092106442429993995e+00
-1.201097763621710168e-01,7.902883617429896645e-01
-2.837407635162618735e-01,1.184163969306454511e+00
5.968174149608298541e-03,7.454418101405305697e-01
-2.424781771777698436e-01,-2.271665613617110391e-02
-3.910943379860583602e-01,6.685303632312155075e-01
-2.187854886907231872e-02,1.197361369540697051e+00
-2.481953333293982489e-01,6.408885529746382037e-01
1.540049981808683799e-01,2.232576241326840738e-01
1.574025142577605840e-01,-3.216135283380473081e-02
4.294242722297492154e-01,7.953938150154895581e-01
-2.958156496117931855e-01,-1.386966474737180155e-01
-1.076139426196710686e-01,1.070935124126523169e-01
-4.609438108830878067e-02,1.313988803102892566e+00
-8.871941948556340274e-02,3.115150385861635909e-02
3.141945830785448923e-02,1.305558192778169868e+00
1.451850818928218101e-01,1.042599910969516319e+00
-7.279625634400863077e-02,-2.192888338500005307e-01
1.155480768456123575e-01,4.293940465627740788e-01
2.724407930660934785e-01,-3.238833213729017113e-01
-2.551086097427760283e-02,9.515880816657976693e-01
2.330712411588737321e-01,1.057672311029805190e+00
9.382244158848419835e-02,-2.151951894364369233e-01
-2.900063572719882576e-01,6.885168191291617390e-01
-5.563972407445360799e-03,8.590528757676989535e-01
4.754905712138797758e-01,-2.973711595360730708e-01
-6.122865059079718453e-01,-8.906124971210377383e-02
8.057218601181705131e-02,1.136491429464774106e+00
1.615803629098578886e-01,8.142700196928390755e-01
6.286685709652739540e-02,8.782921715748190361e-02
1.812700165659693330e-01,9.490844931692563602e-01
-2.100151147201031326e-02,7.680553327001470310e-01
2.810884101426570081e-01,6.568460846248229401e-02
3.639248385661331131e-01,1.342732482844998243e+00
-1.768129437163774506e-02,-2.113476304047448573e-01
-3.471587093088496223e-01,1.289706564482678175e+00
2.463596738685345511e-01,7.898801374818771315e-01
-6.132524797036639774e-02,1.888925994483789048e-02
-6.951306297418323454e-03,1.020887671194312896e+00
-2.934558143182512957e-01,1.260821828603825856e-01
-1.754075899039478637e-01,6.827292897282821738e-01
1.797266152417660579e-02,-1.210473877861976272e-01
5.767033093508655561e-01,7.130240207689531040e-01
-1.167417097452688318e-01,-1.888017287167059743e-01
8.035127099719448218e-02,8.652703343634930988e-01
-9.557516208092290202e-03,1.240291526382364395e+00
1.034900110112660920e-01,1.017901699489496270e+00
2.254666334750910772e-01,2.247432136327465191e-01
8.436755761735875714e-02,1.149885274092241394e+00
2.915892486181734244e-01,1.140082064266272788e+00
2.159182579976753544e-02,1.113700467810359029e+00
2.810827005134259454e-02,-3.079776320454196137e-01
-6.607151719926441791e-01,2.221220102415462638e-01
-4.568203919348065023e-01,8.803044563630005870e-01
1.138422761011916029e-01,2.159627117841877997e-01
2.206355645090377071e-02,-9.286249095986094659e-02
2.456330970032542527e-01,2.444488112637123733e-01
-9.320267605820269086e-02,4.575197650128151605e-01
-1.357022335753212128e-01,1.447904250602439546e+00
-8.813968999877713761e-02,1.018631571951045034e+00
-2.162101186272623876e-01,1.223003067847346470e+00
5.816183666252339700e-04,6.709093258081402222e-01
2.055077562338612773e-01,6.487769837041766907e-01
4.007582807928114499e-01,8.046502371202183257e-01
-3.512536432098531947e-01,1.878856584497214099e-01
4.454588251453921455e-01,6.428031764991987140e-01
-1.926516481655372523e-02,1.123895527238022440e+00
4.264196098662976775e-01,1.070602986070191553e+00
-6.463870245062926234e-02,9.709899758893895116e-01
-2.364832764120058245e-02,4.961431330023128305e-01
6.159971436745150658e-02,2.877309527017787860e-01
2.552702631757909346e-01,-1.160809187945776588e-01
-2.495852132474765395e-01,6.268579866040797643e-01
1.688466991881884191e-02,-7.658341911813229541e-02
2.896244689850215881e-01,9.746962223817396964e-01
-2.848267893750912605e-01,-5.799129864825908198e-02
2.632371686440726499e-01,1.075842684736260768e+00
3.166291223709511993e-01,8.440722302823558953e-01
-1.334950286111008522e-01,1.023300934918325522e+00
-2.757567919563233896e-02,1.497627840904853513e-01
-1.389525139754946570e-01,8.064511854155593795e-01
6.100700091802496033e-02,1.009344822144952580e+00
1.032642310992378382e-01,1.078440385177006133e+00
3.095736259738691154e-01,9.147383293207470567e-01
3.735046552437866207e-01,3.754284123634354237e-02
-6.605822064616466427e-02,1.447059412737347443e-02
-1.898733670917242267e-01,1.047647644706958481e+00
-1.565891858400016157e-01,-3.159895220740093214e-01
-3.557019653323389985e-02,-3.748252655384672338e-01
2.369045545886082071e-01,-8.007470227308681465e-02
-7.747341414509361333e-03,1.486680861924215558e-01
1.574988303445066518e-01,6.856671354977792454e-01
2.588242476554110660e-01,1.113379724492871592e+00
1.282051135278261533e-02,7.142908746446139379e-01
-2.171232007303458555e-03,-2.372226863517624962e-01
1.073933088427928284e-01,7.553637996891946482e-01
1.619976201287182949e-01,1.106526804056230162e+00
6.563895475282859049e-02,3.146146346324010801e-01
3.025978182283814433e-02,4.553425546676833496e-02
-5.790311112132121713e-02,3.211990164420718274e-01
9.917039756901457892e-02,9.381446731067704103e-01
-7.522189092261424848e-02,-3.070123103220196437e-01
4.110852586707162692e-01,8.583452445595880775e-02
2.316213251927805583e-01,5.529710180966032063e-01
-5.224001433077334333e-01,9.684738995778283677e-01
2.531305161412111815e-01,5.346610497809310969e-01
-2.423032170100696547e-01,9.747733646359443282e-01
5.776033231005962831e-02,1.050418174149657657e+00
7.618608833487158782e-02,6.813277343139014786e-01
-1.550376837754489645e-01,-6.071051118516688355e-02
-1.336654577988030390e-01,-1.124601351402478543e-02
9.379104435724195526e-03,8.150692778311252606e-01
2.457259981875383470e-01,8.931856739283838831e-01
-2.980719878886565755e-01,8.276663868675548930e-01
5.677914286438520697e-02,8.112462761858871829e-01
2.570581328050249303e-01,1.020864409382367333e+00
-2.201047819896981006e-01,9.875647642853587760e-01
-5.295763005353061326e-01,8.234789220216668371e-01
4.115985837046238771e-01,-1.867002950286057450e-01
-9.562491671532026560e-02,-2.565854677710882603e-01
-3.213593107619218681e-01,-1.486172432866733062e-01
2.930568738420578634e-01,9.819300187787266543e-01
1.458422185233497481e-01,1.011861967040783572e+00
3.298761903075760338e-01,1.553290373076455122e+00
6.277413875612630756e-02,9.717442678354605567e-02
2.320608335788088006e-01,-4.473697598341255799e-01
4.240198835573688041e-01,-4.601271795510701867e-01
1.667909298117279671e-01,3.369048416887303055e-01
-1.249399220080277539e-01,7.109609988961637095e-01
1.663241483682542932e-01,2.928679523556491082e-01
-3.376200363205686871e-04,-2.871780635952810024e-02
-1.804928991867360555e-01,2.899803029492270881e-02
7.112295635265182547e-02,7.422581307046638432e-01
-1.321786783935737786e-01,2.816664106224720521e-01
1.225197691981217418e-01,1.147884716092687940e+00
3.220488431063134871e-01,2.556227226375213935e-01
-2.768567624703022756e-01,1.083739877904548871e-01
1.170477773013582981e-02,7.433656342761056912e-01
3.874367203094762901e-01,2.266496316262647803e-01
-1.413999508725500287e-01,8.415424974057637009e-01
7.490154041950795871e-02,-9.822325562901328133e-02
-1.286070144453170805e-01,-2.608425739522275688e-02
-1.082227256700226958e-01,-3.977003606676995928e-02
1.453636310530266595e-02,-2.583575870721043777e-01
3.208491580009851796e-01,2.740942971892572078e-01
3.217807694650085537e-01,1.481593463104209085e-01
1.151624133115690118e-01,-1.561644428722658295e-01
-2.742836077118154803e-02,4.213831923980115857e-02
8.249162066677455385e-02,1.378831761105507425e+00
-1.177622685910296868e-01,1.130280487981439874e+00
2.311439329228661133e-01,2.351030364463110311e-01
1.403711387540447220e-01,3.809762398113210047e-01
-1.341880089260224507e-01,-1.926178908383693600e-01
-9.764867116674458281e-02,1.423189409947017925e+00
9.925299551765226491e-02,1.190417928213751475e+00
-2.123130556205550246e-01,1.797314450875883429e-01
-2.029299994964545717e-01,9.298970287371095544e-01
1.303548904482960957e-01,4.720700541064407618e-01
-8.955546753683654715e-02,1.111093260982123132e+00
2.026960982119636601e-01,7.550756914499177075e-01
-1.137017325299246595e-01,2.008662489886776092e-01
4.941586923044802848e-01,1.348190572377482521e+00
2.220358427620711395e-01,1.337409850979041914e-01
7.691810743864606337e-02,9.026940461733168330e-02
1.317646650001421727e-04,3.122250814359355253e-01
-3.308030272073870792e-01,6.841281580905541615e-01
-5.597778666708375095e-01,8.662698669345176850e-01
1.164330429425950442e-01,6.823754110511759396e-02
-1.202534202100610933e-01,1.047993151168878034e+00
2.286344017176984711e-01,1.023251141911065476e+00
-4.410349624234691790e-01,1.071811485473842113e-01
1.188209938216188422e-01,9.230795186664645380e-01
-2.335367798258924099e-01,9.777391514928567284e-01
7.094810331436847417e-02,-2.567609702245525760e-01
-4.669508912799921196e-01,8.622742460767343631e-02
1.425147106795728036e-01,5.948208734979568701e-01
1.181183502982490058e-01,1.017393615345437041e+00
-2.336333421066852101e-01,1.744375776362646832e-02
1.330612342289691150e-02,-3.165726171574764769e-02
5.050004717549372649e-03,1.144372520744863619e+00
4.645364642748391060e-02,1.113119488540824209e+00
-2.646081805281396138e-01,1.082833061037835165e+00
3.626382757707792281e-01,1.611577014959649778e-01
-2.217745690954116833e-01,2.941292237826571010e-01
1.988339801385200500e-01,1.285809530583981397e+00
1.842896194702713930e-01,1.292398078243227333e-01
2.772490628142604187e-03,8.995607787658260746e-01
-9.959503002360152457e-02,-4.209368101254529204e-01
-2.846735667819724758e-01,1.145138513063146624e+00
-6.453029216224497044e-02,4.723644486091038881e-03
-2.836842001803583369e-01,7.827240877645901262e-01
-4.405585431571852617e-02,1.053575253239606990e+00
6.504939475679401006e-01,1.114165565923036505e-01
-3.758526016551200777e-01,-6.509706875087345468e-02
8.331187080145208146e-02,9.730707036956072198e-01
7.821369885512288733e-02,-1.210459111780833874e-01
-1.416172058422711030e-02,1.253930969651657207e-02
1.280548420716385860e-01,2.363932173388251512e-01
-1.850684465767405140e-01,-1.506554474336173899e-01
-1.572113930727893905e-01,-2.443235145216552107e-01
-5.299974902217741840e-02,9.194123983579357562e-01
1.939558515624590154e-02,1.042977575281901048e+00
2.693519093484398122e-02,1.217515793236398775e-01
2.614219082627472490e-01,8.237972954687919347e-02
6.501830226355589937e-02,1.316064031185237626e+00
-7.751255071548444897e-02,-1.986379856765988494e-01
-1.231091328066735019e-01,7.993251459306144335e-01
3.030310634981684542e-02,7.405146727688560748e-01
-2.626396090217245627e-01,1.062448811537148430e+00
2.403139969801199038e-01,1.143508971539180519e-01
-5.118810168796671806e-02,3.842090447033615769e-02
-1.556376988964690566e-01,-3.102835921652035145e-01
2.950166183400701470e-01,9.375223996670853932e-01
-1.968623165061032798e-01,2.924176646591245075e-04
2.051545188433435973e-01,2.037014652004242032e-01
9.772746539209040129e-02,8.826774341093825971e-01
-2.490955613166066507e-01,9.431132197850318200e-01
2.183306394646847837e-01,1.391515030600161573e+00
1.772274691530439372e-01,1.418915893374752268e-01
-3.045939832925346757e-01,8.495003062151473827e-01
2.194569125896646544e-01,-1.089561468336741334e-01
1.211343322236224929e-01,1.138659658408000208e+00
5.024052494729597772e-03,8.831958111913229548e-01
-1.736525341796623378e-01,1.385750076935040979e-02
-4.555795544785348067e-02,-2.730918890000601507e-01
2.138771490482130055e-01,1.185000944819043278e+00
-5.949746950810964191e-02,9.349591533091929918e-01
8.070672300570344571e-02,5.105396034216964640e-01
-1.534048012725226957e-02,1.240586177287965830e+00
-4.249113490693501999e-02,-6.945927251093671206e-02
-2.003979844334102534e-01,4.609274158106110297e-01
-2.190347460663219226e-01,7.614707591232103834e-01
9.688284499922725224e-02,1.298899385573417886e+00
-5.846687341197621957e-02,5.105398501569419212e-01
-3.926270147018054435e-01,2.884088273842299044e-01
7.693431054155316917e-02,8.016317368928163600e-02
8.487927674700634917e-02,7.876368742612447349e-01
-3.384155638660129584e-01,1.023344838664478340e+00
1.556653195761456554e-01,1.422661051405429283e-02
-1.688047051479120708e-01,7.395673806767175673e-01
2.616053521699676088e-01,8.797798731848421872e-01
-1.773578559196853366e-01,-1.023246631964002534e-01
2.619490911677242392e-02,9.009802999155586134e-01
2.129836516371828511e-02,1.197127337070408526e+00
-6.003045963549803743e-02,1.384103156000863866e+00
-3.193049739411018551e-01,-2.928222798009521566e-01
-1.960463352794110103e-01,1.347625326335801121e+00
3.256886628284357821e-01,8.828744064617940479e-01
-4.661561662410094314e-02,1.186540581530199923e+00
-3.249292581537600033e-01,9.402962223436630573e-01
-1.921947069828250643e-01,-2.398836724355065397e-01
-5.804719973823896373e-02,2.668600680924607671e-01
6.135090755621464692e-02,1.431385757168209538e-01
-2.287362980958385431e-02,3.309660570977908112e-01
3.168079158271477902e-01,-1.660366484972842782e-01
-2.264871946457116050e-02,-2.418664761395391827e-01
2.729510275551920162e-01,-5.711454149034681654e-02
5.883570038989778261e-01,1.538157875509686967e-01
3.994905221154099878e-02,-3.700676455024547173e-02
1.671038636514098619e-01,9.192684922526853653e-01
-1.817653246528040389e-01,2.974259255918541567e-01
-3.804339764982225258e-01,1.147169941473523691e+00
-1.784012864847110968e-01,1.265875218596981933e+00
-3.350208809116990150e-01,1.160687044054331762e+00
5.496449393414540863e-01,-4.625061963138604737e-01
1.580795309473484178e-01,-4.333865386119865881e-02
-2.501279540599527645e-02,1.150878020916374700e+00
-4.144210633007978095e-01,-1.064690340896804338e-01
-6.613645320827115093e-01,8.032233791751819396e-01
-1.299065105161044398e-01,-9.848581479789744741e-02
3.378471699925747473e-01,-1.221868137565975815e-01
2.382715632846677256e-01,1.511501964791321095e-01
1.349149474311635288e-01,9.394417562482338946e-01
-3.445413142230717707e-01,-8.697568594146878884e-02
7.324467026455497298e-02,2.014131231957457246e-01
8.630560147725779840e-02,9.621547558993206462e-01
5.481244995686927052e-02,2.841350642550752315e-01
3.440303776812306952e-02,1.031187264495257772e+00
-4.048050266592331248e-01,1.704192354243879992e-01
-4.381522954756095906e-02,1.045374993539986086e+00
-1.338139847194276533e-01,1.522293230673367859e+00
-7.179149468533933820e-02,-2.604144311929905697e-01
-4.881558278782453519e-01,1.106655787510464783e+00
-8.230337035394116570e-04,8.973647770212231922e-01
3.622226673468787773e-03,8.711901005502308282e-01
-2.526410483553501174e-01,1.015114047134317750e-02
-9.862016925822537916e-02,1.212723521626768441e+00
3.799301995999031512e-01,8.578691789264946133e-01
-6.309477203297578218e-02,1.218638675947577799e+00
2.204489053345647931e-01,8.383634172986559330e-02
8.871258550908046880e-02,1.042885539718333865e+00
2.300562247293591600e-01,8.548201726103233922e-01
-3.550408745345818851e-01,1.412189339382282915e-01
3.048744774257909906e-01,8.738982660566409905e-03
-3.798099982939735497e-01,7.582141837844939003e-01
-1.921187823374646553e-01,1.298385179960775737e+00
-3.458707025365626020e-01,-3.818542277552423037e-01
-4.414863581922112701e-01,1.059544312981900882e+00
-6.862688913693171244e-02,-2.845967900414305696e-01
1.940916844960719478e-01,-1.298361951713662976e-01
-1.040291405102367756e-01,1.298295193569414918e+00
3.076935639141570866e-01,1.297223021434374735e+00
2.227473346601608617e-01,1.333782964791376535e-01
-9.483385463087545819e-02,1.578402630114448035e+00
-1.460182295577746869e-01,6.016694612815862708e-01
-2.049231084503236322e-01,1.893082463392309345e-02
1.940963570790827514e-02,2.714186914446937819e-03
4.554738628814651406e-03,2.752957762588035262e-01
-2.713364224180101619e-02,-1.602227829775663692e-01
1.541678138654011543e-01,7.741381423874167389e-01
8.090220645667533725e-03,2.321050900811433542e-03
4.452493827391812431e-02,-3.734779664238264685e-01
-1.141526930258926487e-01,2.948466291942071216e-01
-3.044771730569307278e-01,1.232581238515991107e+00
1.821182860804435866e-01,1.084982047044748654e+00
2.031770382059546187e-01,1.149642964035521020e+00
4.586610347190181458e-02,1.014878417876105665e+00
-7.737035920474628903e-02,1.249787181792936686e+00
-8.014747173512476452e-02,9.776875322934859280e-01
9.989105677090173718e-03,1.129806711928228680e+00
-4.458532356927955020e-02,9.916873185598151785e-01
1.130946376583893270e-01,-1.258198563640703094e-01
-3.895195670245869130e-02,8.564903394123727365e-01
-4.355790028504338829e-02,8.401990158179486468e-01
2.307581874732505534e-01,9.069043086592127878e-01
6.781993226109923889e-02,1.398730875188134992e-01
3.267615870769386976e-01,6.534858056923501524e-01
1.755414370488543319e-01,1.040078448548537038e+00
-6.434688810267029380e-02,1.288895147693474907e+00
1.181244206086147913e-01,3.016059772310466514e-01
1.876254536723228339e-01,1.176324562659214618e-01
-2.111875266960053510e-01,8.257296387298468376e-01
-7.148005043476197973e-02,8.499603796960422675e-02
2.635481742241049807e-01,3.033126644147863260e-01
-1.111388632776638130e-01,2.129588601997645381e-01
2.782254113358064163e-01,8.325115990198695970e-01
-3.658006102151605266e-01,7.226291514042397779e-01
-2.349258391183402517e-01,-1.083630909224133632e-01
-6.135808293259835400e-02,9.742012044540956373e-01
-3.315615868954450984e-02,2.537426434103516315e-01
-8.869192247811732988e-02,9.546721917198512930e-01
1.260794245655958157e-01,8.606431535278733502e-01
-1.273315711064222991e-02,7.376328849814284272e-01
-2.590206595634352363e-02,9.948119672755941778e-01
5.083289109971576153e-02,1.202445946117681741e+00
-1.654736891721928504e-01,8.116754811652866497e-01
-1.477349983877686845e-01,2.837545066087470147e-01
-1.835143228868336140e-01,3.220441429750733192e-02
6.051084731108427595e-02,9.958660099759882867e-01
-1.271702783823155936e-01,9.153418269023922971e-01
1.220501914119137277e-01,9.748569956250934254e-01
3.581065398311029657e-01,9.143702806385136661e-01
-2.284298231018875580e-01,7.954572396007626722e-02
1.276493736857529093e-01,1.651064674291978784e-01
-1.460744015700277398e-01,1.157858575643015531e+00
-1.788193932976039624e-01,-1.080789927631915504e-01
-8.498225556889463239e-03,-2.884591530649912028e-01
3.598023402881767585e-01,1.281202920617145802e+00
2.909107282999136568e-01,1.221670600831532116e+00
-5.667610154477625145e-02,-1.612485797968996049e-01
8.997324023167651078e-03,9.798807866194583216e-01
2.058701474961421862e-01,-4.261826084770579254e-02
2.161209796763565727e-01,2.726916141069289368e-01
1.048779890808722165e-01,2.359005242673961333e-01
-2.358917077193166678e-01,1.703053915069250024e-01
2.373744832903817714e-01,9.605027237019562181e-01
-3.926690161975733284e-01,6.448164893346880477e-01
-2.644292749689045041e-01,1.157426407818253677e+00
2.142184053467265092e-01,1.769160297145206950e-01
4.963069689857922684e-02,-3.785961501277622654e-01
3.231127150327989250e-02,7.381980299663530865e-01
-2.672490889954023258e-02,1.004687493230588258e+00
-1.797986872142981105e-04,-5.235773602804719706e-01
9.244384675332793788e-02,9.585801302016097036e-01
1.374340967151157777e-01,9.849068611744880020e-01
-7.201724648422276609e-02,1.110335367909452309e+00
1.179965094033560979e-01,5.940055621681903375e-01
1.326732019785108463e-01,-1.553936751174395392e-01
3.468694306163758734e-01,-3.338387149514485119e-01
-1.195618121145158169e-01,9.870429460655875120e-01
2.869838208577628058e-01,-1.044307562939459115e-03
2.221296701778728566e-01,2.578371007675517856e-01
1.370150204051360232e-01,6.690574517858365045e-02
2.003724273842675055e-02,1.224167045889823224e-01
-2.802617587657187381e-01,3.394073423268728629e-01
3.722343973894279845e-01,8.864733225610266221e-01
-1.414208469142042533e-02,8.734967010901708573e-01
-1.014507373038341931e-01,3.323875383372441039e-01
-2.050917559931831058e-01,-2.994238622146309092e-01
-4.890127021486400105e-01,1.396342502302920854e-02
2.975861417887166738e-01,3.452552397075007717e-01
5.249200103622007063e-01,1.833222760136857532e-01
-2.257918301448494092e-01,7.953284355024681229e-01
-1.198336627764409607e-01,1.360337046605744338e-01
1.375051427266166526e-01,4.215278635928971229e-01
2.205732861200669082e-01,8.989870442289282781e-01
6.712244461814929897e-02,5.341440252353655410e-02
-1.888008966875685812e-01,1.518656495366138004e-01
2.695338485063480394e-01,5.459873805175805561e-01
-4.909771667905969417e-01,-3.443985913314587255e-01
-9.327007189077887728e-02,2.373789547233198238e-01
-1.594107968690021693e-01,1.784736689520019515e-01
-1.335828806570988660e-02,7.263232080577760597e-01
-2.019205339245323805e-02,1.140330661053339911e+00
2.558742101877145569e-01,1.009299136703311478e-01
1.869761676554816121e-01,1.109807200202997723e+00
4.537837921880275710e-02,9.729208541012468459e-01
3.762735463949358761e-01,-1.765772456752318642e-01
-8.600494375346953713e-02,4.019678472842169725e-01
-3.113818378149201815e-01,-5.198973939023867480e-02
-5.072930356125829876e-01,1.131442631078938055e+00
9.386343542441008547e-02,1.320720418153683851e-01
4.423663696048205640e-01,-2.847714655807649931e-01
-9.212275849516107784e-02,7.700930827908870624e-01
-1.504010277479409796e-01,2.600235149030205029e-01
-1.540371740465330264e-01,9.942781007502765611e-01
3.827714929139027639e-02,1.007098706266482679e+00
-5.159528038305691983e-02,3.731497582010908642e-01
-1.532843890385892083e-01,-1.347491636177396424e-01
-1.827016606089118811e-01,1.212487749078727584e+00
1.585194303616562772e-01,1.197852061341231789e+00
1.168311309849598689e-01,1.148040657125876773e+00
3.264655857710129783e-01,-1.314107720469460672e-01
-1.210918472979569532e-01,1.190899791284120379e+00
2.944669268621569747e-01,1.387520691677964990e+00
-6.928712371630432743e-02,9.746919003854181973e-02
1.061396612371052761e-01,1.288913419701822605e+00
-3.392335803249133669e-02,-3.228209347800093526e-02
-3.699697234087748199e-02,4.166910440150174699e-02
1.220488721670006799e-01,-7.649093226760987629e-02
1.999200233831487372e-01,-5.351995644866072155e-01
-5.952207109733038265e-02,1.443532013422277105e+00
9.883081710029480160e-02,3.274849446315968304e-01
-2.608417400755536630e-01,8.114035022769757743e-01
-4.621648769877494817e-02,-4.736909470067590111e-01
-1.751187396793460749e-01,7.444506635131078465e-01
-9.344799595537713055e-02,-1.757086609183155512e-01
-1.836441357420976195e-01,8.906042281175511333e-01
-2.212124051111742651e-02,1.126782354394837427e+00
-8.424390141603461946e-03,7.685800878150335878e-03
8.882146669924835536e-02,-2.352828150237331051e-01
-3.552007064542585246e-02,5.748849193235296973e-01
1.664162828785998860e-01,-1.876770654128294413e-01
1.027355869090001705e-01,-1.782517874061841923e-01
1.733269010517799746e-01,1.067260443686010918e+00
-1.475401215105554831e-01,2.464329518634875982e-01
-7.465453380764507096e-02,1.296586964802984854e+00
2.827067592355949621e-01,8.329835341976569163e-01
1.995336186274133672e-01,-2.133113046013366404e-02
-9.532517682689918559e-02,1.044735193317710920e+00
1.484200459310948683e-01,6.029434930389001579e-01
-1.027270473506935664e-02,1.207254640141237179e+00
1.875269471361403206e-01,5.822190094820851175e-02
1.327016159181078625e-01,1.706023491496612421e-01
-3.583261593135343009e-02,1.084180486124715959e+00
-1.328239272418393901e-01,9.656066862795850692e-02
-5.809398092993400126e-02,1.097220028252042567e+00
9.633572809738322196e-02,1.061333002929842007e+00
-1.382359531148266317e-03,8.535447300835257156e-01
-1.219177753528293412e-01,1.059974702684415515e+00
-2.699206193282966959e-01,-2.044560799011117258e-01
-4.571427535745879039e-02,-4.729258742124095027e-01
-2.140531978298895466e-01,1.723345590134739147e-01
-2.055575849410610223e-01,-6.756345048006455467e-02
-3.446388724035781004e-01,5.288389898761983871e-02
9.895632566935727570e-02,1.190060682964554362e+00
3.163809959929189675e-02,1.775003881487850488e-01
-5.710009922686360567e-02,1.028881132902053741e+00
-2.331155873203337101e-02,1.233816329353173646e+00
3.727355507690072733e-01,-2.625399868824204730e-01
-1.744907949308326447e-02,4.870789205008526634e-01
-1.396522635596355970e-02,1.092261371042558604e+00
9.261175836816036566e-02,1.026721398096839044e+00
6.925273376101404033e-02,1.241104316317391376e+00
5.191133964406792201e-01,7.320242738414378669e-01
-2.285709509455507993e-01,3.343827503792924372e-01
-1.922336219874836716e-01,8.199775653682114251e-01
-6.502583070403598897e-02,1.906235221703221905e-01
-1.166070416570988144e-01,-3.240295463841279255e-02
2.445647954347272487e-02,1.048970301941203997e+00
-9.823723352604959991e-02,2.927176359394753624e-01
3.740902165805612412e-01,-4.325625918231335715e-02
-3.788068814360736614e-01,-1.141682045831600295e-01
-3.398016024897260179e-01,9.477090653297118861e-01
-9.844330755957771129e-02,6.321128259884950529e-02
-2.329643199070220438e-01,1.532525687640838852e-01
7.234175290871419639e-02,1.171290342526023522e-02
3.572324672246927069e-01,8.620248213565679940e-01
-1.489923939035627254e-01,1.345068320946915641e+00
-7.386605509607294118e-02,8.254381947562557942e-01
1.374082447719648103e-01,-2.241877872309523678e-01
-1.721218764392619116e-01,7.798821995272435803e-01
4.061186755640802115e-01,3.384621706520180573e-01
-9.273165992487250597e-02,3.958015670547436748e-01
-1.948330246805024535e-01,8.504356185299668525e-01
3.764622003645232695e-01,-4.338650539291434571e-02
1.556480845172701910e-01,1.046156319449384586e+00
-6.718381719998267609e-02,1.313928117194222311e+00
4.154913316912666188e-01,1.035140869655987728e-01
5.344254566025065101e-01,1.160231721546105099e+00
1.956672088031861240e-02,-1.478464671835916511e-01
-5.897763080368735589e-02,1.500606844890040314e-01
5.426781724827484110e-02,3.003305607521794887e-02
-1.196665941834150829e-02,1.349004988318815157e-01
3.794743606019083948e-02,-1.613455578759993014e-01
1.675258576564402913e-01,2.133470044149261835e-01
-2.224787505898762341e-01,1.013810054013002393e+00
5.569984192272019879e-02,-1.666483761467568159e-01
5.076577786865908021e-02,4.667406110565101574e-01
5.484871253129782742e-01,1.182000046664455795e+00
-1.087378280887022347e-01,1.122377939894814713e-01
-4.817263039505841338e-01,1.193546051238792427e-01
2.103151030498659202e-01,8.724526441239892627e-01
7.658023535797015002e-02,1.477572716555413779e+00
2.785120201265215423e-01,6.106230674554293664e-02
-1.502607361725699087e-01,5.949820567283186090e-01
1.738717499779761644e-01,9.637860246265768094e-01
-2.460050099346911268e-01,-1.707459913495416592e-01
7.928942291581562996e-02,9.766569495310831739e-01
4.267366735207930861e-01,-1.543089646594451685e-02
-7.189355482264404851e-02,2.009837245180526311e-01
-1.413638754513577012e-01,-4.739268379023213185e-01
3.408148984234526391e-01,1.272416354727605947e+00
-1.595305436528935972e-01,7.453343944791506193e-01
1.790516459049391884e-02,9.267266031480976551e-02
-5.597228054841445199e-02,-1.230904757595956550e-01
-5.341280063206046286e-02,3.106152921195168629e-02
-1.265313872808835616e-01,-1.258517933465496674e-01
2.485524737019317310e-01,-1.829414927496856857e-01
8.368088566997690424e-04,8.566858755990770513e-01
-3.419212618228570921e-01,1.111943138864577074e+00
1.806403387193680210e-01,1.073232861700083252e+00
-2.568832994587121887e-01,1.309160229368740679e-02
-2.435416814680005648e-01,1.645565235897052461e-02
-2.310925553464854565e-01,9.584083643190305368e-01
-3.090197841181840932e-01,1.625616372998645864e-01
1.761539407501126198e-01,1.313464619966296099e-01
-4.691482282827948852e-02,-3.738685111503785297e-02
-1.906412946577827616e-01,1.280883202258648601e-01
1.039544801259387058e-01,1.137575786027327229e+00
-1.674884424788992965e-02,-1.982220131227369619e-01
-1.645639714835247791e-01,2.806563247648584669e-01
-1.941963390604452538e-03,-2.018867503074656400e-01
-4.060686851633892730e-02,6.367147460775568479e-02
-1.087407788271435305e-01,8.745042003870593383e-01
-2.594218888761864461e-01,9.109380522940172531e-01
9.478869093390344946e-02,7.894583020845938881e-01
1.179657527646942594e-01,1.448726683076039468e+00
1.820784146299149475e-01,4.346839506927470120e-01
3.875691515186850331e-03,7.259096631564627700e-01
-1.450728602172165205e-01,8.699320878084257358e-02
3.109554661904737616e-01,9.227246395630223086e-01
-9.415135097630569772e-02,1.346010230165397836e-01
7.293258416828926139e-05,1.013485060228396462e+00
4.937122276469322335e-01,1.824966028615309932e-01
2.472482114069868009e-01,-6.266868439915029843e-02
2.464412484777427775e-02,7.194807251908917900e-01
-4.941454539824479547e-02,8.120625833769177238e-01
-3.817966560683256488e-02,9.008096780619273547e-01
4.690952346640925308e-01,9.655557031817193492e-01
3.326781557292069480e-01,7.787029030386170003e-01
-2.443461109237665685e-01,1.206656948645016048e+00
-6.346648079896258753e-03,2.747476587262375758e-01
-1.413551058180892994e-01,1.253070082244042815e+00
1.358879449539400486e-01,2.983789367071776888e-01
-4.986242113002331555e-02,1.313027332850028595e+00
2.066081995588431031e-01,1.076473179900075072e+00
1.079671160513563377e-01,8.952580405856198631e-01
-7.201741044488128851e-02,-1.732660043587549159e-01
-1.338281466650116658e-01,-6.122608520220551402e-03
2.214180024435097593e-01,1.469217637522372000e+00
-1.102649896073633340e-01,1.099897370658345253e+00
3.128528233664138458e-01,7.181974834019421057e-03
-3.729344476434914152e-02,1.218423596066472880e+00
-1.385587287577643434e-01,9.791752887020852003e-02
-2.994803234073877274e-01,9.810071237128782373e-01
-7.921013559893522182e-02,3.289347158154687367e-01
-2.148548271991863878e-01,1.117989602669510418e+00
7.256873663926320661e-02,-1.394175551059139706e-01
1.101329892199075511e-01,-2.120656836603079798e-01
7.233054473069827628e-02,1.140107079087665287e+00
2.977841433846830643e-01,1.177848227547866333e+00
2.087408714011121935e-01,3.793907485357693732e-01
-1.632651295336971509e-01,2.390719944429786914e-01
-9.606732651565443037e-02,5.366452730745630006e-01
5.568684855839028253e-02,1.375737994825991239e-01
-2.694485524398200216e-01,1.271169608877466883e+00
-4.200754047284827042e-01,7.213171073662949517e-01
2.669859629166969617e-01,1.376412994723887340e-01
7.224385707441263738e-02,-3.417504006100250402e-01
-1.055649673694839322e-02,-3.800932620498916892e-01
1.231474607026915580e-01,5.309524500571989325e-01
4.384747925422778636e-02,-1.557216829566921701e-01
7.053159866950672874e-02,1.185059073127079809e+00
-2.682999874945691740e-02,9.991517547217423356e-01
-1.160847688536283291e-02,1.042946230392572060e+00
-1.146703359522231597e-01,-4.575165492690157730e-03
2.983185068197594797e-02,1.448068120112825596e+00
-2.832652086236183697e-01,4.521133645546264457e-02
-2.408129357341340093e-01,9.735647021542819246e-01
-1.107475183702990168e-01,-4.746232066463577925e-02
-1.591860464225144101e-01,-2.975834909978307130e-01
-1.165206634339003428e-01,-2.257621097576726354e-01
3.840024161785164925e-01,1.367133465156317174e-01
-1.050620886626165984e-01,2.514769421161586194e-01
1.752015818830516825e-01,9.933119878913936329e-01
2.293473839539538015e-03,3.384071108193079103e-01
3.455160838976179677e-02,-1.495572929592212941e-01
2.820110143047645148e-03,5.409977876411590225e-01
3.829346998074728559e-02,1.091761376696482433e+00
3.487966550888039197e-01,1.345445648280358397e-01
6.648605265402849143e-03,-1.872337201014817321e-01
-1.551345158502894783e-01,-4.668462112653757878e-01
-1.270054727410439566e-01,4.921253203270538057e-01
-6.386627685481002237e-01,1.078190872999940764e+00
-1.682901861994484383e-01,-4.527467665389672824e-01
2.414633343037089486e-01,5.864383991103707672e-01
-1.682792094523917481e-01,1.474121646713311140e+00
2.019199182573598872e-01,1.096194675821519748e+00
-2.868841085647383937e-01,5.405928859372308715e-01
6.747769209550336100e-02,-2.015223037285460757e-03
8.947123242936743173e-03,7.314913820340047668e-01
1.919595786449116992e-01,1.457550636847544379e+00
6.435098867091780528e-03,-8.885328974509369704e-02
-1.596519821165423916e-02,8.603800881873963080e-01
-2.816637497308511207e-01,1.198640547595052563e+00
-2.569568581321033385e-01,7.623062057182140583e-01
-1.454262791131303856e-01,1.393776297661488209e-02
1.481570579838027701e-02,-1.429030217811540493e-01
9.359714725220127929e-02,5.924277010838667756e-01
-8.714818161624142412e-02,9.032682408918646377e-01
-7.034553318311032033e-02,-8.750866578857489919e-02
3.272322412211746412e-02,2.255751246766521390e-01
7.183382611644620330e-02,-2.615343572724562193e-01
-2.363494473236492088e-01,-1.202170899073787963e-01
-7.880054874273327570e-02,5.641926202916842659e-01
-4.813466341902242762e-01,8.549878978801870311e-01
1.879409112577928309e-01,8.411766348483838696e-02
-5.901651233986396350e-02,1.047360724426843248e+00
-6.022834641774796882e-01,5.264207326213549143e-01
6.271690888101646988e-02,-2.759162210389323744e-01
-1.216887810589726698e-01,1.728114925086512987e-01
-5.158217290836341479e-02,-3.184738773102813170e-02
2.922009095319449967e-01,1.261260689030839099e+00
1.851614479529847812e-01,7.274309434452697065e-01
5.656335015289563201e-02,9.024239029463566597e-01
-1.538635637484213892e-01,9.415516013546676444e-01
-3.246998736306618005e-02,1.071129345602984451e+00
4.912050435254588371e-02,9.847889447726698720e-01
-8.293492627938921224e-02,-1.033315667987253217e-01
9.448021134096251661e-02,7.440588451418395088e-01
6.511195183880315318e-02,8.920387463112054993e-01
6.431849547966914105e-02,5.200406896215576946e-01
4.175769832635816553e-02,-3.802820907369432457e-01
1.990395776816236972e-01,3.588704753869260133e-01
-1.934727128071322688e-01,-2.854968877405715880e-02
-3.245385315700418660e-01,-1.658640435228864174e-01
-2.557172708062296906e-01,7.335465495756754439e-01
-1.209369293558269221e-01,8.804514204719142700e-01
3.086316134122568111e-01,1.118309967954326911e+00
5.026664708559994144e-02,7.183218540236736838e-02
7.246603527977386883e-02,6.674713440656856456e-01
2.303968481807970592e-01,1.491491094664849859e+00
-2.174367535511607108e-01,1.044836782606586967e+00
-2.232759975350435966e-01,6.338598830906311266e-01
-2.120439628227245576e-01,9.861678166804134227e-01
-5.212802053338745634e-02,-1.481301014780934400e-01
6.628654044642112719e-02,-1.810057793040740770e-01
1.562891621442806245e-01,1.044196310835197927e+00
-1.997584196240924925e-01,4.259439148725840951e-01
-2.164350799500180944e-01,-7.502299536383108536e-02
1.178507018134242051e-01,2.995945452757659555e-01
6.495372444819845492e-02,-1.812606636601450105e-01
-1.581672954314457865e-03,7.385227409013829236e-01
4.669985902651211940e-01,-3.641199397708110019e-02
5.564441829685946167e-02,-1.636433337345204186e-01
-1.196445483296412343e-01,1.138948586450630879e-01
1.812780296840020844e-01,8.941281609092852634e-01
-1.379378157085711931e-01,9.560702168975536708e-01
-1.158982864602660645e-01,8.436503755507813729e-01
1.651350419776343934e-02,-1.167424488660896015e-01
6.816808778139554770e-02,-4.861199190419318583e-02
-9.866970300684689901e-03,1.142129078224943362e+00
-6.371888823535397373e-02,1.243579133544469251e+00
-7.868192554846879794e-03,1.176666557232811883e+00
1.242204038790793996e-01,8.132776005266965091e-01
-3.792938650009073515e-02,9.003627438333950961e-01
3.329408732125520576e-01,1.648600260476271173e-01
-7.434295260819598176e-03,-1.850209063925608854e-01
1.306426349637406503e-01,-1.380030483291225518e-01
5.636050444530297243e-01,8.835108151540650434e-01
-1.455025825303151998e-01,7.262206195483138504e-01
3.391829739133172400e-02,4.216339883479806039e-01
-1.620332049233496122e-02,-4.639608320122504820e-02
4.664414453109722580e-01,6.285221248320941312e-01
5.042010751436871475e-03,-1.639873507029974420e-01
1.266479255418910543e-01,-3.348385330937880267e-01
2.127647367468415429e-01,1.295263117747623927e+00
-3.312304350463642880e-04,-4.370506871081940581e-01
7.818687350546577042e-02,-4.404421655229966148e-02
1.744683917864062531e-02,9.102763234260572434e-01
-1.662992824793657065e-01,9.816109128138275075e-01
9.759095466472438030e-02,-1.559664296694273367e-01
1.168565143189378014e-01,1.284954846717627275e+00
8.540410046788311782e-02,9.690139583210254370e-01
-2.294682484749216607e-03,8.740664681028793570e-01
1.320064640139233247e-01,1.099677043183258762e+00
-4.759039639791726173e-01,9.072674456472876736e-01
1.699889917893637747e-01,9.718732727799825888e-01
4.853727299705485332e-01,9.069013208139637960e-01
1.104201567416488242e-02,1.200625115144191790e+00
2.174036121121081522e-01,3.783170498455043496e-01
1.799573835038757175e-01,8.754405072046054226e-01
-1.622636048695554611e-01,1.289577896885335306e+00
-1.291340087099337314e-02,-2.480621860134939877e-02
1.649620507786097034e-01,4.473516171659814855e-01
2.284484170127886252e-02,1.113703504565434654e+00
-1.654460764996279754e-01,6.153690949070038663e-01
5.476651050124706765e-01,-1.225718418223587097e-01
1.291402427721329849e-01,5.357544486246129667e-02
9.504369956693690946e-02,5.773773830207777902e-01
3.309764078627460138e-01,1.339232068797062969e-01
1.676340766155111905e-01,9.249292066784414734e-01
-2.219578246900188456e-01,1.031751452654598333e+00
3.483358983788744645e-01,-1.357770393891852556e-01
-8.945380938948220562e-02,8.635223720849809492e-01
1.936337665065579472e-01,7.380213423370742820e-01
-5.382255413613458161e-01,8.820625402782057423e-01
-9.652168590500307321e-04,8.691292817712391594e-01
-9.996780435027800837e-02,8.285485620902403869e-02
1.404971289018599745e-01,-8.015345284494452410e-03
-2.724727410205076139e-01,4.237524576425075185e-02
2.216339140681882203e-01,8.845802280706587251e-01
-3.037626923839840121e-01,2.746625380914551745e-02
2.970480360444908985e-02,-1.070448922118465152e-02
-4.459273724890189250e-01,1.350858349607867659e+00
-5.218691187804913589e-02,-2.039406239604054927e-01
-6.402289064306293520e-02,2.018456654878493517e-01
1.132726163266937064e-01,2.073280616784577146e-01
-4.454202410739763196e-02,-2.522591147669793754e-01
-7.502533304677697079e-02,6.484193405028771950e-01
1.968107112450735441e-01,1.303515399339763237e+00
-1.853318482852348882e-03,7.553028093769680318e-01
1.578572899715265099e-01,-1.147061436057358885e-02
-2.433825884448448384e-01,1.083974176778875975e+00
-2.791753503363441080e-01,8.738835703467341398e-01
2.304331590050573697e-01,1.388614990512706315e+00
3.119280708554474923e-01,1.162778384245627628e+00
-6.867145720141258625e-02,1.170471444952980278e+00
-1.252242380220992546e-01,2.104830587070455616e-01
1.688432384005491838e-01,-2.377365450547019865e-01
4.343218093597541740e-01,9.239171925824236631e-01
2.534457379084976703e-01,-2.554462242932883931e-01
2.489588241532319779e-01,-8.278183864470711750e-02
5.090302518714800301e-02,2.150151087766937474e-01
1.082992404983340248e-02,4.368589516984373033e-01
-1.551460875707279079e-02,-7.129985456373350017e-01
4.144634324786530266e-01,5.050239993401977462e-02
1.907134330116834198e-01,1.280141299766555774e+00
-2.853703660925965835e-01,9.370314284217792222e-01
1.371285870573993593e-01,1.831950168714767957e-01
-1.151676180382136677e-01,4.485362773831690769e-02
8.036609015970050396e-02,1.133272318267105172e+00
3.889318322093642255e-01,3.328589546655989495e-01
-9.342968420430837473e-02,8.238745093579227241e-01
5.842571011811984460e-01,6.537028333229487620e-01
8.835321714832646001e-02,1.035119868970790113e+00
1.718183717973082447e-01,9.559134468684368224e-01
5.275559026190407286e-02,7.131647973145555097e-02
1.166870371948399016e-01,3.360126984041095222e-02
6.380595882573589228e-02,1.086037240759572198e+00
3.008048597535744120e-02,1.000868355483135019e+00
-3.585527173586641747e-02,1.587855906537442685e+00
1.154955919922737335e-02,8.046428986274868633e-02
1.833654524580372869e-01,-1.879094739539471093e-01
5.075361506734209494e-01,7.937688805886515819e-01
-1.062207708506274634e-01,3.522190407960731351e-01
2.692851142964705277e-02,-1.395950426209656148e-01
2.413595481497827766e-01,-1.084288844431466337e-02
-5.227916408065491627e-01,9.932679037984265547e-01
-1.155156084890250068e-01,9.511983655034788043e-01
1.082964673341682837e-01,-7.841975492264560699e-02
1.763472041225151998e-01,3.366592640175133377e-01
-1.860312644367925761e-01,-9.994917294612297443e-02
-1.794326328942802973e-01,6.859881248942085730e-01
7.142087175898101381e-02,1.073015491860579651e+00
-6.778553350538722710e-02,2.275881459179915356e-01
-1.120963694378043692e-04,-2.133278745971276813e-01
4.204914883904035255e-02,1.745303332225996429e-01
1.862815811495286966e-01,1.230638698799675135e+00
2.281830745700323335e-02,-8.070996924800096298e-03
-2.854721854267500691e-01,6.831963156587285424e-02
-5.694785689373424997e-01,9.639912843480681615e-02
-3.987903190098381900e-01,8.846672118413962949e-01
-2.240004817386517522e-01,-7.579970325392791641e-02
7.576528506400338238e-03,-2.757848450238373217e-02
1.687698749887043548e-01,5.238266885206978307e-02
5.565545786005713508e-02,-1.271297231350154433e-01
1.268783023802892151e-01,-3.041468275078896277e-01
-1.356997365869954120e-01,1.531142048057007488e+00
-3.052225384297039268e-01,9.066789834429278550e-02
2.142099491382775944e-01,-5.465494611110529796e-03
-1.749840635082233753e-01,1.144392402586857038e+00
5.230991344009973121e-01,-6.979243183302365205e-02
-9.461984428179419371e-02,1.197546377551001323e-01
2.190675684173912507e-01,9.692342259204065336e-01
-2.428695802664955772e-01,-1.084451672393083321e-01
-5.556273932447877706e-02,2.836874964541604704e-01
-2.354085722979306627e-01,1.071397749629568130e+00
-3.723865082739694771e-02,9.327508694350213903e-01
-5.394303134072468871e-03,8.993529198440501915e-01
-1.338670501274454028e-02,1.009500454410585224e+00
-1.245404696759977170e-01,9.685182895716091256e-01
9.601431976141192731e-03,-1.796469498068312826e-02
1.939494364919608915e-01,1.266616215619542074e-01
-1.811017232299134694e-01,2.206733126086260210e-01
-2.157508337262889764e-01,8.822326294883318099e-01
-1.607180578456360864e-01,1.049670167414599398e+00
2.886818056011527522e-01,-1.600509591688108468e-01
-2.225660429345970581e-01,2.673786999125473129e-01
2.451061680443293311e-01,8.800802471761879353e-01
-2.589322248059390819e-01,1.600187425142216568e-01
-1.544159472774120911e-01,9.032263613735718177e-01
3.806247673334315906e-01,8.194584864057449236e-01
9.018159772028681853e-02,1.132354042307932573e+00
-1.646847816182971658e-01,1.075401235331067351e+00
1.734738079800404731e-01,1.103508844154217128e+00
2.068253385716127268e-01,1.305895911324536307e+00
-5.096988533460665716e-01,7.123014454918481508e-01
-3.576802553204124768e-01,1.020352588786025194e+00
-2.927304610056065126e-01,3.650867197673107745e-01
2.395903805262798447e-01,1.120520670796479656e+00
1.459822414196329798e-01,7.226374574425880049e-01
3.427373770654146279e-01,2.657911047367115254e-01
6.631576634125201097e-02,3.630302112283529392e-01
-2.469337837789259693e-01,1.537112400144325042e+00
-1.203304954813420174e-01,1.295836582663623560e+00
3.042061228389429384e-01,-3.278879548082454520e-01
-4.506135792333383905e-01,9.215890320552745374e-01
-3.028666011214157239e-01,9.586574933488741790e-01
4.551201575602019378e-02,9.232503650992683886e-01
-2.487382754245500427e-01,9.653932783133408746e-01
5.544033036299092498e-02,7.399275285099861377e-02
-4.227079903397572003e-01,1.190460590610420200e+00
3.399495212029952085e-01,1.037439159789966675e-01
-2.300269910668761575e-01,1.060510917654627239e+00
3.978147131035394968e-01,5.202328383392547384e-02
-7.096484495078848875e-02,1.638567390532021661e-01
4.190856152079739522e-02,5.168375910806367879e-02
1.431237745899598957e-01,1.065059096777302372e+00
1.479368834466645299e-01,-2.996405655174203542e-01
2.144381358715797062e-02,4.926925834432824836e-01
1.353603580303743836e-01,-3.712699141107262402e-01
3.538411533893295879e-02,3.561461685576614022e-01
1.184001926010775363e-01,1.185265073524896184e+00
-2.317471573814277458e-02,1.260574513005669139e+00
-7.269912032712430583e-02,9.439233367922690299e-01
2.753829097837361406e-01,1.010347456267550292e+00
8.442622170120683833e-02,1.038088062242894738e+00
1.146291530585132057e-01,1.496267463127950448e-01
2.307194023748098122e-01,1.078943820963804923e+00
-3.776566380592503713e-01,5.281601149685017926e-01
-2.251500955769659973e-01,2.938622171743693889e-01
-1.676903125545400330e-01,9.517480408228493616e-01
1.458970461330889312e-01,1.062697403743079860e+00
-3.391216749277189413e-01,-1.400341076538394736e-01
3.320638283220728737e-01,1.037675871713882758e+00
9.442488509859815748e-02,1.815355744034807817e-01
-4.027737745815736931e-02,1.407098658115260026e-01
-1.036441826648340919e-01,1.177555683467720327e+00
3.074075715263984709e-01,1.912709394231717694e-02
-8.615680181953046246e-02,1.251819781139358989e+00
3.661265949565874200e-02,8.561152333947674720e-01
-4.406271012712720259e-01,-8.336417306259769067e-02
-8.430001271880954716e-02,1.018459702989221505e+00
-1.145913822488212053e-01,-1.299688519165513589e-01
-2.094773681399338672e-01,1.411001889667639064e+00
2.847780852228238846e-01,9.231120531881583657e-01
6.468388352042840628e-02,1.291011748991121921e+00
-6.028262021917742824e-02,8.649505157678998302e-01
-9.540661149631518567e-02,1.026908047962858284e+00
5.859530416154565269e-02,4.409716286914228678e-01
-1.379320114456754343e-01,4.579923388373878697e-03
-1.410528730674630860e-01,-1.113474723708271635e-01
-3.930780291995815690e-01,8.163595306948793207e-01
-1.677684551592130424e-01,1.145226479279933152e+00
2.110424342833644440e-01,5.687350338160036085e-04
-1.713827771110802978e-01,-1.273342576173605301e-01
-1.271911078650659298e-02,6.591805637492149650e-01
-3.483906790066191861e-01,3.816801388364270409e-01
-2.621787660139216977e-02,3.271160104054936513e-01
1.109523610264085275e-01,1.041810296771842115e+00
-8.660336593886358569e-02,-4.185204649483271339e-02
9.656861870123953362e-02,1.442702697983002214e+00
2.753628189887500355e-01,8.866686957201320718e-01
-6.647297914427933996e-02,1.217814166903950390e+00
-2.054403726359260995e-01,1.659554779429180671e-01
-6.622847238374142051e-05,1.017978812158891078e+00
-9.071160663457267237e-02,-1.455585926416371745e-01
2.088540755848576624e-02,6.423856794212552401e-01
1.254647899639272646e-01,-3.078700036851480526e-01
-1.722735139152525852e-01,-7.554238569115877266e-02
-3.980574996024658363e-01,9.144017102645610739e-01
2.848115096252547551e-01,-3.380547322518188957e-02
1.962392497949743686e-01,-3.174522407933064172e-01
2.037453516608978346e-02,1.060435321098841754e+00
-2.876423371838959797e-02,9.543296209796602314e-01
-2.136275122751047084e-01,-8.623289529748093263e-02
8.820689429248367019e-02,1.126360352783331908e+00
-2.159494307659689805e-01,1.024114465799213836e+00
-1.986661542896865085e-01,2.997116546567921147e-01
-1.372479122357565936e-03,7.177586737155724483e-01
-2.114468266904807048e-01,2.604916273641349478e-01
-1.961467263772636305e-01,7.339879263224428074e-01
1.612537110787587782e-02,7.867975613745644692e-01
2.119114636168197563e-01,-1.957891871570461295e-01
-1.250553407882110668e-01,1.148056545748087132e+00
2.419082361762188438e-01,7.683155842005844338e-01
-1.303145451910328774e-02,1.153793606773428015e+00
-1.737074449049601232e-01,-5.103492224120401155e-02
4.060563337283162877e-01,3.385173586129012757e-01
2.279466828598135653e-01,1.553780310682137511e+00
4.762073637391366909e-01,-4.817474032763323366e-02
-3.519548960989233310e-01,1.295540106369212463e+00
-8.710713931675173605e-02,7.390430832513572579e-01
-6.468166616033144134e-02,-7.086908267096043990e-02
4.184966768114531943e-01,4.443836213737627910e-03
-9.767411298573819289e-02,1.731969805962369768e-01
2.979782858908186505e-02,3.440203707955867829e-01
2.011113054939332734e-01,-3.209250991746945836e-01
3.325907102541090232e-01,1.301150916363411403e+00
1.151854212136847327e-01,8.621548154891560678e-01
2.110834508075150606e-01,-8.720404010358395741e-03
-1.918887080170223747e-01,1.597587125831993193e-01
4.200733850167254896e-02,1.133759142301351136e-01
3.075854936416431706e-01,1.026839349214754948e+00
2.033130083720004200e-01,3.279561624855130419e-02
-1.837883203492691186e-01,1.961293637898086917e-01
-3.847720873436994427e-01,-1.805373082607479585e-02
-2.720907231731031772e-01,1.129724048573782724e+00
-4.922789224825419030e-01,5.986257688701668300e-01
9.021728647447489757e-02,-2.039075948075506073e-01
1.610103927711061256e-01,9.899284116616440254e-01
-5.339695851494022372e-02,-7.017056786971731519e-02
4.350444156415421704e-01,-1.213587265719126146e-01
-1.072394038374654968e-01,1.103801815840443457e+00
3.423466601658296804e-02,1.014061270280936844e+00
-1.234674319929189995e-01,5.742209263557277454e-01
2.713719556564657687e-01,8.623214868870907601e-01
2.238935301926834459e-02,6.164969717968470375e-01
3.307813362677663321e-02,7.978447147500955516e-01
-1.910082924433355311e-01,-2.331428350934229843e-01
4.244347863212558081e-01,1.146545665265962466e+00
-1.721765846760945906e-01,1.006761600596371320e+00
-4.008294014353675494e-01,1.241526471938379839e+00
2.377915658683862066e-01,-8.619721768246574323e-02
3.013478308583038001e-01,9.589110496598469979e-02
2.755772861833533094e-01,-3.656205673992601324e-01
2.637849665641650576e-01,7.633509087638215562e-02
-2.164022803263558337e-01,9.103282297867576478e-01
-2.424046006078763860e-01,3.849646645717213350e-02
7.294801015138809019e-02,-2.207292396948197233e-01
-2.990719267583889507e-01,-2.480707410716586903e-01
2.975278704890922943e-01,1.621210302995578778e-01
1.417899003863319907e-01,1.276195651187064684e+00
-2.662483454336648236e-01,1.009256909990386752e+00
4.517953391433358196e-02,9.016979156923180527e-01
-1.237823481004802079e-01,9.607619513681467938e-01
1.011015874258349295e-01,7.516189158523174374e-01
3.462896095224589632e-01,8.260841072851941025e-01
2.431050625991365011e-01,-2.396089642911960749e-01
2.272586576722272211e-01,9.389306153399772370e-01
-3.535207361155423000e-01,-1.544055087892054479e-01
-1.909171652950774067e-01,2.561276244784422840e-01
9.034508007419408959e-02,-2.680078950891829348e-01
-1.198850420190762933e-01,2.084790895927315091e-01
-2.132886835837637385e-01,-7.221834053053091673e-02
-5.170794965482297667e-03,1.013111203416758643e+00
-2.597311893175140163e-02,1.032438613520064941e+00
-2.669698274937862825e-01,-1.717332855585023133e-01
1.035108008799422025e-01,6.668154232317169416e-01
-4.426092810260863764e-01,8.050018545257587865e-01
1.294675306889293831e-01,1.090515865066011392e+00
-1.768367774069799225e-01,-1.666083919540064517e-01
-3.707564944521283268e-01,6.051837775256114771e-01
1.034057956107565096e-01,1.186786142448193582e+00
1.779973720911336432e-01,1.090033942392532706e+00
-2.065791018754462860e-01,1.079627108112555467e+00
-2.068114358717063894e-01,-2.252354976049134594e-01
-9.231289629975111821e-02,1.417027980094931916e+00
-1.525623670672125454e-01,1.111510791391979280e+00
-9.016570380832891751e-02,9.338898770828850671e-01
-1.768668511633845197e-01,8.520732527480981977e-01
-1.320884718222838095e-01,-3.780486241186207241e-01
-2.410363748241224624e-01,-1.286092220359656424e-01
-3.052601942409099989e-01,-1.732547290888068747e-01
3.949214882168752272e-01,6.408731544001895486e-01
2.135055581368166533e-01,1.184774743727167845e+00
1.487320738884269911e-01,1.128225106508536024e+00
-1.872420660280514348e-01,-2.930821931181691875e-01
-5.118982920810544873e-02,1.133359461388320444e+00
1.622651605625584914e-01,9.883486679249098295e-02
-1.893674082883282650e-01,1.316696764873390435e-01
-6.745360396352012566e-02,2.843442973789300776e-01
2.085460693279976747e-03,-1.847058163342025772e-01
1.235360447860073263e-01,5.703740997700159493e-02
-2.596171730883092832e-01,-1.253391041241777755e-02
-3.515646050661974664e-01,1.180709586012757883e+00
-5.447277561853356570e-02,1.302463253138407939e+00
-5.338881223836811074e-01,-1.854804925550603556e-01
5.559074167888906209e-02,1.052735488657517759e+00
2.159373409253254744e-02,9.926954970379840981e-01
-1.170228392750539831e-01,-8.420963244760801270e-02
-1.015198037926049457e-01,1.162761610720258965e+00
3.351871810405052665e-01,2.193099899089940852e-01
-2.476262675032905314e-01,3.861471843618707878e-01
2.564169461360038538e-01,1.072741557341886143e+00
-2.696005730708639359e-01,-7.719267185125755493e-02
-2.202485197973539505e-02,1.068081503625330497e-01
-5.178124093088830315e-02,8.204528195115053935e-01
-1.433223834132211702e-02,1.977231326171300652e-01
-2.785100780350914518e-02,5.114595905046639274e-02
8.746324795510188044e-02,-1.865853810210277020e-01
2.733735307005576987e-01,7.401534592129670465e-01
1.717418309013411457e-02,-1.142576832274914793e-02
-1.610171739230041033e-01,1.080812217133596542e+00
5.089516037379041014e-02,2.837990821404959285e-01
1.892043955699730939e-01,8.779695035332336639e-01
3.496597797141821617e-01,6.986688487775644107e-02
-9.717411672016852339e-03,7.332056447903573249e-01
-5.364944503122575092e-01,1.290505631900850991e+00
-1.440607996438479921e-01,-2.097058630370420840e-01
-5.037301006457578501e-01,3.577263886060043085e-01
1.239227330496929097e-01,1.221013002660487068e+00
3.723450022103352852e-01,-2.611744762293315980e-01
-4.660692516104453231e-01,8.817008439187867808e-01
-1.688116509178872460e-01,9.166651163138322955e-01
6.348337872440060203e-02,1.278071724442718438e+00
-1.799251767658673340e-01,6.826650205649376080e-01
1.296638597661666781e-01,1.093828360521309273e+00
-9.563175589192635107e-02,7.297531625198715177e-02
2.249269599143244591e-01,8.754269798104703515e-01
2.259709729360873387e-01,-1.386389707728574987e-03
1.305984809201966024e-01,1.178697212097862490e+00
-1.859580809654336198e-01,1.170576429376406040e-02
-1.140975762593266912e-01,1.500316383787973495e-01
-8.574413637338480776e-02,8.978825849315738017e-01
2.198085130896749451e-01,1.202772532992655574e-01
4.242509092371220536e-01,5.178166363602779501e-03
-2.551818641686556810e-01,1.066786553193929787e+00
-4.540649703367500845e-01,1.100218900653106679e+00
4.604792928968678978e-02,1.068613392924118388e+00
1.719049782964528206e-02,-1.196550968301331869e-01
-1.853641640665017187e-02,9.603228471534034361e-01
-2.147687003218266000e-01,-5.600781390338049892e-01
7.129237326247468698e-02,-1.488904515170185183e-01
1.831695255421141588e-01,2.768881246907686222e-01
1.866885941857664433e-01,-5.602889342011134477e-02
2.133038363936842485e-01,1.022322278538738027e+00
-1.671961397767055268e-01,1.104844771964859085e+00
2.076162340057025046e-01,9.108208213005087872e-01
2.506669925599737669e-01,1.093906150269340793e+00
-2.155851928755663782e-01,-3.240353088693911365e-01
5.757112447247118153e-02,-7.959867784909262223e-02
2.960918405670704898e-02,9.774157871340114490e-01
-1.011453815118215638e-01,-1.389015372855636754e-01
3.035485264119590007e-02,2.105838831483336782e-01
3.172078471653028836e-02,1.314998743909230994e+00
-2.655878062540248385e-01,9.743500850679536196e-01
-2.207133644541171835e-01,1.238629784416398705e+00
-5.391625235484744788e-02,1.401096672692272671e+00
2.076548043025216728e-01,2.095507068163445230e-01
-1.449781847772688426e-01,4.815586455751320605e-01
2.395444603848280174e-01,1.639203971228388346e+00
8.492272996995291201e-02,8.870172339170447895e-01
1.180558129487046214e-02,-3.360353313970172728e-02
2.705150876610925570e-01,-2.828895629568837777e-01
3.571704136362791743e-02,1.120484704325782177e+00
3.954161072447319181e-01,-2.137829807529520731e-01
-5.603132796002111560e-01,2.226607672856269482e-01
-1.258494905822253040e-01,2.171474893032078191e-01
-2.015962851131007927e-01,9.558464990993077726e-02
3.046141284645227931e-01,1.036281244076970032e-01
2.302361759797157681e-01,1.206953471946643264e+00
-1.403904495361572580e-01,-2.900291190237843097e-01
-2.504283535043984599e-01,1.203332840581771146e+00
-1.056599264782858566e-01,-5.438618477416913566e-02
-8.067986280650949610e-03,1.489847707116920272e+00
2.437154261132166710e-01,9.406181628960593732e-01
4.819577617677734543e-02,1.038974878047365658e-01
-2.144187168507286079e-01,1.107738927963298536e+00
2.047405274533564412e-01,1.231908191053767559e-01
8.891891102501592314e-02,-1.473388354561706026e-01
-1.812255735172933757e-01,6.512124144064773690e-01
-1.792179113467688989e-01,-1.373217426338414759e-01
-1.396669936169301907e-01,8.940652303623131125e-01
-2.681563747649624158e-02,-3.317153461807742509e-02
1.952893589130552665e-01,2.319810884490477176e-01
-1.421886826714034990e-01,8.885998531414316393e-01
-1.395939064399909779e-01,-2.639291727371247953e-01
4.199226666249884603e-03,-2.197364582947893552e-01
1.145338387277792941e-01,9.964575524869604406e-01
-6.308545651084643269e-02,1.024744089426943505e+00
-9.112668161211170959e-02,7.244070645671103481e-01
8.079240922669184144e-02,1.002029188827150641e+00
1.250215845463989173e-01,-1.941998807527282045e-01
-2.361006543511971201e-01,1.208873597077896767e+00
-1.601776168180982229e-02,7.413262337649498823e-01
-5.188861370340571572e-02,-1.285914247159007651e-01
2.766219929870660788e-01,7.850161689385983799e-01
-1.194464474564312650e-01,-8.254719122744486048e-02
5.083825833061883515e-02,-3.058485820398647581e-01
-8.370716339350853241e-02,1.068002439377152779e+00
8.279073346913988496e-02,1.140112954945368573e+00
-7.350838591851768800e-02,9.705506069795077906e-01
-1.106278687470184652e-01,-1.605079637952228355e-01
-1.689229727264751901e-01,1.047379941906216194e+00
-6.381831932100441584e-02,3.426099544118695883e-01
-1.951042770315060959e-01,2.045823211245726692e-01
-7.672105044730730128e-02,8.328683421128860731e-01
-2.262360951391601815e-01,4.866720143507722307e-01
1.277743786722180253e-01,9.376322221089246067e-01
-1.359597729022699875e-01,1.397932876781755374e+00
1.725224008615674001e-02,-7.140872550847361666e-02
-1.623138471732690213e-01,-3.286918517018663777e-01
9.341828678717339907e-02,1.054518855188047555e+00
4.022550681611461454e-01,2.781107388678649706e-01
1.428133418802092769e-01,1.152506298983832611e+00
5.413893006026562413e-03,7.895360653251248806e-01
-2.472076165250825242e-01,1.142963419487007526e+00
2.859578173951405344e-01,1.136673090850596202e+00
1.125189684213819957e-01,7.814516662948670436e-03
1.271075771268943833e-01,-1.194151849402330517e-01
2.761708693659786773e-01,1.026915810926425809e+00
-3.976054067236742262e-01,-7.550650856999567562e-02
-5.169412905172837691e-01,1.048375622255756229e-01
2.062428571414616774e-01,-3.446726160353272839e-01
1.588723782214901126e-01,7.144463006988154286e-01
-6.375579262133874991e-02,4.047923350207341571e-03
-2.789608249569880960e-01,1.009593671068713672e+00
2.389373289168325309e-01,2.354806294304723560e-02
-2.678554004871062655e-01,5.203096644064197961e-04
2.745193224331168302e-01,9.453384114561064200e-01
-8.373661838388828105e-02,3.447120931195669646e-01
-6.958954454183124971e-02,1.050416134118345779e+00
7.570749065282435242e-02,1.184581847907017815e+00
-3.620172385691922817e-02,1.190881747238843102e+00
1.302842930924185127e-01,-3.995019505946361127e-01
-8.648653178125217944e-02,1.058943465628780167e+00
5.187118622997298478e-02,8.135108895720697397e-01
1.103041366766675802e-01,2.299710364705083721e-01
1.765657503648671856e-01,-1.298213100787933005e-01
3.766328032803403780e-01,1.068028656706854873e+00
4.908319166968212743e-02,2.410332833442912770e-01
-3.372677111700490560e-01,-9.668729797734814876e-03
5.423626295668046438e-02,5.711320154041442665e-01
-6.442165585959197527e-02,-2.427678287430598270e-01
-9.482920792826318723e-02,1.865078670867069133e-01
9.620498165878539620e-02,6.758644150499666658e-02
-2.638654418481224950e-01,8.786664056332341155e-02
-3.293347222006195313e-02,7.714030328408949533e-01
1.976355863205394026e-01,1.027670885473896956e+00
5.124692998492345192e-02,8.949033680365390264e-01
-4.193187541081753733e-01,1.872176084340185509e-01
2.194980896724747776e-02,1.044848617466039631e+00
2.633176902975250533e-01,1.076979034778146493e+00
3.148783955051224770e-01,2.015316419302763326e-02
5.588435734011334283e-02,1.125542206787855104e+00
3.555652127879299629e-01,-8.971863189804900329e-02
1.000816262133662760e-01,-6.335556958648254355e-02
2.578397096400898009e-02,-9.950775340019682447e-02
1.700256299711555563e-02,9.090283189993506596e-01
-4.207820638168301985e-01,-2.079710562927966910e-01
5.610834269225509208e-02,-8.886979281938343911e-02
-7.116092441331213492e-02,1.150921288091327765e-01
5.537159571757078319e-02,-8.257530716830459305e-02
-9.630040494684377964e-03,1.321629132667500706e+00
9.220411175312610841e-02,-3.204257055801733589e-01
-2.186988962813724707e-02,8.962629134546998277e-02
-5.584837813589210720e-01,-2.911531901548231605e-01
3.838055276503905128e-02,1.211041059026031763e-01
3.641830489136094196e-01,1.160182737229282113e+00
3.577104645733104604e-01,-1.655539185738368335e-01
-2.845599342984202473e-01,1.352599888429202313e+00
-1.828274914934279738e-01,1.071621050434779621e+00
-1.443654580653162545e-01,2.891788624788929618e-01
-4.642580673041396544e-02,-4.917104212898588678e-01
-1.615594909942214830e-01,7.315626626491578133e-01
-9.156535828824215184e-02,8.455156950703421881e-01
9.381808618033522784e-02,9.953963863685634239e-01
-4.139016655875429329e-01,-1.552426517573654574e-01
5.591465922373817232e-02,-3.154881081768121653e-01
3.295528517398964991e-02,7.035718273443489768e-01
3.508646587596672695e-01,1.300097784997755523e+00
-5.038669669631270359e-02,1.016152367351399244e+00
1.434143080749459842e-01,1.221066372736149042e+00
9.306628973848769804e-02,9.815668370226680040e-01
1.984213325182898058e-01,-5.616034543923569267e-01
3.680908684736389769e-01,1.369487514840438958e-01
4.287266895460937338e-02,1.461422289135356767e+00
1.680451550692314278e-01,2.802860585227490708e-01
2.787849964145408532e-01,2.820942205732011598e-01
-5.000499349064477933e-02,-2.241381277865642230e-01
-2.782473914332819070e-02,-9.763579311080534950e-02
2.407741348110587487e-01,8.552796468482819492e-01
-3.596015819308120420e-01,1.159442979863113843e+00
-3.075013865101405286e-01,1.240897450365341208e-02
1.020944649619792560e-01,8.644084927176440836e-01
-2.099608532218553425e-01,-1.220813948204851757e-01
-7.490268629766110020e-02,-3.349942301604497130e-01
-1.370536655590560982e-01,1.327523117448646262e-01
-2.477868975703498011e-01,4.626184398112435231e-02
-3.745003094999408977e-01,1.197497205205567461e+00
-4.936179184015897503e-01,1.166278394238799421e-01
2.747250966243542369e-01,1.216700405726792278e+00
-5.329203953890143675e-02,7.606779701625471235e-01
1.987200558046117449e-01,7.243033471642705834e-01
-5.168246856047097743e-02,1.218985530471360379e+00
-9.839323364915614212e-02,8.419958086372649753e-01
-2.173480114189090817e-01,5.730304891279065782e-02
-1.257346009461229042e-01,7.256179055825935365e-01
-2.102853760988281917e-01,4.856608620344242122e-01
2.645169322316287541e-01,-5.071855413794298384e-01
3.790469674704638470e-01,1.256374298887310115e+00
7.999088416635435905e-03,5.137479710920470621e-01
1.520906850798616795e-02,7.309048279414986915e-01
-2.375528433957139196e-01,5.470536905861137500e-01
-2.376947249069352730e-02,7.827138567876750219e-01
-5.155125541955707380e-01,-3.444759426396564739e-01
4.243378751580205166e-01,1.043197700942659623e+00
1.608690461814582529e-02,9.192024113412818886e-01
1.321900236993366895e-01,1.227124195265735018e+00
-2.034222443865902619e-01,1.904247496294127762e-01
1.062305524779733924e-02,1.064557778480815342e+00
-1.209172321697490754e-01,1.507465156830090525e+00
1.488348010327730786e-01,1.058255832384074280e+00
-1.631186864523039570e-01,1.772954507398713242e-01
8.788686256769578237e-03,1.130883255779782326e+00
1.803819623725145260e-01,9.852761518568312615e-01
6.819605688675677013e-02,1.105472284572188268e+00
5.393483208680534269e-02,4.085575277674202699e-01
2.023024370403475689e-03,8.080108599847273254e-01
-2.372891873499814175e-01,1.029431990185666557e+00
1.075033952349510880e-01,1.284477005606381450e+00
1.507978988292239808e-01,1.030335079248696772e-01
-1.720028427524629422e-01,1.012043274195074449e+00
8.598996313224435348e-03,1.099279661832480492e+00
1.056233563341918008e-01,6.615620836307046781e-01
-6.689350154667139670e-02,3.234482761884897167e-02
2.547484058499496773e-01,-1.845848091415459163e-02
-9.143382838385348543e-02,2.457525790553772016e-01
-2.874232550824466770e-02,8.704702293606578767e-01
-8.424014655949454977e-02,1.428767740637842287e+00
-1.317425958539229502e-01,1.024448290738200623e-01
-1.425201089356683548e-01,8.627761689332944517e-01
-4.095876512860445462e-02,3.580347892768920848e-01
-6.201071563201376868e-02,2.460204653414570231e-01
5.158261655155809561e-02,-1.135335882924830425e-01
-5.734023120245221317e-02,8.089363147226422690e-01
-1.450715079958545539e-01,-2.453935193123113201e-01
-1.634561230966208312e-02,1.022790938658336479e+00
1.558925313268282598e-01,1.637521752401829012e-01
-1.655453262043193041e-01,-2.024406330755851302e-01
4.342875353936994087e-01,7.102064452308682885e-01
3.592451624804015586e-01,-8.030348375507181946e-02
2.534182558555482245e-01,9.527045868219610192e-01
-2.218177251018151400e-02,3.854638319161013960e-01
1.907932309789461822e-01,1.433340711135776768e+00
-2.333560836571163533e-01,3.600281416037924842e-01
8.031903322074453178e-02,1.829750433421716699e-02
5.085976743104844155e-01,7.579614081238293666e-02
2.649748718494826516e-01,2.946906905556201384e-01
1.782589270952003035e-01,1.241036856044863024e+00
-1.643754563875321206e-01,5.620122644628837427e-02
-1.230308152227881924e-01,-1.190950775432119829e-01
-7.450273737654246331e-02,1.452990566695947949e+00
1.082183386651621032e-01,1.153651546450866983e+00
2.038822987019249522e-01,1.531963231734551512e+00
-1.114550050854146157e-01,9.712557138857942363e-01
-1.446819854028643659e-01,1.239217913536778681e+00
3.913144238258111085e-01,1.145629770982909523e+00
-7.477127956279118470e-02,1.539422367120570234e+00
2.281493338807731863e-01,2.502320180225259608e-02
-2.073070380185323691e-01,1.147512954001666197e+00
1.671251563614548769e-02,8.633285175230571706e-01
2.453944642567133239e-01,-1.851525804074212189e-01
-1.028641159634693519e-01,-1.160239375698379066e-01
-2.509036435294873576e-03,-1.560469127511122100e-01
-2.067956218722014350e-01,1.263991447232542420e+00
-2.349871198653589455e-01,1.036724896061475665e+00
1.911529269496795858e-01,-1.761552204618153095e-01
1.608860825924597615e-01,1.002552307716230606e+00
1.455075377612444487e-01,1.102080439919331134e+00
-3.408951726494174883e-02,-8.028515882063461118e-02
-2.609548536062741286e-01,9.705551666306228009e-01
-2.723874901807842308e-01,1.577958153162717370e-02
2.391446975255509810e-01,1.111117902592319462e+00
3.919891421355361505e-01,1.163650577265887387e+00
-1.449922809852775829e-01,-1.014663419569551139e-01
-3.537882105840928909e-02,1.278386652168838955e+00
-1.051096173387236349e-01,9.687824088575189840e-01
8.650027593476992960e-02,1.270029586101027785e+00
-6.078154599972850070e-02,6.747399253754812198e-01
-1.736992720500675491e-01,9.523055554914002796e-01
2.264939787264619031e-01,1.213492771735420916e+00
-1.473148556542555887e-01,9.605527081182634319e-01
4.591177189495282418e-01,2.991324957791761108e-01
-2.308282648687934660e-02,8.821820439992900109e-01
-2.646570330324980042e-02,-1.303383664832975242e-01
-4.160247008970505145e-02,8.881379449994388775e-01
3.190115964407855102e-03,1.088851699684443508e+00
-3.003657677961035777e-01,1.223526443767499083e+00
-9.163976689455372027e-02,3.038391113628850088e-02
-1.211786736702851613e-01,-3.509676918815320956e-01
-4.052503681137166192e-01,2.568566261431944331e-01
4.646626666326636457e-01,6.205076839625794927e-01
1.559373985768642001e-01,1.175438755975399818e+00
-1.409446037367061977e-01,1.445449444907171532e+00
1.563152756914128749e-01,-3.049453827589173049e-01
3.804344060139825401e-01,-2.686067547423321433e-01
1.248198719195361128e-01,1.061745361623586348e+00
1.123854295994980990e-01,-2.282490603054096734e-01
-2.358153448803771701e-01,-4.719004841054442734e-01
1.773759380661894813e-01,7.891303468144043876e-02
-6.215443387127379815e-02,2.794257820811906212e-01
-1.855186783819545160e-01,9.162019153575331476e-01
1.323382947156409306e-01,8.860027844183231416e-01
-2.943009656665656615e-01,9.940368893308234588e-01
3.245693938515523680e-01,1.114742143058953472e+00
-6.557698793988328556e-02,8.347952811837020537e-01
2.279688444040876838e-01,-1.498553695852506140e-01
-5.021786584051610713e-01,2.298027688359917109e-01
7.889715414643856672e-02,1.437828316974548271e+00
-5.533071790599027040e-02,8.061285434131825189e-01
2.581052750363192066e-02,2.518190091522597984e-01
-1.854469502231103836e-02,6.525199771473855215e-01
-2.798533776748914903e-01,1.020873315609154286e+00
1.973986184944611366e-01,1.222181647894261758e+00
-1.704503445893292349e-02,-1.945808742286622428e-01
1.547982721666374128e-01,2.299095800151578772e-01
-1.994248785377283339e-01,-2.246827053659546380e-01
-3.430678682917371880e-01,1.085385508795763343e+00
3.086386714943334941e-01,1.320268182174384020e+00
-6.223146845695362583e-02,1.378767204195446017e-01
1.006074549402587170e-01,1.646425951904450624e+00
-1.320326677229902712e-01,1.015043318499221137e+00
-2.936239711732515495e-02,1.347562529059561087e-01
1.706275677344239183e-01,1.118350294557854729e+00
2.274933049642918759e-01,1.037876978070486622e+00
-1.372538075439202754e-01,9.077475014665813413e-01
-6.563691500001661572e-02,-1.360410754584802095e-01
7.843161876213504413e-02,-2.021991164524985785e-01
-2.049872200298610142e-02,-2.449028074768540564e-01
-1.253143480576464075e-01,-4.618018679764430284e-02
1.381884935093297406e-01,-2.181262486504527143e-01
-3.446460614124999822e-01,3.231877933199182595e-01
4.211837131582291116e-01,1.066139198108049246e+00
2.611893782144346643e-01,7.857523002012929414e-01
2.371627164925625142e-01,-2.287047268339080230e-01
2.030657306266602513e-01,9.525404388932676714e-01
-2.929296973066550236e-01,4.418806824539300848e-02
1.316737271587753721e-01,8.332572732805556548e-01
4.551330596796436812e-01,1.134281525992432149e+00
5.519400491722504382e-02,1.206892507163182415e+00
-2.231221294500062291e-01,-8.785818386087375365e-02
-4.352721001757212660e-01,2.963825197477050477e-02
1.559885047992000118e-01,8.762750579870063339e-01
2.307227644039213377e-01,1.741264711364433060e-01
-1.465119987408596836e-01,2.078237044976545544e-01
-2.564366068530871123e-01,-1.832344361898144702e-01
2.440320820384258571e-01,-1.641134126383710090e-01
3.359523390441537805e-02,1.183599794637973490e+00
-1.441568492580875549e-01,-1.712255560251259856e-01
-6.452134881135547229e-01,6.888858302731091232e-01
-1.200425889365934196e-01,8.968947166086528311e-01
4.953618435574870527e-02,-2.270124537756741390e-01
7.319656883754735444e-02,3.003199529966781023e-02
9.153560096445481631e-03,-2.664987830070574340e-02
1.013915012795622989e-01,3.072008367429843179e-01
6.863539257747547362e-02,1.152510208852918216e+00
5.128025570727209881e-02,1.227617733260986999e+00
1.036396939039532783e-01,-3.118729733733189291e-01
-6.467620748364810712e-02,1.190230992560830536e+00
-1.219622114312967770e-01,2.704935446137299304e-01
2.612572767498105297e-01,1.767903668021989505e-01
-3.901569414246061074e-01,1.070897254087809003e+00
-1.187588254349023452e-02,9.772772901423913972e-01
-2.078978289166490412e-01,8.028539551267254160e-01
2.221827438216641692e-01,-1.276705061180145317e-01
2.614034693649316607e-02,8.433386744405253488e-01
5.866636578454535039e-02,9.878252112968197718e-01
-1.257214236202262581e-01,3.179225033875320294e-01
2.469267815709199065e-01,8.790395160933359153e-02
8.412008677176610605e-02,8.674231755763450735e-01
-1.607192985841469079e-01,1.003996753479596604e+00
-1.890059320006559629e-01,9.561056529676361659e-01
-4.016353884928948736e-01,8.966362438894299736e-01
1.363287447560100896e-01,1.762368691700952894e-01
-1.075381693121812005e-01,7.482364135157251184e-01
4.030939834993949034e-01,-1.798843103562602075e-01
1.324218337114783928e-01,1.308373647791118977e+00
-3.450407712104774927e-02,6.999746665231217080e-02
-3.730644889543843074e-02,6.261450978255923838e-02
-5.569318162780191594e-02,7.046285879931802887e-01
-4.203922343027222674e-01,1.133561649031855634e+00
1.656994169129300809e-01,9.822903304866524854e-01
-8.865568603720731800e-02,1.045061517650079930e+00
-8.643762427810096349e-02,1.132393142809666076e+00
2.322769717559677871e-01,-7.202142357163145991e-01
-9.724279062284686692e-02,5.858166162159599011e-02
2.008417187991604069e-01,2.932115842495078284e-01
1.390965194006358596e-01,9.189383519996476846e-01
4.266427288449166355e-02,9.455997661313013669e-01
-4.043561787038639499e-02,1.015776132340410420e+00
-2.042648894782680413e-01,-2.359578902532683820e-01
5.733136974535509717e-02,-2.747821768892134697e-01
-5.165250350758379128e-01,9.017975793470076606e-01
2.182060260176163155e-02,-1.044620087898815580e-01
-1.741274129939232029e-01,9.999396723870969395e-02
-8.111684130726173891e-02,-2.109025921445419893e-01
4.070946606101497056e-01,2.853012119033444122e-02
-2.002876432644458971e-01,-1.712775531654833205e-01
1.688997081288616253e-01,-1.766710974651926336e-02
2.999672775734545938e-01,1.312169177961149957e+00
-1.090845748170775481e-01,1.185647933552245403e+00
-2.802517103083151384e-01,-1.418453657164783777e-01
-9.206645793590494814e-03,8.375328283006117092e-01
1.263103125938447313e-01,-4.460358366006916819e-02
3.365000808323854314e-02,9.653318426803965124e-01
1.294112784998610877e-01,1.095702448081602665e+00
1.464322747250564882e-01,1.054796739441848930e+00
3.153332375662900589e-01,1.688395608115572100e-01
-2.045498753078076604e-01,4.394909177722243765e-01
3.916139445835833954e-01,9.397871205535714978e-01
-4.012739614280340095e-01,1.301004739329620907e+00
2.041655995435787685e-01,4.840907315352341311e-02
3.045814657252255905e-02,1.069504749250081543e+00
-2.533855564101827884e-01,5.944343274607086780e-01
1.262192941007238833e-01,9.825278631619445147e-01
-1.917323634483012185e-01,9.247062271291931479e-01
9.948160281851501502e-03,1.554028390710716356e-01
-8.031628184280222016e-02,1.009474554421323500e+00
1.975051959221088560e-01,1.900768277130945871e-02
1.971360032412571850e-01,-3.273305846451188966e-02
1.795942350117867292e-01,-3.172772201454578944e-01
1.749566111374207047e-02,7.923749473160326406e-01
1.176049050859767769e-01,8.867084175361823473e-01
-4.864396146763269591e-01,-1.439680635390240826e-01
-4.601519248900686754e-01,1.557979300579779014e-01
6.699174922152094369e-02,-7.752765691767275757e-02
-7.983643660948945564e-02,6.548105035604646906e-02
7.038919640364109387e-02,5.827524345297250274e-01
2.730967584260132197e-01,9.775274311817291339e-01
3.641782044124378115e-01,8.328197307434326291e-01
-4.555031305180462509e-02,-2.253561121900322095e-01
1.383927562432658021e-01,7.354782595283150259e-01
-5.971889129514972028e-02,8.843649307521633807e-01
-1.646750222535257324e-01,9.285263638950229659e-01
1.752622105011905351e-01,1.046670119480792582e+00
1.052267665795720564e-01,-1.951901506840756917e-01
-1.617164397597516817e-02,-3.205488094500122398e-01
5.517376328795969842e-02,1.278429032340293148e+00
2.011308476286373034e-02,7.300334290124217418e-01
2.260589244007592258e-01,9.428654708537724805e-01
6.118552733387120322e-03,1.302368553721647393e+00
8.117944741625429672e-02,1.481363665339869851e-01
2.984648166986793583e-01,-7.110746388898274428e-02
-1.853193006810668897e-02,1.140528011205282910e+00
1.111294401959547328e-03,1.297430401958452162e+00
1.119383235740618737e-01,1.081916775725070057e+00
-1.571657039435010450e-01,1.427237397698156052e+00
-1.364482353270455584e-01,8.749788412893902967e-01
-1.389777370735748585e-01,1.104891702880481885e+00
-1.037760137005298844e-01,-7.364524156446211611e-02
1.328466292375239666e-01,5.999808089989659976e-01
-2.153705572827806225e-02,1.032549989151758663e+00
-4.104364818520966907e-01,3.104163468705631312e-01
-5.571427179176517003e-02,1.376395790876107972e+00
6.669697430166204866e-01,7.343854765298207798e-01
1.571803081787417344e-01,-3.117738985878633073e-01
-5.613603844628171219e-02,-4.426066944009507398e-02
-2.670852683989559107e-01,1.061415924532773669e+00
3.834949580773362454e-01,2.538939462420622406e-01
-2.145303601692951090e-01,8.911553190178012063e-02
2.854913520927277459e-01,-2.219672537050424443e-01
1.084071662420084542e-01,-4.133359165908059851e-01
1.834903277498748930e-01,1.788698654942661170e-01
1.237156795544804289e-01,2.539544163327073570e-02
-3.144565773005438825e-01,1.125765105750982320e+00
6.189613160325731223e-02,8.713635428834072272e-01
1.063121461916851501e-01,3.445192669150993203e-01
-2.094824927740226161e-01,1.031394821741381307e+00
-4.694861479663705039e-01,1.234436100856691976e+00
2.201386320232615740e-02,1.022609940276166363e+00
7.400973298202760675e-02,7.407446725936563947e-01
-7.120931382549691713e-02,1.107585270436284963e+00
1.503139259629742153e-01,1.230390692755012116e+00
4.626263189607730808e-02,1.058452240418132684e+00
5.018776590546890348e-02,-3.493866264889006756e-01
-1.324435308717249737e-01,6.760619428376485329e-01
1.282345510961504509e-01,-1.566172338375389217e-02
-1.040930391054588761e-01,-3.410264021805026746e-01
2.504990150418366923e-01,2.327755557030923572e-01
-6.000547529022910026e-02,1.174698683001381694e+00
1.272094484167111406e-01,-1.200318777009020121e-01
-1.607810684372530663e-01,1.498027872643401759e+00
-4.404259698862534878e-01,1.123078402100945006e+00
-5.305988604720375257e-01,1.005568823364533015e+00
-2.800129948797528204e-02,9.340419602101381891e-01
6.412826512367941767e-02,-5.009531711038202051e-01
1.063024782637182059e-02,2.596306538277453613e-01
-1.660070661180667595e-01,8.809519551834718021e-01
-2.080036435090889396e-02,1.118784528946464990e-01
-2.042607698462385601e-02,1.134736086628792773e+00
2.924883712114801915e-01,-3.283241184226859139e-03
2.792714453439039124e-01,1.665226151309522062e-01
-5.881510158071497907e-01,9.061320146840429191e-01
-4.024281046207799917e-01,8.217348409815596888e-01
3.084871214715744214e-01,1.324354202428745131e+00
-1.351549968433302107e-01,-2.974116775232000798e-01
2.347910579781774254e-01,1.365756495749725463e+00
-2.162589889101217133e-01,-1.396199567144191522e-01
3.270740744224847618e-01,1.216424363914014206e+00
-1.170361226814645300e-01,1.181274472674720633e+00
-2.133281813333725088e-02,9.383353180397782101e-01
5.168171408718300747e-02,1.037842525558333229e+00
-3.632048776214039099e-01,7.689855540359722408e-01
-3.122672579416442828e-01,5.448794960201640558e-01
4.468517651486703657e-01,1.550177094761157892e-01
4.910286957593324453e-01,9.711801089233993434e-01
-2.164216573423227152e-01,-1.041730722249803454e-01
3.263623043629365061e-01,1.095450205122447951e+00
-1.161553899329929446e-01,6.104994138960947309e-02
-8.963655659931998865e-02,1.691690903855489758e-01
2.691438678135504858e-01,2.167106931579592666e-01
-1.281235278609154093e-01,9.546876291711866580e-01
-5.421597941900687667e-01,3.519128531322710529e-01
-1.813447674106196950e-01,1.076347493459485216e-01
1.587470413031949468e-01,2.668889969950626329e-01
5.092158019988829443e-01,5.813949473402018064e-01
-5.171587824185474441e-02,2.490280555984950295e-01
3.205432309304262484e-01,-1.552203964279189885e-01
-2.499652189167320127e-01,-1.504546209046771776e-01
5.350824812350839926e-02,1.173211249125091366e-01
-1.040062852889545864e-01,-2.013342120537728319e-01
3.625811792874243933e-01,9.723402361075932088e-02
-1.182954759459666910e-01,8.603504987077082999e-01
3.867180508864212496e-01,8.767902966168815704e-01
-2.111879957840561428e-01,2.064371504148615477e-01
6.928684692168610160e-02,9.062214125344282278e-01
-1.451506007414606614e-01,2.903598992102761622e-01
1.814656443153312426e-01,4.953754398973755357e-01
6.966265138505910448e-01,1.227372581586192411e-02
1.886380946818200788e-01,8.706930220132240716e-01
3.752915111692376599e-02,-1.040556068732498701e-01
-2.115240880122988831e-01,-9.821090954213049229e-02
1.274842426422871378e-01,-1.951091281084365303e-01
3.218871198696853231e-01,-2.319123615948177342e-01
3.477178395119271959e-01,1.330962901909816587e+00
-1.463728783309577175e-01,-1.165127933192266485e-01
2.751747392966183980e-01,2.997978545909790182e-01
-4.135932320714875814e-03,7.666465274118052786e-01
2.336022843572900000e-03,1.196510523066093956e+00
2.856497159340538050e-01,4.397154547599267937e-01
9.372508996401242298e-02,1.230956286831062396e+00
5.518168368086279196e-02,1.114884416217896579e+00
3.018253954654214755e-01,6.818102789154324717e-02
-1.844310570118324055e-01,1.665300549120490636e+00
9.661332116126356007e-02,9.130894688480746535e-02
-1.070426475857829546e-02,2.965866765255446152e-02
7.831230671491333506e-02,5.742531052557384857e-02
-2.091528023032880323e-01,1.148511337443081537e+00
3.809651820408518907e-01,1.448450849204764301e-01
7.360064262919389921e-02,1.255247214995822702e+00
-8.659156678006391800e-03,2.166505784748438412e-01
-7.233918129838520783e-02,6.620888564821059141e-01
1.631627417208572073e-01,6.990180870816835590e-01
7.370536967389690330e-02,-2.396142674707998910e-01
6.744390973629507680e-02,8.614104976522151125e-01
4.639129062174727758e-01,8.593223601188031413e-01
1.703262632326687717e-02,-1.263657505651898105e-01
4.825386613887656662e-01,6.499104175442589337e-01
4.072252349892515298e-03,-1.090354324492379123e-01
-1.373219506001270296e-01,-4.609836817532331210e-02
6.368609146777226560e-02,7.010361610615079009e-01
-7.864164879061714963e-02,1.086875661117796099e+00
-7.437522609941774054e-02,1.249656762330804582e+00
-3.014312238845720179e-02,2.546361394686215765e-02
-6.797049307331110013e-02,-2.986964291759049150e-02
2.575916412805061562e-01,1.101520318954171573e+00
1.354388962516643764e-02,2.963982552993578157e-01
-2.882755683734024577e-01,1.030067937631365504e+00
-1.198128760249915145e-02,1.406219073073426307e+00
5.152927495994091833e-01,5.652237094383271154e-01
-1.995079775075042916e-01,8.141408649835590872e-01
6.169795262585798801e-01,1.169020183856775419e-01
6.769568253900823396e-02,-4.013866287500300611e-01
-1.404994620343958112e-01,6.945540997662198734e-02
-3.408523375316541409e-03,8.066619350064696548e-01
1.969488720641076884e-01,2.194184849886350874e-01
1.118017424137619925e-01,4.548123670256585399e-02
-1.966396852644031468e-01,1.142813110213127370e+00
-7.093172271618795877e-02,1.241934613516405106e+00
4.255065478292014425e-01,8.132521156475396307e-01
2.762861144599347285e-01,1.281048620147187123e+00
-4.020100308471485362e-01,1.182610801666908795e+00
-8.115115013128935441e-04,-1.736711383663134267e-01
-2.067590394336364379e-01,-5.376182626348220694e-02
-3.451634606217911516e-01,1.712933044837413876e-01
-1.007425099319590733e-01,9.974741522463370647e-01
-3.731910249887356729e-02,-1.125733279060276912e-02
1.411613711371162150e-01,1.140720795689064149e-01
-2.321312845845326656e-01,7.377007957327755827e-01
7.409190828867835872e-03,1.110350734011212426e+00
-4.686391450217228249e-01,9.085630512210515208e-01
3.810372839128928213e-01,7.626834072231056805e-01
-3.709307854239506930e-01,1.071113589970962954e+00
3.418323313999526714e-01,5.181003528531639146e-01
-2.924880043609679459e-01,9.756631019081957179e-02
-2.524401885799739120e-01,1.461379007030640054e+00
-2.618799983348554239e-01,9.058203994704305817e-01
2.661444410606919053e-01,-7.257527073629831127e-02
1.047327681899051233e-01,-2.131581693507540176e-01
4.799578236771916140e-02,-6.248700132217853247e-03
4.765534203791346041e-02,9.795778808413068139e-01
3.268232370875103210e-01,7.368382763167286020e-01
6.992405017018658853e-02,8.880139111710624311e-01
3.272335399812383028e-02,7.954922684155323331e-01
-9.739025170311538249e-02,1.151383096216572088e+00
1.380068237357627570e-01,9.314994473157697241e-01
-2.493875770645088974e-01,-4.956038254907809554e-03
3.210868576428501653e-01,-6.746270916072502621e-02
4.478428221335936099e-01,-3.935179090806093655e-02
-5.810298630662329156e-02,8.889644423147325947e-01
4.348177025273226581e-01,-3.447051455417113885e-01
2.308654467059367277e-01,1.127086105557785656e+00
-2.908243747143133065e-02,7.181228204523255609e-01
2.522897275183550447e-01,9.218698272553831341e-01
1.312823479499279078e-01,9.270598959165482489e-01
4.328677655910385946e-02,3.534886390979863346e-01
1.186294708801083342e-01,2.843206541954057531e-01
1.131858507741183156e-01,7.217217646160304367e-01
6.069892920194549374e-02,7.463080100395038663e-01
2.152379717502471701e-01,8.982229020079508519e-01
-1.127612643492950095e-01,-7.972653349788330623e-02
-4.927942482278414582e-01,8.482728997850377262e-01
-4.389250465201213758e-01,1.312183979895725994e+00
2.454916870195079648e-01,9.599347575072638694e-01
2.012220750681461556e-01,-1.583932887488336549e-01
2.152115892249172602e-01,8.505819701451399206e-01
-2.021078250496345097e-01,-1.576799415717945740e-02
1.741969995365649504e-01,-8.246815979760802051e-02
-1.949336855315254580e-01,9.612508738418920062e-01
-1.233616712628093082e-01,-6.323400713800048090e-02
-5.693877673225013897e-03,1.046761444758131043e+00
2.283089992011846370e-01,9.286237380883839432e-01
-1.834345032096734995e-01,-1.903412244399821651e-01
-3.422645667287982363e-01,1.134652600578226256e+00
-7.896449317730715178e-02,5.935247053178884791e-01
1.670130321350386804e-01,1.112023560972166702e+00
-3.372307939809144339e-01,-4.129267414330199948e-01
-3.028128462806863319e-01,5.878050450824845452e-01
-4.637881185140642626e-01,6.154694485873803966e-01
2.894561058421267208e-01,1.363001439881445620e+00
-2.333003119624429966e-01,-1.022641803319970372e-01
1.227955163707195908e-02,9.269979769377977297e-01
1.550271553293117999e-01,-6.515949017116297315e-02
-3.072111177286752648e-01,9.321580251810616946e-02
-2.732942005350210146e-01,1.083558226487335352e+00
2.476084448709623895e-02,1.360872174064384987e+00
1.688962335848070073e-03,9.520005139387838211e-01
-2.256212874010186109e-01,8.057508329544670334e-01
7.161143341803284657e-02,1.182462807729623533e+00
-2.427491979622537280e-02,4.398729172188738934e-01
-1.772977526166632789e-01,4.674640091553476373e-01
-4.085729117735852067e-02,2.294376581115364355e-01
-3.631687444786430574e-01,1.099940146923485296e+00
5.695228258125063503e-01,8.318703632802042502e-01
7.550917762581599302e-02,-2.615416874151408333e-01
-3.934417836377251954e-01,9.785048228937157644e-01
1.488051608385573821e-01,9.943232822971886931e-01
-2.145006380591651940e-01,1.540849979367055478e-01
-1.866182746602567943e-01,1.528455910856777985e-03
-1.981135885291128162e-01,6.109754986304705149e-01
-1.214374691111022586e-01,-2.651019538604920678e-01
-2.285981554752092651e-02,6.995005607371157508e-01
-1.223361719709327999e-01,4.931575357073061383e-01
-2.756533290955122673e-01,8.935250820160856033e-01
5.054810049033322539e-01,8.659732541119827820e-01
-1.238639864274753560e-01,1.091269622138792084e+00
5.410156319862032687e-02,3.445874654378949797e-02
4.101693163310746182e-02,1.491908718394789890e+00
2.762962603935947281e-01,2.581696506343342246e-01
1.108032784675451604e-01,1.002177211414545077e+00
1.626805364429528278e-01,-2.271578374918344911e-01
2.160950325829543439e-01,-2.559080035023527100e-01
-2.073047595476387173e-01,2.849446768465710433e-01
1.476876391806134989e-02,8.989465100153375410e-01
1.837948901379798383e-01,1.219568177300068390e+00
-1.939391677167430772e-01,7.098580129154377083e-01
5.812415836060547125e-02,3.236834763250457936e-01
8.343596636765704400e-03,3.795231970124137710e-01
-2.225036896557944510e-01,8.997858423342000034e-01
7.787217030088211533e-02,-2.867955030417051465e-01
1.610111397951882184e-01,1.958273131949808954e-01
-7.188866609542834962e-02,8.509689961927673352e-01
1.378727737218904126e-01,-2.790286940229734225e-01
3.775908385209920948e-02,2.965266368917441331e-01
2.617015442723567564e-01,1.350486237850292870e+00
-2.324478427235652234e-01,7.602353407209805347e-01
-2.357019460740944483e-02,-2.132913826436360072e-01
-2.690142037674103301e-02,2.586370374488458634e-01
5.785030123956395876e-02,2.394526264953900363e-01
-2.346005858836462121e-01,1.398044034571910732e+00
2.336342589521423763e-01,3.864808990903618180e-01
-3.109573417819153779e-02,6.342647443272650398e-02
9.302554008532086527e-02,-2.874760672074224907e-02
-1.443210168398690041e-01,1.159842319251697562e+00
-1.617847537884945508e-01,4.079701508897639606e-01
1.639199302000743652e-01,-2.825392633699866374e-03
1.554149606287658913e-01,-5.269721337075565504e-02
-4.730163961941289547e-02,7.632049086198977594e-01
3.093172004075093184e-01,1.069388196427528026e+00
-2.276878813809251612e-01,-1.345996088053622031e-01
-2.447435175936218607e-02,6.731922565966012018e-01
-1.736761585096421867e-02,-1.427431722378076639e-01
1.369236039162628482e-01,2.164672648637522290e-01
-3.008898332568636924e-01,1.012971882359236853e+00
-2.842202054702234748e-01,-4.108110567924833090e-01
4.039130599579524583e-01,1.252236683335675060e+00
2.598083380428885536e-01,7.879520762864730687e-02
-1.545538993885073875e-01,-7.927447077604272627e-03
-2.190670434503076691e-01,6.851815711848822099e-01
1.523313213580413219e-03,3.223078040736421235e-01
2.960924206645855206e-01,7.909507090284777497e-01
-2.880625320148387791e-01,-5.809027014010413083e-03
1.097493487640369414e-01,1.134958420661416278e+00
9.570420458115330709e-02,2.142459399660092689e-01
-2.689282139250229187e-01,-3.765566003245360838e-01
-2.569431179639622073e-02,8.681878795592563591e-01
-5.788052524513386254e-01,-3.047920525807404357e-01
1.292087954854571619e-01,5.186635576579242887e-03
5.266616453102883344e-02,9.988762459633870883e-01
-7.831901651382960905e-02,1.097383281171769198e+00
-3.645331605286082632e-02,1.452593164982904472e+00
-1.164778680963355628e-01,3.288969633685913108e-01
-2.860830240139756730e-01,-1.360038537704513772e-01
-5.753113697786486208e-02,-2.554764953995925514e-01
1.465886631197856060e-01,-1.818346928072669400e-01
-5.142257080174356121e-02,-1.139467611907798300e-01
-5.456983551648535852e-02,2.382844497377608617e-01
6.807166187345274622e-02,8.434895828211503854e-01
-4.663833357446661720e-02,-2.047744411383082760e-02
-3.179857238122793528e-01,4.711908654010829034e-01
2.093864045338460766e-01,2.808509189621712782e-02
-4.245146207140201855e-01,8.501598287501452855e-01
4.683486727877952949e-02,-9.926896086159706090e-02
-3.581590197554812560e-02,1.231351794019018564e-02
1.527178322035067648e-01,1.247591000169274933e+00
5.741498338399240314e-02,3.999600463134822884e-03
2.217768913759287364e-01,-2.054174188257932576e-01
-4.134047047622091409e-02,-2.110633628342138968e-01
-2.134933081734391169e-01,-1.727436628074438887e-02
-4.866786215510505165e-01,-3.099024820815736159e-01
-2.390665005761806461e-02,-4.703676644610009228e-01
-5.305149076056890900e-01,-8.991044689777125121e-02
9.858975787370301280e-02,7.851959378855993821e-01
2.790456535240742886e-01,-7.320991434914035645e-02
-8.299063171065165778e-02,2.507383805013966294e-01
-6.167516870013364794e-02,6.082031390929790171e-02
1.326231176801554168e-01,7.689780715169471925e-01
-1.502533058302335800e-01,-4.593786869618224356e-02
-2.392012568870715561e-01,2.980546315517101363e-01
1.142702340934234201e-01,-8.319398748449507866e-04
2.819757321265756178e-01,8.700651940305766940e-01
-2.340869054851867082e-02,-2.440942795550802569e-01
-1.088749703612514885e-01,8.517281052523719698e-01
-2.309353090613238124e-01,1.474171157783241426e-01
4.161594125756011564e-02,-5.367143723728317467e-02
-2.398684211700927160e-02,3.673154183131332462e-01
1.656074659137265689e-02,-3.298556853033269287e-01
2.221368714707051550e-01,1.966802509508219221e-01
5.713581361385594581e-01,8.540304347369622739e-01
-4.943236667897247250e-01,-1.756215375564193146e-02
1.972724653768510028e-01,-1.600991347158516390e-02
2.122068932923642515e-01,8.079197833138787033e-01
2.371663785291832499e-02,9.573315572398806150e-01
-7.481204132547654428e-02,8.073789491155380915e-01
4.516010332315172904e-01,-8.193370289121279515e-02
-2.857876064626292956e-01,5.830946725440557810e-01
4.194808093493714307e-01,1.149708773065412082e+00
-1.799795587383640483e-01,2.362967492840449893e-02
-1.459335404957641247e-01,3.176247028934705008e-01
9.779934857873741338e-02,1.283785704171533926e+00
-2.245705297175099591e-01,1.941710611087286292e-02
2.505429412763913177e-01,-1.037864457042845523e-01
-9.400531974470037466e-02,1.277618423293286121e+00
-4.009485047990292428e-02,9.960046634857835368e-01
-1.942027165168487210e-02,3.128761066301942173e-01
5.669510907179262649e-01,6.884721981037147387e-01
1.004859210077956727e-01,1.173927401223599842e+00
-2.302273968196592302e-01,8.216500586752317759e-01
1.028950568263171418e-02,1.980668044002716899e-01
-1.864564520891873536e-02,1.051543754669355790e+00
-2.351647159169538426e-02,7.304761363691206766e-01
-5.699340687889340451e-01,6.731278803997119420e-01
-2.581707888689445674e-01,7.643984420354277276e-01
2.956306082123767442e-01,7.659443590992304207e-01
4.963527003701730389e-01,1.295896461818509371e+00
1.240397875161233787e-01,1.405385986164768841e+00
-2.427947931670826343e-01,1.114679640995392962e+00
-1.594174635096508585e-01,1.070986542784948536e+00
9.049557029174569445e-02,1.239752064666911791e+00
-6.205452188617325282e-01,8.577573224699743815e-01
4.578959242378775885e-02,6.920868207105163039e-02
7.227200116194323898e-02,-2.918035086117773957e-01
-1.817078070710634874e-01,-3.796514653636497982e-01
-2.200794398384401385e-01,1.365228082218130412e+00
-5.208359204901121670e-02,-3.017946232169975151e-01
3.269623686068682256e-01,8.261017892369837412e-01
1.214695534728720827e-01,1.363195487385628679e+00
-1.978496243963335233e-01,-3.809312923348955882e-01
1.635311187649823861e-02,9.637711949376801535e-01
-2.105983211811492395e-01,7.989223799271153448e-01
-2.167220841919630103e-01,1.090845546812261535e+00
-2.294649141580849538e-01,-1.126760740580780989e-01
1.205405952005198095e-01,2.408422943658843074e-01
2.649551837191632675e-01,9.648898053677918973e-01
1.321020813697691421e-01,-5.250607789701949163e-02
-7.893769855570484384e-02,9.281410224439664569e-01
6.116710120676716045e-02,1.138448222442231428e+00
-3.143197390945404734e-01,1.471076080217491144e+00
1.041109891591879277e-01,-4.436058862313026901e-02
3.494773698808573692e-01,1.001845940316053341e+00
6.458930619297001408e-02,2.116617533131392725e-01
2.643048978393494064e-01,2.603031434462627774e-02
-2.453348984998023063e-01,3.254556311311665451e-01
3.801098045781606954e-03,1.160349233157173199e+00
-2.772636312166271155e-02,-4.274103857861409339e-01
2.142144383042993150e-01,9.492029535501941284e-01
-4.390914705890754804e-02,2.909272962029961496e-02
-1.723166374602020656e-01,3.282859652830909525e-01
-1.515243259449520485e-01,-3.175735556461782294e-01
5.139516772890105889e-01,1.094982715202299062e+00
-8.276619161471918118e-02,1.079408954000089738e+00
2.564398930861480075e-01,3.510930605487926348e-01
1.947705577268833421e-01,8.483513704197481742e-01
-2.146473588601215954e-01,1.033160575430603911e+00
-6.183539702645529657e-02,-1.238928225713657599e-01
2.304480106173643905e-01,9.471476325981659228e-02
-6.637335131102171937e-02,-2.955723273766355449e-02
-1.446445496545688825e-01,-2.467147153749435218e-01
-1.547192402931874267e-01,8.535724543239220710e-03
-1.939695443255230398e-02,8.707467233310349775e-01
-2.587110123312799659e-01,8.119455563076313775e-02
-1.220045348010245917e-01,-6.495160095460178473e-02
1.422654704598722286e-01,1.451037165288431574e-01
-7.396445879681952384e-02,-2.531214701821847823e-01
7.619947686024233779e-02,-1.163841376861608490e-01
1.042983899042277673e-01,-1.350782528374230296e-01
5.719186058990143734e-02,1.094059954744002638e+00
-4.926618137960681737e-02,1.978201764973471777e-01
-1.021982807317466276e-02,1.110456842708142711e+00
-1.771969558148628054e-01,8.040472923197762301e-01
3.916243728933353485e-01,-2.358568447740147234e-01
-1.648680076006462103e-01,8.426688453260064993e-01
2.525810805433883477e-01,-3.089897894230089412e-02
-1.299369022428900622e-01,1.177191371898913097e+00
9.513924907836797049e-03,-3.283300419258550901e-02
-1.208155129185806698e-01,1.475957758753629889e-01
1.615446614084828370e-01,-1.915039898273765695e-01
2.653382092465237929e-01,4.056759469453741218e-01
1.954105802801101022e-01,6.393501171840083597e-01
8.788994819657945656e-02,1.274292771380585609e+00
6.363397775576304372e-02,1.380138726510670599e+00
1.922088105832247401e-02,-1.579839813781516167e-01
-2.430403750345832004e-01,1.272748528661031608e+00
-1.873433875587889874e-01,1.338313555055844706e+00
-3.063278649755656335e-01,1.026527962258407367e+00
-4.449290134903659544e-01,9.068927394525516661e-01
2.701383346200798563e-01,-1.291921081872673682e-01
1.995391712739759127e-01,1.073158264527418471e+00
2.615637998584346285e-02,4.255137963302319526e-01
7.159714484418668035e-02,1.367391326117728845e+00
6.426486554018271714e-03,8.710578142466787188e-01
2.184151877920634255e-01,-3.208020744408364155e-01
-1.674319457562497282e-01,-3.332170122647228339e-01
2.805257638951420551e-01,-2.802229410736306048e-01
1.221309466600149600e-02,9.675902129822246955e-01
-1.600250067677741472e-01,8.984583310592263450e-01
-2.234625410642554488e-01,1.198888528167634471e+00
1.679490307246435943e-01,-1.198104890577939008e-01
4.157020170677134807e-01,-3.977076508316227943e-01
4.668787822013378136e-02,1.896768446415827147e-01
-2.798169236780440050e-02,6.619797061679013606e-01
3.989566755061282888e-01,9.966533936501462687e-01
1.634687924725614083e-01,-2.110028339794626784e-01
-4.698658358510885980e-01,2.683992805763267264e-01
3.502281228170053273e-01,4.977767574534706085e-01
-2.055111382375200413e-01,1.004439472089273755e+00
1.815331932543240157e-01,9.102530067004323266e-02
-4.985068888623287418e-03,1.229878564861517587e+00
8.580858782341801994e-02,-2.092479139062614069e-01
-5.069043134783022403e-02,1.642741682871201869e-01
-7.259306765288205121e-02,1.233661552420961538e+00
3.858281483408951295e-04,4.841459366603880765e-01
-1.902842696850788329e-01,1.273661352880372410e+00
-5.791196662107759435e-02,-2.967774205791311789e-03
2.146618066595330082e-02,-6.744696839476407337e-03
1.477526188893203522e-02,-3.486722323768057796e-01
-1.226167846109278703e-02,1.203473239464013966e+00
-6.120139106128290596e-01,-9.776294688239671460e-02
-1.423518129019435939e-02,3.208270562685329730e-01
2.049883800760697317e-01,-2.477283417660931797e-01
6.224642616607436313e-02,9.926838446308008379e-01
1.278430554426411569e-01,-2.450938590578037590e-01
5.376813209258308329e-02,1.700991910601952137e-02
1.730543195119564029e-04,1.166025686342905932e+00
3.616014752789247222e-01,1.029024002090424883e+00
2.521485797779374760e-01,-1.222088744965585533e-01
2.300815185639589200e-01,8.711026555366857549e-01
2.485920182741463424e-01,1.234350991016761601e+00
1.567110684243175067e-01,9.364457234523787532e-01
-2.932406164570148990e-03,1.179512031281669593e+00
-1.082182464402421315e-02,1.048862351628146783e+00
-1.814780193092503935e-01,9.996065022838847014e-01
-5.305891037586855236e-02,-4.025689868712432617e-01
-4.955685231375723393e-02,1.617722085296295631e-01
2.647035705130051930e-02,2.653112265897611954e-01
1.346627607189197495e-01,-1.062903210733197601e-01
-7.937887490351576425e-02,2.798650129889614369e-01
-4.634688178990679641e-01,-5.124362979028722620e-01
3.868559079524223898e-02,1.027311233279282421e+00
-3.613465019012215840e-01,-3.622186586598729607e-01
-3.083051377552093603e-02,-7.184295892388271876e-02
2.108274035406400015e-01,-1.662938755986769768e-01
1.213032992946539712e-01,-3.128219018037452920e-02
1.166650555594656996e-01,1.907852642695809509e-01
3.617223472999402945e-01,7.530797939122628737e-01
-5.351747132402877999e-02,7.747837000888592174e-01
-1.532008138274595346e-04,1.238111296285476115e+00
-3.401038295820569268e-01,7.522643034322399336e-01
-1.314322393013685024e-02,1.200520953313205963e+00
-3.713440911733797978e-01,1.235346469303250094e-01
-2.285007097469967940e-01,3.022253737676724450e-01
-1.610720850458623732e-01,7.934483481907432523e-02
2.541905533884901702e-01,9.969646137611569703e-01
1.492532132468675776e-01,1.496980865779437675e+00
-1.933800027213981032e-01,1.413948532787184242e-01
-1.995871527468068563e-01,2.458361236937949279e-01
1.086690425650816000e-01,3.061002063056534883e-01
-3.331524478554702684e-01,-4.618852218369643228e-03
-1.726052109642837729e-01,1.266951869028215327e+00
-1.684229150846029976e-01,-5.455266617627737569e-01
3.144170022292459565e-01,1.145568274190912561e+00
-1.209707495491192941e-01,1.060342000126914153e+00
-1.885172418421374452e-01,1.285201373252856438e+00
-1.105355877945360214e-03,1.148530364985971275e+00
-6.847503420267009311e-02,1.193771152466331031e+00
3.345682170196824234e-01,1.069439957319236578e+00
-4.925239890326880143e-01,-2.089307491567149733e-01
-2.308182374863909925e-01,7.851050614889395485e-01
3.733309767546248020e-02,-2.326876373470013540e-02
2.011631297122550704e-02,7.059986730458960302e-01
1.852847279475889619e-01,4.517989739642778169e-01
-8.024562147572340820e-02,1.173370273143386905e-01
-4.676095942070207512e-02,5.580468352711485114e-01
9.336274111557212041e-02,1.125232094453611165e+00
-3.121729431110721875e-01,2.633245525560188871e-01
-2.058082029103452115e-01,1.143393998005910239e+00
-1.923479954839962813e-01,1.199642790032080741e+00
-1.757064737926640197e-01,-1.758670485926353277e-01
3.100726033954731564e-01,-3.951792503314111027e-02
-6.536387962868363266e-02,-2.430171855210858101e-01
-1.220816318238269887e-01,-9.694203274736193365e-02
3.507333637896584144e-01,8.442706138375027924e-02
-1.891736757815675463e-01,1.149934623591726712e+00
-3.001979992198495761e-01,9.840251685586363095e-01
1.320115412296825330e-01,2.212043432975091539e-01
1.985551792085032963e-01,-2.380084166974645310e-01
9.275004137472098176e-02,1.120574822843052321e+00
-5.200609394808666242e-01,-3.737981300399008215e-03
1.115017800060876668e-01,2.270934808410511874e-01
1.169908613538137715e-01,1.104844213920004758e+00
2.329972872293250563e-01,1.199336009062166752e+00
-1.706724585562630070e-01,9.380491012885021629e-01
-3.460721471298911500e-01,2.450910264116581416e-01
-2.100286265770656691e-01,2.115359405977837448e-01
-2.904841703670195674e-01,5.253707298355931865e-01
2.188896162397718781e-01,9.494628389576926786e-01
-1.531066580833549962e-01,-6.058689489531966510e-01
1.586228769159089558e-01,1.074427396871378670e+00
-1.862928129071568517e-02,2.847817138333927703e-02
3.424780880050090626e-01,8.167779565695588717e-01
2.236507399260413975e-01,-3.218016876226804102e-01
-4.621299117507330356e-01,9.110587646958012709e-01
1.957240296390679382e-02,7.369264531624040993e-02
-6.671472613780023153e-02,1.407140926515675593e-02
-1.563705043703913222e-01,2.592679886202212125e-01
3.701084592074466596e-03,8.370475111593113082e-01
-4.356724975597519450e-02,8.861508723260959064e-01
-4.450348442403342930e-01,-5.779616041009152244e-02
1.293736374731686012e-01,7.179618610106756060e-01
-5.864143591277903855e-02,7.135869050792346124e-01
-1.890567856146699866e-01,-3.258165912726974089e-01
2.769225791330362507e-01,1.600591767019097222e-01
-3.573096300616585563e-01,1.451066829786738233e-01
-2.780409306645926781e-01,9.213680527234137108e-01
2.706516755454463352e-02,9.434765189832592380e-01
2.187598471921196608e-01,1.029281299971382291e+00
-1.810021413312958016e-01,1.232842714805545858e+00
2.319598896230233298e-01,8.113214056829378684e-01
3.867040919151860240e-02,-1.963331130576960182e-01
3.738979848686115881e-01,-9.765499683175812851e-02
-1.395154600109004862e-02,1.262939678918101549e+00
-2.545672073757501153e-01,1.043434593958353807e+00
9.215721689003386619e-02,7.145874350097110028e-01
3.969777516885336088e-01,9.270416820784004308e-01
6.213017644287195662e-02,-5.226916547215226805e-01
2.473706719246055175e-01,9.531572917858058824e-01
2.936183163015081976e-01,4.175907493631295653e-01
1.156326768754988438e-01,8.772117080181238147e-02
-1.702140450962718876e-01,5.969601344734000448e-02
3.374435972453400379e-02,8.811116015188322770e-01
-2.311318121393355907e-01,1.431967587470184544e-01
-1.389747432967772534e-01,-2.433434556091124135e-01
-5.374020785490807306e-02,1.185254818001183263e+00
3.913863368901444595e-01,-1.257767940381958327e-01
-2.599323885998533479e-01,7.191597062057758505e-02
-1.425843283311616638e-01,-1.607150763513262581e-01
1.005366642152454200e-02,1.263728213822159940e+00
-4.355741506526665807e-01,7.078734318304717998e-01
-4.153982834459464812e-01,3.336846575888792188e-01
-2.472561468637785309e-01,1.432172420415605218e+00
1.041927370945287534e-01,8.721552787662950612e-01
2.316402526662978203e-02,1.244784387070238196e+00
-8.301746884577180241e-01,1.470552541552491987e-01
2.836709412134125752e-01,8.091428796524682276e-01
-2.129731849785486686e-01,7.895084248548147610e-01
2.385287147316254019e-01,-1.115218727353911032e-01
1.541891459543133780e-01,1.005867678488640893e+00
-4.891087544733804804e-01,8.807544125428437565e-02
-3.860411910497856675e-02,-2.213940766715647712e-01
1.406903631668086352e-01,1.217373761957560419e+00
-3.461262482034221932e-01,-2.216811058925889644e-01
1.062270291811782952e-01,9.590106516713978735e-01
2.792617513250115757e-01,-3.340982857149396579e-02
1.510996101463453999e-02,1.005815291094850572e+00
8.629779554624623927e-02,9.726356298091362595e-02
1.279894439801861246e-02,1.543073842364860171e-01
-5.115278394105214899e-01,1.278914632473597268e-01
-1.503552079833162247e-01,-2.280171184169473564e-01
-2.828135924194736806e-01,3.979535109986838126e-01
2.938274225486297783e-02,9.245131912429062071e-01
-2.468497875376289008e-01,-2.963156373662872434e-01
-7.515137296391451172e-02,-2.122448642030787536e-01
1.478269313081087832e-01,7.876635203753423742e-01
-1.042547007634633954e-01,1.512663933385791359e-01
3.152270599894150260e-01,1.062708625691101139e+00
1.170247549166621853e-01,1.444764057001619140e+00
-4.224017468607986769e-01,9.851727370379912418e-01
4.413959219437252890e-01,9.564003224005630521e-01
1.780656497425137652e-01,1.037759890341321434e+00
-2.679074087836201268e-01,-3.646387660717859691e-01
-4.960405716634553874e-01,1.317546974979046936e+00
6.497813793944871019e-01,8.670485315335709764e-01
-3.882353038375391252e-02,1.381197990820875354e+00
-7.375985943889930285e-02,3.941192156655716761e-01
-4.660513687066302202e-01,1.703791300441634959e-01
-3.638093181116328068e-01,9.911660451605539546e-01
-2.231238630843467297e-01,1.415115511521398250e+00
-3.712673046792971943e-01,-1.201888792693748681e-01
-1.296645756736928556e-01,1.113440299334231831e+00
-2.353293270859205255e-01,1.615126240925286172e-01
2.177697468829697391e-01,-3.345798780354259372e-01
3.886201361877903993e-01,9.830706098976048635e-01
-2.985308772384700007e-02,-8.429958182419178270e-02
1.222152164846999761e-01,-4.398145364550205133e-02
-2.602424803859609281e-01,1.107967952717427096e+00
-3.213062407961351785e-01,1.144260926733558503e-01
-2.118449416271499519e-01,1.184002426365624361e+00
-1.671088544999734249e-01,1.189711467033883974e+00
2.375923371815855945e-01,9.879620552653549659e-01
2.202835368564841911e-01,2.166868723285222398e-01
1.524707074657250805e-01,-3.505765036746768398e-02
-4.782039044663463634e-01,1.062443276035957007e+00
-3.522501440507793367e-03,1.346906343004083739e+00
-1.592238046363912141e-01,-2.606187993093493985e-02
-1.689540723202774819e-01,4.421958978932028633e-02
-6.546207154799323080e-02,-2.329159862176536366e-01
-2.941972167458520304e-01,-1.075007936378934437e-01
-1.812535990863874680e-01,9.546244471655056241e-02
-9.573670595312329390e-02,9.708474047918103089e-01
5.855988842261675847e-02,8.315148879983100261e-02
5.021525253430596525e-01,3.726212474069109937e-02
-6.841159859901321805e-02,9.210519465018472962e-01
-3.013852839782683590e-01,-1.573541586444710816e-01
1.131734643422061815e-01,1.030460729762286004e-01
-2.901589033674679130e-01,1.459347410466390604e-01
-1.484417172191141721e-01,5.378992335083675469e-01
-5.916407297649465269e-01,3.430184391092397367e-02
1.690351564840708032e-01,7.237935327062352542e-01
2.604550956144771057e-01,6.471099242466905876e-02
-2.507300628807118681e-01,1.212412182198239874e+00
-3.034291346739267925e-01,1.350222533439843220e+00
2.128255952305713461e-01,7.827090930406477298e-01
2.426890346083835082e-01,1.092018627826353949e+00
-3.109098848109371760e-01,8.467182813634743788e-02
2.049882955667714501e-02,1.568943693342929047e+00
2.264184015619189194e-01,-1.527004804478158673e-01
-1.237543877377905201e-02,-5.449408207132690196e-02
2.236786936712444052e-02,1.163761571086028512e+00
-1.683122902573727098e-01,-4.072867130379174139e-01
-2.549862460977936340e-02,1.371180134371988046e+00
-4.607093564342826797e-01,-2.076241854405371789e-01
3.185535009789095540e-01,7.185942476849421778e-03
-2.494659067866869806e-01,-2.255324535897454841e-03
2.812348019957250922e-01,8.006347333376997444e-01
-2.938349345653271660e-01,-3.868565379869087217e-01
1.157506488502786368e-01,1.011135172533897952e+00
-4.427044359536608242e-02,8.469155113993807049e-01
5.300437864387899656e-02,1.089482477170840014e+00
-2.353122705136770076e-01,7.964769963456692636e-01
-1.983161006057353182e-01,1.408994381995377854e+00
2.090283800983150538e-03,1.119896995680602636e+00
8.401288593424144358e-02,-2.531685764341464612e-02
1.808701642926187070e-01,-2.054577144181040926e-01
1.638140944477510241e-01,1.465278249629067497e+00
-2.035177642289673350e-01,1.235332357457532559e+00
8.835415838206500672e-02,-1.101196023348567504e-01
-5.212415039297774166e-01,8.526302802253892255e-01
3.990324306294233958e-01,1.128465568542893926e+00
-2.079079308925454450e-01,1.299050301535366048e-01
2.939733470175582286e-01,7.054901506185535798e-01
-2.785164571237290498e-02,1.173093789564447098e+00
-1.590315279565340523e-01,4.005633709948517307e-01
2.147639249691114804e-01,9.794267869233432844e-01
1.031609490162437304e-01,-2.181922198208851582e-01
-6.820650844305418958e-02,1.358332956029714378e+00
1.127071867886792790e-02,1.286257890292455741e+00
4.646060238503122442e-01,1.221141883194289991e-02
1.573187156447773682e-02,-4.114625717140374950e-01
1.686327745636719000e-01,6.653442585186459812e-01
4.580495703220549553e-01,1.150509485348659489e+00
-4.606726038234377207e-01,1.128267019442549479e+00
-3.054718882324278240e-01,1.248931661876965027e+00
1.429819897089593395e-01,8.012941305181910945e-01
9.643390345593081878e-03,1.007097090345243195e+00
1.524296602926722977e-01,-2.344129516365943688e-01
-3.769173900769278163e-01,1.320486791407939065e-01
-1.592087804216120450e-01,1.137860983048693875e+00
1.458232187320987298e-02,1.279755917667073417e+00
-3.281408444807141778e-01,-4.864898861178528627e-02
-5.955741958933578190e-02,-3.104881898307085830e-01
-5.528613120940222003e-02,-9.824168023472835964e-02
3.849248865869447367e-01,6.037006934490004584e-01
8.778617980438899182e-02,9.449379360890032276e-01
-1.187581780889001154e-01,1.396529040232221908e+00
2.099713348741672966e-02,8.650574278265888983e-01
-6.209750512436815195e-02,6.559407029345240558e-02
-2.385092405718975406e-01,-3.118743652781845177e-01
-4.063891691964641867e-02,4.781056273256056310e-01
-3.328517431619265610e-01,2.502930019882520507e-01
1.045551258360068320e-01,1.031802010089678534e+00
3.177733531239959053e-01,1.987833829450442735e-01
-7.509958263339586160e-02,-1.536904674074521526e-01
7.552485214958142012e-02,-4.935350804016192666e-02
-2.376850890935524596e-01,-4.018796922543740324e-01
-2.147523044494908107e-01,-3.045409070529468409e-01
5.497021452736051694e-01,6.162559117801034159e-01
3.084922087487627085e-01,1.070527124166414046e+00
-5.269959543136847486e-05,9.819710576407451041e-01
3.005770613320713491e-01,-1.537606281901532368e-01
-1.599709726902249218e-01,1.054615387046216046e+00
-5.299755864452489890e-02,1.218926923586213462e+00
4.898855463027724372e-02,2.849396769015328235e-01
1.076720557352121681e-02,7.655907061770559352e-01
-2.732407194916376958e-01,2.088383198248345562e-01
2.241842681348147348e-01,7.600358193301126608e-01
-2.282755405064134935e-01,7.924654975502017917e-01
1.133356332559537077e-01,9.618020936129199061e-01
2.885724688952203132e-01,9.900744448742931914e-01
-1.775357436659371901e-01,5.319368375308257228e-03
-8.438484985274476158e-02,1.905502985625436851e-01
-1.410524817277938880e-01,9.575992381834418365e-01
-1.107712980471321357e-01,3.025233401356480778e-01
2.639342528705559965e-01,8.408477898385255944e-01
-8.568036295856633344e-02,8.617550892592470424e-01
1.917484395039656120e-01,9.791014927029411119e-01
3.635935935074426917e-01,6.820864379922446652e-01
1.518508729092084633e-02,8.510309193609300049e-01
-3.410741217332988184e-01,9.552210396561582328e-01
-2.749416081335625539e-01,1.749316920291691668e-01
3.404032791970551530e-01,-1.522296518353025430e-01
-5.309810670860025672e-01,1.182975690613834896e+00
-3.694467101132904718e-02,2.332262873133236214e-01
-1.255864577056287623e-01,4.990050536697057670e-01
6.847984243931440340e-02,1.079057013336518045e+00
1.385112993714886220e-01,-2.381953984534711244e-01
2.152066512888561323e-01,-2.297507586959341569e-02
2.994504366039211010e-02,-3.160823686283927708e-02
-1.122826457934266303e-01,2.924345856138082511e-01
-4.799606962185504894e-02,1.499322343710073058e-01
1.964842796944498982e-01,1.017933254635709384e+00
-1.976462459456803933e-01,1.154085139788030512e+00
4.272693331795017757e-01,1.833421041582105823e-02
-3.335339567586566821e-04,3.623556510953188092e-01
-6.204300538892514039e-02,7.840096994628686922e-01
2.852257072065287336e-01,-2.008097177415464063e-01
8.672525764311838151e-03,1.003714786225768707e+00
4.228670562816711498e-01,7.846348898095206748e-02
2.814448784765208877e-01,2.351273832201215830e-01
-1.057340577478975280e-01,1.028425695915949900e+00
1.075516811908780734e-01,2.359124909620926025e-01
1.088128314742812519e-01,7.536554504832083667e-01
-1.595267018445629958e-01,1.138158049354861756e+00
-1.278746099729953511e-01,1.247673660388171291e+00
-2.016818175432179838e-01,1.442992069064773730e+00
3.858489854352333825e-01,8.388028471546997433e-02
8.878137045329793919e-02,1.189654267871492893e-01
-2.511302385298879725e-01,1.080312031444250254e+00
1.113685100583474905e-02,-2.085765517879436259e-01
-2.423862973919062580e-01,1.206297451002559529e-01
3.006263289668943961e-01,1.137725614412884223e+00
9.716304499743049286e-03,-9.481539553807277754e-02
-6.599687586858127286e-02,1.004191360869090666e+00
4.416696859420351368e-02,4.333828799669512954e-01
5.202062558979029389e-02,1.144141309476679691e+00
3.971440953645533622e-01,9.093036676775495541e-02
2.266640153500282806e-01,1.043666499226861610e+00
4.871532289209222766e-01,-1.142696270124670260e-01
2.583986442398383820e-01,1.078231390845562965e+00
-1.490522783070605539e-01,1.327176494084464919e-01
-2.159279024313107420e-01,8.743039927330542582e-01
-2.780597635803911394e-01,8.485400910579419254e-01
-2.316627568731066122e-01,-9.306273915225385385e-02
2.210942280534040905e-02,9.918652659766566959e-01
1.839123519799916173e-01,2.942078614185337712e-02
1.786440352529088463e-02,9.105316509065464192e-01
-3.023532033172242062e-01,8.499941415532948907e-01
-1.656277045411664040e-01,1.191663735074647956e+00
-5.594947097345946696e-02,7.846806826149406167e-01
-1.738864721269712532e-01,-1.214020399818331875e-01
-1.192532782453974427e-01,7.305781984892019132e-01
-1.850230282641592006e-02,8.399418833126207629e-01
1.591938457041818522e-01,8.122808542246895414e-01
-2.660101534971036630e-01,1.201706902505396135e+00
-2.196153368465134648e-01,4.853564617084780985e-02
-1.639017630244147816e-01,8.712919987934636401e-02
1.038642216721110956e-01,1.508979509868927149e+00
-1.343284597215581022e-01,7.244214941485105363e-01
-2.863037474886152012e-01,1.193888399539728279e-01
-1.035415046072835250e-02,1.088975341785949791e+00
1.983377607415325317e-01,-4.514560473659827156e-01
-2.749760814380985408e-01,1.323737255220431175e+00
-1.878739115489073130e-01,-1.026084628106705698e-01
4.632496467435393006e-02,5.263749243399558353e-02
-1.529818793741120619e-01,7.904988017850899107e-01
-1.954689609980316822e-01,9.017928328280498951e-01
-2.116690913102133587e-01,-8.928532139102225706e-02
2.570768852131051219e-01,2.871987959668817481e-01
1.258342570909118385e-01,7.585664015399793403e-01
9.123039904672418376e-02,-4.904068726053579241e-01
-1.251092760928548819e-01,2.987685339635479109e-01
-7.545742471632289894e-02,-4.428648690676966759e-01
-4.998137234626860714e-02,4.604917224824840449e-01
9.219608794564648768e-02,1.111083489596285556e+00
2.061486179052463563e-01,-2.211482488681846270e-01
1.859584546825689133e-01,1.325136108077179298e+00
-7.829148285160038301e-02,2.806913030345813964e-01
1.489468865144768783e-01,-2.349292331491508456e-01
-1.580363120034574131e-01,1.086155938966295587e+00
-2.603160377799793590e-01,4.941368491627632364e-01
-1.366907028598131901e-01,-5.184585789750486597e-03
-5.491879906124517985e-02,1.194902026589144024e-02
-2.418213905766055868e-02,-1.003975245459302751e-01
-1.087448257322178591e-01,9.639381254144612221e-01
-1.281114531341406015e-01,-1.165962498073126186e-01
2.636671464876089166e-01,-6.671452731133671599e-02
-2.890351623430952865e-01,1.068396501975179103e+00
-1.758064546475660017e-01,-3.078369846265781584e-01
1.091794239967108955e-02,1.357808787837921471e+00
1.615387100068602366e-01,-3.277207054299552391e-01
-2.941928463898068474e-02,8.982303168384917491e-01
6.584713395287908333e-02,8.938588987793525398e-01
3.224851439568275357e-01,-6.160115976024991280e-01
-2.591565457621656798e-01,2.404604893359161277e-01
