e_score,v_score
-9.309927280747580802e-01,-2.369332894043586768e-01
-2.042272198779917711e-02,7.646781690890900318e-01
-1.286999618040171878e-01,8.114250696828495535e-01
-1.671984230482513323e-01,-2.223731510999745198e-01
-1.081053253680819282e-01,8.838099817934144120e-01
7.599822180745996469e-02,8.436550367188695443e-01
1.622587435905381015e-01,9.240720013964222324e-02
3.245061712321274383e-01,1.182641970435225343e+00
-1.491879195985876955e-02,-2.017679638381041363e-01
2.630377251299289426e-02,1.100090912635662388e+00
5.977749070296299594e-02,4.483961308920345057e-02
-9.985115066120398009e-01,2.178310551846592558e-01
-7.100997451405941518e-01,1.409617193323954520e+00
-8.487731621151560490e-02,1.536630049521421626e-02
-1.065340327632541717e+00,-2.993442861885598494e-01
-1.037618925746174092e+00,2.326926974191607239e-02
-1.328827307847452399e+00,9.986387692343055011e-01
-1.084795395290084757e-01,2.705730848326455898e-02
2.805893323686056151e-01,1.116704192577975707e+00
-1.428680151825227340e-01,1.094075961626456983e-01
4.959794392204476821e-01,-2.208516848763947271e-01
6.876053024297085203e-02,7.992027490716822058e-01
-8.531672441975149956e-01,1.211079515772825049e-01
-9.583962178264195941e-01,1.120357025694751929e+00
-1.155477069611150709e+00,1.162299479563892568e+00
-1.322190189341502009e+00,-2.967025447355376433e-01
9.865553635964388612e-02,1.277434797289215940e+00
3.448681165188162145e-01,8.297977365780251358e-01
-1.164607796473514645e+00,1.288045801354444464e+00
4.861167810658807709e-02,1.221875573951698435e+00
-6.994189502983595430e-01,-1.757810059250397849e-01
1.520721497494966212e-01,-3.557239957340205261e-01
2.141636158835724946e-01,-2.718480752930020339e-01
-8.312738186305738131e-01,-2.289775358740288036e-01
-1.204419566482520104e-01,-1.525132109923292567e-01
-1.167380482266066277e+00,-1.393568273350061226e-01
1.055338374034590215e-01,9.586988150624458083e-01
5.194298304665154187e-02,1.145381016075530445e+00
-1.336821498521807206e+00,-1.314636332877983926e-01
-1.195283183384544756e+00,8.351091871732391203e-01
-1.918301709375567210e-01,-4.098695124748846091e-02
-1.047526842974211725e+00,1.657221823553789997e-01
-8.863863300141000545e-01,-4.267424096257704802e-02
-1.197160409101284628e+00,3.751306035615026846e-01
-8.294788859975611717e-02,1.137356194211585736e+00
1.572424703070536833e-01,2.164249330527101278e-01
-9.112179471822318133e-01,2.323928831941709794e-01
1.710453507064617074e-01,8.409243466474165818e-02
-7.580462088659147835e-01,1.063122105986421762e+00
-9.095782565363308425e-01,1.148668876581467879e+00
-1.184646717154144824e+00,-2.407624129165818749e-01
-3.154193201644422406e-01,9.321956841038133712e-01
-3.631321132316531197e-01,8.991362423258689729e-01
-7.988252228017467260e-01,-5.696705601400284952e-02
-5.774243136179365438e-02,6.425853878369676142e-01
-1.025798539351457261e+00,1.018686462637861334e+00
-9.321556960215524601e-01,-7.680619979956476717e-02
-9.445264792286205413e-01,2.590325820066644025e-01
-1.248297871659622277e-01,3.671117793713303823e-01
-9.677580061563889613e-01,7.682011986093182365e-01
-7.495309252654912269e-02,9.367553407245443609e-01
-1.352840924877419804e-01,5.167154348194940017e-01
-1.532266107639232086e-02,1.277043072009922842e+00
-9.330103601710703076e-01,8.943929282124875035e-01
7.888357376305493718e-02,6.365183127008877673e-01
-2.180784781509290671e-01,5.480565384042331845e-01
-1.853341865075031347e-01,9.752309004089494415e-01
-8.759358643816547163e-01,1.101128873748207448e+00
2.281952812784361351e-01,4.041084121934208628e-01
-1.584945277204950209e-01,-4.050432343333774110e-01
2.362257090802291452e-03,3.469218069738068677e-01
-2.040203170243776176e-01,-3.025867408148637944e-02
-1.289556443997442958e+00,-2.022601289140121827e-01
-6.408339902330160154e-01,6.997723378725070331e-01
-6.564895173625002744e-01,6.342988944297385245e-01
2.377179123097703795e-01,1.296298049678104913e+00
-6.259311827629119307e-01,1.033314270661023077e-01
5.167390051736222428e-02,8.831419512020290963e-01
-2.446782793440610837e-01,1.077170859503381095e+00
-3.132941726777877522e-01,1.007709518558122852e+00
-8.876196448611596290e-01,8.842014555939553544e-01
-1.374384777017663151e+00,1.000867655367800424e+00
-1.182158249172743369e+00,5.596476859746071231e-01
-1.911964047064774741e-01,-2.018114255382346678e-01
-1.005508092787836372e+00,-5.764998435424688317e-02
-9.653537260322250235e-01,-5.183368779838954943e-01
-9.548058740476811357e-01,1.006368030209089603e+00
-6.026846521992191424e-02,1.038925006376056448e+00
-1.002330229039371634e+00,9.575535102175674051e-01
-1.092846126647292637e+00,4.195879810850839525e-02
-1.175848719517358587e+00,-1.086747344612770672e-01
-7.982554309006839599e-01,1.250096859388049042e-01
-8.859992221695404124e-01,9.604726274969359601e-01
-9.087857307247746430e-01,8.009167287822118730e-01
2.952560349060446288e-01,4.504608188626198495e-01
-1.421202562905883093e+00,1.079674609171347388e+00
8.757222286642261933e-02,-4.286034763996203478e-02
2.845919488135836284e-01,4.161313542949909849e-01
-1.497303249833489280e-01,1.599689143339208530e-01
-2.210177093739721099e-01,7.621730388613543461e-01
-8.123656900683691173e-01,3.107594742452201575e-01
-1.138496346259612046e+00,1.525816849633930550e-01
-1.134811759147531240e-01,-6.319531842077595885e-01
-6.520766692806529985e-01,1.044651395694502716e+00
3.211100938046375641e-01,9.676679738333499037e-01
-1.005402512565656270e+00,1.990359969283345409e-01
-6.796489776854874876e-02,-2.089997078280853571e-01
1.576717356529835218e-02,9.871422144345638472e-01
-1.044887160906208479e+00,8.080830290517544423e-01
-9.688338811655189398e-01,1.367668144741116310e+00
-1.380814764623822910e+00,9.368251309391137926e-01
-1.052928399341967136e+00,1.145441784019593401e+00
-4.029183618410122486e-02,1.413675087970025945e+00
-2.044650409067396701e-01,7.992528002799007547e-01
-8.983682122341228871e-01,7.986595499651970576e-01
-1.380625321263770910e+00,-1.744859314681694584e-01
-8.615962830306651832e-02,-2.255851651820953985e-01
-6.728751176714402593e-01,-2.876076116397620619e-01
2.058036589974298058e-01,-5.684484359868723358e-01
-3.426118127964143389e-01,7.262944786571747802e-01
-1.041791242438931064e+00,9.481354241298770025e-03
3.701821627293529898e-02,1.120341498891854748e+00
-1.516237258129098819e+00,-1.144726581940165716e-01
-1.163208488417329933e+00,8.568495890674495685e-01
-3.223142921940228001e-02,9.540527203686195445e-01
-6.112445939601290901e-02,8.092578233982264946e-01
1.832477715531625473e-01,3.841390751627724032e-01
1.414512037326678268e-02,6.803998719184535249e-01
-8.817208151447005759e-01,-3.000810087898433953e-01
3.408308138527908482e-01,9.058916461372864548e-01
-2.716553847666943744e-01,-1.872438848989004534e-01
-8.259612092345176571e-01,1.041452399684731356e+00
8.423816677780086859e-02,7.563556596166733925e-01
-1.918575613361608034e-01,1.725798579789073195e-01
6.670000110327761744e-02,7.374043348323386926e-01
1.697960365952224382e-01,7.347085943519369167e-01
-9.575983298653989451e-01,1.527975750473980487e-01
-2.825053710779821259e-01,9.629589678025348709e-01
-6.854173491269111018e-01,-1.530566447575901386e-02
-1.279037987364648021e+00,-2.151891093466455074e-01
-6.607118060861811859e-01,2.771992361567219287e-01
6.031057773336911954e-02,1.509897008635417148e-01
-1.087194586891835624e-01,3.331677011817066880e-01
-1.161846388557806087e+00,6.635389155148050389e-01
-9.996481991829226921e-01,5.288631812580679020e-02
-4.366184080097682552e-01,1.276945203250581473e+00
4.473999953736165075e-02,-3.717730606138403560e-01
-4.507103454102364681e-01,1.142151686052664372e+00
2.073520542539214750e-01,-3.149879158207540830e-01
2.848152077996464748e-01,1.149015655604991526e+00
-1.027931427887961435e+00,-3.368915767002249040e-01
-1.362753974136367674e+00,-9.057402659896848784e-02
4.689732883171775224e-02,1.178375583369685620e+00
-1.088079303998568809e-01,1.373238149661093921e+00
-1.868326486911189854e-01,-1.745374270076572587e-01
-1.337239088697006386e-03,8.612705703832306270e-01
-2.534625002598890897e-01,-6.745137224293717981e-02
-5.751086756620086421e-02,8.944453214961430865e-01
5.980075020904673019e-04,8.083520908130973348e-01
-1.014385665460795005e+00,1.763880575496455660e-01
-7.348382864765633515e-01,1.254941970793759465e+00
-3.469443213542088844e-01,9.202105672094545996e-01
-1.038620556941597384e+00,2.757967592166296056e-01
2.079373702516861544e-01,1.136449750195721364e+00
4.680292239429225676e-01,-7.703631107275078771e-02
-6.193729144564110722e-01,-1.487875730556205700e-01
1.591730154866875108e-02,9.311032503682616923e-01
5.804631306188324374e-02,-1.396239199802468134e-01
-1.389894982731281203e-01,1.283004317803488448e+00
-6.216735993698211532e-02,1.034462161531401886e-01
5.717399062218701117e-02,1.555067437568215638e+00
-8.650077181141361260e-01,3.394435161744412954e-01
3.375463950074211184e-01,1.374960640961386815e-01
2.589673996053485361e-01,-1.428976812843352207e-01
-1.603519626156625910e-01,8.642074411212162799e-01
3.782213149522965501e-01,3.586777216819145297e-02
-2.763704981221781418e-03,1.075605694514826682e+00
-1.392863070992542918e+00,-2.635381604603093675e-01
-2.671615637603080295e-01,8.575004956335087192e-01
-6.268473649846488527e-02,7.477071645460928173e-02
-1.229778307824924033e+00,-3.881717902248475044e-02
3.787040099004256727e-02,-1.288928266853554550e-01
-4.191196592699102386e-01,9.921994144133541305e-01
-1.564144607413643917e-01,1.395082495620594276e-01
-1.067456316667551919e+00,-7.226917513540225269e-01
-8.786861453073125938e-01,6.772594010371416617e-01
-1.976421744056540419e-01,4.794522357437627086e-02
-1.216207023219384231e+00,3.712910429610331575e-01
-8.382648078318060136e-01,-9.391805008472386973e-02
-1.545808978917302123e-01,1.222197752108516555e+00
-7.792393942897775094e-01,1.275934079923318976e+00
2.302755019221106314e-01,-2.533490468452487820e-01
-1.086118475675071693e+00,7.883605338608120627e-01
-1.437777476430844026e-01,-1.137694120227353556e-01
1.358595373120793925e-01,-9.273023920576689560e-02
3.689470835534862103e-01,-2.637085258677724919e-01
5.618796596651239039e-02,2.884933853083103128e-01
-1.216191855789567344e-01,9.797426788496415018e-01
-1.336714879158590996e+00,1.217494891650998001e+00
4.326978424482822994e-01,9.460103593298865299e-01
9.198989889611666748e-02,8.974060433132084735e-02
9.263906707940952612e-02,9.881351472299851890e-01
3.139643504043219124e-01,-9.608140489619079738e-02
1.957138403489688122e-02,2.149574590291431220e-01
5.291065877236083015e-01,-1.636600962812552185e-01
-7.905631217469533123e-01,1.229559679018616736e+00
-7.541532479109389620e-01,2.068157093791296031e-01
-8.583249000162329612e-01,1.119363759308855233e+00
-7.387584131707312929e-02,-2.114780391216715960e-01
-1.170251975496578112e+00,1.195399512035053791e+00
-9.509662151752842352e-01,7.837918968248831497e-01
-9.144554409459116906e-01,-3.317697723655629871e-02
-7.491893076570023124e-01,1.909190102127621136e-02
-6.409413006435582538e-01,-5.242698456203682689e-01
-3.011178702064392088e-01,7.219903920832511091e-01
-9.293535317591958833e-01,2.929784846428037937e-01
6.181955639471736763e-01,1.251828002842568788e+00
-9.091071360853532068e-01,9.641555051524526299e-01
-9.493352342290246604e-01,3.589912721011717656e-01
-1.129118684780221926e+00,1.545953933484598697e-01
-1.407984440883654820e+00,6.115836073099866210e-01
-1.030387111816143675e-01,7.396765584231157487e-01
-1.080802346853645624e+00,8.489626316062248712e-01
-1.147576985694200857e+00,3.642214448606648919e-02
-1.280273695107460252e+00,6.951390925287546096e-01
2.383242429752752412e-01,1.258102363393284850e+00
-9.094101833700271031e-01,1.424605377151620500e+00
-8.750535624592193917e-01,7.478314394332570281e-01
-8.884549967595793962e-01,8.829392718119656314e-01
2.548614249989102909e-01,8.199257436226253803e-01
-8.926868886879182341e-01,5.287889192049045201e-02
-4.629052971107265879e-01,2.032346716543909915e-01
-9.430957363528705839e-01,-9.238951682481923167e-02
6.486358475008362212e-02,1.228596651444252119e+00
-9.346429443579336027e-01,-3.684972072932273801e-01
-1.157313018289559681e+00,1.012626938136454768e+00
-1.003812425829233579e+00,5.917707350703806934e-01
-9.484992603787854026e-01,-2.807302313634049140e-01
-9.186677675234802276e-01,1.031514970660631469e+00
-8.579081376698209915e-01,9.397561454083177557e-01
-3.756418002090358144e-01,1.583261593930620006e-02
-7.029577116633798362e-01,2.038494442108088334e-01
-1.244834760055070211e+00,1.270757510142464630e+00
8.528630422542196610e-02,7.288279858177363346e-01
3.027396431484972728e-01,1.119721184778405876e+00
-1.237043549645524543e+00,3.746937364075096366e-01
-8.691721098413537905e-02,1.073828254136346416e+00
-7.607986872425119840e-01,-8.938962941409851759e-02
-6.381478254578404341e-01,-4.265814145328816406e-03
-9.996442264358610386e-01,4.737386428857979365e-02
-2.464266976307518675e-01,-7.973338684117625697e-02
-1.263849557189821837e+00,-9.668711135329055573e-02
-1.692256041476573269e+00,6.599754519418737919e-01
-1.044604201798553067e+00,8.655848663134598775e-01
-2.112628187580166753e-02,2.242544508168353018e-02
1.557878389424788290e-01,-1.106971694236561915e-01
-9.470012636640204873e-01,-8.650361191756826855e-04
4.296936657893932199e-01,-6.140610538585440648e-02
-1.232706864731212937e+00,2.100417994153276069e-01
7.126148366294546288e-02,1.193712095291414643e+00
-2.997809033844818852e-02,-3.908768541702013072e-02
-7.441806476529990722e-01,1.064486133545988311e+00
-4.878793348339541813e-01,7.277741251934883859e-01
-1.086546383383892644e+00,-1.544856620228242383e-01
-2.653835117369799379e-01,-9.459542447193265702e-02
-1.167360279751201713e+00,-3.269036075416755643e-02
-8.940365853369331983e-01,2.641505516836092915e-01
2.272087902214662281e-01,3.491306969334155852e-01
-6.738276554908664284e-01,9.481819650587516302e-01
-8.970341056027072435e-01,-9.163829924988048034e-03
-8.110782996223785402e-01,5.670441037937009460e-02
2.911639013389946129e-01,-2.144302540758722952e-01
1.234730347759346869e-01,2.377590065634549721e-01
-1.108946092811704975e+00,7.848014712419502104e-01
-8.409613811251597237e-01,7.504216893385036169e-01
-1.017759220636498929e+00,1.451321943566716621e+00
-3.202162812063317210e-01,1.242001145903703918e+00
1.301616729868064759e-01,1.124579107904778219e+00
-1.192984113682670211e+00,1.754769912644884577e-01
-6.498490909833568030e-02,5.629788382855509948e-02
7.084106611838990319e-02,7.628787401922705325e-01
-5.837894053501246905e-01,-1.596658944092950796e-02
5.637637820642864978e-02,7.072912651679919005e-01
-6.502559350671586191e-01,2.294302222957293191e-01
1.818777205902010752e-01,9.027878606369990622e-02
-7.375361892576249856e-01,9.985018233733715665e-01
-2.184446293725048061e-02,1.246065205082839800e+00
-7.357072126904421472e-01,-2.793623853457257167e-01
-6.574028932554685234e-01,-7.267915436445046562e-02
-1.116975094141715141e+00,-1.614104483918879229e-01
-8.612527288699585171e-01,-7.937955121984656415e-02
-8.504070068516692560e-01,7.686862136856514871e-02
2.694228998655880392e-01,7.070299965292434763e-01
2.712931065277841558e-01,7.465104861915243806e-01
-3.097881099219885748e-01,8.949622749724019943e-01
-5.991496579128379185e-01,7.536955841997947658e-01
-9.843012647522200176e-01,8.169422998577492434e-01
-3.376888770014775942e-01,-2.223511534105328258e-01
-2.379464225412593614e-01,1.173532577213854955e+00
-2.284836341558593026e-02,1.154990642552329305e+00
-1.198980170529219125e+00,1.056934173178080361e+00
-7.348171333476904987e-01,-4.810798349915357264e-01
-1.348344877936041852e+00,-2.593204093626034212e-01
-3.756013984775474768e-01,1.328274624053389641e-03
-9.813396225072379409e-01,-1.287635462590285274e-01
4.646603709786570682e-03,1.026170887313077706e+00
-9.932647884752783540e-02,9.047281859440956531e-01
-1.290877912647653725e+00,-3.104342898526407102e-01
-1.039785437828004033e+00,-1.073897777635768325e-01
-1.157169703088272605e+00,1.075552200773920442e-01
7.826471447047111951e-02,1.817906708774096047e-01
-9.060234027286002689e-01,-3.014806327045431167e-01
-9.341395838819126496e-01,-2.938970654138641780e-01
-1.018215188390575676e+00,1.139102469543118001e+00
-7.894688623284255025e-01,1.140484587584557730e+00
-1.246808133764568671e+00,-2.231296968030403727e-01
-3.458157092683822320e-01,1.736139384142387776e-01
-8.813073537092930287e-01,2.060113980193710725e-01
-4.402263277256807106e-02,3.546447615495808281e-03
-8.100175809621422696e-01,2.248450104651315493e-02
-9.312337450996727162e-01,1.892122062207072519e-01
-1.225314199041990904e+00,1.493365025139851365e+00
-7.787452112592468945e-01,1.139026937871975287e+00
-9.045041161616740322e-02,1.501266537814192947e+00
-1.052966828286126200e+00,4.053929883346367724e-01
-1.194708321835689757e+00,1.126804461246351696e+00
-1.195534848307859388e+00,1.425140335152273119e+00
-9.792447233159651265e-01,8.458744108234212966e-01
1.208271825383426257e-01,9.703807014659262542e-01
1.665593193780903203e-01,1.042552450791428109e+00
-1.234296028926846533e+00,2.071904200817335437e-02
-1.678437261590426943e-01,-1.821025512988982686e-01
-1.137446908099384729e-01,8.737350387447315736e-01
1.110013713465162893e-01,1.227535916371910729e-01
-1.153678603080572795e+00,5.591502088205895643e-02
-1.310075873324837714e-01,-1.289911715040535922e-01
-8.221691894291951463e-01,-1.099601420956917014e-01
-8.110854947974742712e-01,1.417553136403342462e+00
-2.594849262143212321e-01,9.397108630763090220e-01
1.378395802618171961e-01,1.008747536784476484e+00
-1.102327329383633980e+00,8.499356686221825052e-01
-1.350701196636120649e+00,-4.957293033821058015e-01
-1.523505248384106725e+00,9.747501269158751480e-01
-8.640618898902368006e-01,9.961810307448741852e-01
1.465218896543525051e-01,2.171095435349226499e-01
-1.539632529858591670e-01,5.092197060148959120e-02
-8.844037539512710211e-01,7.856190133221025995e-01
-1.444242742829743076e+00,-5.255183822892809387e-01
-5.258324350314914214e-02,-1.725166110020978083e-01
-1.168434771367266700e+00,-4.842678162695791301e-03
-1.090890199281522976e+00,-1.064054783523442071e-01
-1.184138244677981344e+00,4.916532518055057033e-02
1.659525043134372491e-01,-1.237271900029470045e-01
2.523536950454309258e-01,-6.373003257608872429e-02
2.373031108401944811e-01,-1.375218578723770846e-01
-8.780081495837267491e-01,-3.328160638975853347e-01
9.789637206025277039e-02,1.600811516566529036e-01
7.147692758382899469e-02,-3.233088633019278735e-01
-6.748816147471434768e-01,-5.205089154290429843e-01
9.583849389936456575e-02,8.812958583753792707e-01
-1.384630886231405789e-01,8.822987477262743683e-01
-1.216411156458135218e-01,6.864872665228446413e-01
-6.372508869657467212e-01,6.270185788486090650e-02
2.700110835617213212e-01,-3.027367280195195076e-01
-1.353144084951861226e+00,1.152985716644839176e+00
-8.111115889755404762e-01,1.122659849722020334e-02
3.775774742325404554e-01,6.856578132994344266e-01
-5.193871625401168257e-02,3.742663266401973221e-01
-1.455833079889544135e-01,2.814749522138804694e-01
-1.074723347969369192e+00,1.131893949333836913e+00
-9.043748990132826071e-01,9.196399090083582362e-01
2.347149995681241108e-01,1.000306200497757203e+00
-9.671195048917562431e-01,-3.290629799286465818e-01
3.053689219507463859e-01,3.539634245725809536e-01
-8.938958581620409793e-01,4.197512956977534487e-02
-1.071817982133094649e+00,8.635856136435441366e-01
-1.417323330586688079e-01,1.150396472954829719e+00
2.341565433241475924e-01,-2.321580606091155075e-01
-7.530521325267199861e-01,9.042851680882643128e-01
-1.289606525673740733e-01,1.360126401446565492e+00
-7.600864854900792889e-01,4.160372699082644232e-02
-3.791380995436292867e-02,1.282344585505958534e+00
5.135836642959692444e-01,1.324793491066016404e+00
-4.635887072581367230e-01,2.039728758137386577e-01
-9.663824035104043864e-01,3.788961116705843318e-02
-8.240853329006418981e-01,7.269649282341197338e-01
-8.658882472217662718e-01,-7.040055644579533423e-02
1.066850694604659089e-01,-2.588706222388508643e-02
-1.131189446471530247e-01,-3.180061050164681991e-01
5.504387123838412332e-01,7.717830444344609964e-01
1.140055105870536600e-01,1.187023361263468968e-01
-4.512589376065295754e-02,-7.947499116700666721e-02
-1.384563784606920755e+00,-1.582166794132137955e-01
-1.239200339991654243e+00,-1.430029258902570100e-01
-8.135306866813731830e-01,-1.813228047193492509e-01
-7.659768833435776081e-01,1.294666630980155331e+00
1.304216730657054846e-01,2.917214663911224526e-01
3.418674797937764076e-01,-1.801874131920715993e-01
-1.029130666728919286e+00,1.215733400721645679e-01
-1.163691939209473114e+00,-7.665183757237038764e-02
1.178115545285513127e-01,1.365417172498349929e+00
-2.591309186358101146e-01,8.755039489318339196e-01
-1.165387437147610727e+00,9.733021481471151315e-01
3.515130595469694308e-01,9.339727838234792578e-01
-8.610569316248603000e-01,6.817896960907280368e-01
-1.374308575450299053e+00,7.393248561652319140e-01
-6.049417712799730340e-02,1.004517206758874570e+00
-1.873647454203649920e-01,1.360779602658646503e+00
3.931287519080607640e-02,7.991892634404196283e-01
4.479885204623051398e-01,6.242862728230691438e-01
-1.620881999507087778e-01,7.367880764309879815e-01
-3.554830379722800915e-02,7.846150106799599788e-01
-7.081136108746364233e-01,1.114165648087850569e+00
-1.021403458780481444e+00,-4.010205180226633637e-02
-5.122119231541329143e-02,9.755402267617541145e-01
-1.001119085750285853e+00,8.982009236120751527e-01
-7.173368708041405473e-01,8.270558839073629542e-01
-7.459505548187854718e-01,-4.338933591860790195e-01
-1.007961619501260619e+00,2.294663845245925871e-01
-1.099686376736902504e+00,1.478809383366576302e+00
-1.048062771796658632e+00,1.306331327520330543e+00
4.144930815455935558e-02,1.092522762063693698e+00
1.581754632481861267e-01,8.298821214216316466e-01
-7.539482648124840036e-01,9.436178517557828327e-01
-1.117506549009946282e+00,1.514623373768273218e-01
-1.549296155625805804e+00,1.210324731954893762e+00
2.463760044127198123e-01,1.126678981205118113e+00
-9.434212385331917083e-01,-1.562640040545211773e-01
2.428425500569213191e-01,6.249387979315266239e-01
-2.088569555880128437e-01,7.500637718044937952e-01
-7.331557164560981860e-03,1.353096403886929755e+00
2.209417771873941339e-01,8.708871435377143477e-01
-9.954969918100740056e-01,1.827458387713584431e-01
1.316827059348485429e-01,-5.532569441525731629e-02
-9.369272799938647145e-01,-1.050222049671694358e-01
-7.586111920917869567e-01,1.139125337952340722e+00
-1.214670915940934126e+00,-3.053216609070549814e-02
-1.481396375390026110e-01,1.034444661327339920e+00
1.337758509459728573e-01,2.466248493326029037e-02
-7.328380714111629723e-01,4.944745284586554712e-01
-2.012939042189024891e-03,8.247690884791489818e-01
-1.002170882544158648e+00,1.099118552017625428e+00
-9.907250780965027870e-01,1.024095444983862402e+00
-7.194823334299745854e-01,1.268440872035943245e+00
-9.674093761067885655e-01,2.062276542815854874e-01
-1.181108421707157241e+00,1.003267169463047948e+00
-3.450166647331517900e-01,4.970713568958821660e-01
-1.114845439832271135e+00,9.037304203907029487e-01
-8.776891479217577841e-01,-1.424168643357285602e-01
-1.200481870317735879e-02,-2.793348349276316561e-02
3.622980450935295998e-02,1.190985600649629994e+00
-1.437486961904756555e+00,9.932671996235004075e-01
2.811475113060811770e-01,-1.403693081028979106e-01
1.536972166935210715e-01,7.426619997943514906e-02
-1.114834772091501058e+00,1.562146533859446462e-01
-8.331652685206142328e-01,6.924247410117967405e-02
8.144068776483698313e-02,-2.261627022276433904e-02
-1.008129169753772425e+00,1.047489185445771076e+00
1.384246136781954184e-01,8.198563765907906919e-01
7.524377930441304707e-02,1.271207293794168081e+00
-6.549404700085263986e-01,-2.608611559385198841e-01
-2.138199155889611847e-01,1.045028216017135581e+00
2.206628161541922262e-01,1.799154702769462655e-01
-6.988274324612644417e-01,-2.683757075164662220e-01
-1.354516412455989416e-01,-2.522932814114203087e-02
-9.196561234939032436e-01,-1.639795508691602455e-01
-1.075948001358303596e+00,1.046953815268978794e+00
-7.141665492411042315e-01,-4.286539829680932057e-01
5.175097868230659204e-01,-1.540739606814641727e-01
-8.951937750611953237e-02,4.313680625735167862e-01
-1.150808732214406049e+00,1.971267031749180110e-01
2.184298863448119465e-01,-3.976933207410313087e-02
-1.111351170565200386e+00,-2.403139764007264922e-01
5.102266831654984208e-02,1.128746482784079630e+00
2.713541615840869281e-01,8.067132740660170054e-01
9.001458566654579885e-02,-2.948713659959993280e-02
-5.247109657178387204e-02,1.093053621282561449e+00
-1.375412177552955750e+00,-4.752537071344570263e-02
-8.478624018354330438e-01,-1.666907395899006883e-01
-1.081278661785829431e+00,6.070740636807436807e-02
5.541089649152099172e-02,2.566619449420411148e-02
-1.254101090568439381e-01,4.985253817866123760e-01
-6.048085705732224593e-01,3.711710757876538619e-02
-1.102279530181552669e+00,-2.141312715544162748e-01
-1.416218902024056758e+00,-1.288271097005719568e-01
-1.032614015221485104e+00,1.162161309309589274e+00
6.055074739057506039e-02,-1.093361063817400308e-01
-6.723020976756777234e-01,9.949428884105152582e-01
3.662319621484517174e-01,1.002975991366188424e+00
-1.826916817588184749e-01,3.722917114826630736e-02
-7.303980841113854629e-03,1.284346397384640515e+00
-1.239238423176973747e+00,-8.669525786272336276e-02
-6.555198032825859666e-01,1.742901682393922513e-01
8.665890363895248361e-02,3.584280462386937351e-03
3.650706439263750602e-01,6.423030558352820218e-01
-1.128630942574395890e+00,-2.961875651741859850e-01
-8.990493924376493640e-01,1.055006382026471901e+00
-1.286160869335607471e+00,1.430624870770315013e-02
-8.148469242541449553e-01,2.334410078006000366e-01
-1.330894011882124861e+00,8.095967569034914213e-01
2.150369512729023713e-01,-9.122388695205643772e-02
-7.537882254479093547e-01,8.945190759826223692e-01
-1.084115563364470347e+00,-2.153827048924541188e-01
-9.770378395690129114e-01,1.143592505506499268e+00
-1.733996733720461758e-01,4.541374359551949014e-01
-8.764453131754731396e-01,1.078826276554346375e+00
-2.752918911916855862e-03,1.245000090666833703e+00
-9.296146704476733191e-01,6.439631506781604564e-01
-7.661524603633089736e-01,3.418027296882084065e-01
-6.209282270642139112e-01,-2.464095296013450731e-01
-8.298346309111268582e-01,1.082681270088581060e+00
-1.037316114030696790e+00,8.535810744436922448e-01
-1.101768128589129647e+00,1.899179269975166395e-01
-1.094973292223788031e+00,4.742346845315723036e-02
-4.524146489807582411e-02,-1.618757891156162310e-01
-6.756262208282239889e-01,-1.587434711020680733e-01
2.426095187173248902e-01,-3.352029716144863669e-01
2.371482142664402826e-01,5.649934845739621458e-01
2.934596907949628686e-01,2.104784290830551408e-01
-2.060794592966437022e-01,7.813444873309605132e-01
-3.919435252689867227e-02,7.875135472823870941e-01
-7.373879978360209364e-01,1.661014182034949993e-01
-1.016190522609319025e-01,3.393917098429034551e-01
-1.359821693501164219e+00,1.293138837459442581e+00
-9.431772636255746078e-02,2.320623831155544659e-01
2.269506508030275649e-01,-4.201091304099228291e-02
-1.635769821394305046e-01,1.053385228456189093e+00
-8.442381032232342264e-01,1.262482853977677566e+00
-8.896738377961616040e-01,4.750804143085225473e-01
-6.425513961169802835e-02,8.452911907366080779e-01
-2.929263720734402998e-01,9.971977055974927673e-01
-1.286417790404668970e+00,6.340814385121347208e-01
2.391913080035516087e-02,4.346991479736957986e-01
-1.540556105091075434e+00,1.317055009888524975e+00
-1.198774874960685244e+00,-3.271047559537613170e-01
1.590284720930778412e-02,-3.070037985280683057e-01
-8.388630509889759557e-01,1.199250752382515078e-01
5.838176968394481747e-02,1.007464013960012839e+00
-1.035002485979380493e+00,9.755425275732100276e-01
1.706386799498667006e-01,1.076186862076349504e+00
-1.424206808998443874e+00,9.511968689457703241e-02
-1.204534009618827062e+00,-1.346135918402991405e-01
8.616744575629396719e-02,1.123503994177679655e+00
1.740665799424412075e-01,9.025228372130870147e-01
-2.996991626903112160e-01,-1.889517568522185859e-02
-1.653694878241711574e-01,1.387146983545679335e+00
2.540721333828497852e-01,1.396306050908412144e-01
-9.037167207128358193e-01,1.445261521394082038e+00
3.630450170644976549e-01,1.187764368170352691e+00
9.282743919656076537e-02,-1.891113848836796230e-01
-4.312637550035689493e-01,3.723083874059517906e-01
4.901633061152035897e-02,1.151780546787555926e+00
-9.661622395747777869e-02,6.164166365468071174e-01
-1.326465400216317425e+00,1.064158746614488477e-01
-8.897722649379647963e-01,1.085757993365739527e+00
-1.104709692625982287e+00,8.876935803097678601e-01
6.112498474860802999e-02,-3.475699530228516521e-01
-9.651191495743622895e-01,1.347681630880439574e+00
-1.080856795555385830e+00,-1.845070087615028470e-02
-1.287543358623960237e-02,9.418304053806711984e-01
-1.454558344956878191e+00,1.048705091613487905e+00
1.753566656029923176e-01,1.015004373379881031e+00
-9.815819330274667687e-01,1.068011534981004207e+00
-1.084563239411304281e+00,5.111868345860570706e-02
-7.154288044443171124e-01,-4.959302436651165380e-02
-2.502044309158089203e-02,-2.979476293970575746e-03
-1.085672518829460698e+00,-4.994403555941132750e-02
-8.641227637747623813e-01,1.405062617198005182e+00
-1.523615589113147539e-01,3.237547390385644430e-01
-1.220321013090658324e+00,9.686008570075375079e-01
3.786349713811569817e-01,1.882439962017299628e-01
-2.304048450752282234e-02,2.441302632623776891e-01
-1.105306699080224941e+00,6.825893022220380635e-01
-2.112492423778409845e-01,-3.723942067881976792e-01
8.167611244082566280e-02,1.019754627772498923e+00
-2.623805064439926893e-01,9.490212923741838669e-01
-3.468623154509687390e-01,7.859741745775469246e-01
-6.738811233566317505e-01,-8.219165904051518867e-02
-1.071235247744728003e+00,8.883645871522055648e-01
-3.161387295461692282e-01,1.242210652281296568e+00
-8.730510656639521583e-02,1.443514202201484631e+00
-1.260858443035870913e+00,1.082099763332168285e+00
4.600643900380855557e-03,8.654714702273584859e-01
-3.845992275050645337e-01,9.769905784041111874e-01
-4.739589427962945800e-01,8.759157477278970427e-01
2.480642285093992983e-01,2.382096373604701278e-01
-5.463021357020911295e-02,1.811935341705328273e-01
-4.652253831694850433e-02,1.071819714153430914e+00
-3.624557648890356365e-01,1.840428503164705798e-01
-9.031145965185535252e-01,6.435838180960046229e-01
-1.319158197665316612e+00,-3.333300556093967137e-01
-2.752630694898123079e-02,2.683948256208747440e-01
-9.081258217737442351e-02,-2.493350744528050889e-01
-2.054236717859118933e-01,9.658862907304851531e-01
2.386342786996481155e-02,9.856670046982126676e-01
4.831371542192371832e-02,1.243440953149950623e+00
1.276159555105701726e-01,1.090610121907112484e+00
-2.057603625934368852e-01,-1.291682426175658760e-01
7.538276423691642192e-02,1.265909365281567611e+00
-4.074981171904388799e-01,8.835273686971655271e-01
2.328367615119345674e-02,1.058517328168775640e+00
-8.260738583251840961e-01,7.104163089098161077e-01
8.390496603052352564e-02,1.251901249791824711e+00
-9.997371151346905183e-03,3.838347998193112343e-01
1.076236075845464907e-01,8.537530472153342931e-01
-1.357858734010424229e+00,-1.264566779445698286e-01
-1.196211899846187476e+00,1.938723240681020435e-02
3.970241978226493954e-03,8.491154538237393190e-01
-8.213887799634488063e-02,5.840532425330224875e-02
-2.691201825386601021e-01,-9.902225288377729251e-02
-1.013719326636581375e+00,1.232065596808389757e-01
7.294615165704430859e-02,7.060081471077179760e-01
-9.863427055654356845e-01,2.324711864256717997e-01
3.362918109052719373e-01,9.095807151632125942e-01
2.498653282107970997e-02,1.022362034664177077e+00
-3.283507867647627587e-01,1.218008542957438323e+00
-7.919194715484449976e-01,-4.022389574553295044e-02
-9.378203385415945226e-01,8.881680045728136408e-01
1.305841086011824692e-01,1.733212223971996313e-01
3.598169018412302606e-02,-2.626879043922750179e-01
-1.801457783222344122e-01,3.292681274184647289e-01
5.508948202867414157e-02,9.009893211611625929e-01
-1.267932844938820525e+00,8.767579269168082057e-01
3.218405134280548086e-01,-3.493561255283111344e-01
1.217817490793130647e-01,3.500341720819400426e-01
9.287417176578526001e-02,1.705513694920862966e-01
-7.967943674100798068e-01,1.638096061945076565e-01
-7.668082403957237059e-01,-3.638941427279350493e-02
3.038276795654284435e-01,-1.926672591899813713e-01
-1.090054499008053845e+00,1.141169280496981964e+00
-7.285786380380496752e-01,2.582702674960152822e-01
-8.117228780155647527e-01,1.495401346593488445e-01
-1.048760867064350011e+00,1.338540926170908918e+00
3.494437187391495614e-02,1.455683741687147092e+00
1.838341809417623762e-01,8.394500111329461500e-01
1.062511335200427703e-01,7.986638231837250856e-02
-7.077155518756755859e-02,-3.035557254282759132e-01
2.232334278657208682e-01,1.208314868330333969e+00
-9.583630227792307166e-02,-1.202953414239994190e-01
7.318973679201753318e-03,1.267670982379649258e+00
-1.326047164709862614e+00,-4.637894680769284461e-01
-1.205417414167275103e+00,1.214320975413494486e+00
-9.603431991671362855e-01,7.913219952896846099e-01
1.258373636569048160e-01,9.106437241537991278e-01
-3.146894576658906262e-01,2.316989435045529455e-01
-3.671826278782486241e-02,-2.585197396833604500e-01
-7.384381060676945552e-01,-1.061691047391042642e-01
6.635735132989339924e-02,5.588143940772557355e-02
-7.727524347191533360e-01,8.414486432193464260e-01
-1.411305115917664832e+00,1.169856961712233967e-01
-1.227525931645508273e+00,3.417038584628386277e-01
-1.159475615972066720e+00,6.507118197704311324e-01
-1.933354720188861509e-01,2.384491985333112019e-01
-8.132816880703826190e-02,7.636149732998491757e-01
1.471280820139822809e-01,7.136643802428004335e-01
-7.017485906369520798e-02,7.997291690971594091e-01
-9.476257020920411112e-01,6.875125365727037530e-02
-1.217089227722039091e+00,8.439490481089538809e-01
-1.438366005092198141e-01,3.047457086156573070e-01
-1.022063616524757856e+00,1.056953662496040058e+00
-1.641695493812192763e-01,2.179958071136416931e-01
-8.139029430207891380e-01,1.477906475474704932e-03
-5.879082238971058416e-01,1.382399346464469880e-01
-7.765292963556427175e-01,9.161712988816032022e-01
-1.346419075491135153e+00,-1.452070143680296854e-01
-1.541830206102393908e-01,1.319714857355688720e+00
-1.165197876921323816e+00,-1.779748029455991420e-01
-1.269378506965430198e+00,9.674777965835958116e-02
-1.385508385548125387e-01,1.005214398026875955e+00
-7.961834495425609282e-01,-2.771085557514144648e-01
-9.258876890561135165e-01,8.882594986653539193e-01
-4.706167274277694990e-02,1.174263280669986642e+00
1.942613607846550017e-01,-2.922150696559077110e-01
1.641048232914472382e-01,-3.246138395922238407e-01
-1.060743150410484725e+00,1.347595943735143964e-01
-1.050609998087730812e+00,7.678060605851730891e-01
-5.934420532089283995e-01,-1.316269592265664479e-01
2.535715391837999322e-01,-1.515477236150185314e-01
-8.354323389516674636e-01,1.146909008980488531e+00
-7.543567690383107260e-01,-1.426907823717971369e-01
4.617732483965469870e-02,-8.145780801248012418e-03
1.364061260989108126e-01,8.080000280738567353e-01
-1.001090225579318149e+00,1.106052126325516971e+00
-1.324346423019108654e+00,2.330796935083956911e-01
-1.060599871783471926e-01,9.398865664152213917e-01
-9.625683090408813092e-01,6.367286123345492488e-01
-5.127724615779069017e-01,3.117666805966283761e-01
-1.870401495610828357e-01,-2.981467385698856609e-01
-1.005246647005631488e-01,2.540529019470547656e-01
-1.202563373470955543e+00,9.422734055153504373e-01
9.792389561994971348e-02,9.672204622505963245e-01
-1.172068363571522109e+00,6.355958071324769865e-01
-5.172038696728127327e-01,1.365497739598620752e+00
-1.181546761980930560e+00,1.121337932375893631e+00
-5.545469869805641494e-02,1.246413210291204221e+00
-1.219310057639344302e+00,1.460563569131889949e-01
-7.492739511258406093e-01,9.219843849462976415e-01
-2.015068783535472335e-02,2.348746521638168661e-01
-9.572004716398347934e-01,8.765813321965931770e-01
-1.040870087023045842e+00,8.870074845014228604e-01
-9.059106335989121073e-01,-2.518476524296853758e-01
-9.513182291970624371e-01,9.393551609441952444e-01
-6.784217826406457874e-01,-8.688490510445487369e-02
-2.310483842311664981e-01,3.721590972000229924e-01
-9.502110052864881987e-03,1.189600105677333763e+00
6.301621784164115891e-02,8.603130661950849634e-01
-7.513898873784026211e-01,1.170885064400995379e+00
-2.013197444223504828e-01,-2.637521223816022276e-01
-7.280522237000275343e-01,1.247900679521320333e+00
-4.743270525121101033e-01,7.321547981296763208e-01
5.935279494902110514e-02,3.865094092491897504e-01
-6.242436260109982538e-01,1.193384343052305230e+00
1.060684863782935250e-01,5.118694482660091603e-03
-1.302831262696428904e+00,-1.489690132178398962e-01
1.903999299165910208e-01,1.439154958735902934e+00
-1.623066278992880695e+00,1.096039719743006291e+00
-1.006023088295965096e+00,2.422341732617285526e-01
4.524368539564067176e-02,4.722215150306671161e-01
2.632571943463826170e-01,1.099795037289535982e+00
-8.925836386360543884e-01,3.245887079505029860e-01
-3.636233093150493811e-01,8.690664781143528916e-01
-9.437938889840480350e-01,-2.602369954011530401e-02
2.521471739089078956e-01,9.038773096489827186e-01
-1.094291883370407614e+00,1.160931988227153350e-02
-1.355824251390449708e+00,9.469826012771532797e-01
-1.112424662375903095e+00,5.079789464461774706e-01
-1.032208544154439522e+00,8.298834645501527163e-01
1.939426460680538644e-01,3.307052699615873892e-01
1.544034883238653948e-02,7.736433399800779487e-01
-7.337339847766343182e-01,2.046679323219335322e-01
3.326929674540202164e-01,2.069288132548602333e-02
-1.566237475626658937e-01,1.011573424828587475e+00
4.543851793711148890e-01,1.402106581934776219e+00
-9.721380537344641581e-01,-9.236952961684311014e-02
-6.428045900483249087e-01,1.023920559466155122e+00
-8.401179240211594790e-01,2.316366609071145166e-01
-2.557363252024507649e-01,-8.633765227263842656e-02
9.606261735723609085e-02,-1.941804658705363895e-01
-7.560405530024082443e-01,1.094896268579248932e+00
-9.720085748283779914e-01,7.023526863883488014e-01
-2.488963619244451697e-01,1.149894651070104246e+00
-7.596505999414193688e-01,-9.891265809913210583e-02
-1.027405329425039815e+00,8.056879463469843738e-01
-1.326953980232516095e+00,3.208694616272037003e-01
2.267049766032184777e-01,1.001005664044779753e+00
-9.596564901302853112e-01,-2.759489714547547212e-01
-1.595222454496335374e+00,-3.026821486925550080e-03
-1.128486615666381754e+00,4.141439894580160874e-02
-8.671317210747694348e-01,1.001652817171830634e+00
1.722677992382113665e-01,1.180365609407748817e+00
-4.942936214669510497e-02,1.099653732204868950e+00
-1.035951104083228103e+00,-9.725655334624722093e-02
-1.163079489391980609e-01,1.675600348065810902e-02
-1.240991343845435413e+00,-1.850749420417470426e-01
-6.696872479745252793e-01,8.692110003824533859e-02
2.861870601504014622e-01,1.017972420926622545e+00
-2.317340892978560218e-01,4.677812326685552025e-01
3.062079790266684087e-01,-2.988821199020387787e-01
-1.378626960442145943e+00,1.189019834483183269e+00
-8.754828354484940345e-01,-1.684337043211927287e-01
6.026862126262957919e-02,-6.858563137667726683e-02
-5.959776489505517194e-01,1.049151127957488744e-01
-9.511145693103058296e-02,-3.165543705059964408e-01
-4.304866324905622377e-01,1.010612130932206032e+00
1.012294410156927699e-01,9.867049899029557425e-01
-1.118099656689801602e+00,7.657938423765647817e-01
2.237192534834006874e-01,2.618547033476985031e-01
-8.594022610600250411e-01,1.268954121683212755e+00
-1.309450011598166652e-01,5.025707609013650018e-02
3.192287066574914234e-01,9.988570361485047400e-01
-1.247144740535075513e+00,1.052407359018920241e+00
-2.445247916400839494e-01,9.575293576298086196e-01
-8.162092692989834086e-01,1.107438896217244562e+00
-1.032094385109840085e+00,-1.480230304475716463e-01
-1.084810347380381623e+00,-2.979994494603327437e-01
-7.735667858636464667e-01,7.954309507577215221e-01
2.040607991745263805e-01,-1.870936096926736625e-01
2.369421602559464435e-01,-1.943835935323358077e-01
-1.112512911757547407e+00,6.599890810223134618e-01
-6.619268042376289518e-01,1.062731626420792663e+00
-1.219623839379573749e+00,3.193970210732519632e-01
-1.565677742110102300e-01,1.196419136087392587e+00
-1.143562006904800567e-02,3.917710156951355049e-01
-1.059377348611289182e+00,6.359776735971547912e-02
-1.714997871623065717e-01,-1.327567641109925374e-02
-1.922062186458319277e-01,3.019587502276603330e-01
-1.099336239490555034e+00,-9.476271010002439155e-02
4.562658715812772936e-01,8.163861041243568595e-01
-9.493230446117002508e-01,-1.203379409702714092e-01
-1.904907843648099841e-01,5.034333083479751725e-01
3.226466222666080769e-02,2.186539812167502539e-01
-1.235719110926603470e+00,-4.069793500072347442e-02
-1.549100942574412665e+00,-1.349265792906262640e-01
4.696787155116072948e-02,8.991972322303470877e-01
4.188396220780631063e-02,-5.400267541490759715e-01
-1.629587832736621444e-01,-2.027165239265586987e-03
-9.971377789752603471e-01,1.094799896267063977e+00
-1.099595122345994103e+00,9.098949592264197195e-01
-3.550213506984292722e-01,1.062703211992404251e+00
-1.256769544023619734e+00,-2.081468970395428109e-02
-1.301843749920738036e+00,-1.877717360733208718e-01
1.177585042592557280e-01,-1.263669336343055671e-01
-2.962991972491781784e-02,-4.806306037341023241e-01
-9.512877714532312901e-01,7.245940091894897961e-01
-9.044852818255388893e-01,7.734202394042422046e-01
-7.373531319586673627e-01,-1.685992038017558314e-01
1.953948845688708302e-01,3.119667228748976839e-01
-7.713912948710712758e-01,-2.396284709575261518e-01
-3.319791799473649774e-01,-1.576628807542992394e-01
-7.905723361083465406e-01,1.144836461275342332e+00
-7.416689506289922407e-02,9.699975653766573780e-01
-1.060039691139986751e+00,1.173979195274502896e+00
-1.090109230909402704e+00,9.233863011354370709e-01
-3.919713762651688138e-01,8.547500943569862342e-01
-9.378164338955236046e-01,1.120925035715723217e+00
-8.168169511080540790e-01,1.303426800896943405e+00
-6.783707337143988214e-01,-1.535542187283669424e-01
-9.468188554400411849e-01,-1.011407008577966393e-01
-6.049446128836944991e-01,9.478022660874751981e-01
-5.652695139437338145e-01,1.130803645420329628e+00
1.214701083361625633e-01,1.024981796931018901e-03
-8.806711836739119503e-01,-1.035496225962375394e-01
-7.583295570237318373e-01,-3.042038426602810541e-01
-8.785706921056387619e-01,3.151266383417039574e-01
1.487993194432241650e-01,7.667433330437272154e-01
1.177685912330628248e-01,1.178418483766900504e+00
-9.887927446056692382e-01,2.222880687399769739e-01
-1.683788025583880799e-01,1.113409645496048483e-01
-3.722552703696752063e-01,1.170536355696651487e+00
9.889116140877043937e-02,1.177280780005883626e-01
-1.139274610877746285e+00,1.011023713844166338e-01
1.051674213686394216e-01,-1.412988680615134829e-01
-2.267733680394336537e-01,1.547422917236724427e+00
-5.958649786490077815e-01,3.181045208237444633e-01
-8.971162616647754273e-01,6.696596128795623271e-01
-1.204604598237865032e+00,3.530980242385434731e-01
3.618605799080636121e-02,-1.704976101146493672e-01
1.173630418201298542e-01,6.009685480913224964e-01
-3.129719266837214242e-01,1.003597178997488903e+00
3.536477852176449915e-02,1.059857634972655616e+00
-1.075386486131804986e+00,1.475037888350815951e+00
-8.449462619701713084e-01,1.027200753942516975e+00
3.213537147430255980e-01,6.697071818827479150e-01
-1.125538732573325262e+00,6.952358393459400210e-01
1.201066229246375294e-01,-1.278722957008550098e-01
-3.148036252145282599e-01,1.764236327390489995e-02
-1.134981655558787939e+00,-2.498727766478473222e-01
-1.810605422482894633e-01,-1.821314101845618316e-01
1.516778447640540484e-01,1.094521587128832074e+00
4.331099325496959827e-03,1.132775202396721692e+00
-7.891527870509005282e-01,1.325797408398535993e+00
-1.015685383719316937e+00,-8.890339727732234076e-02
-1.658523385652485582e-02,-8.941885946998594237e-02
-9.871046120876461050e-01,1.258192290146085801e+00
-1.087330409804977194e+00,1.211811342789647972e+00
4.536875896434182376e-02,2.141719046480975719e-01
-8.100397444368940825e-01,1.240870060570487210e+00
-7.189011446249757853e-01,5.867289586866593354e-02
-1.172697510823971667e+00,-7.665624471634630011e-02
2.117268297157455514e-01,-2.586845912559466720e-01
-1.251930826713243183e+00,4.910000605458794687e-01
-1.467534895287336827e+00,-1.515630317935053872e-01
1.411303533273114419e-01,1.009137849884326643e+00
-1.288842520132637559e-01,9.182120517088152578e-01
-3.951517810206719994e-02,1.565151767554888787e-02
-4.475768796961890894e-01,1.254511557782768794e+00
-1.098964244811080349e+00,5.645991879562148874e-01
-7.367725184540534489e-01,7.641506478163274663e-01
-7.708767134448778480e-01,2.646322388481999188e-01
-1.159913044009589500e+00,9.670088479594535213e-01
5.823047585452266472e-02,1.932680978903457969e-01
-1.096842950206876610e+00,7.489924661351023971e-01
-1.040895251957566936e+00,1.934765621432568694e-01
-1.193809914270064443e+00,-1.499248510553068126e-01
-1.250238950465762944e-01,1.212950274785877802e+00
-6.543574624933580219e-01,7.292688677759229243e-01
-8.527470101526117841e-01,8.346927301277379252e-01
1.983699873120158830e-01,8.740251121837924742e-02
3.357237611297708146e-01,-1.672185513581080363e-01
-1.352432819267723740e-01,1.239128078156877422e+00
-8.395908218875994256e-02,-6.210058469631184880e-02
1.862545295921188421e-02,8.329344865496602912e-01
-1.001984090294506746e+00,1.165989206099580677e+00
-8.544953763449563144e-01,-3.401705788089150889e-03
-8.863538371945400840e-01,-3.398849153936502332e-01
-9.904971056098685889e-01,9.420618182952221753e-01
-1.895260424636975929e-02,-2.148910723193050154e-01
2.291082993785676647e-01,-1.224670068105929988e-01
-2.748444746460004806e-01,-3.487766933605863928e-02
1.408144307559792974e-01,8.959163500356321919e-01
8.492142732652324666e-02,7.901530091178076143e-01
-1.093870828506444237e+00,9.238132424663296760e-01
-1.601413209201266952e+00,9.757178612383491378e-01
-3.343086075833868742e-01,7.722914426370214303e-01
-3.091832389924562344e-03,9.615798134238359163e-01
-1.097851515298030156e+00,4.715111250050885161e-02
-1.381330963289923552e+00,-3.600139121051483815e-01
-2.439599761240865972e-01,3.387062929964251845e-01
-1.304709549179630113e-01,-4.698153086836442949e-02
-8.742252651513517936e-01,-1.975381115751031758e-01
-9.981256362358649215e-01,1.473844357890207846e+00
-9.526270473833592378e-01,1.086661954826590781e+00
-1.148439910631601446e+00,-3.446814497559989032e-01
6.194169148252234858e-02,1.323369902121098063e+00
-2.136887746316449288e-01,1.298804857827849935e+00
-1.386360096246801676e+00,-1.150639583700994589e-01
-1.015453458345491500e+00,7.075104425464899816e-01
-1.145780874527540849e+00,-7.019944718665875605e-02
-1.060222222248443646e+00,9.862077067594773316e-01
-1.114966521458427673e+00,1.190150430183761987e+00
-7.366993695784207485e-01,1.011163917558534076e+00
-8.451830426438280419e-01,1.532996708102233985e+00
-4.325110592566387413e-01,5.156943052013039652e-02
1.142511022433093798e-01,2.436364604018737556e-01
-9.963949463485114594e-03,9.257127864646901017e-02
-8.627477536009016124e-01,7.680014430555333060e-01
-3.854134061293928992e-02,8.848675549412851060e-01
1.036081732136680394e-01,9.235556476085167166e-01
-5.337261740686845002e-01,1.181795878616191064e+00
-1.131894319349722844e+00,1.199139250953356273e+00
-5.715690337334430188e-02,9.458023568376229262e-01
-5.168327775386019618e-02,5.969440630377527146e-01
-1.731875357401934934e-01,1.291941011043895138e+00
3.590565144270561060e-01,1.088251206015393935e+00
-6.692111625853601753e-01,1.047612259075203327e-02
-2.527949189039204181e-01,1.538940894705810580e-01
-1.086997916147248722e+00,-2.604854880635953680e-03
7.057473783163262238e-02,5.877763131432343080e-01
-1.039786372676679421e-01,7.802970373040042373e-01
-1.067401091195547158e+00,1.013826545146181202e+00
1.472162386974586734e-01,6.446985750262840265e-01
-1.110846852455277034e+00,8.432896393566127191e-01
-1.850374086769123599e-02,-9.581808228061168553e-02
-8.911552976064655018e-01,1.885223978050982463e-01
-9.305480456473798068e-01,-1.488526583619302346e-01
-1.203971121405786437e+00,9.219616659791585178e-01
-1.228301055002104791e-01,1.184551716864405968e+00
-9.692447890881633610e-01,1.338086145485821277e+00
-1.152163641686039797e-01,9.276637260096807225e-01
-9.239180791072492127e-01,1.076605284696203535e+00
-3.409659599603129809e-01,-9.573927916222876866e-02
4.697873218878149959e-02,1.125461889096799117e+00
-3.013674552703250464e-01,4.739963658101908894e-01
-1.176604604399144716e+00,1.560115914750638932e+00
1.161575210571360178e-01,1.207080836599464746e+00
-8.160436693644742556e-01,-9.463160747590451671e-02
4.218173649807456238e-01,-3.073799134271894551e-01
1.441336872062709551e-01,9.257213458061847033e-01
-8.571423368632550277e-01,9.065151538559538258e-01
-1.015118800270385507e-01,9.546840782744857590e-01
-1.159054406481180077e+00,9.025486105774809253e-01
2.405546888931383576e-01,1.156209061133009142e+00
-8.403318767326635186e-01,2.957513996622284647e-01
-9.326190514084218286e-01,3.694322893724981405e-02
-9.740414719803028865e-01,1.054369012419083651e+00
7.320473397595404774e-02,-3.090034119882967278e-01
4.055496095684388291e-01,8.852341153926814865e-01
2.535208635892542972e-01,1.050238559355036960e+00
-1.708133028928047192e-01,1.068336909059892204e+00
-8.788141257149021390e-01,1.188444046657041619e+00
-1.068190962268374511e+00,-2.851953763871430125e-02
7.367074913006513293e-02,1.280910421201997940e+00
-9.491337754792954218e-02,1.908894753498491248e-01
-1.917314053635608695e-01,1.059919302780917144e-01
-1.305179885747854041e+00,2.772482539126800982e-01
3.579916949687438898e-01,1.632512660403774019e-01
-8.036169792809996215e-01,-5.776290207900964396e-02
-1.357063728532415636e+00,-8.629370048642519275e-02
-8.722390606549225156e-01,-2.693321592429874234e-01
-1.292701782443897995e+00,1.186181782921762684e+00
-1.381541284431102357e+00,6.555139551492621397e-01
-8.205588725164328912e-01,9.222268937234614494e-01
3.171134826149176744e-01,-1.425625791484589344e-01
1.271326004654392376e-02,-7.617547465692607600e-02
-1.270479195127906191e+00,-2.649794851409922880e-01
-1.344178494792457046e-01,1.126095805883799317e+00
-1.240666445962199882e+00,1.379692348820505954e+00
-1.176284093383865192e+00,5.836802337758587728e-02
-1.013103826187532475e+00,1.152658363580973067e+00
-9.354602613060341021e-01,1.496894409040004259e+00
3.633741195332797908e-02,8.739499383610934702e-01
-4.506433990609397949e-02,1.161894378932999849e+00
-1.210990430952152863e+00,-9.626689052087632203e-02
-5.132337959422874629e-01,-2.685242637674104677e-02
-1.328054341280731965e+00,1.119303848765037968e+00
-7.820208006334390394e-01,1.470221230476517760e-01
-5.231586502682748774e-02,1.234538286954032893e+00
-8.444858471398034028e-02,6.896936984213892785e-01
-1.258883705766940420e+00,1.007881261478432267e+00
-8.034128606493569080e-01,8.384816221148273518e-01
1.029759534528123521e-01,2.722323837439239447e-01
-5.758427174502103174e-01,-2.134927754476766484e-02
-1.186820611358170074e+00,8.378423049930325828e-01
-6.372603483523057166e-01,3.686969716199742231e-02
-1.035512159635081142e+00,2.118628146517225960e-02
2.010263645748847361e-01,1.395647994640883072e+00
-2.517314960691322545e-01,8.510777732236429749e-01
1.591279574889528925e-01,9.094219383740892448e-01
7.356262374419225702e-02,-4.022273695144429895e-01
-3.190155132851314468e-01,1.307965528468734429e-01
-2.004864028666825948e-01,-1.634868523072097735e-01
-1.087502567089179806e+00,3.109420946529853347e-01
-6.896378848062545419e-01,1.510840210327172528e+00
1.508705029841726497e-01,1.069010000286021889e+00
1.568348028283078066e-01,7.559634834757050781e-01
1.159161668497963593e-01,-2.763712527015098619e-01
-7.119723698164448673e-03,3.613086787215533113e-01
-8.390693513378313373e-01,1.200363622101149996e+00
-8.300209599260974791e-01,3.101444731497586815e-01
-4.982016435619138900e-02,-4.250310303609478035e-01
1.513685342705202719e-01,7.665456239255120652e-01
-5.316195764379925137e-01,1.035571009964255218e+00
-1.905026520855895023e-01,3.805721557830988866e-01
-9.347292364485326743e-01,-3.823740070190299045e-01
-7.890894868446208799e-01,7.591078773204775754e-01
-1.481676023756917981e+00,5.719073735626306609e-02
-7.876130649752393076e-01,2.383935102917990323e-03
2.460130970963431973e-01,1.444179081812238641e+00
-1.103498698002085332e+00,-1.131269036887556229e-01
-6.734609246572009766e-01,1.146592315650240446e+00
-9.882189331531952003e-01,1.099886485755009025e+00
-7.142374279520606883e-01,1.057002733018999274e+00
-9.072286353017874339e-01,3.761273467303494766e-01
-9.017861859525353463e-01,8.008752155862219890e-01
-5.769350564253419300e-01,1.030674569077778102e+00
-1.192959066213946651e+00,-1.789760042287728836e-01
-1.173666707801659825e+00,-7.650196769733487445e-02
-6.302784497490985238e-01,1.406873604281346335e+00
-2.421168212793845323e-02,1.110906418330286499e-01
-1.633603354003282382e-01,1.372836036717610231e+00
-1.255736360780612904e+00,9.909054225542509586e-01
-5.558541181284102350e-01,1.173822443930085391e-01
5.959211704280762550e-02,6.606837097913302870e-01
-9.943220813059668040e-02,1.139402247901286636e+00
2.214415162721762587e-01,-4.006287647519762851e-01
1.380994879303363843e-01,-7.036090948099947562e-02
-7.428262728034233930e-01,1.391064282354461890e+00
-3.521428023992629469e-02,2.898973297782357350e-01
-1.575006373987556385e-01,1.072262181491915461e-01
-1.449123156898193487e+00,9.487015498413263748e-01
-9.751049317851291365e-01,-1.784099196456638003e-01
-8.974931807167660924e-01,6.253311297686514614e-01
-1.133111901488821793e+00,8.233507646249111911e-01
-1.294619621633537276e+00,6.525365760037667995e-01
1.573259053749927472e-01,-5.139272210219271442e-02
1.343888469744825287e-01,1.138656982506114496e-01
-1.052949727238582156e+00,7.135838638443068316e-01
-7.789831635843691426e-01,-3.533755630628631628e-01
7.325247163415013474e-02,1.286751115994800188e+00
-8.204876435285994862e-01,3.878012008512061182e-01
-8.827853584781568674e-01,1.242114738842781119e+00
-1.070699101885948412e+00,1.310301926892662339e+00
-1.397245557919091885e+00,-1.510060577761676015e-01
-1.378596511027299354e-01,2.168441421460755025e-01
-1.340239450465163518e-01,1.049224991755918435e+00
-1.142433830445636955e+00,8.463588644286124119e-01
-1.941915379002771141e-02,1.317897198261005709e+00
-2.284616711283698771e-03,-1.602167761303631699e-01
-9.864864310110020226e-04,1.099843803617649884e+00
-1.101015469792383294e+00,1.081391601084213505e+00
-2.599772155635465473e-02,-6.073371284643911891e-03
-1.199642681407761202e+00,-2.389274135004115229e-01
-1.193202725463142322e+00,1.356694844789023413e-01
-8.353724269560910964e-02,8.619608071589113241e-02
-6.094895738073333735e-01,1.255805117864761122e+00
2.450604393959633989e-02,7.772059539246563009e-01
-9.995347452264214949e-01,2.695811982609682689e-01
-8.116483423801009733e-01,6.908945271571238500e-01
-1.544353402436879075e-01,1.088344900898814860e+00
-4.302350380601639712e-02,-1.527037436319760022e-01
-3.525625678013266651e-01,1.018580791579068556e+00
-1.641591455423319357e-01,-5.258782471322606122e-01
1.052598348345363533e-01,-1.555027373834602100e-01
-1.053834644386515640e+00,9.112183539599102433e-01
6.540703108864182047e-02,4.413088832792402133e-02
-1.967803506773654620e-01,9.661566998959674191e-01
-1.553123535549136569e-01,-2.672417440736423178e-01
1.922922433356922811e-01,1.522120450522784496e-01
-3.249525912690597734e-02,1.134705068093094793e+00
-1.111305337821369532e+00,9.294970298363666728e-02
-9.821429834415248417e-01,1.039745565019150497e+00
-1.068804469048568073e+00,3.701902592774213852e-01
-6.277749093000914993e-01,8.618098910826801351e-01
-9.936914162822685359e-01,-1.956086915294149853e-01
-7.035653470177922753e-01,1.358032527583028060e+00
1.147351131473049735e-02,-1.057379172796816258e-01
-1.218113709258749289e+00,-5.185331254615156704e-02
1.686182389237141643e-01,1.183861065020397341e+00
-1.072096618735516538e+00,1.605074037179080315e-01
-1.492456279950134246e-01,7.214735050753207091e-01
-1.250453666556846199e+00,1.081294992907250174e+00
-1.190534791979089180e+00,1.423053333434302514e+00
-1.119119138408037895e+00,1.356857285485707498e+00
-1.215588055496250458e-01,1.029827882605662603e+00
2.795126463568395336e-01,5.375352955842827539e-04
-8.483289793400843326e-01,1.794174150593007971e-02
5.801304796022629939e-02,-8.328677532817201426e-03
-1.480245332688088666e+00,-1.515698789241101685e-01
-1.440456357641190177e+00,-5.938127373851576074e-02
-1.093648826534290963e+00,-8.749022072642570480e-02
3.208975359543701777e-02,-3.728553253790418964e-02
-3.840974118232313717e-01,8.607138950098487395e-01
-8.055332590668858872e-01,8.714125252450330983e-01
-2.246510504230365413e-01,9.289638158404715795e-02
8.767299937933463461e-02,1.083156766836759655e+00
-8.412442019579606800e-01,-7.309612037958147790e-02
-1.461771506662817188e+00,-1.117453379757891302e-01
-1.420800521395276128e+00,7.842830173685074735e-01
-2.480877522548979863e-01,-1.549832925534313788e-01
-9.325500412830953767e-01,4.319749712805509012e-01
1.527374060429256830e-01,1.086722751285106092e+00
-1.023606760513903868e+00,9.917065922201233619e-01
2.623406656694766137e-01,1.211171372714498450e-02
-3.742838826775150562e-01,-1.647888138102863650e-02
-6.183126283329860584e-01,6.685150136226514217e-01
-1.004755743834008230e+00,6.993405309487277233e-02
2.243468716007983865e-01,1.715636120155067945e-01
-1.044996122397091831e+00,-1.565746762438525730e-01
-6.137488749327602716e-02,9.670406752413454043e-01
-8.802785998311005167e-02,-9.528409934835822825e-02
1.647257081978618087e-01,-1.474438331573804384e-01
-8.613151974719409631e-01,6.078370863657784895e-01
1.344790455531698070e-01,4.591629914861983935e-02
3.497807309675493581e-02,1.250619692792605653e+00
-1.475113935003762755e+00,5.622369103901225795e-01
2.963928153091640039e-01,1.032790583922236216e+00
-1.796162527254166197e-01,2.122726660254450892e-01
-3.300699078492330078e-03,-1.283522326941768099e-01
9.457595650031988543e-02,-1.940807915486018886e-02
1.022440634008824484e-01,9.799027745420541002e-01
9.858103734416054365e-02,7.338263973265124473e-01
-1.035297885427046261e+00,2.325274833326811119e-01
-1.228911932163573306e+00,1.028036094864527517e+00
-1.076306656329068634e+00,-1.398171626872382611e-01
-5.593181799048069225e-02,8.304541970833765330e-01
-1.325229744270476573e+00,8.525448191170696965e-01
-1.274901524230752869e+00,1.481082130270775787e-01
-9.587596274415591813e-01,2.627908965055134605e-01
-7.667865325888312267e-01,8.684739255037903227e-01
6.712589710196011084e-02,-6.092247990181877126e-01
-1.117961347409259787e+00,-2.931696409091300581e-01
-1.271905239680592103e+00,8.769486058634436976e-01
-1.291004073039517530e-01,7.000226655690641175e-01
-1.199831801251857843e+00,1.057581507208400273e+00
-1.109721172275973888e+00,1.450367917548354812e+00
1.475232541653085094e-01,-5.623918799465051077e-02
-5.370966419591693963e-01,3.314049872468326496e-01
-1.109944228516143383e+00,7.017895474312754178e-01
-8.371692774581908081e-01,7.451455672727751445e-01
-1.035639007985491800e+00,1.268409115939344467e+00
1.426694079793572496e-02,8.246907226607773644e-01
-3.910478904799313815e-01,-1.331164024070355389e-02
-1.153753219590794021e-01,9.502338890935947413e-01
1.747209144923473068e-01,4.595270180883428424e-01
-7.677934893844147179e-01,5.698143987542945120e-03
2.191176855750518460e-01,1.089632911794778947e+00
-8.868559096312904622e-01,9.357378976930051939e-01
-1.173947526751107917e+00,8.424258938028981181e-01
-1.156587920234684930e+00,-8.347981034772204711e-02
-1.085687302186546105e-01,1.291590834861138681e+00
-6.865775705115878189e-03,1.105245968813176161e+00
-1.087710912059933754e+00,-1.964490012650983997e-01
-1.400862008921194057e+00,9.738971281384571910e-01
-1.711564398169001522e-01,1.180400181103181456e+00
-7.332118812189829526e-01,8.708977012667561413e-01
-5.290018293570766250e-01,3.116037196141220877e-01
1.943971718638085322e-01,8.656883059919391332e-01
-2.738201461855848118e-01,1.000288410945987749e+00
-1.309768184074083797e-01,8.743530599083795263e-01
-8.145004825179340546e-01,2.875921853364157149e-02
-8.670242735929897249e-01,1.343179036742583099e+00
-1.490474827388469092e-01,-1.521656304896660816e-01
1.615691753915793338e-01,-3.186380876271666107e-01
1.982860678357597495e-01,2.012397694436061646e-01
-7.904530418038563377e-01,8.142284064194059701e-01
-6.362272394628460948e-01,9.709792900818819961e-01
-1.829527515219180334e-01,8.619805747905296966e-01
-9.150545776992766722e-01,5.181336150945939911e-01
3.816994770877130683e-01,1.167789882603549323e+00
-8.576592044135124271e-02,4.647984485713578529e-02
-1.074717763358549755e-03,1.007092529958071525e+00
-1.018963990275038922e+00,1.022760921964749103e+00
-7.111162524880927371e-01,1.086520985907045045e+00
-3.298003383991845311e-02,1.756306238093438277e-01
-1.130250821179769938e+00,1.590831680923713853e-01
-4.966819158590228822e-01,4.150714662583284698e-01
1.084798262317333561e-01,-1.843036012530310241e-01
-9.115264369448690118e-01,1.031362933918412578e-01
-3.869270923681684682e-01,3.346111732080994106e-01
-9.123967415536144987e-01,8.468053895402347653e-01
-8.117575828246785807e-01,9.309539020829962208e-01
4.448501688419339434e-03,-9.598638469886701385e-02
4.208938999367613509e-01,-1.898481277136368217e-01
-7.725401280800145987e-01,-4.028766929582401346e-01
-1.112888495024968671e+00,5.975979270215976413e-01
-9.910577362097691134e-01,-1.511865597582108811e-01
-1.836575399140046860e-01,2.970573910504413773e-01
-2.910946182482386235e-01,8.961266433272098153e-01
-4.292454852164728080e-02,1.270340179793769897e+00
3.145790057352189639e-01,3.877688385151766837e-01
-9.303931637137597965e-01,9.295772388356086102e-01
-6.423885747152329184e-01,6.617299276964144772e-01
-2.082182084665624988e-01,1.018208741912574267e+00
-1.116764351462483873e+00,1.629569576271047371e+00
-1.609221069363145906e-01,2.229736682427173600e-01
-2.865665583140643569e-01,1.572186916784816813e+00
-7.606668943017345086e-01,-4.919476384833906119e-02
-1.692935219030243243e-01,9.447775007648380186e-01
3.658170081563770493e-02,1.877710716866960450e-01
-7.496237712796075536e-01,9.129203125251148521e-01
2.689152242435985732e-02,3.892360712466817474e-01
-6.590604941872750810e-01,-2.873134285657095166e-01
1.005876466725197649e-01,3.241508395656509944e-01
-3.748929999157826209e-01,7.209722348391622848e-01
-9.482367976123308173e-01,3.852699716323541579e-01
-1.264328464358540627e+00,-1.628869242532499650e-01
-1.144944363533781040e+00,-1.062763785549781098e-01
3.361541635767780756e-01,1.204576826025262282e+00
-1.484444973147253100e-01,-2.091467484606695515e-01
-1.297071472780107371e+00,7.021796439265896028e-01
-4.429265992944397823e-01,7.371429722392437434e-01
-6.855846791551311048e-01,1.029590700604751774e+00
-1.098906547063905670e+00,1.132000239450720480e+00
-1.276663162346126423e+00,8.326798745989183459e-01
-1.318179185024046518e+00,-1.334265999671199743e-01
-2.102736641079785695e-01,1.048319381407701451e-01
-1.354754153234440484e+00,5.804600075627552869e-01
-1.221641977859837302e+00,1.745754793785064818e-01
-1.013773872707520590e-02,8.573948812829595978e-01
-2.826925919384372099e-01,-1.374498324299902596e-01
-1.224226623454135021e+00,-6.331800365915030149e-02
-5.232711101737632653e-01,4.359089905133085585e-01
-9.791919777593907082e-01,-1.696440640438058589e-01
-2.783860599018208037e-01,8.412580168529282254e-01
-1.072165641315270701e+00,1.017371353216428354e+00
-8.976907084931283753e-01,8.875088103442824172e-01
-3.449746235157162833e-01,1.109251944966341608e+00
-6.784222903474060873e-01,9.475006920439592584e-01
6.694891960282521592e-02,1.034118903437080544e-01
-1.311824266820505791e+00,1.070053704463617361e+00
1.541528397047516874e-01,-1.949163706020276554e-01
1.727053384764241639e-01,-4.618892458299387466e-02
-4.279212372378957685e-01,-1.149482622733129789e-01
-1.008430172277290149e+00,3.620093675120449328e-01
-8.005775519950308894e-01,2.586984905711025018e-01
-1.199308162683684344e-04,-1.120046394672963123e-02
1.261436959483973330e-01,8.695179794904025483e-01
-1.067077032898643862e+00,2.145878672656143793e-01
-9.310128953154481746e-01,6.399947004848252075e-01
-1.523585990217104058e+00,6.604353430776690459e-01
-9.243886680442560122e-01,7.621885153792099521e-01
-8.657216044029016899e-01,7.573496200896682184e-01
-1.380878299858143143e-01,8.860980615015892070e-01
-2.922832196497999191e-01,1.673182106739515979e-02
-1.066940708907376578e+00,-1.292191089063975395e-01
-9.895500196694378969e-01,1.328882606204721428e+00
-9.164133688835813807e-01,1.066371436934086647e+00
-1.105634751404350524e+00,-1.737641818310413644e-01
-8.044367822839884052e-01,1.208171965091898947e+00
-1.191057168664260812e+00,-1.802083359740227764e-01
-1.079962805855959829e+00,1.002274409741468864e+00
-9.794837431636783665e-01,3.824097227220467077e-01
-1.179511450596022026e+00,1.051532670707338246e+00
-1.342913520014338280e-01,1.114673337815157650e+00
-8.918448835529231289e-01,-2.122053367688579995e-01
1.811607022678849432e-01,1.024262848479694954e+00
-1.291857459582909373e-01,9.764977798395594322e-01
8.706798826082159937e-02,1.056920544087638358e+00
-1.095242642320100712e+00,1.394391302626042661e-02
-1.751990995789557554e-02,9.776419887030712852e-01
-1.119907546459114833e+00,9.817525446100152653e-01
-1.094196422595334450e+00,6.779577210706911883e-01
-1.292586154488627681e+00,-2.056782092895337866e-01
-1.212572501386659951e+00,1.111420475298695587e+00
-4.791845029421368807e-01,7.632044804739837041e-01
-1.293864570659515767e+00,-2.935797264663698725e-01
-9.306008002118190126e-01,5.485927726834304019e-02
-3.541808355384114537e-01,1.249790182873162792e+00
-9.514503588250246002e-01,9.214107683874077637e-01
-2.951259140225148681e-01,1.065070870163078665e+00
-1.007939227879318000e+00,1.226320635302600826e+00
-8.681427378383584914e-01,9.927747484044484594e-01
-2.905247188644131673e-01,1.974402325821586202e-01
-9.033256035077407153e-01,6.419950307825425528e-02
-8.601745748435613015e-03,3.070700934000907267e-01
5.280375669195149779e-01,-3.789737946787363199e-01
-3.714738349876222645e-01,8.532693429085892456e-01
-1.056536678406524432e+00,-4.410544235873639640e-02
3.117994001009468663e-01,1.261426903738346983e+00
1.700977616503997758e-01,1.095189783464599609e+00
-2.916780974801825299e-01,2.266859124591145414e-01
2.949055500698285689e-02,1.818901367450829198e-01
-5.355974849052840686e-02,-5.178478311032280040e-02
-8.172490029071490802e-01,1.277175305276082806e+00
1.030546329234621056e-01,1.391037355549777643e-01
-3.497959953777748376e-01,5.859961006458185295e-01
-6.566501920973157880e-01,7.108555270859516773e-01
-1.233696452920689302e+00,8.578830415781069085e-01
-1.074759673937793619e-01,-1.425026859783466715e-01
-1.569696482411884197e-01,-1.291829345911804927e-01
-1.186047709743013545e+00,9.660520398750586102e-01
2.208423607615299655e-01,-1.321883056100915318e-02
-7.927606777537097305e-01,1.060428310401371865e+00
-8.701013007280837541e-02,1.358648656939873967e-01
-1.292542877430360448e-01,-4.479068182321135905e-01
-8.179192267123927551e-02,1.606616546728313777e+00
-1.135350404399036339e+00,1.374540436601463522e+00
9.993320517346981902e-02,1.047855250162377905e+00
-9.090255811729973656e-01,6.224712240234244603e-02
-3.069646943840579900e-01,1.110238158055676605e+00
2.776349401611776790e-01,1.835334776375944221e-01
4.346979048736906992e-01,-1.762793802825633749e-01
-9.408655054429669873e-01,1.060889685238652236e+00
-8.854270163704037744e-01,9.614731043179108871e-01
-9.882604943466661851e-01,1.062347032374502565e+00
-1.578537491208036880e-01,1.729922920293738564e-01
-1.223008777989466278e+00,-1.047175591269386419e-01
-1.339984825413575997e+00,7.518400916088228136e-01
3.421103227313308098e-02,1.045815335452118688e+00
2.052734986796920236e-01,1.113191520798657352e+00
1.715067064149601583e-01,1.326158843743991067e+00
-3.767229747319967847e-01,-7.416715506153356841e-02
-1.232217297189239780e+00,2.583523738072723841e-01
-1.084231856600980093e+00,-6.062923806893025791e-01
-2.674630042449217537e-01,8.719858660652064497e-01
-1.261147458172368285e+00,5.478221794753867363e-02
-2.652587036378809549e-01,7.241906529972697015e-01
-1.305998796873763634e+00,1.030628238961839971e+00
2.975392832174313384e-01,8.827429812593222680e-01
-9.759266602186895956e-02,-5.747405744330747607e-02
-8.335994733812006341e-02,-1.886859388044373198e-01
-1.305109660125194360e-01,6.138628913920419761e-01
-1.218077165337860673e-01,8.445325349717345276e-01
-7.447675401906228565e-01,8.031751281015179211e-01
-3.988900493123952173e-02,1.200840366915671975e+00
-1.516510347531701886e+00,1.074061332278078984e+00
5.743485713269787934e-02,9.205839684981529381e-01
-8.531755517746815176e-01,4.854475317006168300e-01
-1.999069119150240492e-01,5.081436428022583218e-01
-1.407411915351041376e+00,-7.811639372987652652e-02
-2.444680834656160623e-02,-2.735606418206860124e-01
-1.201557188080981491e-02,1.067324652105452021e+00
-1.029087084971416488e-01,1.445133071536086389e+00
-1.028127632752196430e+00,1.435621687666580160e+00
-6.160689825956543464e-01,1.278601862760625041e+00
-2.025209434044198398e-01,2.428051544135354511e-01
2.397248175277900961e-01,-3.345526762564950962e-01
-6.723922025024600124e-01,9.059863376771467580e-01
-2.800159250957596005e-02,-2.141749376777898617e-01
1.862443900822931264e-01,1.020435470848813475e+00
2.270769117232465661e-02,3.006401016350530864e-03
4.331309731545726627e-02,7.562094396603694646e-01
-1.321950229949250821e-01,1.836826090395068944e-02
-1.132477127466690936e+00,9.619649968443380050e-01
-1.531269152097438843e-03,-1.108295991238617412e-01
-9.875020192926708962e-01,1.224405003964146754e+00
-5.066265528599938062e-01,1.098011088004179348e-01
-2.802035940669602709e-01,1.025069341670462375e+00
-1.308294765822089811e+00,-2.033603479113351153e-01
-7.893994302262936913e-02,1.096526347526191048e+00
-1.205289450774136295e+00,2.370727908311616727e-01
1.403369053081839068e-01,2.531250775655724539e-01
-7.401752251755271128e-02,1.886044648566067850e-01
-4.088018051183120449e-02,-2.298758678514913334e-01
-1.388711494223227483e+00,1.445711213434394959e-01
2.622540955920991679e-01,1.063701639184344128e+00
1.152802097129604908e-01,3.479780805055938120e-01
-1.132956056912340026e+00,-2.164241391660692571e-01
1.311872880569058264e-01,-2.110369797728205501e-03
-1.116338053383041595e+00,-2.868245739159541036e-02
-1.595502159175117840e-01,-2.810166430069528931e-01
-1.146661518532758439e+00,-1.761557857081847561e-02
-9.091716524118842457e-01,-4.830915151194281609e-01
-2.539260160590898763e-01,7.593804647788353623e-01
-8.470796348010188603e-02,-3.074218986924821539e-01
7.393078709467118537e-02,9.390605275145104125e-01
-4.390861247897926978e-01,1.034566060299999535e+00
-1.075033869157503208e+00,-1.679329073457520305e-01
1.061721276434666600e-01,5.321663311141972691e-02
-1.228436366668762325e+00,-4.239734105118928564e-01
-6.626175740634026035e-01,2.585869850507569456e-01
-8.862992102747000445e-01,1.400823984180525894e+00
-7.548638949635044781e-01,1.006332845834170708e+00
-1.170031973043263562e+00,9.791478382192822516e-02
3.402813065675080323e-02,3.221326188554254899e-01
3.171089565727168158e-01,2.243066032869898696e-01
-2.369747902832798625e-01,1.204698831293198102e+00
-8.585291855874430667e-01,1.327399416703237023e+00
-9.660943830214495376e-02,2.512540445446304060e-02
-3.664469202314927371e-02,8.054095527003327648e-01
-2.241773287478261156e-01,-2.479311718853482449e-01
-1.610054481359789458e-01,7.801695379092979943e-01
-1.151266496659727190e-01,-2.645644937955298204e-01
3.855836405523083155e-02,1.106606643430568804e+00
-7.542215420519866598e-01,1.166945157102635244e+00
-1.664381000010967948e-01,1.368106196949440356e+00
2.099984328075385487e-02,1.877407560665260988e-01
2.069312619723740199e-01,9.270843724298279964e-01
-6.213014899482621756e-01,1.088122354905506572e+00
-8.087029789363133769e-01,-1.501159776944954172e-01
-9.273372427185302413e-01,-1.019473900480303979e-01
2.952813734800472378e-01,6.488853332759903121e-03
-1.156621864715070558e+00,-8.658134123710205243e-02
-1.365798344386489838e+00,1.033216039162910604e+00
-6.364579519800782348e-02,9.064378073901211419e-01
-6.855439068253177393e-01,1.108205257297580015e+00
-1.109561362956271058e+00,1.287352463410065706e+00
-1.177439910321990357e+00,1.217996830526017593e+00
-6.728791558644057202e-01,3.280293452125022102e-01
-9.113713394240904875e-02,-2.744996981868185193e-01
3.180338911735252627e-01,8.968356745253472928e-01
2.714098707370080077e-01,1.255250096252110925e+00
-8.347146292138762913e-01,7.863624071660234582e-01
-8.554349018442217734e-01,8.290429321349996883e-01
-4.158089780663946078e-01,3.126025428918324800e-01
-9.320823822924386715e-01,1.004985686034825854e+00
-2.610962314639376780e-01,1.070991472983267467e+00
-1.058261750699187181e-01,1.117165779312704998e+00
1.781393619703698361e-01,1.103210255896402980e+00
-3.265260034632149200e-01,-2.174435337048884476e-01
-1.569216268112806068e-01,-3.583209809315862637e-02
-1.294073364758966616e+00,1.912123913203294112e-01
-8.959903676600150524e-01,-7.959108798042027755e-02
3.335515835984326771e-01,-4.705830585032398650e-02
-9.046169175057428014e-02,9.471287718421155244e-01
3.847942965726635078e-01,3.629118954456544421e-01
-3.084660682242789109e-01,1.476205301500657097e-01
-3.850193544403363588e-01,9.794824362944507534e-01
-2.557060103855904876e-01,1.040817317779065554e-01
-1.107578156329732666e-01,2.503870312217578668e-03
1.864169868347376469e-01,8.698853240949202537e-01
-8.803656561555122106e-01,-8.597452756056396528e-03
-6.401453049103716930e-02,1.222067478543396923e+00
2.766798728116215966e-01,1.004932886547397652e+00
-1.023840297813447542e+00,8.846075322621930193e-01
-8.259921568096192379e-01,4.683400572922861299e-02
-9.231088060424220698e-01,-3.069018864724892826e-01
-8.739859120487210031e-01,5.863544693337685576e-01
1.432366073244147886e-01,8.769546252420279409e-01
-1.150618597989297553e+00,-7.020434570145571429e-02
-9.138871769281274871e-01,3.101575049398077599e-01
-2.246743717444222577e-01,1.178805279408919882e+00
2.038511156385770795e-01,1.250853967638206443e+00
-1.095946667127156715e+00,1.213535790881859588e+00
-1.280254999423662499e+00,9.564166526726993744e-01
6.725308691506572643e-03,1.052647513379460831e+00
-8.300850620241420619e-02,8.201654474021634611e-01
-9.678708780918967580e-01,1.310500313485260637e+00
-1.240689639790067522e+00,-4.360346051887769026e-01
-8.154304079804610694e-01,1.698733747726803300e-01
-1.015112186378729908e-01,1.948116994422804948e-01
-5.802474307098511724e-02,1.047662067217113968e+00
-1.063337789206210804e+00,9.220066788772224298e-02
-9.039172669896665679e-01,-1.180090000256576455e-01
-4.682455168219782360e-01,1.020047747299930585e-01
7.280351967691271742e-02,4.492208259832152460e-03
5.460302985257945579e-02,5.396470800065563539e-02
2.072671119762370118e-01,-4.526533045308046010e-01
9.139215076659444603e-02,9.536214088295188462e-01
-6.345748428368838678e-02,2.383099163052129071e-02
-1.197483424073323643e+00,-1.342734940390435949e-01
-4.577992454994308374e-02,-1.669815938873432382e-01
-1.016980599352904857e+00,8.251488415597867110e-02
-1.164884382590213763e+00,1.073107694716216143e+00
5.422934362608090170e-02,1.185623387988710142e+00
-1.045374835580708650e+00,-2.374776430572923536e-01
-8.015904017274873006e-01,1.066500590899461365e+00
-1.101068867065666090e+00,1.465252876943194497e-02
-1.151325655520889946e+00,7.471423948276461058e-01
1.132334363893375273e-01,9.197338885355869076e-01
-1.203488082437970341e+00,8.703868649652088951e-01
-9.231601541293344981e-01,1.067645146417512514e+00
-7.519845788163022071e-01,-1.564587522398517838e-01
-8.027223767996545245e-01,1.136380298740881756e+00
-1.159407588263961619e+00,-1.830052554286087652e-01
-6.923802972641543985e-01,3.654695765708861344e-01
-1.152398886365858299e+00,1.264733478214466578e+00
-6.793636418054317672e-02,-1.024704029662813348e-01
-1.244327024104971313e+00,9.674638736148882812e-01
-8.583351650305098834e-02,6.496931067555557215e-02
-2.975409508560898919e-01,-6.737443911477293546e-02
-1.211993098399638535e+00,-3.369295613568706327e-01
4.453281359695464292e-02,1.460350651083486551e-01
-5.094923113295204420e-01,1.323837184234339936e-01
-3.521843598608355164e-01,1.706334806746516441e-01
7.010112485970593221e-02,-2.444702050907416879e-01
-8.311936942768125558e-01,-1.753396926729789695e-01
-2.942281377056790367e-02,8.580829127480945617e-01
-9.244556448222389644e-01,1.051455859558352079e+00
2.447141185530639085e-01,7.998620049418401212e-01
5.360331120244247322e-02,1.380644687406593629e+00
-1.068004476733884545e+00,-1.095260406174647198e-02
-1.720569661641979942e-01,7.932246166037912882e-01
1.577691143572244326e-01,1.068166254680780414e+00
-8.767331311999227994e-01,-1.553605745721156270e-02
-1.237094989940695777e+00,5.939818542848305238e-01
3.840892475240029746e-01,1.322209602245552340e-01
1.420125305288294781e-01,9.578954722699253299e-01
-3.994353214509308581e-01,1.063743616565484551e+00
3.210861292502471126e-02,1.123229463675453399e+00
-1.275522331686807176e+00,9.917609717412786963e-02
-7.075584038391655728e-01,-4.620715533530583841e-02
-8.266334082792580196e-01,1.208475554132164120e+00
3.642738991273404836e-01,7.076958429296160702e-01
-4.413660643827903296e-02,3.497080217897752252e-01
-7.760111664891136130e-01,-1.101646023281055986e-01
-8.843034497822112316e-02,7.603653180208549411e-01
2.338793604117689884e-01,1.697129818831987214e-01
-1.094127299983816526e+00,-8.311782139298268257e-02
2.111319984717184295e-01,5.397385011189086840e-02
1.495522851601774617e-01,7.994293618030406945e-02
-1.370529431849580870e+00,1.217914757479461541e+00
8.677348635681042532e-02,2.319809332020231485e-01
-1.289470678682553384e+00,1.031571404020413807e+00
-7.110258493996006735e-01,1.140868588932238525e+00
-1.003856953968948584e+00,1.072368359550760264e+00
-1.123825130192853239e+00,2.171866827531516563e-03
-1.264284738967874855e+00,7.222335105331856298e-01
-8.783941234322517611e-02,8.295333371777900977e-01
-8.888217093755987896e-01,1.085629216731733626e+00
-1.016709814230592146e+00,1.798511761067466963e-01
-1.184746525440566911e+00,8.304979159401767452e-01
-1.054330129419280837e+00,7.768794919522247211e-01
-8.476734556444349700e-01,1.066807917776504411e+00
-9.896904421411254482e-01,-5.604589701434910254e-02
-2.699365700345613406e-01,1.085243902728000975e+00
-1.311912271494787563e-01,-1.601577511453013414e-01
1.995930515836740471e-01,1.201391291893999375e-01
-8.655773186166929589e-01,-2.455334232691434859e-02
-2.379810269140007761e-01,3.210744680957089425e-01
2.361512747492155659e-02,-6.032390013757824576e-01
-2.261449491406855583e-01,6.769377423176314856e-01
-1.095706776462768373e+00,2.083693053426253772e-01
-1.342163880729439818e+00,-1.296892343300982686e-01
-7.030962333899597461e-01,8.836232745827677926e-01
-1.052204819528085533e+00,1.085472193607589508e+00
-1.155716929566164897e+00,8.818005798184166411e-01
-1.448300135068089634e-01,1.285111048569499426e+00
-1.323432746653953940e+00,-1.387536478695732822e-01
-1.127590268846992094e+00,8.878738293676324833e-01
9.438684095533243779e-02,1.450586126707765766e-01
-9.710838680633058217e-01,-1.182642917892691090e-02
-1.935815570828035292e-01,2.210861282140008932e-01
-6.406082261880053919e-01,1.062151368295697118e+00
1.243999837221067689e-01,1.013336974344499319e+00
-2.463299749772754343e-01,1.129278919501484957e+00
-1.053927448562106850e+00,1.341217763502183358e+00
1.235818175495878996e-01,6.580803980898000116e-01
-1.078580811488884184e+00,7.576475848673634994e-01
-1.337041042330899543e-01,1.484926649061008908e+00
-1.094224062629969962e+00,-1.186109470831608753e-01
-1.116035149358526185e-01,-6.091618023396080245e-02
-8.315954574498716362e-03,-1.941648826183945131e-01
-1.138597322325334948e+00,-1.674855818749464709e-01
-9.352523309288949260e-01,-4.568222002785831126e-01
-1.733237934992893636e-01,1.056244249489420861e+00
1.673184587827577022e-02,-2.419114174918404053e-02
-2.748847471596817527e-01,1.041445757686460194e+00
-9.054818271481201997e-02,9.209314347706788473e-01
3.688633092375054323e-02,2.755101563175455515e-01
-1.188556198447015877e+00,6.760787061517270491e-02
1.989116020080841651e-01,-2.220089675950861485e-01
-1.365716054244429323e+00,9.419372918817032758e-01
-1.214123328835437388e+00,1.281544909320463610e+00
-1.248139080330830097e+00,-3.647765188062923603e-01
1.830134958945090970e-02,1.065816971848972949e+00
-1.401981126554334711e+00,1.161914722674333156e+00
-1.345013903274091316e+00,1.053805297128235008e+00
-9.942053349754109703e-01,8.801984053534041008e-01
-1.253885619171869692e+00,3.464301798784015229e-01
6.340057874485313877e-04,8.473754703474856154e-01
-7.484675971478316203e-01,8.832815039656167766e-01
-1.614487484759195013e-01,7.740729782966994099e-01
-2.525769298518721895e-01,-2.481167690786383606e-01
9.915049797769359685e-02,-7.790566031307288863e-02
6.053990231258258303e-01,1.026107293806277410e+00
-1.102751211651108676e+00,1.176755067333933730e-01
-9.764700457684771795e-01,1.224383573543436216e-01
1.074793735401136235e-01,1.613605254811826817e-01
-1.092671366512107056e+00,2.577287450487745785e-03
-8.709576638326008702e-01,-2.678602508970966412e-01
-8.344048351217295822e-01,-3.124284454867455318e-01
-1.092493206429357322e+00,1.174579455250838178e+00
-1.851228928344407498e-01,-2.297393596349181499e-02
5.319743562079361915e-02,8.473010202899923515e-02
-1.353614481821593385e-01,7.361438000816530325e-01
-7.897353858032526430e-01,-1.347613978362386944e-01
2.910022620478492361e-01,-8.545269062232581370e-02
2.535105283605378346e-01,1.611270069995650867e-01
2.502456472032807966e-01,9.241818024100025841e-01
-1.483247202725781921e+00,5.832917848556255780e-02
-1.318966512732112351e-01,1.475063779019565313e-01
-3.754983666061153524e-01,-2.612263405648124759e-01
-1.230588011017909489e+00,1.155833554751459102e+00
-1.093275811519326846e+00,1.121341721000201908e+00
3.938801669741637257e-01,-7.084329774437302107e-02
-3.778035669139097052e-01,-1.277910605657124332e-01
-1.579434871257121287e-01,8.057042043737333570e-01
4.262215427557797254e-02,-6.862414353049980931e-02
-6.299591669940338666e-03,8.379240676417316624e-01
-2.081611289011279717e-02,9.418677011317427850e-02
-1.113017193300839675e-01,1.028780139790349990e+00
-9.195120128684913796e-01,1.022170847691735496e+00
-1.030589751881970439e+00,-1.337980040505415587e-02
5.735877989844317265e-02,-3.338153606345460322e-01
-4.396003321394832408e-01,5.686198995591149608e-01
-3.698961677855176072e-02,1.182685714524456477e+00
1.368682265670149167e-01,-2.143304212447089963e-01
-8.670173822093881766e-01,1.192572463250723747e+00
-9.337150694921987348e-01,1.172440078721209478e+00
-1.297895746495616009e+00,-1.379737961958906606e-02
-1.198636278089069807e+00,8.928430868494000583e-01
-5.102616604523703414e-02,1.584964537859153214e-02
-9.774028885437185954e-01,9.853660780699244892e-01
1.675495418639074974e-01,1.049671898702363881e+00
-2.912160540650499813e-02,9.194250533361585376e-01
-9.955063185297677864e-01,1.274032646375650835e+00
4.884847782331658977e-02,2.260047490880575660e-01
-9.486031517852312467e-01,9.048563278329926352e-01
-2.432612717828955828e-01,9.385426452329541647e-01
-1.708225513541927060e-02,6.126697908863611985e-01
3.756550910686834444e-01,2.133158090400100459e-01
6.086573378015514013e-01,8.423406628148654152e-01
-1.032169995098346782e-01,1.198295815456533298e+00
-7.638158831322479081e-01,1.819437416681508879e-01
-8.581356649365701195e-01,-5.049096098843278146e-02
2.460701969461179806e-01,1.202500777432678136e+00
-1.531067187109253769e-01,8.564844116186821621e-01
-1.349574375720364205e+00,9.435208260513228140e-01
-1.150223566527554420e+00,1.117429913348239184e-01
-4.507072589060296952e-01,7.965322162326540223e-01
-1.109864601285059260e+00,1.276356450416914701e+00
-9.310201709261838321e-01,1.180057280026393096e+00
-9.465470985072997889e-01,-8.943642917814256799e-02
-1.032348569317715015e+00,1.279154777218859840e+00
7.094351514715885321e-02,9.921298484470553181e-02
1.826563640822490286e-01,3.605479121299753897e-02
-9.140974648526657420e-01,1.001958416461219636e+00
1.962550321575480261e-01,-2.625469001506211542e-01
1.165501010450200881e-01,2.423939020072582440e-01
-1.120108725352503498e+00,1.063890300988319160e+00
-1.623431390832954790e-01,1.140930923499047234e+00
-2.320269769698045034e-02,4.096312353724514826e-02
1.631180078345279838e-01,2.229508127524757466e-01
-1.072444030281629601e-01,8.727446386231310083e-01
9.217749405483938174e-02,8.832149461793946665e-01
-1.080840347791913736e+00,8.546570697641012737e-01
2.249954025330863638e-02,-1.888580170478252329e-01
-4.330421668427009152e-03,8.190553262132084233e-01
-1.187388152380249196e+00,1.334758141872411930e-01
-1.439135529385470423e-02,8.860446601754621287e-01
2.304270206806167398e-01,2.268958010447210683e-01
-1.029765329438965482e+00,-3.049692347083627908e-01
-7.951088024447253710e-01,9.336907882130834890e-02
6.249226906939474996e-02,-7.302756805536624041e-02
-9.096990078927634782e-01,6.316761664012042476e-02
-2.405498248192997901e-01,9.664851906545544047e-01
-1.184759514888344079e+00,7.007456102083748917e-01
9.678056386733477345e-02,8.931560437302175082e-01
-4.557086199278310990e-02,7.547555682347399930e-01
1.078487579673661351e-01,6.045178489888009682e-02
-8.820943879475421356e-01,1.217177663913979746e-01
1.407306737319971024e-01,-8.979933679886752118e-02
1.702881721554412864e-01,1.616504612664931562e-01
1.289615304382268901e-01,1.118556609227061127e+00
-1.044547323822593965e+00,2.276109537778191888e-02
-1.114834099315354266e+00,1.198849227521882499e+00
-1.114924722694730974e+00,2.255124106661344219e-01
9.862601947337029662e-02,1.247974604672505983e+00
-9.236476336617194249e-01,1.242966773952088695e-03
-8.878028179983992185e-01,1.452174860048919491e+00
-1.081179382862800242e+00,7.576485847968438270e-01
-9.236780580036709765e-01,-1.619060288786637603e-01
2.763429125283670684e-01,-9.059374339888277838e-02
3.174098231395190428e-01,1.155632096121229191e+00
-1.239382981841767428e+00,-3.355747023383138794e-01
-1.075607381715409705e+00,1.178943663236019790e-01
3.984144385428153856e-01,2.120717842020654886e-01
2.022448857450343251e-01,2.204046991185259208e-01
-1.112142130354036196e+00,1.113700582201555100e+00
2.140452663469646077e-01,8.232708213732392588e-01
-1.141309315377618816e+00,-2.071236450104173565e-01
3.351917773033093878e-02,5.272376915930106905e-02
-8.320852507667452214e-01,1.346847738979005116e-01
-7.856633072227882097e-01,1.095277717483741586e+00
-3.185702041103649455e-03,1.514661130403538170e-01
1.230405052533674604e-01,9.976087836356272165e-01
8.856481738705478113e-02,1.730646933865304105e-01
-1.028881721815872341e+00,8.717600274958924311e-01
-1.359536774738404619e+00,1.177352634185457658e+00
1.912246352645589897e-02,9.359721338064006524e-01
-1.057926242249728421e+00,-1.237197999048550781e-02
-9.201623129882455787e-01,2.922421609852763336e-01
2.232979232474076314e-01,9.829223412463704568e-01
-5.625246362888204621e-02,-1.626611378017297493e-01
-1.281619471965471435e+00,3.717235755410391307e-01
-9.213029056716155463e-01,5.014633800697629873e-01
-3.588897557025922946e-01,1.271752955545101926e+00
-1.414167980318299822e+00,1.138512567223678662e+00
-7.393546507972933446e-01,-2.646669537562144556e-02
-1.023922184039076200e+00,2.018443162841680183e-01
-7.875998238926540385e-01,-3.165621195600686055e-02
-6.662021905612798278e-01,9.114204745455612988e-01
1.013693609091156078e-01,1.172190347227373142e+00
8.622718812946225664e-03,7.963535126117570195e-01
-6.825277759223347118e-01,1.144517571496711295e+00
-9.243318762958483426e-01,9.167126718618181513e-01
1.104433287002433983e-01,5.708098414505682339e-01
-1.941738724433529073e-01,2.006659511436308385e-01
-6.643244740066405196e-01,-1.943261681618380921e-01
1.382175122437111214e-01,-2.074576528759371208e-01
-2.268565378129141774e-01,7.463673838730515431e-02
1.727406268016459523e-01,1.106665217579239302e+00
-1.091815174170730263e+00,9.139822904039353046e-01
-1.114228663627191557e-01,1.436230587599554576e-01
-4.094330187945495192e-01,5.480799519427299593e-01
-1.143435255215631940e+00,9.211416100125334738e-01
-3.046650105634560735e-01,9.763845387149564514e-01
-8.348205966859441052e-01,9.123339994493442906e-02
-5.817497349001517215e-02,8.838571994460756587e-01
-9.229016681319729409e-02,9.799681728712704432e-02
-8.446404564070071341e-01,3.420415583300834284e-01
2.099833775211090714e-01,7.548772927788223175e-01
-1.256435898433761356e+00,-8.622104934368775286e-02
-1.191900185922850408e+00,6.142564823806624386e-01
-1.208516198216958298e-01,-7.414798311782996865e-02
-9.274251420011114799e-01,-1.427020266671504001e-02
-1.218999254379496688e-01,-6.209348942320765639e-03
-7.663535471758338158e-01,-4.099155802773584711e-01
-3.436819533747803024e-01,2.620483848550205774e-01
-2.125579124207377935e-01,8.890086918041779640e-01
-3.057244039697202265e-01,8.089641901744765162e-01
-8.428610264497705673e-01,1.122909920688498930e+00
-8.454570986235767638e-01,3.954346919110082181e-01
-9.863282427886242987e-01,7.240997976484899734e-01
-8.244566047073206283e-01,-5.019667305870568336e-02
-1.449068715194318013e+00,7.571552626554860499e-01
1.828352430607780577e-01,1.026762343310982262e+00
-1.330606768824610375e+00,1.045968538090326971e+00
-1.166227489839823273e+00,-2.499634884701083803e-01
-9.010928490329678242e-01,-6.454982374935284983e-02
-5.998243769376626101e-03,7.470695995804368383e-01
-9.692949922488054426e-01,9.830073665710314934e-01
-9.923875562925914551e-01,2.841909747595437463e-01
-3.157511139332194183e-01,-2.584572733358591612e-01
-1.566808213087021173e-01,7.216746133352092141e-01
-9.938256708482472446e-01,9.149453627328663075e-01
-4.179341040477007607e-01,-6.423875263448500759e-03
-9.072689029618975498e-01,8.565231895021018227e-01
-1.417311877025785094e+00,2.075389578000875757e-01
-3.792080660273509651e-01,-1.520625953520526596e-01
-2.090805696363821353e-01,5.583794960986417782e-02
-1.098202282161444068e-02,8.314954097393121302e-01
-8.356432771469651799e-01,2.187700899204872429e-01
-1.055845772652717507e+00,9.088861816791077297e-01
-1.091638465652381873e+00,9.699093606769192411e-01
3.298166106541164377e-02,9.273528032237230434e-01
1.628800470637981890e-01,-4.356853895949793221e-01
-3.117278954353780440e-01,1.090643442611267000e+00
1.431985527973162753e-01,8.820904186109259637e-01
-1.418016609083824875e+00,9.534871669588435017e-01
-8.951725132180279321e-01,-1.300197084557974947e-01
4.669497413743248920e-02,6.293375083686056914e-01
2.912143180071953899e-02,-2.692559678656457622e-01
-1.034209774079188460e+00,-2.376388302040613187e-01
-9.235798407824535872e-01,1.056912355623843780e+00
7.599057061484076891e-02,1.493033218399542408e-02
-1.198547088430245822e+00,9.314483748592863321e-01
3.049714759812220954e-01,3.845262464331364316e-01
-1.181195218600639585e+00,-4.774944805396258950e-03
-2.403308710796493025e-02,-4.541011849116963761e-01
-2.971803835593544441e-01,7.905043870989451049e-01
-8.482811795714944036e-01,1.400260161106442913e+00
-1.068834154407117154e+00,1.361344554682351882e-01
-1.235913171645657727e+00,7.515398238132484088e-02
1.986520952498485593e-01,-1.825868739515766059e-01
1.428245199418952949e-01,-1.069554459485090869e-01
-9.632241645018161380e-01,1.477396421361453216e-01
-1.170915481445888862e+00,9.489833147878390385e-01
-1.376398519577053392e+00,1.272278122982956505e+00
-9.652113263360894146e-01,-5.207631697255492818e-03
-1.303236746116549494e+00,3.350718438779867053e-02
-1.150978634912529941e+00,5.444425220541299071e-01
-2.037919717313272649e-01,-4.786966489339743447e-01
-1.504369549084986435e+00,8.233074119477417074e-01
-2.526978951705467075e-02,-3.201983856297960923e-02
-3.147835033087102441e-01,9.384628625288681247e-01
-1.038979153144393264e+00,3.636289919491497158e-01
-9.581019210266065178e-01,-2.268656259693888344e-01
-9.999947022736259683e-01,1.258473103273092475e+00
-1.298034187738881018e+00,-2.655636225098194636e-01
-1.270799642038284993e-01,1.481538245201766413e-01
-1.348887434562622945e+00,1.111487415808506851e+00
-8.121154426991747943e-01,-2.870652591830442080e-01
-3.311830532601409832e-02,7.794626379299002261e-01
-8.920899079748362270e-01,1.130657001421914165e+00
2.353441453029768704e-01,-1.281308408376786168e-01
-1.156267083997515543e+00,1.133037724727664397e+00
3.753591553713544471e-01,1.038029200097329241e+00
-1.974840391181348909e-01,9.636503500088614560e-01
-8.301341864895578349e-01,1.070618445227089932e+00
-8.062899531439475798e-01,1.019022070626107945e+00
-1.224896563947068667e-01,1.791966303592384402e-01
-8.352708538349188361e-01,9.206595877844077347e-02
-1.077162299678986468e+00,8.407974486266258651e-01
-1.400060436661205443e-01,7.453479410351576684e-01
2.668835004338148131e-01,1.226029036959084939e+00
-1.226610233887633683e+00,6.643197126520083984e-01
-9.894805627280095495e-01,1.714949502919286550e-01
-1.311447728157804749e+00,-7.396876591534640166e-02
-9.612493078696134896e-01,-3.167179481467021634e-02
-2.794162664647277250e-01,7.719530114254252728e-01
-1.332896932961761927e+00,1.440487015356258338e+00
3.001317486666786882e-01,-2.722176138797557932e-01
2.043147659404574157e-01,8.633502026096875337e-01
-1.294293101099320609e+00,1.271294883855114577e+00
6.520514493744113960e-01,1.188198700488293014e+00
-7.173939589776012760e-01,1.011848805951951258e+00
-1.122486571014441825e+00,7.639210333801469410e-01
-8.406488443387378773e-01,3.023934605128371367e-02
1.800463742964779068e-01,4.270740444713031492e-01
-1.718420249772910913e-01,9.318602767706422874e-02
-2.772142512728477670e-01,7.541416456334043561e-01
-5.328632509835292685e-01,7.967571867166681754e-01
-4.310549935056794124e-02,6.599624689981208325e-01
-1.182011495808590773e+00,-9.797447052082616792e-02
1.385278684276217143e-01,1.004117600153386913e+00
-9.117528850596319234e-01,-2.521359192366445443e-02
-9.004299474324537478e-01,3.134500219357952422e-01
-1.089992628911508055e+00,7.293768291117284086e-01
-8.288225399822973793e-01,-1.358069055249770674e-01
-9.411267843726529581e-01,1.122512931218434318e+00
-1.420633009288585491e+00,1.244764822858751341e+00
-4.662303028999120053e-02,4.351006688160149460e-01
-8.812934270050518659e-01,4.215857972317187813e-02
-8.228062599043645120e-01,-1.462768190918944666e-01
-9.682399728879982626e-02,-5.905945336314967486e-02
-1.182007075389594597e+00,5.384855616271348039e-02
-9.715004077926143733e-01,5.616027547213411353e-01
-1.135532861701395335e+00,2.596686308511717556e-01
-4.203966565118850279e-02,-5.074300830386534872e-02
-1.390084014104221666e+00,1.350227536222729841e+00
-2.071088769008092023e-02,3.106362364519242858e-01
-1.167506092568467047e+00,1.179764585762629991e+00
-9.693163168529453921e-01,7.159007307360985006e-01
-1.590292749622159718e-01,-1.161929027772990175e-01
-9.316881562164494035e-01,1.067075207518930258e+00
-8.458972887843032584e-01,6.960792503897579309e-01
-1.493371241642039715e-01,1.263157411279538955e+00
-9.984686207118064205e-01,-1.505808057907568887e-01
-2.833387462301331650e-02,1.122958955246489587e+00
-1.623452001954358015e-01,3.097602810268233475e-01
-4.780921942344733104e-03,9.012450374554997756e-01
-2.212680126299519101e-01,2.225648745406037243e-01
4.338167882887666860e-02,-6.806345568969704440e-02
-8.029901066177758118e-01,1.121836654112159604e+00
-1.059223455370684519e+00,1.131924490040812969e+00
-5.636168462106521115e-01,8.725003319490911569e-01
-1.344620554350884345e-01,8.968773040276279973e-01
-9.672192102047075801e-01,1.396492682382863559e-01
-9.808233487515255478e-01,8.703159668981433894e-01
-1.250421317467656501e-02,2.168253046586693100e-01
-1.029298919544991753e+00,7.665383439608411953e-01
-3.739902177850924492e-01,-2.598989558129863320e-02
-1.070430828228019271e+00,4.829843896136901682e-01
-1.172484077928880319e+00,3.996629212723870617e-01
-1.320844493709686152e+00,1.061309847227273506e+00
-2.024266418591959618e-02,-8.194505322429746245e-04
1.441130224139747507e-01,-3.533407589419651496e-01
-3.201207338527434915e-02,8.657472095955149882e-01
-7.762227011283731049e-01,8.459898822084426229e-01
3.996278309119289524e-02,8.836923643066734169e-01
-9.115865897149487695e-01,-2.411804848160664372e-01
7.003705799817813715e-02,1.706721947441658394e-01
-1.179281883663666486e+00,1.150991169923388568e+00
-1.320656728046718520e-01,1.361295370243864822e+00
-3.918591672773195644e-01,9.743512777645368939e-01
-1.405185304573857985e-01,1.836493962040246508e-01
-1.127544859316101267e+00,-1.306577488222949723e-01
2.025308513491108076e-01,1.166458417259554237e+00
-3.397639324824255902e-01,-2.087904783018927346e-01
4.194373903263943770e-01,2.052666605547400769e-01
-8.904168501019392723e-01,1.189420992997123783e+00
-1.383349136355331299e-01,-4.450048369073434512e-02
-4.343668768292687637e-02,5.683394264115779748e-01
4.269306229067603153e-01,6.337521824120355418e-02
2.820612304648531174e-02,1.992635651136196451e-01
-7.768954305828398854e-02,2.521567659292319741e-01
-9.377564484135461065e-01,5.297353377499147697e-01
-6.967485876529173616e-01,1.048331236869380456e+00
-1.280538973661556446e+00,1.087977783015734889e+00
-9.979362680138507136e-01,-4.412258880973672914e-01
-1.268700514470813667e+00,1.340645633495370248e+00
-4.180226685988372992e-01,1.193057855907857956e+00
-1.914807333776399612e-01,4.952946695783411180e-01
-1.425100999548528646e+00,1.003497546129866524e+00
-8.556011252446547866e-02,1.687623392064859229e-01
2.423905943640183303e-01,-4.532406211168524268e-02
-1.493512525052674622e+00,1.108997377714111110e+00
2.387275174269790357e-01,1.020446205376758855e-02
-5.640594182873390899e-02,8.180211796174765571e-01
-7.497702819819275499e-02,1.150913518307262962e+00
8.573411250161312724e-02,9.393652687723272887e-01
4.720447839810675006e-02,-9.095822260774376333e-02
-1.075087341372963579e+00,7.130467964464850539e-01
-1.229874758063484785e+00,1.043272592467437532e+00
-8.000190485541860963e-02,1.152954927397170870e+00
-1.703950351661568108e-01,1.062904034480205429e+00
-9.435365838416986950e-01,9.438757040847514102e-01
8.780702897665232376e-02,1.152181260609415614e-01
-1.812845281500467531e-01,6.966016254179256961e-01
-2.647411891850562915e-01,-5.940401547323442832e-02
-1.370345689398806410e+00,7.689017311747750050e-01
3.552359600906309645e-01,-1.934592057320688174e-01
-1.080997361574939752e+00,9.832743669857058055e-02
-1.255179915277480518e+00,7.357178787798368536e-01
-1.522435478263164388e+00,1.100549051591812155e+00
-1.046860404258209282e-01,1.416178950362098066e+00
7.626034923195012909e-03,4.017790176678394110e-01
-1.253007971214814109e+00,2.141347440959205373e-01
-5.112825656168125121e-01,1.341807918300412350e+00
-1.985690835097184970e-01,9.889474092664383154e-01
-2.688654046607573123e-01,1.024990761438788534e+00
-1.577192360882676780e+00,1.052651819160747904e+00
-8.430024799699156191e-01,1.291977147259843806e+00
-7.530528827395377434e-01,1.109256821116615388e+00
2.504957597704845704e-02,-1.112004018367426100e-01
-9.829247246218639766e-01,4.329818544451213280e-01
4.999647287370046489e-01,1.269677761384069070e+00
-1.496923695246290764e+00,1.144469646990886380e+00
2.073370900585161103e-01,9.568301943740289417e-01
-8.476901725739378612e-01,7.540341849224199144e-01
1.531227339473483773e-01,3.032801568548968985e-01
5.421853116313930521e-01,-1.952027007221069504e-02
-1.012344422823604706e+00,-1.900750855981022530e-02
4.714598444394458437e-02,1.083947768568014780e+00
-7.079158674656235162e-01,8.437363527302010890e-01
-3.178812533166414656e-01,1.082727045975148350e+00
3.644958604974164462e-01,3.120639202503353027e-01
-9.138937023516510161e-01,1.381143857563492450e+00
-8.708040525476054006e-01,9.787912075368619957e-01
-9.458265445740393629e-01,8.111439600557126539e-01
-7.360990862917862199e-01,1.966114373063277687e-01
-2.547711301180999310e-01,1.770504541055449022e-01
6.482108287943648406e-02,-6.134447017004682895e-02
-1.030618036487617850e+00,-1.220157759827168176e-01
1.287073380608328987e-01,6.648859370096640298e-01
-8.109625508831063145e-01,-2.371881825538626754e-01
-1.074879720049407794e+00,1.076310608803449975e+00
3.982527751260662302e-02,1.436430475679074115e-01
-1.266057107731199949e+00,-4.325752319283404645e-01
-1.192299802912125228e+00,-1.845249383674630594e-01
-4.539078188949801085e-01,8.015351357654669495e-02
-8.128589759928098735e-01,1.216106315130348836e+00
-8.959811384474093698e-02,1.214018893560295131e+00
-1.046918468567195504e+00,8.094191608599139443e-01
1.789221868059012732e-01,3.304266072256037967e-01
4.050775378445405084e-02,-1.519999183499717854e-01
-1.263872484963537435e-01,1.132748531078070844e-02
-1.143809050558453499e+00,1.272207157692591739e+00
1.140805348465790126e-01,-1.706979890408359402e-01
-8.186421773009532055e-02,1.021395011319325530e+00
-4.648963526183553796e-01,8.184595066416100462e-01
-8.901167494223605203e-01,6.097441036218814725e-01
1.131989133821899030e-01,-2.629796580465008082e-01
-9.474026818469227784e-01,-1.850754265703905346e-02
1.790754621253045908e-01,1.111475787425528328e+00
-8.365640035822397014e-01,2.102310555592055430e-01
7.451398333610594060e-02,6.124741368066922986e-02
-1.067582420520278408e+00,1.179218444957439882e+00
-1.222865495460087271e+00,5.640179498975376182e-01
3.002436486292555662e-01,-1.170721950382462156e-01
-1.167683617892862236e+00,1.242117489218832915e+00
-5.862478776802462210e-01,3.920911953665832950e-02
-1.856616733409927333e-01,-1.542664879682072165e-01
7.795577485318357092e-02,-7.377193585558604327e-02
4.386827212092163086e-01,2.629735386922542606e-01
-1.187357444166543319e+00,7.822376592266337969e-01
-7.596992030111324734e-01,1.318213135107928757e-01
-8.771312344540294070e-01,1.164916150484186064e+00
-9.184070404153226175e-01,7.481806309564578150e-01
-1.052550984603052964e+00,8.233747913160639476e-01
-2.256050028894086290e-01,6.866469461038706701e-01
-2.513402187920533160e-01,1.314859546364587350e-01
2.827317495308984130e-01,7.941596315210932566e-01
-1.042670165448901898e+00,5.429535882708327321e-01
4.262548842815291894e-02,7.564618940678353720e-01
-6.384807348693417595e-01,-6.673227100260430145e-02
3.176665366927915457e-01,8.289365527037072523e-01
-8.482313248272961292e-01,5.514249519485301398e-01
-1.132349172614848687e+00,-3.434005716302895861e-01
-3.011519371777244269e-01,-6.055031722735447486e-02
-7.649761626605425802e-01,9.557412377865702469e-02
-1.032957112377482112e+00,8.984510146667470387e-01
-7.786094001531933539e-01,6.986083666456468499e-01
-4.113612032298673560e-01,3.717996306009146434e-01
2.603144605488669772e-01,1.268068248968015954e+00
2.590097730769870821e-01,1.176756898706445842e+00
-9.429550739163025108e-01,1.016905722184991090e+00
-1.103221311452409648e+00,1.002630916540828254e+00
-1.220626416896884336e+00,9.781202965489237400e-01
-3.640372576144268457e-01,1.156464895898113410e+00
2.136459783428894532e-01,1.784090706166397700e-01
-1.220967568537564940e+00,-2.254865281306902003e-01
1.895052826425926984e-01,8.223360949324323155e-01
8.704269254906961406e-02,3.579419490137311088e-01
-8.711450519722097052e-01,-9.369197227820504070e-02
-1.292363357428775394e+00,1.043942572027424243e+00
-1.095804790353916758e+00,4.309423552653394163e-01
-8.827317133948224814e-01,2.625534156662995833e-01
-8.339419664193466197e-02,9.784961269016385632e-01
1.024835509509966353e-01,-6.136884482350506154e-02
-7.283289925790434882e-01,3.450143795958023896e-01
-1.274579517353252811e+00,9.737951253745827929e-01
-9.807142658318180883e-01,9.334165031474878083e-01
1.471135857463242436e-01,9.336217812140490402e-01
-5.420223198572703127e-02,9.700451061426961230e-01
-9.426409239664037543e-01,-1.234107482113843413e-01
-3.961978016237127642e-01,-1.145700384220195850e-01
-8.689015117549646339e-02,-1.939320779965847952e-01
-9.725092683223955925e-01,1.472005586443920766e-01
-1.329962792297685548e+00,6.131135839932899678e-01
-1.494813156951901867e+00,-2.736457194518046587e-01
4.238808343556477870e-02,9.740997000026887509e-01
-2.734745221516952582e-02,8.186791261888350102e-02
1.866729439033038285e-01,1.321254361632714591e+00
2.446474190051872721e-01,1.597319075721937987e-01
-1.021665772153869778e+00,9.560496509805941345e-01
-4.529952344423283650e-01,9.205107007474839786e-01
-4.634050848271141221e-01,-9.034789070262916333e-02
-2.202902854334062577e-01,8.808547488121969415e-01
-1.138260803170584867e-01,2.589666468990963755e-01
-1.090396539654136632e+00,1.287404640273289713e+00
3.769203799907756558e-01,2.735786524450092849e-02
-9.957040198408277920e-01,1.160318268654825014e+00
3.736563798792064683e-01,1.005333917805082633e+00
-1.014982047298813361e+00,1.209886890367418699e+00
-1.383148949674858352e+00,8.859441894608417467e-01
3.414067906666978236e-01,-4.368250535700734377e-02
-7.892292836027392511e-01,9.305040769902278575e-01
-1.308830977259872297e+00,1.152404848718367597e-01
-3.612838582004908039e-01,1.108760239468207676e+00
3.417871677095319499e-02,8.392637119429973147e-01
-8.992758664895136311e-01,1.466408036757083977e+00
4.868730744787493347e-01,-7.139474497323856916e-02
-1.046465084706633242e+00,1.078293256594922811e+00
-1.070594534523329644e+00,-7.962932633262732873e-03
-9.060984991324393389e-01,2.574688089367139776e-01
-5.711826114769008589e-01,-3.846304527417750418e-01
-1.327268163245014509e+00,-3.809564920970712892e-02
-1.058848351382715824e+00,-5.233537366856260142e-01
-1.014646641641101299e+00,2.559141157301866865e-01
1.220595016983969661e-01,1.137176029159927770e+00
-9.841500208454415644e-01,8.130116501976670795e-01
-7.787027899655896146e-01,6.040824309777196449e-02
2.833386650199596832e-02,8.592982584901186216e-02
-1.498367217169955579e+00,2.197461431967218937e-01
-1.198900314259704197e-01,6.233464733511682176e-01
-8.430425619728751374e-02,1.377796189007274574e-01
-1.305715279311781885e+00,8.134443051111102108e-01
1.567967026053615764e-01,2.764547119247618978e-01
3.309863051822173885e-01,1.228866340348970354e+00
-1.167074028053797924e-01,1.086640589204634244e+00
-1.392711855616504124e-01,1.116637622367891547e+00
-6.876689083866174279e-01,2.528139891207162315e-01
-1.958151435219159242e-01,7.531809637361143173e-01
2.903086785089395438e-02,1.230233199752483575e+00
1.560709394411940454e-01,5.646368515122196508e-01
-1.088047114765320122e+00,1.080784208311252742e-01
-1.647493700890862167e-01,2.206388958676258893e-01
-9.242811663150873880e-01,3.582594933941721932e-02
6.514930203620702964e-02,7.127008647702508526e-01
-9.420082616052463109e-01,6.665630677257963210e-01
-1.818864031663231240e-01,2.682834709612955115e-01
-1.120627707028374775e+00,9.767260107857326235e-01
-9.434651233239441659e-01,-5.858782074124888051e-02
-1.185285399781979276e-01,-1.245565510730124725e-01
-1.042579489829237094e+00,3.193613840197581655e-01
2.487766057335610292e-01,1.810876696206837611e-01
-4.152862396464904737e-01,1.415232615957619178e+00
-9.539257491612315176e-01,2.071966446978493470e-01
7.164740631936813986e-02,8.634812796606501362e-01
7.556484403986597764e-02,1.417459596782685738e+00
-4.204029147595737120e-02,8.557456566524739294e-01
-1.163096226679234624e+00,1.139636247418231330e+00
1.178002438464395563e-01,3.275473622866941770e-01
-1.177137735687554976e+00,2.277340879343089652e-01
-1.327240304207726214e-02,1.091274504112960120e+00
-1.172115846236914116e-01,-1.865898674678587443e-01
1.854556264725781278e-01,7.190235494785061077e-01
-4.970045704223664540e-01,9.428882981218272841e-02
-1.003558846020469630e+00,1.021323942368793203e+00
-1.835575813346408680e-01,3.437732113546253937e-02
-5.493878769086879554e-01,8.417895839495324883e-02
-1.135247400104627769e+00,1.407256474803112889e+00
-9.166883386869711936e-01,1.132787476559756978e+00
-7.652325794244241308e-01,9.353584656833413558e-01
2.667635434734037456e-02,-2.745370079555172621e-02
-5.737891756517717878e-01,2.453326146354037063e-01
4.828901598460367817e-01,1.063408093768623441e+00
-1.256940218427930800e+00,9.239104706460237182e-01
-1.422375304318339029e-01,1.949823028848939599e-01
-1.343655390314743014e+00,9.040217530352911979e-02
-1.240440826379093142e+00,9.758716421567711352e-01
1.695071773419563887e-01,-1.345144132284099014e-01
-1.904087680687869266e-01,1.254873960895979801e+00
4.932753793881729243e-02,3.271513114111027631e-01
1.563210601036640890e-01,1.270792006702837096e+00
-1.154072769087508110e+00,8.997295565838779874e-01
-8.101674897650432694e-01,-1.745756192867819190e-01
-1.065597660285543924e+00,8.101792513943184559e-01
-9.740219390368662911e-01,8.061084455524708536e-01
-1.233308557468845157e+00,8.768458027355549023e-01
4.767414480269401011e-02,8.516439341060810797e-01
-7.178757612655124465e-01,3.491072886107799422e-01
1.505135325530692902e-01,1.403865832296659288e+00
-1.203373079916627564e+00,1.312641243234726751e+00
-4.422451141411817832e-02,5.178299057031644781e-02
-5.211085104989762185e-01,-3.867265644611789788e-01
-1.503728172610568237e+00,-2.010373203090883368e-02
-1.233738171091320002e+00,7.649083704104603365e-01
3.630285679616361283e-01,9.337268310225751433e-01
-1.786154279866066300e-02,8.498804375722294191e-01
-1.022994574769107601e+00,-2.370719240825305274e-01
-1.218474666163450681e+00,2.253180702130327395e-01
-9.484784022589567432e-01,5.469689381138510137e-02
5.832115756780950101e-03,1.356496526079577492e-01
-8.611060729361164068e-01,1.145750600303994338e+00
6.580836566970678370e-02,-2.338784487396974587e-01
-1.620525937796424010e-01,1.498340509954936728e+00
1.175355531461259005e-02,5.123305015037865617e-02
-1.245324154662997146e-01,-1.787989742281938799e-01
-8.389736552473173736e-01,-1.756904174342913683e-01
-1.203045488764788340e+00,2.638838901047839691e-01
-6.187310324180281818e-01,1.392949557249101744e+00
-4.776583357722490319e-01,2.668134515571052648e-02
-1.102928315011045823e+00,9.536892889535775186e-01
7.210565728805269983e-03,8.938426206125273943e-01
9.481205634551383155e-02,2.209048932810118437e-01
-2.487614847228423187e-01,1.550361894484656666e+00
-2.372767201862543140e-01,7.450666603357432027e-01
9.811702717363708637e-03,4.050122313803576346e-01
-1.318946707245041150e+00,7.703764692949962578e-01
-2.688171008981730600e-02,2.008690561168230138e-01
-9.902788938056027446e-01,1.177009173837588962e+00
1.999649247015803100e-01,9.585038461378899699e-01
-8.745552959621543110e-01,7.123296433817674078e-01
-1.071475766112139016e+00,1.067906554615778436e+00
4.464178048577813716e-03,7.421480369021171697e-01
-6.686941590967945270e-01,9.766023374355317088e-01
-9.458835449316566057e-01,2.112887354647313698e-02
1.819023680255540676e-01,4.196886441066355333e-02
-9.686186755439578633e-01,-1.486053419904723727e-01
-1.308603007539767882e+00,-6.871774247596501572e-02
-5.365008933722659190e-01,7.398388469491115615e-02
-2.782433849570618012e-01,-2.174885134455949443e-01
1.635287562347966794e-01,1.142602139697797448e+00
2.835385207464029556e-01,-3.468830594108281429e-01
-1.096465021908494125e-01,-3.127900925609973237e-01
2.472606158736282977e-01,1.002509594091027800e+00
8.694258815008988617e-02,8.816200943566507853e-01
1.289807199761190681e-02,1.119178445830311563e+00
1.199918468009525258e-01,5.993606014232641943e-01
-8.263198520311020312e-01,7.127831046897765699e-01
-1.379460653640754153e-01,9.834920857043079334e-02
-1.098627605244123062e+00,-1.119657503504047080e-01
-3.618938462523852984e-01,-6.898604666301560995e-02
9.827307824406215919e-02,6.999600304924599170e-01
4.386198597517349529e-01,-7.533968363796013368e-02
-1.053113714482173391e-01,1.456665926132039712e-01
3.260485271475569435e-01,-6.118914400812704157e-02
-9.800773778796990909e-02,8.673955222523337394e-01
-5.302496379090135825e-01,8.815406088144828178e-01
-1.165146951919151741e+00,2.550402528895976406e-01
1.098535900169914231e-01,-1.361080620486145309e-01
-1.309755647380932420e-01,5.458169759254965364e-02
-1.707587358402433975e-01,8.753113879005758324e-02
-8.995390904579574354e-01,1.083523254626399757e+00
-1.181932361807876752e+00,4.766209323479373428e-01
-3.722958168354739139e-01,9.055723927387354655e-02
9.631703177084333101e-02,-2.779840932181578128e-01
-1.135991487633552843e+00,8.490915185481691108e-01
-5.878783508191751661e-01,4.510710094112163615e-02
-8.678807586679716801e-02,1.339927259454767539e+00
-1.402879983331046798e+00,8.504268081678124647e-01
4.227001300315451071e-01,6.272079724040441340e-02
-1.421929966463594264e+00,-2.226490925223627571e-01
-1.012792997662697259e+00,1.070372017078827093e-01
-1.282484914931638631e+00,-2.864704592783349768e-01
1.227411089865125537e-01,8.404520055067883355e-01
3.507355913545814885e-01,2.559590234108958390e-02
6.706648990688807155e-02,9.005528478273602255e-01
-1.521496568552085371e-01,1.141575144509885842e+00
-7.866140603375511298e-02,7.193158223058382372e-01
-8.171631534598889912e-01,1.099268776038651918e+00
-3.046415355307052764e-01,1.173619845381387972e+00
-1.382440036012611673e+00,1.432630596232023212e-01
-3.204377136968083462e-01,7.762628381500912000e-02
-1.722663401924027712e-02,-1.187678895248333033e-01
-1.290564753205012405e+00,-7.118592749111019025e-02
-1.140805501787193643e+00,1.047898917063195823e+00
-6.819203305747048027e-01,-4.795889641331056996e-01
5.894076293228994734e-02,3.499786410206289222e-01
-2.472969951151453294e-01,3.364673555430760382e-02
-1.598772609077235007e-01,9.155748275175425999e-01
-1.159196300366165167e+00,9.082176533220851500e-01
-1.182830836341254056e-02,-2.282753029025326799e-02
-1.116332720340966311e+00,1.094215623858465491e+00
-2.476683880050390973e-01,-2.679121683449267252e-02
-5.828479270061238254e-02,-9.837690058052490916e-02
4.219223121420762751e-02,3.444151693451874552e-02
-1.287443806082400055e+00,-1.534239704306185337e-01
-8.428008050919334748e-02,-4.314203347168507618e-01
-9.463483714522669121e-01,1.633589160887873593e-01
3.131004407999055106e-01,5.201663211852798341e-01
1.637146545487890292e-01,1.043977715291375619e+00
2.524479557531494334e-01,4.727748172891455686e-02
-1.206687654884828653e+00,1.004544532277030111e+00
2.857900020783758765e-02,9.962721105634783636e-02
-9.516824418362929139e-01,1.744807029024622591e-01
3.364249854808009088e-01,8.749343821835500745e-02
-7.720707266132478819e-02,1.385533624117627705e+00
-1.439701029774963059e+00,1.200204399463884908e+00
-8.676290651885818495e-01,-4.776371096388470350e-01
8.662633840234128246e-02,9.321154734581099666e-01
1.926583363113515690e-01,1.195137514585052241e+00
-7.327370546511213778e-02,-8.394975867088512456e-02
-5.986795300771203809e-01,7.939178755318767600e-01
-1.210618903474015129e+00,1.177766814920697236e+00
-9.023440152590479491e-01,-2.598956193433739070e-01
7.437658424776201482e-02,9.067449308765485050e-01
-9.967927253729776949e-01,7.407224055217993541e-01
-2.868986106041931938e-01,4.220619222484937039e-01
2.929170330238788367e-01,-3.530493451262539661e-02
-9.458246087092914145e-01,-1.608642793765277246e-01
2.661790537887077646e-01,4.855081309866724482e-01
-6.090753440673470909e-01,8.555517645452042075e-01
-1.083745732550669194e+00,2.110221411048634477e-01
-3.233494008171262091e-01,1.707983904401162434e-01
-1.148239965858318667e+00,5.321486345652562400e-02
9.233800031704765543e-02,1.149936644325617596e+00
-1.280690294954438091e+00,9.016800453329036902e-01
-1.010431500623225398e+00,9.794326227567975440e-01
2.296745438618280968e-02,-2.772703042937949003e-01
-3.351153768300536157e-02,6.684696648051556556e-02
-1.016770110300833307e+00,-3.024150294384220783e-01
-7.372993876611658726e-01,8.272011730399321250e-01
-1.647286896208458333e-03,7.590870618497266298e-01
6.681019699583697069e-02,7.175864447537978474e-01
-7.318725332833404540e-01,1.320807166920186182e+00
1.830041430867788421e-01,-2.641531796381396124e-01
2.046106692462382748e-01,-1.540349986355197820e-01
6.385240573108443007e-03,1.003812409949007556e+00
-1.379122890663160572e-01,3.208740397903894204e-01
-2.234864988160473534e-02,1.797200778861156034e-01
5.906214388120948344e-01,4.353212799238864728e-01
5.081938492995119461e-02,2.419251078887080242e-01
-7.905140407172185635e-02,9.395808775395884938e-02
-8.505209294716220558e-01,1.192616777003426609e+00
2.009073542671998558e-01,8.259343263400610313e-01
1.997431496216636460e-01,-1.914792242267707167e-02
-4.108144924100068374e-01,1.368913407633104706e-01
-1.009958911962267614e+00,1.099313669609387256e+00
8.125788705430263270e-02,8.373973726941436047e-01
-3.085982121873639406e-01,1.142525861441576085e+00
-7.349104695223689365e-01,1.243257961532525435e+00
-9.454450764927828654e-01,1.260028554180318228e+00
3.364578607907302565e-01,-3.072724364217908621e-01
-1.266667793726569569e+00,1.905528864596393313e-01
-1.105253780179895617e+00,-3.578675137963790442e-01
-7.562665099103984545e-01,1.159753492582578538e+00
-9.759624231574071107e-01,3.614395007606465704e-01
-1.285547974657572368e-01,5.375405436320677133e-01
-9.746346792907150114e-01,1.696006496078104053e+00
2.365192793230062041e-01,1.200979515860392421e+00
3.707633755689994093e-01,-5.421811671987869508e-02
-3.074449201974692181e-01,6.940898703159643635e-01
-9.796635853372173131e-01,8.707071630119930239e-01
-9.563696548511909645e-01,1.183292773936992059e+00
-1.382885507249407953e+00,-6.659069797026172244e-02
-5.535441482881943154e-01,7.049145771705209729e-01
-8.542992480272285638e-01,8.042688193847183920e-01
1.314030747263569485e-02,6.910351038246623778e-01
4.595792824820280620e-01,-2.671157995252077533e-01
-1.049129188207621022e+00,7.316133101180204157e-02
-2.727691131564208282e-01,8.145535996860246986e-01
-3.110866581958005028e-02,-9.232281696846290908e-02
-5.991689107362576650e-01,-7.219988809836058730e-02
-2.668028288971337481e-01,-3.560050980706509077e-02
-1.245059037420940040e+00,1.043662909467134803e+00
1.718596110172777025e-01,-6.234202917291278845e-03
-6.937167771767790980e-02,1.051296782008094954e+00
-9.832580544130943290e-01,4.840567690797338285e-01
2.069699563674491372e-01,1.805613667835405389e-01
-1.245833992845626348e+00,-4.018719489783415533e-01
-3.126925248918231426e-01,1.456166254038618879e+00
6.865763219101031489e-02,-2.632125139795946089e-01
-1.154006951671868730e+00,3.423442136569892352e-02
-1.108933319663712336e+00,-1.917135206574979434e-01
-9.965052803549022675e-01,1.095884199203749576e+00
-8.500002107852262512e-01,1.066950411045718417e-01
-5.660090730678832283e-02,-4.294822942486096334e-02
3.230795917857442467e-01,7.480878588367809723e-01
1.374728832418230240e-01,1.843342788090864826e-01
-2.487686554489718926e-01,7.208915255950698597e-01
-7.672865135116828661e-01,-8.381609717681215432e-02
-8.159120974609379573e-01,4.243918578970926614e-01
-7.846936256204040117e-02,9.053229305953403028e-01
1.267188129420516174e-01,1.263651178012298093e+00
-7.635588341597626671e-01,8.674407208913796907e-01
-7.473306068417508996e-01,-1.258500808089013379e-01
-2.306512696215189673e-01,8.439270922696496049e-03
2.215427133324661957e-01,5.127964164123357538e-01
-1.112809951189608793e+00,-3.141676787531157977e-01
1.361057340044790898e-01,-1.758480417329107426e-01
-1.209025481192305573e+00,7.430953599732619264e-01
-7.329555134135413985e-02,9.825948604869972902e-01
-4.480909115907298623e-02,5.612718233873423279e-02
-5.972783283877607791e-02,-2.586335392545053846e-01
8.576954707967230111e-04,1.160201347207606926e+00
2.990310243344904140e-01,9.567786670287909967e-01
-8.472681189925843626e-01,3.424083122964529102e-01
-5.875621998094732179e-02,-9.964335278893407533e-02
-9.242238727531107978e-01,6.997596216785481049e-01
-1.100215630163731140e+00,1.099863733072087957e+00
-8.227271191492896429e-01,-4.579162195010670622e-02
-5.957155453657641403e-02,8.814268156227982320e-01
-1.156600462123628326e+00,-6.704820948671682546e-01
-7.756463577470663617e-01,8.563257269555597517e-01
1.609641901196691427e-01,-2.902385678577448225e-01
2.548250925635098252e-01,1.024256775859057722e+00
1.239913346522664161e-01,-2.654885996645736101e-01
-1.357613912928763433e-01,1.226854319556945017e+00
-1.008681348348592133e+00,2.332564440713388310e-01
-1.129343820574745111e-01,1.496830567424658032e+00
-6.597019813397926313e-01,-1.636114042028906923e-01
-7.751636378837740982e-02,3.177955997088147688e-01
1.066605253984655166e-01,1.227469825838796602e+00
-4.711241214232266689e-02,4.976891080698165465e-02
-6.412027530721130519e-01,1.233218104317689079e+00
-7.546927918163900406e-01,8.205266907352379846e-01
-1.432714318196040559e-01,1.060789240387469468e+00
-6.449186046363605262e-01,2.594093500817686720e-02
-1.135427617036519177e+00,9.410264080328089031e-01
-3.555199379619089495e-01,1.710046941534209275e-01
-4.227258394991808416e-02,7.508631165347977587e-01
1.951982032750408103e-01,-1.529012399286153734e-01
-1.088361702865421110e+00,8.272230481335898430e-03
-1.110048329978030157e+00,5.205951974545104666e-03
1.869018536068515202e-01,1.369667321248380976e+00
1.940920795020410206e-01,-1.210058262752149588e-01
-1.248719794254774085e+00,-2.049935258457877274e-01
-1.630077080203299333e-01,9.916637505736649594e-01
-9.951730107329938013e-01,7.138495690072332867e-01
2.607175971918063162e-01,2.872421412235195426e-01
-1.073510437449338939e+00,-2.711738839193308381e-01
-3.594039127116723797e-01,1.313912976231141894e+00
-8.115709289795760562e-01,-1.028487995700487143e-02
5.285628442939396127e-02,4.852004385550277021e-01
-1.430061662494636732e+00,7.902417110028652214e-01
-1.202564336990545435e+00,8.953819447782584984e-01
-1.935245038774887488e-02,-3.427242762790921882e-01
1.752929649174700122e-01,1.405146680353918320e+00
1.419365911076195252e-01,1.635757550744480759e-01
-1.169611693869997193e+00,-7.544189656440933311e-02
7.910915317063117735e-02,1.043787327082842165e+00
-3.166289961849776818e-02,-4.283372532264624888e-01
-2.361685313393610264e-01,9.700116485110870101e-01
3.257619843401298732e-01,4.917815650614477951e-02
-8.565964510349582950e-01,-1.856423908719794791e-01
-3.547905911750238728e-01,2.718899590145627473e-02
-9.067213470531595432e-01,-1.980960562431864982e-02
2.386745688108997676e-01,5.458053039875065959e-01
-7.718599873893707830e-01,5.180844621415377910e-02
1.847815841789459956e-01,-1.046353934583060946e-01
-7.413222401298167341e-01,9.864539856608773860e-01
-1.099086067534916111e+00,-8.002295867141187569e-02
-7.517696912549858002e-02,1.009903171129827637e+00
-5.381593762057221841e-01,1.161681256846021970e+00
1.251127698527324805e-01,-9.717238235289255011e-02
-9.950878126478995833e-01,1.187936132354853458e-01
-8.264763752275998687e-01,5.079066828615891316e-01
-1.036994663356788582e+00,1.367173211080094097e-01
-7.528928930573923761e-01,1.761805968606069972e-01
1.816214578383633371e-01,-3.044237556092495578e-01
1.680034426689356319e-01,-1.614518439953832596e-01
1.691135578582090571e-01,-3.308029996636657755e-01
1.940497387583549060e-01,9.754518090912863704e-01
-2.124353450836654333e-01,6.868015624777940031e-01
-9.976203870302348745e-03,1.009072943587170812e+00
1.257116461503419158e-01,8.814391349996135716e-01
-8.561057297066027028e-01,9.097190518852565910e-01
-1.097243685701660532e+00,1.059437136206253127e+00
-9.921508382123911396e-01,2.762962742825517126e-01
1.258588927741849661e-01,5.643873178614269848e-02
5.542804164899453045e-01,3.568907802990844425e-01
-8.595846517304690515e-01,2.894054234184718216e-02
-9.791806474224969137e-02,1.756193192250393373e-02
1.571957124774383263e-01,-3.325224208059373021e-01
-5.380972215034576095e-02,1.098174547030671855e+00
9.099042345893398887e-02,9.175203418226342000e-01
-5.235066957656388936e-02,8.965015836653827952e-01
-9.126688412565749919e-01,4.993969306148579035e-01
3.103956909811127485e-01,6.593357247401925546e-03
-7.771998897386405147e-01,8.363599550667772942e-01
-9.986600818972511950e-01,5.081736372327883000e-01
1.957078001986658489e-01,4.276133789899707466e-02
2.070516978136676192e-02,8.516128413687098497e-01
-1.043972788300860266e+00,6.629263536051702710e-01
-1.041848501002381910e+00,-1.723215624897549980e-01
-9.316814655314502591e-01,1.566768150496606615e-01
1.938606121615557842e-01,6.260947445479678186e-02
-6.197968553752020160e-01,8.679220980264764629e-01
3.708264485347894102e-01,-1.080233890252593476e-01
2.614983451308811047e-01,9.009285439515620775e-01
-6.980140021475461642e-02,-4.112479899471538913e-01
1.149006477873357468e-01,1.065653922874593817e+00
1.228427639006779842e-01,9.514366672667730340e-02
-1.048933425753958648e+00,-3.691777347768234185e-01
-8.830514746924099656e-01,8.975629159249058908e-01
-8.861104245077675579e-01,2.557665146457449579e-01
-7.768730273468177350e-02,-2.021154194270356197e-01
-8.599566497755486427e-01,-1.119825767991736859e-02
1.003946482406969376e-01,-3.576146712679815209e-01
-9.253282551207607787e-01,1.271614523146469500e+00
2.234032605924099191e-01,-3.667782171282248094e-02
-8.409870970913087274e-02,1.071840962293143296e+00
-9.946469709650763713e-01,5.960086641819417608e-01
-6.584258882274897362e-02,8.953554923799373899e-01
7.488646476574332966e-02,5.630633156305189235e-01
-3.227902187049278560e-01,1.036897369390568757e+00
-2.509244547792092717e-01,9.040034756475944233e-01
-1.051049570301001435e+00,-2.379857217713366446e-01
-9.312972571186098891e-01,3.215181573570115581e-01
-1.206602463380036960e+00,-1.888257787800195486e-01
-1.373431034296973829e-01,6.077125620562459640e-02
-1.131283777255141842e+00,1.076195394298134822e+00
-1.116896908728853832e+00,1.342737188941878768e-01
1.425691914901072027e-02,-2.151737832642137971e-01
-1.254132690014819307e+00,7.804981466531977219e-01
4.092840284547949459e-02,9.615922355189752968e-02
-1.093785337589753270e+00,1.597810527228044897e-01
-8.288020492416620089e-02,5.924238537722640308e-01
-1.293588600235159036e-01,9.154122099375763266e-01
-5.889100183463090721e-01,1.088142966879621865e+00
1.176978627779450143e-01,9.805652885532309959e-01
-8.732121993882401290e-01,8.552389751646732874e-01
-1.397530422146801232e+00,1.295797868262078989e+00
1.245176348089058610e-01,1.000582046279256732e+00
2.480980908041535982e-01,-1.666717924449009902e-01
1.653504814185327854e-01,2.784388954302497443e-01
-1.201857724058977173e+00,6.204123237507562783e-01
-1.117002318566718611e+00,1.364206916990757801e-01
-5.692342834710372168e-01,-8.525562460462399184e-02
-1.153072537670998043e+00,9.702022853079729225e-01
-1.301635035620394509e+00,8.610221434215078462e-01
-1.838455889363740103e-01,1.065232085036839305e+00
4.467831564105697456e-02,5.980031188452319402e-01
7.053909200326660689e-02,-1.442343546891634853e-01
-3.502831055480767203e-02,9.335736814132519212e-01
2.628600773427519632e-01,-3.792087880185626703e-01
2.786588839611838786e-01,1.049928123889432907e+00
-1.114637084396727928e+00,-2.262123499736620191e-01
-3.414613462810426880e-01,-2.134588411342856207e-01
-9.426439309893850371e-01,1.173987528158449006e-01
1.159500996425920222e-01,3.332057693381304010e-03
-1.129210017295228630e+00,2.849647241804959333e-02
1.267253920987367333e-01,1.213010947286449898e-01
2.643059596933004518e-01,9.578193226040723207e-01
-1.012201493764013360e+00,-2.579832462805582982e-01
-1.867394159390530495e-01,-5.783436951064325759e-01
-4.169046938066640617e-01,7.932575239376853382e-01
-1.033166140717283854e+00,9.923122198310796449e-01
2.713520467782983281e-01,1.169791038545899386e+00
-1.985958510619705367e-02,9.764564230691035185e-01
4.697383950929746171e-02,-5.253975988174707235e-01
-1.210040598231062331e-01,-2.063441570058865415e-01
9.388139837732299708e-02,-1.750554383194793950e-01
1.340983190001203695e-01,-1.811126140498243164e-01
3.908253584107895806e-01,1.066879341204559184e+00
-1.188700060170798878e+00,1.119998913389119943e+00
2.021249298291706853e-01,1.311219651003420417e+00
9.836046300163289735e-02,1.176125387009341106e+00
-8.322730730301665103e-01,1.007039717598980477e+00
-8.362406130574608909e-01,-8.385900126911734198e-02
-2.415906512394644379e-01,7.636935430174744688e-02
-4.944263533759292450e-02,5.628268532058302576e-01
-1.028044141634106401e+00,1.172202108280464117e+00
-3.306532277507828396e-03,1.132708392576199152e+00
-4.130221949833386835e-02,-1.411909428041194792e-01
-9.230242923648062092e-01,1.022276052872722163e+00
-1.894216154380143902e-01,-9.672306211032595524e-02
3.700165217748238589e-02,9.055933190495231155e-01
-5.766349021297834110e-01,1.619124842624134197e-01
3.276562095013071940e-01,-4.060237357762891408e-01
-1.078383046342208607e+00,1.241300132690450919e+00
-8.904403933519783321e-01,-2.211580458401294635e-01
-1.021602067498129651e+00,1.086155511012897756e+00
-2.258722163420159301e-01,1.102778834605423336e-01
-9.816998253417705822e-01,1.067637545244160435e+00
8.857724685455958466e-03,-4.163979544283393786e-01
-1.057233642828896425e+00,-5.366732452695645306e-02
-1.130868945875044274e+00,7.745189456331781352e-01
5.148498564879435691e-01,9.129650599402449052e-01
1.959713220967220226e-01,-3.841843488298488651e-01
-9.820364942350252591e-01,1.215188255434654918e+00
-1.045198129725400715e+00,2.119089485275665041e-01
-1.411642583022022224e-01,5.537158252565798078e-01
-8.021445658673467816e-02,-3.330175817413200817e-02
-8.063153481797263877e-01,-1.947437281644242568e-01
-2.458661931935928469e-01,1.380583854878087990e-01
8.179227242887243676e-02,9.469550063694310849e-01
-7.696355301305155550e-01,-1.565270586817650855e-01
-1.487580433312492845e-01,2.099912822816195068e-01
-1.561489731460922459e-01,8.141431281611873905e-01
-8.422027832762525312e-01,1.087463935013474492e+00
-1.208266173486335776e-01,1.317844303416433549e+00
-1.097844305581782282e-01,3.766853288894767005e-02
2.482641546957208012e-01,9.090518232963449297e-01
1.177141560042901242e-01,1.035591963472821453e+00
5.340656116430408940e-01,-5.228096286551232180e-02
-4.314611352536691369e-01,4.913137210341700367e-01
-1.610831435141054924e-01,1.256601390939562357e+00
7.175221121866531826e-02,8.886307192284821355e-01
-9.418120167925621011e-01,8.955645931210735045e-01
-1.057964641079287782e+00,-1.495195194249772375e-01
-4.275659084434327295e-01,3.447610805315369231e-01
2.162040522472961634e-01,-2.634652072680428447e-01
-9.924241773704515213e-01,8.976485839754834162e-01
6.673940867833496604e-01,6.292438524885705931e-02
-6.503196498949457283e-01,1.194000419378515199e+00
-7.047592191092738600e-01,8.432572821366121074e-01
-7.062229754134861925e-02,1.408969653741713124e+00
-2.362169574171734399e-01,7.851151967449793156e-01
-1.111598189482773336e+00,7.301824880709435472e-01
-1.597982242385293655e-02,1.397122787574019531e+00
8.286687260935703125e-02,1.313172096363137253e+00
-1.046931618388753371e+00,7.842801572080104755e-01
2.017128060199060990e-01,3.291484013149655885e-01
-1.083953587071889491e+00,1.250477360768489365e-01
-1.105387834799043123e+00,-1.749201341817114008e-01
-1.653739055274013880e-01,2.689886738215295225e-01
3.301768585981844639e-01,1.232972591215929725e+00
-2.890210443631563431e-01,1.550392366304065850e-01
-1.039250862089288852e+00,2.967498838101663705e-01
-1.212059257311080884e+00,1.565874089890505749e-01
-9.610187070955774624e-01,-1.946631308540551220e-01
2.681658557753150429e-01,9.278008124522723055e-01
-7.433816321473959987e-02,1.239020084369259374e-02
-8.665818342886056902e-01,1.069434516514087274e+00
-5.169384463630927184e-01,1.283197954917888843e-02
-5.629327778632845641e-03,6.106314657918018862e-02
2.659823601445857055e-01,1.007168596708067354e-01
-7.908199303828847837e-01,-7.729238945584930576e-02
1.030551843904349840e-01,-1.784598679214690342e-01
1.426308693059253063e-01,9.673585272633733467e-01
-7.803658543551388327e-01,1.266316337780772017e+00
-8.128610671569925783e-01,1.269241356582523572e+00
-9.379532822594686958e-02,1.866489046864910073e-01
-4.025603964700456006e-01,9.832125984586748135e-01
-1.012006058302493905e+00,9.811465002443059413e-01
-9.073776109002862356e-01,1.339910532698561640e+00
-1.263977128044980525e+00,1.314276591653284143e+00
2.989303562809890735e-01,1.028943365566613144e+00
-1.942160909710182459e-01,1.156588091029691345e-01
-1.379881219858162811e-01,9.490762628613979013e-01
-1.036990376962914517e+00,-1.689756695364265371e-01
3.380163702575260110e-01,7.538068151499353053e-01
7.631103543715990478e-02,9.448812456473799637e-01
-4.109329089686206832e-02,1.359151900900969157e+00
-9.423405600362241286e-01,1.267294251472309119e+00
-1.113860805634131923e+00,-1.505953553424943525e-01
-3.892303156446415557e-01,7.044735042012542081e-01
-1.042554252321807873e+00,9.560834553211114972e-01
-1.613972509700379032e-01,9.894854149438629953e-01
-6.423927844564174539e-01,-4.887632122229000620e-03
-2.648731160156557740e-01,1.051119824228018862e+00
-1.357180675140793324e-01,-3.811676494678861715e-02
-1.038262455518367933e+00,-1.386265568287092798e-01
-6.244325032155635391e-01,8.455649828264614198e-01
-6.788224190780451917e-01,1.308542781823002488e-01
-1.059989971515818308e+00,8.506528615834353657e-02
3.868989534479974624e-02,9.257233207903587946e-01
1.383127592628275448e-01,8.168172926522705435e-01
-5.706952421755285415e-02,6.144408877685878512e-01
-1.174404817119035993e+00,-3.549371881953479191e-01
4.496481248843811618e-01,1.170796376762887725e+00
-1.051054106293975582e-01,1.010894673731857596e+00
-8.696668549006434379e-01,-6.019093625289342539e-03
-1.354214446515141813e-02,-4.693530417044754488e-01
4.174144450169919862e-02,-7.559712294177832470e-02
-1.110346550912628238e+00,-1.959542090494893751e-01
-1.024203399359070898e+00,6.819280041043096485e-02
-1.111311751606637754e+00,-1.508710555682913901e-01
3.238481960104344637e-02,-1.742903146078953469e-01
-7.691951879703800010e-01,-1.598336849984390573e-01
1.592867289640303718e-01,8.048756531348314480e-01
2.581794695080901758e-01,9.298477778524121273e-01
-4.109242920300981705e-01,1.002282538535335998e+00
4.101521244190522997e-01,-1.915652663526830612e-01
1.292971100984934563e-01,8.997429859257803919e-01
-7.040745356762989626e-01,8.913921762944326810e-01
-5.192020517144840114e-02,-2.038790437911008058e-01
-7.745708779886699702e-01,5.991652092187698120e-01
-1.162686069588737325e+00,1.127672176135324333e+00
4.819426077738241943e-01,9.363248884900012836e-01
-9.005014823375310229e-01,5.337945559198906675e-01
2.599767038964236332e-01,1.106752806765919583e+00
2.813433861652249734e-01,8.527226885700597281e-01
-9.317960874465729404e-01,7.519648312067797047e-01
-1.100179889544485867e+00,1.327820730840166163e+00
-8.748402451689542003e-01,5.016364829933577657e-02
-1.275158926595078679e+00,-1.805419758313309697e-01
1.633066437310994878e-01,-6.240428240772011997e-02
-3.044235394416713869e-01,9.362947632252350827e-01
-1.669738220252522387e-01,5.255479945547257836e-01
-7.236551757876037438e-01,1.014307012596107782e+00
-1.206935793664889234e+00,1.059690691246265137e+00
-1.303146738292733531e+00,6.754965997938873479e-02
2.209200999089195316e-01,8.877812055797882351e-01
-1.119023609273202435e+00,-1.841760804290964310e-02
-1.472514489201299792e+00,1.164517481879197014e+00
2.386668519254893650e-01,8.982198043585597480e-01
1.572260636972377251e-02,8.616397422689653363e-02
-7.873338980498693906e-02,9.724680219461133701e-01
-2.086044450601134137e-01,-1.518304008748919132e-01
-9.828869895606738849e-01,-4.808777769242791877e-01
-1.448345263692556895e+00,1.220828031238511358e+00
4.872071939299034704e-01,8.587516984368657180e-01
-7.165448166395992358e-01,9.513185837679588586e-01
-6.982431852029467867e-02,7.834175324890908509e-01
-1.505866328711594093e+00,-8.219340154798800147e-02
-6.354957937844871729e-01,3.247770228243371943e-02
-1.828128974423648689e-01,7.374397792139688601e-01
-2.517466968033283403e-01,-3.871679145835989211e-02
6.479431321351183850e-04,8.642349839009293433e-01
4.727079348104495926e-02,-3.007387785210721698e-01
-5.148566187931060689e-01,8.689639925555027455e-02
7.979759866561587922e-02,9.144092003856282291e-01
4.226144161792350085e-01,-1.878112696202174359e-01
-7.206582846706177659e-01,6.111092378342650872e-02
-1.062917200262048834e+00,1.431287545380265369e+00
-3.765220250831368808e-03,1.122344580899145572e-01
-1.667941673113358114e-01,1.393888747945388085e+00
1.528194782486785308e-01,9.845997629044546395e-02
-1.904429745406704066e+00,1.153131882804989683e+00
-7.811645797499185973e-01,7.137814147965475531e-01
1.157521903474282021e-01,6.639555733349462863e-02
9.149806394838330692e-02,-1.451305776575548268e-01
-2.547427522776513631e-01,1.360195968389402488e+00
-1.051447713243910620e+00,9.609153784880178906e-01
-3.406697332503252351e-01,3.238805777116596923e-02
9.992205338629665812e-02,2.156631308708835404e-01
-6.247753830953513277e-02,1.544382483973528064e+00
1.546132954748388189e-01,4.515938165760070566e-01
-1.144103427348288182e+00,9.336192991413796438e-01
-7.689114100051082090e-01,6.094851441285661225e-02
-3.534157720312858242e-01,1.444372468330534343e+00
-1.000778134967875266e+00,-1.879804670886747187e-01
3.117164782225117503e-01,1.058292999612020724e+00
8.245702722220438208e-02,-2.119148659447792349e-01
1.270429359004828784e-01,7.648942181969087262e-01
-7.666657583325241498e-01,1.055876324661310317e+00
-8.474636768781621532e-01,1.792983062968873942e-01
1.416341718557957430e-01,9.460543772272572705e-01
-8.926278171081004909e-02,-1.242110351559051334e-01
-1.032600908587654409e+00,-5.628285496433825530e-02
-8.784475931138416849e-01,-3.411641995898778146e-01
1.257761808053288639e-02,3.627030953783370038e-01
7.052988057095822827e-02,1.459740994272895609e-01
-4.061609936897175865e-01,2.093392726853520736e-01
-1.236250451405108253e+00,2.198291623222870528e-01
-1.072709937208416342e+00,1.325250947658406009e+00
3.940379591731865694e-01,4.641776826247014931e-01
1.382635842858762343e-01,6.148790156719569772e-02
-4.091228915631629770e-02,6.966079139963888833e-01
-9.771686448580996220e-01,6.841279121581675948e-01
-2.443332892988100691e-01,-9.439721784989597853e-02
-1.363052700898779612e+00,-1.807962410659194885e-01
-4.023219931908395552e-01,1.083788037129689574e-01
-1.310787563506419784e-01,2.857362161903151954e-01
-1.050930055396289031e+00,-1.823582386739420191e-01
-9.592149080333500777e-02,8.930015716627460742e-01
-5.909036409530413758e-01,8.724605184977038963e-01
2.443643661623542962e-01,1.297117352808150548e+00
-7.931230082277593851e-01,-7.108174999454963672e-02
-1.308034262352752997e+00,1.312700562515300096e+00
-1.420464422066572974e+00,-1.914816916595359769e-02
2.052274526478489736e-01,1.257481928085071532e+00
-1.153366298796085321e+00,6.507899857171046687e-01
-1.277756653760467875e+00,8.862750914811394487e-02
-1.206568010950649139e+00,8.372817218903340075e-01
-1.453680434337543126e+00,9.452521551318081583e-01
-7.205126457821491026e-02,-1.088951536386479346e-01
-3.858074766103716802e-01,9.127626094602345752e-01
-7.723349475747780524e-01,-3.621260828956355260e-01
-2.720550601578943795e-01,8.691072557313915814e-01
3.452712867822662068e-01,1.399439339385823503e-02
-1.229793851973747243e+00,1.897872607119234778e-01
-7.886547356719459945e-01,-1.598685799983650402e-01
-1.394106186147514359e+00,6.208403889640619067e-01
-6.281762315188353651e-02,1.962091420170189726e-01
3.131528700937943888e-01,1.120200331681526995e+00
-9.457508649978328685e-02,9.927247938000258176e-02
-1.159343491900101331e+00,7.294144835101381563e-01
-1.084043431790010725e+00,7.493187674349665039e-01
2.068409524378059805e-01,-4.555250979817937473e-02
-9.527362004750585811e-01,1.052417554997926885e+00
-2.079728275567615040e-02,1.788980811844115837e-01
-1.890356742375649546e-01,9.507265779512809045e-01
-9.612947193441494509e-01,7.344248245444808809e-01
-1.471556179801763120e+00,1.039233828249834790e+00
-9.652392799425885128e-01,-3.198020471086454597e-01
-8.858574402413332827e-01,-1.035915976959752571e-01
-5.454292258221038470e-01,9.109006122868572586e-01
-1.117707796489860739e+00,3.111070719831998121e-01
-1.291357302777297544e+00,1.099254195091851960e+00
-9.581796336766295052e-01,4.403455786056209402e-03
-1.495188039261888369e+00,1.136843828689221958e+00
3.355486019474863690e-01,-7.787673341544243399e-02
-6.245561392648286692e-01,4.385944692647266580e-02
-1.031302655915388389e+00,8.998355976696393865e-01
-9.293523754010624138e-01,6.260427266528105772e-01
-6.586840880063599135e-01,9.995436654125778864e-01
7.989830151111949885e-02,2.580826010554528871e-01
-7.207094180059669952e-01,3.175088403409419002e-01
-1.453098846861981208e+00,-1.071945196556938346e-01
-1.197628360582293272e+00,9.552083510985295289e-01
-1.170480935968341019e+00,-1.204936937051990370e-01
-3.945809485265548006e-02,1.002280763630200910e+00
-5.006581383791754852e-03,-2.305020600061361835e-01
-1.384048573632749302e-01,2.580827897228423762e-01
-8.615805581422197879e-02,3.919899731545150035e-01
-8.480882321390357248e-01,7.909680917651402687e-01
-1.207011165608834702e+00,1.222861927746322769e-01
-5.301637229061566536e-01,1.216149092146440625e+00
4.741699389673242893e-01,-1.241583291431507391e-01
-1.100320282929210025e+00,7.817953285056781221e-01
-1.268723734284271432e+00,1.207817127788703315e+00
-1.107390499535761297e+00,9.410540685591084475e-01
-1.441796348201902944e+00,-2.191694301482635943e-01
1.738036096887823900e-01,5.381697341391971090e-01
-2.065006916546373861e-01,9.569797053716296853e-01
-1.122860349867120133e+00,2.415173173897021131e-01
-3.470087871055607120e-01,3.022200524935643451e-02
-6.624062097931111559e-01,8.469913779027422596e-01
-2.430656208246396444e-01,8.163809678857744667e-02
-9.981310237384694029e-01,8.618017443139325273e-01
-3.744446267684880397e-02,-5.463273844845265570e-01
-9.982835741224324044e-01,9.654598257903014291e-01
-6.023094099513147393e-02,6.537781826049152700e-01
-1.212211424893487655e+00,-2.886842592595240675e-01
-1.253365367055225166e+00,5.876487083391893768e-02
8.856147110931615607e-02,6.008137511048972090e-01
-2.773085715077112101e-01,1.054432554082367357e+00
7.230845968420229752e-02,-1.746625606043894496e-01
-9.990671440932982206e-01,-1.252477180016798308e-01
-1.098298885444783046e+00,1.117548040985175017e+00
-7.546814081178086775e-02,-5.658475903616129177e-01
-7.597354905516078283e-01,2.681535292754553823e-01
-1.501819788647327458e+00,-1.671841785208503378e-02
-5.425204653137474797e-02,7.563038528147854045e-01
1.759222718844150879e-01,4.894631548473403482e-02
-1.634409456654481729e-01,7.220441627964835352e-01
-7.271253826992073455e-01,1.354077393886311764e+00
6.961892932330876471e-03,2.537947704805875171e-01
2.788725765775336152e-01,-3.550665532008106529e-01
2.309352256723828101e-01,3.588837372828557193e-01
9.551268679053144528e-02,-1.626357785481545859e-01
-3.929975698554758479e-01,1.238296214170019338e+00
-7.855068973806050847e-01,8.381269846387925382e-01
-8.725579670348106998e-01,7.440158307981405983e-01
-1.127102903069303608e+00,2.982787812757167201e-01
-3.613941498074645375e-01,5.351360640883955355e-01
-9.243495661146310383e-01,8.207899407945948855e-01
-7.628493305310177774e-01,9.381239060343307123e-01
-1.367851162657485187e+00,2.508227001600129777e-02
-1.264454148146558987e+00,1.048215900449000149e+00
8.892953230695837749e-03,7.427651737375842167e-01
-8.865827231193149638e-01,4.471215920345369410e-01
4.200257070934774739e-01,8.207524396072471973e-01
-1.169702539318010714e+00,5.335068276970277718e-02
-3.418603116021223798e-01,1.089667538924054657e+00
2.087727524732244933e-01,1.001475445832529676e+00
2.636449850232977163e-02,-3.307555860344019716e-01
2.309755366586424274e-01,1.017307112698992544e+00
-6.534135215743162861e-02,-3.386689341439582113e-01
3.494744850412666026e-01,1.001716206790461028e+00
-8.651761786534524212e-01,-4.270613512225785585e-02
-1.362645090085651045e+00,2.570380369533537546e-01
-8.568975424609498459e-01,2.501497177217384960e-01
-1.094303133818919749e+00,1.193162905408346131e+00
2.046838985903109975e-01,9.863674476210667619e-01
2.000244377860226630e-01,3.533576225345129718e-01
-2.150124801501947513e-01,1.203321079055580389e+00
-1.223420411080175185e+00,2.329985991044940807e-01
1.070187876788713660e-01,1.093206562731730003e+00
-1.043477092038719301e+00,3.065811745843181058e-01
-1.035817974148640408e+00,-3.340035287984425838e-01
-1.190459110711149737e+00,5.292546894785072897e-01
-8.938222400041536675e-01,1.992018757914016391e-01
4.018520017272817491e-01,9.833895643169495715e-01
-1.216434216642532096e-01,3.241878636220455606e-02
-1.209381486361569724e+00,9.504722037372007604e-01
-1.120375413895325495e-01,1.206570347204651839e+00
-1.078885041596007177e+00,2.132618423948360042e-01
-1.327823673878341694e-02,6.303029628294845033e-01
-9.123708831172525624e-01,2.679266085241823192e-01
-8.767037235430696906e-01,7.593900487913934905e-01
-2.162805698969354762e-01,1.143585170112068505e+00
-1.049437289632855486e-02,1.295469729281286231e+00
-1.041571599851678576e+00,2.094868174037441411e-01
-8.619409113589461269e-01,1.043320505680242150e+00
-2.435666913492685881e-01,9.791749515338801779e-02
-7.905876767868643684e-01,6.654695107331103365e-01
-5.821849125239271228e-01,1.128213765963344439e+00
-1.179970121748379341e+00,6.504612311409914138e-01
-8.123334334439537008e-01,-7.922703603655477378e-02
-6.786402383327851950e-01,2.218598828177313631e-01
-9.918133029533454659e-01,-1.905920299594262846e-01
-6.735839991214120914e-01,-1.575507615060614541e-02
-1.190084355195433430e+00,1.177012444792415513e+00
1.568132775999799278e-01,1.082138917142009271e+00
2.615707013159613847e-01,1.600931840013344043e-01
2.326403895937824984e-01,1.335052404685772576e-01
1.751659832911893200e-01,9.374653004911810417e-01
-1.088992023646635943e+00,3.860729674461044203e-01
1.907985821541825430e-02,5.282998643502603842e-02
-1.689801548233322570e-01,1.069450110068623117e+00
-8.092810283054594489e-01,-7.864032556989362585e-03
-1.231386264997488045e+00,4.129626883494664780e-01
1.976228523331779313e-02,1.510213173362111583e-01
-1.430810448988524497e+00,1.275573340808715317e+00
1.421321007889997656e-01,1.355859987363482455e+00
-8.189880548846918407e-01,-6.508426153420261706e-02
1.282245276003042000e-01,8.171352437988131934e-01
-1.042712201099934788e+00,-3.247127941161519205e-02
-4.424796366003640180e-02,-4.618288922877791802e-02
-1.445441522327296779e-01,-5.674957281945235826e-02
-1.017565516389587144e+00,8.671643285015220304e-01
-1.077582267898737012e+00,-1.767082302027095098e-01
-6.924701943651789815e-01,7.593106493010142177e-01
-1.398548317905349059e+00,1.289836529453881164e+00
-7.679965033590533396e-01,-4.550293655286626049e-02
-1.083258619354530827e+00,2.316923771080552363e-01
-9.295591585485283304e-01,1.385539740547482301e+00
-1.307264677299194933e+00,5.602262689016525993e-02
-7.943158550836178222e-02,1.190290571978139367e+00
-1.145274586219804602e+00,1.128469264296397823e+00
-9.238259778596501492e-01,7.449014055466726680e-02
1.611982930287882698e-01,9.505517849316746926e-01
-2.009142679726207137e-01,-2.883627468534254168e-02
-1.040431823836062281e-01,-1.586742213253259856e-02
1.307525964389993356e-01,7.489230815986543943e-01
4.783730668346493076e-01,-1.152668236146258268e-01
-1.119175495826417288e+00,1.082213643544202464e+00
-5.614588506306013027e-01,1.047523912482025032e+00
-5.937549791394053367e-01,1.130157634088095886e+00
-6.659396765845762012e-01,1.242886842164963479e+00
-1.113496298459285772e+00,1.067793170232779643e+00
-3.432327101379163414e-01,1.059432196928646874e+00
-4.019741815418171327e-01,6.829106586851770855e-01
-1.145807747102248308e+00,9.903301586271715529e-01
9.686341149816589391e-02,1.432185393264290507e+00
-6.436509637998539812e-01,3.811648642511752255e-02
-9.300535247582625287e-01,8.524611336321075150e-01
1.867322766721094818e-01,1.215070728676005185e+00
-8.752318840826126545e-01,7.744117812683254387e-01
-3.374438593824913984e-02,-1.356860593379020652e-01
-9.987521634913045787e-01,6.079060231292444244e-02
-9.084062549780511642e-01,2.093788818701126375e-01
-9.751850928839609356e-01,-4.145718632647706348e-01
-1.882953578690889085e-01,1.001404837729144459e+00
-1.004719906484897063e+00,1.210842465882429275e+00
-1.335988129109503708e+00,9.578263427366436877e-01
1.121333473720223656e-01,9.884641157063451811e-01
-6.821608729474899491e-01,3.888189029442007394e-01
3.143632437325372675e-01,1.882739137780227168e-01
1.610675332967202722e-01,-8.425210943446094503e-02
1.330904268683336111e-01,-1.403764283432593629e-01
-1.077471001456959065e+00,8.970875659482137054e-01
-1.355947711610039075e-01,1.990026378277447994e-01
3.511347110206681776e-01,8.450750064598533395e-01
-9.232029541525414995e-01,-1.423687728253408835e-01
-1.073912842452189764e+00,6.761865880000900164e-02
-8.035759191108842181e-01,7.467391868576287450e-01
-8.902779661554798274e-01,-1.279499546220749795e-01
-2.506645133935273551e-01,3.266719776002868780e-01
-1.925230693704883533e-01,8.056160444867055404e-01
9.933168736663301746e-02,7.956939098664478349e-02
-1.072660117457726159e+00,1.029230643484176477e+00
4.637742618457334903e-02,4.532900594381786274e-01
-1.090643374703884394e+00,-1.275425157485729488e-01
-9.607149997302962818e-01,-2.217021114882291033e-01
-5.234240280546373913e-01,8.134418683091161340e-01
-1.842273888345744015e-01,2.074581515704531087e-01
-8.187013507191716055e-01,1.098147612436261716e-01
-1.327692836429099632e+00,1.051577541935621474e+00
-9.926351653431030320e-01,6.601942460868790441e-01
-4.592457643399102535e-02,2.302528904950270072e-01
9.196515510864550214e-02,9.615652496825028983e-01
-1.069519329315091971e+00,3.761565094964680611e-01
1.636968853671511015e-01,8.986488220369616420e-02
-1.143854338900588200e-02,-1.196956392376180012e-01
-7.213636016108886384e-01,6.301039618258590380e-01
-8.378998431706810024e-01,9.786941365998882425e-01
-2.050585490440320069e-01,-2.234367238676825129e-02
-2.578593693399465203e-01,1.071548174999178871e+00
8.854994086886756877e-02,-1.403370726627882759e-01
-3.019001928205010676e-01,6.154929373939246329e-01
-8.741350811547752286e-01,2.684719614078927563e-01
-8.887555388904082587e-01,1.454104663212556048e+00
-1.597666591416401216e-01,-5.293392066499033044e-01
2.812558587591210135e-01,3.734526729060678729e-01
-1.087220830842424935e+00,1.321932296271679075e+00
-1.007470741249491875e+00,7.590269159232905516e-02
1.112809560080659094e-01,1.112949226362045962e+00
-9.054624737313405891e-01,3.351416734155593380e-01
-1.113322113491489240e+00,8.895004511864877950e-01
7.349479589789230383e-03,1.887239309086542749e-01
-1.416928117647631158e+00,5.822358608076800834e-01
2.474953706632978048e-02,9.447440128543563853e-01
1.130616342380982575e-01,1.081781266347729531e+00
1.742613876769320003e-01,-3.036413456513334386e-01
-8.415991888594209769e-01,-1.787515939295703793e-01
-3.352022789291689842e-01,1.075921009112303262e+00
-9.398926179444331286e-01,1.201144758312104210e+00
-9.687858674596014907e-01,1.257495240964935146e+00
-1.131498091529110406e+00,1.107965506215806029e+00
-1.039153069403576879e+00,1.048999077707304162e+00
-8.129216358960423827e-01,1.176665272121840689e+00
-9.142525182725719235e-01,-3.579968892683567661e-01
-8.722569493032559240e-01,8.345436128761725136e-01
-1.005616883186834176e+00,-5.789561205735688221e-02
-9.379683912053725647e-01,1.267029768906151155e+00
1.065073523194929456e-01,-2.729428699254672908e-01
-2.850782783901990580e-01,1.045165957901161624e+00
-1.160224916103880899e+00,8.233823348184805546e-01
-9.120276197306187438e-01,6.437922901427418909e-02
-3.135108470936563974e-01,8.810800796446867089e-01
1.452454802511038146e-01,8.224439002725874026e-01
4.406208736964051242e-01,1.638424384783473131e-01
-8.344640461156246358e-01,8.582320385665984652e-01
-1.459617389662292708e-01,7.797285100679887115e-01
8.461351990018291247e-02,1.266714993253429178e+00
-1.220091044206571773e+00,3.974782655393605327e-03
-1.430694657147434823e+00,1.046123330937553941e+00
-7.902421832422759085e-01,1.116963026692204819e+00
-9.083853196571006761e-01,5.389338644972756914e-02
-2.366525602952086471e-01,1.033163332445640181e+00
-3.223466855503335782e-01,1.281731479491347248e+00
-8.724288205605192914e-01,1.143320570796451996e+00
-4.328610929431448429e-01,1.099820697212717802e+00
-1.275686856082252296e+00,7.695492466689058952e-01
-7.287899821643331055e-01,1.153195724757507756e+00
-1.830665742631349402e-01,-1.587194972809856941e-01
-6.610966155926056853e-02,-7.057320284753385020e-02
-3.656299937960003632e-01,1.114174298781428707e+00
-2.490206385608095818e-01,8.912490114400540842e-01
-1.094310532994969831e+00,1.203809607281661087e+00
-1.151742734678614655e+00,9.374269976366572665e-02
-9.152897849493745186e-01,1.112283940209027877e+00
-3.356556845070969297e-01,-1.527052659088573849e-01
-1.150609900428241295e+00,1.590946043434638690e-01
-8.197453774582454944e-01,9.572979900212266191e-01
-7.058366666811051460e-02,-1.348640932984260764e-02
1.253636059630311161e-01,1.237795483831903187e+00
1.941413455598118842e-01,-9.162210948737813110e-02
1.167025478758926954e-01,5.629565588065612580e-01
-7.904189807540056290e-01,9.406527477077781807e-01
3.784322965827948693e-01,2.281500463340950802e-01
-8.297748005396236026e-01,1.232572122544341564e+00
-3.850978696608840512e-01,-2.070554946418725131e-02
-1.306162950597473227e+00,1.074758031263515878e+00
-4.559618708499736384e-01,-2.518290827050226333e-01
-1.279486887047114607e-01,9.763597396939989181e-01
4.544811603768468544e-02,-3.878238011666210183e-01
-1.092529694778687555e+00,3.799684583670116106e-02
-1.229967198227584380e+00,9.869032943486715226e-01
-5.809496118362796890e-01,7.375796085727490126e-02
-7.874586293599792342e-01,7.654289247759655801e-01
-1.202649735384183849e+00,1.114081980306387276e+00
-1.166977092494859924e+00,-1.933636204152235638e-01
1.987972115629215719e-01,8.799025081252969116e-01
-2.662708198088173384e-01,1.344942888972717743e+00
3.986941243767208043e-01,1.106276095856014052e+00
-1.474944106417184209e+00,1.221322568278634835e+00
-5.643109507906118871e-01,1.089050647263018146e+00
-2.670726379889261093e-01,5.857004959694338264e-02
-9.379364010469906088e-01,9.597075986396201575e-02
8.015734224957826726e-03,-2.893384689483232131e-01
-2.723646603536926669e-01,1.038353629752745588e+00
-1.149237180969493455e+00,1.117330833892228537e+00
1.434972840338793743e-01,-1.595724670596016664e-02
8.986587434812327857e-02,1.109796115675670380e+00
1.664353705500277308e-02,2.952602868634049069e-02
3.584477787101758017e-01,5.122401152611811836e-01
-1.052164774958730620e+00,-1.034865619183543001e-01
-1.123748966339596506e-01,9.712151887437400211e-01
-1.446998755097607947e-01,2.573141443830412323e-02
-6.639186899001672248e-01,1.255261027473475011e+00
-1.185416069874925649e+00,1.148834605935239173e-01
1.608845242738375925e-01,9.541437881080035988e-01
6.406109784798365292e-02,8.749617350098570778e-01
-8.757700231048571871e-01,1.799144570249827102e-01
-1.055475100791495757e+00,1.251372098948613676e+00
-7.447027778147539134e-01,8.243629175559578082e-01
-9.889983350563239517e-01,-4.844050144150002790e-01
-1.986144780937394438e-01,-4.079868448631712718e-01
4.419787174697690779e-01,2.835211597997850941e-01
1.972532085624794651e-01,-9.474311917029877572e-02
3.311147100030003565e-01,1.113167149858973026e+00
-1.154931052837412819e+00,1.029487367751940274e+00
2.689528455099590709e-01,8.276947626344518527e-01
-1.626493488106169893e-01,1.047607006837790733e+00
1.423565150847876937e-01,7.343165346324955767e-01
-1.339129588010072869e-01,1.129216978241200486e+00
3.472036291016056958e-02,1.185543944128224947e+00
-1.071369262566266967e+00,9.901900164353861777e-01
-3.010024512888786474e-01,4.160414563777883878e-02
1.817404975495049979e-01,1.388681312448412308e+00
-9.962911170068264877e-01,3.741967616589371159e-01
-2.147818432789737886e-01,-7.542770383088108765e-01
-3.832378549211585828e-01,2.224821598315291360e-01
-3.649093664966776562e-01,1.177309408252179335e+00
-9.199544797097047866e-01,1.069199046668174224e+00
1.450457425515707353e-02,-4.261658481506139240e-01
-1.547873676952093297e-02,4.230843656926550067e-01
-1.860881460447790792e-01,-1.308994759490111626e-01
-1.957483962199448591e-01,-1.353939101271073309e-01
-9.740593901547941469e-01,-3.507048515120981813e-01
-1.377309037253288404e-01,-2.817186142684068861e-01
-7.869792505327989351e-01,5.159222506258161894e-02
-1.296587825624820889e+00,1.199262326090636321e+00
5.003859734795830239e-01,8.397583022438283029e-01
-1.065384125477052635e+00,1.446661430049952290e+00
2.518008391151427827e-01,2.234842333183543750e-01
-8.995345568816626169e-01,8.948739545947299590e-01
3.719402235927741444e-03,1.110093546088730232e+00
-5.957980959543091037e-01,1.144298250039176290e+00
-9.289548361343759053e-01,2.807705614075640121e-01
-7.231831367376360120e-01,8.011881137093511684e-01
-6.849497378560808203e-01,2.509142920812363897e-01
5.589501556206440125e-02,1.288003167629925561e-01
-1.304933537825263112e+00,1.365376607225780248e+00
-4.239291074432020023e-01,-3.458800813048675260e-01
-6.471031527733833721e-02,3.481176177512978476e-01
-9.092774271217562987e-01,5.433574444905377998e-01
2.034322305994120672e-01,9.452086838008296743e-01
-1.304216446767704207e+00,6.961723198480180841e-01
-1.995891326684763323e-01,1.528047527847878340e-02
5.850924955325989552e-02,2.705736315192534547e-01
-1.120417486694892828e+00,8.545301213388519779e-01
-8.148576294246521190e-01,-9.134671137353293779e-02
-1.986111366232490016e-01,4.431306830271112412e-02
2.498040166254371086e-01,1.220170758206503558e+00
-1.052854845846078607e-01,7.956417041868218964e-01
-1.318257880234340096e+00,1.054500820472654921e+00
-5.901553652713812381e-01,-2.951681818063260909e-01
1.283866667627147351e-01,6.991102847071783977e-01
-1.222894712333412626e+00,1.068930200866170743e+00
-1.853384563011254982e-01,-2.676235770165471539e-01
-7.872843758922691837e-01,9.117359753282259227e-01
4.548237854229771754e-02,6.931870697648743196e-01
3.428179994923653551e-01,2.904271763283809427e-01
-8.124116021240913865e-02,8.645363167185420306e-01
1.648239292040170334e-01,6.312867936640915723e-01
-1.288020517280045407e+00,-5.564316410453293282e-02
-8.795968306269439374e-01,6.125538949282578055e-02
-1.043518596268760007e-01,6.861881021910209988e-02
1.375101200158829473e-01,1.170385101974529496e+00
-6.710441555207615760e-01,1.287638503752164543e-01
1.744911950820648983e-01,3.542547641042610718e-02
-5.277856216195490197e-02,6.884143932243513841e-02
-3.389261418851231555e-01,8.727148390274587497e-02
-3.332407263436244493e-01,1.043847527991959678e+00
-7.193300229298050796e-01,1.336601688155176354e-02
-9.028022974774480014e-01,-2.345873012425367041e-02
-4.503934242581144609e-01,-3.751977255145391155e-01
8.300541507815065168e-02,1.794171224053598412e-01
-7.648599908302258221e-01,-5.818843419174596354e-02
-9.885652220719650662e-01,5.921445925754206252e-01
2.246572210771193845e-01,9.888417726543505815e-01
-9.027874125389258320e-02,-1.624051805327396125e-01
-4.435408410260129330e-01,1.061393457073739610e-01
1.519380225655387329e-01,1.021954171913176612e+00
5.432915563118627666e-01,8.629102404727204689e-01
-7.909043249570597567e-01,2.717314318092527436e-01
2.563324718963084226e-01,8.097475416308690110e-02
-1.112600407565422556e+00,-2.150030722321511281e-02
-1.144277352185386620e+00,2.543497125338446407e-01
-1.224369489667161304e+00,6.003850743350906960e-01
-1.067165051130876785e+00,1.391942224565900776e+00
2.090112862896513490e-01,8.357713493982685815e-01
-4.957606175562149775e-01,7.343488835651586222e-02
-3.879624149430186408e-01,6.735783744915349036e-01
-1.621745931510887029e-01,1.037947131227378694e+00
-9.794600008930684845e-03,-1.198832025700739129e-01
-1.267707455320560284e+00,5.438185375215078832e-01
-1.124442673941384863e+00,-1.170713030147513545e-01
-1.177465158501190601e+00,-1.188618588317344113e-02
6.061110912017222963e-02,1.522260784581658255e+00
1.852530521239950378e-01,2.454651086966582185e-01
-1.144849861116436385e+00,7.246571339714122928e-01
1.766818799116501304e-01,1.136757472681709791e+00
-6.279612059988421979e-01,1.048233921400624880e+00
-7.890993880284644102e-02,1.275485664463517743e+00
1.993315391156286198e-02,-4.213296220416754695e-02
-5.352600473701687456e-01,-4.391907372393417767e-03
-1.142564761794758521e+00,3.785901492105326477e-02
-2.045683110327562171e-01,-1.092387205020928370e-01
-7.625253201749702114e-01,5.079170745529112407e-01
-7.175567105636730947e-01,7.890678748511517071e-01
-1.350293052696287521e+00,8.817696364252753938e-01
-5.779727321280085928e-01,6.663735513516241826e-02
-1.059253298765125084e+00,1.052536291913161781e+00
-1.006670712967896675e+00,8.668126950871025971e-02
-8.935317746016845364e-01,6.316269220888148794e-01
-6.535758595795738979e-02,4.192982457688891607e-02
1.167214284522280071e-01,9.435391320761465916e-01
6.243979126183460959e-01,9.144036131057325933e-01
2.481636952937542606e-01,3.499429833320393812e-01
-9.592963840755660554e-01,9.182590277159770054e-01
-4.684754657055708593e-01,-7.361080251194816737e-02
-1.743181037167348263e-02,-1.505361684222848440e-01
-6.388358689366960830e-01,1.272790951406916227e+00
-7.503944258361904263e-01,-3.546463910901571093e-01
-1.385266139762345139e+00,7.112738109026151001e-01
-2.184035290653529304e-01,-1.772050111967868602e-01
-3.459031876860551025e-01,9.156887329160110500e-01
-8.985217145819678342e-01,7.387395121123201402e-01
-7.265190168119562975e-01,7.252618392247807133e-01
-4.514099349840008379e-01,-4.367182921399728190e-01
2.420974406406728799e-02,6.153015812914046645e-01
-5.244424192177437050e-01,9.067701976540648579e-01
4.263797325000066030e-01,1.258048221476788076e+00
-1.095602980988475084e+00,1.120834309465368550e+00
-2.898667228674677021e-02,-1.565889981820577648e-01
-7.606434363855392178e-01,1.154729753955425542e+00
-1.053405625691847591e+00,7.995305823686467139e-01
-7.648001483979763870e-01,8.770587111303747019e-01
-1.432859624537692111e+00,-7.383848413779466047e-02
-1.849037144075500044e-02,1.051528994363989833e+00
-1.133399408022341959e+00,5.666716586371041420e-02
-1.887647793648419003e-01,6.098214135916746326e-01
7.398944223570128043e-02,9.943517598071143215e-01
-3.080448329981618980e-02,5.512092876139321196e-02
-2.886005703437035871e-02,2.707922941228442792e-01
-6.312210003804487324e-02,2.224516779208368655e-01
2.367297603999894973e-01,-4.480712149123949328e-01
1.696102157222925122e-01,5.899751150428600432e-02
2.537432840987772220e-01,1.137722584522559838e-01
-9.764357687879924308e-01,-1.567303361876075385e-02
-9.382156064042340704e-01,1.278548898102898956e+00
1.907642486080405597e-01,-4.304824966513175200e-02
-9.026734385472843236e-01,-4.104399545066930166e-01
-7.816512566549171925e-02,3.624488823539013804e-01
-3.266569913398800207e-01,8.229200554447546612e-01
-7.910066723171387260e-01,8.684546047936392288e-01
-3.438750017491639666e-01,-2.426596088693947495e-01
-1.139098916224231539e+00,3.914796028655387894e-01
-1.461523664910431508e+00,9.772929460582251426e-01
-1.123233752325907275e+00,2.140668622714130276e-01
-1.220405869912677854e+00,1.275014219443543428e+00
-1.062223750135803252e-01,1.222121127307979505e+00
-1.409172932861832706e-01,1.059430328872831284e+00
-1.448606549973471269e-01,1.283220467001752629e+00
-9.733490236791341177e-01,5.058492098259990133e-01
-6.900521965832599747e-02,6.828104120495885887e-01
6.166612550581183211e-02,5.793160123255393090e-01
-9.306289203901071394e-01,-7.897162266625767924e-02
-7.741526617181654357e-01,7.605746771173533816e-01
-8.259763596205071945e-01,1.061074763346316896e+00
3.971893389491746446e-02,1.312511018533340235e-01
-2.439438004716583397e-02,7.864333936853327156e-01
-1.031231427164460701e+00,-2.965172779620464660e-01
-1.041251939697762641e+00,7.403993392721939237e-01
-1.071704120460527321e+00,-4.019185499432909592e-01
-9.824791951694885617e-01,-2.350260948279033965e-02
-1.182196226986928389e+00,1.128332461708281942e+00
-1.185069851163738530e+00,-2.461562425153247281e-03
-4.410689972601994358e-02,-6.147781674242887295e-02
-9.962785073140070224e-01,1.431470879737503366e-01
-5.987714331084233177e-02,9.532086628639292458e-01
-1.589163524310475140e+00,1.003090851843846387e+00
-8.877013129140798320e-01,9.183323802724091545e-01
-2.557616025004528226e-01,3.433603096670337362e-01
-9.760287894270109899e-01,1.219249705251150395e+00
-1.447204567388978846e-01,1.036350102682618290e+00
-1.875271902124672763e-01,2.502291583855907262e-02
-8.127499432680438396e-01,1.399800117698985491e-01
-8.985918014563412104e-01,7.802671383942979544e-01
-6.359087875201464568e-01,-6.003683578618527333e-02
-3.556426432546196809e-02,6.614626158174765624e-01
-1.151316881557784111e+00,5.953571860073410271e-02
-8.519906830054567726e-01,3.887531160036851174e-01
-4.712512062707074900e-02,-2.006987446122013852e-01
-2.301435307004466579e-01,2.342662276521244591e-01
-9.814744881980398683e-03,6.912075326166990941e-01
-6.522706692540829465e-01,9.764651375540981393e-01
-1.318377569150448458e+00,-1.253304128795727224e-01
-9.944305841963980708e-01,4.011530806863202736e-01
-1.078347995173538632e+00,3.724316645484374022e-01
-1.444250980186216615e-01,-5.572688318300549337e-01
-9.869015062724968423e-01,3.509023671449169601e-01
-9.445189880123122661e-01,1.184723704750148432e+00
-1.053789127321377084e+00,1.029147104895103082e+00
-1.088286779183407216e+00,1.250407715831090893e+00
-1.048998191074438507e-01,8.900585432642967865e-01
-4.134055188729773844e-01,-1.080648076037228345e-01
-1.390010507875774348e-01,1.966352130116078289e-01
-3.514022003792581228e-01,-5.635033761455169321e-01
-1.245835117561098659e+00,3.585357653308720027e-01
-5.129331893177937474e-01,3.034408868203847601e-02
2.005903166853500452e-01,1.237270716956402561e+00
-5.533511562987634136e-01,8.992215449526802518e-02
-6.797621012149380748e-01,6.048906353661059887e-02
-8.794337361727473379e-01,9.908953737157857322e-01
-1.212073542198397469e+00,1.395707337399110681e+00
6.797976514543092874e-02,1.415460652666568508e+00
-1.178144985140999745e+00,-6.177622692451501668e-02
-4.063152712434183744e-01,-1.063322709204440053e-01
-2.030775942362093023e-01,1.059551535463319372e+00
1.423909124914981561e-01,2.013730414412306102e-01
-8.297356006930880490e-01,8.920172442947965630e-01
-1.037248080246902848e+00,1.027147813805796561e+00
8.390492153569415260e-03,3.384035905701393010e-01
1.823929249206481806e-01,1.019871262626330211e+00
-1.485382379180248125e-01,-7.853864907941616319e-03
-9.278262185215598867e-01,9.675981066519446783e-01
-3.878934083756891416e-01,-2.285088162123904976e-01
3.900031981147959737e-02,3.767653310260387078e-01
-1.081918236226710350e+00,-8.087788728922638837e-02
3.784367512270048195e-02,1.064682209321030193e+00
2.615590867613967405e-02,7.665087646093931006e-01
-1.412739473828858561e+00,9.345483492745109144e-01
-2.444090674199096425e-01,1.298653811357030063e+00
7.224646619711010131e-02,-2.726458053543096005e-01
-5.857090628353405631e-02,9.911139859372611327e-02
6.678798732001170468e-02,9.591906260369932324e-01
1.970498699759343775e-01,1.181369380468136665e+00
-1.247780185259910635e+00,1.227036721450858625e+00
1.062550744673460557e-01,1.304011851551839074e+00
-9.418300958085041863e-01,1.093211471887465674e-01
3.137818708409428892e-01,-1.497996569673883116e-01
-3.739209823662654752e-01,1.887026338515764012e-01
-6.979405275540536691e-01,1.216453011437113485e+00
-8.415585413017032668e-01,-9.988060458551564769e-02
-3.588821459155353555e-01,8.880994258800745111e-01
-7.496921864377177336e-01,1.165816529435550475e+00
-1.256193738344850486e+00,9.819076786269886892e-02
-9.329099453359775973e-01,-1.701050060984033163e-01
1.060530851796340629e-01,-1.701464001955377003e-01
-1.213607533894394797e+00,1.121091488467086617e+00
-6.910086274318218147e-02,-8.880269863570428024e-02
-4.181437562374063499e-01,-1.296577206615592559e-01
1.179402976034037986e-01,8.727943070690312721e-01
3.573788782843319023e-01,-4.251144832242708671e-01
2.111232632295722833e-01,-3.609894639321973853e-01
-2.088045642868400498e-01,1.234416533766411694e+00
-6.521877333945081956e-01,-2.092765544856617088e-01
-2.347331625995599802e-01,-2.181710814780785379e-01
-8.006838912072098413e-01,1.513401378945347986e+00
-1.302348305953025864e+00,-4.535548786923707665e-01
6.213573431876153741e-01,1.342127323339793232e+00
-8.470422497462714029e-01,1.893086493692639205e-01
-9.891625488371263986e-01,-2.625521682233263321e-01
-5.749522826698051647e-02,3.369794310972787366e-01
-7.784119732935799174e-01,-1.088364863397979498e-01
-1.473249252820313604e+00,3.158344261709966072e-01
-3.022448915629478705e-01,6.413304060593774669e-02
-7.611842475542165420e-01,1.183515508888812739e+00
2.734312219307591385e-02,1.085568749818431655e+00
-2.233669696089900791e-01,1.751802746865684934e-01
-8.722097949145679596e-01,1.011720598493040635e+00
-1.187358079945773248e+00,1.025858522268611406e+00
-7.225564526373657870e-01,1.046001616232684617e+00
-3.670157735774654591e-03,9.183208930257457103e-01
3.932558239698032421e-01,1.030059216201205663e+00
-9.681193422806089188e-01,-1.597436819329186575e-01
-8.735833515721455611e-02,-7.011507968610565522e-02
4.791349997936659999e-02,-3.577434571879885006e-01
-7.157882445847661979e-01,1.577459800391965150e-01
2.813043566717202994e-03,-3.178887747765207772e-01
-7.590131746683306813e-02,1.234944690065991502e+00
-1.305761811374776815e-01,1.015030187505114201e+00
-9.746075223685173317e-01,1.318440193978038577e+00
3.322932630605921617e-02,2.831017638213497167e-01
-1.578133035678084273e-01,-1.836330075185161823e-02
-3.079888092069654748e-01,1.070341312951357926e+00
-6.714292009124414040e-01,1.099522937330080330e+00
-7.897848551892397984e-01,5.186632478047419337e-01
-1.135067896941345689e+00,7.368480785818523060e-01
3.294523734867448039e-02,-3.561090123815533609e-02
2.738565877842173979e-01,-2.292256434131939025e-01
-1.102275134188931638e+00,9.139071253677339968e-01
-6.579024244149105360e-01,-1.421936975894066424e-01
1.797438251838963108e-01,9.055662467487488598e-01
-3.964055369383869681e-02,6.230514484890351673e-02
-1.037945297166041891e+00,-2.606704582398646775e-01
5.105828699831090750e-02,8.545950212639945587e-01
-2.527134981232957989e-01,8.113362027576216384e-01
-4.051132525989780686e-01,6.369181849317825939e-02
2.167778355506983778e-01,8.883557459156441460e-01
-1.014237441413927687e+00,9.570492321589777474e-01
-1.284272988717431119e+00,-3.537752945663110715e-01
2.042803334904315093e-01,-2.991019084840095821e-01
-1.449763139719425276e+00,8.018597635807681590e-01
-9.089123553588665527e-02,6.994964798809273354e-01
1.660804248058588561e-01,3.484914648202876442e-01
3.877612255971758515e-01,4.223484555743875490e-02
-7.601537220338384915e-03,8.441259196668113862e-01
-1.317317792784741037e+00,-2.418337150410741765e-01
-9.032979964617243729e-02,-2.075893415111054394e-02
-1.152020343055066842e+00,6.431487135941902356e-01
-1.208712548091628758e+00,1.134601370862063696e+00
-1.838174997139438160e-01,8.622000456416563374e-02
-1.195189824903564180e-01,1.424685118797615335e-01
-5.764480572134715874e-01,1.231496531922044335e+00
-5.369607728672382008e-01,-1.376493645121172893e-01
-1.529689404524478658e+00,7.928797683640167460e-01
-1.124635462671612629e+00,3.395788284039249483e-01
-1.302553758680304874e+00,7.922908197737443814e-01
-1.011228450030401183e+00,1.077235206922117161e+00
2.528246811144298917e-02,1.112412273368687643e+00
-2.983971968159083721e-01,1.308841217397350265e+00
-1.525799109411040355e+00,9.821041527035531127e-01
-1.133960171208404422e+00,9.946626957698417870e-01
-1.387486795486755353e+00,5.212072681655963713e-01
-1.245442903392393941e+00,1.533739410016131122e-01
6.978662575944502219e-03,-1.493096053258275990e-01
-1.042338860188743777e+00,9.757400093735210111e-01
1.049348163429414532e-01,-6.649004479072920248e-02
-6.221422125155564448e-02,-2.808918526878769750e-01
-1.089682898919709819e+00,1.143524280633162249e+00
3.309401607036774884e-01,-8.144645241552274373e-02
-1.441587402067102230e+00,1.089802782945080262e+00
-1.053020547220736347e+00,1.279707554978426476e+00
-6.122563996304109663e-02,9.607698551231360629e-01
-6.085803498353627994e-01,3.379356060613594726e-01
-9.635795743170971761e-01,9.519066640356284026e-01
-4.327257454898635752e-02,-2.270737430152081071e-01
-8.121166474185427253e-01,1.164404254023965857e+00
-9.934682540966516262e-02,1.481137394636821147e-01
-4.798546435400116716e-01,1.126392254696763295e+00
2.733956807203645756e-01,8.580954974962331505e-01
-3.650410597350337016e-01,-4.972483743901932179e-02
-1.525707199735454545e+00,-6.557570023169559392e-02
-3.588721605110523627e-01,-1.134911691065153445e-02
-9.964692833025695640e-01,1.030853038652578685e-01
-3.440079895181316072e-01,8.523194187392064691e-01
1.570712133959677181e-02,4.127417375227840912e-01
-2.200856948148602887e-01,8.937903772941761804e-02
1.026393205902413203e-01,1.141566118352994375e+00
-1.161107990725970263e+00,9.639681376606938912e-01
-8.965772049406415256e-01,1.120754671188538110e+00
-1.029998898794254547e+00,2.598228717631174689e-01
-9.263995984805472039e-01,8.775407500158921570e-01
-1.117519609396864788e-01,-3.051307603999414697e-01
-9.903284931855645956e-01,-2.429507543619561505e-01
2.055473044423190287e-01,1.718415582224864790e-01
-9.444400697073160877e-01,7.232017418146670096e-01
-9.445222517576298826e-02,-5.553755971521247975e-02
9.582960351761882212e-02,-1.236738119041663891e-01
-9.631659644573976609e-01,-4.031507131867527460e-02
-1.128690513899571979e+00,9.102964010574493559e-01
-2.556822283687646413e-01,-3.082442307424531486e-02
1.447423339891384247e-02,5.307124912436016473e-01
-9.504839098763732119e-01,3.703097027269904029e-02
-1.188008939034004063e+00,-1.995407576592125587e-01
-5.749396053333992972e-03,2.929384900333569797e-01
-1.025937806356845172e+00,8.748660315488151484e-01
1.177627601325376000e-01,-1.917230864570128868e-01
1.797624020482223028e-01,-4.688153671726935090e-01
6.095792784395279718e-01,1.417057748418628638e-01
-2.744985256644643518e-02,9.151717765992037901e-01
-1.320717630315300539e+00,9.883702795575892708e-01
-1.274757793035930509e-01,9.329827354725990229e-01
1.419998045722579150e-01,7.848874877458482391e-02
-1.205207993594104243e+00,1.021586644454348214e+00
3.910955618014723134e-01,1.118886237584445720e+00
-4.369533854179025179e-01,-7.265306013416680808e-02
-1.226268019168018641e-01,8.002375712596703217e-01
-2.906287071992945670e-01,7.962678980828542530e-01
-7.171026351143523492e-01,9.010015968252620411e-01
2.395552124133182859e-01,1.006794819843430222e+00
-3.520879415345685298e-02,3.085339032748519172e-01
-3.016661886699013584e-01,9.961171312398069411e-01
-8.617002259829942279e-01,6.263487038082465874e-02
5.377337604450764807e-01,1.085061384648378979e+00
1.062237007360170571e-01,2.484560067185213883e-01
-8.741295667405112324e-01,-2.122425877184964393e-01
-8.469210843432994906e-02,8.558845556048597647e-01
6.513715842299985792e-02,2.846449262447786066e-01
-7.340716752464546691e-01,2.525110102590445993e-01
-6.777940998985967358e-01,1.156304807482978703e+00
-1.462895139236048081e+00,1.181298411145531579e+00
2.589147029215055004e-02,-1.599429865081073918e-02
-1.261934389486955022e-01,1.351872540609605711e+00
-1.236210118344757802e+00,5.473100116194667963e-01
-7.305141608508085582e-01,-1.134352558789663151e-01
-1.185956262158991414e+00,-1.528343674229333538e-01
-1.220533217343746868e+00,9.256608933608110323e-01
-1.841789781897435752e-01,1.162985721758563878e-01
-8.659693639893457640e-01,9.113752388361202605e-01
-1.045792793963285394e+00,2.776359912050596623e-01
7.714526142785349538e-02,9.202175243752517275e-01
-9.164335974843036414e-01,-4.438969402574301226e-02
6.247219028639397487e-02,-1.868967983323870652e-01
-1.021525742998953046e+00,1.108285625732481572e+00
3.318880389654390028e-01,8.273064838633968632e-02
3.339361775749696837e-01,-1.755083914539085632e-01
-4.147062050464134231e-01,1.956657519910625920e-01
-1.165850387883419215e+00,8.651112198614026028e-01
-1.031222258064716568e+00,-2.455145460549117489e-02
-9.511344151095854071e-01,-8.905571910472019626e-02
-9.072743031113897905e-01,-2.231614097559122267e-01
-8.981877709016139466e-01,3.103928475015544364e-01
-4.805376568541877558e-02,9.400185276684294156e-01
2.124042330783589005e-01,8.637316758515286574e-01
-7.984507819202326662e-01,1.202080966892306924e+00
5.379064979246583889e-01,1.262458100322351617e+00
-3.407512583560767805e-01,4.477205704878022864e-03
2.500822787719046425e-01,-2.593137507206139669e-01
-1.461580749296217396e-01,6.312176884712461522e-02
-8.178249553805678751e-01,-4.406357647067519201e-01
-7.536659831080259053e-01,8.126401818680792921e-01
-1.753600520758248626e-01,8.893964905423101808e-01
-4.658057989496177526e-02,3.260670765764827617e-01
1.163871591622646917e-01,9.772977499235436794e-01
-1.119518230015035948e-01,1.083418622955921284e+00
3.300957355960281586e-02,-5.310394429543821267e-04
2.061606791523238058e-01,5.522588662720655517e-01
-2.807609992693419487e-01,2.070615875532472450e-01
-1.424389373828325034e-01,1.091408554860025415e+00
2.704964312559434148e-01,8.568275370413624970e-01
-4.076092125592593596e-01,9.322166860576479308e-02
-1.127242656742835525e+00,-1.898533072823401779e-01
-1.204660439919974069e+00,-1.845362930726123785e-01
-9.862027365232812759e-01,8.531854290878800873e-01
-9.992358867305555226e-01,8.646826644869287648e-01
-6.556784075823143265e-01,1.174594635489716321e+00
2.577608142833894833e-01,2.425123778815670983e-01
-1.038875974503549404e+00,1.074118825842296232e+00
1.704028423435632600e-01,-1.234030270601208304e-02
-8.083495327565901611e-01,-1.373879001981001026e-02
2.368364789018590211e-01,-1.170701967287832573e-01
-8.439831735512021149e-01,3.391179062265292088e-01
-8.367968916179320538e-02,-2.974461948577189485e-01
-1.001795620010441867e+00,8.522405437667994743e-01
9.780425015346513873e-02,9.631920675064987725e-01
6.528093835332146599e-02,8.768110801983597380e-02
-1.078042775963091282e+00,1.195869837588688783e-01
-1.299040230175401746e-02,-2.692792659682309853e-01
-1.019031848046517696e+00,1.230184124204021456e+00
-1.273608334363356853e+00,1.099866191000496762e+00
-2.469269940050194678e-01,-1.250556416894361977e-01
-1.065713610123322441e+00,1.002379530373673333e+00
6.688909484766581981e-01,3.583107487060832042e-01
-1.351479696691882726e+00,2.200858561087624954e-01
2.794201754384640357e-01,3.274874205633993007e-01
-1.134231881308146728e-01,3.643434713247857282e-01
1.672594563547181445e-01,3.386124713465449299e-01
-1.126873092395069414e-01,2.777345864229569528e-01
-6.141499869837059311e-01,9.906747201986496609e-01
-1.304988003210113767e+00,1.147992597417890170e+00
1.102814151885828098e-02,1.344065296975212931e+00
3.553696965362666133e-02,8.840710499087577334e-01
-1.055463061181857620e+00,1.122248343968492490e+00
2.589912114682271782e-01,-5.113778040461859631e-02
6.396481896365770192e-02,1.234282486772509513e+00
-5.666912844335263155e-02,-2.571834807207110662e-01
-9.975150733764022171e-01,9.784382436005321093e-01
-2.033769126685339435e-01,1.352609862265456542e+00
-1.197675387875484887e+00,3.188657387463579296e-01
-7.904094825091562138e-01,1.004559842307660711e-01
-7.122412450013528851e-01,1.290348331508398783e+00
-9.020346926132839505e-01,9.923760745617046242e-01
2.836214969146770848e-01,6.844902121689747654e-01
-1.017473278545268700e+00,-3.122332524150223665e-01
-7.472898495822806186e-01,7.859742048474510634e-01
-1.347670724585423141e+00,1.073563209303414201e+00
-1.435038002458322026e+00,2.868974711111201004e-02
-4.095484322157127294e-02,2.304017799115962162e-01
-9.354098634998408990e-01,1.252841970008418793e+00
2.269172403077080458e-01,9.195878676180349043e-01
-9.760199067204936574e-01,-1.795756747639017381e-01
-9.851543058197828051e-01,7.101663227791600308e-01
-6.083482420176036104e-02,1.160506346289092328e+00
-1.055521306051128150e+00,-4.107387452473283684e-02
4.631939640442515188e-02,-1.997485500231605260e-01
-8.419993503222549247e-01,1.017042155054914243e+00
-1.645166687864939997e-02,-3.279330182622584577e-01
-8.303874202894030443e-01,9.933629427157024683e-01
-9.973053827187721154e-01,-2.990677638185649037e-02
-1.461004287965926629e+00,1.015506094798850789e+00
2.864833997664203991e-01,1.038667256649120074e-01
-9.659804545265142650e-01,2.450291229513451019e-01
-7.320364897887107758e-02,-1.930529080659327545e-01
2.466206170971424472e-01,9.704678640648707333e-01
-4.675711172414170544e-03,4.719362305280740966e-01
1.670249664890951016e-02,7.906753145776671543e-01
-6.062264612022441046e-01,2.035642163330225393e-02
-2.616859299381910642e-01,9.492548684969149830e-01
-2.458201828758169172e-02,3.284658613991449094e-01
1.054655628833662678e-01,-2.110130650103737016e-01
-9.483812680162639897e-01,1.110634778543724381e-03
-1.225909678631276201e+00,5.067411655882444466e-01
-1.270268706674920089e+00,3.642450617733827140e-02
-7.079999849522318200e-01,8.990490046107899036e-02
-1.042432507584044155e+00,-1.938820578903251990e-01
5.472172127836626154e-02,6.174090652344388364e-01
1.851582575668146158e-01,1.426455208514698203e+00
-5.715090692374790171e-01,-1.545246118461368334e-01
-1.071166395589951081e+00,1.491981267508735165e-01
-8.236492535622284006e-01,8.307060610964506209e-01
-1.015929662315075754e+00,1.061683438252503331e+00
-9.512839933260199832e-01,8.456532114417465440e-01
-1.371679486319104802e-01,1.062879881101681745e+00
2.498010650699103441e-02,-2.535949006430142094e-01
-1.171429578821166162e+00,1.725792265868248132e-01
-1.309464041001539569e-01,1.079040306492859980e+00
-7.870307753263650064e-01,1.007855172500118579e+00
-2.190278317028764021e-01,-4.513754048435648647e-01
1.211882197864194571e-01,8.256058527811620529e-01
-9.480496769100505983e-01,1.410271574242377479e+00
-6.734269424749479427e-01,8.141594275939888492e-01
-9.727131301845265421e-01,-2.284181675052178173e-01
-7.301903355585304123e-01,1.018173596134396286e+00
-8.582761407870619363e-01,4.828629960314239494e-02
-9.235420448233189195e-01,-4.610248597491320433e-01
-6.572972990621253064e-01,1.193044759935127930e+00
-1.111469098103042619e+00,9.199303640821385741e-01
-2.676198405235163946e-01,1.858573652794692499e-01
-7.696621680672499632e-01,1.083836972707923119e+00
-7.979758432296587545e-01,1.296014856862050646e+00
1.480635375843341317e-01,1.058271088145961158e+00
1.388330852591308229e-01,9.958773653747202692e-01
-8.458055362316196923e-01,3.416427400013193894e-01
-1.426417831320164309e+00,-1.447485840729988982e-01
-1.159526339391617977e+00,9.202153290237262695e-01
1.137767185890587174e-01,3.299130124011278031e-01
-1.065385374730623891e+00,9.450920684607337918e-01
6.014273718237537342e-02,3.719135826175234971e-01
1.054488638908758213e-01,9.869234194335743116e-01
-8.911113947364305288e-01,1.044347584535181284e+00
-1.092076475460515450e+00,7.409023903027114333e-01
9.447971170863478374e-02,1.109782866999748929e+00
-9.538956407353973987e-02,3.958270148788003429e-01
1.512418267933351990e-01,2.085237807268409682e-01
-8.791137854045742994e-01,2.335245938547177991e-01
-1.061013695043911298e+00,8.993158132475599364e-01
6.808326721866543585e-02,-3.096910495906041866e-02
4.596519782276176080e-01,5.445526978249584094e-01
-3.763394858846722535e-01,9.264000880527052395e-01
-3.321474836764120586e-01,1.055900918169939029e+00
-8.361356565514660444e-01,-9.785478324588926802e-02
1.728294835299020726e-01,2.144807161820725117e-01
-8.320569747147325002e-01,-5.775104793521239344e-02
-1.028467528545718990e+00,-3.986508852411953518e-01
-5.815520946719079931e-02,1.095869321087952653e+00
-2.801350433580800936e-01,9.887226532118299493e-01
-8.583496817352781472e-01,1.025255013495068646e+00
-6.452920219530716706e-01,2.427650537385862839e-01
-5.664609985482165211e-01,1.330540472890919590e+00
2.898285628658331947e-01,6.938729538056197244e-02
-1.077236643129239280e+00,1.030732364495753561e+00
-8.444539208921049145e-01,8.699724716750895093e-01
-1.446807713679373553e+00,5.941954679406988848e-01
-9.392417353080904086e-01,1.165658194713038665e+00
-1.038998051489933294e+00,-1.861539748976125674e-01
-3.803610026477147882e-02,1.002928061218294697e+00
4.667908058212056482e-02,-4.404444329560253113e-02
2.232583692039515622e-01,-2.000607945575081370e-01
-1.539794648109353403e+00,1.069430676714215878e+00
-9.462903656303540689e-01,8.444689195735062548e-02
-1.039258005440484439e-01,9.960903334280716281e-01
-1.092428921534228659e+00,1.045340144750916522e+00
-9.046672750068404101e-01,7.562238885485164652e-02
-8.254323977620594763e-03,1.009687078973740826e-02
3.393537081646725850e-01,7.176066616583498536e-01
-8.170400318516525262e-01,-3.367974285543834934e-01
-1.113549234135919441e+00,2.574613323523365360e-01
-9.769887441918914117e-01,4.522849599462045456e-01
-1.012081961232227822e+00,7.361715448101677772e-01
2.390095384088359309e-01,8.651604394157668132e-01
-1.050540909628888242e+00,-5.731563912561893348e-02
3.470141619129973876e-01,1.260538101713612802e+00
-1.458505380240479710e+00,8.120564512215953101e-01
-1.149422912774463734e+00,1.100558692420986473e+00
3.029685273454980066e-01,8.897578649047677146e-01
1.760492438169502238e-01,1.090826752650971843e+00
-6.544976466329394116e-02,-2.966478374574399793e-02
-1.214183478514669012e+00,1.108605812259510381e+00
4.796991308307690938e-02,2.319466206181580725e-01
-1.060461180936054904e+00,6.453411972550640030e-01
-1.143041375527321435e+00,9.994337575790418482e-01
-2.558894860349323133e-02,-3.208949021795799716e-02
1.458232847586175829e-02,4.669677293724088241e-01
-6.427786167426435826e-01,7.750872626898699380e-01
-1.562750687960998142e-01,9.768444504203148693e-01
-2.278333846891084785e-02,2.868190325478046643e-01
-9.122417080269524803e-01,-1.194165765075425878e-01
-9.560283770717588336e-02,1.090956708693574528e+00
-1.085442405729718729e+00,-1.133817920156945797e-01
4.076482345133067287e-01,3.197930896225966158e-01
-2.037652047981474979e-01,1.500008810233249834e+00
2.241550980424939984e-02,1.061017851963749870e+00
-1.651977280953714766e-01,1.118124805846705039e+00
2.220517010857100959e-01,1.025012986165308559e+00
-5.980767651527352236e-01,2.576165218131615808e-01
-1.046754022238221449e+00,1.098538097366248190e+00
-3.944224558077528281e-02,-1.928784922373792399e-01
-1.026081867451667629e+00,9.292955386040323562e-01
-3.423560581630701039e-03,1.112417791568124370e+00
-9.956339777842269090e-01,6.548129115488110497e-01
-1.102939385109694914e+00,1.668143874345550670e-01
-8.349049911060785201e-01,7.911792615119516148e-01
4.408189404622804841e-01,8.292661194418745607e-01
-1.077633384557726282e-01,3.268780211558710430e-02
5.094709768004519468e-01,-2.619209894933690053e-01
2.202110232554654601e-01,-1.795465380001488309e-01
-6.554039030764832741e-02,9.188943394716334589e-01
-1.074839123586027290e+00,9.054581907557770482e-01
-6.201944686174572230e-02,3.316947005057321318e-01
1.485319978273972608e-01,-8.730556473978305643e-02
3.241594652337915772e-01,1.142636888566990194e+00
1.191835053683874997e-02,1.247138413531513779e+00
1.849258628445712635e-02,1.098459344594759690e+00
-3.487272065725935954e-01,-1.576992934800658108e-01
3.783199088323877662e-02,1.735781195718974768e-01
3.792192230621109494e-02,8.683358832613227718e-02
-9.593228466620205008e-01,-1.891834147769099264e-02
9.073516518790092356e-02,1.084883702700968566e+00
-2.689392273588209897e-02,1.108543561141762890e+00
-9.554270833925448958e-01,7.934671560052237727e-01
-1.261046571824254281e+00,1.326573642712282286e+00
-9.416659806347458250e-01,1.497754374067146454e-01
8.468655362875394943e-02,3.255980535376898355e-01
-1.332934692867294935e+00,-2.215631876892516228e-01
3.362964091747169815e-01,1.426854461339977176e+00
-1.082965317632320401e+00,9.537453896347015680e-01
-1.056477602282814399e+00,2.927676788506901051e-01
-1.296262710535586837e+00,-5.281169732898387259e-02
2.311548472756849715e-01,9.551874451294057877e-01
-1.130670673526706693e+00,9.318070860969460689e-01
-7.644228293731464285e-01,5.187425227154620622e-01
-1.856226813407413356e-01,-5.602150321126386084e-02
1.697450582563496402e-02,-2.468450113079070918e-01
-8.752048189975845105e-01,-8.102348971208343797e-02
-5.119182142644877753e-02,1.255359761949388808e+00
-3.173580597893148614e-01,1.237914529757755677e-01
-8.745823928363769539e-01,8.295490158868954467e-01
3.502982738249062200e-02,3.937556017350585802e-01
-8.399008952611350942e-01,9.519387620572357100e-01
-1.083322685190107881e+00,1.143659375186963700e+00
-1.390386465340125000e+00,1.193521791358380435e+00
1.025698224882804488e-01,2.440778930523107570e-01
3.414196290185236848e-01,9.559011937994228436e-01
-8.539112158700854494e-01,-1.651824557447398589e-01
2.437850871076367165e-01,8.148794101387192290e-01
-4.669625012093395200e-02,8.289088003607539834e-01
-4.479181069531740222e-01,8.126588515430603898e-01
-1.347794871312841813e-01,-4.821585794806691055e-02
-1.884391504141642304e-01,3.072114919354940188e-01
-1.389798132957063004e+00,1.116120626799230298e+00
1.255007624714877812e-01,1.667743900458260597e-01
-1.082107418668624366e+00,1.188373469597879595e+00
1.717628012251335226e-02,-2.842659956022211554e-01
-9.201727091008836679e-01,1.778632137750727205e-01
4.559971923986114867e-02,4.143842565481095086e-01
7.795377237249270785e-02,1.397074168787290627e-01
-1.046441419241941118e+00,2.188422389544546764e-01
-1.129518685922799692e+00,9.147821582888189251e-01
-1.104870538853476303e+00,6.199726511517233973e-01
-4.873948080044930853e-01,1.194865497655935860e+00
-1.133236504038245551e-01,1.086200582108708818e-01
-1.176981267912229567e+00,1.035774534903634025e+00
-2.705663770342729979e-01,9.414065854477237094e-01
-8.246425850414890180e-01,8.483682062117438027e-01
-7.681562205606266014e-01,1.127702548841263086e+00
-8.008838846295420755e-01,9.271737278628541246e-01
7.203806051736150184e-02,1.116106923865212153e+00
3.340980034813887389e-01,4.845385910114671096e-02
-7.837804963486044718e-01,1.172642917607370716e+00
1.363124542635278380e-01,9.300660790310430470e-02
-1.721856128745732906e-02,1.177592382303025209e+00
-8.471987361935420235e-01,1.005814881729136578e+00
-3.296558034767864687e-01,-5.356200075211539069e-01
-8.269279387696846229e-01,6.432639213822909374e-01
-7.088873555902602819e-01,-4.872760329720447481e-01
-2.865744756841109853e-01,1.162058280058514192e+00
-9.787933546592413325e-01,8.103962276508147600e-01
-5.862572295343586593e-01,-2.450294042724860399e-01
-2.530439437545899395e-01,7.755143324709071750e-01
-1.131061247424489435e+00,1.065361394598024036e+00
-1.059184477968108107e+00,1.230857716688488868e+00
-5.334398788613003983e-01,-6.206071495875636196e-02
-1.121901161572537831e+00,-4.190926089281878375e-01
-7.853103597473092279e-01,8.500343909537380060e-01
-1.648078891962877490e-01,1.080229451886890013e+00
-6.941004221920403505e-02,-1.275680309862838036e-01
-8.689030693610848566e-01,8.778727031526869506e-01
-2.203737681791621827e-01,-4.606906654053523620e-01
-1.005987745629546737e+00,-3.234992995879349548e-02
-3.835360225494435782e-01,4.708740616250732813e-01
2.417890647170015672e-01,7.805240683786395239e-01
-2.311255363277385858e-02,1.119833525676370733e+00
-4.801461464237498089e-01,1.364215928100209307e+00
-8.361599009992911613e-01,9.097421599726543961e-01
1.766249850033541624e-01,-3.590808856709788444e-01
-8.250636314506739621e-01,7.620914936218328162e-01
1.728298709093422925e-01,1.228187823686339719e+00
-9.306440827005164618e-01,8.748639084655616127e-01
-2.909411013836767923e-01,-5.278959874546322872e-01
-7.236755618920776012e-01,-1.208533686814538578e-02
-8.391418582076017041e-02,-8.681297606932749863e-03
1.152152939863917563e-01,6.373696049544698428e-02
-1.193747595327042665e+00,7.131439996814039617e-01
1.485124138718298126e-01,-6.354291045700809493e-01
2.175313230964591726e-01,9.406610471818279695e-01
1.982986198389670718e-01,8.799140147373742116e-02
-1.476650988792159724e-01,-1.290240081663470151e-01
-9.901458700500358479e-01,8.305505627970339866e-01
-1.459768381561086029e-02,8.902396621497659090e-01
-1.300940906211473624e+00,1.218224464345985414e+00
1.585937504751051830e-01,6.319817236516701853e-02
-4.739334445019734998e-01,-1.728559240487479720e-01
-2.293784289742267501e-01,8.848568613683343020e-01
-4.136979484275067620e-02,4.082633753866135029e-01
-4.011452266984188997e-01,-5.090737120369768359e-02
-7.614247817329251600e-01,9.075181277900086219e-01
-1.183427972034355902e+00,-4.678487908688316183e-02
-9.633204272963304948e-01,1.487007731090569385e-01
2.476884511266465583e-01,1.191841998028698946e+00
-2.391546815879964094e-01,9.074004045697410259e-01
-1.050237605048128131e+00,1.044464265219442051e-01
-1.443807487064018957e+00,9.390538511197450422e-01
-6.246801795906446741e-02,8.855098194347368334e-01
3.280973178241783361e-01,1.211521879815745439e+00
-4.517627663570402546e-02,1.261961148434101121e+00
-1.725615659089340392e-01,-6.893016601761220441e-02
-1.223515211892164611e+00,1.099886775112053766e-01
-7.531846796037884317e-01,1.723648015560187152e-01
-3.494560650441980165e-01,-5.180410074915731133e-02
2.270108579340070487e-01,-1.691979366162916706e-02
-1.237236091124092052e+00,1.477669719905390922e-01
1.533859980120122479e-01,-4.125242617517792254e-02
1.146921907965536835e-01,9.689783153609945465e-01
-5.443343501314944211e-02,1.241075085968785574e+00
-8.976479214853183564e-01,1.164696254975144729e+00
-8.329883184522285378e-01,2.200779526264031935e-02
-6.946930163436339234e-02,1.098420370810373248e+00
5.934766364913151016e-01,8.285653235114303072e-01
-8.322395471127094768e-02,-4.107820929251509989e-01
-8.733437405308090984e-01,9.467143596640044123e-01
-2.641171149201957946e-01,-2.888801141160861063e-01
1.482717188127140491e-02,8.801523372816120183e-01
-8.247202316497086461e-01,1.264306351899737724e+00
-7.863162993731314110e-01,9.305777718873226023e-01
-7.284522538570072925e-01,2.381527143460677315e-02
-1.325062762439582986e+00,7.515079573408223190e-02
-8.778510499330315353e-01,9.422187858372824132e-02
-3.873801863583204441e-01,1.099365725385599291e+00
1.831497549422916177e-02,1.501867516437118688e-01
1.812444910039403279e-01,-4.147249821162482530e-01
1.190360562479823719e-01,3.114664969815487128e-01
1.238632182463331871e-01,6.820275324721487564e-01
-7.576646395821496904e-01,5.203518048071320568e-01
2.239218413789519080e-01,-2.385907750025246243e-01
-1.455795010083854812e+00,9.041015985951372791e-01
-1.191041411581032494e-01,-7.773223157483896695e-02
-1.479229730958789291e-02,1.506290977119138508e-01
2.824872236850258234e-01,1.099201284604655493e+00
-2.947190608995779448e-01,9.573531186064236920e-01
-1.141184966917431653e+00,-4.837038846850743035e-01
-7.655894699073024778e-01,-2.080424870106977742e-01
-1.918521277658533086e-01,1.161976781474581416e-01
-1.139914232511346492e+00,8.382750297701561937e-02
-1.046282599818796344e+00,9.192202468487774558e-01
-2.201096529861331502e-03,-9.315012603624495124e-02
-1.069317384654868031e+00,-1.773249501994894339e-01
-9.485325746206049735e-02,3.016603894374081385e-01
-1.156425779152925770e+00,7.866363093951841412e-01
-7.612389112610543629e-01,7.983572707586318595e-02
-9.708738052038224930e-01,1.031907548089546767e+00
-1.347684761204911208e+00,2.332998195427524527e-02
-4.565284421534953063e-01,1.138887402829720230e+00
-8.251524660049372462e-02,-7.862075229444660807e-02
1.617532701630484959e-01,1.075319644973916855e+00
1.092151666970337387e-01,3.767557274007499180e-01
-7.989189376704427525e-01,-8.840251988624335533e-02
-5.238405660609585235e-01,1.210341034766138080e+00
1.643371249436715864e-01,9.822277135536834347e-01
-1.417184188784196275e-01,6.019580276879891480e-03
-4.201325181948817322e-01,9.433715223615966039e-01
-1.088129067736003819e+00,9.797780382492036200e-01
-1.196938448621580831e+00,9.700624824854203743e-01
2.083953205651528640e-01,1.000212894239047801e+00
-8.771004732481106902e-01,-4.026289417946050109e-01
1.881805888722253572e-01,6.077758696005906014e-01
4.863166446091128914e-01,9.383458962651906043e-01
-1.024614789292514816e+00,-2.533967004814759449e-01
1.042586698581832727e-01,9.518382683517147003e-01
-1.257820502225512449e+00,2.490655198385743063e-01
6.709693620336867892e-02,1.330990678443940034e+00
3.098296328492072815e-02,1.172154495296048093e+00
3.290418999604775071e-03,9.770515151213032823e-01
-1.279926919235636618e+00,5.054771328741439751e-01
-1.110763262856339750e+00,-1.865752760464511606e-01
3.939431264295366053e-01,6.328819789984939659e-01
2.472102998182819644e-01,1.123351916539669260e+00
-1.160839530525945129e+00,-1.785935562305969171e-01
-2.337154548707761070e-01,8.514116635023982749e-01
3.153686332325613684e-01,-1.559504908533940470e-01
-1.096734878254844503e+00,1.247501545906458675e+00
3.152912320038745442e-01,1.063781284268675575e+00
1.778504759885198849e-01,3.261497427216030753e-01
5.518419971096974463e-02,8.949338216653779376e-01
2.595955664901373749e-01,6.406929906778147110e-01
-1.129664983600939143e+00,2.451210536786482541e-01
5.169739585378312074e-02,1.159318230255995674e+00
1.459705684691915417e-01,1.151795797682927169e+00
-1.145072572867699368e+00,1.121151384422704317e-01
2.095900120964118984e-01,8.514368817590269867e-01
-2.957761376823777599e-01,1.215065707144046686e-01
-1.128705537587819441e+00,-1.367934072140924995e-01
-2.752104693328573104e-01,1.007630207620615614e+00
-5.456377430566921455e-02,7.807811022980357674e-01
-1.766078961925825197e-01,1.085523734282818120e+00
-9.946715051992766066e-02,1.459412518838607786e+00
-1.957581121219185982e-01,1.194936775328485634e-01
-3.305880607410695005e-01,9.448608120287919077e-01
-8.504891361589318466e-01,-1.246871693493312450e-01
-1.418203172468523121e+00,1.225627958894955016e+00
-1.302125076668550208e-01,2.745123599055223629e-01
-1.469195297905662445e-01,2.402985591838085466e-01
-1.161750716500661307e+00,7.638413924963235492e-03
-9.165607859447472139e-01,-3.189324664986790125e-01
-1.213885891015471064e+00,1.054613360311216219e+00
3.453941190237886927e-01,1.628967251797149629e+00
-9.274814900502650339e-01,8.894676870663310586e-01
-1.099327084903197749e+00,1.095471953581245383e+00
-3.306836456697395676e-01,7.835431569675948005e-01
-2.271381986826184751e-01,1.155632542077308145e+00
-3.193360120235640975e-01,-2.859769626011446353e-01
-9.155521180611583820e-02,1.091871654574016137e+00
-4.573517979681667733e-01,9.782619930483006376e-01
-1.021841376632866671e+00,1.290538328587700345e+00
-4.502972777326134934e-02,-3.360075613226950475e-01
-6.375247161307010524e-01,-2.436071791543426845e-01
-7.894527374126618646e-01,8.731528430130266472e-01
-1.303329812097964169e+00,5.966730424034533131e-02
-2.248547588098455674e-01,1.000845043490510289e+00
9.499460663605729938e-02,1.987908835517067652e-01
4.956086283991208152e-02,2.717083199264039295e-01
-4.392039207065608353e-01,2.316613755008636588e-01
-1.172473062431411250e+00,2.172989036943530350e-01
-7.347849458158375868e-02,6.426604870071898033e-03
-1.088859434189647368e+00,7.380593620016717704e-01
-1.751680175091482883e-01,8.754584163123858565e-01
5.727551685128124542e-02,-1.282708487658234045e-02
2.147697748656657857e-01,-2.845101023676825380e-01
1.617130035215995354e-01,7.893792245634039251e-01
-7.540408557481608209e-01,8.829664489205963918e-01
-6.528323446114506767e-01,9.021235201324991904e-01
2.513315073719645798e-01,1.292831878803469614e+00
-1.496326053940617573e+00,3.540653118734423677e-01
8.646332403766449071e-02,1.137450216474402975e-01
2.240019443384013709e-01,1.100591715278400384e+00
-1.016823965753822057e+00,1.036789595298144073e+00
-9.841145444862260394e-01,8.608024808756388202e-01
-7.968916315544415374e-01,8.370814531966038752e-01
-7.144435117399294821e-01,7.567956301812899245e-01
-1.288184262386241841e+00,7.299767439152293758e-01
-5.346057867316647561e-02,4.551185205280321444e-01
-8.256774538006554920e-01,9.065880723267543129e-01
-1.664393223383384968e-01,9.947296375815921632e-01
-5.189924127701761591e-02,1.263134571986659571e+00
-9.198591551894674812e-01,-1.797126252637477051e-01
1.565295185832662195e-01,1.194147992616425569e+00
-5.281079001039813009e-02,8.288253654649482272e-01
-3.144085406126427562e-02,3.953944489021010700e-01
-7.655551324198253127e-01,7.119709125702524018e-03
-8.956708275999929469e-01,9.621903187479817765e-01
-2.479574828020696120e-01,1.183530948884396139e+00
2.010462583753330479e-01,-8.642739451824568708e-02
-1.147580387136766245e+00,1.147739197134529210e+00
-1.520792052854160525e+00,1.080517758849105281e+00
-1.164010507579446685e+00,1.134786512796206681e+00
-7.883521891664921899e-01,9.709853731111396657e-02
-1.100672134573876582e+00,1.522088821643668322e+00
2.377185191206375725e-01,-1.055901260357586940e-01
6.388603512188829880e-02,-3.207060497474512606e-01
-8.563298148542060062e-01,-3.939388666689768725e-01
-1.059307318438098694e-01,-3.027965054540096013e-01
4.493306529283165318e-01,1.090969563593448433e+00
-9.891517350106719952e-01,1.470204112654721063e-01
-1.080104375147803886e+00,6.418580255698045356e-01
-1.026736111428082632e+00,1.160561333749307700e+00
1.377850216944846717e-01,8.122521616103218767e-01
-7.583358956979944221e-01,1.088464318938104025e+00
-1.338782846176547414e+00,4.943134422158630414e-01
-8.150120752063775287e-01,9.137011556998944073e-01
-2.433410611655456302e-01,-6.147948846152779395e-02
-5.935567976166937765e-01,3.257525788865818228e-01
1.185693101868243865e-01,3.639608621645150088e-01
2.936480998409910503e-01,-1.928300083507716312e-01
-1.076911760473727754e-02,9.418872617675646541e-01
-3.084285650848572202e-01,8.148090383022185135e-01
-1.069529474430816141e+00,-2.945925339149416469e-02
-4.745656065608562235e-01,7.721871840079976845e-01
-1.897392178066331370e-01,1.187022586179205114e-01
-1.128651985866457874e+00,1.271512907685161009e+00
2.115187698503278452e-02,-3.237760831107205917e-02
-9.120975921279778076e-02,5.495812071834801915e-02
-1.361622632385469212e+00,-7.165657210086646967e-02
-4.678762948861957538e-01,1.176336031812083904e+00
-1.035497733757830607e+00,3.910409162994649690e-01
1.155774610635107863e-01,-2.317137986352544796e-02
-1.005273305191778821e+00,8.767386049143830462e-01
-7.115237576478883330e-01,7.664073946068541421e-01
-4.222064111455122587e-02,9.887756466299908453e-01
-1.270191176660492305e+00,2.102418406334354561e-01
-7.189250809988980695e-01,1.433841655892333700e+00
-1.269146474191673812e+00,-2.254997025564947979e-02
-1.886882454935298048e-01,1.084868241542124911e+00
-2.867108638920085606e-01,-4.253340880877385932e-01
-3.042163647406040949e-01,1.136313661368651307e+00
-8.725609814401145137e-01,-1.843348234016365939e-01
2.125718108300079512e-01,2.107839565930794967e-01
-9.570607633288409355e-01,-1.346347361048298996e-01
-9.162525023090944964e-01,1.119338144824959747e+00
-1.129080755994544161e+00,-1.074991514871195680e-01
-1.065642344722939949e+00,5.527605040065159542e-02
1.397410003846288884e-01,-1.903998630428397343e-01
-3.128276643345723196e-01,1.440165540096284835e-01
2.019191824466154417e-01,6.148959942100928194e-02
4.760081874091792731e-01,1.169382520671597536e+00
-1.540405376764877876e-01,-3.151874758328558901e-01
2.774359293011093297e-01,-7.817833212901743878e-02
-9.062013645559806596e-01,9.259851940474012055e-01
1.359380840470048313e-01,1.204088546944778848e+00
-1.396693417250327363e+00,9.250886598604168842e-01
1.187310621436664521e-01,1.421817598204458744e+00
1.714278755840062118e-01,-5.495847775687356940e-01
-8.310275942800787741e-01,2.382454457572706907e-01
-3.210511520239102690e-01,2.358777944737968923e-01
-1.176089350935225042e+00,3.974395751196538873e-01
-7.684986546794878581e-01,1.071908887767910157e+00
-2.484516433199488936e-02,-2.671084965458685456e-01
3.227253997412024566e-02,-4.791301031979513202e-03
-1.142891848163541946e+00,8.961289566420507224e-01
-8.191236541434594454e-01,8.788097830533041499e-01
-8.605724136867686225e-01,1.264189717151664172e-01
-9.150131956664599997e-01,9.663920297691214190e-01
-1.020616823782335647e+00,1.214258116574128854e+00
5.060373009934148077e-03,9.659769340148857131e-01
-9.855513196093366179e-01,-2.595923973883822091e-03
-1.061919060966567407e+00,9.290958321890767646e-01
7.627740576025326957e-02,1.039179742126052686e+00
-7.165929339937071596e-02,6.728753706964344383e-01
-2.898828817585172302e-01,-1.813857718254226203e-01
-1.006621174303995447e-01,1.206816924641805677e+00
-1.073704359465896374e+00,1.339513473464879922e+00
-1.399384085074664719e-01,1.468184918011433915e+00
-7.057614848315691969e-01,9.239727974874824001e-01
8.381508737885101298e-03,1.022555504986941033e+00
1.695438998743321324e-01,1.475226909438307199e-01
-1.296396571633432471e+00,-1.410667384536077873e-01
-1.319694950411629542e-01,1.106165487015720483e+00
-9.253909415290591245e-02,9.833951324666467819e-01
-1.401047864340334570e+00,-2.599145072094788955e-01
1.406304890560785073e-02,1.136633991086506201e+00
1.513682511090012617e-01,2.518970454254683498e-03
-3.442004015863068256e-01,1.696054848075369825e-01
4.070301317340080383e-01,9.528794845818142067e-02
-1.106339502751211512e+00,8.013460968887926583e-01
3.137214727429465944e-02,1.251274000206223924e+00
1.692715265450594683e-02,8.087027397570046433e-03
-2.927066253496297954e-02,-2.157053370726869368e-01
-8.131360616499525573e-01,7.101034685009996461e-02
-1.003254588852607432e+00,1.018973885295759052e+00
-8.692205408251445498e-01,-1.462855024295935946e-01
-9.341683270910200454e-01,-2.401771194084882655e-01
-1.270385345831475943e-01,-1.066138419189870401e-01
-5.674970583412255326e-02,-5.925226011795083070e-02
-2.127885105430465384e-01,2.009653311598000869e-01
-8.637397041963029709e-02,1.022094944931605687e+00
-9.738045855524960492e-01,1.063933960856242367e+00
-7.947582347343058462e-01,6.114734230029145873e-02
5.149503450091514473e-02,3.139223961884687331e-01
-2.332307256342660562e-01,1.202339026956177337e+00
-9.359395459756506552e-01,-2.280518049760348331e-01
-9.105768532634920254e-01,5.962597706186256730e-02
2.114475988730078054e-02,1.145911889872750722e+00
-9.308584474167151956e-01,-3.693273159739537959e-01
-9.069204024598449543e-01,1.094535697787842876e+00
-9.688482957708253185e-01,3.952883069544587541e-02
1.661418731952745143e-01,9.634688202090919695e-01
-1.171989839673775569e+00,1.187401307579381143e-01
-8.647128543607115470e-01,-1.399785668696344743e-01
-8.686089857501477773e-01,9.813991204407646052e-01
-7.729723212055192860e-01,-3.742714091085826422e-01
-1.074514762282931635e+00,9.320516081112595330e-01
-6.645811526898387500e-01,9.742016794095196275e-01
-8.421088912636293111e-01,1.218595497585979182e-01
-7.503409305628415682e-01,8.031250626528216863e-01
-8.474676798493119279e-02,-1.802182652260440193e-02
-1.188889372111475717e+00,1.051298258288240417e+00
-1.133131428361478399e+00,1.202603141391895392e+00
-1.143669282789482183e-01,-3.806242489845776400e-01
2.848056930665854858e-01,7.881278028628335708e-01
-4.836555060890332380e-02,-2.854543617056859439e-01
-2.533006024914001286e-01,9.712372114890145403e-01
-1.303855106599408398e+00,9.630680299930828303e-01
2.486120319546590227e-03,4.041711098872854402e-01
-1.084858466585921333e+00,8.320489682067979675e-01
-1.037059603569429472e-01,-7.005220431793579561e-02
3.486004751535665136e-02,8.127958447366385730e-01
-1.590082750616931939e+00,1.205678585027530447e+00
2.910362454968105639e-01,6.379398905497173367e-01
-4.319817551979129311e-01,-1.635590387203648410e-01
-1.243301233788540183e-01,-1.261939993850098585e-01
1.558761236167102160e-01,1.314873888815951478e-02
-1.188166449744125996e+00,6.748857510803546456e-02
3.990837431609134955e-01,8.509265129034316866e-01
-1.321130826219091836e-01,-3.612673480306813345e-01
-1.098996962579655845e+00,1.340181835454514969e+00
6.000625660456321286e-01,-1.487706232608512757e-01
2.173009017147296273e-01,1.684292210347257054e-02
1.183802555315829619e-01,1.506365316413791657e-02
1.164283969146273461e-02,9.397583464840005008e-02
-1.259874937915395066e+00,9.227243563639673241e-01
-1.379094323411734768e+00,8.648700684212319301e-01
-6.427559925233538030e-01,7.501305436570684382e-01
-9.035988474697960182e-01,9.867053637319980197e-01
2.302836995396284892e-01,-1.252659992597293832e-02
-1.082685489607879692e+00,-4.407235272871944110e-02
1.934224218702525477e-01,8.801320642661152327e-01
4.545687890789362195e-01,-2.072815721535688216e-01
-1.109693603779820625e+00,9.911277725797396077e-01
-2.561033148999977138e-01,6.808188727980462041e-01
1.503601379803931326e-01,9.191858418031130240e-01
2.251391512037711762e-01,1.093680547695745853e+00
-1.146562344602382738e-01,-7.735025681230839334e-02
-2.917527808623158747e-01,3.818273764900025763e-02
-1.182825157043940478e-01,3.308168340112832562e-01
-9.947044857585686239e-01,8.397057535630287894e-01
-9.956691484281612325e-01,-8.007473008048009155e-02
-1.435075071022160920e+00,1.206218901337927640e+00
2.475895015217525474e-01,2.062323792288482949e-01
-4.150907414335431450e-02,6.256337943955592173e-02
-2.170613163638724849e-02,3.208155142880563249e-01
2.770582264415335505e-01,1.145937792123052246e+00
-5.718408919592746220e-02,1.287129103405710184e+00
-1.155899690178896488e+00,7.584447807669396635e-01
-1.054749844993551733e+00,1.007976360173631347e+00
-1.036728196514443257e+00,1.013314063011211928e-02
-1.076874935229839014e+00,1.000791043206420872e+00
4.788216494963248304e-01,1.093403168983145379e+00
1.122306046640261512e-01,5.308056188884922172e-02
2.396133954440141933e-01,8.072635101621523646e-01
-6.789762617693098079e-01,-7.563577661195680646e-02
-1.183755021450976219e+00,8.668983410417524516e-01
-1.098160115467652131e+00,1.096804986609442034e+00
-3.512829931842084141e-01,1.056602034724895667e+00
-7.272225029694766585e-01,-8.227692632758824842e-02
-4.823037586246622238e-02,-1.131577403716353680e-01
-8.894298645861637986e-01,4.899677231498368590e-02
-8.519106152417104116e-01,9.421378849043192671e-01
2.684433145228935502e-01,-2.020671508857579957e-01
-5.627984385811297674e-01,-1.611350519726382265e-03
-8.980879853904795151e-01,7.127232008173995936e-01
-1.518145122820754533e+00,6.892812398818070063e-01
1.311867289586033936e-01,-3.259844280608736877e-01
-9.193160702165588116e-01,-1.730977112389120998e-01
2.621394819450644231e-01,1.122036204672032023e+00
-2.200880782931187996e-01,8.796123164652754414e-03
-1.271256538856319063e-01,1.131239006405935665e+00
-1.091831306607718766e+00,-4.442296838936104497e-01
-1.181123773123272658e+00,3.346724107004747650e-01
-1.438335931452414951e-01,1.230856903464597085e+00
1.215573835109517165e-01,3.459868452479953338e-01
-1.711358845111933535e-01,1.021932278619416934e+00
-1.059369673486494134e+00,1.095218477422196246e+00
1.315980102345677173e-02,2.409841785982423101e-01
4.477446582387292762e-01,1.054153840246281476e-01
3.555401363290625616e-01,8.793286577773161694e-01
2.728803252187429473e-01,1.600193959038737623e-01
8.274056946661394185e-02,1.284764725191908319e+00
6.189526672393039219e-02,7.485062597598359790e-01
-7.546018865407160270e-01,4.840019815148390858e-01
-1.196016842511572698e+00,1.040924307754084593e-01
-7.975142933853230920e-01,-2.855473005555069776e-01
-1.238312256999808819e-01,9.120581814415807953e-01
5.719724532739903777e-01,8.593995653965283976e-01
-9.941405621548355942e-01,8.963424271211204442e-01
-1.115703957243818767e+00,2.491182540725647016e-02
-1.051548101790896306e+00,1.075333198754129693e+00
8.462051567739182004e-03,2.736801836687076037e-02
4.035709510144432355e-01,9.749970377318261106e-01
-4.788841578286628931e-01,1.046096171688125187e+00
-7.170134451886857052e-01,1.678865315815359471e+00
-5.086740747291260134e-02,-1.021262412996374602e-01
-1.161713650035677059e+00,-7.389799765620635964e-04
-1.053313928642666708e+00,-6.174350901922093238e-02
5.838054637112755074e-02,1.036514513885543887e-01
9.005213527040134558e-02,-1.984523590717363617e-01
1.339633491395089415e-01,9.042624555685451204e-01
-1.820708525262567865e-02,2.208152624652937046e-02
-8.093123681500128397e-01,9.349576230670673116e-01
-9.274184566004912700e-01,-2.367497144418071742e-01
-2.835768052044715937e-01,9.281117241112961658e-01
-7.420921903569311917e-01,8.194400538081275664e-01
1.128331587430771027e-01,1.065010337400457974e-01
-1.022514936067435043e+00,4.939053439580169957e-01
-9.692354344278160116e-01,2.135450336776621716e-02
-9.472108528506071323e-01,3.593792318696197863e-01
1.208824266147402599e-01,1.275903632574974411e+00
1.065637990815699043e-01,-2.404083337201364245e-01
-1.012043449134639173e-01,-4.757623858456649368e-01
-1.074842798893421492e+00,-2.672259440669710884e-02
-9.113193415384568397e-01,7.693720167530004872e-01
3.040285722344433506e-01,5.264319649530755374e-01
-8.598831485316735801e-01,1.213650933347790284e+00
-1.463824236239589793e-01,1.082140942197186595e+00
-1.032034679279136391e+00,1.064280248886029012e+00
-2.645521966153002169e-01,1.129280863685393932e+00
-7.442987042073286874e-01,8.948945344488903331e-01
7.959515822533472229e-02,4.584395485517571700e-01
-1.153721763352708818e+00,9.486599351207516406e-01
-1.101978450558036782e+00,9.190049708933135664e-01
8.027203381039671459e-02,2.499951198193761936e-01
-7.994196684027513600e-01,6.140961193146714930e-02
4.994480283105529050e-02,-1.872431682259102781e-01
5.349198213669948548e-02,3.772999930550260950e-01
-7.773853864782174217e-01,9.647834647647838269e-01
-7.533483740523625460e-01,5.720093487030104562e-01
-8.030367874923201033e-01,8.635507219616258556e-01
-1.099974899985691978e+00,1.432810529405692535e+00
-3.245675482048138716e-01,-8.134431087370536106e-02
-7.025853780349010647e-01,1.366082916953222703e+00
-8.518940554970756418e-01,-5.499389161940448391e-03
-8.029945812987572540e-02,-7.048186310615747741e-02
-1.463130282420163075e-01,2.254778777053273453e-01
-1.480717274639680447e-01,1.105602510703629804e+00
-1.088711522540462218e+00,1.014772061864157360e+00
-2.706663226641664588e-01,8.071629158950920369e-01
-9.700085329595593553e-01,-1.095815052601147553e-02
-1.132282349607961702e+00,-2.752056092371496510e-01
-1.103057962465390007e+00,8.339659615544644522e-01
-1.328566251607221083e-01,4.784529619801698441e-01
-9.270329500016751822e-01,7.374495700829621914e-01
-2.190636439517557599e-01,1.243507428306898976e+00
3.303666954200755179e-01,-1.712907782995927997e-01
2.120105405780219610e-01,2.131579758009680692e-01
-8.604368636842294471e-01,2.161425691669176252e-01
1.005936912794301447e-01,1.113824293290606837e+00
2.595280691219803981e-01,7.613767245057416755e-01
-2.681544509567829748e-01,-1.392807336909519800e-01
-6.104888388813888012e-02,5.088144815368906837e-01
-8.182565437532092201e-01,1.242097130005868078e-01
-8.692452367918939160e-01,9.002279394803597290e-01
-1.582986564282387598e-01,9.722380230663243417e-01
-1.182452714022055762e+00,-1.230242054631217746e-01
-8.516865705422171917e-01,-1.903077106367300972e-02
3.474335236058995191e-01,1.270648373587826674e+00
-1.052626670409198217e+00,-4.837492642887769589e-02
-1.061065710187593325e+00,7.759345956186871618e-01
-1.021263900086925247e+00,-1.537957699523943497e-02
-1.047251875934924303e+00,1.231057030202464819e+00
2.410640196828633397e-01,-2.124738057317658579e-02
-1.079442918923226857e+00,1.080595288153229777e-01
3.564858597741658031e-01,1.798637652520415631e-01
-1.033835895712688746e+00,-2.383106270157708262e-01
-1.023388755856253995e+00,7.814909520723111180e-01
-2.757757942072305846e-01,6.803646058149152021e-01
-1.236737209106611557e+00,5.001216016987380941e-01
1.689954881235260775e-01,-8.398369122044638257e-02
-8.882550470210406890e-02,1.050343515264946737e+00
5.778916709602657797e-02,-2.698266188559568859e-02
-1.044711299174122754e+00,9.881969151009039470e-03
1.310817460202776119e-01,1.189525625958089528e+00
-8.026715361767253198e-02,8.814879235924212575e-02
-9.811463882273938619e-01,1.265712227724675065e+00
-1.390883862712338215e-01,9.894150650125093094e-01
-4.718773005342262739e-01,5.144513320609891416e-01
-6.845973759527106128e-02,-1.331641580692556059e-01
1.590005160864406061e-02,1.034420767559733445e+00
-2.509151743031393100e-01,1.591919251715359751e+00
-8.400908768509323110e-01,1.093765530772260686e+00
1.956273033560906871e-02,-1.926294908025744101e-01
-8.485060004502523734e-01,-3.073921764609125473e-01
-1.074459824277788744e+00,1.130478022766410851e+00
-1.204603120203962874e+00,1.925143759980424418e-01
-1.547501554157756143e+00,7.367195863137385725e-01
-1.192473092347353436e+00,2.196966894667879699e-01
5.152748037654153457e-02,-7.990761318699846072e-02
-1.035020103117525458e+00,6.747176595342674332e-01
5.083187916343655938e-02,-2.961434335246078686e-01
-7.977683348858390922e-01,8.235051369776696939e-02
1.944199697697875928e-01,-2.262445662395161650e-01
-8.669094065743594424e-01,-3.706150562366587464e-01
-1.316143776946048005e+00,1.195891036383352368e+00
4.954446820729912354e-03,1.165330242553714868e-01
-1.114711352933258626e+00,8.336833209381266929e-01
-1.138271724433210563e+00,6.066045308424599103e-01
-1.068343176752201140e+00,1.520150678575474146e+00
-1.106961672080283732e+00,-2.027427221708841820e-01
-1.364922643522704870e+00,7.982205964171632528e-01
-1.051266470867375125e+00,1.199472690994454860e+00
-1.270004109801937897e+00,9.593429605761562007e-01
9.179084982139677773e-02,7.934031037266057185e-01
-8.408857519266653702e-01,1.636329825973872054e-01
-9.002609415948521487e-01,8.315294559537194097e-01
2.214480258075402202e-03,1.157303755970207293e+00
-1.228234153967956432e+00,7.768663181064556777e-01
-1.244778710919914433e+00,3.452173068317190285e-01
-3.663120466648278617e-01,2.585473391986261582e-01
1.733290940588315121e-01,-2.289824245544939407e-01
4.390078396552368062e-02,1.003457976238673277e+00
-9.663435758248892782e-01,9.972397099911254337e-01
3.001847566887798618e-03,-2.673811637996072188e-02
-7.189215076305829344e-01,4.594914474040714403e-01
-1.001844445784274118e+00,4.247483742483570412e-01
2.832069486136087888e-01,7.872382450705417423e-01
-1.088383916766266779e+00,1.760669190829869946e-01
-1.412700711248376262e+00,1.045601136185652646e-01
-1.090770160584296766e+00,6.269698470875566532e-01
-7.731850914941613695e-01,1.298819986277704341e+00
-8.270152007451854193e-01,-1.070571978397078378e-01
-9.804228406457811129e-01,-9.555658973984455795e-02
-1.483281263810064754e+00,-1.042211349677603510e-01
-1.147854331598974209e+00,-7.095691785837988930e-02
-1.409067410348412874e+00,-3.958480632635177215e-02
-9.710371949201169750e-01,1.919611666643740167e-01
-9.181926074944549709e-01,8.363416172460715059e-02
-7.650474315468978048e-01,1.090280889628409966e+00
-9.398693463608218668e-01,5.452100991947070319e-02
-8.643851855975652754e-01,8.471722165382404857e-01
6.729516600955459671e-02,1.158468935464374683e+00
-3.178203526424346892e-01,-2.693499381465945253e-01
-1.267705282073378070e-01,1.396489681956083029e+00
-4.438870572033155604e-01,1.096204206756606681e+00
-1.225647014973476834e+00,9.750506407545732335e-02
-9.400935561086392056e-01,6.899612149523660642e-01
1.430684854335785849e-01,-1.805599467836955770e-03
-1.107633615813206629e-01,7.170045036274084183e-01
-1.273545203584244501e+00,5.747752183582059970e-01
-1.075919783398640472e+00,1.109879840799862460e+00
-4.284731729725117511e-01,1.445256604047593374e-01
-9.883184188671791937e-01,8.128631868089302159e-01
1.166502520300783247e-01,5.761116725279238349e-01
1.149134438197496090e-02,7.768620053820478599e-01
-2.344872795021957224e-01,9.660729497085218664e-01
-1.211492558763216154e+00,-2.721952479663165662e-03
-8.099662209320228623e-01,1.093255789696982117e+00
-1.087770848581224525e+00,1.084303725225662873e+00
-1.026760404294597917e+00,7.045697521614508602e-03
1.078458098879427340e-01,1.152299594753958711e+00
-1.669272957599743090e-01,1.045309039513897975e+00
-1.252918964267078161e+00,9.080723943741566551e-01
-7.909053098130323090e-01,-2.559325066161172776e-03
-4.504148278259284890e-03,-6.565356290895427160e-02
-1.408402881482482716e+00,8.733891262495530050e-01
-7.656578532175815077e-01,-3.335379464185298515e-01
-1.171536646450644481e+00,1.189961775714893699e+00
-7.992083804256295831e-01,1.039453815455523511e+00
3.041444575324641492e-02,6.177811731913510074e-02
-1.725339458714207352e-01,1.191552005344909348e+00
2.127669195306745031e-01,6.730216964253865619e-01
-6.746907799533201633e-01,1.293665686397618364e+00
-3.732173765305383251e-01,1.063109428317247529e+00
-9.055927674512045389e-01,-5.348630394207458394e-03
-3.233026905639683202e-01,9.151795290321625975e-01
-1.274161678387160546e+00,9.243301515158490467e-02
7.702095639972526830e-02,-5.946836231961949437e-01
-7.782771353247237567e-01,-3.660898707485951697e-01
-9.883764924942934904e-01,4.563303723279849011e-02
-6.529858160592163507e-01,4.148303650676163912e-01
-4.300949501644975026e-01,1.366166885285348354e+00
-1.430000995899530780e+00,2.409955629654618736e-01
2.842831552257108485e-01,-1.296486198157875691e-01
-9.710166023801728441e-01,-2.643827924207394764e-01
-2.233629943898346182e-01,-7.173385057864136013e-04
-3.947228402510385981e-01,1.496533058250615889e-01
-3.289421540791271914e-01,7.273443540875870195e-01
-7.521262247632549691e-01,9.854627864184511976e-01
-1.170955288075267164e+00,6.027601027545291812e-01
-1.454368038754855874e+00,9.073856891022482607e-01
-9.131836892256603999e-01,1.425814452302054947e-01
-1.626700739370709192e-01,9.591380439890244414e-02
3.154753777181174001e-01,-1.009403833614533515e-02
2.470237622948267819e-01,1.230446647744567468e+00
-1.209123579953548244e+00,-7.637359477145444497e-02
-1.148781625779090376e+00,-1.492159132271058675e-01
-7.522450948135070981e-01,8.471554286697362546e-01
-2.212655906978627102e-02,3.220945106115424839e-01
-1.073639932800373842e+00,-2.923687992901009558e-01
-1.073140113676044338e+00,9.850456411477287455e-01
-5.392222785233121568e-02,-1.119977587694460514e-01
-1.422581075584297361e+00,7.944062095058600503e-01
1.283318454844702694e-01,1.287619795113442933e+00
-1.273402158881209889e+00,-9.217534502498707372e-02
-8.137757257431443847e-01,9.016724641827628117e-01
1.235723704164569392e-01,7.675380138204056513e-01
-6.810110670034055236e-01,8.568680032089697196e-01
-1.037788828112881312e+00,-6.288574777192212396e-03
-2.199682117474826282e-01,5.833942950944401851e-01
-1.262258727252808743e+00,9.863433922796251974e-01
2.099094063569299229e-01,1.197175676047649739e+00
-8.969271848549330572e-01,8.791032852229883898e-02
2.184323997433050835e-01,1.074203416997841387e+00
1.005833653495055158e-01,1.264028800558549270e-01
-1.026223387025623213e+00,-9.275544510122997466e-02
-1.231130743950507256e+00,6.972126923800253673e-01
1.170726725641668513e-02,1.509328754634671477e-01
9.001118237126916333e-02,1.214526163042986941e-03
-9.854083793277125247e-01,2.451313773616971003e-01
2.454194271198318067e-01,-1.845975726982304888e-01
1.400203300037161092e-01,9.777761558494022509e-01
-2.813184735477149423e-01,1.830015726457672465e-01
-1.103127925620087435e+00,3.625274156285919758e-01
-1.088141730369798887e+00,1.029832836326701528e+00
-8.443252580434180699e-01,9.598464401387395428e-01
2.408522977034437407e-01,-1.175122411834740033e-01
1.804978895107263726e-01,5.924768980612142577e-02
-2.445127872995449536e-01,1.011975270291886941e+00
-9.999983156201142087e-01,-4.697195512653473126e-01
-7.296551792872230102e-02,9.418224354724373804e-01
7.261534121583758383e-02,7.477433898830552206e-01
-1.661167958189318505e-01,9.547545821418557122e-01
-9.383614191740700106e-01,1.027159058250686430e+00
-2.655556925087602105e-01,6.939167504441656753e-01
-1.135691663220747438e+00,1.335890484672096257e+00
-4.392890770057557293e-02,-7.008618156815368816e-02
-2.478612202057950131e-01,7.777013058046277072e-01
9.545384762754545449e-02,1.152393011391261490e+00
-7.895313902376611681e-01,1.065637326831273546e+00
-4.600032055588245544e-02,1.260971288036899063e+00
-9.017359159742075470e-01,1.764051850671774502e-01
-6.275047289197704936e-02,9.864817772202074675e-01
3.129392645890941016e-02,1.244810080621781889e+00
2.024965505351161363e-02,9.851650976872758925e-01
3.559989693725148369e-02,1.076236730201412195e+00
-1.031912352936374733e+00,6.140374719920741464e-01
-8.567304269586011045e-02,-2.362819058884408352e-01
-9.639938965541011706e-02,6.577453012420261258e-01
-8.811704895737805243e-01,1.269973677715767746e+00
-8.988636322406473589e-01,1.044369616543004087e+00
1.714945821608419296e-01,1.156160045771890799e+00
2.173735617594819702e-01,8.796446279524801071e-01
-8.272939999083399609e-01,5.377301104850562563e-01
-9.313426652596547006e-01,9.638984286623742959e-01
-2.513122938100585957e-01,7.304599197183819781e-01
-7.775836039747917594e-01,7.510884658544612902e-02
3.400898211731278459e-02,1.342464292748936749e+00
-2.862663845574915378e-01,7.559457673227812369e-02
-7.807434054385176125e-01,5.048173465038017192e-03
-9.830777860025715631e-01,8.098893013053651280e-02
1.469059064386188940e-01,8.120179644549772036e-01
2.104154724517067615e-02,-2.573403336402138031e-01
-7.402096705876838323e-01,9.768525395179393778e-01
6.006541031957851606e-01,1.116046215463905256e+00
-9.023290316340462636e-02,8.589923015672662476e-01
2.650012020149759007e-01,1.063010447505527756e+00
-1.041390884434388250e-02,4.199002480178001262e-01
2.859524173125965740e-02,9.568179519855483095e-01
-8.397247841708420646e-01,-2.178474546194736627e-01
-1.246980726807458556e-01,3.989930948900857755e-01
-9.056635649777630137e-01,1.054777902080534124e+00
-1.318695249278054371e+00,1.394771699142873578e+00
-8.859652987441667404e-01,6.978821503113347147e-01
-1.299550186529970341e+00,9.424285031166509397e-01
5.675038615819290311e-02,6.917692359624465492e-01
-6.219985428031509223e-01,1.048357830686195813e+00
1.375540156766795197e-01,1.238523791979056821e+00
-6.159154518878382500e-01,1.194419690574711090e+00
-1.141113610123558830e+00,1.699037087499397913e-01
-6.049859592738752491e-03,1.693809043897794575e-01
-1.281417464929268224e+00,1.085935479055898156e+00
-8.207748082534286338e-01,-7.582140221821041803e-02
-3.907178603747802487e-02,-5.560570816618914773e-03
-6.272495456348034515e-02,1.333100688124070565e+00
-5.241720476083723546e-02,9.106486099950389379e-01
-1.715413709952685328e-01,9.102187009053468447e-01
-3.088154766640158755e-01,9.813936200482299421e-01
4.125152837138824080e-01,-1.850862267914655801e-01
-2.882442865551409494e-01,9.842778076508396090e-01
-7.279543060619089179e-01,1.436621243054058361e+00
-1.160108387243455191e-01,6.826893548322625627e-01
-5.286208401999339390e-01,1.093034595857312885e+00
-1.196992641004631208e+00,-2.400294134251174383e-01
-9.728545106492358929e-01,3.155236913163993878e-02
-9.998662683702963516e-01,1.608754634966194308e+00
-5.968823169449694044e-01,-2.671643974207663433e-02
-9.882027930850015296e-02,1.211137111922218290e+00
-1.008992285934708022e+00,1.058090456990782746e+00
-9.778907761957705835e-01,-8.080505194043263728e-02
-1.019850588965417248e+00,9.868673288086591278e-01
-1.197003537973448557e-02,1.113603322745314594e+00
-2.826974395407692020e-01,7.312416570142179495e-01
-1.054436045372405539e+00,7.365645936419125128e-01
-1.064297278149655579e+00,8.236600576062644841e-01
8.512122483873683920e-02,1.372332844788197281e+00
2.788366089252236057e-01,1.046501646063254576e+00
4.446319433881112393e-01,8.386140281245131334e-01
-1.156313337323584767e+00,8.865111015029173425e-01
-8.211210108503934624e-01,2.173941957572750050e-01
2.869853880662792678e-01,8.789742598301152343e-01
-1.094451240284992188e+00,-3.253999428387832626e-01
1.869231145991848975e-01,1.184229856221622246e+00
4.005410241017243744e-01,9.965542988479504372e-01
-1.115011301079251282e+00,-6.206761684426192333e-02
-1.176745169668527158e+00,2.273015211721990114e-01
-1.980266129732308755e-01,-1.972867363390824469e-01
-8.341488908316303519e-01,2.540271543260119724e-01
-3.235907144111593303e-01,1.027889232246750995e+00
-1.137269098201810547e+00,9.954017301604120016e-01
-1.042839761674142940e+00,-4.163833098544392208e-01
-1.015193442077696240e+00,8.958451129040394534e-01
2.488112500622438328e-01,-4.389489866791977946e-01
-5.893571210933035848e-02,-4.573011628199714074e-01
1.316317609993937765e-01,6.203266495791357471e-01
-1.190371314558839932e+00,1.446668812407722882e-01
-7.726749067745406485e-01,-6.154990108508133495e-02
-2.607626651678240370e-01,8.613311980158908315e-05
-1.663929080097630020e-01,9.073840981661306371e-01
-1.153641501080700849e+00,1.150631389342160249e+00
4.350360027534968393e-02,-4.166624728486881951e-02
-8.717298328914799832e-01,-4.375553546726180382e-02
3.973715367902098672e-01,3.479484130626208649e-01
2.693468949366429888e-01,-2.618534159840553155e-01
-1.113699194314071050e+00,1.438001339086914798e-01
-2.180159448696526447e-01,1.755237738425051430e-01
-9.682055684451474908e-01,1.068684019209830582e+00
-9.448854671882843670e-01,-3.786130857817138207e-01
-5.980623889976419832e-02,2.966440411539011390e-01
-2.580895438476703552e-01,9.499361378170310122e-01
1.019942691731994394e-01,1.281843880595783469e+00
-1.143145445363289436e+00,1.336568256629215856e+00
-7.363156555810762907e-03,5.670596721135604534e-01
9.808145871577722552e-02,8.235098157397755525e-01
1.549281109936214706e-01,5.187040495216558439e-02
-5.025567291272658305e-02,-8.173373493128370873e-03
-1.147672190810136383e+00,7.618692152317029231e-01
8.749027824429207734e-02,9.409383247802373118e-01
-1.211775943197120231e+00,2.057338563070559845e-01
1.956612515865232549e-01,-6.632960815217820993e-01
3.299315230870286109e-01,1.468970920649590450e+00
-7.479498596771176899e-01,1.440053839269713476e-01
2.108448515846415572e-01,-3.994722794094911905e-02
1.354922925712729598e-01,-4.332867537245958522e-01
-7.037649649252054607e-01,1.306747093449838415e+00
-5.049241182711137338e-02,1.082883736147184139e+00
3.498936001303277754e-01,1.157150956716926471e+00
1.845414681628755604e-02,3.306673252116053563e-01
-1.354865509243619592e-01,2.654472850966237418e-01
-1.016553327353915126e+00,-3.351101930897611159e-02
-8.291710176748432470e-01,-2.729032276764998266e-01
1.501467010290108983e-01,8.583698382825878381e-01
-1.487177317862372061e-01,3.952734768204657634e-02
1.005555674753853268e-01,1.162883612354271623e+00
-1.400413320350087476e+00,9.951198748635602387e-01
-3.086803430972652907e-03,2.084533300175228990e-02
3.866049189870361669e-02,-2.095846886071210669e-01
-1.333447355081726626e-01,-4.672358686694859375e-02
2.813806081966452322e-01,-1.469478926416532549e-01
-7.579310480859973165e-01,1.479847339248399729e+00
1.984887616116225439e-01,1.091451074252547393e+00
-4.623299154393160221e-02,9.564797929182196345e-02
9.158467901582698079e-02,1.085113319745017346e+00
-8.081941174354938529e-01,-4.272353705252197598e-01
-9.419078020019527875e-01,1.729811786925899153e-01
-1.259142657964338996e+00,-3.141531064140058449e-01
-7.414852721654867362e-02,2.000727627244075768e-01
7.338476098102300615e-02,-3.328225844621768847e-01
-1.154347195848292706e+00,1.086108950600432888e+00
4.713164978709930009e-02,1.099559038510365266e-01
6.499063628786090618e-02,1.009276203090912483e-01
9.747598769333579161e-02,1.128268415551719750e+00
4.111862794222938267e-02,1.107731387278313884e+00
-1.008263148711005863e+00,8.506146340370257519e-01
-8.435533102777086345e-01,4.261219167608949060e-02
1.816262667191954894e-02,5.063779469066836958e-01
1.034914416552749558e-02,8.533336685794320475e-01
-9.132798540834037304e-01,8.111328971010658417e-01
-1.892854642571069335e-02,7.920332757903668641e-01
-8.944662204079073531e-01,1.327507145769734886e-01
-1.055294579778367270e+00,1.029838960061864039e+00
-2.682149905953926106e-02,1.009192909317661258e+00
2.748414816338505817e-01,7.287064237148209722e-01
-1.062204203853452489e+00,9.622929698926260267e-01
-9.059023252412465865e-01,2.814296075836807964e-01
-1.159935672930590300e+00,-3.085357174404545488e-01
1.259746513032417858e-01,8.599783665387764620e-01
-6.402552664604108656e-01,7.140507731317564666e-01
-9.286738207190972094e-01,1.075398535828051561e+00
1.133741871495279191e-01,7.115757640970465925e-01
-1.178504174114769043e+00,1.446458289740171765e-01
1.515531372016069023e-01,8.668982079589602208e-01
-1.089755435922932003e+00,-1.212824006376566899e-01
-9.496460775657297182e-01,1.486813045507578424e-01
-1.321534068110518101e-01,1.161725645344737545e+00
-1.146073809419594358e+00,-1.440560240251228252e-01
-1.002377896205733254e+00,-1.718029027653362739e-01
-4.225336622947700044e-02,7.688644093016470116e-01
2.010700610699811888e-02,3.732315196136415381e-01
-1.242718385467798115e+00,1.125673243757018271e+00
2.739657002236481342e-02,-2.812795927691554287e-01
-1.651698897873402350e-01,9.470637768236178644e-01
-6.604229494892603636e-02,9.340743533615599725e-01
-9.328765962152097968e-01,1.105440297886416401e+00
-8.808920024811650595e-01,1.277821853058068724e+00
-1.483921267093656793e+00,1.260134223261798248e+00
3.470041646667266777e-01,9.220679808802082489e-01
-1.558390117123404717e-03,7.517698377069088889e-02
-7.411230226198366466e-01,1.006111459936094077e+00
-5.385870438207978061e-01,8.870467975959539508e-02
4.520472064466138917e-01,1.562983868253212894e+00
-3.195790463334240994e-01,9.388656069919141256e-01
-1.457966929423982483e-01,-2.450819434645111483e-02
-8.404108483458918588e-01,-1.258932812600075668e-01
-1.080936620396544257e+00,1.202161370046824329e+00
-3.142069562087171364e-01,1.191871425339445789e+00
-1.113224338618083786e+00,1.173026108730400141e+00
1.514858279779584815e-01,2.628614951489570695e-01
-8.944134965127944481e-01,9.987657684162516425e-01
-8.910319912228255035e-01,-1.022348052538467750e-01
-1.073125292761539340e+00,1.221343114593830936e+00
-8.532976258393322189e-01,-1.172632901245070358e-01
-9.400232574034239619e-01,9.775408993334226970e-01
-1.223098710380337018e+00,1.003974531460168240e+00
4.554511809197361871e-02,-9.866342443282306862e-02
-9.414486484705799629e-01,8.849767391638355685e-01
-1.210085171486771083e+00,8.794106223559114976e-01
-1.780967725313869821e+00,3.472759821477591768e-02
9.946587463136244422e-02,6.178544034132227997e-02
-1.302867279160810021e+00,2.520952422135535609e-01
-8.465791475461382776e-01,-2.927385972966042305e-01
2.000028181541151084e-01,-2.614925121077436576e-01
7.058894898366105397e-02,8.683208499676533521e-01
-1.508342223866984355e+00,1.206943643374789765e+00
7.151784553113016418e-02,2.382036292053548165e-01
1.449092987100032703e-01,1.371262699778480698e+00
-1.917870824326207979e-01,4.403971732342866485e-02
-1.169897880719254379e+00,-1.307583897248158489e-01
-6.594757508585280537e-01,-1.956838590775927256e-01
-1.253874954189283963e+00,-2.397602485611221856e-01
-1.071696822004464256e+00,7.830984821453164102e-01
3.694132653567655522e-02,-1.307602883877335975e-01
-4.540099666927590594e-01,8.699099833688126449e-01
3.969586171240520600e-01,5.983058301726228434e-01
-6.047660647117361621e-02,2.975315652871100003e-01
-1.040222947727316438e-01,2.882347948440713847e-01
-2.117125105394975781e-01,-4.906619547683252480e-02
-9.367315459367989705e-01,6.409096324321779392e-02
-2.683135752414794184e-01,4.032521229817050412e-01
9.366011381099055566e-02,-8.012949278266988662e-01
-9.821942459252985813e-01,-9.129306627914256234e-02
2.849286584584919679e-01,1.197943434333490265e+00
-1.407887385524670409e-01,2.847250145620428691e-02
-1.380286232519869039e+00,4.920210341304155910e-01
-1.185248875900565491e+00,-3.584058193187162483e-02
-9.025904881069651831e-01,1.000041487396897688e+00
-1.412404024807711433e+00,8.108953971256446236e-01
-8.566728218241692616e-01,2.950704403174387314e-01
-1.111639898043207175e+00,8.460409806257691567e-01
-2.623525019534402869e-01,1.015304497951843965e+00
-1.151209027391255413e+00,8.188072480896528837e-01
-1.022332047797700039e+00,3.164637199554372060e-01
2.187187428503304110e-01,1.147112634735212522e+00
-1.074944632077864615e+00,-1.188141676973481463e-02
-2.486699620402681998e-01,1.312866429810174651e+00
-4.992818478922633058e-02,-5.740471190996375428e-02
-1.014827004105766317e+00,5.221167893715324970e-01
-3.843056526794589867e-01,2.961976332794325796e-03
-3.644120282229588725e-01,-2.764020364904025417e-02
-1.236006267748820386e+00,2.014756765198611466e-01
-1.974096003512417208e-01,2.711867297043677946e-02
4.704152686243887049e-01,4.524016588093283942e-02
-9.452484515734778103e-01,-2.368567056397306581e-01
-6.207248554244368943e-01,1.230404830855054366e+00
-1.084536661851942085e+00,6.835004280574541458e-01
-8.485666052465319353e-01,-1.261694519257042365e-03
-4.379341361214015849e-01,1.284259222491383801e+00
-1.077253856546767780e-01,1.041333290756898178e+00
-1.122799299602444401e-01,-5.565291016593708340e-02
-1.672997473082334374e-01,7.022844852865915699e-02
1.624488913328999418e-01,1.227545114159592332e+00
-8.434639638035286158e-01,1.008508481658427991e+00
-1.022441147218085655e+00,-1.594780925428253560e-01
-7.679180866020995921e-02,9.255062228404807856e-01
-8.799353024241933774e-01,6.429875748579390038e-01
3.044433748708282317e-01,8.838332287992547442e-01
5.633104293396001827e-03,1.322889364861056134e-03
1.082579556520420760e-01,1.180582759966820605e+00
-1.038720675011954586e-01,1.947478609157730356e-01
1.698370017665004894e-01,1.342227562275715158e+00
-1.325158090534421351e+00,1.232209312825744751e+00
-9.570564731537727354e-01,-4.745925503963374092e-01
-2.031405595220860116e-01,4.255889514555636355e-01
-9.492273983611970722e-01,9.724027718081615923e-01
4.029014632752401237e-01,9.069333255590752429e-01
-2.159545469692992214e-01,-2.374018728449242277e-01
-7.318142077736908835e-01,9.195826324730577150e-01
1.473229057426192479e-01,6.461355699191670965e-01
-1.361641523560667977e-02,3.822149294911922901e-01
-4.083950452687905575e-01,1.064696948943581467e-01
-9.684875946115987233e-01,8.212200732673423376e-02
3.031492899467801982e-01,1.575874626574948201e-01
-1.436918196599265285e-01,1.861811501850431649e-01
-7.997996977575747568e-01,1.103096611398664884e+00
-5.210865699564595221e-01,6.665049132584567326e-01
-9.534304702512477192e-01,1.579932239564591168e+00
-9.791382781337117924e-01,8.347077172998160766e-01
-1.811286579758954463e-01,1.071618901922617662e+00
-2.337373175938153025e-01,1.282271482608292157e+00
5.747136128127704885e-02,9.311549256868066893e-01
-6.375923521865110022e-01,9.509746823081045575e-01
-7.547076627431367202e-01,1.025347566550319334e+00
2.118921154325180967e-01,6.490319085107564001e-02
1.186185756466765356e-01,1.057093796378725914e+00
-1.476132602229999202e-01,1.128035326896451584e+00
2.447950855018197758e-01,1.355598958349571559e+00
-1.131694488599752191e+00,-5.762728825139209338e-02
-1.504236176969890038e-01,7.566944919803071379e-01
4.182612709182552575e-03,6.583516186202936944e-03
-1.139193882699503391e+00,-3.994417336845685479e-02
3.166567663217820794e-01,1.212007257292731621e+00
1.081743683008166979e-01,-2.233254812491467511e-01
-1.462459647620236725e-01,1.393077373967982258e+00
1.948525682162259298e-01,1.072353162835482099e+00
9.115584921646352479e-02,-1.722331133631415864e-02
-7.803676321429597884e-01,1.114639121333016014e+00
-6.266749685368391276e-01,1.077997765009004905e+00
1.032528920187787864e-02,9.553720785023110951e-01
4.262585105664143392e-02,9.136443117341190856e-01
1.303444315196534697e-01,1.042918680273281273e+00
-9.727449986239146140e-01,1.159187063162743225e+00
-1.068819233324912910e+00,-3.797780523765652005e-01
-1.074253681170723951e+00,-1.621477198858349844e-01
1.059495867424309484e-01,8.335276543353251077e-02
-1.081195753089452039e+00,-2.304960600543258797e-01
-1.442806054784172842e-01,3.365760943137714456e-01
-1.137117840894332765e+00,-6.138174073905539735e-02
-6.332391897328417674e-01,2.168889399321068806e-02
-1.028058014649631258e-01,2.694290390018024353e-02
4.053428158463277114e-02,-1.773063173238210652e-02
-7.480769521094057795e-02,1.237634136890441994e+00
2.872739663483028227e-01,1.224072651578340887e+00
-2.145989361247891969e-01,1.023074535968521159e+00
-3.030231124103480722e-01,6.195712127782071477e-01
2.523612317392261439e-01,1.362746422475053620e+00
-1.050872038419405463e+00,3.452806025095221942e-01
1.240148709385189701e-01,8.819922246382129183e-01
-1.461093119079363456e+00,-1.082100009048319739e-01
-1.079477821748783928e+00,-2.027344784983405382e-02
5.672684563389798458e-04,-1.490675058147987453e-02
4.187252608639020768e-02,1.191359621509037625e+00
-2.349995078079141764e-01,2.017792167725151464e-01
-1.318690288057098980e+00,6.994027104243563109e-01
-8.497733570756520194e-02,-8.681473013996265919e-02
-1.309724510984955126e+00,1.201653609403589007e+00
-1.443254507967637101e+00,9.799570812240150364e-01
-2.751063312152001727e-01,-4.275229528832477643e-02
-2.346469069376450889e-01,1.052847221290780233e+00
-1.709750345419173145e-01,1.249958976541564626e+00
-1.413466406576966428e+00,3.808212264354983723e-01
-1.104758980213655928e+00,-1.399138316577213381e-01
-8.810493257866828243e-01,7.060889577178653953e-01
-2.473071637342665330e-01,1.005672293927800665e+00
-1.082767551505181114e+00,8.974466613083014188e-01
-7.737830419113073122e-01,8.013464057189372269e-01
-1.161144174029279164e+00,1.051146360151274717e+00
4.696501344540899292e-01,5.620998506559402030e-02
-1.238222661644233558e+00,9.896389133814527117e-01
-2.572520670273688581e-01,-2.091237652542976902e-02
-1.060443032520649309e+00,2.546918878892670546e-01
-6.974876562476757524e-02,9.352438179253662609e-01
-3.854585244167927915e-01,5.992557663677477997e-01
2.855137391857416329e-01,-3.123743930164935567e-01
-1.168000965481662767e+00,1.204568377656759920e-01
-1.149457178654159417e+00,1.186614366480023275e+00
1.339315622771903302e-01,-6.473771649279966289e-02
-8.310383845625701760e-01,5.752862538853092261e-02
-7.430543176692113727e-01,1.267619966218636318e-01
3.300216305829625218e-01,8.432832980370651432e-01
2.498642273256204138e-01,8.985830803643075626e-01
1.594600209314123163e-01,-8.342278183491044774e-02
-8.748826741958370956e-01,8.924104268506110049e-01
1.107959738586496018e-01,-1.973464292000344511e-01
-9.384886440682099762e-01,1.201275851841388187e+00
-6.048909978897193396e-01,1.836790390800681697e-02
-7.821263170371525186e-01,-1.721462048889935981e-01
1.382195484829491783e-01,2.079985222462759908e-01
-7.056860606023659388e-01,3.421995592030734890e-01
-1.715718082393042233e-03,1.117408037663804171e-01
1.373645993170636570e-01,1.211345577411035768e+00
-1.257118904168841755e+00,9.318252341513031389e-01
-2.274363100678142985e-02,9.347225679850387214e-01
-1.195051510191091459e+00,-1.308276839507026279e-01
-1.915032270012697879e-01,8.284666437215269796e-02
-1.155118856804056016e+00,1.092722136512264575e+00
-7.646964025048318403e-01,8.993853485293011873e-01
2.018848236213101333e-01,-3.121757206141910768e-01
-4.119149971945358624e-04,1.032069081613831596e+00
8.947082403718181753e-02,1.058706650992864651e+00
-6.979565782839132204e-01,-3.237816544766410065e-02
-1.230787718710343537e+00,1.171002389728682980e+00
7.060499727674596215e-02,8.970655009419501447e-01
-1.571627752434643366e-01,1.899606544000921882e-01
3.629168764353410404e-01,2.547036930019870860e-01
-5.451717265460718220e-01,1.172433331171058413e+00
1.912150306803601651e-01,1.104788324877927996e+00
-1.656409757397209748e-01,1.647631231802051122e-01
-8.029422980768647911e-01,1.092190983233388257e+00
3.037202700887539075e-01,1.261442108388385552e+00
-1.860326155551784155e-01,9.247102827760319554e-01
-1.746261178720305007e-01,9.113826792474274407e-01
-9.680580753190758392e-01,-1.687228564560767918e-01
-7.145145281586856578e-01,-3.191555530517762307e-01
-1.400606915676687672e-02,-2.142123260952416564e-01
1.147733679194067186e-01,7.997944211653161828e-01
-3.369491897290123328e-01,1.180582747837670421e-01
-1.164277162023465567e-01,1.341776365667075588e+00
-1.222719730121823334e+00,-2.533033787947180926e-01
-9.131777215729882657e-01,5.933008570127902281e-01
-8.919608791552656735e-01,8.409746055344085036e-01
1.490433505824147464e-01,-5.390622492436179108e-02
8.147570736121428903e-02,-3.342811290484029030e-01
1.239784708270130070e-01,1.069256123401562730e+00
-1.684246110141444375e-01,-2.676162499189331800e-01
4.327826226237433405e-01,1.290008636767919770e+00
6.147964003322402282e-02,1.202943535983506784e+00
-7.729728610910353570e-01,1.054222572226884758e+00
-2.666122937044692609e-01,1.033794681212183209e+00
2.792436605612922396e-01,1.313641149457006087e-02
-9.254315199495661837e-01,5.170294645580274240e-02
-6.473004108351541053e-01,8.250142064434219658e-02
-1.374750284682623835e+00,-1.200298022970211625e-01
-3.878455707086004428e-02,1.973837582708442284e-01
6.851452440730134708e-01,8.920927973272002598e-02
-1.685909936017822991e-02,1.308636033946169563e+00
8.478919378526170170e-02,1.604643955108715492e-01
-1.049857332196000304e+00,9.943138348297680951e-01
1.606724019412044402e-01,1.793526007645946663e-01
-1.022939917888211925e+00,1.099454478842768479e+00
-2.707687239880517405e-01,9.574816669072802044e-01
-9.372698600399557156e-01,-1.177717147331486802e-01
-3.305059486459174245e-01,1.107168111155973217e-01
-1.325247413862975371e-02,1.250529067845371767e-01
-1.096520475509733306e+00,1.081204540226670785e+00
1.580322361411938548e-01,1.112699508432359874e+00
2.031161782277468297e-01,5.961018036908467543e-01
8.423264986490658357e-02,8.584029952364320704e-02
8.725851604970392972e-02,1.036149276716733514e+00
-1.119509933866041251e+00,-2.005637388524836862e-01
-9.868025547854143431e-01,1.227082661392481455e+00
-1.027467432284941529e+00,1.224666153486666076e+00
1.243687644547533111e-01,1.240699765011024969e+00
-3.883992449120661772e-01,1.244401314006629233e+00
-8.285076649110460767e-02,1.040304748744011576e+00
-4.418399402505989171e-01,-2.748517959080019057e-01
-1.124704137285756023e+00,-1.643023038501259525e-01
-2.010049972623352554e-02,1.227730147364809232e+00
-9.153948682744532661e-01,-3.973121086265491431e-01
1.325008667662099515e-01,2.141147177151098424e-01
-9.692490973776141105e-01,-2.962923052326184581e-01
-1.002821101948983218e+00,9.093096474384471106e-01
1.480689194007709653e-01,7.295896230162234319e-01
-9.955852491107943791e-01,1.147894597176359888e+00
-9.900406778080916848e-02,8.582419340446022504e-01
-2.406469007826577116e-03,9.248614146876934505e-01
-9.446551447668883883e-01,1.379753510343524336e+00
1.130395148490254686e-01,1.601882926993187350e+00
-8.472362384863041385e-01,9.431337207608556650e-01
2.982852418307005982e-01,8.364563319828552945e-01
-1.734441630709340071e-02,2.701589563836902519e-01
-1.238784347805643948e+00,-1.710945174733703444e-01
-2.949003258901634061e-01,6.687248184485745650e-01
-4.809389054648839645e-02,6.224011785246599260e-01
1.440028245255587369e-01,-2.241511988256510157e-02
-9.967747015551405854e-01,-2.484643846523509891e-01
-3.967902097024694069e-02,-8.491052309533432541e-02
-1.557128271716982537e+00,-9.237100676514134467e-02
-1.118037636385398548e+00,3.795611518997286105e-01
-9.853161818220562695e-02,1.427978044041136249e-02
-9.833279238090407437e-02,1.981528517974006920e-01
4.050672624252675824e-01,2.700477735290403580e-01
-9.400335319981379945e-01,9.212889429452313372e-01
-1.113696759648504474e-02,-1.735741943886749405e-01
-9.486335625868714816e-01,6.073636543011617928e-01
-8.587056837547715205e-01,8.655991773869404771e-01
-1.029014981631658499e+00,9.311030172380275749e-01
-1.141847293707572986e+00,8.476126770534651023e-01
-1.205146965631509914e+00,1.118242393291061454e+00
-8.448766270788838906e-01,3.106585599002905651e-01
2.069134015251716252e-01,1.149212272848290972e+00
-9.753987402235537729e-01,-9.387623587579980999e-02
-6.469179984342417200e-02,1.038804670864528656e+00
-1.633075094659910687e-01,1.170260943247136254e+00
-7.397333017029484870e-01,1.187310952654389240e+00
-9.797577697244532757e-01,3.463604862985935062e-01
-1.089177714780873663e+00,4.574702636879540152e-01
3.600822076971839647e-01,6.244862052885453291e-02
2.662628113709489264e-01,-1.434071917378146599e-01
-3.951372475027852688e-02,1.904140161774182105e-01
1.827926422461721156e-01,5.788322229113141565e-02
-1.914352524320500071e-01,1.339821625588139220e+00
4.923012936355351810e-02,8.127475038697195009e-01
-1.322882138953237474e+00,-7.958657882250683158e-02
-7.924273666507937186e-01,1.184249648423880696e+00
-2.713667430817330861e-01,8.309234961313255452e-01
2.427678915465425191e-01,9.803051146734862234e-03
-1.067803463663148156e+00,-3.923663893105304168e-01
5.229601266555600203e-01,6.797625721659227294e-01
-3.462713803573385096e-01,-3.269506481920431140e-01
-1.222798519498610181e+00,1.124991682213458910e+00
2.843119184977336775e-02,9.879254554733507554e-01
-9.414723590554956167e-02,4.790440424360928318e-01
-1.301999300099365708e+00,1.272532885623698817e+00
-6.180352391490995245e-02,1.202213468361357451e+00
-9.473776038979159209e-01,-2.647572409743784716e-01
1.374871430998626520e-01,1.488467556316501461e-01
1.575718097985868704e-01,1.194681482101741299e+00
-1.198668548648109122e-01,9.391739632621979306e-01
-1.466636721734613236e+00,2.712779943796869708e-01
-1.052995157671737791e+00,1.093025646690487740e+00
3.415614306652880322e-02,1.407671153580082546e+00
-1.570463342550003014e-02,1.158998926489348769e+00
-2.865746155071567935e-01,-3.599139113388675759e-01
-9.305085688789498377e-01,8.481891900014738583e-01
1.355002109495182135e-02,6.940029758281045513e-01
-9.652370357175239779e-02,1.206477793785391217e+00
-1.032817524474068938e-01,8.657757392341987046e-01
-8.699230825319553828e-01,1.032545606161911156e+00
1.654307329642021041e-01,3.537214360387069267e-01
-1.387644596138837283e+00,7.136037865605041608e-01
3.471053926758916330e-01,1.527603849962351212e+00
-1.121585799103407499e+00,-3.720212746070602483e-01
6.130311149039509300e-02,7.973816908112670854e-01
-2.034334714725705984e-01,7.931318327879111063e-01
-6.499803716404282117e-01,2.129935893470721042e-01
-8.634770838189169684e-01,1.206627404303840079e+00
-1.808726954733243797e-01,1.102542167121961958e+00
-1.375626615504618400e+00,-6.017485826620219136e-01
-5.262604810617477202e-01,-8.276209022052410935e-02
-1.104519808154359239e+00,-5.246535254432362072e-02
-1.195717156721401997e+00,4.703118679618631948e-01
-7.586866101113517447e-01,1.875624290975822506e-01
-8.387354244362030808e-01,6.390839832758266059e-01
2.574514337484812843e-01,1.392236687043999943e+00
2.464447260140825713e-02,1.440006425515205413e+00
5.847111690702235798e-01,8.765873826622638809e-01
-1.704297449050310220e+00,1.129216188627701456e+00
-3.544995313493322642e-01,1.176248925426961689e+00
-3.683232454071887901e-02,9.215655526684837229e-01
-2.378593774596410859e-01,-4.010418253960666007e-02
-1.217110571234794936e+00,1.185278556200591998e-01
-1.831831636525169948e-01,2.389821669028787676e-01
-8.909673021165320783e-01,5.679535773298368534e-02
-9.240776237046042230e-01,-8.214882590236570470e-02
7.636516858976928092e-03,9.774159381951877945e-01
1.243164506304787198e-01,2.014626167071470186e-01
-9.185146929857628262e-01,-3.691100217384256088e-01
-3.823933414259789720e-01,1.837126191898432459e-01
1.370677833994790873e-01,8.087079708704909831e-02
3.431835387992440145e-01,9.209065024107123687e-01
-3.101542673541755057e-01,1.129384279086037779e+00
-1.491304056566381764e+00,-6.696141115215318261e-04
-3.027849263057585949e-01,5.874432509622233844e-01
-9.964292184538636743e-01,2.275427736389275951e-02
-1.139734920560689924e+00,1.088129302002982968e+00
-9.736487186985315345e-01,1.164960904590874202e+00
-1.747559818445642010e-01,1.307035332802398475e+00
-8.704772626024965820e-01,9.736809001880443182e-01
-9.111573902732392760e-01,1.770337116229498964e-01
-1.191277827215672769e+00,1.316423686683501071e+00
-6.950036887750531134e-02,-1.625066899692773348e-01
-1.195615728221979701e+00,1.106264189867034231e+00
-1.112448911688657671e-01,9.043054841276018108e-01
2.900073806673722845e-02,-1.103965701721634080e-01
-1.781765596096205884e-01,5.440794093839023127e-01
-2.627817071367651303e-01,1.164139959872448005e+00
-9.639455320177214848e-01,9.047431709973824399e-01
-1.148200160297931482e+00,8.686382464933569691e-01
2.779944865568259593e-01,1.071094099697568858e+00
3.841886395152069311e-02,8.143319294525878105e-01
-1.255876015587452932e-01,7.627631216854359186e-01
-1.106667617999660180e+00,1.055086640054533120e+00
-5.352284408638716684e-01,-2.193506000757049490e-01
-8.366074396359490795e-01,1.118083556586447536e+00
-8.767219569863580197e-01,2.519769753784670968e-02
-1.209860753468475103e+00,-2.006452205164566960e-01
3.723266232129717190e-01,1.554259992367825471e-01
-6.740652440783583277e-01,9.162481543975671272e-01
-8.938411418826288646e-01,-2.391126457699111751e-01
-4.300418880990354853e-01,1.094576870763928511e+00
-1.741192602616584151e-01,8.714661380567868543e-01
-8.022705867268032920e-01,1.264234196112335784e+00
-6.608458667627905569e-01,1.022187309257281962e+00
-9.284455444055320639e-01,-9.421554978378784972e-02
-1.862814464236335898e-01,1.151513153816335622e-01
-9.152984893778187692e-01,-1.037251889465038157e-01
1.204374967560846721e-01,1.274078346869983447e+00
-6.740175341945256471e-02,1.088528548042158706e+00
-1.083659571047028924e+00,-6.484502072948753436e-03
-9.606420737406389243e-01,1.183894023950407215e+00
-1.831311606612164300e-01,1.279485051329954270e+00
1.434310993850539395e-01,-1.273289762916707084e-02
-7.395961721965026436e-01,1.835717870152440935e-03
-7.773286533290516553e-01,-3.548302458660935188e-01
-7.949172539646514046e-01,-1.308507199502532692e-01
1.977580394033595992e-02,7.707490007172658197e-01
1.491504150146336916e-01,1.003380195919895801e+00
-2.602251951465628377e-01,1.221152621584900233e+00
-3.605280871141042925e-02,1.273816875916893965e+00
-9.093961201494129565e-01,-1.108223358362357691e-01
-9.608108441189567861e-01,-3.651586131651125555e-01
3.131404772727931496e-01,1.414757160443998185e-01
-6.626707025547348140e-01,1.173547930718444876e+00
4.101899641608788283e-01,8.698706876433111024e-01
-1.146676376599806285e-01,5.720561770449588551e-02
-8.355966109282539911e-01,7.871386021529719335e-01
-8.743588265667432413e-01,-2.475117094723858768e-01
-5.912989071784309214e-01,1.526122718992279470e+00
-9.400846213909792581e-01,-9.969399606416810746e-04
-4.905948387044897080e-02,4.791021433773597071e-02
-4.638707945275710731e-02,1.090850705043284519e+00
1.923560586646771986e-01,1.284886305478013080e+00
-1.395320650723896438e+00,1.011627156966347529e+00
-3.073541217280979509e-01,1.021221287136998002e-01
2.277331464791167714e-01,-2.167128295675814498e-01
-1.142387636114638866e-01,5.358013220020869244e-02
-1.269053070609338640e-01,1.215038370167271564e+00
-1.072510813576075250e+00,1.000504348429060997e+00
9.940306195941801815e-02,-1.904677373612791158e-01
-9.584534574886969249e-01,1.134663992318989845e+00
-1.127287406375578449e+00,7.440483186058814979e-01
-7.931462435192428995e-01,1.172219071732826468e+00
-7.951970344189691620e-01,1.332504979124320865e+00
-1.201550468183772979e+00,9.594029440728689684e-01
-1.059621651605589632e+00,1.490930206072055064e+00
-1.026281500918861722e+00,1.179404214795568007e-01
-1.072929494311862131e+00,8.232615345207385804e-01
-1.004517550223854805e+00,-3.929214964904238494e-01
-9.293655455427477508e-01,-1.753649573271081064e-01
-7.351456362254919774e-02,-9.188076585486842918e-02
-1.063299436276069487e+00,3.829426662915867974e-01
-7.767669489124805482e-01,-4.178149105753955483e-01
8.889877052570475946e-02,1.204666690924162120e+00
-3.937265921602097762e-01,6.847058024077472549e-01
-6.075169136239273460e-01,-4.937451431265763580e-01
1.965669322059238611e-01,1.247368613704498586e+00
-3.234978783027674110e-02,6.177740210728887016e-01
-1.006356215484024874e+00,1.298607947853088973e+00
-2.360744521552857189e-01,4.030569340383844540e-02
3.263611044203165168e-01,4.326124666881067116e-01
-3.058696367999509946e-01,3.121796394113335871e-01
-1.899723888437140629e-01,-2.952516185861013293e-03
-1.002704764452894581e+00,-4.321607871378247423e-01
-9.284736462632699194e-02,-4.195807561765719784e-01
-7.758517199503257578e-01,9.690180920404681819e-01
-9.264715008461289480e-01,1.191113484708330228e+00
-2.341417756958315555e-01,7.943156003716760338e-01
1.496073250984003289e-01,-3.958488080091844830e-01
-1.043977571104760527e+00,-2.345351901042361520e-01
6.317304135144433674e-01,7.715018425674383118e-02
6.454601531874132325e-03,-1.560713221061395262e-01
2.490270677836264601e-01,1.100608676709904366e+00
2.446630179116758841e-01,1.063286406395788530e+00
-4.299322081515336014e-01,-5.883780272325095373e-02
4.078769207683470843e-01,1.613798856152454664e-01
2.004225218220530569e-01,6.587364884353827943e-01
-1.044983091869413849e+00,1.418994161143730809e-02
-7.634879682885233887e-01,9.789480038902335091e-01
1.006620390984974550e-01,-2.081242292961617835e-01
-1.145002263091849937e+00,1.018538211290913154e+00
2.418600955805906561e-01,-1.181642749078369581e-01
-1.046518784105531896e+00,5.165527529475507640e-01
-1.241229291735254536e+00,1.811598868476842761e-01
2.748392217129335194e-02,-7.822871036322609495e-02
-1.241119319349499595e+00,9.675590795287827284e-01
1.969901226626731561e-02,9.956303522672136364e-01
3.329428460420837121e-02,9.479569075592645389e-01
6.017475831194483149e-01,1.216469247699464740e+00
-1.237153196480391237e+00,-2.956643421210428668e-01
2.779558959627421721e-01,4.246737231633200549e-02
-7.258265741270797378e-01,3.994633736737696061e-01
8.342075490489339260e-03,1.322686122537634956e+00
-1.106787210854433878e+00,1.318663840899321649e+00
-2.017238207515502368e-01,2.516118947422872898e-01
2.081816741928904368e-01,9.263741491445147691e-01
-7.825261662653164307e-02,4.174228553940939612e-02
-1.215619497876438970e+00,1.125390486154009606e+00
-3.382239711345801925e-01,2.890461970075210857e-02
-9.809995785168001969e-01,2.615719266467233517e-01
1.467946145113738221e-01,1.039505597899232692e+00
1.053676518369538878e-01,-4.657531593357916444e-02
2.915267626977234294e-01,6.363028940639395836e-01
-5.462656776680541171e-02,2.529887698968359966e-01
9.943640933380844260e-02,4.414612202402508068e-01
-4.150146797336631832e-02,1.117121316124577435e+00
2.137070839688030022e-01,-4.679544295761758899e-01
-9.843762247168801327e-01,1.159767266821477016e-01
-9.241709323270718146e-01,8.938413155123312581e-01
-9.399507204342842925e-01,-3.826168354238096425e-02
-1.087294579180418053e+00,-2.690909197078054649e-01
-1.250168709864334149e+00,9.749613190060365531e-01
-9.245651777756507261e-01,9.571402569367569724e-01
2.421560739530664030e-01,9.844604328536453730e-01
-8.003459482495741684e-01,1.415604742551825057e-01
-2.250711949246670118e-01,1.065057926003340205e-01
-7.182885100725971972e-01,2.288934757044692320e-02
-1.005396197675342718e+00,-4.289082005255437924e-01
9.759064116903679031e-02,2.311027560757106247e-01
-1.302047750023861195e+00,5.596373182769435184e-01
2.965579013117745077e-01,1.866616248073601492e-01
4.590815453791059486e-01,1.463876835584589475e+00
8.387064735642685287e-02,9.231273906181173272e-01
-1.285897926733558627e+00,-9.825109561021178051e-02
-9.607930764260333989e-01,-2.058183473068744829e-01
-1.004717010266908073e+00,7.226203944599260964e-01
-1.041495815603054043e+00,6.464247941205879533e-01
-1.336103842507918360e+00,1.108112485587137375e+00
-1.528887530204121881e-01,6.851508801238437307e-01
-6.008729392180160028e-02,8.830738138749399946e-01
-1.037517273648212779e+00,1.191723149066405307e+00
4.591860287101137694e-01,-2.784414854368276182e-01
-7.589724526214829403e-01,-1.024786669784573806e-01
-9.812564296818369891e-02,1.044036995277602520e+00
-5.640652553659741830e-01,8.109905602417089021e-01
-9.355596199811875291e-01,-2.826937089420988314e-01
1.093839944726469199e-01,9.983553586910598465e-01
-1.528624815226853062e-01,-1.200459195674324041e-03
-1.100222483113729721e-01,2.172702591255566348e-02
-8.005444180314158498e-01,2.182847047863054404e-02
-1.161126993965741150e+00,-1.595644893708467182e-01
-1.025985752593043143e+00,-1.307405567561985837e-01
-1.631782993293368414e-02,7.752330154848544042e-02
-9.747282936447807522e-01,1.433351893645517239e-01
-1.397780232351592544e-01,1.147037615159223201e+00
-2.603901406142301693e-03,-5.610837040597391884e-02
-8.172303591200764661e-01,-4.195423647771932829e-02
3.259834755737865408e-01,7.073600279519365319e-01
2.215404542311097402e-01,9.606148601791538733e-01
-7.985310484845218326e-01,5.374515286157556526e-02
-1.332114230384255249e+00,8.593121311896345649e-01
1.118237636175786892e-01,1.217015849271001704e+00
-8.073656557845906301e-01,7.612988591609224365e-01
-1.881730445339197810e-01,9.809199875820014958e-01
-1.071388083952624415e+00,1.316855404175450994e+00
-1.732435449170307562e-01,1.160771617400094824e+00
-1.378939307855932439e+00,4.212822387054490636e-02
-5.685439089216779568e-02,-1.550718675469753005e-01
-3.971224318710637191e-01,9.823646438291109284e-01
-8.947085067274795911e-01,3.059210748147481729e-01
-1.000361037300042444e+00,1.089048936285627267e+00
-1.392958561752519975e+00,1.072897434442714876e-01
-1.129081920292717908e-02,1.071880649125305091e-01
1.673905957537911646e-02,1.234202693464785616e+00
-8.971228368912871343e-01,-1.929631602725755124e-01
-1.154294658361254111e+00,-5.544239297148814000e-02
4.141235217199265017e-01,3.387754146633031316e-01
2.527785461320442018e-01,3.651495577800826786e-01
-2.744140596263894838e-01,1.380665991436738071e+00
-9.421626501118194330e-01,2.831310012469187565e-01
-2.511937753411389029e-02,-5.730344303652784577e-01
-1.652900913386971538e-01,-1.780118269095092298e-01
-1.125967347373937777e+00,1.136766383497415760e-02
-1.076338487588223813e+00,1.248080685042731064e+00
3.712146123740212023e-01,1.389494967224897071e+00
-1.478452876027952501e+00,-3.884174086599991860e-01
-9.689717982690451148e-01,1.162238492372711152e+00
2.003113016072921027e-01,-2.063389521465512286e-02
-2.449711737015838886e-01,1.045502419454402004e-01
-8.571857991539695298e-01,1.076285822654913682e+00
-9.371198267393859860e-01,1.020764651222130226e+00
-1.125159172788253725e+00,9.918064671412712974e-01
-6.411003933578844904e-01,3.178056647971268522e-01
3.118391266597182465e-01,1.018700563913701007e+00
-1.184001649550499691e+00,9.857669714166579222e-01
-1.422353987571738365e+00,1.208622438647348307e+00
-7.475255884439804266e-01,5.043945790384324335e-02
3.209752965969214777e-02,5.482033899756699746e-01
-6.924726841752633366e-02,1.021696213035553580e+00
-6.075945067925773158e-01,3.367651385835216393e-01
2.289105714097268984e-01,2.714232584660992709e-01
-1.720783887861527806e-01,2.672525420247445216e-01
-1.016965775722958432e+00,-3.119518058519127335e-01
3.249802957170778717e-01,2.408154894215197295e-01
8.071938590172010944e-03,-3.586614347009929871e-01
-1.312087641925423931e+00,1.109477561608615215e+00
-2.352642079577594025e-01,1.214101161054492728e+00
-1.462411506602819378e+00,7.899108035357396140e-01
-1.208495416703969649e+00,3.079902378296444643e-01
-1.446217604879095064e-01,9.398387794372192738e-01
-1.097609819139800796e-01,1.005445319268579274e+00
-8.792797149475518603e-01,-1.407329972762227654e-01
-5.374868565612263005e-01,4.848728681517436856e-01
-1.578410368939759389e-01,-2.056039685564484132e-02
-6.702914524020030518e-01,1.084043593342730816e+00
-7.720603707324453779e-01,1.364087117207425592e+00
-8.933625382616464106e-02,1.228100502217088552e+00
-9.023116555803750716e-01,6.409308598535534696e-01
7.208202524181318849e-02,3.083009257181849594e-01
-7.901879592976194244e-01,1.528478465453453783e+00
-9.784652144165959520e-01,1.083965858760681744e+00
5.007391203703105698e-02,9.637644347283710333e-01
-7.441854818354110002e-01,-1.142215761302651650e-01
-4.269598953722597567e-01,-1.394307671366172285e-01
-4.887896576525707637e-02,-1.334573937604734695e-01
-6.659814816924920500e-01,9.400054718879538029e-01
-1.235337043864482842e+00,-2.391758251977582905e-01
-9.605236812891981835e-02,1.119570159289598132e+00
-9.797802128697187252e-01,1.009286551650589114e+00
-9.140729634576205687e-01,3.557716038423557742e-02
-2.400062260886641485e-01,7.935354001666405921e-01
9.573105987869462430e-02,1.054913768975676569e-01
-9.889125862333805195e-01,-5.909466740016713210e-02
2.599071059038990383e-01,1.270033554411082344e+00
-1.570758665257287745e-01,1.025030652647516360e+00
-9.948468858367087719e-01,9.251129391948962333e-01
2.788386920239857569e-01,1.710271709846684571e-02
-9.042267335217915036e-01,9.558214633987276443e-01
-1.394692898374139789e+00,6.320716366160419319e-01
-9.212843194362468902e-01,1.395013675843001788e-01
-8.560030408603304108e-01,8.101724418705963382e-01
-6.915607495685864858e-01,9.249015125169264273e-01
7.562443633248805419e-02,1.066765750476637464e+00
-1.549442595147221713e+00,3.913284713328976649e-02
-1.324057561968886298e-01,-2.818385023953667301e-01
3.228226383721107817e-01,1.053823593156984373e+00
-3.438949141394118669e-01,1.095286316946876726e+00
-1.093465391165434841e+00,2.063873731520932675e-01
-1.495263827146172453e+00,8.529031292416158205e-01
-9.927717440427749063e-01,9.991046454799520915e-02
-8.790466219329386988e-01,2.571775684709540211e-01
-2.009054655272067835e-01,7.490148356061543389e-01
3.054404516532648883e-01,9.287802891327554544e-01
3.027488205514741737e-01,-2.930363308142489021e-01
-2.311486158425906656e-01,5.205802520471305428e-01
7.369262483954895637e-02,1.019529988258158992e+00
3.497905448118771715e-02,8.888476491899339749e-01
-1.431801632191817220e+00,9.294299664177078091e-01
-1.300361244954244988e+00,7.271728871754290502e-01
-1.093979726336503422e+00,7.763893217019751658e-02
-2.727705695561007948e-01,9.175286303780334496e-01
-6.709489565735506922e-01,2.802768262735031574e-02
-8.349461883604087920e-01,4.443273075162498253e-01
-1.037730387473721594e+00,-6.337028813170077213e-02
-9.822631331064957116e-02,-1.950133923684007481e-02
-9.812165024494967636e-01,1.040000171922647265e+00
-1.107383093021370168e+00,9.871475939712089920e-01
-8.278660558591168298e-03,-1.804756491252358097e-01
-1.189388352555198924e+00,1.200829347692123683e+00
-7.372222742394589634e-01,1.119841168405202536e+00
-1.573718541282799754e-01,7.079463359274948964e-01
-2.281957631479319126e-01,2.613000657019994288e-01
-1.054794555700300007e+00,-1.305607331296333544e-02
1.734866570817035492e-01,8.552696794850708217e-01
-1.246111005367057212e+00,7.815812284112685360e-01
-1.240776446088341478e+00,7.897803639219497240e-01
4.731312699579132836e-02,-3.737173448013764165e-02
-3.452596573228431526e-02,7.752198022665948152e-01
-1.171394574241039876e+00,7.875041789289757288e-01
-1.957830474324076253e-01,5.857560644986681275e-01
-3.499312868792595621e-01,7.634183898052300243e-01
-1.813575195248676164e-01,1.051568851830677387e+00
-5.689524044976861372e-01,-2.852553029841046750e-01
2.225523978222844479e-02,1.405690036765740558e+00
-7.027730796721252116e-01,1.265070361887800532e+00
2.265943425169631154e-01,8.442610627604676954e-02
2.086101103279512092e-01,7.441117345239875447e-02
1.229638449308735615e-01,2.612223549378314691e-01
-1.277169405174533034e+00,-2.497522658805979845e-02
-1.335957102975468658e+00,1.002871362603745098e+00
3.019639057618069781e-03,8.428676938633716809e-01
-1.205522262787930426e-01,9.729298110787802933e-01
-9.771343641665677371e-01,9.514906037406032357e-01
-1.020876652989663125e+00,1.823179698729915366e-01
-1.193710039692053582e-01,1.069534500531452714e+00
-9.466575242780678190e-02,1.055897558819347326e+00
-8.235222806120446881e-01,-1.231605483893348117e-03
-9.935205614473883173e-01,1.307024650701420931e+00
-9.228220368820846398e-01,5.626081422454601855e-01
-5.235019998724409485e-01,9.602215294090432618e-01
-1.010386811586415634e+00,8.651521639066876990e-01
-1.581807020523534335e-01,-1.717387901624500002e-01
-6.863784175174901803e-01,-1.089582276500993124e-01
-8.741007264945088728e-01,-5.763236100772317627e-01
3.422636583027421353e-01,1.243141560636067816e-02
-1.428510752106417203e-01,9.626614277558760424e-01
-9.496957664446042946e-01,8.268911821087223668e-01
-9.768755390133467831e-01,1.037806101020090521e+00
1.716923738569911817e-01,1.011298373526386740e+00
-9.578686497725608096e-01,9.870668260740026456e-01
-7.171290230635911644e-01,8.463989652155012866e-01
-1.120945425986068056e+00,1.377847038841766736e+00
7.308913552184935492e-02,1.423463419143735642e+00
-1.777553710108041307e-01,8.536829036673951876e-01
-1.445475822351673933e-01,-4.692976307291589488e-02
-9.445565716946091595e-01,9.991292386340498988e-01
2.430526852864377252e-01,1.104996307807410094e+00
1.590776854035743926e-01,2.986773612097523012e-01
2.477031447912070306e-01,-9.268833741124767045e-02
-8.524734531130767623e-01,4.977283692481455635e-01
-1.370674067163969889e+00,-2.968230882508052781e-01
-1.524302752253226534e-01,7.718810855687907591e-01
-1.425912803675146279e+00,3.879906683796762179e-01
-1.148936525526481178e+00,9.781422054129055299e-01
-9.195472371700175174e-01,1.164327777713296985e+00
-2.135232737668715242e-01,1.052406615448309379e+00
-1.150225252382151897e+00,-1.734573882656000876e-01
-1.100138635433987488e+00,1.383208022592584907e+00
-1.089627236836278878e-01,-4.325625155781901432e-01
8.961141739492485547e-02,-3.169479218926481989e-01
-7.563494538295758574e-01,1.311752327382092354e+00
2.814601756578308800e-01,-2.244730926476955213e-02
-1.358386660195970985e-01,9.116735228550240655e-02
1.571601834142902221e-01,1.069257322760839291e+00
-1.686302537778807953e-01,1.145522363506562558e+00
2.691071463800255303e-01,-5.645398962223453498e-01
-9.278060412679167701e-01,1.026524522621617752e+00
-1.121681589195248518e+00,8.151451373128046907e-01
-9.475878350075788159e-01,1.123106364483357655e+00
-1.251344942035513608e+00,8.637122525337328494e-01
-1.143096562130364369e+00,1.326092942586348133e+00
5.440570885419951930e-01,8.119478961790327354e-01
5.342049471159758811e-01,1.118736091401168614e-01
2.419217959874257473e-01,9.799815694955629763e-02
2.030157342938412879e-01,1.003093717195632451e+00
-9.868958688012114955e-01,6.530563054629398012e-01
-1.516134236044456962e+00,5.289475764182120440e-03
3.269601905507944495e-01,8.960072674971517603e-01
-9.508089776135734139e-01,1.441045150159423915e+00
-6.235918312905821548e-01,1.223311389846603481e+00
-1.046518281888682678e+00,-2.691959220546187304e-01
-1.961830710559649416e-01,1.002940058517055144e+00
-7.844355809620044695e-02,2.400669680141674089e-01
-8.042629211584102489e-01,8.463087760862005871e-01
-1.096382386639879747e-01,1.254130529198835164e+00
-1.472634621588117199e+00,1.509773901721820633e-01
-1.030058502568945489e+00,8.666334513315974153e-01
1.183741141343383069e-01,-5.108108836580583789e-01
-2.329554448155644886e-01,4.677847268558726901e-02
-3.097769872464297691e-01,1.366367571602077557e+00
3.996589483404464765e-02,7.852229853972905738e-02
1.336763947240094397e-01,1.931086741064832676e-02
-1.245467028943942012e+00,3.029134435179871576e-01
-1.082676044302420149e+00,9.035240194616769305e-01
-1.048744062860292647e+00,1.284835093491111524e-01
-5.641390658230271971e-03,7.628234659164668807e-01
-7.808540378891662970e-01,5.819970575426813841e-01
-8.258287295904751524e-01,-1.182800486548476748e-01
-9.469008374099517900e-01,6.567872757248240934e-01
-8.111829231579013033e-01,-1.049924729244236243e-01
1.321024076421666027e-01,8.557200617479175930e-01
-8.916034299238798644e-01,8.936672777747776131e-01
-1.902095911071208234e-01,7.716886019208729630e-01
-1.077249099971003599e+00,-3.435785343604323000e-02
-5.151741405794940665e-01,1.192017663125879867e+00
-4.266826222621341452e-02,9.431878929783901189e-01
3.541445482917308651e-01,1.315438357167866723e+00
-8.096359842601371648e-01,1.007749989631383070e+00
-8.262673031762119980e-01,-2.244074099830623351e-02
-1.097630163771427414e+00,7.875027091705149029e-01
-3.243764629148842005e-01,1.331964576987262339e-01
2.080223594088507766e-01,-7.229826048469759070e-02
2.676979056005333035e-01,1.020399517729088990e+00
2.339278497422879743e-01,1.184546657569772315e-01
-1.216462326921030179e+00,6.397197532795981800e-01
1.101420603701700890e-01,1.019593816971002376e+00
-4.834268715901665625e-02,1.188640483890333943e+00
-9.273293875982585588e-01,6.035132310125137511e-01
-8.206368039735452424e-02,1.437225889377931942e+00
1.501316800981253585e-01,8.626574460334459626e-01
-1.048511842860390120e-01,1.503222985524138577e-01
-1.438861908367462750e+00,-1.500914503579744430e-01
-9.986154660793277182e-01,-1.318992757460343314e-03
-1.170766768054546159e+00,-2.221999762784451424e-02
1.815986437408613485e-01,5.154322336679786343e-01
-9.346819458362466415e-01,1.020173591134854174e+00
-1.389876990474451790e-01,-1.048697265759165609e-01
-1.899333283491989322e-01,2.922194797517190246e-01
-1.104543235024832148e-01,1.696380963150191157e+00
7.921114326382121262e-02,1.241368682043231773e-02
-1.433831911560498495e+00,-4.050551840549302535e-02
-3.040054618684990065e-02,-1.174549264197394249e-01
-6.658635472855817250e-02,1.091622365821718788e+00
-1.137635705350884097e+00,-5.508482709572994768e-02
-8.154442239671516601e-01,1.226668808071764483e+00
-1.114964448253684459e+00,9.973144061213952138e-01
-5.081839434192807030e-03,-3.624725047780791853e-01
-8.075315660208051138e-01,3.146647070740530849e-01
-1.437352778250934104e+00,-4.499701731060141707e-01
-1.258547706793256671e+00,-7.725048018143632067e-02
-1.167277104328555692e+00,1.037607444584977445e+00
-5.295706008811378318e-01,7.830547370095050086e-01
-8.666117802824795380e-01,-2.939502457697946158e-01
1.880988509599853808e-01,9.086747747450080182e-01
3.035215358401269770e-01,9.994541318089772419e-01
-9.778060145286788796e-01,-1.279385559522750737e-01
-8.395714749567307900e-01,-1.867543984437108895e-02
-1.272347350379781306e+00,6.927292372845452739e-01
-8.893677939354868167e-01,9.317432412744427461e-01
-4.107500664637144250e-01,2.931869330538976887e-02
8.594152015340444928e-02,9.869085896043974238e-01
-8.447431553002331395e-01,-9.814325113135284606e-02
-2.493030846207296147e-01,1.153098926048853556e+00
-3.116490822009210671e-03,1.189282874646563126e+00
-9.516271561840661253e-01,3.239632675507654880e-01
5.474748869774240245e-02,8.005232997609426637e-02
-9.536705227848016331e-02,8.391754566523326186e-01
-7.122626996190266624e-01,1.474774406116889702e+00
3.186610533961584668e-01,9.717387909668101509e-01
-1.223395654835364610e+00,-3.214569352463875207e-01
-2.065327576013880062e-01,1.388123494139555270e+00
1.213441160547384101e-01,9.678540854283879113e-01
-7.456246998220241728e-01,8.121311634158355497e-02
-1.031688666253069098e+00,6.047151391225820127e-01
-9.685643237892970214e-01,1.058372940641954418e+00
2.095877559518097566e-01,8.677673154709337755e-01
-9.473606343108806893e-01,4.230852164387852721e-01
-7.709507193709155271e-01,9.260499693098508400e-01
-1.033993276653448756e+00,1.221334953913026711e+00
-1.927931328043282211e-01,1.131443537150570444e+00
-1.056715161577777673e+00,1.983241989695022633e-01
-1.164348479059758024e+00,8.123219439616330417e-02
1.070750810017367244e-02,1.043778951181465020e+00
-9.897240896786048125e-01,1.679734568855794752e+00
2.733159577740706947e-01,2.937683636816687538e-01
8.956465961255249963e-02,1.232502601934444941e+00
-7.931004292077874496e-01,9.062431189089442674e-01
-1.095436094101819968e+00,1.259419805474668808e+00
-8.125985368159306388e-01,-2.961157485121924671e-01
8.483660102839164774e-02,-9.111306204842982426e-02
-1.141683550442968986e+00,2.962865812122365827e-02
-1.373521043866366309e+00,3.690261089584812720e-02
2.788680411985618446e-01,9.406194114767352232e-01
-6.968310512911535248e-01,-5.185725658411431960e-01
-5.588194906268253298e-02,-5.418618893109948542e-02
-1.714603718403693855e-01,1.700202509589976985e-01
-1.150879620498327816e+00,5.675057399790084389e-01
-1.771520148485887236e-01,1.183335496555260935e+00
-9.196560073509012501e-01,8.615458298790013014e-01
-1.156261229789214556e-01,9.752992462814437102e-01
3.859959820327968361e-01,7.551227673188056766e-01
-1.224927754313925310e-01,1.038906691562657691e+00
1.411818254588895205e-01,5.711815451281933020e-01
-1.165004888567082064e+00,-1.863580647378415001e-01
3.273883257069280517e-01,2.444002395700147628e-02
-1.198564263561189724e+00,1.916505338164891520e-02
-2.972316760913277789e-01,8.630843205140339633e-03
-1.066712156100360742e+00,1.112155444369096635e+00
-2.232810606404559695e-01,9.761684817282776372e-01
-8.508091284997654213e-01,1.519959691076216979e-01
-7.526769396623829156e-01,3.157104731423097110e-01
-3.241924052065512929e-01,-4.345289043892274633e-02
-4.078661637982993610e-02,9.099087621671578807e-01
4.163686486313783464e-01,1.983317614762500347e-01
-8.692626798666587273e-01,1.358935679566078303e+00
-1.290240135963171220e+00,9.315153380256901983e-01
-6.861932619122732557e-01,-4.304990691096542976e-01
8.468887251309971109e-01,6.987473168320590400e-01
2.947242064141210593e-01,6.753871086999863049e-01
2.310670586269141236e-01,1.220711338814023827e+00
-1.002240450148365492e+00,1.080517253503832320e+00
-9.461812214923942532e-01,7.572688509468920026e-01
5.398508656897564872e-01,7.593272418935300694e-01
-1.088092842059714682e+00,1.205084003170201479e-01
4.955903616553324897e-01,7.092165558675340986e-02
3.053339932584673289e-01,-2.756137674339866409e-02
-3.478035265366328788e-01,1.075338628230287030e+00
3.058391922348552283e-01,1.087424590886383546e+00
-8.894246491639312691e-01,1.024441046161678193e+00
-5.662805042646701370e-01,1.160934178601318534e+00
1.496730586192921708e-01,5.381734309277081962e-01
-1.052157978678704531e+00,7.005438100468441842e-01
-4.796589013480491159e-01,-1.160960501858166877e-01
-5.472366162158635028e-01,4.910226538241608818e-01
-1.085267749021967765e+00,9.994135686076240921e-01
-1.219779689381239318e-01,1.222414648091735945e+00
-8.909108802301765051e-01,-1.362256124735667373e-01
-6.440332645758811703e-01,1.808517343766551100e-01
-8.061158690440456409e-01,-1.205519174556458906e-01
-1.085713432267164658e+00,8.134105565886460276e-01
1.401708035041478728e-01,-1.349407325663738721e-01
-3.062537713179848131e-01,8.384891511324927826e-01
-1.358823520920726446e+00,1.534680137820519263e+00
3.138548552020042348e-01,1.237919864070731180e+00
-6.540010028968221700e-01,2.199535557675232345e-01
-4.099768479863903636e-02,1.022548346628094684e+00
-1.187040214851284636e+00,7.685404554573894986e-02
-1.114841648223868997e+00,-1.171477731096540742e-01
-3.319237123921548599e-02,8.159819301130806501e-02
2.617980033967483577e-01,-1.591774975651506219e-01
-5.798071320704501624e-02,4.319884828171129815e-02
-2.642854673340087057e-01,-3.934136852723278954e-01
-1.119954534359062226e+00,9.248596875245668203e-02
-2.969062954429325107e-01,-4.463667506126214879e-01
7.648429697650414860e-02,2.116899942597772477e-01
-7.786295775550354792e-01,-1.270205875776281301e-01
4.739093779181329791e-01,1.024940204484732442e+00
-9.029993241465325005e-01,1.421058342546040465e-01
-7.497149015198278921e-01,1.441099127602820440e+00
-6.524864091621912499e-02,1.078387797096193257e+00
-8.180474968572444272e-01,9.193619235980771132e-01
-1.026915979529122058e+00,-2.939795691622378859e-01
-1.102161114694620414e+00,2.605834693220188819e-02
-1.458232882506479866e+00,1.226238272739186008e-01
-2.427391333362913795e-01,1.073846915196239760e+00
-1.418641137312589562e+00,4.910612549571874430e-01
-8.194619673619721878e-01,8.762840704378738188e-01
-1.083114517013457068e+00,7.892260883663057558e-02
-7.669412756594450320e-01,6.540479808988771682e-01
-4.677019741464263219e-02,3.406199886956034345e-02
-1.412917868776382369e+00,1.035917286311921259e+00
-7.117032859592802296e-01,-3.348062283877566436e-01
1.726218008180772090e-01,1.054766740649095036e+00
-1.273049065114940870e+00,1.037482466102088580e-01
-1.027741619218397462e+00,9.670370498407565574e-01
-3.286623234012077122e-01,-9.101272563618924283e-02
5.638940139147904235e-02,1.167425345974789641e+00
-1.314854096318928356e+00,2.005493938905037743e-01
-1.981184362019591805e-02,-2.171122769253461537e-01
-1.565280036938414998e+00,-2.040211571386799788e-02
1.979895859722693718e-01,1.626755070162428513e-02
3.260923055329403852e-01,-8.283126274021977709e-02
2.148150276470889297e-01,1.058417322234247449e+00
-1.026844690510829938e+00,6.278351801051524905e-01
-3.653177619600797565e-01,1.350591014973243853e+00
1.143985856209095708e-01,1.156443131945964486e+00
-1.545074837393140277e-01,2.762563804741922230e-02
3.948385349308739661e-02,-1.095676052705639447e-01
1.966014045265606081e-01,1.035979180270322875e+00
-9.221527014611660689e-02,2.030701315519422845e-01
-1.044438135009533752e+00,-7.543681386226822050e-02
4.685649955276824929e-01,-1.517261298173895046e-01
-7.991409584749861739e-02,-2.005356141728194819e-01
-1.234631794654383219e+00,4.289480594655542718e-03
8.350989043774317833e-02,-1.461919074100141193e-02
-1.487467086572555330e-01,1.596955154312864611e-01
-2.247926788821790756e-01,8.608913688564200084e-02
-1.701578684734378621e-01,8.441705191473135583e-01
-2.420563278836950216e-01,-8.608942541704618298e-03
-6.148253102419554139e-01,3.604389560178409280e-01
-1.049706129393391141e+00,8.325324001638998439e-01
7.188363155310001362e-02,1.090733480266817546e-01
1.736428131094340174e-02,5.244852706570414247e-01
2.347424891124756663e-01,-9.238300338278969404e-02
1.747686199276992092e-01,-4.797681083058470686e-02
-5.322153020322506478e-01,7.823371106979789547e-01
9.932287530654072827e-02,9.094793059728047968e-01
2.260788878826764867e-02,1.152695440828622298e+00
-2.145634509899519426e-01,-7.918935284906565564e-02
-9.197286908682034134e-01,1.120320067568181255e+00
-6.610003480287867106e-01,-2.873815992833284733e-02
-3.119625039120718646e-01,1.388838732418905542e-01
-1.000016711146158643e+00,-2.107947361600754632e-01
-7.370379836467572977e-03,1.155887646869396823e+00
-1.493323327825914149e+00,1.425099985048485118e+00
8.691089759471289089e-02,1.451002413794317825e-01
2.302566494045922563e-01,-8.683680542475943898e-02
-5.335223859779608668e-01,-3.634261552774292053e-02
-4.027281049078718089e-01,1.287177230304459519e+00
-2.002538035815064066e-01,1.773807887287717489e-01
-2.428052991751138701e-01,-2.341416129233778454e-01
1.871318833934891568e-01,1.227100910024893743e+00
5.736852897454815248e-02,1.090030216649525929e+00
-7.434530409538123163e-02,-3.080983923747633302e-01
-1.347852125418757818e-01,-1.768252487973416831e-01
2.245519021103435653e-01,6.163502814150985387e-02
-8.500549848324571167e-01,1.171344420477825610e+00
-1.205342902126680826e+00,9.366442838884980748e-01
-8.149287562410042485e-01,1.234892923869777226e+00
-2.380463797344687660e-01,6.996637135006620323e-01
2.906803579673322702e-01,1.013516003080466854e+00
-8.830191738925425859e-01,1.312177090596318985e-01
-1.196236475493545726e+00,8.674250472976927639e-01
-8.835217208139276024e-02,9.703224604823380561e-01
3.757954554508610157e-01,-4.315197519066808485e-01
-1.295004476309549402e+00,9.745549118658990428e-01
2.496014129326703523e-01,9.031566371940589200e-01
5.186075364118506587e-02,1.221980003444148810e+00
-1.046072115441527339e+00,6.754048707151685260e-01
-8.229827106527360936e-01,2.817643231213400740e-02
-3.545439433913910587e-01,-1.184495267933329959e-01
-7.178425302726243462e-01,1.337022444242758068e+00
-9.641082228158913692e-01,1.198501148768269964e+00
-1.225391480465835015e+00,7.791810374528292948e-01
-7.578844999039742181e-01,-3.523175025182560816e-02
4.572791957807612051e-01,1.271147086012076599e+00
-1.104024403974347646e+00,2.818102406548532168e-01
-1.123072653459443293e+00,1.181004303450232884e+00
-1.202061837279174261e+00,7.441147362907353860e-03
-1.140759992288786107e+00,1.153125805978684415e+00
-2.750417065752139290e-01,1.035081319399349997e+00
6.517605343160490228e-02,1.357327819689267079e+00
-1.142502445658839960e+00,3.141105400971508366e-01
-3.814662215561788194e-01,7.076516367269556351e-01
-2.388470116023242440e-01,4.658377197543211041e-06
-6.916958783821460788e-01,-1.964254884772545506e-01
2.638681234109116480e-01,-2.522093219125909336e-01
-1.236093088461469147e+00,1.144358639008508982e+00
2.688036516096238282e-01,7.900358868503937204e-02
-1.483615163332182130e+00,-1.184139973253416078e-01
-6.899998899218415804e-01,9.702596783266692615e-01
-1.324531823401422059e+00,1.046893928867354662e+00
3.728543121032020652e-02,6.673174956910610245e-01
-1.520971786856572527e-01,9.778866754796063099e-02
-1.979027362230749085e-02,-7.144754445716780533e-02
-1.097979923569891270e+00,1.173291409784494643e+00
2.977629004842431426e-01,-2.297025236480801369e-01
-1.464926841721189976e-01,1.339653383771769457e+00
-7.613644067808903459e-01,9.978727267244509314e-01
-1.026325757654876769e+00,6.909450755443251602e-01
-1.193892485275152682e+00,1.387308695418821014e-01
2.093168924359450067e-01,-4.926074403206499863e-02
-1.277916025184187454e+00,7.921417257329421702e-01
-2.350390112172527635e-01,8.639540334385638065e-01
1.261751964368388323e-01,-8.958054369427334573e-02
-1.121914713238502115e+00,1.493381788905070451e+00
5.467438165991411747e-01,-2.162105389829792057e-01
-5.826611931264904509e-01,9.366196713073287050e-01
2.248423495764368951e-01,7.541032462231866962e-01
-9.610061222738554010e-01,4.565083272677915999e-03
-7.504327906209606880e-01,3.842753269351709827e-02
-1.189549316824100922e+00,1.087407150646035214e+00
-2.003204403958855906e-01,5.893957578342559067e-01
-1.123978602347145639e+00,2.808791276118491331e-01
-1.200123583638686764e+00,6.283776944190082592e-01
-1.029792259331242965e+00,8.428155241774852868e-01
-1.247150532131113473e-02,1.242754961780681233e+00
-3.513289662874654468e-02,-2.880349951570553013e-02
6.789933707286521791e-02,-4.472109806226399753e-01
-8.027118792150997884e-01,8.804175262190078177e-01
-8.347319106567253622e-01,1.079086993273539630e+00
-1.536739241577190995e+00,1.134018884923312154e+00
-1.351082619256225970e+00,1.236195947886376434e+00
3.597742996711892904e-01,-1.400356669330921067e-01
-1.346130058486092240e+00,-1.657392146570472180e-01
-9.880036503240962054e-01,6.086188663410392607e-02
-1.148777082931449617e-01,7.489179060064399263e-01
-8.781857515773651146e-01,8.453654829619059452e-01
1.440569277575503571e-01,6.403047869488871502e-01
-4.214626654354840518e-01,3.317774828048071223e-01
-8.118823392161840236e-01,5.157760346864165291e-01
-9.040576139975771419e-02,-6.639473503274037625e-02
3.105508835656803912e-01,6.773135347740252277e-01
7.080880697882896771e-03,4.548277726224430606e-01
-1.313929860566153351e+00,-3.488879202586259165e-01
1.325642600657306325e-01,-1.378491449966815496e-01
-2.632794968715524986e-01,1.088233776216082527e+00
-9.938049340287449240e-01,3.130009990805313613e-01
3.101453004463767815e-01,1.007759649038532102e+00
2.366692245107221704e-01,9.980485282692874716e-01
-1.224705631670480965e+00,7.714152685685886635e-01
-9.407520421270247901e-01,3.595969456805719888e-01
-1.056067645941542343e+00,1.056167785279318538e+00
-9.415696988532321621e-01,-9.784452611238307618e-02
6.959251300789312533e-02,-5.844172744320307034e-02
-1.454468431965399100e+00,-2.570854201739110681e-02
-1.278115151131052896e+00,1.313882475046625364e+00
-1.300110571365077128e+00,-5.701812551505951177e-02
-6.983925509997461756e-01,3.947612180777005375e-01
-7.980200547464849636e-02,9.526319460668715156e-01
1.691439516956085021e-01,2.588851464113980927e-01
1.521347475424320861e-01,2.623628275288030220e-01
1.153988666516640033e-01,1.390721230911767803e-01
2.410250218784494580e-01,1.256683719093551144e+00
-1.022734058579099603e+00,3.059253211543911943e-01
-1.926076751607422866e-01,9.350271717634048851e-01
-1.468894878330245124e+00,7.077178557769044920e-01
-8.579889471590353978e-01,-2.447578614948822395e-01
-6.758582228829511651e-01,1.056031342142501883e-01
-2.273260242863957559e-01,1.784267900418397557e-01
-8.520516879568862390e-01,1.279654700253624933e+00
-1.094694718169423098e+00,6.535100125226402934e-01
-1.387652852856268160e+00,1.029074409233899479e+00
-2.941919058983399893e-01,8.350393238281756947e-01
-1.209777247988905596e-01,-2.519447409997278009e-01
-1.047657613915229158e+00,7.908559181421318529e-01
-8.798194184250256455e-01,8.919258063181350060e-01
-8.616786123234269068e-01,1.439760159330693845e-01
-5.767723185085833759e-02,1.034359373051028319e+00
-1.509668135994017835e+00,9.234629222116875757e-01
-2.129422311584910563e-02,1.843929473981333056e-01
-1.167301491991753065e-01,3.521911233729669854e-01
-1.187595120766239187e+00,8.823130964720816705e-01
-9.712161279681711390e-01,2.850443035969966732e-01
-1.376456354252465486e+00,8.537202263242309463e-01
-3.266303089566640616e-01,9.217993119216560949e-01
-1.910443932771698494e-01,1.047771662155003503e+00
-8.947948656704529657e-01,9.272453939997619132e-01
-2.021927131835823399e-01,1.094580620560930750e+00
-9.921988439417361860e-01,-4.579313922493876698e-01
-2.124900468990085223e-01,7.596045111216260803e-01
-6.988283212043699955e-01,2.301940750305085104e-01
-1.143550028257759976e+00,9.585340762674828818e-01
3.704943813023795635e-02,1.197560344495437690e+00
-6.817834755167536676e-01,-8.597008422420489293e-02
-3.002986623039856084e-01,1.022476169206389285e+00
-1.888179549895107889e-01,8.275340566451176993e-01
-7.701092083174195801e-01,1.253626581332762280e+00
-3.968329785241793140e-01,-2.050059955689111368e-01
1.466570113235276251e-01,1.446575784379434612e-02
-1.015488841478293880e+00,-4.622856873212619067e-01
-1.149141246384139947e+00,9.401066723222891719e-01
-8.753198657977367958e-01,-1.540625046301902501e-01
-1.002517689254859512e+00,9.494003588653191494e-01
1.796164656102509360e-01,1.475271335149443530e+00
-9.837064967182245212e-01,6.336727645044728519e-01
-9.900553450468413397e-01,2.013284527635784138e-01
-1.074915510603377644e+00,4.972635175107129601e-01
-8.716825680232817009e-01,1.049265031648982882e+00
2.130135396965642525e-01,1.243380791074575553e+00
2.370664501583546468e-01,8.427160771987676213e-01
-1.015800247356669628e+00,7.839540973957223047e-01
9.346647538996524784e-02,9.301968053999661867e-01
-1.052789620872243592e+00,1.134622049418703593e+00
-1.443784087747289835e+00,-1.523288091539758138e-01
-5.361223402017946116e-01,1.515505376776761448e+00
-1.337330909893569286e+00,-7.090295904727357545e-02
-1.000442397429144314e+00,1.102709384301745921e+00
-1.205216101619402291e+00,-1.567139983569591499e-01
-1.054933164004173474e+00,1.226557457538441476e+00
-6.495107542748311813e-01,1.425642336234898222e+00
-1.340244245459016437e+00,-5.593373865592657368e-02
-1.183971910151036644e+00,9.574416642222594032e-01
-1.394047346061305648e+00,-1.706293591661948161e-01
-1.202968024956952320e+00,-1.950249507494433709e-01
2.347198515386441364e-01,-1.699624858980464115e-01
9.205925362282403601e-02,3.272368412597959075e-01
-8.590735809512268784e-01,1.097381968747851710e-01
-1.013661282038660350e+00,9.201293201929101884e-02
-8.040358363837140088e-01,-1.201775515639511016e-01
-1.102540557267139149e-01,1.309161154842776620e+00
-7.401848126596685118e-01,8.175189731020646722e-01
-1.258221526426636760e+00,9.451485611112816487e-01
-1.063713332058061845e+00,6.384776194541093020e-01
-1.403263164676285646e+00,-2.006808791974009926e-03
-1.139613284805547355e+00,-6.389388447691544959e-02
2.532254299581320270e-02,9.745421682868709023e-01
-7.339172642634943511e-01,1.105874522502657692e-01
-6.279365211276100034e-01,-1.146515589752400005e-01
-7.693903996998266992e-01,3.298771945141871220e-01
-9.076252128600197366e-01,5.733664961434379453e-02
-1.543309034377468407e-02,7.973200754229612386e-01
-8.982959032583707204e-01,9.808402770402699922e-01
2.351326143856704021e-01,-5.220090535915409280e-01
3.688094449582850487e-01,9.727952709520363284e-01
-1.156371940369587348e+00,1.082384222045362360e-01
4.366225369625319902e-02,-2.353184775513706695e-01
-7.046140388405386368e-01,9.795156754881216843e-01
1.741475375897530041e-03,5.707041111282724205e-02
-9.358468189383326585e-01,1.039531114824606250e+00
-1.171032453332905510e+00,5.267735059579905510e-01
-1.310813571940502076e+00,8.657472903259958441e-01
1.692989558427100694e-01,8.723290620725004940e-01
-7.179699487267194868e-01,-1.356320368273669086e-01
1.861895182639597968e-01,1.520496651127106746e-01
-9.615883721944418205e-01,1.204623863661164584e+00
-7.915350558527048941e-01,1.801943329577918862e-01
6.184576236393547755e-02,6.125780068180084470e-01
-5.717421721835615894e-02,9.318880179027559940e-01
-1.876220687417380906e-01,1.125048531735979740e+00
-9.144025178462374948e-01,9.173281805764702534e-01
-1.956225821529616604e-01,9.991056348559349543e-01
1.725653056002560415e-01,1.183089290748157163e-01
-1.209831669374177077e+00,1.319504618044268884e+00
-9.461259619273254540e-01,5.984059572265431476e-02
-1.310588261797557053e+00,3.486886739792197099e-01
-1.100546697435625720e+00,-3.244665178670912975e-01
9.614245687006944818e-02,1.211496623790832894e+00
1.211671587886177098e-01,1.749629757923994555e+00
-1.061632090764483616e+00,9.635226784019533808e-01
-9.509769415872695308e-01,1.223279153482164983e+00
-1.014695789960728733e+00,9.164304489244540219e-02
-9.746438002653554644e-01,9.435017925025213081e-01
-4.678236913412011089e-01,1.188066669702738665e+00
-8.294143258991780454e-02,4.088808121777063875e-01
-1.016248500970144519e+00,1.254075703453259472e+00
2.446477112318176939e-01,4.922580801484154334e-01
-1.097300402288733157e+00,-3.015886841706977850e-01
-9.621525301245906214e-02,1.115585229973816483e+00
-3.049335673663241542e-01,-1.651981479035901368e-01
-3.317247939139729151e-01,-1.305339221100500491e-01
-9.840645581741605270e-04,9.490757022856636249e-01
-3.935584467010078136e-02,9.985527569967941330e-01
-8.852329003633394588e-01,9.756030737475283876e-02
-1.861024077032471247e-01,1.224177755221169672e+00
-2.992861677019403865e-01,1.019823914619802263e+00
-1.251155286889475970e+00,-3.798196923782355960e-01
-8.837339909825554507e-01,6.514684336313605328e-01
1.369327583799805070e-02,-1.391032714244293256e-01
-8.419775045394686241e-01,9.868675320316444566e-01
-9.349355701416975917e-01,-5.367769908123912886e-02
1.225612163597462750e-01,9.255137250823941564e-02
1.438142473916702649e-02,-1.510009450692727517e-01
-1.117931266663655387e+00,-1.202731155127680918e-01
-1.073032762148196095e+00,8.998767359363246676e-01
4.242313167307752986e-01,-2.410662228720903966e-01
-9.837645366080820519e-01,1.094047121700772784e+00
1.436559721687667157e-01,9.478554004540936662e-01
-1.219151052571883609e+00,9.365270147377157128e-01
6.063704682690459341e-02,8.571304000112910382e-01
-2.951528728007272659e-02,2.399176346849860586e-01
-8.316076814346808899e-01,-4.138619327732757647e-01
-4.595312870898483615e-01,-3.078537326513016703e-01
-1.476679275622102105e+00,8.493975413757675064e-01
1.676915028992196910e-01,9.514886259692580950e-01
-8.317546718855349519e-02,1.414779306800905967e-01
-5.713706384194264937e-02,-4.414139487023037434e-02
-1.326078550370779929e+00,1.315732746733852876e+00
-9.789934855354838206e-01,-1.234749350749999447e-02
-9.855207379940214008e-01,9.515518986968415360e-01
-5.722508133633448235e-01,-1.340814396048518597e-01
6.081501474520692452e-02,8.072749593767057918e-01
2.773150217124059624e-01,-2.427905828684791267e-02
-9.942120137619818721e-01,1.029901836999925990e+00
-1.181269532099914338e-01,7.891291319549434968e-01
1.660574325745852453e-01,-2.016643674349899787e-02
7.479238059822963802e-02,-9.269091365262599469e-02
1.808688314336090730e-01,-2.434805812586515739e-02
1.123362025359441324e-01,-8.674489341953517396e-02
-2.506855438742188746e-01,8.503221140604857453e-01
3.142303991309728928e-01,1.164275227804558582e-01
-7.326056479830940216e-01,-1.136994344153586731e-02
-7.569781037387024458e-01,-2.045585092436561780e-01
-1.284466669676074035e+00,1.032824067066113516e+00
1.318147226408543891e-02,-8.976667412278449554e-02
-1.204053429923343632e+00,1.433363953455099593e-01
3.359515930229173275e-01,1.009003323413723008e+00
3.915947916312826349e-01,1.206650958558979081e+00
3.780615631080421618e-02,-5.423911334979451132e-02
-9.587209161160146209e-01,-2.518962609302586864e-01
-7.732289940146508389e-01,3.525947023990329277e-02
-7.735641904140336811e-01,-6.148056598326659752e-03
1.520344777805058833e-01,8.444784374096661050e-01
-9.065376019369997262e-02,1.840983104645928792e-01
-8.884206536378643770e-01,-7.087023213673365740e-02
-1.186675697618405634e+00,-1.223222509973572875e-01
1.663040556112429236e-01,1.403641122506203542e+00
-1.280148759966333261e+00,9.971419480639808208e-01
-9.014568521705266235e-01,8.711059972243251348e-01
5.623899649436291115e-03,4.569161610089931269e-01
-1.359724107442855656e+00,9.996917886880682946e-01
-9.347772529743081371e-01,1.522309745110763182e-02
-1.329990682573684579e-01,1.125349875303559122e+00
-1.178284295666692572e+00,1.042612058858906288e+00
-1.027251507656087304e+00,8.326147362484251913e-01
2.574818468653480852e-01,1.056783628863314561e+00
-2.855578921604361442e-01,1.045290721689599467e+00
2.329019192548382466e-01,1.456002038946764277e+00
-1.018849287442675111e+00,2.941086837289175800e-03
-9.096051887263428837e-01,1.255006893564661885e-01
-7.713124953074717016e-01,1.170471488284471340e+00
-1.333428418762174994e+00,3.877248392611674088e-01
-1.081453733156350516e+00,9.489419146585490461e-01
-1.104371194074970752e+00,-1.831092093938364029e-01
-8.412841788478321314e-01,3.203519420499004872e-02
-5.054202494125641376e-01,9.995231999081786167e-01
3.575702457670468792e-01,2.625375628143444828e-01
1.792624042501801684e-01,1.106385924383906927e+00
-1.317039222784424091e+00,2.162550373529085190e-01
-9.336365248799569638e-01,-2.059222247517088489e-01
1.953213698522116570e-01,1.928496452736089967e-03
-1.031870963344942327e+00,1.229426012840591637e-01
-1.248822123335106421e-01,1.004325111688060268e+00
-8.638312368623854431e-02,9.124280448189022730e-01
-1.059196665748900701e+00,-5.520284269634938568e-01
-6.905786255743719959e-01,7.593742729068313491e-01
-2.060836349490122454e-01,1.197474204782127183e+00
-1.293142311748942674e+00,7.330562474521195027e-01
-6.646402560597100551e-02,1.418888196220300379e+00
2.952093905671320240e-01,3.852648221306604337e-01
-7.645546159740564951e-01,-5.523382661037969099e-02
-4.498041128172510783e-01,1.255999962558491667e-01
-5.599255503533183409e-02,9.956524596069605826e-01
-1.052250948836493061e+00,5.124132153740565410e-02
-1.184851179554172518e+00,7.912928815829831652e-01
-8.521595042977865297e-01,2.013559746459487598e-01
-9.242719681653018826e-01,1.099420282834162599e+00
-9.727957067231498556e-01,1.248797375265322529e+00
-9.766693028448028002e-01,9.686886348688059645e-01
2.068403416880197632e-02,8.597354542319148862e-01
-9.410479939412682571e-01,8.796129521148240427e-01
3.524356484978627413e-01,7.435223213154343869e-01
-1.000892293838603786e+00,7.977562267652603678e-01
-7.534875705852135397e-01,1.041386269748565963e-01
-6.475349481469627744e-01,1.076344390580391774e+00
-1.721774222424153900e-01,1.163551984314627363e+00
-9.211304482403154248e-01,-6.101268938223544831e-03
3.382066840035354849e-01,1.126744507712727827e+00
-1.476642538305013463e+00,4.650320524464731653e-01
-1.473248536716284196e+00,2.712867312464739000e-01
-8.583177926757275256e-02,5.230469033049324201e-01
-1.064511955900006468e+00,2.634835819313934360e-02
-8.203921485254229706e-01,-2.048247704684634241e-01
-1.298394906790773851e+00,8.828928491020634484e-01
-6.562600036812338278e-01,-9.888003333427128339e-02
-5.541156417518739996e-01,1.103752868724208414e+00
-1.249399394677087383e+00,1.016792116756501718e+00
1.306260291911096605e-01,-2.881875788692421780e-01
-1.198084544579455235e+00,1.210051095504649066e+00
-6.106783461583289441e-01,-2.440619180913716491e-01
-1.004766346845360259e+00,8.017344063077299632e-01
2.669720828051834194e-01,8.093314883018658257e-02
-2.273825382498317622e-04,5.943010668305213212e-02
-1.405867568007885537e-01,9.581828997794320513e-01
6.656092592045625977e-02,-6.920725011044441544e-02
-8.770384639469654964e-01,1.164436548814394623e+00
-1.157049670128326602e+00,1.474248003719086098e-01
1.216821699240801385e-01,6.443523146980378868e-01
-3.431221450922843919e-01,9.867093964524191740e-01
-1.311856009863278105e+00,-1.761696843711626492e-01
1.894666328939075550e-01,1.653385089217597470e-01
-1.327945304318991493e+00,3.650007214319377913e-01
-8.319410500737633996e-01,7.350170541249900769e-01
-1.429865149508496414e+00,-1.441316573908483882e-02
-1.620079638673967148e-01,9.494489604507369007e-01
-3.456582625148759691e-01,5.121079413138356351e-01
-9.867830358350844211e-01,9.751807731017952952e-01
-1.232807781872022668e+00,1.414130951197090980e+00
3.683955137157683413e-01,9.774699514242292109e-01
7.046074219343342881e-02,1.048404585149926405e+00
1.700127979391350685e-01,1.761894620884613405e-01
2.023274070429056382e-01,9.247450317650253160e-01
-3.980932323598895262e-01,1.423310858231494613e-01
-2.055979508963574343e-01,-3.031818936190311398e-01
-2.185164951147040013e-01,1.185115138243445498e+00
1.282134307930500872e-01,1.229065434796990930e-01
-6.090823314088935625e-01,1.000234521036051705e+00
-3.654905157912964331e-01,8.679233000575616863e-01
-3.155899841531335515e-01,-2.062681797360437774e-01
-1.343374693153778887e+00,1.315755517826655563e-01
-1.524657874364994670e-01,9.476804456289356082e-01
-3.659155955773912283e-01,2.324961424011256772e-01
4.682764933052158823e-02,1.201641782470269426e+00
-1.289961372033997522e+00,1.630216582395937475e-01
-8.032042225622885168e-01,1.326567344358013101e-01
-4.642628535211586194e-02,6.381960614246048880e-02
1.800170808800855352e-02,-1.526553728394282050e-01
-1.113988919889811857e+00,1.044273024454214660e+00
-2.894738170518681430e-01,1.241983160660403041e+00
-8.703677854963488558e-01,8.871614505745277768e-01
-6.569485460191337722e-01,1.203218732142591785e+00
-2.961848157797702941e-01,1.048591340523918891e+00
-1.372269381854205120e-02,9.578521233290200332e-01
-3.044740273167300115e-01,9.943233397296928899e-01
1.567098823014951292e-01,9.505417402269626670e-02
-3.073077822435807405e-01,9.966126865495198439e-01
-1.023332854611183507e+00,-2.668115894498946927e-01
-1.344705560420030421e+00,8.264211108621823954e-01
-1.004428996776758447e-02,1.370262294766920963e+00
-4.796189078978881776e-02,-6.175420182939255799e-03
-1.395623559518180956e+00,1.490922770259901053e+00
-8.613224404222923347e-01,6.374903841077366184e-01
-1.318555707051725367e-01,1.193980244475553842e+00
3.004879699047995900e-01,1.175089024378884295e+00
-9.734887377574880096e-01,2.070015416170871425e-01
-1.378901592441845292e+00,-1.509695793602451874e-01
1.848914145089392280e-01,2.414751515928008629e-01
-5.509907985369476291e-02,6.817873741415587663e-01
5.226234831727151198e-01,1.192321103382383951e+00
-1.090797986963662813e+00,-8.212089177308903865e-02
-1.714078435076804852e-01,7.227059857903081128e-03
-1.353391621183423488e-01,3.925748533185173805e-01
-3.518246828457154418e-01,9.586304275538969355e-01
-1.412947695899818612e+00,1.791973073958384455e-01
-9.240262681420279289e-01,9.544328101792661778e-01
6.860585898652994674e-02,1.070692107728561604e+00
-9.193932662150956503e-01,9.638209815663146829e-01
-8.852359854397578998e-01,-4.073918305260772893e-02
-6.244837521127734048e-01,1.066954059724797732e+00
-1.061890450141948605e+00,1.684741024090338213e-01
-1.144759981572464280e+00,1.225621627137799541e+00
4.471387778788393774e-01,-7.616415498041879950e-02
-1.054189956061574174e+00,1.134834463047356801e+00
-1.109760331917153842e+00,-1.969842064444414231e-01
-1.123023977505528626e+00,-4.761885217435363193e-01
-1.026220793850456170e+00,4.640927205081581824e-02
3.741133554347907814e-02,1.133554624997353155e+00
-9.722251322253429029e-01,-4.552579094455092013e-01
-3.133167574962568702e-01,4.594255142823170934e-01
9.861815062247504537e-02,2.251192641533774352e-01
1.755042409733483244e-01,1.917178773261654090e-01
-1.074219766965913037e+00,1.273801233546224265e-01
2.154273143243824462e-01,7.087778709079034511e-01
-7.677697935017432918e-02,6.502414945546730607e-01
-5.948095666650403401e-02,1.074343426330927054e+00
1.921290991411391536e-01,-2.338437573126032551e-02
-1.470501840369680679e-01,-1.398283598393735838e-01
-5.116493060992960418e-01,-3.069768028256067982e-01
-1.055987758214596006e-01,4.563524535176024383e-02
-6.766098403027431818e-01,1.432687156532054917e+00
2.842743134975422303e-01,1.064864584737382547e+00
-7.975560791493142565e-01,-2.243934322616150945e-01
-1.284263764963666121e+00,8.552679908785766338e-01
-1.044805662495468912e+00,1.441598818272157523e+00
3.771405017032112839e-01,-3.440231585089756350e-01
1.533181015300613403e-01,1.409073408521403781e-01
-1.104461703104696824e+00,3.853154362599947036e-01
1.888449404725472958e-01,1.062332836009834525e+00
-8.285175170251138921e-01,7.309888122079263306e-01
-3.164884632777569262e-01,9.758584705561518247e-01
-1.267795457914992374e+00,-1.643175938015517534e-01
-1.091954921845220250e+00,4.466553140347256368e-01
-5.195473287935401530e-01,5.156995147123949463e-01
-1.224345735890811082e-02,1.252055601838583554e+00
2.759472698765086940e-01,1.755616927103131886e-01
-1.541538851361159423e+00,3.409413219343318535e-01
9.492235933136704273e-02,-4.885145940416359966e-01
-2.028262614286251986e-01,-3.104006325295416979e-01
6.484028362425740821e-02,-4.709384189931595938e-02
-1.220948794778733637e+00,8.145854426516652147e-01
-5.603966443371549699e-01,-8.266045073805873555e-02
-8.788903712446761718e-01,8.702843100863719150e-02
1.247076099836566809e-01,1.232403486169740159e+00
-1.324433470944171187e+00,2.582313836445339697e-02
-3.609227697773156884e-01,-3.889886709688281652e-01
-2.471460009812632697e-01,8.581513637204142286e-01
-4.448191896996901984e-01,7.215982961172123789e-02
-9.370973450059448817e-01,-3.260203392906036446e-01
2.249172876214678429e-01,2.019062765189953146e-01
-8.475306201125953898e-01,8.172632334482740624e-02
-4.782788219062136248e-01,1.452418506645936636e-01
-8.447162797300424852e-01,-3.346220214913159241e-02
-1.352934868196709939e+00,-2.409940828064773000e-01
-1.066500054615147741e+00,9.918936626698269254e-01
-1.801197326536192744e-01,5.777375108278302029e-01
-9.387343076234263561e-01,-4.481033234890688215e-03
1.525438817191368535e-01,2.437654338010552812e-01
-4.697380283347541430e-01,2.454698377184702865e-02
-1.181640057544330435e+00,9.366349268455086141e-02
1.033742182617297806e-01,6.682349106514562376e-01
1.734382718051277750e-02,-2.113453627311985550e-01
-7.169353700578838806e-01,-3.310949426229591874e-01
-1.085200621627794959e+00,1.735919371984585569e-01
-1.076150482922461293e+00,1.068237378917402003e+00
2.961483448067169788e-01,1.095256462109388540e+00
-1.072288978118067782e+00,1.111925080039435632e-01
2.096850178530182962e-01,2.818681603388964452e-01
-1.393389856779141400e-01,1.259004453418784697e-01
2.739638674022687459e-01,1.217448247001325257e+00
-9.021279223237522737e-01,2.664477509705482361e-01
-2.668960913170537620e-03,6.282007499693675889e-01
7.759565001162491149e-02,1.059799889620597568e+00
-1.058456417971744834e+00,-9.953537286904118320e-02
-1.515711003816762048e+00,-1.672326375478737637e-01
-1.077349830002486630e+00,7.686285500870819742e-01
-6.136073118199620868e-01,6.245253209480310375e-01
2.621555967239413976e-01,2.064197364526054734e-01
-1.304288722013513091e+00,-3.635226413822402747e-01
-3.512291109742256556e-01,-4.783442462208701840e-01
1.027006727968839267e-01,3.910790637154427929e-02
-9.943213692518430014e-01,-2.412740175294071296e-02
-1.046369440479824053e+00,9.061722786272726968e-03
-2.947885711406014742e-02,1.358580407451311922e-01
-9.225835622691584970e-01,5.709507733703457488e-02
-7.486173546109282650e-01,6.294953203448977463e-02
-1.922004541734623762e-01,-1.359580752813369653e-01
-2.129931528815699471e-01,1.244352542479953277e-01
8.517295795429763450e-02,1.875776773245208251e-01
-3.918075571792688228e-02,-1.800929612658883072e-01
1.090957790282378985e-02,8.798704823455247848e-01
7.129106881661648187e-02,-2.217645597612894204e-01
-1.297554251744803766e+00,1.228639412605687653e+00
-9.766620801721309642e-01,9.190202464199594967e-01
4.725041128951393971e-02,9.934219720631016770e-01
5.272423539951891225e-02,-3.262718245098051185e-03
-7.199621643176801200e-01,6.609436348522894356e-02
-5.150161193378886004e-01,8.792398770072461511e-01
-1.004979288807971161e+00,2.416272764261244710e-01
-4.486178303508828701e-03,3.200088045277363347e-01
-1.227439249385698261e+00,1.099675211571401245e+00
1.355198026456993776e-01,8.031535762070319828e-01
-1.212352176178519203e+00,9.690525809503087729e-01
-8.284451478141681424e-02,1.365688718069076213e+00
-4.564770932942157494e-02,3.022064188479249916e-02
2.670567205747866879e-01,1.085669675170943260e-01
-1.246692611474192081e+00,2.184909155718766371e-01
-1.249533397366102694e+00,-1.219617135380263451e-01
-8.022177011955546888e-01,9.625613846097549331e-01
-1.166432233404342211e+00,-6.363024382275525026e-01
3.308430081993682936e-01,8.302809043215603202e-01
-8.103326697703362447e-01,-1.085927879169520799e-01
-1.329293091969069307e-01,5.963645191222297776e-02
-1.156047219934444037e+00,9.671819375472574531e-01
3.872605795993571132e-01,-2.570167459989025072e-01
-5.687440507956634805e-01,7.038028278562942219e-01
1.689480169032771262e-01,2.757091346633966933e-01
-4.842621439260495764e-02,6.815779086515173502e-01
2.638390963347703733e-01,1.186614236882294504e+00
-1.067871085636014072e-01,-8.831561542237269247e-02
3.554583233763322081e-01,-1.748108832294001380e-01
-8.971321850852743696e-01,3.153789230652612186e-01
6.821086195022423200e-03,1.173354000931026986e-01
-1.208424843599107845e+00,9.746356280651407022e-01
-6.088583202248310650e-02,-2.733089471362607492e-01
-2.070348263593623506e-01,1.237088306167549279e+00
-1.003997886266281503e+00,1.580410890319138562e-01
2.387014419930339193e-01,-5.405298708854088252e-01
-1.042853926940519260e+00,1.651109785338499003e-01
2.687426871375389083e-03,5.320986414210299165e-01
-5.372313539672575189e-01,6.309468385559939552e-02
4.512418190517131222e-01,9.591834859135938141e-01
-8.423267796217989156e-01,6.749544734565480208e-01
-1.061900935233373450e-01,1.111050007663238193e-01
-1.123628212955646299e+00,2.226185561295275159e-02
2.292982852901783442e-01,1.159747755301131944e+00
-1.005439448533847147e+00,2.670209308726256836e-01
5.304485282123812435e-03,-1.310375693586023349e-01
-9.925462356793418595e-01,1.321837758509834204e+00
-1.351711420351095594e+00,-5.897246540898163497e-02
1.719170130123339746e-01,8.431800523811598946e-01
-7.297562317424850509e-01,1.313868444602189545e+00
-1.420292997975334037e+00,-1.023296898742511868e-01
-9.379518503974088039e-01,9.278665415367687297e-01
-1.082046667686525465e+00,-8.573679494542288393e-02
5.224272549557394674e-02,1.659911020689854300e-01
-6.977845257451155137e-01,7.659485158545890071e-01
-1.357211998991601387e+00,-5.562933276356054613e-01
-2.714822392138656060e-01,-4.875589182327760840e-01
2.213981891733393936e-01,1.942784120086046562e-01
-1.309571744440318541e+00,2.045621504810277991e-01
-1.174983591250345683e+00,-2.377156758516686674e-01
-9.499782951160834488e-01,3.152967904618639294e-02
3.299736468472532769e-01,4.102866404885981144e-02
-1.001878183939190370e+00,1.924520523877018829e-01
-3.369393465477262817e-01,6.661510898401048486e-01
1.827423233323967333e-01,9.333419503081534785e-01
-1.065773660153414681e+00,1.303893878213823188e+00
-1.207876684213673002e+00,-4.160809590382308354e-02
-1.182757492569833202e+00,8.467947307874863494e-01
-1.261596147411045754e+00,1.716012516873741123e-01
8.512980295260025310e-02,-3.351038318933401150e-02
-2.261247060287858157e-01,3.696351353965881548e-01
-9.895457570346767318e-01,8.913501694747031356e-01
3.002565350097065600e-01,-2.442442491702369045e-01
-8.007841089131512158e-02,-3.371163202246845181e-01
-2.598758563298335378e-02,1.093442530588425443e-01
-1.112012955651982882e+00,1.131895439360003364e+00
-1.028711528704059575e+00,9.921130769745921674e-01
-1.246773098004339886e+00,1.412579811902666016e+00
1.626268343015101203e-01,6.681972364239499584e-02
-7.356031289275477558e-01,3.484433025292800468e-02
5.203662339273600924e-03,-5.194553448427016024e-02
5.882458180918016810e-02,6.862322046889243743e-02
-1.022808329855996679e+00,1.868871959965593132e-01
-1.227812193941745900e+00,-3.710267000907880308e-01
-8.612599863445871140e-01,6.263567542942182209e-01
-8.665772349404563535e-01,6.252535056967221949e-02
-1.846624065189073349e-01,1.634066032357300025e-01
-1.038403663614827499e+00,1.114960683505886285e+00
6.285738655799154584e-01,-7.246884749154551553e-02
-8.197767673647213815e-01,-9.169778015986246311e-02
-7.516586871235274303e-02,-2.416952450769464245e-01
-5.268925004942483920e-02,-2.145846175148663146e-02
-6.740623743075352392e-01,8.026002573403934540e-04
3.007707184588434002e-01,8.709476809718319501e-01
-2.252241224455059920e-01,9.780114936201811382e-01
-6.894132841205469209e-01,1.236720022886288461e+00
8.077948228921955076e-02,1.190906643090343664e+00
4.078759008358903704e-02,-2.592041899665756266e-01
1.226728991452163131e-01,2.410854174813131801e-01
-1.276185144607467681e+00,1.054966172291866983e-01
-1.011753161784342714e+00,1.298024254170630831e+00
-8.457789449873047705e-01,-5.960606967451499705e-02
-1.035154287286127017e+00,1.024977346939368816e+00
-1.378651423682644150e+00,7.288321045589752911e-01
-9.241386507333178291e-02,-2.394814120223796861e-01
6.641967983094521077e-02,9.089873990854923091e-01
-9.691062890364386950e-01,2.750227591079646428e-01
-6.314899444941993734e-01,8.857440550471319396e-01
-8.083687973472387656e-01,1.150797447313480326e+00
-1.240010388298484534e+00,1.034282728054689571e+00
4.801894243106149054e-03,-7.869455150788674802e-02
6.263815935524644218e-02,1.120896110109061428e-01
3.151696962834000248e-01,-5.877434718734057123e-02
-5.466688412261649921e-01,-1.272467330599796331e-01
-1.212127637881865283e+00,7.935547346967605220e-01
-8.136385007154115501e-01,1.395716454616168500e-01
-1.377109369171075973e-02,-2.675170570226372835e-01
5.892683711351445197e-01,8.999658642461112468e-01
-1.113370305858051024e-01,1.023211458115842465e+00
-9.106457532738042593e-01,1.140193268440869545e+00
-9.793961726671591705e-01,6.038923251906682665e-01
-1.261095949715010267e+00,3.090195758511083413e-01
-7.068242881218449458e-01,5.658726501695907629e-01
7.927519748897442209e-02,1.151131872060350947e+00
-9.814602898480847548e-01,-1.834494791797707247e-01
-1.824690446891068241e-01,1.143116247394893481e+00
-1.057407191334200469e+00,6.014120888963833123e-01
-6.894058746028797202e-01,8.517935584448876885e-01
-7.701781504530509359e-01,-1.931012346815593264e-02
-1.122390262454802112e+00,8.166542342682729938e-01
-2.701652575613023438e-02,4.817897866919793604e-01
2.424182846427700988e-01,1.045761165811318838e+00
-2.156153054040384764e-01,2.204189526025882861e-01
-9.833106785116003667e-01,-1.012000226614357123e-01
-1.097883841806407412e+00,1.112663654144811831e+00
1.310907476473301969e-01,-1.943795282199690388e-01
-4.889805058695170237e-01,1.117263624677711453e+00
-6.947047639901136051e-01,1.161343917836121342e+00
-1.217860175364913644e+00,3.013645911633131003e-01
1.634575889164516412e-03,-1.795955541273243083e-01
-1.056198273504729057e+00,1.824511471418162056e-01
-2.318637233717265600e-01,2.977999790927159940e-01
1.403903833876396501e-01,-5.963472186702322569e-02
-7.323919612149974723e-02,7.445842531676807874e-02
-8.746019071387431953e-01,-4.170316330206352839e-01
-1.744402067185014948e-01,7.996138436343953604e-01
-6.801290125050785118e-01,9.790062449825598367e-01
8.889307767185013198e-02,1.299480843300070187e+00
-2.408242021646174180e-01,2.623213532370611833e-01
-1.279480016870900183e+00,1.183468056901070931e+00
-3.111540616113197405e-02,8.149222230143613466e-01
1.609221998351647032e-01,-1.368928660585612411e-01
-7.181440431580292660e-01,2.172840738162889196e-01
-1.398324624126348961e-02,6.493921107523878966e-01
-1.026678533344126620e+00,1.212011252786534765e+00
-6.976184903815185745e-01,-7.597937457346833068e-02
-1.128451179804617066e+00,8.042481100054639231e-01
3.099286960762751009e-01,4.953436792998300864e-01
-3.768357277792472315e-02,1.223806719490677791e-01
-9.349983421253710292e-01,7.699582720094037824e-02
-1.612056597608425151e-02,-4.682237953401442443e-01
1.597495145105626846e-01,8.489219910300881411e-01
-6.640040714680209843e-01,1.353984210039512082e+00
-9.223961246464240649e-02,-9.748045126800089499e-02
-1.260251285233145113e+00,3.381898179738668242e-01
-8.632847268790058148e-01,-1.799985023304362039e-02
-1.595442482335916179e-01,9.028593487495663039e-01
-2.391241452323463607e-02,1.148356684595811750e+00
-1.127898219716246153e+00,-3.189203614659691377e-02
-1.209393353176148933e+00,1.839204068135834660e-02
-4.053200106212110354e-01,-7.582133281084935117e-02
-7.279219723610923232e-02,-8.597835522212311787e-02
-1.326685692572108888e+00,6.201174798128471222e-02
-1.407653046419344856e-01,1.437020816261387779e+00
-6.199183925728629641e-01,1.152809620162028592e+00
-1.421432168622340508e-01,9.264625021970007701e-01
-5.204356265128126657e-02,1.086530039190390484e+00
-5.734892132098876605e-01,9.424025863600882236e-01
-2.378538284401998104e-01,1.052016466281641360e+00
1.755406242573216147e-01,1.926671987084726811e-01
-1.017409280089695667e+00,1.278469313848701883e-01
-8.790660990909967554e-01,9.350822580563202813e-01
-2.578099181600785328e-01,-1.475821108822795991e-01
-9.192363994831616036e-01,-1.975892272758964507e-01
-4.255068831528253659e-01,5.025603104703214863e-02
2.558558916370559100e-01,-2.900095607219007610e-01
7.057011606711505181e-01,1.425603494860479215e+00
-9.996655173889438251e-01,8.939212876212281333e-01
-1.373134650476891094e+00,7.024234481940069275e-01
-8.768078059186549256e-01,6.471749915041459245e-01
2.657695568402561603e-01,1.232910782078341594e+00
-2.406373694262787521e-01,-1.024106628349870651e-01
-8.262249248722529638e-01,9.627017806768735086e-01
-1.168017586995170332e+00,-7.275167448947839066e-02
-1.366527434512335937e+00,1.122844554330631128e+00
-2.637206889221132070e-02,1.060030812131735001e+00
-5.730831545021337625e-01,1.442012024662149727e+00
-8.944216064964037871e-01,3.342343521789001293e-01
3.105440930662137777e-01,-2.201097834799599709e-02
-7.968384889939825744e-01,6.617487964234244346e-01
-1.220016569707160103e+00,1.165078330270373330e+00
-7.819999589658976902e-01,7.764768798166279407e-01
-1.327622155519684988e+00,-3.231806138532218320e-01
-1.061859317698541361e+00,-1.489676512965166788e-01
-1.090082754346228588e+00,7.427282747716244804e-02
-8.327872865095348187e-02,1.377171791573612858e-01
-9.582276297641328933e-01,4.322177658839632119e-02
-1.109661864440640633e+00,3.412310139387830232e-01
-1.248014047078094046e+00,1.268339807243919370e+00
1.085692177910810990e-01,1.208277601404269763e+00
-2.439942907419763787e-02,9.914824386147665924e-01
-1.035272533606276690e+00,1.303198524856694407e+00
-6.131871681369577276e-01,1.066384230141232292e+00
5.144463798113937253e-02,1.739565496334594674e-01
2.952405822600603913e-01,8.563950839566151219e-01
-1.050955006961164173e+00,1.037419215273962969e+00
-1.480512373697750350e+00,1.102936349483202072e+00
-1.043564394351242264e+00,4.904948117353755827e-02
2.155422111819569886e-01,8.936150089193470869e-01
-1.229601794784104474e+00,1.335698175769366003e+00
-1.322187372806141514e+00,1.112435214547600859e+00
-2.048830205975426810e-01,8.604246379830888802e-01
1.597123433983239221e-02,8.745301257611889367e-01
-1.858073210066781833e-01,1.122194176786469821e+00
-7.080372159238192964e-01,3.581993232428644647e-01
-1.175632703640099974e+00,1.418311710258124136e-01
-2.158851740132217145e-01,7.878809280043612695e-01
-2.538087055101840295e-01,-7.058520130821034633e-02
-5.538090423769819193e-01,6.880113471351255727e-01
-2.400038926334529255e-01,-1.154182097398370466e-01
-1.141959126063820662e+00,1.880584589696383813e-01
-9.250443374546346575e-01,1.196577936026995380e-02
-4.951102282514123765e-01,-4.186613584509570885e-01
-8.509371799292989591e-01,9.629044774486597014e-01
1.431212702054332764e-01,8.837746403913675497e-01
-1.342017264294353140e-01,1.822321560017729214e-01
-9.791998394754349855e-01,-8.300898651238178272e-02
7.108090965765780089e-02,1.019184328381162463e-01
-1.282365661561974957e+00,1.376185659835549857e-01
-1.543335049597472919e+00,7.974486294441535117e-01
7.770377884595543183e-02,1.582239040911532224e-01
-9.172608556747374742e-01,9.564777456714037562e-01
-6.470153344736090384e-01,-2.268719081164073670e-01
-9.709284727851128505e-01,9.939540172359995207e-01
3.367273733895460863e-02,9.365165803271893186e-01
6.561477246120969720e-02,-6.087910025537132119e-01
-2.114014390786207731e-01,8.206004044836615607e-01
-8.999693502762796948e-02,-7.137302575525313053e-02
-1.214510833528983147e+00,9.269090368329780949e-01
-3.819045258324853948e-02,-1.147533999092793799e-02
-1.095409881277645381e+00,6.467744480235396165e-02
-9.250595897696072267e-01,4.217812292896574999e-02
-8.950687834207622373e-01,1.149385699549538079e-02
1.203595485216569505e-01,-8.726719177362894653e-02
-1.319152121862423810e+00,7.752152191761976230e-01
-6.551421569841599235e-02,7.804715592243047784e-01
7.793305535893818581e-02,3.512621809077022539e-02
-1.119405372655358999e+00,8.858057050565013579e-01
2.473008509090405260e-01,1.097881890680123096e+00
1.268396516830967158e-01,8.646920169266010259e-01
-1.657829399016262292e-02,9.728974567808286178e-01
-1.188473161776398834e+00,6.744505712869880432e-01
-1.136110715846932129e+00,-3.152742866176822673e-02
-1.185322492830103824e+00,-4.760147498938612637e-02
4.559587134957885923e-01,7.123318527635467134e-01
-2.921875476704192676e-01,-4.184983575780252818e-01
1.629816563322429579e-01,1.311605698571002954e+00
-1.103047283858936911e+00,1.496831016975650464e+00
-9.984427592470025425e-01,8.699466701362985610e-01
-5.865812879669352747e-02,-4.462622804210432913e-03
-9.128773367584568366e-01,8.953293404432753899e-01
1.134859179812233165e-01,1.168683422443734576e+00
-1.505249797300375059e-01,-4.084361283221111250e-01
4.717389594551520959e-01,3.499656197974911898e-01
-2.825398478429375637e-01,1.354482664245907797e+00
-6.006690130604104283e-01,8.249577022689010830e-01
-3.593669837347088225e-01,1.038855400622771485e+00
-1.114502517631480893e+00,1.096164722231770527e+00
-9.694949311005772730e-01,5.004295175960042294e-03
-3.792017329810116189e-01,7.030558961560252618e-01
1.303654660329180148e-01,1.180144209998644556e+00
-8.896944101932700022e-01,8.544712034427934810e-01
-1.441625413460251526e+00,-1.351844919004374368e-01
-1.230018764966271938e+00,3.712016187917582810e-01
-1.224584403067772026e-01,1.024163605230593577e+00
-5.007471465440924696e-01,2.183442484687485030e-01
-1.121050493063270981e+00,-9.212356138552545148e-02
-1.052870600771503573e-01,8.315672474662234581e-01
9.862758162405721452e-02,6.977800101842017710e-01
1.054734679015552901e-01,-7.815977297763165854e-02
-8.539058278587792206e-01,1.587335299629611118e-01
-1.048854293803386017e+00,2.992962274879951701e-01
-2.042271143275111445e-01,-1.377324093211594880e-01
1.452808842240124959e-03,8.499473118340087341e-01
-9.285218145118815380e-01,-2.287437455030778000e-01
-6.428618945717092803e-01,1.048434702156387788e+00
1.888494769551751495e-01,1.536412394654673441e-01
2.380662967924896886e-02,1.804060460884159556e-01
1.174188566043785631e-01,-7.190432961677484247e-02
1.894699808404576025e-01,6.076225685504599294e-01
1.321903599973785759e-01,9.805748661093522944e-01
1.081358456507923449e-01,3.116618914360829717e-01
-1.127190312443815401e+00,7.243919127088513932e-01
1.385762008892921504e-01,1.232574439876547245e+00
-3.614049502471792241e-01,7.689954721163464596e-03
-1.011043052839902145e+00,1.592023869430451155e-01
2.040533311735140409e-01,7.823643697430271438e-01
7.535315223448540989e-01,9.112632755784551009e-01
-8.541670805716988779e-02,6.737640061576082029e-02
-1.095807587163211139e+00,2.698775776313866448e-01
-1.164507759124271846e+00,-1.792475845748501273e-01
3.553259782556009716e-01,1.221568431161568880e+00
-1.218929516812196218e-01,-2.023606751077196286e-01
-4.819062500059075882e-01,-8.653831772835331171e-03
-1.240009945744239284e+00,-4.530914380968442123e-01
1.133606660732096490e-02,5.462332141059637360e-03
-6.063273815334858652e-01,9.674956731690972367e-01
-3.391935663036579340e-01,-1.808484580942475162e-01
-1.016743735609324961e+00,-7.971513857826659222e-02
7.129515579451376484e-01,1.179326725225602335e+00
-3.660028273602762838e-01,-1.048873513532863101e-02
-9.205710919007106807e-02,9.038769639103209075e-01
-7.996140050165386759e-01,8.140098113528877466e-01
-1.792549499971058669e-01,9.032824603973379496e-01
-1.204830393740350614e+00,1.671160791169458704e-01
-1.039945404302668130e+00,2.772375281133285796e-01
2.236767474373780040e-01,7.614920861519842710e-01
-8.393067642303558840e-01,1.146332546753254800e+00
2.400493388290753927e-01,1.035062335232875386e+00
-6.097263045823100303e-01,8.203977634148036380e-01
-7.695858348374720048e-01,-2.826136667044580955e-02
1.288031680744412544e-01,-1.445312260190721176e-01
2.557461543551087790e-01,7.326433197575559220e-01
-8.937712780125843803e-01,1.413512485406109187e+00
-5.663762454965553216e-04,1.413249237282164117e+00
-9.564648876432484403e-01,-2.241117561162425109e-01
-1.538706268604188021e-01,-2.129576099265527989e-01
-1.012096370552262536e+00,5.990431343307220935e-01
1.650922342449401281e-01,1.031981725160523888e+00
-8.074356627517407375e-03,-1.890577707186966855e-02
-1.080329786043033202e+00,-3.950117742436453638e-01
-1.611177318754057342e-01,9.896944471180841862e-01
-9.706994831955314540e-01,2.033672979266638869e-01
-3.953952053223017821e-02,7.856623294223507026e-01
-1.202714455722305953e+00,3.638587256041940499e-02
-8.731656318472871270e-01,1.175189120017539945e+00
-8.354485283144065244e-01,9.854872215714180483e-02
-8.065598724143188125e-01,1.090921623594197198e+00
-7.370304084198868733e-01,2.347649147423287730e-01
-8.818147080390960069e-01,5.424953797563821789e-01
1.235397909453733456e-01,-2.594251030988743711e-02
-3.012814878988147038e-01,1.422989819991504090e+00
-1.052684310981192306e+00,1.917830948245973222e-01
-1.173564725386818441e+00,-1.960709004344441397e-01
1.437935495879875403e-01,2.994301792526538053e-01
-1.123396392485709994e+00,-4.452489786549127665e-02
-1.272666981934590380e+00,7.714123713173819397e-01
-1.168280830100302259e+00,1.427626604982562775e+00
-2.404206124053191174e-01,-1.539191046093507376e-01
-5.580660050791699245e-01,7.293398416156197106e-01
-1.096359176130353857e-01,-3.732939274972094795e-02
-1.035564315234230426e+00,1.020087213992309394e+00
-8.400987335473970585e-01,3.783571286018140578e-02
-9.883558213744519927e-01,-1.190141935695204767e-02
-1.350959686927029946e+00,1.143289708163120588e+00
-1.326394898713123993e+00,-5.349397788662730441e-02
-8.931000660964719673e-01,-3.727338188389560103e-01
-1.169945074120065431e+00,1.104768127527272492e+00
1.195380934988086036e-01,6.978966966434428931e-01
-2.275033725051317512e-01,-3.407873117837970783e-02
-7.000924114089660533e-01,9.296310424861754518e-01
5.633341945826364494e-01,-5.758056196234150569e-03
-8.360525193347003725e-01,-1.255804907158459063e-02
-8.120802118623883237e-01,8.550930773327147794e-02
-1.122854954761539403e+00,2.670824372586868764e-02
1.105373503859551632e-01,-1.992295881473190311e-01
-1.311050210440495301e+00,1.331157914137165665e+00
-1.407376121856272144e+00,1.064258644013448052e+00
-4.970910782715032977e-02,1.744610287726301168e-01
-9.961328854415384404e-01,4.269142807646932880e-01
-6.597005998914921010e-01,1.455616407400222023e-01
-9.069692847634363009e-01,6.430459520194662382e-01
5.020339524670666131e-01,1.108273168148789845e+00
-1.754095379907439078e-01,1.135206894075528439e+00
-7.730560785606830354e-01,-1.353800533272728479e-01
-1.268225745644015134e+00,-3.114547190780823649e-01
-7.693464006324619575e-01,-2.063611237455081626e-01
-1.119139884508278726e+00,3.868512731907413071e-01
-8.087705181035732549e-01,6.507337966652553263e-01
-9.660661871543557710e-01,-8.000963244713308470e-03
7.700298137364713913e-02,-1.230465735430143065e-01
-1.385730729610856748e+00,9.112322111653254897e-01
-1.156157665617388641e+00,2.791036897480741463e-01
-1.236854864286145883e+00,9.604953616028651942e-01
-1.229539366832761660e+00,4.073117620681840911e-01
-2.522183131673342293e-01,8.287848911124159335e-01
-9.128523906105840968e-01,1.054072553294192360e+00
-1.320129474019325011e+00,1.430895169279468915e+00
-5.751795061255121633e-01,9.337210432515605785e-01
-1.164083289741891347e+00,9.894283857063266296e-01
-8.072907567674701967e-01,-1.063942408273724355e-01
-7.209547953148114363e-01,1.187194186489858305e+00
-8.624645658361498324e-01,2.155014115520923756e-01
2.587835165478848398e-01,-2.900228827535681897e-01
-8.734959182222630236e-01,-1.096510041569865868e-01
-1.306259151958951259e+00,-2.340365652679843034e-01
1.358325024830831784e-01,7.643353052631484124e-01
-3.969711602142891316e-01,8.729963292589766333e-01
-1.279385871920150075e-01,6.852343979933493978e-01
-1.378094462436386891e+00,3.895363665548412513e-01
-1.543841508739978718e-01,1.216266099390958810e-01
-4.583625545434242415e-02,-1.977234349949052727e-01
-8.287889041530983603e-01,4.070674741552443021e-01
-1.101567232318098055e+00,-1.417139880504466876e-01
1.438144140198184262e-01,9.855581752193094403e-01
-7.400918322406386807e-01,7.593937363686793507e-01
-8.282233570924815158e-01,1.066846397246249856e+00
-4.150740399838666606e-01,3.541579018748278740e-01
-1.386611437567161431e+00,-4.919008456564598342e-02
-1.200413765406708189e+00,-4.080314371877436508e-01
-9.115819462492701086e-02,2.638364030380339065e-01
-1.514898343791387936e-01,4.000497613503119221e-02
-1.311647282579301854e-01,-7.254088245725197337e-02
-7.402951562568231836e-01,2.396522975727234384e-01
-5.221091073946686478e-01,1.256318971545456353e+00
7.763803844217496801e-03,3.275887697684173178e-02
-2.310539844542514043e-01,4.474986667935453716e-02
-8.070849528832138575e-02,-1.344561532255160279e-02
-7.352210158482128666e-01,2.540190659571920917e-01
-8.437950452986071603e-01,8.586666619689936608e-01
-5.848833021183922343e-01,1.400304963036614669e+00
-1.288634063084401760e+00,1.042737290630567859e+00
-8.693180696843495758e-02,9.237402308875513057e-01
-1.198671769506370666e+00,9.080330037314029434e-01
5.142579919697103374e-01,-9.921847979819724272e-02
-7.548050779369903929e-02,-4.190572687038838784e-01
3.237059108904971061e-01,1.979488743850537913e-01
4.473692453342011793e-02,-4.544476102498938852e-01
3.523675308032067632e-01,1.003050816688209279e+00
-1.121704226261175004e-03,8.445707030310672936e-01
4.834691998008320418e-03,1.060579281248672734e+00
-9.590332012279789708e-01,2.159055052253664592e-02
-4.714319875622525191e-01,1.346353593420621886e+00
-7.461772113566198517e-01,-5.976805931468490707e-01
5.946951485783848884e-02,1.353154340964379254e-01
4.257910624128279781e-02,5.140881789877175256e-01
-1.200820433937570764e+00,2.471008657251779275e-02
-1.032378644553798797e+00,4.190881721106929497e-02
-7.383585033826238764e-01,1.000190440121630386e+00
2.151927969561814591e-01,4.298449694046795888e-01
-8.617030757169902300e-01,1.187740221076262342e-01
-1.201076932110015788e-01,9.445051418167529356e-01
-8.803673869548270803e-01,1.145554402336736777e+00
-1.086851364154381328e+00,8.908861129054066463e-01
6.263359725695216706e-02,4.218379861450072266e-01
2.573824845169865871e-01,1.023426338164940691e-01
-5.781553558784984469e-03,3.629265950419980485e-02
1.257356639403163501e-01,6.630754167922860154e-02
-8.453500895438168516e-01,2.882336678078953329e-01
-7.227101245723193124e-01,6.167598603025269410e-01
5.853409941150044399e-02,1.387938880175811684e+00
-1.398032677139151581e+00,9.537994278291916928e-01
-1.058116592022311231e+00,6.854412642028535618e-01
-1.013650896230001930e+00,-3.693715489288597609e-01
1.177045951616430830e-01,4.892118609379362271e-01
-1.266303888716373116e+00,-4.884360167584608781e-01
-1.282942237157713494e+00,1.401221820026741227e+00
-2.152792468471159959e-01,6.185530111883584814e-01
-6.125476829195357631e-01,9.282649327882070978e-01
-1.241933608882007434e+00,-6.016408630959894227e-02
-5.445359507596692072e-01,8.058579833327339514e-01
-8.799369570544508801e-02,-1.071976306963582093e-01
-1.052805888114078048e+00,1.375095462655775203e+00
-9.983663668110233091e-01,-1.209309848471923632e-01
-1.674143933333510192e+00,9.357706465214192804e-01
-9.115876499259202292e-01,5.215699290202062410e-02
-1.215786227944683828e+00,8.287252272420054799e-01
-2.089562316788581564e-01,-1.882357269229603947e-01
-8.441302871475721004e-01,4.090144478429562636e-01
-1.250386244697081206e-01,1.192344228948032381e+00
-9.991439142546543195e-01,-1.068031719305417154e-01
7.963464422190708047e-02,1.027006265319290623e+00
2.346534833535928177e-01,9.004870684617948262e-01
3.862247659225901408e-01,1.338610137344619755e+00
-1.430781053886743814e-01,4.525906401058059636e-01
-1.120109500648025502e+00,1.184461350148645398e+00
-9.618215925567599744e-02,-2.012223799897089604e-01
-1.044846812203073849e+00,9.630485968175071798e-02
-9.915465753321718312e-01,9.067260299966301007e-01
2.122846630410498148e-01,6.022430224356195572e-01
-1.212154141127079088e+00,5.923172030782161007e-02
-1.013382765144990483e+00,-3.462132071750941287e-01
-2.613794296142125106e-01,1.116758551228862056e-01
1.655933427193027607e-01,7.323332035330500922e-01
-1.113669322652307336e+00,-3.086352273973163030e-01
-9.063408075954623166e-01,9.606197521676970719e-02
-4.380593666164089295e-01,1.028190439302918868e+00
5.011311051235495945e-02,-1.020190595345666501e-01
-8.768804565985018895e-01,9.080503652027164252e-01
-1.201351645460199347e+00,9.228905966028685404e-01
-1.120694218004728349e+00,-1.329306003075549081e-01
4.380879963312859782e-01,1.960894529659916799e-02
-9.868568312937595621e-01,-1.789404941238682822e-01
1.593414840015092149e-01,1.138320486996113656e+00
-5.811639636709652335e-01,4.737929187173777201e-01
-9.838604390371286090e-01,1.139165408767028653e+00
2.698611577306966325e-01,1.220546021583580609e+00
-1.266375818826807054e-01,9.689172051218059023e-01
-9.941007413826149497e-01,-4.699958335115004826e-01
-2.504583652764826376e-02,1.116578290707991306e+00
-2.035878165162816056e-02,-2.673201291788669942e-01
-1.753345795804399365e-01,1.573113471677369535e-01
1.818725756258728343e-01,9.349254441330987486e-01
-1.068694872162629483e+00,-1.715330018582266469e-01
-7.928918942991124430e-01,3.221868120050911388e-01
2.624426350646685835e-01,-3.352581510827610245e-01
-9.310556487990353514e-01,9.675596213066477436e-01
-9.891352678919722308e-02,1.094921785203802456e+00
1.866364981707077930e-01,7.927699586802418041e-01
3.240940199086237428e-01,1.600185226929149718e-01
2.277272879129487726e-01,-1.483918526979931263e-01
5.168649177468811473e-01,7.327636526642210546e-01
-1.998581185069722710e-02,1.127938283289378951e+00
2.145855171496029168e-01,-4.843571220294690810e-02
1.768908279482316048e-01,-1.327071544470743159e-01
-8.572961998855103127e-01,1.151471953699418238e+00
-1.213883139269423150e+00,9.590280901503327460e-01
-8.295254346950180491e-01,1.048986095149965880e+00
-2.081841624453640571e-01,7.846163398537970846e-01
-1.009384371200594543e+00,1.112745989489974052e+00
-8.498607656694757706e-01,5.132645340286288160e-01
-1.051708673741607258e+00,1.070741671555493074e-01
2.457430593096396332e-01,1.193275380541896774e-01
-8.033325718200001742e-01,1.130290549228265107e+00
-1.202467343481103068e+00,3.818524521570934582e-02
-8.245946672253350318e-01,-1.149830509056637973e-01
-4.516606380748302424e-02,5.098511092398529815e-02
-8.345638878418570883e-01,-5.997018471099122006e-02
-8.976079983144219510e-01,8.633125042975016150e-01
-4.786094440024441510e-01,8.083415709940517946e-01
-9.902343481463229402e-01,1.337531210875687160e+00
-1.123121749675736858e+00,-2.620450435508456799e-01
1.827821036256724319e-01,-6.665610346737031733e-02
-9.263063506886466403e-01,8.551348794686353116e-01
-7.424222278726957391e-01,1.473998960655137636e-01
-9.747154026242227376e-01,1.314889161745819157e+00
-1.159409138587356836e+00,7.053147226744975740e-01
4.661409414775392890e-02,2.075342537373236484e-01
-1.130852237050050446e+00,-7.332361749545752636e-03
-7.933614265761891327e-01,-1.541827022369301192e-01
-1.511835876045281246e+00,1.178398081992177326e+00
-1.030666246005217168e+00,8.552267238931762217e-01
-8.527545111913978904e-01,1.024884784653211423e+00
-2.986724140730075416e-01,1.019959398480715151e+00
-1.809263412426548978e+00,1.066310697362151706e-02
-8.401706844055178980e-01,8.893932453589500353e-01
1.525940844583328071e-01,1.295111090886931215e+00
-5.150360678712709826e-03,-1.335864343398733001e-01
2.450748552894114474e-01,-3.705485959797297224e-01
2.030815776307399456e-01,8.794862671024057388e-01
-3.319046376489223626e-01,7.905411942770445011e-01
-5.660038060717725861e-02,-1.178526400603800983e-01
2.095435715304254654e-01,1.402697586737066349e+00
2.158150200511554651e-01,7.659241090120263995e-02
-3.406325089966477648e-01,8.577101235598432183e-01
-2.297793325896778927e-01,2.308253379420924789e-01
-8.747551913252951117e-01,-1.212371173373154171e-01
-9.416909474916645983e-02,7.149632879071297076e-01
-1.071436741324554576e-01,1.287865952628979571e-01
-7.636559792659102647e-03,6.279163401111761966e-02
-3.668787063417892902e-02,-1.469842759080478012e-01
-9.531416357855935217e-01,3.181116281984197602e-02
-2.427207707578554058e-02,-4.688646731384958355e-01
-2.764507934108836537e-02,1.405194728556732997e+00
9.347282754277820571e-02,1.948303504192635816e-01
-1.067623594842371348e+00,1.050685548322821905e+00
1.399910721399487690e-01,7.216689858989078221e-02
-9.807325974085944198e-01,-5.369464223408209058e-01
-6.086641615047511111e-01,-2.433758091636483711e-01
-1.115331677861472803e+00,7.626180157963933226e-01
-9.446723787743890322e-01,5.357213931840903304e-02
-1.076561124604711539e+00,6.852330933544601432e-01
2.651635865355964627e-01,1.042931047242133147e+00
1.332824175292756375e-01,7.841917668661408936e-01
-6.663096813442278554e-01,7.952756373649837451e-01
-9.742709627140574424e-01,1.873657776138064890e-01
-1.230379133458505025e+00,4.384677579556743310e-01
-1.029400122850822275e+00,2.828500557817257843e-01
-1.460942550283084396e+00,7.600527114721283839e-01
-1.169098045251519169e+00,1.106814956497489177e+00
-1.142079643184523263e+00,1.162689001457713811e+00
3.511184966681003550e-01,-1.404127469453009536e-01
-8.753847934883197679e-01,9.569458615737058693e-01
-1.243791421599152347e+00,8.394083057741514864e-01
-2.397367568947638694e-01,6.763315900321489327e-01
-1.310494210073434473e+00,-1.746025765495507198e-01
-2.312349141384003326e-01,1.092886023452789956e+00
5.479484939441752189e-01,8.403898036044240571e-01
2.068620423514979378e-01,1.348603949465693730e-01
-9.962626646402161779e-01,-8.204718391721699255e-02
-7.394558694453770009e-01,1.056874849007545386e-01
-1.029796117198915617e+00,-2.827954419518548534e-01
-7.743194850221375436e-01,7.424342477914652738e-02
-1.073166867224044863e+00,9.615975922030358669e-01
3.825661692840136574e-01,3.756518099602439154e-02
-8.322091844698411567e-01,3.282797134382534066e-01
-1.185887426192114152e-01,2.446770065616901690e-01
2.059196443548784172e-01,5.582671605463803560e-02
5.199941503461952275e-02,1.298621455862872587e+00
-1.117082935772474972e+00,2.742615401216904059e-01
-1.220094321716638452e+00,8.202302761731444791e-01
-9.799810713675489726e-01,-2.836190305602822592e-01
3.112623934506572598e-01,3.719111213447404141e-01
-7.109754378345531922e-01,-6.266508008830414811e-01
-2.132608534773124120e-01,1.021897234406357935e+00
-6.996245271781221797e-01,9.100901370164297122e-01
-9.294153291010752715e-01,-1.043783094760236257e-01
-1.402525110963449562e+00,-6.156230386612463780e-03
-8.991523039174734722e-01,1.282816092271271913e+00
2.833662391794658508e-01,1.170373665848626121e+00
-1.685646463646579996e+00,1.055952167277127263e+00
1.838847106115528152e-01,6.802080623398871762e-01
2.591973615341120474e-01,-2.041349852526837816e-01
-8.927575244528976883e-01,1.313308924967675706e+00
-9.695331655950797378e-01,1.237659247115009631e+00
-1.101652361230250454e+00,-7.200535934818530492e-02
2.486889688304925183e-01,1.006280294144618059e+00
-1.141073346244500186e+00,1.406506707833838465e+00
-1.009539578190448150e+00,-8.660465148855127360e-02
-1.012435169601115570e+00,-1.417481534634331131e-01
-1.146649767055129443e+00,1.113539180746368595e+00
-7.855777884223945629e-01,1.626641655829461630e-01
-1.333978412746615050e-01,1.298248038794505843e-01
-8.058646014190842255e-01,-1.065098058082690063e-01
-8.870591566018214413e-01,6.732156162964317847e-01
1.896621111914428004e-01,4.599279242111530275e-01
-1.302845080795182797e+00,-2.830788419828091373e-01
-8.770582777782505168e-01,2.303403374399081993e-01
-8.097320862917907203e-01,-9.966151428886796393e-02
-7.098095049455110939e-01,4.692345021425705504e-02
4.861920857888251679e-01,9.900417395065525331e-03
-1.263318733427467588e+00,1.261476629204665967e+00
7.035572741530154994e-02,-1.843028446186266156e-01
2.495665505747495516e-01,9.397099666737340762e-01
-1.169724118485678366e+00,7.540296838955240499e-01
-2.580918187174304212e-01,-2.217125635803235406e-01
-6.405014130037288700e-01,-7.729229775402932101e-02
-1.251081432731485865e+00,1.249728568463941203e+00
-8.221748262234310767e-01,1.692688264682525598e-03
2.674785283144959225e-02,-5.674346574195839044e-02
-3.534000997000941169e-01,1.852969231551465090e-01
4.914339241845643302e-01,2.632321044198219218e-01
-7.826730568886570705e-01,1.117867543299735367e+00
1.241770298846333470e-01,1.257307985038232712e+00
4.312024306099275506e-02,8.753661883022634260e-01
-2.237372731497964673e-01,1.382505091391087737e-01
-1.080331543595004495e+00,9.346543525253704354e-01
-8.824497821553936028e-01,1.090058018396723671e+00
5.560698157988975820e-01,1.687546367081573517e-01
-4.611931613129443414e-02,9.304327228395896654e-01
-9.141933198981473385e-01,1.009438681431021667e+00
5.799268052138894375e-02,5.136906026097436406e-01
-1.162858710942197060e+00,-1.705413025738427846e-01
-1.084117424493161730e+00,1.173739451959637137e+00
-2.265010838959960471e-01,1.293085885559488446e+00
-8.406477634800986198e-01,-1.160523431769216185e-01
4.425689207979073558e-02,1.221710844982045074e+00
-5.224666213233701839e-01,3.213265150880721954e-01
1.820268981428937172e-01,1.177089140239267362e+00
-8.788571042872841410e-01,1.090515402231998499e-01
3.122948578174606360e-01,-4.795096978277278016e-02
3.741050657792248657e-01,-1.474698142786576849e-01
1.250598283043124204e-01,9.648842541759971025e-01
-2.443431851109998873e-02,1.667996968705381389e-01
6.814943438100100337e-02,-5.452893335187967983e-02
-1.049884700207026400e+00,1.416631875431321186e-01
-6.870668349155237831e-01,1.592195857810536630e-01
-9.911933527834307922e-01,1.366267347679633870e-01
-1.151974892990601518e+00,1.347191893989623246e+00
-8.504688341509039073e-01,1.204342566540485659e+00
-2.894465671292591885e-02,-4.243337751923313417e-01
-9.047774690640014716e-01,1.714413073158225775e-01
-6.941143396800679710e-01,1.127160312346666693e-01
-9.842232535976889185e-01,8.781995481686506455e-01
-7.455990440568198707e-01,1.046761333466503796e+00
-7.287579811240232353e-01,1.415333502232017260e+00
-1.566602403350211489e-02,9.505681555409929706e-02
6.943159271382846887e-02,-5.260580947479330527e-02
-1.562090636916023956e-01,8.087984663782883388e-01
-9.123672031781808744e-01,6.165713717948386741e-01
-8.988629959184959439e-01,1.113939264104241600e+00
1.669693285575400699e-01,1.065338602963603831e+00
-1.523221893354630652e+00,1.155387878351728181e+00
-2.904233690237755794e-01,-5.235881866885407770e-02
1.964254944674064252e-01,8.172216223229537002e-01
-1.014055856309894255e+00,-1.986529634582104853e-01
-1.065268420189041887e+00,9.877668708219994320e-02
-1.114615649888363924e+00,1.980567434680484129e-01
-7.920527601616624835e-01,1.082225063317489244e+00
-8.707401884243740620e-01,-1.626055787185617107e-01
1.429958221897731918e-01,8.067795361517605679e-01
-2.027025573181652218e-01,-7.661933647140339865e-02
3.502481238957892012e-02,-3.357573017868036858e-01
9.570522461528008229e-03,1.015076827425633876e+00
-1.049227784792721829e+00,-2.063719680277815646e-02
1.592808036938173910e-01,1.114802879475858433e+00
-7.263905328858352162e-01,-3.383537503855955086e-01
6.137991205262790378e-02,-3.999946506390696932e-01
1.142675469157553858e-01,-5.401331517548619426e-02
9.153211266428588899e-02,-6.570832642508049604e-02
-6.399721244202768999e-02,1.163880458920595551e+00
-2.115689081792619386e-01,1.470520733338274155e+00
-1.362946049951796690e+00,-1.647787325565148453e-01
-4.577663115675819488e-02,-2.576024864523418501e-01
-1.078025303679393421e+00,2.013267878535846267e-01
-1.166666826824686920e+00,1.966051338505366564e-01
6.951476453830880697e-02,1.165363112657829880e+00
-6.191143247680814810e-01,2.706373837268237770e-01
-9.678665327614975888e-01,-4.310646863634899351e-01
-1.220885774353464015e+00,1.048809662715193491e+00
-1.057537871713067457e+00,6.036412852025583448e-02
-7.410392967305132750e-01,7.037106905375767330e-01
-1.001500950665127343e+00,1.084555653224111627e+00
-6.960551260099362425e-01,6.545166550581370535e-01
6.298374784251009606e-01,1.374870949992843983e+00
-1.117298282067574977e+00,6.520717666410220659e-01
-5.049259063910210843e-01,1.258670431319104166e+00
-1.119638550823050943e-01,1.061168761989547349e+00
-1.142186075023967851e+00,9.606071432265780308e-01
-1.224191152243239378e+00,-1.800601283854552093e-01
-8.460781386229099255e-01,1.882328308075983392e-01
-8.831615617373065330e-01,-2.652096489041932958e-01
-1.467036711511099933e-01,1.680181510224542096e-01
1.189475224232462410e-03,1.194771076998307313e+00
-2.016850690166220594e-01,-7.078179369030671887e-03
-8.482361226800433363e-01,1.150018890974674912e+00
1.674330037605487875e-01,1.159441516706662068e+00
2.113673949477011538e-01,-1.431608377616350458e-01
-9.788590426055708837e-01,1.187477135465496936e+00
-2.137723535033818067e-01,8.081037260915397979e-01
3.726682972749037481e-02,1.041084313546334350e+00
1.848797151355976165e-01,2.810267523047692978e-02
-1.154918317465911448e+00,3.286777089854976408e-01
-1.182685857014729169e+00,1.202318956299217589e+00
-1.356504703067570539e+00,-4.175528977888508242e-02
-1.018622631642441823e+00,3.559800291848351783e-01
-1.136183840394048294e-01,-4.163114350341653447e-01
2.856776586588884517e-02,1.165103944125961410e+00
-1.278827542242632287e+00,1.077731222619193741e+00
6.091812729421290928e-01,-3.435438771202400376e-01
2.205080426034885521e-01,7.956696710497526137e-01
-2.406152666600498702e-01,-6.943426716814148081e-02
-1.021335458832671073e+00,1.930356830589484707e-01
3.487196585487369882e-01,7.154488844213884313e-01
8.982365420913013265e-02,1.921994906331306319e-01
-1.506783922739561188e+00,6.905083970663944415e-01
-8.445555469803769366e-01,1.682190793476327217e-01
-3.046240686121842178e-01,1.405429167600534546e-01
3.104392672656242635e-01,1.074808921261715566e+00
8.091255477696748799e-03,3.923911632948238748e-01
-1.095341358403237209e+00,1.060673557810374090e+00
-1.887913956301001672e-02,1.699484600439971349e-01
-2.758651710633786558e-01,1.100949136237161730e+00
7.509969080370293773e-03,1.006325777176302894e-01
-4.195094277280184691e-01,7.195710769500733850e-01
-9.774071267510673344e-01,-1.576399143308202522e-01
-1.343017988011657504e+00,1.223495353660149637e-01
-1.072815658706537167e+00,1.000370806620106690e+00
-1.186733204291444910e+00,8.052515535714482864e-02
-8.834355990417641635e-01,-2.154097314026350574e-01
3.946251940017850846e-01,6.096825176665705837e-02
1.615882002896287528e-01,1.267330833950122804e+00
-1.380359035554623137e+00,-4.734247408567590076e-01
-1.155353361556089364e+00,6.206554371569059647e-01
3.518327951977144874e-01,9.329210655347967007e-01
-1.719567934330254455e-01,-8.144060615459527974e-02
-6.126967385120470760e-02,1.384578619497803809e+00
3.311625607576244024e-01,3.406757234624336328e-01
1.118221437636622712e-01,2.288462756909402651e-02
-1.135806836788205487e+00,1.045531105948023676e+00
-1.001594483887008558e+00,8.511400548017035439e-02
1.884537327366770931e-01,2.811746994818110634e-01
-1.429252159384033050e+00,1.597955932080986075e-01
8.826516484801286144e-02,2.570119173547414371e-01
2.793707995678735290e-01,7.774569675334738056e-03
-9.352824409228084612e-02,1.359267169704856615e+00
2.510041211168809738e-01,1.326347869525987155e+00
-1.733158637185413797e-01,1.115925180821835117e+00
-1.192427443598559345e+00,-3.242809926854388070e-01
3.774625428156354323e-02,1.472996005085041027e+00
-1.447874644430050262e-01,4.554308292045790990e-02
-2.623047382611665701e-01,1.166002983570373353e+00
-1.590881131049584896e-01,2.064200233560927952e-02
-1.173902685054079242e+00,-2.467644526623717638e-02
-2.498468213331122567e-01,-2.019304042297549173e-01
-1.137052235184309978e+00,1.364788347014167513e+00
-1.140186924068077756e+00,1.005216659674149193e+00
-1.047175814338136002e+00,-2.363934383396611993e-01
-2.226040886276565711e-01,1.439519085432537038e+00
-9.643465363439992499e-01,1.375695827873475219e+00
-1.009326572629477115e+00,1.626535143257382965e-01
-7.877497836527153074e-01,6.201773016060231972e-03
-7.747028328902845207e-01,1.084296664217461736e-01
-7.982730445440070488e-01,1.166834079412276126e-01
-3.669770017515466831e-01,2.128002609880548512e-01
-4.328252728257454551e-01,-2.969079288748330270e-01
-1.153339023909026650e+00,1.152329127230624861e+00
-1.383575102212692087e+00,-2.932069060492045742e-01
-2.727196356781330655e-01,6.282727794127275500e-02
-6.822301202440459456e-01,9.492378175768567683e-01
-1.840634758468599197e-01,7.432435405739840073e-01
-1.274787808812596623e-01,1.636989822755838611e-02
-7.481818893498221046e-01,7.483774784778842726e-01
1.312645460097484895e-02,4.587985624623358571e-01
-9.223039941246303774e-01,-1.144189596714530605e-01
3.466064201613233697e-01,1.226093168973068526e+00
-1.075873703596665898e+00,1.070337992610538524e+00
-2.413518952407445739e-01,4.212100477727260400e-03
-8.838038855928074256e-01,-7.151826360004658045e-02
-8.687313157722431622e-01,9.472568122295741411e-01
9.610794007284789719e-03,1.246876077970724417e+00
-3.165312041831866985e-01,2.661182769022825689e-01
-3.347996257841868162e-01,6.253130643844208025e-01
-3.573783581421068750e-02,1.170084413899374232e+00
3.177515181542896472e-01,2.400862820630427497e-01
-4.234624848431706168e-01,7.562110029381613474e-01
-4.523722675952034367e-01,-5.154763543905251794e-02
-1.678053595976067569e-01,1.046177688769837522e+00
2.374426275907071116e-01,-5.570608951230635597e-01
-2.827515615654322967e-01,1.630227727791368209e-02
-1.180987144714372050e+00,8.997727732832797032e-02
-9.918396941520980781e-02,1.273777036030647736e+00
-9.790983494857518066e-01,-1.126194962385607540e-01
-1.198892170990586203e+00,1.431236868652170591e+00
-1.185485638353317883e+00,8.261904456179526915e-03
-1.162314190057519792e+00,1.173233668540719421e+00
-8.373558238220879524e-01,-1.290985925279509172e-01
2.156811894963988341e-01,-8.413577423623429946e-03
-7.059000506964275834e-01,6.863785507117734497e-01
-9.736909869151983976e-01,9.772930143397633440e-01
-1.050601302193924225e+00,7.149236658175581183e-02
-6.993977660870328572e-01,-4.189559907052548549e-01
-1.069983453658942762e+00,-4.382064286259158142e-02
-9.506110581417943628e-01,-2.835776309641147019e-01
-5.495981663094279268e-01,8.810091692257958629e-01
-1.058531614797285192e+00,5.623590515492984943e-02
3.036225133699024248e-01,8.164909217037475964e-01
-2.502016398725308566e-01,1.004189512704576792e+00
7.853725609427414378e-02,1.411228772897309414e+00
-1.753720692611163146e-02,9.390383434189142342e-01
-1.973629040305209248e-01,1.218497235974465909e+00
-1.030511165306690069e+00,1.555957383250540227e-01
-8.596682878540091999e-02,3.668310077356683185e-02
-1.029254389106122325e+00,6.491759646719810206e-01
-6.985569143243990364e-01,8.744554716317916032e-01
-9.440803560219003521e-02,6.242685251641248989e-01
-7.123019843804999363e-02,1.168842863872052683e-02
-1.371096633421079236e+00,1.223156010925807585e-01
-6.057550643074354202e-01,-1.117754889171458238e-01
3.743578251524817130e-02,-9.155265018886829531e-02
-8.258582457784714448e-01,1.458562106075673992e-01
1.430946882319143743e-01,-1.707137267718643325e-02
-8.153372662037200458e-01,6.634551479889298775e-02
-7.552254216213055704e-01,-5.659277543953145778e-02
1.191022097294078680e-01,1.266317107584325363e+00
-6.387805131955182070e-01,2.542124762850261899e-01
-8.934290687299070166e-01,2.000324506533094349e-01
-1.166349347356964827e+00,9.985052428864489293e-01
-8.586197574847167502e-01,1.114067194749967377e-02
3.590593254140907187e-02,1.736054146509722618e-01
-9.117512813302418584e-01,1.050292638441337578e+00
-2.294820277557521604e-01,8.643248560942927705e-01
-9.257923095836244343e-02,2.807149056801696574e-01
-1.305449370621135419e+00,3.496755174376316444e-01
1.520834243511880179e-01,3.274353902264132837e-02
2.284400193164799198e-01,1.197667814091440963e+00
-4.947084927412689903e-02,1.242172045042945427e+00
2.775627363833627070e-01,1.069046386100934498e+00
-9.591446223428792273e-01,1.112987492894045305e+00
-1.968649075017790406e-01,-2.720480868023547605e-01
-1.038281873643245729e-01,1.757092841785211010e-02
-1.181256599065697133e+00,-4.523837173232754527e-02
-1.084548099093314732e+00,1.315812251469739458e+00
-9.931013803013731822e-01,2.089145733525686055e-01
-1.168857217662275572e+00,1.489120969831167152e+00
2.862937895700730026e-02,8.865874223375211916e-01
-9.592189751508097828e-01,-1.114970967245928063e-01
-1.207695349089256798e+00,1.298090212990173242e+00
-8.115217119612834207e-01,3.764499837585651432e-01
1.688639692477465204e-01,6.838669115035094226e-01
-6.727934885514245955e-02,-4.975036670735188959e-01
-1.524594301199956092e+00,9.013299387184826594e-01
-1.154152174770835204e+00,1.117742375770470753e+00
2.390678425552127118e-01,9.518788683438744735e-02
-8.808168468588728484e-01,1.418575442728187808e+00
3.846877120227923386e-02,9.065062977296509672e-01
-1.224227342672982166e+00,1.301029888978600113e-01
2.064060172199365939e-01,8.317966297476961021e-03
5.246244089680394962e-02,7.846827581871277379e-01
-8.470161117977133003e-01,1.111911976728985119e+00
-1.334537666116702770e+00,8.345374920526702489e-01
-3.430130059628842543e-01,-1.100462601499863080e-01
7.379665007867940163e-02,7.730151635294127965e-01
-1.230709346877813637e+00,-4.546529147679424093e-02
7.299617370898991986e-02,2.612229597654137231e-02
-5.033505973136026546e-01,-1.740744486336633368e-01
-5.284467712495869579e-02,1.230270053504571415e+00
-9.729958029543276377e-01,3.802765891269709320e-01
-2.517775203917431773e-02,8.779383819647079701e-01
4.915594424414098523e-02,-2.333242314051926780e-01
1.350458404696835146e-01,1.653442479276568886e-02
-1.077564796908886402e+00,1.043319854706183936e+00
-2.507484653833981503e-02,-2.487115727000097087e-01
-1.600155730191061276e-01,9.765523904693582669e-01
2.628354312311848018e-01,1.048150915233074798e+00
-1.766306642007220429e-02,1.619821352515081747e+00
-8.366112473245901349e-01,1.280091450185271373e+00
6.912220020370259121e-02,1.110786310110133179e+00
-1.136687314054314557e+00,1.032964098145503495e+00
-3.974530729991770234e-02,-1.528274996939764652e-01
-3.865773430763690954e-01,-1.058367153669137750e-01
-2.729589996229187521e-01,1.079900772191158875e+00
-4.549708396425812817e-01,-4.418431783046515293e-01
5.044758529208506759e-02,8.030665826429698173e-01
-8.852541084152594220e-01,2.190302940693754016e-02
-7.839412914473080640e-01,2.488194303528036833e-01
-8.183067007751440025e-01,-3.435786315018292125e-01
1.654204301329674498e-01,-1.128313356198301226e-01
-7.555352472179473200e-02,7.212833655011933187e-01
-5.628334196917649246e-01,9.128649653963556432e-01
-1.475986846611832826e-01,1.070209832276092010e+00
-9.931182696602558480e-02,1.376800589009307574e+00
-9.330566916956926082e-01,7.661575398345250587e-01
-1.115567345494370421e+00,1.163148851108471549e+00
-2.074858663027163430e-01,-1.831728289156702438e-01
-1.287548199197634524e+00,5.322581298906541303e-01
-9.214268353240323561e-01,1.457067209771797156e+00
-2.744282676330405124e-01,-1.096794772783198646e-01
-6.079959553653015991e-01,5.370979892960429103e-01
-8.210904824472083918e-01,-2.512495838490449301e-02
-7.726460402823692730e-01,7.807437209258148991e-01
4.250006955849249812e-01,3.004074464654873239e-02
-7.497370357245018990e-01,8.890307947720967885e-01
-9.519224113181173896e-01,-1.087180538414952435e-01
-1.835169725937940977e-01,1.199520189818007010e+00
-1.278293449340675458e+00,-3.306993391418223266e-02
1.013319377142565397e-01,8.320265732863951769e-02
-9.074814814296507937e-01,8.477496973666015512e-01
-1.588289663930487483e-01,1.213932924708294170e+00
-2.358309152089398467e-02,1.070955472752780357e+00
-9.070148749003138500e-01,1.123619041205285995e+00
-1.067252368530834383e+00,2.984535666256768471e-01
-1.451230603275661668e+00,1.305028451135026302e+00
6.090464164216597975e-01,8.756141359032643123e-01
-1.147393428868739740e+00,8.587932768409475837e-02
-1.628183118899265702e-01,1.067189948590972604e+00
-9.623846745205109077e-01,1.071180837870595814e+00
-7.150928332100310982e-04,8.247953538494261216e-02
-7.279495318278024207e-01,1.012036949482279402e+00
-5.000185772943764595e-02,9.286756060394006917e-01
-8.643509778948881284e-01,-9.654929640663260926e-02
-4.140235994784465801e-01,8.901022863098266846e-01
-1.022292636165207158e+00,6.780096239838317995e-01
-7.240006749911818140e-01,8.159037754577853629e-01
1.693473199103175952e-01,-1.543703720412830938e-01
-1.022815369619367143e+00,1.101144754421739425e+00
-1.033549656265419392e+00,3.933892626443220575e-01
-9.119727378015880792e-02,-3.617625745106188562e-02
1.770380475426362454e-01,1.299437190327131786e+00
-9.314372453869014246e-01,8.952638744284536765e-01
-9.390259339672940575e-02,-4.339089673854228391e-01
-4.931229626232918051e-01,7.881320162964020604e-01
-1.132393126065881050e+00,-2.873061286520658397e-01
-1.056469070549463929e+00,6.635051281459198869e-01
-1.054228045906691946e+00,2.155803476581304723e-01
1.256279743735322085e-01,1.272387042639502308e+00
-7.848985773352001871e-01,1.657803521087684584e-01
-1.029353660640831780e+00,9.710538470113151410e-01
2.614523765794105059e-01,2.556069947412780707e-01
2.567981462672094262e-01,1.014280869084194903e+00
-9.526929828786762089e-01,1.136376144825742562e+00
-8.557900680655496917e-01,-3.568624129341200352e-02
2.719814218671875450e-01,1.082636975007631897e+00
-3.666355383916086730e-02,1.561652152244020320e+00
-8.329503284327259838e-01,-3.448285106934944472e-02
-8.804623761291247019e-01,8.551174075919207862e-01
-4.801295085460159928e-01,-4.636276520175566795e-01
-1.084127446573406317e+00,1.149860429111960514e+00
-1.117618248087612454e+00,1.504866040699565755e+00
-9.132789996958812218e-01,-1.313007129947958429e-01
4.115795598658628096e-01,-8.492726816542901791e-03
-1.117014687943576057e+00,-3.053067990686046396e-01
-1.093007550742651102e+00,1.060977120675992813e+00
-9.320350615293888918e-02,6.620351229769741441e-02
-8.847921190368339406e-02,-3.208749480878236304e-01
-8.983494572047694415e-01,1.032182845690187145e+00
-8.226638077964478768e-01,1.009914394468638177e+00
-8.553010901152470480e-02,-2.485116339494559123e-01
-1.154223245887493032e+00,8.254476599282748600e-03
5.728458180235340702e-01,2.528515148302167281e-01
3.718461456839780022e-01,1.898543440218226075e-01
-9.097917128951437116e-01,2.665613953071203079e-01
-1.174887663509067703e+00,1.442182747286757660e+00
-1.338593753442757439e+00,-1.853582647885544665e-01
-2.068786239145004591e-01,1.134573291117849658e-01
-2.601503501623730341e-01,2.367141368878769303e-01
-8.828670665327202904e-01,1.211872328663996745e+00
-9.303871979294018324e-01,-2.132445684839592848e-01
-1.020614307381068953e+00,-1.270382525578532262e-01
-9.293579081649021578e-01,9.314960557991156520e-01
-1.219121701589696904e+00,1.152658718685542150e+00
-1.342928938031758612e+00,9.775925161710212752e-01
1.520239535632074979e-01,1.099352349400794404e+00
-1.129491750671116623e+00,7.736816221587220488e-01
6.019964008364871166e-02,9.211515732024395664e-01
-1.203801147829789642e+00,1.362091960242293398e+00
2.037122248845807670e-01,1.000298901082196767e+00
-9.166980583792754267e-01,-3.691967631873501431e-04
1.653129777778901688e-01,1.033764554712199191e+00
-1.013566707432782987e+00,7.705992688413125791e-01
-8.988931438251227535e-01,9.325815669620644011e-01
3.052073188474485263e-02,7.818146590369833282e-01
1.089622191763953141e-02,5.954141043190491756e-01
5.480954173861568059e-03,1.029943981477186687e+00
-6.907299321760627109e-01,1.381421921525810781e+00
2.477290936334033689e-01,1.272676369802157037e-01
-8.044635636002570589e-01,1.167570662082829447e+00
-1.643100649630777621e-01,9.935416283798081949e-01
-9.614301581779008954e-01,-3.072008336673888729e-01
-9.278306893895339469e-01,-1.214207762767516852e-01
-6.013027059478575492e-02,2.204053920942022071e-01
-1.120996312123619054e+00,2.655102688941347600e-01
2.572419833032001391e-01,7.687396353900597390e-01
-3.363200579904644938e-01,8.446855202917770145e-01
4.436626272544717114e-02,8.802730555360439579e-01
-1.156849499936275727e+00,1.041160194791035387e+00
-8.814549948677405378e-02,4.335864315422124915e-01
-9.911702528732715400e-01,-4.279035095731666821e-02
-1.140520470497355277e+00,1.414134564203915367e+00
9.647370678608653549e-02,1.169906431593779494e+00
-1.085246865759542212e+00,8.529659918538718966e-01
-2.956263000966823373e-01,-1.184685919965910300e-01
3.749459348832233085e-01,-2.392268346787308209e-01
-7.518838334980516847e-02,1.087178828987201085e+00
-6.654948294574747347e-02,1.059101859545575453e+00
-9.305782592935039066e-01,2.813817287863839070e-02
-1.212757141945584483e+00,-3.548548346556803512e-01
-1.170240219768506673e+00,1.224497157303600092e+00
-8.948325826893223089e-01,1.222503805208514427e+00
-1.329810662525320542e+00,9.944896637405139517e-01
-1.050085421079624437e+00,7.214979302462555533e-02
-3.265339706138277176e-01,1.112596948888914916e+00
-8.556066826591204877e-02,4.615035560340639831e-02
-7.209534779484094713e-01,1.646729697381000834e-01
-2.634535721635827277e-01,8.809170891648484547e-01
-9.866261682039804137e-01,1.287485150918044496e+00
-9.146350542645701465e-01,-3.409627615036533305e-02
-1.020468779368333578e+00,1.228500989887103989e+00
-9.471682737205368019e-01,9.927296854576912466e-01
-1.041229992018863904e+00,9.464485906899904322e-01
-9.378464561820119005e-01,1.025500125880636881e+00
-2.318200043082627171e-01,1.112813875530267227e+00
-1.106972189550393226e+00,5.738271068596948604e-02
-6.034555968924733005e-01,-1.002142026723340240e-01
-2.210284342913581002e-01,-2.434871840841982549e-01
1.332547355011715895e-01,2.106592010987316521e-01
-1.012154747464863558e+00,8.944232957101930781e-01
5.217245893359786502e-01,3.394702170140768138e-01
-1.067366179235219592e+00,1.394128193890161960e+00
-2.441524705709974818e-01,1.004140993325257192e+00
5.744525991961107331e-02,5.432402134096847579e-01
4.191555548287321797e-01,1.228604723169667956e+00
-6.543078614024904205e-01,-1.509676513697778832e-02
-1.126949936985954137e+00,-7.846682042626938747e-02
-1.174857012628567274e-02,1.164340292056673665e+00
-1.112056726223893399e+00,3.109203486299553232e-01
-5.684452381553715128e-01,1.341403210056648643e+00
2.593124309150280915e-01,-3.258854467440971403e-01
2.694493550531043558e-01,1.215287558127340573e+00
-6.238141052246584106e-01,8.811187356623909617e-01
-1.133824975425616444e+00,6.481105074571448521e-02
-1.961644436825728255e-01,2.879055224633804144e-01
2.254259247417195744e-01,9.337668172754471918e-01
-9.968195484140232043e-01,2.358660689949920175e-01
2.808220828988946538e-01,2.005483422942015981e-01
-1.474299841124087906e-01,9.649519408773303553e-02
-7.375423319348493045e-01,1.417464895709667383e+00
-8.488857949684049942e-01,1.089894098363202612e+00
1.319450860749655230e-01,-2.910762827332740721e-01
-1.188305249779817219e+00,2.672595282372451919e-01
-3.940076896503145742e-01,1.171440667510864841e+00
-3.692125482917243406e-01,1.014686250676205770e+00
-6.930151838692868438e-01,9.756741984063306283e-01
1.313313850667500726e-01,8.390738762576059884e-01
1.230117153956476611e-01,9.812353670765591174e-01
-6.465483454646078765e-02,-3.137282015940484059e-01
-1.838621448503073921e-02,2.223023745460493972e-01
1.611029346625361958e-01,1.844114980928430736e-01
-1.198634823377911607e+00,1.713775604303063513e-02
-2.609355485775532446e-01,9.796574502610797541e-01
-1.008972739768284832e+00,8.297954910066029921e-01
-1.238537844946612232e+00,-9.498584930374005808e-02
-7.828160158243619993e-01,3.931594630666550017e-01
-1.387389247340659271e+00,3.417325115161057303e-01
1.416631581042028798e-01,-2.371247181815086535e-02
-3.154204912680305117e-01,3.061962162019277178e-01
-1.399530021667773738e+00,8.270993542029018153e-01
-1.148187000342906883e+00,-1.662340815054551557e-01
-8.127701478855261508e-01,-1.164263514370875996e-01
-2.009882657727317945e-01,1.200939795403057397e+00
1.767963592221715452e-01,9.314414437118940793e-01
-2.688225710895130252e-02,-1.160254824811739888e-01
-1.096996090672379687e+00,1.201530396298288395e+00
-9.633513182390947005e-01,-8.787230958474301357e-02
1.417954933112225147e-01,-5.587964324704787489e-02
-8.514234973118341987e-01,1.086617648370737932e+00
-8.807814922715400119e-01,8.330217527865687588e-01
2.876615296970843824e-02,-1.712026203211928777e-01
-3.031453446449373576e-02,7.250857675395210311e-01
-1.077151506082240848e-02,6.840170123250333134e-01
2.217789781460638987e-01,1.039785006964576874e+00
-1.983748032512754750e-02,4.210377675038533968e-02
3.831063876103630861e-01,1.114583170632586384e+00
-6.608348291418926213e-01,9.799698672185191972e-01
-8.814810780642367005e-01,8.745905980472513663e-01
-7.081781275804927001e-01,-1.176801310766499922e-02
-7.025832199348500673e-01,-1.244805125356894804e-01
-1.263716683921886075e+00,1.567968527042550853e-01
2.178681300791823761e-01,9.630661794427388678e-01
-1.473686020323029089e+00,3.978920951682439477e-02
-8.683502102214707419e-01,-1.934881398205720191e-03
-1.043012548677769935e+00,8.298340108175827901e-01
-1.060380966357439503e+00,-2.169194920819313838e-02
2.211532041593462783e-01,3.180678448332222019e-02
-2.675129563408205624e-01,1.099450400314046616e+00
8.812741284178420009e-02,-8.244057156709551359e-02
-1.250641198835320322e+00,6.732442455669036541e-01
8.587278165831258719e-03,-2.776834487113488126e-01
-1.362801304084090281e+00,2.288187097049764473e-01
-1.146226313899491478e+00,-1.289014445494447367e-02
-5.163966340675598711e-03,1.924053547316149915e-01
-3.244036606829885927e-01,1.951985428039096082e-01
1.076923984191228423e-01,9.989547824151933098e-01
3.357519696808269338e-01,9.385449660160867236e-01
-1.071290672545000877e+00,8.000445516063922069e-01
-1.225767936020659032e+00,-7.461497031583508299e-02
-7.960231148045424643e-01,4.786393924825019797e-01
-2.355850141583045732e-01,1.045477552858717019e+00
3.579420343616461775e-01,2.521148385290321314e-02
-8.249857795854180775e-01,-3.226898493821254293e-02
-7.810887319739173718e-02,-4.974940692472955978e-02
-7.203236721535168918e-01,-1.813546661556492828e-02
2.867250225011231390e-01,7.037708779770015521e-01
1.469220923025752745e-01,1.145809846258584841e+00
1.112864227864585609e-01,9.050930373029817400e-01
-4.105411198793088544e-03,7.859961044149723630e-01
-6.252057445405132530e-01,-4.511582248964596809e-01
-1.042386638383879793e+00,-2.367773251609115448e-01
-8.540321063452857020e-01,1.197796234746025590e+00
-1.522948182718546206e-01,1.082653208036666426e+00
2.087344333744840241e-01,9.359039190570122013e-01
-1.141921242315086626e+00,7.104703830133716203e-01
-1.238176644572047014e+00,1.182871485963739033e+00
-9.668453286064306873e-01,-1.093302495260263518e-01
-1.174253856006688190e+00,5.973805407569552361e-01
-2.352301286510975475e-01,1.413963723074811163e-01
-1.120457740215869080e+00,7.071201973937029095e-01
-4.921018026142646162e-01,1.316294618443300812e-01
6.175320640021456781e-02,1.108131587516967942e+00
1.117271617074692830e-01,4.809863057696312505e-01
-9.133080329275901355e-02,-3.954326139228987458e-01
-1.481646011942243213e+00,-4.267101697990609982e-02
-4.422623429561982344e-02,-1.146557981392369308e-01
-1.061665993736447211e+00,1.089959745200121288e+00
-4.633532377221433185e-02,1.098350167380088838e+00
-3.187097896604168534e-01,-1.271876804971120989e-01
4.699330335118644467e-03,8.925375304700016166e-01
-3.988136761108465947e-03,9.692341208679797204e-02
-1.185819516349255753e-01,1.400309658204429986e-01
-3.297965727409659098e-01,-1.768777164623110132e-02
-6.800961432829735198e-01,8.942113578028713927e-02
-9.105652718613572727e-01,1.140841459679911463e+00
-3.479676695859283964e-01,8.696731109188704512e-01
-9.007854448009329218e-01,9.588303280390944039e-01
-1.348582387351226597e+00,1.089913508936440456e+00
2.183525839724296050e-02,1.207439549689808711e+00
-9.651167753680678363e-01,8.966948674258996554e-01
-1.138675212164575790e+00,1.089427818461700337e+00
-1.284904359675406615e+00,1.139259269058608970e+00
5.172962849855601286e-01,9.449199606839909782e-01
-9.994378542469858351e-01,2.564767828018398865e-01
-1.052452166941120870e+00,1.077108090024109233e+00
-1.181127757639952369e+00,3.666506589513891523e-01
-9.080855026423708676e-01,7.722977731090813203e-01
1.828522437467524353e-01,8.173641365226376188e-01
-1.033568318367388272e+00,1.359047676267490568e+00
-9.870254946005397878e-01,1.033752727851218634e+00
1.002741893732067430e-01,3.781454445419156207e-01
3.514884974914707794e-03,8.405760679459686191e-01
-1.504007160677626853e+00,1.191182314071580706e+00
-1.270546233639840317e+00,1.277937136544197827e+00
-1.127999437710514474e+00,-1.230682424310517720e-01
-1.170010533377494832e+00,1.324232659494205544e+00
-1.140312419229941865e+00,8.115894829738941052e-01
-9.598925474888052589e-01,5.275444837405911525e-01
5.212000343516440815e-01,1.292594114683186968e+00
-9.349046828126783559e-01,2.592772269303393884e-01
-3.526416570524758543e-01,-4.969189083505669985e-02
-1.018319395383241455e-01,2.546445509773960850e-02
-1.140767759147013338e+00,1.784997936615730363e-01
4.577967421805340109e-01,1.133831579462365013e+00
-1.098210503849098574e+00,7.549082760045755514e-01
-2.690792487963770963e-02,-8.035763699932575721e-02
-2.799324422221026176e-01,8.709967224205336089e-01
-3.124915474348187797e-02,2.689168511876406931e-01
1.259583071069483862e-01,1.081607185325682563e+00
-1.174847389199689340e+00,5.797553756404761893e-01
-1.503266441653021944e-02,1.064230641672333721e+00
-8.269652781070508940e-01,1.724854276041395407e-01
-9.732851798512477670e-02,-7.479543602305811084e-03
-8.003003167305305920e-02,-9.671122160878518892e-02
-3.378340647524848833e-02,1.077995516954614041e+00
-1.707258587310245546e-01,-6.961251690420350302e-02
-1.173260315023429312e+00,1.084498712169138290e+00
-1.196522686795245427e+00,9.770633039193833413e-01
-4.319706366068815639e-01,1.093027192014915272e+00
-6.876114220912696862e-01,-3.375168625256544930e-01
-2.089630150433852140e-01,9.853637749046899597e-01
-2.380747816222067714e-01,-2.198988306185345465e-02
-3.039709728511971742e-01,1.983455502099687739e-01
1.737969206490669605e-01,2.645680093047786743e-02
-1.069082451790146458e-02,1.376133409940725194e+00
1.028115656465155014e-01,6.249669331584639664e-02
4.739298772133522519e-02,1.418526825748112619e-01
5.634735656005129822e-01,1.133061037992937337e+00
2.567109998506697521e-01,1.178022693348634853e+00
-6.947818608726693546e-01,9.238481154120520289e-01
-3.476436373307543320e-02,8.135838016924723526e-02
-4.128323023295246003e-02,7.223970343484337198e-01
-6.376131634529932368e-01,1.255344646532270847e+00
-1.042537584723528532e+00,-2.504478905541581701e-01
-8.247988244446515793e-01,8.978662250891243923e-01
-9.002057301676489320e-01,1.174091316244385119e+00
-2.095295723738022364e-01,4.262755877070051325e-01
-1.314031179007363548e+00,8.296529983382356921e-01
2.194285356883896587e-01,-3.115436619837603227e-01
1.450980848168191006e-01,1.399814489999259282e-01
-5.833912107790402146e-01,1.058054678212311028e+00
-3.265146208358875590e-01,-6.642596209382642392e-02
1.121636050482694436e-01,1.477259441230681425e+00
-1.080527920919148288e+00,8.845807927765514389e-01
-7.904143219808190679e-01,-4.095884838958176455e-01
2.052764173345587029e-01,-7.254798178141268206e-02
-7.419026352236641753e-01,-4.797185965124790563e-01
-7.197172012579780009e-01,-9.352724889849614587e-02
-1.053178420849050667e+00,4.689237181162554391e-01
-2.639118857199294066e-01,5.607532068673921621e-01
2.339942664764555202e-01,2.065450542988419014e-01
-1.641769223640002495e-01,-4.905011202057589226e-01
1.094027544582983208e-01,9.695138461259802387e-01
3.207829434078562220e-02,1.075946292609202493e+00
-9.005047306864636392e-01,9.411458106891548159e-01
-8.923003802502843529e-01,1.028560806755951074e+00
-1.036217356024589087e+00,1.151882875991492527e+00
8.084247432798516431e-02,1.011814139906198173e+00
-1.376323135193062708e+00,-2.622137415167042351e-01
-1.011481184924238441e+00,-2.901704235903320162e-01
8.275620741124166402e-02,-6.777080124582662846e-02
-4.339972571357432751e-01,-2.872273527702547471e-02
-1.127840983979832012e+00,-4.609641633599163846e-02
-9.817924591017564984e-01,-5.779480812325781258e-01
-4.348116357220126460e-01,1.178488818346343225e-01
-9.203543813783290339e-01,-9.897178244571092076e-02
-8.932047661169757458e-01,-1.772075689120153896e-01
-8.815883982521459661e-01,9.303928658745003188e-01
-9.635225287330098087e-01,1.005798244700396360e+00
-9.264289125475778652e-01,-8.547150364574969059e-03
-1.239341621225857226e+00,3.894396636677965318e-01
-1.142045304303997144e-01,7.885652009379522376e-01
-1.248582791942072001e+00,2.537269496901806698e-01
-1.245407365030380964e+00,1.107783193809724676e+00
1.868257046946453781e-01,-1.565441917096862812e-01
4.266343939779008720e-01,9.777923154517687010e-01
-1.261756746308893562e-01,-3.474076523116762516e-01
1.192171000193509439e-01,-7.135497707354540586e-02
1.566058290360889949e-01,3.395536813184596991e-01
2.196347308582081159e-01,1.192309240693946393e+00
-8.336780008414852450e-01,4.490893726422851701e-02
-1.358575704977183496e-01,5.376432986954268745e-02
6.029819972195248762e-02,6.555135347344698271e-01
-5.442242086699975445e-01,1.362823449450488056e+00
-1.082910948933012873e+00,9.784714422572280412e-01
-1.098308150059406962e+00,1.183704817131509129e-01
-6.616052440763651177e-01,6.090478398017176165e-01
-2.594022511133250997e-01,9.430194227345031766e-02
-1.267122295799133269e+00,7.083818768146273870e-01
-1.216589369762755668e+00,1.193258103052537988e+00
-3.085445016053923739e-01,7.757902526996427461e-01
-6.752382608714506684e-01,1.233129196968665076e+00
-7.378207049820467711e-01,-8.291303969616722891e-02
-1.113134157388800727e+00,-4.011820701040738624e-02
2.993852676564360271e-01,1.576298445742792265e-01
-1.335732765975802705e+00,3.003043501867400655e-01
-3.210793647340048906e-01,7.823834715050750344e-01
-1.250293510299873567e+00,9.564208495793985465e-02
4.463323625220792512e-01,6.216071841938702880e-02
-1.695315822017141039e-01,-2.511983491533844592e-01
-1.059581162082481098e+00,1.220896101808157885e+00
1.534031426274783949e-01,1.963731627187093390e-02
-1.052623730151760029e+00,5.924345946425477738e-01
5.950843303782499955e-02,-2.453869589631099413e-01
-4.207866706376977572e-01,-1.495249546961731069e-01
-2.993655583343208804e-01,2.677407586431462261e-01
-9.045669958430249125e-01,8.578597641031481258e-01
2.339600015322903029e-02,-5.517705752885958964e-02
1.600508555217375617e-01,-2.907184426146330880e-01
-1.011406042316142839e+00,1.275096771518719141e+00
7.474844483657461236e-02,6.684318517641599788e-01
-1.236891122739346205e+00,-8.322756421824187290e-02
-1.098401708108498021e+00,1.117181721945873063e+00
-8.161187615918470695e-02,8.847404265137269741e-01
-9.360512789804633638e-01,8.482939281469289439e-01
3.068859872531358446e-02,1.196680160583726837e-01
-1.337026931228393334e+00,8.643988976056715678e-01
-5.959809690290555073e-01,-1.055709606300953840e-01
3.592492456577663362e-01,8.355521592966510536e-01
2.077540030289684314e-01,9.590392237107772111e-01
1.464478910453571592e-01,1.174430951586559635e+00
-6.779785595144975641e-02,1.157862420874472553e-01
-8.949558877565777504e-01,1.144505744661627133e+00
-9.076197894223313467e-01,-1.094924507567655997e-01
-1.395939772234624732e+00,-5.643803401649590823e-01
-9.009057783227859550e-01,1.335498340880080237e+00
-1.195692635493559308e+00,-2.386130504523173157e-01
1.584740208631013336e-01,9.536490932348297145e-01
1.624250877413467575e-01,1.397547925057543550e+00
-7.904554370286015486e-01,1.122014967717203993e+00
-8.032127815978136187e-01,-1.135289249063360234e-01
-1.456256802711330955e-01,1.433356489500447854e-02
5.897535494041595827e-01,2.016423439180650146e-01
2.591284445447037954e-01,1.126334774445219455e+00
-7.506773548742891322e-02,1.176028171652957699e+00
-1.528417217783002158e-01,8.381473239586850754e-01
1.514449827742815891e-01,2.494306235535672933e-01
5.058895102008104105e-01,-4.668548044545427489e-01
-9.247457758606005829e-01,9.573050854425395606e-01
-3.163456176289299315e-01,8.232613892593794169e-01
-7.887088462284684576e-02,-1.329567990220378582e-01
-1.520240414738212031e-01,-1.305810073213524991e-01
-8.338883578816332909e-01,1.442761238415878750e-02
-2.267990238068252340e-01,-2.769498783747184611e-01
-6.815061828707361657e-01,6.392737675621671389e-01
-9.570508479116718314e-01,9.623737848793021410e-01
-8.535654075867545876e-01,-4.254832028671795552e-02
-3.334852129374349938e-01,4.718757823794344358e-02
-1.761675038380443314e-01,8.054704986534714228e-01
-1.038534600995461687e+00,7.639100732679348082e-01
1.217548148175455480e-01,3.732288426365809597e-01
-5.136961841743006296e-01,-3.622121396972612095e-02
1.048002063161321690e-01,1.078253814291799673e+00
3.794436784432522053e-02,8.938773045861934108e-01
-6.527179426065335410e-02,1.308606572977848881e+00
-8.487569896074868003e-01,1.885330277494007556e-01
2.036844106649634556e-01,-2.242762677077314581e-01
-1.321185086474703008e+00,1.293440149748662282e+00
-9.173657557687604491e-01,-6.165932962748579826e-02
-9.098636667616448737e-01,1.081291774609898004e+00
-1.241577837303013965e+00,1.103111866278041919e+00
-1.664424323963451316e-02,8.671284397253214982e-02
-2.114056073078843800e-01,4.843925397440672631e-01
-7.462359932026673137e-01,1.226431406428893783e-01
-1.328783894393402276e+00,8.781198325270883620e-03
7.790338365575054380e-02,-4.031957755924754916e-01
-5.358248748630014546e-01,1.299966287835929490e+00
-6.502380543666159696e-01,1.489725237364675436e+00
-4.482291570172990403e-01,7.700921629132136473e-03
-9.200237870501062343e-01,9.247347039085156151e-02
-8.899834765796197367e-01,-7.824598125268324156e-02
2.175407499479762585e-01,-8.470805788916799250e-02
-1.306896225795817656e+00,4.143534192258576110e-01
2.442851628904741113e-01,-3.384878733098179993e-01
-1.101940974830779130e+00,2.147843795039526549e-01
-1.130780694420788324e+00,-2.863626965471552377e-01
-9.208978917684584875e-01,1.258066591314626337e-01
-1.233567659242922332e+00,1.131907548750932468e+00
2.159653941997958237e-01,9.352127215532901605e-01
-1.112615669378164363e+00,1.051868134724273984e+00
-9.817777362845835354e-01,1.292812314599212087e+00
-1.059350923507506925e+00,-4.256625624654520879e-01
1.600536104647637681e-01,1.834608268656873487e-01
-5.811240342173463677e-03,-2.402514284790736310e-01
2.996780889426419181e-01,-1.641735712035425621e-01
-1.202362900546193991e+00,8.876394110993978126e-01
-3.483897453313381520e-01,1.728496042642456085e-02
-1.237107345043221507e+00,-8.986572542269832820e-02
4.303496302975446941e-01,-5.367007631918666727e-02
-6.501966658883522321e-01,-2.839422455329755901e-01
-1.158904330556930873e+00,7.012687386742595397e-01
-1.392519621956703535e+00,1.175985072843525714e+00
-7.986351254261550014e-01,2.886361480740394780e-01
3.238477464512266174e-02,4.503340821401578126e-02
3.229692955711775393e-01,1.402559839411229858e-01
-2.582489285974606252e-01,1.092469556394255026e+00
1.892094997125980949e-01,9.746488657178613568e-01
-1.343202636927871785e+00,1.815269791906928276e-01
-6.867293723688167040e-01,-1.656808677505776928e-01
-1.422016053221208387e-01,6.969044733576035267e-01
-1.389948823839031622e+00,1.006195659682064703e+00
-1.147945700070066577e+00,8.399066109750623621e-01
1.180932403784587387e-01,8.499242023376614441e-02
1.230236382867524320e-01,8.534305287388614936e-01
-7.616955253858854746e-01,1.300685780211078280e+00
-1.689924839587785780e-03,-2.037487817037697824e-01
-1.184337152449015607e+00,-3.110688327749526749e-01
-1.911133276814752924e-01,1.062681246636693055e+00
-9.274272381795856113e-01,-1.245830234681706838e-01
-4.766804982131078207e-03,1.058960736040769068e-01
3.577432924838547246e-01,9.412295336377979327e-01
-1.282941410372714586e+00,2.207896776452436191e-02
4.113968462859408648e-01,1.836541221000059232e-01
-9.460194631697039780e-01,1.479730865501505954e-01
-5.568647675347025983e-01,1.064096371838939847e-01
-2.202788151889821799e-01,7.673786613748909691e-01
-1.275873722002687893e+00,1.248819401769502235e+00
-8.394302395509704029e-01,-3.088992826188765584e-01
-4.164116015430334439e-02,3.541558386013946014e-02
-1.336718964167047607e+00,1.156262102589023399e+00
-1.182012295883116682e-01,8.432992095842450908e-01
-9.440088285707629590e-01,1.970699425958934714e-01
-1.236157658195596643e+00,-2.028715300328557680e-01
4.506291251613980808e-01,9.995336792394272640e-01
-7.672592246003061556e-01,9.261470041003012632e-01
-7.421289770407345221e-02,-3.823965321361608716e-01
-8.306312417359739131e-01,1.213050451124805917e+00
-4.862812983177338677e-01,6.378576976986766178e-01
-8.465480951827446532e-01,1.116528069446811822e+00
-5.804834871409009223e-02,-4.077172395030693314e-02
-7.791530840736918817e-01,1.401422347486290798e+00
1.636638230665846405e-01,-1.084105492829876144e-01
-1.086816715984049164e+00,7.821334724876021216e-01
-1.146450502755459677e+00,8.641084604149837922e-01
-4.053532257638343683e-01,1.677014801622429829e-01
-9.877043333216822818e-01,5.276464422998042858e-01
-1.175178180922497262e+00,-3.270288569189536698e-01
-1.196370248699315741e+00,1.039581502916348654e+00
-9.616673527578594172e-01,7.874467742214279475e-01
-1.536962640910768119e-01,1.262886541383163308e-01
-5.722477708856532619e-01,-2.993829962613207551e-01
-1.235290728794546933e+00,-1.529251823185369570e-02
-1.711904540964961363e-01,8.388663047403047690e-01
-2.679043123147402047e-02,8.875896135336829307e-01
3.188233707414777629e-01,-1.178733541578434185e-01
1.707904103771240301e-01,1.270196442811188264e+00
-9.285311018571156261e-01,1.177797435631159129e+00
-2.316262075851491242e-01,9.655706320891639383e-01
-1.451476574809918763e+00,2.931414422459479585e-01
-1.022263952499320450e-01,1.052971800147007198e+00
-3.861091889704753588e-01,7.387349154141641117e-02
-8.088495790375904715e-01,1.770112381334076335e-01
-6.079406017482071045e-02,1.142773797130174129e+00
9.039627026987369363e-02,1.117780648192340909e+00
-2.841177805118320077e-01,1.257588011037040321e+00
-1.173564595476511707e+00,9.568713241008389714e-01
-1.121658295755229906e+00,-2.199739106454355886e-01
9.435781597627594663e-02,-1.127020501033368788e-01
-7.945844936692279814e-02,3.991391870101790307e-02
-1.263362068349083822e+00,1.088965616063075847e+00
-7.161366785810817648e-01,9.545028926312223438e-01
2.476700170342759633e-01,9.858751839293153907e-01
-8.747601460469859314e-01,8.788773524233574053e-01
-4.310197922687458022e-02,7.575586425107418975e-01
-1.660484151269489284e-01,8.617285681543486175e-01
-2.496634842405492660e-01,9.281952747477724142e-01
-9.745695856122460476e-02,1.054932791924758861e+00
-1.338995415641003550e+00,1.826846462525099080e-01
-1.120481675685811140e+00,1.080709940910048683e+00
1.563413461236126678e-01,1.281278050997251672e+00
-1.063271107634179868e+00,9.894220180788602936e-02
-7.617261527965482060e-01,1.137205718570032609e+00
-9.835725970220421388e-01,-5.048651315593685740e-02
-7.288362267696315566e-01,6.737053697914578976e-01
-1.513233652844443444e+00,1.434146139021237887e-01
-1.082954758701587528e+00,6.912865423543471666e-01
-1.999346312629919284e-02,-1.886202104888348996e-01
-3.110970325013663329e-01,9.702362005772700027e-01
5.143517442676290852e-01,9.780404130922396577e-01
-2.878577583919936234e-01,1.014258597284491970e+00
-8.729894128447981405e-01,1.661478728593332732e-01
-9.671510252948015141e-02,1.237057652032166999e+00
2.253726323192880021e-01,-1.283357315856336889e-01
1.721536662190271683e-01,3.845687206389132307e-01
-3.606005913949562880e-02,9.377497746369239939e-01
-7.271520915401470386e-01,2.926714449945689300e-01
-2.448225962077487383e-01,-7.614623590036179168e-02
1.550079596285276144e-03,1.663412193834108710e-01
-1.476930562316920437e-01,5.880516289532317087e-01
-1.223404881348619133e+00,3.015598813748881502e-01
-1.152694721904561570e+00,1.391314021261137013e+00
-1.022852333448646567e+00,1.208772845939454221e+00
-3.540857243659650821e-02,2.053583299188910527e-01
3.492163161546656958e-01,1.392387103442247920e+00
-1.084879636696019833e+00,2.127485808667951492e-02
-7.230261761848193469e-01,1.223804470220356988e+00
7.447875277141979833e-02,1.266405386240587960e+00
-8.178423927523345224e-03,6.904291668049433728e-01
-1.694925279378241001e+00,7.703435796371256306e-01
2.306611936609000157e-01,-2.353388045301387510e-01
-4.470155797449938406e-01,1.155493901670168633e+00
-7.377105038077287347e-01,1.292379651139790253e+00
-7.003382704112712798e-01,-2.049759122005460621e-01
-8.236629778644037891e-01,7.281480196888613643e-02
-6.159421955239650082e-01,1.351775570757622613e-01
-9.011035708446448744e-01,1.236173085507047853e+00
-6.046491674121913240e-01,-2.080198047709251874e-01
-3.535798271489730693e-01,-6.220908228567009757e-02
-9.899347149981205796e-01,3.467445988885144159e-02
-1.303752478250438385e+00,3.795276901655574853e-01
-9.345136272765121044e-01,1.116428303929269811e-01
-9.597831349972669734e-01,1.106223102972958117e+00
-9.860831096561113451e-01,-4.804303379857839951e-01
-7.142225628694000017e-01,1.266292521359220213e+00
1.838387774121933993e-01,-4.061130135789055018e-01
-2.810396918069459904e-01,4.777672097307881227e-01
-1.450807713147828082e-02,4.180327963642435640e-01
-9.274141540468284761e-01,9.568694254709114722e-01
-7.674210283681126565e-01,-1.988379799993764130e-01
-1.024584491480333925e+00,7.699093272082194184e-02
-1.268936227606569656e-01,8.138663622785695662e-01
-1.331121100877401098e+00,1.123131131206110744e+00
6.349910204802358682e-02,8.498033241845909247e-01
-1.143369150930726441e+00,3.750089272737232304e-02
-8.785977066423475978e-01,1.015527746991197855e+00
-2.137344592419898603e-01,4.174492814543692698e-02
-9.369085943415617068e-01,8.817420648504270542e-01
-9.639952463064840882e-02,-1.262393358316624414e-01
-1.048674901337623755e+00,-2.742994683674356837e-01
-7.208205124677362630e-01,8.558224581057196634e-01
-7.942723198047726418e-01,-2.928750914307449715e-01
-9.814610614065077954e-01,9.420457427026723840e-01
-7.537910383335527653e-02,-1.782761958282617076e-01
-1.063138585516787860e+00,1.352444562815907636e-01
-2.327358239736365339e-02,1.421419893029953752e+00
-8.154293660430115276e-01,-2.079290818433174870e-01
-1.806388691583953043e-01,4.433427593453879156e-01
-9.678916731595583745e-01,8.420660309271355004e-01
-9.056657963825273105e-01,7.079161282189494475e-01
-1.120677898906649261e+00,1.348133674934258730e-01
5.802644037245462127e-02,1.199524586623904598e+00
-2.072521145272782431e-02,1.273511728846904667e+00
2.922455141658567013e-01,6.039787761772890534e-02
2.367571161158269488e-01,1.143546932865392848e-03
9.105392728256332668e-02,1.009100753397712769e+00
1.816469679311252527e-01,-2.328415509173876324e-02
-1.114748189645230703e+00,1.315130772002450987e+00
-5.976669413864647007e-01,2.466458660172204109e-01
-9.672875979662538537e-01,2.420980173722804829e-01
-8.355042211656904527e-01,1.256908910807946311e+00
-3.879684292389683486e-01,6.394912113389327191e-01
-1.081231403521056844e-01,1.307594342749081484e+00
-8.219699866115331988e-01,2.255000061025953240e-01
-7.109473667122387930e-01,1.024930603478113378e+00
1.563445095098075222e-01,4.129048072773346817e-02
-3.880998206344974388e-01,9.081334897332490330e-01
-1.673164436544951339e-01,8.178700797602495021e-01
-3.796879496066127291e-01,-7.448309865404467711e-02
9.846640774564241472e-02,5.160784978290008929e-02
-1.111500973786970770e+00,4.416528123002655404e-01
-8.305444939760061596e-01,9.407077536418405606e-01
1.301882350729172966e-01,8.697699813194020857e-02
-9.999947457718172394e-01,7.650584038555223731e-01
2.306386915810064442e-01,-6.030040488154402717e-02
-1.051235945955983020e+00,6.277603215537611026e-02
-1.124738572353532584e+00,7.785050734997593924e-01
-1.779457741678601990e-01,1.223003527135109181e+00
1.411674998262130642e-03,2.436117193530402264e-02
-1.203409193010074096e+00,6.048411894251208842e-01
-1.188260608110964345e+00,-1.047627464596800756e-01
-1.120464716925372972e+00,1.047058834133461014e+00
-8.014570554463880114e-01,-1.963181921917541151e-01
-8.494297694643064833e-01,1.172887809899083589e+00
-1.367501854292269559e-01,1.300263925984910696e+00
-1.352061874928311758e+00,1.099174148555837283e+00
-1.866725588969703198e-01,-5.499689478019776923e-01
-5.189290243389782509e-01,1.035754088354790214e+00
-1.180199009489328876e-01,1.182232214375173340e+00
-5.340934005136457191e-02,9.321071804600704613e-01
1.770040401266711194e-01,1.201770331512308054e+00
-2.130910106572624363e-01,9.416212961497710809e-01
-1.642195253818113376e-01,1.862912236323431003e-01
4.325079688831490188e-02,-1.362673367732510632e-01
9.799335671531299308e-02,2.333890771627873117e-01
-3.371339098376839871e-01,-4.090961648947387119e-01
1.769646786294571950e-01,2.616677635792735712e-01
-1.350356097199595595e+00,1.329006148853091096e+00
-8.433841824861333381e-01,-1.731357771459006711e-01
-1.236490499163404699e+00,-1.792019529519779109e-01
-8.694971966578083356e-01,-2.873251182128625514e-01
1.915807989251493149e-01,1.140723387876585448e+00
-9.767463787829412381e-01,6.213231954888830399e-01
9.158553499147602250e-02,3.971100849982529546e-01
-1.123484915177406007e+00,-1.560035244461292769e-01
-1.033014814021682604e+00,1.375262765680084875e+00
-1.119837011902098611e+00,-3.350934749267013846e-01
-2.091829573259063324e-01,-3.140928447149682334e-01
7.491533414546934500e-02,9.935025676408033579e-01
-5.561004914374180208e-01,-3.989155262376810618e-01
-1.176174863053438102e+00,-7.807186467267079877e-02
3.116722983991042084e-01,9.883087687646936459e-01
-3.362018845473997986e-01,4.765552075927102504e-01
-1.557376131177232448e-01,-1.844954707997841781e-01
-1.695560325719359662e-01,-7.390240148298080590e-03
3.070488668549124500e-01,3.075764002085225601e-01
-1.195107154499605917e+00,1.116687891673558530e+00
-3.873354316553137000e-01,6.967865761195648489e-01
-1.332549523557760907e+00,1.147266766464803300e+00
1.241217643614686691e-03,3.002558191565005141e-01
-9.334276049596813563e-01,-1.385453293654209661e-01
-2.659800251297110285e-01,6.724495197550760250e-02
-1.052565809830522392e-01,-3.331563555175035690e-02
-1.250207368802393582e+00,1.025494130540521409e+00
-6.370791286193621117e-01,2.679447901869772553e-01
-1.990835463817011153e-01,1.469360517965714985e+00
-8.342136613041732929e-01,1.025292387859199073e+00
-3.904267783549563164e-01,9.042269296846598969e-01
5.072122549587252394e-01,-1.329329464420699602e-01
4.170341026738518253e-01,-4.437371062752431400e-02
4.058830607825088532e-01,-1.422469259939199704e-01
-4.621264491943082031e-02,7.743737283847457187e-01
-1.207374893457821979e-01,8.699822091554503256e-01
-7.381412423801205769e-01,1.627755118247041222e-01
-7.634964479876593657e-01,1.394042190182717356e+00
-5.154818475830970081e-01,1.133877695130877772e+00
-1.174196309776011748e+00,1.014594838844659203e-01
5.804465898902440024e-01,1.024046865870930301e+00
-1.224601696407323193e+00,1.166536840881127413e+00
-6.169358037853593935e-01,8.765611920771932963e-01
-1.263623994343833212e+00,1.101359027181701755e+00
-8.268240366916974615e-01,9.419061962468715521e-01
-1.082305769731616962e+00,1.832027413353529144e-01
1.619004301156768411e-01,8.743858399350624699e-01
-1.255620784484210661e+00,-5.308077890120796449e-02
-6.582329994005774454e-01,-3.249105637562489934e-01
-8.926994668318865012e-01,-8.720774681932376426e-02
-1.112247316371294703e+00,5.720802010745529298e-02
4.381901233296837256e-03,1.055382382020203069e+00
3.420883665078602309e-01,9.310902323971281813e-01
-9.763966104763288634e-01,7.082127781399334410e-01
-1.025346547412496312e+00,5.595114956561782898e-02
-2.596625105605750994e-01,1.356432416208949387e+00
-1.447656413893480265e-01,2.810444244308153983e-01
4.895952518593076758e-02,9.854348017267468007e-01
5.435184562563456084e-02,2.326045589771773836e-01
2.070459003936052644e-01,1.471126817811727605e-01
-7.918978803464402638e-01,5.852414623418047412e-01
-8.621708625594459718e-01,4.523816123469853734e-02
-1.075923557789080887e+00,1.117475538781142586e+00
-8.637316698568918705e-01,3.636832541203749991e-01
1.703166270402823590e-01,7.545728972284340141e-01
-9.105720721919181582e-01,2.754952564740735244e-01
-7.682376774536314734e-01,-1.208179022381065115e-01
6.757625043045706326e-02,7.812030594290164665e-01
2.934777754900184665e-01,-4.523851602725854210e-02
-1.047397356202715013e+00,2.408407513791609444e-01
-1.058062001410161823e+00,2.388237989957537333e-01
-5.466943224138165469e-01,5.801984456832152137e-01
-2.891570138960428138e-01,1.242876816642855653e+00
2.183320256294095929e-01,1.789774808918289384e-01
-1.112983849299379546e+00,6.995031520092035437e-01
-4.566459583029871538e-01,3.526599900824410327e-01
2.020567264366454618e-01,5.817777675983296093e-02
-1.096902548484568890e-01,1.201010004904101924e+00
-1.041272956454297072e+00,-1.651238055008336370e-01
-7.172552207679743219e-01,7.096469255426032241e-01
-1.006697269531462879e+00,8.958392460355515952e-02
-1.233291136132090404e+00,3.040141979506251757e-01
-2.549071531890809150e-01,3.617040958412282708e-02
1.109879464442560665e-01,-4.207435679117425137e-02
-8.434273138997041563e-01,4.812920930779208684e-01
-8.355577193535268510e-01,2.384469329870115839e-01
-7.835382299208756840e-02,1.170091724948166267e-01
-9.097971989683331095e-01,3.430752658526202148e-01
-1.046088180013131419e+00,1.055835439692194289e+00
-1.042311716348950812e+00,3.291146831447270271e-01
2.119367397464756164e-01,1.268620811484090449e+00
-9.154155528187175594e-01,1.464640075430412747e+00
-2.315589795283589936e-01,1.620008006089566910e-01
-1.543985817855353382e-01,1.345902701291618264e+00
-7.949543596854888872e-01,1.376973589012034926e+00
-1.241820876004692042e+00,1.423088003599949081e-01
-1.016601829324121686e+00,3.069898515753671786e-01
3.030876004719938455e-01,3.371516975123608345e-02
1.189705911786789333e-01,1.144898530405753068e+00
-1.300286451585067171e+00,8.760106946526659000e-01
-3.098675862793886515e-01,9.959162260601969741e-02
-1.562689583904562696e+00,6.883879682516365062e-01
-1.342435410116076533e-01,1.202624776881264346e+00
-7.540740113275334888e-01,1.660936040923942716e-02
-1.156205864437632291e+00,1.026664196767502535e+00
-9.884569018617954672e-01,2.772830554142557274e-02
-1.203883599000441951e+00,1.917872609176227150e-01
-6.591493693329708581e-01,1.026421558326468420e+00
-1.187203659011083628e-01,-4.711000857821786569e-01
-1.282724499717945221e+00,1.046422552763614545e-02
-8.605081966729468679e-01,1.048908239326489383e-01
2.670047854030016543e-01,-7.292167867483351218e-02
-1.177364317242381553e+00,1.110926401227240845e+00
-8.144917164549443367e-01,-2.037016974492052157e-01
-1.151709070897159792e+00,1.012970645511716672e+00
-1.233014750586165720e+00,8.473690253418244556e-01
7.861630546440702416e-02,1.313890653035334921e+00
-8.626003275915408164e-01,1.233015488036022678e+00
-7.025742292159079527e-01,1.269302583012860808e+00
2.094110474382621101e-01,-1.598662847698791717e-02
-9.385076008922942359e-01,6.715334772514485184e-01
-1.305364874237966433e+00,-3.291954373392839972e-02
6.913224329816797242e-02,9.930491369414372604e-01
-7.741237155623812427e-01,9.914117144957306227e-01
2.399416188559136062e-02,5.788290807774092439e-01
-1.331800580946585821e+00,6.811612862632574483e-01
-1.170260958235316701e-01,9.112119020104078593e-02
-5.878857668275571102e-01,-1.918517227696026617e-01
7.303175427470559589e-02,1.054086085923032989e+00
-1.090564164687630511e+00,1.069392119234195415e-01
-4.468111232495845103e-02,1.053132033599657014e+00
1.822622935247376619e-01,1.151288401832884084e-01
-3.487686275888543519e-02,1.187925705549765620e+00
-1.237152184700995639e+00,1.106279308463276490e+00
-1.622006998616248863e-01,-1.213516719677538575e-01
-1.204062383611465670e+00,-2.907254936033392134e-01
-2.716035711432429611e-01,9.903084958213107525e-01
-9.424665689329209117e-01,-1.037458994693694070e-01
-7.692265480110069831e-01,9.257217080912281126e-01
-6.868682632940466271e-02,1.006968878052599381e+00
-1.761709273559847744e-01,1.524806992940417993e+00
1.635509552697930469e-01,9.216146200758802698e-02
-1.200463514313474533e+00,3.581737730506003858e-01
-1.000587952575748618e+00,-1.055965718142272969e-01
2.494510084853155188e-02,8.826030214593618695e-01
-9.087309498222968518e-01,1.149652018958269295e+00
-9.080801361639125879e-01,1.261705228176525972e+00
1.184896540907343088e-01,2.778736341074551364e-01
-1.688781026791063081e-02,5.352922320811059897e-01
-2.061869343620812145e-01,1.070153951652731417e+00
-9.599235714954892362e-01,8.443414835656271045e-01
-8.935338175083588075e-01,6.427778196678848310e-01
1.907523817913039932e-01,1.774648662324891935e-01
-3.742095015743794328e-01,1.059171891469494337e-01
-8.017116992958638333e-01,5.858062277980622713e-03
-1.010175518521454485e+00,-1.097260080493079465e-01
1.582494030830961240e-01,9.553789581911675821e-01
-1.505831161188925460e+00,-5.657660415916979102e-02
-2.339102814211863612e-01,9.036115789242750163e-01
-2.024157097856217336e-01,8.674211305527635973e-01
-2.085170642345988423e-01,1.108052408298924929e+00
5.377860769821819070e-03,1.645052962008210495e-01
2.722170055513514764e-01,1.178343739482969887e+00
-9.276582350552473599e-01,9.497454338886712755e-01
1.599570366162662849e-01,-8.965308013254245922e-02
-3.528436263933465433e-01,1.837296491046832847e-01
-2.871721791414773017e-01,-5.848375386576135648e-01
-1.978718151610538156e-01,8.101560003432353163e-01
-9.919700709493928237e-02,1.117685038894731253e+00
2.178619970272707984e-01,1.434395224438336225e-01
-7.487576067851786643e-01,9.264992990430873654e-01
-1.096201435827570236e+00,1.196141042457623746e-02
-1.301047122470057271e+00,8.635921628964025043e-01
-6.172274218269770962e-01,1.288574160589883721e+00
-7.800085752999297295e-01,6.916645837997158555e-03
3.662710552786774265e-02,9.747870416994385279e-01
2.347802173470838749e-01,-6.332736024676187403e-02
-8.100373862462009189e-01,1.019264422670950188e+00
-1.056542471939265537e+00,1.255828564565308669e+00
9.704267197376166554e-02,9.686792237027439523e-01
-1.940328168609378456e-01,-3.941966355633159114e-01
-1.833158733096784121e-01,7.069467318461808425e-03
2.172418820331772638e-01,2.480153932355223245e-01
-3.666036245382343628e-01,8.899266045876060016e-02
8.618699961426343203e-02,2.007224459387504101e-01
1.476023963399538397e-01,8.720005431945474506e-01
-9.562821276308762775e-01,7.330009400211330295e-01
-1.311535761992892901e+00,7.935616832304113188e-01
-1.010810044006136277e+00,9.596072018052176356e-01
-1.386301445303079471e-01,-1.472802866174559820e-02
-6.386649136664028503e-02,-4.574752167328253322e-02
8.059559576067426567e-02,1.119899876468122502e+00
2.269459023536701536e-01,-2.342616190037562132e-03
-1.126824455146395454e-01,9.987683645282138256e-01
-6.839453855582366959e-01,7.839806070731639709e-01
-9.444994122775103307e-01,-6.857174455983617786e-03
-1.069463134066619192e+00,1.061511065152432653e+00
-1.226726804468478926e+00,-2.367500046793125090e-01
-9.280154857398100754e-01,1.174308753421859031e+00
-7.475307401852240297e-01,1.969019824803132923e-01
1.723032584898180064e-01,8.444312638898339163e-01
3.416224673405106049e-01,9.153500214842407168e-01
-1.262057348005455992e+00,9.564702385024768105e-01
-1.106774595532894034e+00,9.363069640235437419e-01
-9.515281310609831067e-01,1.006741903935451266e+00
1.376574154439801079e-01,-1.262290767246118384e-01
2.309854668915042181e-02,3.217601605439913137e-01
3.563152469897228058e-02,8.903523741865964070e-01
-1.101946134632559193e+00,7.906765069324479533e-01
-2.670229300013116092e-01,1.191169369830220592e+00
-1.448819150275802436e-01,9.109691927827505697e-01
-8.424205634368181483e-01,-7.891647724038897138e-02
6.452790024486328158e-02,-2.315071586479425791e-01
1.679024566029802545e-01,1.382451076966744186e+00
1.209906718856780354e-02,3.650067821940622959e-01
-1.125524227875011718e+00,1.185925381268059020e+00
-9.561862486434140607e-01,-1.924129335987404682e-02
-9.220136578014157536e-01,1.140113100468840956e+00
2.090602022971821961e-01,-2.978824337842321882e-02
2.885689331443600306e-02,-1.153874415147904675e-01
-5.105581290959661234e-02,-1.866556990580736097e-01
1.141010174012402484e-01,8.874247172579103893e-01
-2.633017708621578357e-01,9.502148572427044915e-01
-1.178814072398714163e+00,8.936844612280682165e-01
-9.462957242026863725e-01,8.817150796049785244e-01
-9.670736690857159035e-01,3.529005368239709894e-02
-2.747160367973351947e-01,3.462923532314053920e-01
-8.441603677426705588e-01,7.442499737380836589e-01
5.143332953452586231e-01,1.309992128569291925e+00
-5.304646287241857605e-01,1.367529707282651996e+00
-1.075742765993978001e+00,1.247832231412950410e+00
-2.511062421547679002e-01,-1.177956554556313373e-01
-7.787142438812952872e-01,-2.585184243716834862e-01
-1.390395627792433864e+00,1.310881837680337503e+00
-8.558728711849443727e-01,1.058556819827766393e+00
-1.176806371521925243e+00,-2.568152938992137591e-01
-1.235964679959488555e+00,1.028714743043467994e+00
-8.212486379649573953e-01,1.156118112168359469e+00
-1.415105964699189034e+00,1.294013070387135977e+00
-4.851877715452303508e-01,4.546534829959696100e-02
-8.102152247472564905e-01,7.303994795770207826e-01
-7.190084031553243271e-01,-3.621376841636701760e-02
-5.473492175311233526e-02,1.299125346529643732e+00
2.160916884678266148e-01,3.191411402651569973e-01
-2.576100556198835864e-02,-4.525779800249432050e-01
-1.235907081711141497e+00,8.560561469012171187e-01
-5.562563576503841700e-01,1.179099508412753794e+00
-9.437423033105468706e-01,1.131172159852314785e+00
-3.032442549614274702e-02,1.899923424460209509e-01
-5.864199053790122296e-01,1.370329955932221733e+00
-1.272936294948287417e+00,1.015453649606265163e+00
-1.029430522492046363e+00,-7.965109471950249445e-03
-1.066906891445738914e+00,9.213127059974542954e-01
-1.204233595930766842e+00,-1.023406267244592327e-01
5.914864843567195496e-02,-2.204353650614271909e-01
1.532762212679260883e-01,1.629353916472625896e-01
-6.474678380435384961e-02,-1.961989834469908822e-01
-1.279149120036992660e+00,-6.701434150570723114e-01
2.247054715692483329e-01,1.000106952390597437e+00
-9.897103579617773095e-01,7.722885942540222981e-01
-9.391759227407746602e-01,3.047183364920774129e-01
-2.187111037563517768e-01,-1.951977898237152453e-01
-1.154991516994686940e+00,5.943167312299951766e-02
-2.338706092704026240e-01,-2.268234843290500846e-01
-1.243713276779532029e+00,7.375823941251374860e-02
-8.253151918712967605e-01,9.210697737584327971e-01
1.090805440914138363e-01,1.066223838450883532e+00
-1.066382301330575544e+00,7.549299398330386324e-02
-2.380560534344022469e-02,9.487827386435195853e-01
-1.440058902566160537e+00,4.395745677813334834e-02
2.580484983652553965e-01,1.319957150219561726e+00
7.242501319885281952e-02,-1.983625186638249271e-01
-1.976520813489511808e-01,1.069179090410673938e+00
-2.742768272072541036e-01,7.196279162577319255e-01
-8.108227959455754918e-01,1.954900299012953813e-01
3.581289272681965064e-01,-9.428604487553812752e-02
-2.551883169102230342e-01,-4.536267095339325400e-02
-3.428194995906631015e-01,9.028000185066575867e-01
-1.106112732206441684e+00,1.079538315792923475e+00
3.794985034566755178e-01,-2.445242327928097703e-01
-7.877299175171353918e-01,1.485410641220240857e-01
8.303447399320716682e-02,-6.027790770753285732e-02
-1.131404820291436852e+00,8.269213038936510385e-01
-1.093012579967517883e+00,6.208038168922163091e-01
-6.164785611978616103e-02,-2.301540307758858095e-01
1.216688989336305871e-01,7.792397004163615915e-01
1.724656111901887445e-01,2.751849010915676241e-01
-1.217277036671137624e+00,9.367174931265426219e-01
4.868516622130467791e-02,-6.339932867185665843e-02
1.074926509243401690e-01,1.158859158508046105e+00
3.649150864497704982e-01,1.431008084103433164e+00
-9.454730936843901423e-01,9.503198971849673438e-01
-3.624359188698351719e-01,2.501671033719858883e-01
-1.564216198247218581e-01,8.056654307087021127e-01
-1.024536393061806355e-01,1.264620892541193697e+00
2.199575597622906720e-01,1.039912335762092521e+00
-1.170358806007140817e+00,7.116020864522329958e-01
-3.384248582457766857e-02,7.313319493012454195e-03
-5.771872835167815019e-01,9.618180049343209026e-01
-1.400347702274577832e+00,1.209023431850319463e+00
-7.761677228967962527e-01,9.813904718427596263e-01
-1.708699743224565415e-01,-2.382407652404320009e-01
4.368899292619458918e-02,6.283768178243034352e-01
-9.212219610769314393e-01,-8.846377048901994666e-02
-1.890995627533010315e-01,-2.549961168442960169e-01
-9.000761868588152970e-01,1.437111457972816364e+00
3.128486882854742968e-01,1.327592436308068502e-02
-9.485617799404635342e-01,9.164751111066979025e-03
-7.894931379126597648e-02,1.853762329085656135e-01
2.645915507279322787e-01,9.204825945225973971e-01
-5.520894283345098401e-03,-3.314590403793489515e-02
-1.090844729590751516e+00,8.920818262126746223e-01
-1.643968997072859928e-01,9.548352555103039041e-01
-7.740498376025883864e-01,4.901770726212014706e-01
3.086143230282693550e-01,6.778954165126773734e-01
-9.994377688988359543e-01,9.318049891821887920e-01
-8.563470924927077954e-01,6.754729500062117697e-01
5.718672007584799794e-02,-3.504631433267883095e-02
-1.078729103658594646e+00,9.779330036175351570e-02
-6.854619405819438460e-02,2.546565282564495214e-01
-7.106196850616688376e-01,7.177721191858514593e-02
3.427925713397802707e-03,9.124045989867424211e-01
-1.075152369105546041e-01,-4.597794039534653932e-01
-1.572265781991300307e-02,7.963736612716104668e-02
-6.841202956951119019e-01,8.681473379986398564e-02
-1.488870902567946131e-01,8.586513382613726320e-01
-1.324616205112611134e+00,5.815111927529985625e-01
-1.185892009974959693e+00,-2.019858023208841447e-01
-1.498702106856619476e-01,1.300545586539605392e+00
-1.383017081660345982e-01,1.149963703062321763e+00
-1.217339076845753265e+00,-1.983122070101338008e-01
-1.088893376872725471e-01,-2.718982038422077530e-01
9.127192259542415975e-02,-1.803141120733637026e-01
8.623535408903051924e-02,1.302118848501242709e+00
-9.800481769538706978e-01,4.423020782808263773e-02
-1.197994780627446854e-01,1.773021930430151993e-01
-5.581330614670088064e-02,1.015009342667343439e+00
-8.024216798882102264e-01,-1.557226012012306038e-01
2.293835753527183330e-01,2.663145872061455921e-01
4.516166970830632343e-01,-3.144032776477068830e-02
-1.387806453581407640e+00,6.537890553581679476e-02
-1.040497954257870727e+00,6.585413157364208292e-01
5.020484148682618358e-02,-1.396980910048088442e-01
-1.121392249192367935e-01,1.418259956695061330e+00
1.170151916568803498e-02,1.004107557056999500e+00
-3.525882863837993542e-01,-1.054116600624380590e-01
-3.482144613918956022e-01,1.274928969704372417e+00
-5.463947307380397911e-01,1.230918948169219984e+00
-1.136670365361140966e+00,-6.854984351559004728e-03
-1.008489337932558572e+00,8.396004963394686493e-01
4.344379622350311165e-02,3.925279306627726950e-01
2.342484365000966628e-01,-1.761233531154681592e-02
-6.063974334988612158e-01,-3.114534586021173723e-01
-1.038383927265663198e+00,-2.207720222487203898e-01
4.576627496430155650e-01,-7.378580062920943317e-02
7.463846237152356455e-02,-5.499694803278039335e-02
-2.022152801550101409e-01,1.138261543460708625e+00
-9.076188764665760189e-02,1.406105431289939700e+00
2.783885594742724900e-01,-7.270713652495371104e-02
-1.067926941449307776e+00,-8.793949342498910693e-02
-6.066574882184567752e-01,-3.377961817534450017e-01
2.774160559722624875e-01,2.228980257574267321e-01
1.042804020419826339e-01,-2.607972951343707213e-01
2.201348787125429751e-01,7.381521016671954705e-02
4.588000574680765609e-01,9.774359810051662656e-01
-6.690911909918310918e-02,1.341845144933035971e+00
-1.100312109520303450e+00,-2.951484038732882786e-01
-1.135444461770290348e+00,2.111879943623919988e-03
-1.276828633831865067e+00,1.034171884437568467e+00
-1.102563964541590336e+00,1.146583101147843564e+00
-8.857225866833332573e-01,8.039174865384279833e-01
-9.453340315210739808e-01,7.522024177761438279e-02
-7.780955611287978524e-01,-2.610150172526945478e-01
-6.195380082914849762e-01,3.381222784799076987e-03
-9.044685083281334137e-01,1.168395901889158095e+00
-1.219094664215521595e+00,7.949594440486882352e-01
-9.957295602581861527e-01,-2.540337328845516662e-01
-1.842828330985813584e-02,8.213985390457350100e-01
3.948956446293633293e-01,1.290231649515741319e+00
-1.063696661024101875e+00,9.710005157928327524e-01
-9.476777231311870331e-01,-9.668627849665939467e-02
-2.839057022258356100e-01,1.175237779494587631e+00
-7.279267758782714814e-01,1.161451298647850905e+00
-8.097302896931659610e-01,2.554309601296155252e-01
-1.129921667691323295e+00,1.202647460009593106e+00
-8.867612392176245084e-01,5.721558752982551788e-01
-1.296625071744434088e+00,1.665399911062051264e-01
-8.016858156713400074e-01,-4.058614599162755354e-01
-4.126969966788611721e-01,7.737035053246744676e-01
-8.489844215640552916e-01,7.440853071878483771e-01
-1.678625220157444753e-01,-1.998183666564500582e-01
-8.012550229141131020e-01,1.559873439551063168e+00
-3.763899013893187151e-01,9.908824171579586615e-01
-9.454367662539273631e-01,-9.361261960292259487e-02
-1.312590960328468004e-01,4.601190605492342378e-01
1.164227815160914781e-01,7.087141058149932782e-01
-3.675764395929856376e-02,1.198604991157001587e+00
-2.279843451635805429e-01,3.546285827783548453e-03
-2.957215025620830717e-01,1.209699289981608139e+00
-1.218554852595744586e+00,1.107728221654395551e+00
-1.348404119782602217e+00,2.556389264120641491e-01
-1.196972952643788446e+00,1.193486452898758543e+00
5.355316795464904606e-02,-5.665076269043370361e-02
-1.054995344547074998e+00,7.148378583508661066e-01
-3.029015337285117515e-01,3.319875246150090498e-02
-2.675947469727590344e-01,7.436804096146272247e-01
2.358936002889007455e-01,-1.796984194676239099e-01
4.250133926415683439e-01,4.436798284867414788e-01
-1.101647675886615829e+00,8.046487173007506044e-01
-1.021459665748175150e+00,8.739831440412132446e-01
-1.184811303154325035e+00,1.366924218576097971e-01
-8.491962798453171757e-02,1.318676979930487880e-01
1.145612763038381249e-01,8.364485658557165859e-01
-1.494320254211228549e-01,8.940545831250766851e-01
-8.041791899963315893e-02,-2.874012353725242594e-02
-8.487109547059589199e-01,6.302025891032611571e-02
-1.025458000357378774e+00,7.374338415468277841e-01
1.370040996770349184e-01,9.085829286113327186e-01
3.121513444677086468e-01,6.361942626372218967e-01
2.722869721671767329e-01,1.107104569652256787e+00
2.628030958557357466e-01,-2.961760133859406285e-02
8.056768358261041929e-02,-6.155005216846047567e-02
-1.032666875600681378e+00,-2.079288610710364471e-01
-8.848633978747037776e-02,1.023591890329529352e+00
-2.080111187327747871e-02,-3.879769385605242871e-01
-1.116092017227883426e+00,8.833809560480614387e-01
3.127271621144575575e-02,-3.905421562122886603e-01
1.279011068869266750e-02,1.116857277922776559e+00
-9.679649725536961791e-01,4.700467884188672119e-01
-4.400442903353039836e-02,-2.082179445654617489e-01
-8.741801541824678612e-01,1.003543257872184569e+00
-1.052685304417146028e+00,9.476610416619016819e-01
-5.704275760252099925e-01,1.316205742160507786e+00
-1.246558696491984142e+00,1.191351287574182294e+00
-2.524598348776817616e-03,6.294162556727547764e-02
-7.333942199958001229e-01,1.379114277727607196e-01
-1.173241504716290073e+00,-7.776604482771121152e-02
-8.302344948201270114e-01,-3.617052277915413505e-01
-3.569450872999085922e-01,9.564789632406520692e-01
-1.408383660873926635e+00,8.174542779050923968e-01
-1.253931701148157440e+00,1.033632118668678990e+00
-1.228255263847432888e+00,5.970755186125280556e-01
-8.659376915232853689e-01,1.285349896718881224e+00
-1.142245519680038068e+00,-2.171651372772294142e-01
-1.299117554394618068e+00,-1.377372245633104175e-01
5.474234485248640203e-01,9.641462129229818601e-01
1.181797549479817050e-01,-2.427414511341345702e-03
8.383792612552583290e-02,-3.638103065839685679e-01
-1.043550051979873050e+00,1.360709337927386242e+00
-1.787948466937402947e-01,6.313604829257221662e-02
1.226825046539465752e-01,1.859012092982701703e-01
2.496488923400232984e-01,1.164149408523009743e+00
-2.131308763069262036e-01,1.125577680291952376e+00
5.006913122866693544e-02,1.129745479660015928e+00
-9.531908901118933963e-01,-3.051272947156534743e-01
-1.348208272011795161e+00,2.014563898375514635e-03
-1.162004576968401759e+00,1.318749212484815692e+00
-7.780604411783477170e-01,2.811858787402212179e-01
-7.886331288888068780e-01,1.028915657472322387e+00
-5.189540323300420588e-02,7.733958085543271022e-01
-6.899781171248300371e-01,1.008278376885166194e+00
-9.626067089115848407e-01,2.857311069282649982e-02
3.590277634298099513e-02,1.121865964641669405e-01
1.470983659529240817e-01,-3.797174942156858468e-01
-8.617561391310973873e-02,1.210567048169109761e+00
3.155271952656044099e-01,8.197455325557871930e-01
-6.006482551268872427e-01,-2.229432079278043377e-01
3.069115491536503759e-01,-5.166690517514407888e-02
-1.253466192871881546e-01,1.100283745849258921e+00
1.222130529537292752e-02,1.209732328732958884e+00
-1.272588627726415345e-01,4.624165071587742482e-01
-1.152934848698064840e+00,2.125612667854075710e-01
-1.163560624715723524e+00,1.006730373847713578e+00
-9.657207743144584633e-01,-1.920083004796572235e-01
1.715933263029676553e-02,8.591272959786030450e-01
1.701664792348574554e-02,1.029170438080627935e-02
5.628673895970449648e-01,3.156596749857483730e-01
-4.489704231131414619e-02,2.107922348671358304e-01
-9.664259479397202535e-01,1.919486056685126840e-01
3.787475152363160846e-02,6.017039904761922742e-01
-9.577346317419226374e-01,5.832078151900414731e-02
-1.059230607240555067e+00,1.328805741647210770e+00
-8.304900678774984613e-01,1.096901387922874838e+00
-1.281427397534573576e+00,2.053072955257237084e-02
-1.101521164396795510e-01,1.120342016017506825e+00
-9.164262518213758257e-01,-1.071663107901038303e-01
-1.569758230172495217e-01,2.527951269272781798e-01
1.305607240002288894e-01,9.108228268575347952e-01
2.052385980535476051e-01,2.570092548659491105e-01
-6.471493343511218743e-01,2.560050618818902196e-02
-2.326323869940633005e-01,-1.916602234489255541e-01
2.310507571975798091e-01,9.877259811078196172e-01
-1.064822734605915588e+00,9.357034700244631908e-01
-6.743616243159412937e-02,-2.093608609479742644e-01
-1.326297411348442423e-01,1.235842130288206109e+00
-1.127855560024714210e+00,2.575498729054486180e-01
-2.116581672691090002e-02,1.032150208415737902e+00
-1.139451661089373014e+00,5.868178576968331450e-01
-8.151390133393844328e-01,-3.429262171524563585e-02
2.210358316939159407e-01,1.060346219969837911e+00
-5.042967999835348269e-01,-8.841773040443311193e-02
-6.678863685120237648e-01,-2.436568510535965237e-01
-7.933039654294338217e-02,-3.165368387503638692e-01
-7.816271615549295060e-01,2.541892359945340241e-01
1.531548970297811341e-01,-3.643040952282583511e-01
-9.465220949097081782e-01,2.898628413273975357e-01
-1.100440674278779118e+00,1.196538691136026067e+00
-3.420819626216195508e-01,9.553812722483472353e-01
-6.860398134906999790e-01,-1.910432029382988228e-01
-9.136432439573664681e-04,1.212044710439638129e+00
-8.131103524440818076e-01,1.031787693563240849e+00
1.504950714463758332e-01,1.054973684559721070e+00
-1.504769210882140218e+00,2.157188756625653403e-01
1.495985286274121029e-01,8.945317753181595277e-01
-1.170496053224806099e+00,7.328338653074408793e-01
-1.111905055962686850e+00,6.243122384408519299e-01
-7.535981052053146445e-02,9.505303048789073284e-01
-1.918737294481254740e-01,1.468135412786344685e-01
-9.647952434025713897e-01,7.901007427802437810e-01
-1.334074391376857349e+00,-7.124886613642371358e-02
-8.612266843714553310e-01,9.688392398408408601e-01
-6.408163930382169970e-02,8.409207211409209723e-03
2.117685869915595653e-01,-5.671291120395292040e-01
-1.364877141655781001e+00,7.922005963164573394e-01
-5.565158504461451688e-02,5.447203234236294017e-02
4.526398697333766652e-02,4.109294578196781567e-01
-1.058061363257056242e-01,2.822237963727984578e-02
1.805393761971333944e-01,1.103902873762086401e+00
-1.137627347389146504e+00,2.080779235790433668e-01
4.102345720893250669e-01,-4.084971340571297294e-02
-1.223366366978703157e+00,1.712949203514748386e-01
2.344935914271651933e-01,9.478848636399834771e-01
-1.036094686339977589e+00,-1.277993377257062857e-01
-3.066466798462154017e-02,1.035421417799243793e+00
-6.802530679255729407e-01,8.717358115795896534e-02
-4.470199530247304098e-02,-2.348160757976606450e-01
-1.067017264878199034e+00,1.141295523553800484e+00
-1.224759073747460070e+00,1.138242842870099025e+00
-7.579554766010529465e-02,1.119478202893593455e+00
-4.127842180775518899e-01,1.261060568101765034e+00
-1.201277344776039868e+00,1.467959097618971365e+00
-7.948547693792848978e-01,1.093063038697787093e+00
-1.221107448812042806e+00,-2.051260160119354747e-01
-9.892303199707773720e-01,9.139887134802828772e-01
-7.137742635213665254e-01,-1.336996571627863985e-02
-1.034505608048769565e+00,1.042155363295093284e+00
1.894581552773805244e-01,1.200797496663273123e-01
-4.264906411233373301e-02,6.203682584523614874e-02
-7.932165161542172882e-01,1.275489065658646393e+00
-1.346068631871583543e+00,-1.288002094040512635e-01
-7.715200637622448010e-01,8.726588214505337504e-01
-4.909588687999184853e-02,1.054299862012358036e+00
-6.319978137710965393e-01,1.325615770881839239e+00
2.237857755114470992e-01,1.442075762032307418e-01
1.634970126527184736e-02,-1.589026323135948604e-01
-8.602231807659619367e-01,1.193473530762207746e+00
-1.113469910516003081e+00,1.580972125324583977e-02
7.017887011265336317e-02,-2.286134206437289429e-01
1.844490488885302537e-01,-1.254262898254069301e-02
1.365692124989449918e-01,2.849069236835010122e-01
3.534762644087673933e-01,7.888869222460558051e-02
-8.201197680574362492e-02,-1.293246925051670104e-01
-8.541632322527620280e-01,1.097866663465260961e+00
-1.310321568059107655e-01,6.657036528694757482e-01
-1.204581685026357540e+00,-3.278229020174524416e-02
-9.085822876720445196e-01,9.753104048884307931e-01
-7.496924139264702358e-01,1.159550361479184666e+00
3.568028861089049819e-01,8.236582552803882462e-02
-7.630951360752333823e-01,1.000602152810295742e+00
-1.404983425090936322e+00,8.824602699022874308e-01
-1.323571020625511130e+00,9.581784521720151382e-01
-1.108287750969993990e+00,9.458754415544361471e-01
3.537834914847084455e-01,-1.220234679701233116e-01
-8.520061172087929346e-01,1.347291198471267659e+00
-5.116209978027065342e-01,1.051264041203664679e+00
-9.442054854576714673e-01,1.014565313225395116e+00
-2.960998427931818555e-01,1.164269368447677699e+00
4.439682364428532146e-01,5.089950661802310483e-01
-9.832149076790848152e-01,1.211644113270085921e+00
-1.042560974032078702e+00,5.210840461785651821e-03
-8.847556349605262271e-01,-3.415270978251249562e-02
-1.312288815034682310e+00,-1.538926952714750884e-01
-1.721046798624165791e-02,1.194455476128792326e-01
-3.429953338769912152e-01,1.064272955254946362e+00
-1.142991616316041958e-01,1.501993001169369402e-01
1.331958286151460058e-01,1.299442863859275654e+00
-1.166084651996352362e+00,1.139241866408564618e+00
-1.068323356555195280e+00,-3.113314986939677564e-02
-2.224166742641995043e-01,-4.092481552100419306e-01
-1.102522737480228221e+00,2.146322185476456923e-01
5.357483258318757741e-02,-6.432882501543558951e-02
-9.019746438582325609e-01,1.180894036299926730e+00
-6.414592035930751779e-01,8.866548969946462522e-02
-7.582001611123528884e-01,5.810218475383696068e-01
-5.368621958876891587e-03,1.050944210146460556e+00
1.988350250197118141e-01,7.333482025855460051e-01
-1.463018765067026494e-01,9.372803564831602152e-01
-6.495679941103904564e-02,6.570290600030830319e-01
-1.191444958822141853e+00,8.553875607748081533e-01
4.041968860753882842e-01,5.462683379173864928e-01
-1.091011754505245568e+00,1.002197511556639942e+00
-9.194391665206546049e-01,-1.563697700409193703e-01
-1.153406308419657744e+00,-3.031932475320352482e-01
-1.110649003239875698e+00,5.177098500248479285e-01
-1.208385282884133272e+00,-2.133733946495107170e-01
-7.263581665743487625e-02,2.555281290848867015e-01
-2.074020910946498542e-01,2.345625700554882648e-02
-6.465218259033944648e-01,1.305674208066911257e+00
1.523492796623942269e-01,5.050018843875661023e-01
2.428461742552733560e-01,1.228891823390614091e+00
2.547924825693708151e-01,-1.755237550081398257e-02
-9.730829565729228747e-01,1.010457174854833662e+00
-8.155530849505554514e-01,1.221779444536826853e-01
-1.095693175364493621e+00,2.255181725276282634e-01
-1.387508792909439848e-01,-3.336629017594047175e-01
-1.018076564871121414e+00,9.926332146931264866e-01
-6.196312537535454412e-01,7.828630777439066213e-01
-5.949563742358732199e-01,1.808655113718533380e+00
-2.397773292242807441e-01,7.280034669787442958e-01
-3.319487529736004361e-01,7.029244760829487237e-01
-1.275731858529942420e+00,2.287141874264763397e-01
-4.151444064813573920e-02,9.262806259740432591e-01
-1.883459299982449819e-01,-1.478921569399483937e-01
3.902476801356926095e-01,1.399889509400356891e-01
-1.701057391706489452e-01,1.372057076094292949e+00
-9.391837099030481140e-01,5.554622130363409682e-02
-7.352736442659506544e-01,5.462473991385644045e-02
1.832026251924588345e-01,1.456451829674521581e-01
-1.113959587295123121e+00,2.357789869415654882e-01
-1.015982002347203261e+00,9.346799730211445834e-01
-9.899791946819342936e-01,1.935168390074220798e-02
-3.500134528095846798e-01,1.308023456972872589e+00
-7.830009812160038107e-01,1.405431910641746079e-02
-8.165191400791000920e-01,8.102913077454677593e-01
-1.258063621163407531e+00,1.099484037555533256e+00
-8.224379036603142179e-01,8.988047753639853699e-02
-3.305841623591710549e-02,3.320109446373080697e-01
-9.120173410559297977e-01,-1.871984557964049001e-01
1.621201104035887436e-02,9.826540619345847105e-01
-7.067769673642079753e-02,-3.865056028496069995e-01
-1.132428656129546241e+00,3.686772056561715138e-01
-3.116395642198597771e-01,1.794705032146326762e-01
-1.615249288978220510e-01,1.189413979087035056e+00
-7.966834200019526913e-01,6.157113604032594667e-01
-1.007495521781479830e+00,6.903072413058399803e-01
-2.471571505456479356e-01,7.180913635017799335e-01
-8.617996469807402971e-01,-2.602325818779287481e-01
-2.326031622577141855e-01,-2.822325405610837112e-01
8.119025253791462005e-02,9.356596070810465626e-01
-1.224211687104304280e+00,9.301016525268819279e-01
6.511312518144465877e-02,1.096982017720540270e+00
2.177203729792986375e-01,3.094917592187094724e-01
-1.086837968749978067e+00,2.448814875063252960e-01
2.882144741875078964e-01,1.233145385257381710e+00
-1.523950215848017375e+00,1.226006562199927874e+00
-4.438175089376474314e-01,-1.516168701436375887e-01
-1.035807146853804372e+00,-2.785506300014653491e-02
1.131488381791330433e-01,7.014787614870157118e-01
-6.381344250333098600e-03,8.059120819912282130e-01
2.924708157152253740e-01,3.504175896609047075e-02
-9.580648028335536637e-01,-6.064693385979820495e-02
-1.545921317241980120e+00,5.887004766311009218e-01
7.535329193377289514e-02,2.632713538276006404e-01
-8.889884147302841155e-01,-2.130573178335477477e-02
-1.063629702709976810e+00,-8.799303075727506196e-02
-3.096485083821096107e-01,9.246976328986450389e-02
-7.355528702460243373e-01,8.902111122823059830e-01
-1.096623967765802066e+00,6.007436491244266819e-01
-1.675712952851073634e-01,-1.201623278113074789e-01
2.459602997765877874e-02,1.801947389404250643e-01
-9.352667599816725241e-01,-1.376439659436716756e-01
-8.423594704043133596e-01,3.245843395254484620e-01
-1.670274388581078837e-02,1.620131305167258617e-01
-1.040911450520103143e+00,1.068864996418513291e+00
-1.262725398671300070e+00,1.093686726520544328e+00
1.727901625741532221e-01,6.291283742199386131e-01
-2.586553589155642374e-01,9.875356335093365967e-02
-1.672830842878647861e-01,1.143544987126054346e+00
-1.196259739773873010e+00,6.899715338506897666e-01
-1.873337257255393851e-01,2.848255536081795714e-01
-1.208878141210421919e+00,8.292043572516328842e-01
-1.640077661659895547e-01,9.562241476750839020e-01
2.062051494653301120e-02,1.229390216899170607e+00
5.542271611134372972e-02,1.891369050786518569e-01
-2.771193254137922501e-01,-2.675974566676036503e-01
-1.016433864974194412e+00,1.118174695328288060e+00
-3.032883530365234059e-01,1.272161897390668844e-02
-9.668406984841715346e-02,5.175944508857375538e-03
-1.128966458034625781e-01,7.733106895472441344e-01
-8.760141457833571232e-01,1.467678927962754454e-01
-7.662293773270468789e-01,9.249378938523215021e-01
-1.341857330385034297e+00,1.052977116040197947e+00
-1.994343662281977403e-01,1.033729419699389362e+00
1.244305980464396368e-02,3.157572515972704164e-01
-5.062100982656237980e-01,1.649549015420850306e-01
-1.022945115267911209e+00,1.155428723564886129e+00
1.847199883604309922e-01,-2.198422431010364220e-01
-4.940771294669222824e-01,1.056051484001323537e+00
-1.313033525299831645e-04,-1.373967339797433074e-01
2.742319155074425807e-01,1.816888919140421943e-01
-1.007458175040794268e+00,1.222277280324712834e+00
-9.406208400222483279e-01,-8.089668650438679859e-03
-1.250997763660187889e+00,-2.971690405840118343e-01
-6.670387513384223865e-01,1.488451442747287023e+00
-1.187210838991968220e+00,8.876758127763793027e-01
-2.010551865072116723e-02,-1.055122069936815371e-01
-7.872955947767477092e-01,1.018358131563575908e+00
-2.414084019356827759e-01,1.044336172309235256e+00
-6.854400064825634520e-02,6.896656846738910031e-03
9.507743572800983478e-02,7.601612038322655973e-01
-1.193478787847300326e+00,7.446729567787663262e-02
-7.345019382280997267e-01,2.990541328181272052e-01
-1.096205043042845384e+00,8.567524790074203533e-01
-2.279163076891107739e-02,1.138021931294032507e+00
-2.004432877445224692e-01,5.293205909637866552e-02
-1.266875227877459986e+00,-1.215360567694054594e-01
-9.285240619214645275e-01,-2.676122754053971708e-01
-1.349536922044764164e+00,1.252148746829225612e+00
3.215113430230691627e-01,1.031273334167112088e+00
2.157565538408607042e-01,9.729825243130979517e-01
-1.064903063381551718e+00,7.314419179311578700e-01
-9.797804840465320630e-01,-1.363820209794792404e-01
-9.203726001682774882e-01,-2.726046653697823396e-01
2.886633802165468610e-01,7.813458563009425539e-01
-9.925941381228623461e-01,-1.203451218222337804e-01
4.534987373744646111e-01,1.168277867711139839e+00
7.541598707386304445e-02,2.538183978596814105e-01
-8.238624409253122657e-03,7.592510565650595344e-01
-7.348568220595744771e-01,1.584067950245715117e+00
-3.591281404376840403e-01,-2.065920778615074338e-01
-2.681686522103285952e-01,-1.041065067401537002e-02
2.126061492288390531e-01,8.606937029633289216e-01
-4.272441297429845353e-01,8.452679191805225756e-01
-1.145068462745777893e+00,-7.724264299557183355e-02
-7.735585419419659381e-01,1.036127387547472134e+00
-2.025487054428887768e-01,7.841633848989312816e-02
-8.437533365915125261e-01,9.115980181181179143e-01
1.764481600244161563e-01,1.135640124756411184e+00
3.901123774856257720e-01,7.783299220016579589e-01
-1.051516807586634572e+00,2.761498925322886100e-01
4.138697189460297521e-01,-2.359650414168066035e-01
-3.224460452639461155e-02,1.945441724726548471e-01
1.770018584630137781e-01,1.156646834091514364e+00
-1.189153752702181599e+00,-3.452302268148056963e-01
-2.982720507715375807e-02,5.899749197370667692e-02
-1.459223601740892717e-01,2.496823006882999407e-01
-9.360774815284553796e-01,-2.633922290414541512e-01
-7.915503456347046107e-01,1.137622520582278529e+00
-1.952165651429053073e-01,4.722806141521411483e-02
-1.692044339469707948e-01,7.972347016775871431e-02
-1.320106598573548840e-01,5.288434699452178034e-01
-1.008402677059536678e+00,2.702764154061486623e-01
-1.852191859263832285e-01,1.205255826124696616e+00
2.969286933400701600e-01,3.198601259131075153e-02
-9.780008553391595916e-01,1.814661856522730987e-01
4.313059592621574789e-01,1.082517061194309571e+00
-1.186090327926742738e+00,-1.084050932716285748e-01
-6.434513495056519705e-01,1.077714421440141734e+00
-3.087331691288175417e-01,8.980051949789091825e-01
-5.290523054595420299e-03,6.370819941520776686e-01
3.955508520903387032e-02,-1.383347287648053203e-01
2.857555659232126066e-01,-4.377146427200638290e-01
-8.728925944720981045e-01,8.521434543332659928e-01
-3.761636336558078775e-02,8.866850222031826823e-01
-2.027447066332945247e-01,3.755376843628382283e-02
5.131477426781572149e-02,7.942069646400173877e-02
-2.711811104424282637e-01,9.725722539964130053e-01
-1.059068983335317737e+00,7.000786264941960893e-03
1.849242523696149332e-01,7.193224186052042946e-01
-1.239146679471844648e+00,1.276806750496357612e+00
-9.696027214211204726e-01,2.533539952312718890e-01
-9.414837186809608266e-03,9.973852671770527811e-01
-2.543133600103604786e-01,1.579047532594348713e-01
-4.550631485269672760e-01,1.045824023791586566e+00
-1.134281636121460046e+00,-4.404562822016676593e-01
-1.255886637191410138e+00,1.146468095630122974e+00
6.703130478550378690e-02,2.509905316143282716e-01
-9.786035462255084916e-01,1.071815987060235509e+00
-4.415981973576782460e-01,-4.780245898993042142e-02
-1.044815831376316950e+00,-7.289727718399338641e-02
-9.345576810281640556e-01,-7.223060636409985025e-02
-7.439631871454167600e-01,-4.259197020958696567e-01
-1.237716797211727338e+00,8.868528829261397295e-01
-1.544042318339926778e+00,7.186728669279087711e-01
-1.051649353582454621e-01,8.666070955646798524e-01
-7.962361522627321442e-01,3.247445546627318602e-02
-1.289071411914696652e+00,2.524941639215853573e-01
-1.347271334846670277e+00,2.498105156159587392e-01
-2.371397323862292350e-01,1.874656231990155242e-01
-1.327424049583742827e+00,7.608565817296040201e-01
-1.126824230595652399e+00,1.367278740629827682e+00
-8.429918171512633673e-01,1.224471185881521179e-02
-1.247112431128853949e+00,5.563923307014050357e-01
-7.957926426538138032e-02,2.634443916806867292e-01
-9.397001060020732099e-01,1.106629584894142981e+00
-7.269781999567620501e-01,-4.020966613210115725e-01
-3.087851157010812822e-02,2.384323562454751522e-01
-3.636328421520582804e-02,4.070389271031606970e-01
-5.333507542699496007e-01,1.052881418349189024e+00
-2.148140222105448527e-01,-1.105152152606921623e-01
-9.057807604311989280e-01,-2.329854568048190799e-01
1.409235470437007476e-01,-1.638377769486559776e-01
5.955230501609294347e-01,1.266361477204043240e+00
-1.190343363499121621e+00,-1.724589684295168429e-02
-2.917604035676893762e-02,6.975929350068916790e-01
2.097672529547090214e-01,1.471798821209217234e+00
-7.177764237993748964e-01,9.691818698337026361e-02
-6.582314713852863708e-01,1.071266325378460671e+00
-4.386959343217371188e-02,9.683050989783948959e-01
-1.140820270298896322e+00,1.259888981320660184e+00
-9.538781828278384278e-01,1.002882957065077907e+00
-1.255226407208708483e+00,8.781028847885885558e-01
2.211985658164755120e-01,3.675638335038739629e-02
-8.947377287990998518e-01,1.015552948563781532e+00
2.192407321991540203e-01,9.704788446850451944e-01
-7.345899698196046712e-01,2.058770035717660818e-02
-1.158316635095500535e+00,5.072032609998620989e-02
1.881774361841790644e-01,4.448905692921045207e-01
-7.867920334287341333e-02,1.073817912034581157e-01
-1.216578290227931181e+00,9.776805359468121459e-01
-9.196898566275205633e-01,-2.090775527278049828e-01
-5.419048273789615067e-01,9.294568287407695140e-01
-7.046066189421389403e-01,7.669668061346052168e-02
-6.189415998054994539e-01,-4.593166782850808399e-02
1.202651307266016240e-01,1.473979875253150329e+00
9.671704559558978731e-02,1.165438029592509750e+00
-5.800529789850193511e-03,-2.596870049161596750e-02
3.144959362018087123e-01,9.161840205771559775e-01
-1.692751445413778408e-02,9.752458623292943329e-01
3.182930217273970963e-01,9.482449114428306292e-01
-6.641016277534321499e-02,9.742967181248034514e-01
-3.544507910971093079e-01,-1.894145535826370630e-01
-3.804778532226479326e-01,1.247269916483880747e-01
-2.821371406105629975e-02,-3.562433799750729102e-02
-1.133873048142195028e+00,-1.370126299861342727e-03
-1.282181170309416807e+00,1.667910118474172365e-02
-7.630784713968430388e-01,1.108306847699121356e+00
-1.132253424442499545e+00,-1.589897700913295575e-01
2.211071848318515998e-01,1.708266354248395291e-01
-9.502983288004257512e-01,1.335639714713649617e+00
-1.108596699549869946e+00,-1.285034530184490098e-01
-1.439732915871830610e+00,4.258387373283553656e-01
2.315061936426681954e-01,-1.299148893758739765e-01
-8.887657375754877132e-01,4.214487472596602224e-02
-8.064858906080685230e-01,9.416614129316768222e-01
-1.572126301748132671e-01,-1.734386749774166070e-01
-5.582178144310238066e-01,9.158634286025781890e-01
-8.545206097726879557e-01,-6.110826770639780081e-01
-7.397579011967876372e-01,1.056461334838715960e+00
-9.627568158237534979e-01,-1.491790222424660972e-01
-1.157163128670549268e+00,-3.400114253221635519e-01
-9.842926293525451342e-01,-3.956329030759253573e-02
-2.108014536354387292e-01,2.953324714513666516e-01
-7.679598869761860014e-01,9.160639075133882869e-01
-6.341033061291023731e-01,6.212203327763625715e-01
-7.458168412877341780e-01,1.125868708811393670e+00
-5.849924728039335164e-02,7.400410250126475686e-01
-4.096193693017816106e-02,1.130211518322781217e+00
-6.651934839308408787e-01,-2.456836534270954997e-01
4.992135011111919346e-02,1.270493349063054112e+00
6.212730629981683128e-02,7.774407003386829551e-02
-9.509440190388118719e-01,1.694161766183515661e-01
-1.529900676332378584e+00,2.004667861918451033e-01
-1.043253968854569225e+00,1.048245547305338699e+00
-1.146718031755592948e+00,-2.414860620294621563e-01
-1.477863633676894939e-01,2.787538500201212632e-01
-1.026516974213773858e+00,-2.274634682736836055e-01
3.270646956776540049e-01,8.901268648530347161e-01
-2.660780057589504088e-01,7.277170172986983099e-01
-5.444754159456297732e-02,8.173007815764937734e-01
-3.223215287480198366e-01,1.015155774989435100e+00
2.950220235648614020e-01,-1.537494389643326576e-01
-4.664328404024015162e-02,9.114284437933364291e-01
-5.760480089034385881e-02,8.548225632711569100e-01
4.297876798875809035e-02,1.220190429984595037e-01
-1.371228929660731177e+00,4.492583123758889241e-01
-1.311593917332728010e+00,8.718606507376289172e-02
4.375753589891593909e-01,-3.399058764895693252e-02
-9.037831052536494936e-02,8.787270605926364997e-01
3.201997927472187699e-01,1.202692698264523852e+00
-1.497168131314265682e-01,6.310797628811313231e-01
5.998987369910663281e-02,1.267984626906707657e+00
-1.009084153484624879e+00,-1.631927959891008029e-01
-1.183786654586318710e+00,1.110146648956548132e+00
2.496773964888245045e-01,1.187339949528258831e+00
-2.934249072200550423e-01,4.609651914429029329e-01
-2.863873202801986849e-05,8.945297550824736765e-01
-1.062667004853733221e+00,-1.634178247812874685e-01
-9.322203428990912810e-01,-2.712045502941762276e-01
-4.938507066615514807e-02,1.237886022155336052e+00
-1.160120777894307897e+00,1.210507994609972160e+00
1.177769674280510909e-01,8.060303043753622720e-01
-7.838669626462253515e-01,4.097754251376128226e-02
-1.096825738711178388e+00,6.691434681305573617e-01
-2.929527981719979093e-02,3.637955364790363411e-01
6.313075963596259665e-02,1.008275374489989495e+00
1.275512565689666256e-01,1.327364698733867865e+00
-5.725509287431352901e-01,9.142865543185841881e-01
-3.082817190009191077e-01,1.333641900242309219e+00
-1.095901977130964600e+00,-4.957182728294982632e-01
-1.083925221090078495e+00,-9.263239186392527302e-02
-7.825605787172154049e-01,9.725739816260678960e-01
1.495782586364494404e-01,8.039595963280379287e-01
2.242545624926931824e-01,1.133049777219937937e+00
-1.008276867716907166e+00,1.207893901445189766e-01
-1.688865413248666625e-01,8.403782912192943044e-01
9.888346189416050147e-02,-2.924185398872243546e-03
-8.438614523113205923e-01,-6.560633859895421971e-02
-8.228428846693355281e-01,4.166992265539142259e-01
-6.386833235028914757e-01,-1.681807036307953196e-01
7.886118036037392809e-02,1.014318329535725871e+00
-9.925313652239757811e-01,1.044521811558015933e+00
-1.364684062100316453e-01,-2.691415188726110630e-01
-8.961656879304571444e-01,1.873289429994371980e-01
2.833918105266020060e-01,-2.291999007212152661e-01
-1.003577134914421132e+00,8.587347383091724629e-01
-1.397571636880697410e+00,3.776203055513087103e-01
-9.659880662767318382e-01,3.499145649259107205e-01
-1.146302503587257382e+00,2.720014403423974547e-02
1.154680913388802244e-01,8.745175270712906013e-01
-1.114062359348210185e+00,-4.854831480274850453e-01
-1.041675114138942426e+00,-1.407186418761352253e-01
-7.462144668660773694e-02,5.190370342941537096e-01
-9.718655231721093912e-01,-4.547288159847142630e-01
-8.644301415797635002e-01,6.420760824010446344e-01
-1.161184575890074955e+00,3.726418097636328697e-01
-1.167552478773358215e+00,4.979194828344941925e-02
-1.055535195912620461e+00,-7.000842247752303571e-02
2.932119294791998843e-02,1.534192998654921591e-01
-9.390491683606002615e-01,1.155830740710219517e+00
-1.217311021895854922e-03,8.738355781527581412e-01
1.092972300144740005e-01,1.336281163119134252e+00
-1.229263405289720001e-01,1.050650843155174208e+00
-8.130215152793459632e-01,1.406797360431522481e+00
-7.709411804627086529e-01,7.340850632255533359e-01
-7.023180793954686418e-01,1.091822007144297446e+00
-1.215300769369030559e-01,1.062458605746029017e+00
6.263254821304842235e-02,9.617781157283183946e-01
-6.663218301029233404e-01,1.175181463171928870e-01
-5.989259376387485317e-02,-7.999595536247099126e-02
4.539747607433871623e-01,-1.352535440406426870e-01
-2.892016868932113099e-02,-3.621803113014160358e-01
1.504249539824274173e-01,9.759314840214221576e-01
-1.330580505044365036e-01,1.522755876783856155e-01
-6.472625134084671050e-02,1.093444454701988089e-01
-1.339958827439951650e+00,9.398970160419652942e-01
5.716519328081098861e-02,-4.824558289206422046e-01
-9.367244734097140979e-01,1.317566334379260073e+00
-9.824997098964335374e-01,1.022556545674602413e+00
-8.641137837205423722e-01,-1.115866938910401451e-01
-1.019630472712599323e+00,9.059551587066831946e-01
-2.152889936590069164e-01,2.094455555774673086e-02
-1.165382716475708458e+00,-4.373549622044128893e-01
-1.024149556845457498e+00,-1.118419073925072255e-01
7.537412996369557971e-02,1.162805757483086122e+00
-1.091238715574861740e+00,-2.271376341478383576e-01
-1.437480229204254889e-01,1.208256901995940824e+00
3.330934194806511317e-01,4.523601046115535151e-01
4.903206949735831599e-01,3.842628956340116836e-02
-8.566276819340152837e-01,9.893188596421411685e-01
2.489814068964642246e-01,8.572230594062251186e-01
-4.137623005204946747e-01,2.858366351725346033e-01
-7.752956100320014532e-02,-1.686485118136520078e-01
-7.497993608130369969e-01,-8.930911919766718055e-02
-1.424329635378727588e+00,3.928939027176658327e-01
-9.183436682403819384e-01,8.717984951849548914e-01
-1.023343648553999286e+00,8.142784191613559042e-01
-2.333177525820923914e-01,-1.262030270147723177e-01
-2.496404462539967839e-01,1.136179916921798538e+00
-7.779396190460765581e-01,1.050647162570154558e+00
-7.802711304989555785e-01,8.779663850137479075e-01
-1.088803692925228939e+00,8.841753383794071983e-03
-1.230062601589726884e-01,1.398411784199859453e-01
-1.161607862990254425e+00,1.122137840918697504e+00
-8.312024018428316730e-01,3.109404844516984803e-02
-6.389818550469314462e-02,1.244655958394285111e+00
4.771469235329235947e-01,7.477242763969279560e-01
1.679965615622494857e-01,9.666186384534082299e-01
2.428703290690537864e-01,1.127289305879012549e+00
-1.107312881025935170e+00,6.962661439732791280e-01
-8.666724381784862707e-01,7.719919298354689374e-01
-7.948605751405239950e-01,1.015097904307434185e+00
2.820707531392863121e-01,1.085649723034491254e+00
-1.076706674057736457e+00,7.043890808872099729e-01
-1.345208116606134041e+00,6.874717697775126202e-02
-1.178428861905493008e+00,2.312919474892979055e-01
-3.630099912980649379e-01,8.677427750852786392e-01
1.653516900153642333e-01,-1.769479710155491825e-01
5.674030717506124005e-03,8.601619083306450975e-01
-9.583778210050263313e-01,9.512527254174181213e-01
-8.129111400121211695e-01,2.829975729713070653e-01
-1.984800170275702325e-01,1.208857861906433184e+00
-2.359804960019339093e-01,-1.623240604368831469e-02
-8.218408642806908082e-01,8.850754288527309388e-01
-1.774633678545706021e-03,1.100521927378861120e+00
-9.328187198752098119e-01,1.066628837788708317e+00
-1.021880185480276371e+00,-3.177695398426214068e-02
-2.207716962269694605e-01,1.477296185478051083e+00
-8.177691099427661925e-01,1.266188620480391380e+00
5.325945944080105049e-02,-1.257310989734271578e-01
-1.375369151094468501e-01,1.059595254861722236e+00
-3.859399454332926860e-01,1.271931580229369807e+00
1.164780594470644776e-01,4.723371430196921655e-02
-1.172478259447533810e+00,1.006688806789366897e+00
-1.393201646794695936e+00,1.167043659973914904e+00
-1.007644007167950662e+00,8.519022074221990204e-01
-1.012637437551517472e+00,9.894929339871917640e-02
2.919544821694998737e-01,1.222784073559538998e+00
1.505074748321015565e-01,-4.469151350896483077e-02
-1.069842226287215148e+00,1.197105739513854461e+00
-1.100757644016607140e+00,1.051869496828065520e+00
-1.340880733977085182e+00,8.757346197793085540e-01
-1.050870690834023735e+00,-1.587815094738065091e-01
-2.033487764504157413e-01,1.133575152113726725e+00
-2.955177880986293096e-02,1.999679854913818944e-02
-3.585073876360370670e-01,1.249988447054512397e+00
1.471567083114532215e-01,1.136979770091100850e+00
-3.490532842637751321e-01,8.193712085260240752e-01
-1.609442532890942579e-01,1.063227445951287153e+00
-1.041844910224986487e+00,6.318502988273504428e-01
-2.553777194336855905e-01,9.809942895692801146e-02
-9.596235134844401937e-01,-1.771039510170607442e-02
6.255247825821508290e-01,-3.202306034493773712e-01
-9.592834265740423083e-01,-3.801156061451910761e-01
3.034564210974565190e-01,1.561857882886224791e-01
-1.449526097646343936e-01,7.639546283402122162e-01
-1.601019810882877148e-01,1.197949684703907725e+00
5.137933246543218146e-01,6.713794643581696107e-03
4.735331205274662114e-02,-4.940479999642410358e-01
-3.236954906995513359e-01,-3.715915242354152492e-01
-6.804067323822371449e-01,1.388444290493150657e+00
-3.436162934373150346e-01,9.128352957606079565e-01
4.537375095903696531e-02,3.494879982456088885e-01
-1.439620922408998416e+00,1.095352920693165144e+00
5.001044574973384504e-01,7.456561460190767043e-01
-8.413517108814768664e-01,-4.675998286640282164e-01
5.049851117516843124e-02,6.811941010456480372e-01
-1.794313281102417890e-02,-2.241206942515219097e-02
1.013248525843722103e-01,6.424554013359540239e-01
-9.731229187491268195e-01,-3.534594470297409974e-02
-5.458228524356983219e-02,1.130800818121780127e+00
-7.858077239966895777e-02,3.203324915072053997e-02
3.064076747052546772e-03,1.131494627790003149e-01
-7.830501358418131552e-01,1.100034696780912702e+00
-1.507919534846727527e-01,5.412382662213992557e-01
2.385394981283168181e-01,1.089761919828782233e-01
-1.383120864941410399e+00,1.017623751518592412e+00
-1.990111654298529764e-01,1.478684475569388423e-01
-8.263246307931007006e-01,-3.862141900705728242e-02
-7.257833475496777709e-01,1.973642090322649811e-01
9.432427738597269629e-02,1.274147317582822458e-01
5.596539395766411684e-02,1.169935110576784565e+00
-1.277572329503306348e+00,-4.606834560004537393e-01
5.370455112690822319e-02,9.691514229931865732e-01
-1.347964713822235927e+00,-1.527780676730594034e-01
-1.180171584570846477e+00,-1.377879686588326380e-01
6.568094273516067449e-02,-4.954488439590244708e-02
-1.371016936431969091e-01,-2.177623646827997195e-01
-1.382183656980456865e+00,5.584169923411259201e-02
-1.309392416022998606e-01,-1.916432112642474928e-01
-3.711753369554166015e-01,-1.614521524775212602e-01
-9.428746000225129986e-01,2.219082135311703785e-01
-1.365450410256844993e+00,-1.373012771921353348e-01
-1.970209004739998382e-01,-5.357979602248015560e-02
1.611626394269169704e-01,1.089029162431997683e-01
-9.628441747178770882e-01,2.824851114306827227e-01
-1.561998697834526162e+00,1.018993033050348274e+00
-1.253704200540314284e-01,-3.731970698474544323e-01
-8.508858886013105360e-01,1.171300445454000361e+00
-1.035838452850246894e+00,4.063407461835488177e-01
1.211086507196575818e-01,2.222404608875492016e-01
2.304224773722957087e-02,8.426693670141189862e-01
-6.579741716589622147e-01,-9.711874237381967756e-02
-2.597601860487238484e-02,-2.122866466464643775e-01
-3.714781718605550398e-01,1.162032677168844952e+00
-1.055757218908720096e+00,-2.892241062712125679e-02
-1.263931753103360034e+00,1.191169600688463559e+00
-7.754652585719528091e-01,7.924113623270548357e-02
-1.312903766147622830e+00,9.129225533576922347e-01
1.624731801015559182e-02,-1.095572113790070079e-01
-9.986316671574431147e-01,-2.138156509036266001e-02
-6.078157735142551976e-01,-3.142747236651716736e-01
9.345416239643358769e-02,3.763621233994728366e-01
-7.248848669482600704e-02,1.193234775943897930e+00
-3.485536405778297264e-01,-1.212479390176275651e-01
-2.277317293097551668e-02,-2.158332323252288298e-01
-1.144646559042727940e+00,8.546128833292453431e-01
-2.978471860987372266e-01,-5.221120555312003253e-01
-1.283836955416240766e+00,4.344914049075148110e-01
-1.472332078603306504e+00,6.283081035599381858e-02
1.673843750925899376e-01,9.138749992477551709e-01
-1.077882067212462713e+00,1.759561541533270213e-01
-4.219611401513226334e-02,1.250867721250133791e+00
-1.106669460074292122e+00,4.827988044432632297e-02
8.303780624243108088e-02,9.975657709028205034e-01
-1.303739882943526940e+00,1.201078109375987468e+00
-1.346086780306239516e+00,1.193728375189889723e+00
9.931432897175146435e-02,1.106967211352228642e+00
-8.941408331430638068e-01,9.450758636291290982e-01
-5.405175837662984373e-02,1.009264309192885234e+00
-9.571741782893461448e-01,1.002469098301937533e+00
-1.987155618012633850e-04,8.000682616453811402e-01
-2.168941867929739808e-01,8.658833496453771650e-01
-1.293621410251819759e+00,-3.002175341571414191e-01
2.083327975402541887e-01,1.236058941982963510e+00
-1.747828619282926210e-02,1.001040841935462167e+00
-1.045335997541698037e+00,1.633231362619909921e-01
1.318104285418455202e-01,-5.369156722801772530e-02
-1.705234127981890835e-01,-1.250082366142531154e-02
-6.081311394628892142e-01,4.178384738850831059e-01
-1.234128554648927345e+00,1.056737110073235453e+00
-2.421139171349793728e-01,1.442992986981619374e+00
-8.844790539438699417e-01,1.287472767659694650e+00
3.192731241244185503e-01,1.174022927848686226e+00
-1.094622799377796163e+00,-5.256502294984761736e-01
-6.163662020462610247e-01,3.176555009747593084e-01
-2.250949097863928494e-01,-5.898468011726477195e-02
-1.323918523823562676e+00,7.795858605422503196e-01
-2.881603748071723814e-01,1.044862315038541878e+00
-1.018950327239902531e+00,1.543403344360834983e-01
-1.127976194551812306e+00,6.107144648414289390e-02
1.420874148905006129e-01,1.215798304279587239e+00
-1.036104407409466299e+00,1.217543369137122911e+00
-8.998000437277126062e-01,1.111783880846856087e+00
-1.126911962350619412e+00,1.037879982213811392e+00
-2.053812920528689800e-01,-9.654189584819199144e-02
-7.899018304497944509e-01,-1.769762885494199078e-01
-2.593953775516065208e-01,9.803148487414764523e-01
7.495367846033228199e-02,1.034391870546566672e+00
3.304185088099722417e-02,7.657626611352817969e-01
-6.582204443470929256e-02,7.275741328767351135e-01
-1.471639188384478825e+00,7.991716738534553333e-01
-1.075822524407948483e-01,1.127092541020737054e-01
6.810167011214626753e-02,1.907436282505829694e-01
-7.983491747821034323e-01,9.512821060931768713e-01
1.807940194198620343e-01,1.173754451515391484e+00
-2.095936518621139000e-01,8.164392836378426832e-01
8.809678859370048687e-02,7.707337134178215282e-03
-1.333860142802199000e+00,1.341685631249996513e+00
-1.109554517850336097e+00,-4.336441392277594342e-02
2.249588242395440529e-01,-1.666717686183760427e-01
3.958667312263391413e-01,8.084630502606436897e-01
-1.074811839843987649e+00,-3.590439109074186619e-01
1.327992616888327981e-01,4.495905505810358083e-01
7.068292593606602392e-02,8.720764142434741517e-01
-9.118762017024487632e-01,1.358110971547998203e+00
-8.726472998683080240e-01,1.044220845132724840e+00
-4.396649388854644291e-01,1.302031740855636444e-01
-2.877525066112721075e-01,1.479205259766653624e+00
-1.384597955363212063e-01,-1.311754552444860389e-01
9.040108116414435901e-02,9.263127720884996308e-02
-6.293350114999076705e-01,8.277756354771190761e-01
-4.379024539900670809e-02,1.096286846310486895e+00
2.195038843976195031e-01,3.140511477714899580e-02
-1.286680304148900333e+00,1.201650259435748991e+00
-1.090421700708001929e+00,-9.363589199334269864e-02
-3.160768553187500579e-02,1.973711022091452494e-01
-1.187393126241486074e+00,8.325805760165974068e-01
-1.001393139103992302e+00,-6.024339884218569141e-01
-1.099849061150764834e-01,2.558551853200928261e-01
2.207118028207022409e-01,8.297639262516638414e-01
-1.302284657361821640e+00,-1.814444671340760540e-01
2.263895617549887829e-01,9.586256479559345234e-01
-3.972120471742666137e-01,8.069542621989940212e-01
-1.029207074980164283e+00,-3.300674989416170768e-01
1.046423232929736963e-01,6.033395400829264510e-01
-9.148265019575716472e-01,8.655356514810773616e-01
-7.662681261164606683e-01,-3.192803019174101919e-01
-1.146368188972737290e+00,8.947829615429372385e-01
-2.295689096945241828e-02,-4.758896972631094374e-02
4.337777583921293423e-01,1.215867995062183127e+00
-5.530365471389392384e-02,-5.851225151320706142e-02
-8.992884749611874673e-01,5.158088968433225396e-01
-9.135715312860461790e-01,9.794243170264224085e-01
-7.392615886567406314e-01,1.152268901658351163e+00
-7.725574646772638276e-01,1.069001203168877367e+00
-9.875741337750888471e-01,9.987996758610689918e-01
-1.142498073221600352e+00,1.282763814553061099e+00
-9.115918719492189792e-01,4.502136992154769368e-01
2.396980448048842971e-01,1.223650552291638993e+00
-1.186787484103892121e+00,1.071294498337332479e+00
-1.482668234610541091e+00,7.586746767730196961e-01
-1.298174025860595049e-01,-1.484756193740746806e-02
-1.185508574870870246e+00,-5.641442856505963360e-03
-5.566583780229898970e-01,3.173885694325828677e-01
8.312014818871091282e-02,1.036683015526156826e+00
-1.263783879234903651e+00,9.385887930535368254e-03
-3.540175063422514035e-02,1.975229505868818514e-01
-7.773925703990964831e-01,1.321706756477686984e+00
-9.830580793174014120e-01,8.656911502910180634e-01
5.413819705073659450e-03,4.584434666645916256e-01
-7.893628960813943440e-02,1.353790455493927070e+00
-1.238720035240853390e-01,9.508122125941259606e-01
-9.528472024890881631e-01,8.049312624384338255e-01
-9.678000780585110929e-02,-2.972230876230305130e-01
1.801997073084037337e-01,-1.863495072410388878e-02
-1.064185725965556051e+00,8.406855440573580696e-01
-1.741405765084166335e-01,-3.272727860123021415e-01
6.963244043642206893e-02,8.646172977210151434e-01
3.316906077460909374e-01,2.597062083244205399e-01
-8.540516261595207936e-01,8.145045462188564844e-01
-1.532475195377522859e-01,4.059913747504176884e-01
-1.300327587973871268e-01,-1.731330193276890417e-01
-2.505162128164836188e-01,5.094225532768153347e-02
-8.760386523836464004e-03,-2.631474791330828608e-02
2.297515642654691659e-01,-1.094110447878507281e-01
-6.075330955565134694e-01,9.515508016249336620e-01
-1.625596906002832465e-01,1.014807410446946223e+00
-1.767851853879667534e-01,1.822382287795618339e-01
-1.006789878432183372e+00,-2.085159221549200137e-01
-8.028680050824209269e-02,1.247585875536866062e+00
-1.287041573832804264e+00,8.695672908091738318e-01
-1.806493905703577540e-01,9.962165440382645398e-01
-9.947084263984076052e-03,8.228388520692080377e-01
-7.094578927167822791e-01,9.308212973404978996e-01
-1.094705848875927451e-01,6.837151635819860296e-02
-9.031885086153367270e-01,7.484548404213628991e-01
-7.781350940223612511e-01,4.080061712668355822e-01
7.681287228663240263e-02,8.787462766154889859e-01
-6.357029657465813888e-02,2.478030887246812364e-01
-1.792660461777233483e-01,1.263807735785397401e+00
-1.280788313472438766e-01,9.380194524111807874e-01
-1.648181463683089376e-01,1.171556466054021861e+00
-9.410743631050985103e-01,-5.964868884360863960e-03
-1.375080554723248749e+00,1.256342368145929145e+00
8.631325224630624626e-02,2.392605923176368832e-01
-8.713251187815564958e-01,-3.165651401349013350e-01
-3.466540972566910933e-02,1.678400692764004387e-01
-5.728504729542178986e-02,3.270848714796943946e-01
-1.076485085663170693e+00,1.553362212128164832e-01
1.779606384876589453e-01,-1.077684499412578933e+00
-8.902478040358904332e-01,9.823435882011429809e-01
1.667207236157385031e-01,1.001923011466697488e+00
-1.617984774065593379e-01,1.003165590034025945e+00
-1.267174608280835280e+00,1.033785534364441094e+00
6.449067719146778233e-02,6.792992945109177505e-02
-1.384876407855590852e+00,1.332536753681092534e-01
-8.519438124101440246e-02,-3.379051730268088360e-01
2.842143669794008898e-01,-1.631224792078230235e-01
-1.391848938052438589e+00,1.878108413421563164e-02
6.650861242244811289e-02,-1.561327842275470890e-01
2.446639228098488050e-01,-2.561860407690569677e-02
-1.026600101416666355e+00,4.595815113954347941e-01
-4.021519248731696972e-01,1.859878202053782612e-02
-4.070240579375946494e-02,1.300401445283882351e+00
-7.769505570449931620e-01,1.056552045167445053e+00
-1.146939109075977292e+00,1.062151884234075139e+00
-1.234627775844853836e+00,1.885862447087468530e-01
-1.259170674825241809e+00,1.327785891455770306e+00
-4.045347210384293013e-01,7.982021085798071125e-01
-1.095351618137392791e+00,1.169204808206210533e+00
-1.014235883358796997e+00,9.834946103365264092e-01
-8.761108018282641741e-01,9.920781920638126472e-01
3.535807985227255035e-01,1.341165614199860412e-01
1.203119184042682061e-01,8.963753967592772431e-01
3.301521550027819440e-01,1.975202459090256643e-02
2.384499491550485725e-02,9.039014730511192308e-01
5.530238547379559000e-01,5.602978094601869241e-01
-1.307545289535264388e+00,8.037699839181757649e-03
-1.241675035829191032e+00,-1.602415415695089551e-01
-4.511644087274035986e-01,1.345539708093136611e+00
-9.545416249709773870e-01,2.297317883709626696e-01
-1.801525830687647489e-01,-2.242697026665040894e-01
-7.175037945688438334e-01,-9.561360295503917861e-02
3.747318795551670689e-01,-1.925966268695445127e-01
-1.516078928653226576e+00,-6.332010439178249739e-02
2.749325401383950207e-01,6.156628589232756577e-01
1.171124664242055163e-01,9.781610926114560067e-01
-2.678107291785077337e-01,1.234879316202706079e+00
1.289120006856387946e-01,-5.757587012977501972e-01
1.330210678423144888e-01,-1.008459374507492123e-01
-1.281164738091606692e+00,2.625916907442770176e-01
-8.463658398241179492e-01,1.299679852884508824e+00
-1.201560626105974805e+00,1.099203553389112020e+00
-1.664265223525882020e-01,9.437532020645599262e-01
-9.654853804713278143e-01,-3.295841818183247590e-02
2.057097489787617361e-01,2.862710364147389996e-01
-1.167879424872658722e+00,-1.105663601792501172e-01
-2.451420289802060393e-01,7.185415401594237306e-01
-1.149836086846128813e+00,-3.612816876239092340e-02
-1.024404350346187487e+00,6.751059802199121940e-01
-6.205670454875311659e-01,-6.873990855983719284e-02
-7.707222326946797653e-01,1.628616657684209379e+00
-6.497644337304462336e-01,1.236477573879935843e+00
1.876650987415030836e-01,-2.131450467803305826e-01
-7.370065368355861457e-01,-2.942156668540455433e-01
-5.377172453550473075e-02,1.011126673749786820e+00
-1.143177758184709791e+00,1.207687357529600769e+00
6.819968365315993986e-02,9.433939242382031187e-01
-1.074704528586652330e+00,5.191425427135570869e-01
-8.129711802350554350e-01,1.100171393340198117e-01
-1.849870356732668530e-01,1.543528008883914282e+00
-1.493165797451795562e+00,6.914096548740371606e-01
1.910635728475410244e-01,1.752357935278246390e-02
-3.069292578538597160e-01,9.312855408482537678e-01
-1.672953344001112674e-01,1.548156543255011508e-01
-1.088538841446970107e+00,1.051892973388311558e+00
-6.746849366355459621e-01,1.150284748866973850e+00
-3.162475614342096786e-01,1.198837031656457552e-01
-6.346812942712265482e-01,1.421482290893553158e-01
-1.910199240279206526e-02,8.086111221805082350e-01
-9.464411503549057247e-01,1.582418389972682249e+00
6.792391467499117597e-02,1.036761073694292712e+00
-1.244612180953636571e+00,-1.666373213654020191e-01
2.895462215445914755e-01,7.382709707306418512e-01
1.152203418751078096e-01,-4.818011850376724414e-01
-9.565264866120221088e-01,-2.883659958185329046e-03
-2.027276662205514113e-01,1.121581632347332658e+00
4.543189574457384694e-01,6.614223853903660189e-01
-1.043043253033544504e+00,-1.771336113231528064e-01
-1.094639118416720125e+00,7.547771946644183938e-01
-1.363676345131919820e+00,-2.072975756833508043e-01
1.394492148508199025e-01,-1.794539395519461067e-01
-1.235777888123880563e+00,-1.343232548581726471e-01
-9.407400830521472912e-01,1.044263486009224806e+00
-7.181663680251502146e-01,1.044764134574193815e+00
-1.349392789446269614e+00,1.036044236702963861e+00
-8.706859577270305017e-01,-4.257819456810677528e-01
1.139348859362611793e-01,8.573917935617865194e-01
4.289234646361078651e-01,-3.029478670797576267e-01
-8.783788933050772352e-01,7.340169625691106425e-01
8.398498049077647576e-02,-2.127585942681706477e-01
-9.668451271623228482e-01,-2.069161568821663855e-01
8.671416064235185073e-02,-5.477533248283651401e-01
-1.135995267798418640e+00,1.034358083916726567e+00
-1.238232940404763394e+00,-2.796432033406375250e-01
-1.622426179088527487e+00,-1.194534216341387733e-01
-2.024147886496299731e-01,2.317285896677835355e-01
-5.854733536352056678e-02,7.611360718779399681e-01
6.908712942083100605e-02,-5.633288782010515555e-02
-8.415150135791839014e-01,3.526851385449640830e-01
-4.518967201968684400e-01,3.136101088196339703e-01
-9.355926355498089819e-01,-1.530921476232549039e-01
4.501610917996488187e-02,-2.619990972076799429e-01
-1.272067838973995224e+00,1.006818582353135927e+00
-5.299940603970270114e-01,9.341749009411107751e-01
-1.068799769248653941e-01,4.099063574218327899e-01
-8.079367098789449475e-01,-1.509986402335677380e-01
-8.819651539169421905e-01,4.193498636927578405e-01
3.416175839621714005e-01,1.310259225478221046e+00
2.615345627783013938e-01,-2.367951194967950201e-01
6.225693774387930368e-01,8.449937650316833304e-01
-7.875168204274677342e-01,-3.563684984955973328e-02
1.832794643471882118e-02,1.118103730550779051e+00
-3.141733490693807695e-01,1.749451446565044865e-01
-9.655086414372208159e-01,9.146524400805021437e-02
-7.613876237015826387e-01,1.165747521657528818e+00
-9.059117006334179711e-01,1.255400335555455271e+00
-9.052897541683447846e-01,1.264337695504742287e+00
2.043053156463871256e-01,1.459195125489903822e+00
1.698928822258820026e-01,1.349792984677554153e-01
-1.092848348369821920e+00,1.182831635437092022e+00
1.646220921802404868e-01,9.115583139607535967e-01
-1.195208940309961942e+00,6.609950744389979649e-01
-1.193040006095425598e+00,-7.868677893909586940e-02
-1.085563120112048030e-01,8.508560361591103183e-01
-9.433672668798978034e-01,2.183702489947021985e-01
3.370335063518192231e-01,1.328633380094111027e+00
-1.400498945625200387e+00,-1.778200871391468624e-02
-1.199219516779066463e+00,2.976320609623855362e-01
-5.073855671538991113e-02,8.554464207678533771e-01
-1.121872629237727459e+00,7.057854163590789043e-02
-3.286151051393153000e-01,8.936448806127176292e-01
-8.347768109389094304e-01,1.042697110000867067e+00
-1.056312314631483451e+00,1.057942739649542885e+00
-1.251502135633761892e-01,-1.992987858922052880e-01
-3.226264582048667950e-01,-1.521819757950274576e-01
-8.439227974253296072e-01,1.118814985978059617e+00
-1.161078048349691638e+00,1.131183645929556975e-01
-8.956789185830195121e-01,1.310055014549700747e+00
1.348453164730498699e-01,9.995763407625423147e-01
-8.233942602413246714e-01,9.087858197927554116e-01
-9.576318635970220150e-01,-1.003314435238008336e-03
-1.033450763202736766e+00,1.816287283601019098e-01
-9.950415101368029758e-01,3.283075030575978714e-01
-1.154542028933487341e+00,1.083668808693748903e-02
4.072385411921999876e-02,-8.241475660621057353e-02
-9.559091229191571948e-01,-4.313784424201297929e-01
-1.065217081147756151e+00,1.026844837914201447e+00
1.603353154868349395e-01,-2.503239239608235911e-01
-9.256772231599283973e-01,1.051126637913629924e+00
2.107835795131743906e-01,-4.762763673267562253e-02
-7.794360926734517081e-01,5.283012243298229604e-01
-7.512340203037928821e-02,2.094495119093600088e-01
2.307990469669176647e-01,5.440366800987676138e-02
-1.207415306599182392e+00,1.101020368275658301e+00
-1.759023898248777695e-01,6.572685567495812897e-01
-1.844004118401798217e-02,9.421281279551679821e-01
-8.221032341208438510e-01,1.173300750356946365e+00
-1.089455213636628006e+00,-8.785871028938317673e-03
-2.781199567391840488e-01,1.205530003891289059e+00
-2.038393385477920983e-01,1.359373678843944777e+00
-1.062062603454305254e+00,4.915376101131340159e-01
8.709748692784702317e-02,-5.283217407834894797e-02
1.224013078379837249e-01,1.429553903671885173e+00
-1.059442502323607371e+00,-3.337740255802141426e-02
-7.993296088540363664e-01,8.677702262819055878e-01
-7.961114706904850458e-01,7.498796504521132444e-01
-3.590519423748782524e-01,1.065382222529678513e+00
-6.738823299509155706e-01,7.913882341465695580e-01
-1.418942376287992690e+00,5.450026881825348335e-01
-1.005720904803642846e+00,9.093360468180484713e-01
-9.030992559112113183e-01,1.254205589930112552e+00
-9.913149056817580629e-01,2.278838932609980605e-01
-3.403675677496988128e-02,7.098918683380008865e-01
-1.421623228710766629e+00,9.311167144082705960e-01
9.848497505496629778e-02,2.959941805338204279e-01
5.409086578409062485e-01,8.356539833431453346e-01
1.397798108293167862e-01,2.691178658272386226e-01
3.117600120677418291e-02,8.476941297487337046e-01
-1.251129754300153163e+00,4.350116465303041635e-02
-9.623573229194111178e-01,1.011925883605554022e+00
3.305210641367017227e-02,-2.796780806989194179e-01
-1.068841690625632168e+00,-6.121299651374482315e-02
3.665414639784080886e-01,4.865699080327699072e-02
1.495122108587614296e-01,1.764586578301996500e-01
4.580772616132283703e-02,-1.419142606402588325e-01
-5.443012423948389022e-01,1.097837327823190101e+00
1.483471369171919796e-01,-3.036194688583748746e-02
-1.091956358730426846e+00,-1.751074902376061337e-01
-6.757444245471000421e-01,-6.313430704295558415e-02
-2.021904358224186349e-01,1.688302312409182826e-01
-9.267486897770196297e-01,4.831127870211476272e-01
-9.299224006168229639e-01,8.401173102177641461e-01
-1.080046754029590161e+00,6.125429099852860992e-02
-8.425632329575281076e-01,2.819003036468625822e-01
2.931164374789295146e-01,9.251226251622697294e-01
-1.178893191577277344e+00,-1.718927736876152135e-01
-1.093983263659068728e+00,1.209947077616698508e+00
-4.431561526625887315e-01,1.122274686393255783e+00
2.918450631902707038e-01,1.724684531432158774e-01
-1.317165565836278251e-01,8.184598757948846615e-01
2.172447248035671852e-01,1.299777894136263934e-01
-3.172577026253655536e-02,3.234142698838506913e-01
-1.296776020839759624e+00,-2.391750374375485877e-01
-1.276685916435355672e+00,2.039100508268248957e-01
5.748413376164084321e-01,2.216088339105251603e-02
-7.305105658811086866e-02,9.214095972297126069e-01
-1.329659598366558448e+00,6.848169711389520131e-01
-9.670057792312215517e-01,1.127449899033516889e+00
1.142014064594162881e-01,1.311249607373731640e+00
-3.994108507870317015e-01,8.349780574925790289e-01
-1.500205419812801644e+00,9.508054998910343558e-01
-1.328337498129435801e+00,-2.432043366278298646e-01
-8.754582524464588067e-01,1.557356863846289130e+00
-4.357030706467148740e-01,9.572252914758256903e-01
-7.449970009060318255e-01,2.912670711410045299e-01
2.764603341652417945e-01,1.224062021287295604e-01
-7.380227293220726903e-01,1.350597850579463355e+00
2.922618136017552382e-01,1.307063249373925817e+00
-5.539412136722086100e-01,6.425082413700981820e-02
-1.087236991174954426e+00,-8.202393032398974659e-02
2.208677252519047549e-02,1.145844888137005579e+00
-1.039308293048437415e+00,1.262738194352267973e+00
-6.038498685195430316e-01,1.181550677329763210e-01
5.074732595855003803e-01,1.388300969607174362e-01
-6.237074889725796600e-01,4.375800660653970109e-01
-1.070650202613621982e+00,9.319698917262881910e-01
1.283695054201340058e-01,4.386482183363777376e-01
-1.307176997802996510e-01,1.332947266826619126e+00
-1.356642293074832861e-01,8.430744873661376593e-01
-1.996227586076128047e-01,1.070935682718653137e+00
-2.605887740939651365e-01,-2.156613186814067828e-01
-1.260924290814714466e+00,7.541445453926198805e-01
-1.221557357699425417e+00,8.199352169676359381e-01
1.902534495765782763e-01,8.973031339404053952e-01
-9.638126778934128502e-01,9.629431392863192427e-03
-8.080978396191061952e-01,1.343767721632448620e+00
-1.277732590497937082e+00,1.116511374811878232e-01
-9.409043741077229850e-01,9.633900205399928973e-01
1.418171417246543997e-01,1.929579326579065057e-01
-1.333951135002238608e+00,1.255542856883270275e+00
-1.009409531127780868e+00,7.810540907182933479e-01
-1.250644993567747942e+00,8.227660594887412637e-01
-6.680006505836083575e-01,-4.142594188380602227e-01
-1.228752531828983773e-02,-3.204655060026995878e-02
-1.490416706842259409e-01,-8.882010468374632040e-02
2.277426968325988732e-01,-2.142132370453353474e-01
-9.286348464387335078e-01,7.392779550866894756e-01
-1.155649856191376390e+00,6.759629852548997009e-02
1.527707370977537671e-01,9.834842529855936100e-01
-8.357105734534797659e-01,1.205216483625850099e+00
1.861233478853002998e-01,-3.470216499720085723e-01
-1.014833132642241509e+00,1.217104423786311340e+00
-9.056131426774971516e-01,4.301028543592229636e-01
-1.002197304667169497e+00,2.900484534027407690e-01
-8.970045593672149042e-01,-4.317398347664146430e-01
-4.523446861262103713e-01,-2.165963848175779527e-01
-7.434145011526099855e-02,9.789420632708441261e-02
-8.105030532481933836e-01,-4.747586751656081017e-01
-8.823892408795280806e-01,-1.612763789735446041e-01
-3.613282857227034794e-01,9.344304015646290873e-01
-4.789616067332754662e-02,-2.726654972544215738e-01
-2.165748992745394064e-01,2.656643599448490489e-01
-8.165567372827381432e-01,1.037853193212374903e+00
-1.118053377709017360e+00,1.160479274707574948e+00
-6.356087739964465522e-01,-7.449327563004719266e-02
-8.989670101072169128e-01,2.406562423618357760e-01
2.417396423021739016e-01,1.106614942970830739e+00
3.864983125674797959e-01,9.858977770181434064e-01
2.536017427399334667e-01,9.214508465606794374e-01
-1.045328341174175391e+00,2.293592305471280901e-01
-9.621131167366668846e-01,1.108674340698758698e+00
-9.506327651810161372e-01,9.397629673266916228e-01
-8.789360652424867137e-02,-4.385437405043863257e-01
-1.115492110494931133e+00,1.360319980917117366e+00
-3.527887527712468274e-01,1.103353069043620405e+00
-4.404209103333366904e-01,-3.277549615997166210e-01
-1.013347467720564943e+00,1.162746510504682584e+00
-7.683270748540174666e-02,-3.317584711147765208e-01
9.692329777981047167e-02,4.218263336807776542e-01
1.761458542176197184e-01,8.191470933040930769e-01
-3.475123795100302782e-01,1.399566805553867886e-02
-1.016270090915076585e+00,8.503725354404910730e-01
-1.064177858449389724e+00,3.192471930336536201e-01
-3.011279147168414716e-01,1.112205481831131548e+00
-1.134498905609424124e+00,6.546014575709235839e-02
-2.509916315118883023e-01,4.091117010188158876e-01
-8.950813139398104690e-02,-1.768480064340967328e-02
4.957192227312935962e-01,9.277686251921499760e-01
-1.211656612197216543e+00,9.778577983221060643e-01
-1.008284152820576596e+00,1.508375722574345712e+00
-1.068698653858817460e+00,8.760699766066977201e-01
-6.355317659873495340e-02,-5.481734674169256305e-01
-1.009086311528395674e+00,2.180789588013501978e-01
8.359039554757223545e-02,1.200576126598627003e+00
-1.197303893289520804e+00,4.346230491493516257e-02
-7.890428612554600818e-01,1.653733356704829294e-01
-6.433425410499279962e-02,1.826600167618332993e-01
-1.124380189809861541e+00,8.672747408077697839e-01
1.714685244111725237e-01,8.849300636855690627e-02
-1.207679410125671593e+00,1.249811975714363310e+00
-8.495639921564410724e-01,-1.839854692977082040e-01
-2.464001275025971549e-01,1.059547096770948160e+00
-1.287040186230889338e+00,8.730725567288268874e-01
-1.167956314972593113e+00,-3.910280026258575875e-02
-1.037459902291372194e+00,8.496555388541693343e-01
-3.419116592961831680e-01,1.383075493755673568e-01
-4.003874138109049519e-02,8.631539374662725583e-01
-8.843658180394706747e-01,1.521931175965803573e-01
3.760582934321644588e-01,2.695433693245216297e-02
3.078572039680138039e-01,1.105330609333466496e+00
-9.767580687072854317e-01,1.067164560440071241e+00
-9.142088790985163360e-01,1.126609498875758147e-01
-5.454102798369318827e-02,8.081580269812222994e-01
-8.396067885191335067e-01,-4.107662300646832132e-01
-1.159939253623867073e+00,1.531241035632684155e-01
-1.343672143690320120e-01,1.041814301238646046e+00
1.036630504340347869e-01,8.698188129992212581e-01
-8.660093652065857794e-01,8.921994529231913607e-01
-7.246037417564226146e-01,3.525556076584705073e-02
3.531437855815172666e-01,1.524629836957139828e-01
-8.132890626614189822e-01,3.488734996916967313e-02
1.072495060778782122e-01,7.027892348454413407e-02
-3.094159413443904327e-01,-6.324323375947743520e-02
-1.545636566920152166e-01,8.557385916736812703e-01
-6.546238929864355016e-02,-3.182760964979136631e-02
-1.102000334982444242e-02,5.040781366706432731e-01
-2.105538462408871880e-01,8.624184908246710357e-01
-1.193279204797109916e+00,1.194720657788945484e-01
-6.370311044944264312e-02,-1.773849470632344882e-01
4.175528301377431362e-01,1.299751366611753944e+00
1.535851525204006141e-01,1.145734520450714555e+00
4.272562847633209343e-02,8.232791223239154244e-01
-5.617437570631375054e-01,1.196589482373259794e-01
-1.037775240695902212e+00,3.532684898971591436e-01
-3.030164059379881758e-01,7.346532964530070320e-01
-1.043647605277118195e+00,1.297874888864138487e+00
-3.531830198381433750e-01,-7.736937772390919824e-04
-9.344415769666927218e-01,-1.418588593845663270e-01
-7.118277330072713127e-01,7.858536484077612017e-02
-8.300391866718059841e-01,4.268492625361279824e-01
-1.153634451034388775e+00,-1.576383508697473401e-01
1.912339546910742927e-01,-1.211023580409499867e-01
-6.088355099514304314e-01,1.438763980523863006e+00
-9.574462682558944060e-01,1.347934529493182154e+00
-9.147417970487164984e-01,8.090488889739969602e-01
-1.146076527299130676e+00,1.116472927617931932e+00
-5.045448451295768688e-01,6.851451097426830561e-02
-5.518851616134355931e-01,-1.006643227319900524e-01
3.097134278860756429e-01,-3.177241412799625131e-02
-2.420459257753750371e-01,1.072898150557740626e+00
-1.521200127544564129e-01,3.163740615522598332e-01
-1.136052099308711538e+00,-1.832288232013943585e-01
-5.263133543236614420e-01,2.170187970739471395e-01
-9.269440809721515295e-01,1.169354257118753626e+00
-7.558795864055558589e-01,-2.956040772766702074e-01
-9.056538731529141517e-02,1.078967931675139269e+00
2.150389379434758386e-01,9.677147241716325121e-01
-1.081626729891251859e+00,-1.504726952492538988e-02
1.491505764915119214e-01,9.031764077548609659e-01
-5.738761927146495551e-02,8.384375294423509484e-01
-2.930203260101952867e-01,1.030930326751730054e-02
7.867037654722132400e-02,5.475202331751044538e-01
-2.829542256122788771e-02,4.847701139236390566e-02
2.494755877641292863e-02,1.001950537412308814e-02
3.013348698689424787e-01,7.806653105335631393e-01
-1.007998703477235081e+00,9.539401308913786348e-01
1.362664642287887418e-01,-2.442344727494251133e-01
-1.278761313652234111e-01,1.083317393198224149e-01
-4.245134615960165052e-03,2.989768160802824259e-01
-9.578638888614411373e-01,7.399559883037369612e-02
-1.282281121997939088e+00,-4.262564759765993111e-02
1.075622036999067527e-01,1.791771558949236676e-01
1.381639058702776035e-01,1.298162250159130338e+00
-1.146064815200084519e+00,7.677899768634467714e-02
-2.193734412995502758e-01,9.817519163041176222e-01
-7.738626250472993018e-01,1.049007092402823416e+00
1.637049362564736987e-01,-7.386150101324244488e-02
2.940009088324798681e-01,1.188264496755403243e+00
-9.472189412706472078e-01,-1.482359455460337538e-01
7.193309648553272706e-02,8.780186622228049187e-02
1.873369204476998395e-01,7.273649004997306822e-01
-1.309971221190314505e+00,1.030073730059688941e+00
2.239267470253294423e-01,3.535420511036986846e-01
-1.081607729956666875e+00,1.323249636418424524e+00
-1.019073344961463956e+00,-2.523717749048855902e-02
-2.916949222760787941e-01,-5.107695646213950696e-02
-5.983757515836904406e-02,1.145502584017279446e+00
-1.507660865779443249e+00,9.368202423221114739e-01
1.399054367916811037e-01,9.118586205617656981e-02
-8.147477320607230400e-01,8.249443559010512239e-02
-6.664723484861572178e-01,-1.270245787923218461e-01
4.856470478233175792e-01,1.081930672696090889e+00
-2.143465528606878501e-01,9.960280903406575348e-01
1.140793530450645160e-01,1.614041233715727497e+00
-1.991575879060358267e-01,1.732373339805897416e-01
-8.908042642590041638e-01,7.913362868384296034e-01
-9.771073603905490457e-02,6.500401129149251389e-01
-9.471942172230979340e-01,1.172664290322900094e+00
5.755836074064481223e-02,1.225506512921543001e+00
-1.393890603544920281e-01,-6.531064190917644161e-03
1.349124121530841935e-01,-5.006161537318584154e-01
-8.096523331107823296e-01,3.119607859453144560e-01
-3.207387254669729626e-01,-2.308608746348629615e-01
-9.455460539550876176e-01,8.742116480881381158e-01
5.662910421698905128e-02,8.435602902962270333e-01
-9.141184972185263380e-01,1.116575777853157314e+00
-1.700434436942574734e-01,-4.174779856292298169e-02
-1.178277081347790523e-01,-1.699299476295673128e-01
2.650754119374634787e-02,1.275943989417942737e+00
-8.279697953604953087e-02,8.989687868598710274e-01
-7.102593016738520948e-01,7.032364911096347093e-01
-1.260981402728909462e+00,1.250942629133284245e-01
-3.015501712677220655e-02,-6.574347500645459641e-02
3.419993164609904102e-01,-9.370802779659551107e-02
-1.005736511068164418e+00,9.907338386089382665e-01
-1.160067468997557416e+00,-2.824193323962963520e-01
-1.093053388451298957e+00,9.769298964718403644e-01
1.575330671442402852e-01,7.232187987866706136e-02
-2.380544047139787622e-01,8.842963260958599525e-01
6.410630209425383086e-02,5.769626606369038235e-01
-1.147602285927342036e+00,1.241887111550914691e+00
3.152667084579769546e-02,6.229643205960180841e-02
-5.443802896679283965e-01,4.331773634341319346e-01
2.959737026173755448e-01,1.036625789528401231e+00
-3.588014144524208637e-01,6.865532857039573500e-01
-1.290923344185308075e+00,1.130893336521362619e-01
8.575434020228762944e-02,-1.447416412859245938e-01
-1.157539465699922498e+00,6.457288217659324925e-01
-7.216897185400961146e-01,1.040396753914996530e+00
-9.490773350113108631e-01,7.873407764575146572e-01
-8.776930161649765250e-01,9.428566016099445557e-01
7.207098738819764372e-02,1.113792194937275548e+00
-9.474022665016134104e-01,1.802651650003830042e-01
-3.918459191639370731e-01,2.846052383459419730e-02
-7.710005246558596648e-01,-1.505547791860539775e-01
-7.672219169269878236e-01,3.251276862034706283e-02
-6.889240856468408225e-01,6.536638406296745030e-02
-2.577784462547858535e-01,7.386988461370522230e-02
-6.779521631375129420e-01,8.846331500456313668e-01
-4.005330811751208198e-01,3.001439007413255269e-02
5.442571435341167496e-02,-1.967091599232049515e-01
-6.459811541911594790e-02,9.979240317903774471e-02
4.753958487515276277e-01,2.917000154905572892e-02
7.106722659908890072e-02,1.564796630877749173e-01
-5.360603450708302242e-01,1.043519391210560920e+00
-1.238611319093493091e+00,-3.186862862854594053e-02
1.435379509075220827e-01,-2.071432838986519698e-01
2.586031116041864197e-01,1.828732377353206318e-01
-9.634742800870363943e-01,1.273277961054941620e+00
-8.683250390468252311e-01,1.607025016304335363e-01
-1.114382967955531017e-01,-8.620292384668656882e-02
-1.168640553805115667e+00,9.507725083520359721e-01
-8.778122630527755987e-01,1.082306545556705885e-01
-2.227555679398455502e-01,9.509873319526840341e-01
-2.514913824751912053e-01,-3.234030837151617988e-01
-1.914366260358864313e-01,1.080245980902226011e+00
-7.174878695009626606e-01,-1.714184658777458958e-01
2.237798988162685299e-01,-2.530992228854198750e-02
-1.040888208025587680e+00,1.834165321320362363e-01
2.400775201163324046e-01,-2.851467194946621765e-05
6.562644433901231034e-02,6.508152976033244608e-01
-1.234381427101358231e+00,6.153657340246853069e-01
-1.248085596017082910e+00,7.439527509924638293e-01
-1.280742572280455960e+00,1.853189793642788796e-01
-6.864088537019907843e-02,1.001524398136351524e+00
-5.523547802329281664e-02,8.171880527491490742e-01
-1.027496091241032888e-01,1.531455440179238625e+00
-2.543512009971810595e-01,5.319814584873878288e-02
2.532192973134712033e-01,1.142146736716966648e+00
-1.447233750384622764e-01,7.661666289429197585e-01
-2.400512845051251676e-01,-1.493533316013567203e-01
-1.055715582706319156e+00,-2.678356429487709078e-02
-1.326380910713948813e+00,1.062277300549136827e+00
-2.297375085156292684e-01,-8.732295326047607997e-02
-9.994840997877882938e-01,-3.815192953167051426e-01
-1.252262369721354851e+00,9.088596880094786945e-01
-9.323833954498156329e-01,-2.876859724710646438e-01
4.244563438395841937e-01,1.504330771321044091e-01
-1.342973977169439781e+00,1.179661245352553678e+00
-1.314366750276634743e+00,-3.002824963670213190e-02
5.054026930945595270e-02,2.904376833619564113e-01
-1.049022028111535665e+00,4.365572928889003279e-01
-1.461898741409467073e+00,9.829340369412908895e-01
6.045379122158443114e-02,9.105977100189105444e-01
2.823688945611796952e-01,1.347812020634407304e+00
-1.105508057527362781e-01,3.302161436099673164e-01
-1.338241643847677409e+00,1.043181554895720176e+00
2.805811792115138759e-01,9.746604046818270195e-01
-2.865939876101011308e-01,1.304634986024607368e+00
-1.749887714428928764e-01,1.041147800691425707e-01
-1.138965370555728107e+00,1.090777996113472925e+00
-2.268000360163652529e-01,8.739723382073407709e-01
-1.394896253657594842e-01,1.212344195553880372e-01
-1.012562793748092993e+00,9.540924565227234533e-01
-1.612855200982566406e-01,1.168202495825051423e+00
1.062559061070341704e-01,5.888894943203458743e-01
-2.401587336432486636e-03,9.651417334864312858e-01
-1.175420650508811171e+00,2.318919277325440231e-02
2.458921985180359815e-01,6.713951774900503988e-01
-2.698414360391345745e-01,8.784196407106099891e-02
-8.712300919898467721e-02,1.194134346121896062e+00
3.511033498883319171e-01,-1.732935434146875564e-01
1.557180705892007855e-01,1.941961315098884311e-01
-1.376580431752655841e-02,1.083922232767326133e+00
3.388274588979935387e-01,1.192924045566650326e+00
-9.394767989021679533e-01,8.858635513313259935e-01
-1.669354955257855780e-02,1.140482660463277620e+00
6.475763296922565360e-01,3.124480271050103855e-02
-1.124789014897147554e+00,9.340825246101560619e-01
-9.139187675868569727e-01,5.500413042084315585e-01
-1.255180714770272044e+00,-1.544994375121603314e-01
-8.808228534726358916e-01,-1.194034457847521769e-01
-8.163852846880583769e-01,9.920589310204521727e-01
-1.872905498760727983e-01,1.560621233164835475e+00
-1.314558037505028643e-01,-4.538158096405808806e-01
-1.121396817215629116e-01,1.037216433513329594e+00
-9.902127788499978100e-01,2.912899508202589360e-01
-2.078308543800462260e-01,8.509103305176741738e-01
-8.695362349589953466e-01,8.836529528831343905e-01
6.054981387230806006e-02,3.761779579478248259e-01
-1.151801311068711975e+00,7.487786012430106553e-01
3.878635555255911110e-02,-2.542228650380207178e-01
6.861985045167615094e-02,1.200306532813013138e+00
-2.909526111495536749e-01,1.326464474645381308e+00
6.191525983979133396e-02,9.728232239312831764e-01
1.917048618257002207e-02,4.257580983534989816e-01
-1.037439413259212850e+00,5.220770134908277182e-02
-9.250430204328029260e-02,-1.414381316472594352e-01
-9.120974506823228412e-01,8.169692586493439990e-01
-2.375351922335738053e-01,9.700540715764606192e-01
-1.182608164209363100e+00,5.196157434313903867e-01
-3.052686613263613791e-01,-4.686136350840518217e-02
-1.044566625758811096e+00,8.070741038133297796e-01
-9.546507438796798528e-01,1.005341184677840394e+00
2.001796933874216144e-01,4.672242334532041019e-02
-2.932821773747907312e-01,1.009039595798044919e+00
-1.842522668370890349e-01,1.054923878665763093e+00
-1.186568961898980312e+00,4.747186392011708278e-02
-1.048459815166165709e+00,-2.401283832171946520e-01
-6.891908401315350874e-01,8.690138010808134972e-01
-7.141450841233339952e-01,6.868379531668127314e-01
-1.194308172762905240e+00,1.140341968856616317e+00
8.778350120684179358e-02,1.168799648598342733e+00
-8.917775070949535143e-02,-1.992742035472996054e-01
-1.055228984355253807e+00,-8.451638007230598271e-02
-7.572099138525626438e-01,2.417651536231380793e-01
-5.898156925436062181e-01,-1.801124592492076015e-02
7.462211711727959051e-02,-4.019395266306966669e-02
-9.007760903619367321e-01,-1.668342608607467636e-01
1.678039707950950976e-01,2.679703098212244394e-01
-1.146438479703753899e+00,1.182730788534564897e-01
-1.220011501843725199e+00,1.038938917934292716e+00
-1.403119158021599810e+00,1.256325717220100890e-01
4.118578307590299858e-01,-6.168780852375852636e-02
-1.291970552326663357e-01,1.156784522186174557e+00
-1.169891837616023889e+00,1.300333269340321785e+00
1.739946621921570069e-01,1.020558080872289025e-01
-1.152623610095165452e+00,1.135137665799814011e+00
-9.507082650608178476e-01,1.058752620459680438e+00
-9.803470660398097003e-01,5.803998498350967927e-02
-1.198922869056307627e+00,1.140586885524818461e+00
-2.466565360804650608e-01,9.269070993481407505e-01
-1.487242888195019708e+00,4.529782545365812485e-01
-9.325602766900346063e-01,8.634204553549686134e-02
4.314913770988750008e-02,7.028058561663318438e-01
2.442920708705528521e-01,8.216394598210829958e-01
-8.556784573591362797e-01,1.229213299763588285e+00
-2.445600551769454289e-01,9.073941764349816586e-01
1.925428746316509843e-01,3.284641137522719689e-01
-2.171167189444409562e-01,1.150001434378753684e+00
2.185992778020375699e-02,-8.682837014977640155e-02
-1.076174437107855208e+00,1.085436836635306629e-01
-1.081123864936959444e+00,1.096099136513743355e+00
-2.025153177398006377e-01,1.067435193588393894e+00
-9.204446903968431792e-01,-1.248613260816632403e-01
-1.219919870086388247e+00,-1.615465277689690504e-01
-1.170558776194501327e+00,1.804125512441575596e-01
-1.016761319446208289e-01,2.875316815866306719e-01
-1.057219796809527601e+00,-3.203777685248616613e-01
-2.504159186296346928e-01,-1.025134102782497697e-01
-7.097475465470020062e-01,-2.671609268961278594e-01
-8.460191628458326729e-01,8.172349436076179474e-01
-4.019883864868666057e-02,1.053319043947960054e+00
-1.127184622655545310e+00,2.570609507738695898e-01
2.937277911984229051e-01,-5.439058949005779464e-01
-1.233074977822689600e-01,9.144875198660311622e-01
-8.847433831013757910e-01,1.171549020347095516e+00
-1.496917927551153715e+00,3.370241590272544246e-02
-1.336516848715811667e+00,6.775946222515506490e-01
-9.890731352415426114e-01,6.399793854742034105e-01
2.122754956406286073e-02,7.898150854316836333e-02
-3.628110741181707344e-02,9.494551562571773573e-01
-9.869877113250266065e-01,1.033025694751990686e+00
9.479968675059659289e-02,-4.467216028038764608e-02
-4.769254434375247431e-01,-1.175766510842292945e-01
-8.775393490438278266e-02,1.010758067054790432e+00
-3.691161733428061781e-02,-4.904193504278930860e-02
-1.226304731570447837e+00,7.527531387097265991e-01
-1.109635563647460632e+00,1.108363840639645215e+00
-7.558601695356772510e-01,1.043192169930729385e+00
2.517779758397478140e-01,-4.012824281624417094e-02
3.177745205722854599e-02,9.747870905881631520e-01
-1.020430298141820957e+00,-2.710364359493184772e-01
-8.130342944190223076e-01,1.171235761219124481e-03
-8.914148426667423131e-01,1.071574410604014149e+00
-1.236986476690734096e-02,1.016621802074050729e+00
-9.624307331046495495e-01,6.670091319827189946e-02
2.684955300984494947e-02,-2.299205928049804226e-01
1.274178954235444250e-02,5.594979347568966865e-01
-8.192495830240953403e-01,8.010104332649703451e-01
5.868220249440126574e-02,-3.165764719579692854e-01
-9.764442370728468323e-02,-2.095889286690157116e-01
-7.695365114621181002e-01,1.924584644132219247e-01
2.919334798126774766e-01,1.398061269058640255e-01
2.214128149434887449e-01,3.523335781179990911e-01
-5.959328901920675214e-01,9.962591069621296036e-01
-1.132314473358370543e+00,1.235956335964958130e+00
-1.351083154552143117e+00,1.272619834084599777e+00
3.261807854935241946e-01,-1.090600701668954925e-01
-8.399347433472095226e-01,9.639228918687041681e-01
-7.388614009936813609e-01,7.329040852884454171e-01
-9.487008883116231361e-01,1.056074753019244028e+00
-2.832433082169181007e-02,7.321079293049571612e-01
-9.356838092772287729e-02,9.173051184480535136e-01
-8.615208842159507441e-01,-3.388240334189772662e-01
-9.632630939023615335e-01,-1.581634500617795092e-01
-9.301840940878175479e-01,1.027754124385856560e+00
-2.239592581663709669e-01,-3.584806615960012821e-01
-8.812358696352704523e-01,-4.398552032417595847e-01
-9.634089495324141827e-01,-2.251102618055322024e-01
-9.542367171685675054e-01,6.642057917802770550e-01
-7.439966176623868943e-01,9.656434449795409103e-01
-6.547990590575805125e-01,2.577212488542202085e-01
-2.948645869040352752e-01,2.798640613026890933e-01
1.437914737515830488e-01,2.116435851088164372e-02
-1.206607326953830356e-01,-2.860822461587984589e-01
-1.340359073432954462e+00,2.860134802223117667e-01
4.949110630323785148e-02,1.165938788071118504e+00
-8.354689999247901788e-01,2.419374295582198964e-01
-9.075115173618171216e-01,7.013060809058135892e-01
-1.188844112378413920e+00,-1.028962964502661559e-01
8.861672586777814831e-02,1.008123882124909443e-01
-7.707894427236328116e-02,9.463318409677299314e-01
9.234373731764798643e-02,-3.935651292962643599e-01
-9.966256296726153652e-01,9.742871935404562311e-01
-8.312004677372044625e-01,1.789108208889531593e-01
-1.149036286889059122e-01,1.379732190291862726e-01
-9.438791485957309657e-01,9.148966586183530092e-01
-4.192597618984433144e-02,7.023281454801274526e-01
-6.943389420568497616e-01,-7.540210348465732626e-02
-2.633300350542696067e-01,1.005794121377612260e+00
-9.932269242861312408e-01,-5.656571419823559765e-02
2.266031080548750465e-01,3.034729960440232799e-01
-1.234925515867808521e+00,1.039563531917376382e+00
-8.073283323646106568e-01,2.554127681351692769e-01
-1.144448507307259000e+00,1.188182818986006195e+00
-9.956082550002196552e-01,1.062614360850471451e+00
-6.361934264643183123e-01,-2.800085589128233354e-01
-4.055558018266655074e-01,-1.259458341832475799e-02
-1.403972637115536055e-02,-1.389005855792012356e-01
-8.785151741236505440e-01,1.196153276795056231e+00
-4.547652890617470689e-01,1.398662066086214351e+00
2.133933308747688051e-01,-1.864848361017432954e-01
-9.743925135194050346e-01,1.230568057297945606e+00
2.224971602017676020e-01,1.037635186084536337e-01
-8.026064798648346876e-01,2.541262320942864750e-01
-1.242683604594186919e+00,5.207674978666720911e-01
-1.262505570340199057e+00,8.521310575093770101e-01
-1.760382482486327060e-01,1.088260373908997991e+00
3.139798639928635393e-01,-5.589214100323854767e-02
3.730346831754753345e-01,-2.494005902015580256e-01
2.626765680108053558e-01,-1.153754083062858704e-01
-8.022935606050137780e-01,1.008532431533364360e+00
-8.949810122809374047e-01,7.685083925262485849e-01
-1.022165213688151775e-01,1.616291233428688856e-01
-1.059442306202265094e+00,1.282720029122981664e+00
1.638796473686887079e-01,8.206396550930206146e-01
-1.098302272535320201e+00,-6.698662446628580458e-01
9.979784812719430520e-02,7.157041909024063342e-01
-3.981261238563234967e-02,1.588749645118042730e-01
-3.716174459024618182e-02,1.137798160278097603e-01
-7.651411239595037883e-02,1.054701094934098249e+00
-4.446258590822780299e-01,9.239987216823274396e-01
-1.024912857522918275e+00,9.825244377843169730e-01
-8.705491623888863550e-01,1.199777480732270307e+00
3.409085846948638476e-01,1.114927786491120454e+00
1.041149626137070350e-01,5.600417950644330789e-01
-1.089422266420409180e+00,8.601594114165447280e-01
-1.714124079617136143e-01,-2.077483103995095282e-02
-5.262303798306096070e-01,-2.667281493590139066e-02
-1.870855210783601841e-01,1.063568482574082985e+00
-9.491642615829923302e-02,6.776903561256657493e-01
-1.500046278521034449e-01,-2.651432507003025352e-01
2.201990168427714611e-01,-1.009195390295094807e-01
-8.206376612543175852e-01,3.880614567026756064e-04
9.480737737992369837e-03,-1.586004375637711794e-01
-9.224482196573817738e-01,5.973892888879632768e-01
-1.015660066567586339e+00,4.844646454627308391e-02
-2.592513203944135092e-01,1.205742586773733693e+00
-7.263799480219244042e-01,-1.448347102086597893e-01
-3.971972657905083887e-02,1.109541808771346005e+00
-7.828010247487799944e-01,7.215013233452277630e-01
3.706556267825807938e-01,1.154296097403808119e+00
-2.868293180360714789e-01,-1.792739209427555713e-01
-3.526837193711158946e-02,-2.154777466119448814e-01
6.559230135407102813e-02,5.790913266835203688e-01
-9.756907996695131091e-01,8.625468237542933680e-01
-2.967072514167132802e-01,1.276048913550871022e+00
8.664258344454171812e-02,1.182611640667807551e+00
3.584437523544326543e-01,2.220134098056020244e-01
-6.792620126017753779e-02,8.199038232885734745e-01
-6.293790830533627090e-02,8.339371144255365298e-01
-1.756294204974487849e-01,9.523969592401324569e-01
1.973924631893519410e-01,1.179029870391844925e+00
-6.040332523969888651e-02,1.387128530351593225e+00
-7.429946868382906189e-01,1.576870549363548202e+00
-1.273450508171303008e+00,-5.702890022691978894e-02
-1.361909111959137775e+00,1.002011238000602322e+00
-1.060974375333246345e+00,1.404750969077879885e+00
-1.079927913153813784e-01,-1.251504105375565723e-01
-1.173912431731257699e+00,8.434261152832227548e-01
-8.605838817145178288e-01,1.016441222178576131e+00
-9.040071354396884695e-01,9.579664048914225960e-01
-9.110835020983272248e-01,1.160516267690408831e+00
-9.744753159108622276e-01,1.009296551964639077e+00
4.079054294233961930e-01,6.122435772570982149e-01
1.033526137022987845e-01,1.112145032224542529e+00
1.631005903573254714e-02,1.609140668147386599e-01
-8.386447524258908159e-02,7.657919660513511362e-01
-1.348973728712647147e-01,-1.557018798228296079e-02
-6.801474976685254470e-01,9.705144743940187224e-01
1.794270437023380571e-01,4.604087865287188885e-02
-1.051924102839254749e+00,1.264109362567528372e+00
4.437611110896886868e-01,1.395804335285885989e+00
-1.187653647893941011e+00,1.088927902494054578e+00
-1.169145275257089223e+00,1.353109734957172128e+00
-2.408746142767228815e-01,6.093668117576152288e-02
-9.724904717543582100e-01,6.800747255956892667e-01
1.784014516897547697e-01,7.120389199036458727e-01
1.976658455129235714e-01,2.377427399772980843e-01
-8.665011423836270765e-01,-1.310267472277951706e-01
4.258571005500497858e-02,-2.950540454736731016e-02
-6.987916682978803085e-01,2.333634979681158128e-02
-1.110524841558574227e+00,1.257516348989049959e+00
5.507382984932300551e-02,4.047571525056460617e-02
2.965937395664260123e-02,8.820327832692305137e-01
3.944434681329019310e-01,1.240593654479775321e+00
-9.773117719974058204e-01,9.498707527591483402e-01
-1.307759217452749478e+00,-1.297431241769140819e-01
-9.259428983578708028e-01,2.856505572482264665e-01
-1.091747977698456440e+00,8.522655189359388261e-01
-8.746795401147713367e-01,-2.965095393615204689e-01
2.328289495307906964e-01,3.341277685750010384e-01
-6.430569837001565148e-01,1.125318992142563534e-01
-4.735945036239270767e-01,1.198851769881645435e+00
4.358458046310986767e-02,-1.443091129742477552e-01
-1.087701555106775464e+00,1.245920628249119755e+00
-1.394913980665993536e-01,1.232691639242001092e+00
-1.023451343618675180e+00,1.525965200556757662e+00
-9.368140728631959568e-01,1.289728753587205956e+00
-1.324625241660901676e+00,9.583098913947554198e-01
-5.346866773584948301e-02,8.163722044813319645e-01
1.560555056903533411e-01,-2.682759331336815323e-01
-1.337130089614802841e+00,8.201858735072488082e-01
8.068455154280594621e-02,8.874421173980665545e-01
2.371627068542964123e-01,8.867875686681378489e-02
3.044077615294976669e-01,1.219598928844694452e+00
4.979173847533963082e-02,9.143976914790922228e-01
-1.046858896957906460e+00,1.128816447940823725e-01
-8.604635670802238678e-01,9.346357203687750970e-02
4.424505115006129030e-02,-1.288015513510924193e-01
4.528631659780478769e-01,7.231763741405567991e-01
-4.666499723949273093e-02,3.252384831051807323e-03
-1.988645018764153838e-01,2.065263355104496878e-01
-1.162376666857327878e+00,8.882788473445336619e-01
-1.425182828423446901e-01,1.678511544925399834e-01
-1.218139134081010599e+00,1.115207798976318054e+00
-1.364545284915025691e+00,7.751592307782588787e-01
-1.165727314696603845e+00,1.239433372173858849e+00
1.643380453954053821e-04,1.066141026869788622e+00
-1.247211218364583374e+00,-3.214589097434984444e-01
6.690816761377765820e-02,1.076676017676786001e+00
-3.366060138255327905e-02,1.200853343130966033e+00
-3.622214162050090003e-02,1.092190091529097629e+00
-1.450077429048986843e+00,1.112530207124053039e+00
-9.529171696308147421e-01,9.936127508699886812e-01
-7.376286589324616561e-01,1.060804879208552931e+00
-8.731640224405435857e-01,1.137122517510902320e+00
9.839459672738709584e-02,9.287928980373250099e-01
8.744825339743124426e-02,4.135254354754625689e-02
-9.890882726666692104e-01,1.039565297681452005e+00
-3.781183398174755572e-01,9.632978651174286533e-01
-9.009399578451789958e-01,3.033527672789020427e-02
-8.198506628466406543e-01,-6.415295454500316574e-02
-8.137307567568302646e-01,6.218585615426652780e-01
-8.642045257997174046e-01,1.498368911846840845e+00
-7.815666753306646855e-03,1.318141735175696327e-01
-6.616112130159634841e-01,1.495075124889682083e+00
-1.131960304870530676e+00,-6.812395613870390887e-02
8.890642842539245305e-02,2.623600639649021904e-01
-1.058712739917355428e-01,3.492263910619479161e-01
3.429726172710180765e-01,9.884682801838448052e-01
-1.337253714572654406e+00,9.533540016189878674e-01
-1.325210820533922140e+00,-1.222341403007748961e-01
-7.438905772490956858e-01,1.001787196991239526e+00
1.691202926515534277e-01,1.093183398784573379e+00
5.756470319507214078e-02,1.058322472760894861e+00
-6.253338024979386844e-01,9.935560965897793917e-01
-1.062759323170977543e+00,1.261630907396860568e+00
-4.177800923503116604e-01,1.006567444923225585e+00
-9.880288264795816788e-01,1.292699382169836930e+00
-6.281296944495987633e-01,1.237349372378494738e+00
-1.300602391753650222e+00,-9.775774035105766480e-02
-1.328096418754026509e+00,1.006731139767321342e-01
-1.044901646077415203e+00,7.542101299483724985e-02
-2.836435456624302187e-01,-2.494645035411371947e-01
-6.415781419557446963e-01,6.400145998501673983e-01
-1.306517648687023136e+00,1.268307926302679078e+00
-1.108371270681921761e+00,1.009205851135381721e-01
1.776276854377991654e-01,1.357691393801960356e+00
1.780018305889900232e-01,9.368501190885317187e-02
-1.208205913130780518e+00,1.278918682759081937e+00
1.005874596983293290e-01,-2.953086868766243711e-01
-8.356966693016643077e-01,3.257207321462664562e-01
-2.180603799397620168e-01,-2.032986979958030793e-01
-6.468181073881271725e-01,1.511851441114848982e-01
-3.609272890712287435e-02,9.738839705859532458e-02
-1.109276757176498984e+00,1.266381680750957583e+00
-1.111049111220890229e+00,6.533979854604625714e-01
2.401297484329481813e-01,1.087978905469737079e+00
-1.028098115500999832e+00,1.456269439602513871e-01
2.655583318460370545e-01,6.740784314577056291e-01
-1.403762781677207749e-01,1.428481460789439439e-01
-1.193679495807510538e+00,-9.611331813526793888e-02
-9.666000909962531029e-01,-2.844218988605182186e-01
-1.379912974469637899e+00,9.796431837962095157e-01
-1.165934461197831062e+00,6.600869111146592250e-01
1.222898658202078159e-01,9.502667546808125643e-01
-1.146788081628483003e+00,-2.442250762670718778e-01
9.620388967117020698e-03,1.198995412653298454e+00
-5.655424656709413522e-01,9.004787887781277034e-01
5.102037363385899388e-02,9.601872205957960871e-01
-6.748899989934609156e-02,9.332691822899014111e-01
1.062475567891984357e-02,8.131270254603241154e-01
1.423453018573491713e-01,1.007992392628704659e+00
2.748892071126672887e-01,8.544468003417758917e-01
-1.073693622062286968e-02,1.371770253178126842e+00
1.699422182285930394e-01,-1.527343008765629784e-01
2.201185711941519227e-02,8.524159925453351772e-01
-1.932061288724366832e-01,-3.460451826268484687e-02
-1.024294908712670038e+00,1.302167173824063440e+00
-1.321042609852125516e+00,1.109238268288407436e+00
6.211472609603326152e-03,-9.190305330550414820e-02
-5.128669543705988154e-02,-7.147323302567776260e-02
3.713263889197777196e-02,1.456746974395036962e-02
-1.025496636167404940e+00,1.109436908243615738e+00
-1.143828258744824300e+00,1.353750117625753591e+00
2.880733922781484879e-01,5.138836726353641915e-02
-1.527178755140649491e+00,5.604274019255196110e-02
-9.681537773487834952e-01,8.671761255913028321e-02
1.778229074515740582e-01,1.272112030254748394e+00
-7.222513167140715007e-02,-2.748583664249364955e-01
-9.231116125855254317e-01,-4.853535302898252524e-01
8.813557042739326997e-02,1.150360055328687681e+00
-1.160045165591288896e+00,-1.153031674125050421e-01
-1.579311978254558657e-01,8.941544814057736934e-01
9.948154539380295314e-02,1.871376036807082810e-01
-9.462795619958713766e-02,2.504554244767643878e-01
-8.685094661591414855e-01,1.193436258965217878e+00
-2.573878388254929317e-01,8.483318292231984969e-01
2.065905563338951353e-02,2.048788228890283114e-01
4.341218283069465250e-02,1.066595066599282493e+00
-1.309214928695079827e+00,9.038423542184477188e-01
-2.170414924880676721e-01,9.370763629704534359e-02
-1.492356530153437777e-01,6.012638221311206871e-02
-7.176494839887639365e-01,-1.111013622793987077e-01
1.484963877899450058e-01,3.676054722282856568e-01
-8.497967389325606913e-01,3.584475413203420946e-02
1.502896477689500132e-01,-1.196835274259200610e-01
-7.924007022336330142e-01,8.992805491527529060e-01
-1.454304922645468734e+00,6.228973032684634870e-01
2.520216371938344135e-01,-2.947450276012787973e-01
-8.986563106689120506e-01,8.316626705815011178e-01
-5.581200127769994079e-01,1.144934891167722624e+00
1.283150772378240656e-01,1.081375428085095347e+00
2.872939625300708344e-01,9.833035534740641737e-01
-3.061084424251313968e-02,9.183943771145439139e-02
-6.989577716583665890e-01,1.087903665146983112e+00
-9.433720696339886747e-01,5.284281799538591284e-02
-9.318603435382159794e-02,1.130541862225642236e+00
-1.241534859067103147e+00,7.946603478436822243e-01
-2.245673747525792630e-01,1.193999141735260228e+00
-9.068417707323392918e-01,6.010936706465870583e-02
-9.721489361310559074e-01,1.107179417438443725e+00
7.650829662317312763e-02,1.122795432792639617e-02
-1.237769544528034144e-01,1.034324774444469686e+00
-5.900588656029934764e-01,1.002080848210404884e+00
-1.145158289241265726e+00,3.618264274025135285e-01
-7.735637413666132112e-01,7.184292228035451533e-01
-1.048343782827256598e+00,1.115715697404705331e+00
-9.799774246139875133e-01,-3.964354084380718873e-02
1.496607669760913195e-01,-1.429276408661149522e-01
-6.263890936762072092e-01,1.144099409411674317e+00
6.230376930801298507e-02,4.522109094377380761e-02
7.092757753800783826e-02,9.644246053491155601e-01
-9.439519708552466248e-01,-1.224374515258367171e-02
-2.464488029016380366e-02,-4.233917951049517292e-01
-1.406612409320477042e+00,7.871603879385270508e-01
-2.174425681816861688e-01,1.001785638525167554e+00
-1.269911990927336254e-01,9.860953572693216262e-01
-1.072539787195165184e+00,9.594016338925366316e-01
-1.107672346315274226e+00,3.292907491897696937e-01
-4.337439751084817274e-01,1.267885734659905950e+00
6.159180460779801330e-02,2.501064712188989514e-01
-1.016924629389339030e+00,-2.672699014270708481e-02
-9.942407899849251551e-01,1.254732415917712895e+00
1.643533955077599862e-01,1.089679971855737062e+00
-1.002237418835204563e+00,1.191042939699812120e+00
-1.200348082657252347e+00,-3.084602152622646365e-01
-9.780509676424611887e-02,1.034373883099771740e+00
-1.035957164424919252e+00,3.894674578541829080e-01
-1.915857358649007691e-01,6.875505410812254858e-01
-7.522498886634166881e-01,1.674925953772111731e-01
-1.358319163185596867e+00,-1.556248609003954286e-01
3.442820823254180707e-01,-8.203687350705285430e-02
6.085469252996752454e-01,-1.104194088198754836e-01
-2.304939566824460578e-02,1.157075039062375410e+00
-1.176220144126801648e+00,8.320986778983056054e-01
-1.408286571297310552e-01,5.766172265722799839e-01
-7.757081032076420524e-01,7.326139648409513150e-01
3.364882831868762358e-01,-4.222236685540374235e-01
-1.010768072519156568e+00,-2.325087806230054233e-01
2.430723003342407651e-01,1.402654362081678041e+00
-7.255927845084131356e-01,6.600813131392442301e-01
-1.219100531946796684e+00,7.349596584594721982e-01
2.384735105582101722e-01,1.141119257376383533e+00
-1.054974254742685913e+00,-3.055646731885589551e-01
-1.079444562499075388e+00,1.090729331708318733e-01
-1.247197637130614600e+00,9.930831493032541424e-01
-1.280824899951143347e+00,5.932194940826762686e-02
-4.294928294131276220e-02,1.200261280096882599e+00
2.243051360071193767e-01,2.546626270513323576e-01
1.480357988287017874e-02,1.112786204155366443e+00
1.864312570435804894e-01,-1.169202262957706323e-01
-5.773900003567533634e-01,1.100425537292395228e+00
2.499499442436279861e-01,1.923813737528388412e-01
-1.227404766610388887e+00,1.315666888541439095e-01
2.706687980010050176e-01,1.348719396823954420e-01
-1.112801602203011830e+00,1.403637802799163836e+00
-1.033449282579300910e+00,-2.213392869199193591e-01
-4.489092202053040354e-02,-2.748429642132911854e-01
-1.213318813347768060e-01,3.143938278148003529e-03
-5.555417418942262819e-02,7.335079583875020459e-02
-1.192243186512727426e+00,9.594471095045357112e-01
-6.784026860139182880e-01,1.204262984440437334e+00
-1.219326086778870222e+00,1.108027426342291788e+00
-1.103572074044323337e+00,2.920771290246901852e-01
-1.361448167033362487e-02,1.163668507876433722e+00
9.007116184714579477e-02,1.010630027722569713e+00
-5.492371438165097874e-01,1.288013188213829485e+00
4.372996356832984377e-01,8.276670983054438269e-01
6.144870858372439987e-02,1.164214796097647886e+00
3.677547626069471165e-01,-2.887973698052499483e-01
-7.087334983260613619e-01,1.233629673473444655e+00
-8.091069367898853226e-01,-2.277589136278111714e-01
-1.233942773988183639e+00,-1.307550475708846860e-01
-8.372941235556607964e-01,-1.392689032194047716e-01
-1.125290768970589550e+00,4.277884450807193373e-01
-1.108716498856895383e+00,-3.215008614549518251e-01
-2.981623879778644848e-01,-1.585662530704984308e-01
4.846856407955886514e-02,1.377767819635786761e-01
-1.172637713283745331e+00,9.478136778206037727e-01
1.536938692619604085e-01,1.251186748759524292e+00
-1.011130004130707194e+00,9.503285219546364626e-01
-1.370587500940946057e+00,-4.075374939243166517e-01
-1.137052968330649338e-01,-2.767236391859211400e-02
-1.316656449345775248e-01,-4.292010095658023161e-01
-8.742043225746491952e-01,-1.239611375090716727e-01
5.116899301083480123e-02,7.202411451019741229e-02
-9.449664163038918874e-01,1.144596160827806353e+00
-3.705607288568324442e-01,9.682547875139203564e-01
-1.030048420179906499e+00,8.422350788039277836e-01
2.610025952461852428e-01,-1.664889957796896192e-01
-7.312940918263273193e-01,1.294979848584835613e+00
-7.530131275082785347e-01,9.717478817585373241e-01
-1.012736692071818378e+00,1.882468657353347785e-01
-1.013882470795850255e+00,1.220577750652142468e+00
-4.622838758836789186e-01,1.309414328536853134e-01
-1.057651391210784331e+00,-4.652925077553517197e-02
-2.333728854026532462e-01,8.488261507768666281e-01
-1.210620341423977564e+00,1.020740966733033828e+00
-2.690425074355393131e-01,-9.107847582952548204e-02
-1.204420511530265525e+00,1.186248585666745736e+00
-1.722086435405404126e-01,1.285890498438697183e+00
-1.860895847021164784e-01,8.539783921540381462e-01
-2.748406142077613468e-01,-4.038529075165211285e-02
-9.098498930122232986e-01,2.274910668498267008e-01
-9.675775741682151043e-01,-4.454673036628586241e-02
-2.434310890532753180e-01,3.582669745715857945e-01
-7.154179361303512064e-01,1.138961836074309231e+00
-8.902874037969450427e-01,7.245275361598828567e-01
-1.218731817996649910e-02,6.505347421849213552e-01
-1.108748394124632775e+00,3.473458137100414733e-01
-7.673866852686513917e-01,7.200086504830651712e-01
-4.552012145397335008e-01,1.024646047677638450e+00
-1.231483404981354557e+00,1.804465938950449155e-01
-3.002873494394840415e-01,9.966826778011561583e-02
-1.350815086698728740e+00,9.263923800319051605e-01
-1.100931087349962700e+00,1.109277167532177755e+00
5.057238397196840013e-02,-2.340735800102829167e-02
-1.050868261656748182e+00,-1.389617714527520143e-01
2.611348490171920833e-01,2.626430240071489508e-01
-6.986530985040557695e-01,3.879353210625482301e-02
2.043564969058849212e-01,7.928023706869828935e-01
-4.241959732436758612e-01,-7.081892433266830100e-02
-1.198144048760703573e+00,6.783552816459210710e-01
-1.291492821169875516e+00,7.413400538112208116e-01
-1.396769418827196851e+00,5.720599733805499243e-01
-8.712830196962019214e-01,7.036452949375852917e-02
-9.377248839928188362e-01,6.880463184367432983e-02
2.181529703900562389e-01,-1.310146545498065696e-01
-1.117988035439008154e+00,1.860831433888777975e-01
-1.040420032124187211e+00,1.170660448378370688e+00
-1.086958207917071428e-02,-2.600276082530979596e-02
2.833049771362282643e-01,7.637384564388519093e-02
-1.008988491869130949e-01,9.351056856544923135e-02
1.578578569357670935e-01,-1.207891930202199295e-02
-1.207092634670428460e-01,-7.102583045026000796e-02
-1.215207794344512537e+00,8.167468973179951020e-01
-1.107746248900689956e+00,6.393287597792439436e-02
-9.886620542070986284e-01,9.953497221828158104e-01
1.810132525179137808e-01,1.218899882119902633e+00
1.896814518745362221e-01,1.080496254713793736e+00
-5.795782009927372136e-02,8.934963202171662955e-01
-1.146382798432591388e+00,3.517314424923286779e-03
-3.318804847047464573e-03,3.350385137062124319e-02
-6.979258223670457006e-01,1.328134862613116418e+00
2.560099331479901985e-01,-2.809683062215053567e-02
-2.630356811861117583e-01,9.888471028910349458e-01
-1.528961535888579970e-01,-9.063301608190765801e-02
-9.001485911836396570e-01,7.856512824406255424e-01
3.551921231950010971e-01,5.063536555907567349e-01
3.269605239704483357e-01,6.223481490098987656e-01
-1.271362482147821854e-02,1.014094330119456044e+00
1.328657688008507143e-01,1.179015791707818339e+00
-7.722128713933903432e-01,2.010099002283999292e-02
-9.583189410135964925e-01,1.234014732517382251e+00
4.931534700914116942e-02,1.007362883904008299e+00
2.028957798128144530e-01,1.128397662922538291e+00
-8.578327390028947508e-02,8.181840128303249360e-01
-3.012528321491376726e-01,1.169014969636305717e-01
-1.399925901851247767e+00,5.544096641346469845e-01
-5.300773266481860480e-02,8.421567859211989138e-01
2.414499960843569104e-01,8.156068410591138518e-01
-1.853662591969301027e-02,7.635298184459559101e-01
-1.401240144270126109e+00,7.752132366276474063e-01
-1.087522952543009458e+00,3.998286448012682293e-01
8.724783721464630937e-03,6.351344917288473391e-02
9.247443878199203618e-03,9.988319624171303479e-01
6.408799483347777937e-01,1.245295498930175215e+00
-8.128793003438794518e-01,-6.813064495812067023e-02
-1.011329099440197332e+00,2.622632291417536024e-02
-1.249350751383827562e+00,1.068510964651208317e+00
-9.211253512645376507e-01,1.055186696732506313e+00
-1.057993948865350031e+00,3.909091908882785793e-01
-1.161551109125284142e+00,2.376355094115876337e-02
-7.369286222121762542e-02,-5.993481749892511784e-02
-1.179958061972726235e-01,-4.964979325350220296e-02
-1.097343077946361101e-01,-1.799165739307819617e-02
-1.001746328353918747e+00,1.284777421209467863e-01
-1.276784020813744647e+00,1.225199031278953049e-01
1.349420374538043942e-02,4.323687693124738107e-01
-1.031730242497927552e+00,2.958194409638128519e-01
-8.126393918108800740e-01,-1.760172066987023276e-01
-8.457948997785847967e-01,8.190453861080696507e-01
2.920732112727066343e-01,9.812076070449292642e-01
-8.364454775986848167e-01,-1.363838511169339351e-01
-1.338874419815906602e+00,7.723554203362367199e-01
-1.273545826052128849e+00,-5.050032617113310307e-01
-1.105097910507288228e+00,8.457466098960866319e-01
2.732006975830356121e-01,1.071672645074024155e+00
-1.021003985748906828e+00,-1.090352613366266238e-01
-1.478005103883724414e-01,-1.133534086901468729e-01
2.916167172830301246e-01,1.224067476950946032e-01
-3.417133982451963092e-01,8.061163196442424628e-01
-6.251619801665433407e-01,1.192310835370888888e+00
1.262044922381595768e-01,6.355389048154537202e-01
-7.453019925558423964e-02,1.152264620823801211e+00
-9.758271471231821925e-01,1.158437025847571356e+00
-3.865267685695994992e-01,-2.364701947878772859e-01
-9.399274536147523840e-01,9.665769029580475458e-01
-1.275608406492984570e-01,8.806631404975625577e-01
3.068663858157616095e-02,-1.086382755974006908e-01
-1.022254382453849031e+00,-1.783943046892641215e-01
-4.985377705961819839e-01,7.636865277006245067e-01
-9.733579295208655280e-01,1.413244754036849127e+00
-1.494787267173190541e-02,9.829427032491526717e-01
-8.625478859519669639e-02,1.322331248165206752e+00
-2.311896095683283470e-01,1.135846790894652791e+00
-1.410085776510157894e-02,-1.993360287667859665e-01
-7.459236235735324794e-01,1.230568347231793425e+00
2.225627362944193333e-01,3.211694639027258824e-01
-2.025666199806074319e-01,-2.912333530821729632e-01
-1.180614691786975069e-02,-4.369580573093914851e-03
-6.606970635282941595e-01,-2.140707826447387219e-01
-8.177342014901329836e-01,-1.433847910572714768e-01
-8.379680443768440234e-01,7.906286852550840072e-01
4.263993590479760454e-01,3.623000090320409594e-01
-1.196929096805201820e-01,1.007240908591487127e-01
-1.453161277895430037e-01,8.636025010239575250e-01
1.461945966658034501e-01,8.698142673032346339e-01
-2.972157323308454724e-01,1.008500361651680999e+00
-5.868320430330439263e-01,8.077635856823839333e-01
-7.218686632323791930e-01,-3.479657291922183537e-01
1.643874644794643403e-01,-6.501057656390195338e-02
4.241639482524803967e-02,-2.705328506811955913e-01
-1.032509579627656215e+00,3.896167286201589891e-02
-9.164242492707053156e-02,-7.066501491577971417e-02
-1.142799813538601050e+00,1.012445861887876219e+00
4.172329629157497943e-02,-2.725291704105392565e-01
-2.207867759216857462e-01,-2.165641986984066236e-01
1.534605132004760730e-01,7.073425630582592660e-01
-1.384755058697792196e-01,-1.458713099810856617e-01
-9.553985344846663841e-01,6.885856371978309465e-01
1.576663425211116132e-01,1.115158032130085936e-01
-1.145510133512765760e+00,9.875960860915690143e-01
1.498161909189555108e-01,-6.000478628695823241e-02
-3.669272972097017416e-01,-1.928086158355656887e-01
-6.571655007655412550e-01,1.230050507166276841e+00
-9.421816623264703816e-01,8.660901494156953984e-01
-3.722965971285314979e-02,-4.987416544600135199e-02
7.104892927942642322e-02,-5.705546228179498441e-03
-8.385139015386693373e-01,3.962032886830338940e-01
-1.187616930134275162e+00,1.099606724714127237e+00
-9.011584052011749613e-01,-1.937546263241412756e-02
-1.136451056979441848e-01,1.137272714270689544e+00
1.490228349602611135e-02,2.861425366976300677e-01
-7.523302052834903719e-01,-4.111055506541348992e-01
-1.035146161833914169e+00,9.608283447120601339e-01
-3.421513823829223921e-02,1.125361602065612754e+00
-9.657740457876193840e-01,1.341826258824769580e+00
-1.328871508794889245e+00,7.887365371042081019e-01
-7.345254545160720405e-02,-2.109337816892126877e-02
-1.045852638589368722e+00,7.954761655628601602e-01
8.994160771774477314e-02,1.185275786911750284e+00
2.274080648234112489e-01,2.698238838938994966e-01
-8.116787607929837334e-01,2.128586417192837310e-01
-1.148171996893368574e+00,-3.718207909216410534e-01
-1.863496099307904441e-01,-7.698366552471577751e-02
-1.417960377174057429e+00,3.701729943171683072e-03
-9.488793580124748051e-01,1.113505586171233297e+00
1.607390969145057469e-02,-2.200091009877171433e-01
-1.038917314444268158e-01,1.063623910609569068e+00
5.749415470588643828e-02,5.088308966990144899e-01
-7.292168948408228601e-01,-2.963729701455144472e-01
-1.076639460950505001e+00,-1.844343094766441038e-01
-3.106385983634115527e-02,-2.580870360617117387e-01
-1.126149073739038053e+00,9.768583202928642351e-01
-6.062034930963170476e-01,1.046265286781194570e+00
-1.174519215552675133e-01,-1.699801929267117373e-01
5.526365724633886672e-02,-3.468096265836410202e-02
-8.915397967404463664e-01,1.047794475933722103e+00
-1.414714233996963166e+00,1.400999041367467113e+00
-2.795684522712013967e-02,7.039585345273946526e-02
5.130127313818937385e-01,9.507749348586526095e-01
2.493153243136168595e-01,-4.136455877321121299e-02
-1.314015146534072809e+00,1.399131644663688334e+00
3.220427168283571812e-02,1.080967130140547239e+00
-6.815912634380189017e-01,-1.451611959267707502e-02
8.778168281034576942e-03,-2.758845445400170959e-01
1.626840458427895597e-01,8.291669772137656436e-01
-8.828052399279517903e-02,8.427065095508823322e-01
-7.200147178238776036e-01,5.570203235392254260e-02
-1.260357225293130767e+00,1.049081666066024932e+00
4.928401355196229128e-01,1.264184576521879322e+00
-4.401414174825942216e-01,2.133523108657993383e-02
-1.013019390080969862e+00,-1.523128101920414590e-01
8.983291002475815579e-02,9.190169883385419514e-01
-1.206622011969235242e+00,2.565769733821904319e-01
-1.037985408103353713e+00,-3.568075941792093336e-02
-1.049532966299024483e+00,9.421716151447193655e-01
-1.187626318837361250e+00,4.502747432372600049e-03
-1.173581485534321400e+00,-2.168635699266410199e-01
-8.724831911056276645e-01,1.964062478134235290e-01
-7.329459358817155268e-01,-9.113556791241105015e-02
1.501982227782599870e-02,3.125591661923886599e-01
-2.185839824811829923e-01,1.626393789841271975e-01
-3.757040839552918121e-01,1.053029279582297084e+00
-1.195272179137917057e+00,-2.491216738701566291e-01
1.301742085149574235e-01,7.379030699101787327e-01
-1.253384671211419166e+00,1.103714391608396905e+00
-7.719626001630609524e-01,2.196219788030354669e-01
3.529822165637052089e-01,9.029331097843245058e-01
-1.028541292507787475e+00,-9.403014653611695139e-02
-1.255295642470662720e+00,-5.814560624762172836e-01
-1.538866653073488744e-01,1.973520238526985104e-01
-3.310225033324725331e-03,-8.560936458010152961e-02
-7.255384537685528601e-01,1.409641204466298037e+00
2.171142515548715735e-01,8.474978379114060933e-01
-1.009627872195584919e+00,-1.599609441901602702e-01
-1.289449912407821142e+00,-2.266128313716337661e-01
-1.305329954713191354e-01,9.624883750628754342e-02
1.954636689831526497e-01,1.289456886166627569e+00
-7.455731406762904356e-01,2.043216012239842672e-01
-1.104872056299199379e+00,1.237236399260001285e+00
