e_score,v_score
-2.700037374970596926e-01,1.541869336119194633e+00
-3.190557951451545304e-01,2.189974655317313612e+00
-3.173347327587177635e-01,1.847189117680561710e+00
8.037176771973936207e-01,2.023850557727243871e+00
-1.806760596078523240e-01,2.413257421916666701e+00
1.383494541991923954e-02,2.566447847703930751e+00
3.697554665572962973e-01,2.095208689437379590e+00
-5.219275350500115485e-01,1.726550019828478000e+00
-2.533590233089791921e-01,1.868064252995457419e+00
-5.526461049556179450e-01,2.445460333657423657e+00
-3.630900015904654499e-01,2.004827258512416943e+00
2.580169450799716380e-01,2.389719074004763133e+00
4.755912481167062222e-01,1.390242144075992226e+00
1.041934999032734094e-01,1.751154022258539111e+00
1.713927602155321250e-01,1.857480527215971122e+00
6.064746118450768941e-01,2.029649071597058985e+00
-2.812120741868934237e-01,2.270498987021929871e+00
1.398813441896157132e-02,1.927233699104557552e+00
6.170345018857603669e-01,2.275102003822862429e+00
-2.198408588997035826e-02,2.328029743992554579e+00
1.138996580434382955e-01,2.305862482391921819e+00
5.878917530809566472e-01,1.766627874365181983e+00
-1.064132192481444389e-01,2.001664775591524670e+00
8.678459137399889556e-02,1.899643030972614222e+00
-2.069992066823936328e-01,2.300881791221872419e+00
-2.858185036570676796e-01,1.790241454651100295e+00
-1.575454363713146289e-01,2.048356726951157558e+00
1.264590893663784521e-01,1.918704531009649772e+00
4.611909144434523516e-02,2.155828435275572996e+00
-5.138818644680506753e-02,1.649475036306611964e+00
1.908696636182775908e-01,1.833210379047324867e+00
7.041134160202554282e-02,1.901353732237511807e+00
-1.690446082868211353e-01,1.774818654791594064e+00
3.781540015426754220e-02,2.256724782543258812e+00
-4.266922054814152321e-01,1.980587114715031349e+00
-3.751361979282533121e-01,2.454200466838340589e+00
-7.303675832320305483e-02,2.204502197026447341e+00
2.743760463580118825e-01,1.955813947356639604e+00
-1.950607492794249331e-01,1.498323605201596465e+00
6.834418074106382024e-01,2.148861975642787137e+00
7.491425707014870428e-02,2.342382942672475821e+00
2.201197959982483798e-01,2.006367392174035036e+00
3.004777852395143847e-02,2.320143999962569481e+00
-2.298418221842682060e-02,2.040406917702221268e+00
2.866413960034304709e-01,2.111341980540289764e+00
2.861958091724248546e-02,2.326638688160351354e+00
3.567830439356668992e-01,2.529278861925241539e+00
-5.181840570769107313e-01,1.427338391149260755e+00
1.079162110585022705e-01,1.400411944727312452e+00
-1.566116275703172689e-01,2.138422892372700002e+00
-3.760222949656795710e-01,2.260877388444174407e+00
3.023720931939787027e-02,1.939775712874781011e+00
-1.171629674827994877e-01,1.583500013730240852e+00
-4.922471506870403080e-02,2.148088463499376211e+00
3.929377455262418883e-01,2.329493939187174956e+00
-2.151608819926313643e-01,1.994172576202031477e+00
1.473321023861487722e-01,1.852091684373125879e+00
-6.561866778643326015e-01,1.942414382233056624e+00
-3.159905676881305525e-01,1.937642091706413661e+00
5.821560135391941060e-01,2.348865916287058653e+00
6.433713340513888546e-02,2.112903852248084746e+00
-1.054846500595561370e-01,1.455419076558753355e+00
-3.489960096384479571e-01,2.097343795559391655e+00
-4.881346901542402139e-01,1.625102613997940315e+00
1.257692202217224331e-01,1.897373754053171657e+00
5.163402011986148454e-02,2.014162252766140693e+00
5.829149849273727035e-01,2.590384894651375003e+00
-4.461476313369273639e-01,1.635516142673559603e+00
7.270802279752165698e-02,2.438959589092274616e+00
-2.001304904811334329e-01,2.418074824346636120e+00
-4.928334770261403874e-01,1.942634498849294733e+00
-2.751769828001890961e-01,2.306180857525402139e+00
3.263870003414882093e-01,2.278732134221918670e+00
2.778214255386798337e-01,2.461035034924355713e+00
9.610566926005971455e-02,1.861527412397731229e+00
1.820382150781485464e-01,1.980980653383998868e+00
-2.195485701846192905e-01,2.678160661814356747e+00
5.789976804893758322e-01,2.171805668720195648e+00
7.206910156732585504e-01,2.054451388047723981e+00
-1.269772366121898199e-01,1.889063164387150273e+00
7.171831145559842691e-02,2.133936647304470746e+00
2.326851829616682216e-02,2.018568251663087842e+00
3.382701094279096377e-01,1.956948421558979190e+00
1.986501061185691475e-01,1.832371711299366046e+00
3.871640225521802980e-01,1.926167776016429523e+00
4.081817889141308719e-01,2.307627288484523476e+00
-1.599091441302980809e-01,2.299867187159516213e+00
-2.226721772970214064e-01,2.104646162057871805e+00
-3.473381393353051072e-01,1.901291963018261866e+00
-1.013823303955224547e-01,2.193627429728294054e+00
-2.005431721599375550e-01,1.859259106967208197e+00
4.598415557309917800e-01,2.103225157134981593e+00
-2.241820642614386072e-01,2.091716780190304270e+00
6.583998578993759399e-01,2.227686048188002310e+00
-2.835102367313229177e-01,2.140805911777561743e+00
1.461878390303963417e-03,1.830108379279831610e+00
1.116563741654912623e-01,2.581316068469246439e+00
-1.819550866073989526e-01,1.492956854344032358e+00
-2.268521538180035685e-02,2.404473139970809026e+00
3.320276202874922755e-01,2.407350905977315048e+00
2.285194903329099414e-01,2.092697958796436275e+00
-8.166442444748729657e-02,1.924026498480620351e+00
1.648280388084318870e-01,2.049217867242097313e+00
-2.690237794709443020e-01,1.813129109590812416e+00
-2.126120885382225822e-01,1.714073653596989599e+00
1.298920987913798342e-01,1.768447144288124218e+00
2.570999258610741703e-02,1.608895953831884329e+00
-6.820185107479605213e-02,2.512527439375016769e+00
-4.135164284915116562e-01,1.742881220489965521e+00
6.854824969495904030e-02,1.700893607353867854e+00
-1.671469926678935403e-01,1.993947819250095455e+00
1.887180778975315262e-02,1.984265031830796167e+00
2.363966319829270690e-01,2.088227801006853124e+00
1.440106974470464485e-01,2.200756503082451410e+00
-1.803385375839770266e-01,1.474597451984930974e+00
1.228605561840355742e-01,1.630097992119492023e+00
-7.791332655244962435e-01,1.668613366037234869e+00
3.727292351884500254e-01,2.052099795757678091e+00
5.257010113831139114e-02,1.883366113944342501e+00
-2.799125399539673098e-01,2.567032610144340143e+00
3.008147443380533859e-01,1.828166268408432105e+00
-2.723249513023589530e-01,2.149696864003849406e+00
-3.762274728449504502e-01,1.726795657223417324e+00
-2.253272247579631293e-01,2.360925635013112700e+00
-3.746273632511155638e-01,2.044554216494962606e+00
1.557013241766170286e-01,2.234740591120596420e+00
-1.044131713831735198e-01,1.592729305828656905e+00
4.614449527139852791e-01,2.156914365843395576e+00
2.119927950334230815e-01,2.384907917094404972e+00
6.109983224666342555e-02,1.615985218441800653e+00
-7.986260573463881129e-02,1.712621538663533283e+00
1.085785761642774766e-01,1.945393343318095214e+00
-7.680444295123515230e-01,2.232123027563051920e+00
2.965028473962484368e-01,1.518960331729100943e+00
9.761328729797780213e-02,2.193708792243053818e+00
-8.441007462502184144e-02,2.218164187865917736e+00
-1.375473273037777222e-01,1.562841875029524541e+00
-2.294218842621558244e-02,2.318742046823032865e+00
7.236987232252055369e-02,2.083622866758963355e+00
4.645844215725712378e-01,1.723114896113931316e+00
-4.325987146215153067e-02,2.203725012452335541e+00
-6.532813295509556917e-02,1.928574371368053653e+00
-2.351424461490020934e-01,1.777703285028245483e+00
-2.994816332908145640e-01,2.172106543779458221e+00
2.594170048551762697e-01,2.366434595721961465e+00
-1.801935358709675639e-01,2.062105540885068589e+00
-8.885332331858548927e-02,3.018335259272288518e+00
-3.920990405967685749e-02,2.073054040085375860e+00
-3.714259987438752186e-01,1.912787352697730370e+00
2.901304439944253355e-01,2.419648657579147155e+00
-5.338709601776353564e-01,2.366088305300333428e+00
-2.037587297978459278e-01,2.157033826244922015e+00
1.046773265640488504e-01,2.010854573203141094e+00
-2.855417707384753645e-01,1.838211959237433524e+00
2.341989337777814484e-01,2.214452527100684076e+00
1.143461647505584489e-01,1.681900791920674765e+00
-1.832873084329744440e-01,1.686119612063120776e+00
-1.612588350223525258e-01,2.141278870297972592e+00
1.127162123296324148e-01,2.010235778103927284e+00
-1.583229138662967626e-03,1.772908558290491099e+00
1.064545573868197481e-01,1.632776750816379074e+00
-1.276594454338107476e-01,1.736095109441228690e+00
-1.970422248607868118e-02,2.493096561503887809e+00
3.041828742417653775e-01,1.613563190170943962e+00
3.844120879306079375e-01,2.101865978595991447e+00
-4.335259253657474110e-01,1.584612714168082137e+00
-1.529476037650097098e-01,2.567134316733463262e+00
-4.975929850741794280e-01,1.996383892013327221e+00
1.576219989044114200e-01,1.461830435919815985e+00
-5.937362264949716528e-02,2.066957337974258735e+00
-6.116803950185318445e-02,1.941585347055565292e+00
-2.699779966148728727e-01,2.067121644869730268e+00
1.425551154457177783e-01,2.207944118354030927e+00
8.860662247810417724e-02,1.871264592368453883e+00
-1.783267191794524198e-01,2.175834881025494827e+00
1.631346957217213456e-01,2.043312443714543125e+00
3.641796224160057660e-01,2.838299881035878158e+00
1.524097763520271265e-01,2.188658068244771382e+00
-3.160893375863925436e-02,2.206943072616540213e+00
2.030701068146456290e-01,1.639023639863590232e+00
-1.706650213086081946e-02,2.332364517254767122e+00
5.363253242103469681e-02,2.126814423873789384e+00
-2.033123779103237494e-01,1.700667187327362218e+00
-7.427593800172363828e-03,2.335898471477985794e+00
-4.994295892386564351e-01,2.020187851220025088e+00
-2.249488078360809273e-01,2.097527520721716332e+00
-7.833648975236780221e-02,1.899914257078738400e+00
-3.569939758968360133e-01,2.382091649875229145e+00
4.349497732491909296e-01,2.169799649565375965e+00
7.540254475627491092e-03,1.834622272249450070e+00
2.039199537368182602e-01,2.047119044554221112e+00
1.418492496704848449e-01,1.411078588535153777e+00
-2.581177789550733181e-01,1.875210490301495891e+00
5.345094984971621166e-01,1.931172084844170689e+00
-8.905996071958736937e-02,1.871403741603857807e+00
6.391648622111876232e-01,1.513760195545601039e+00
-1.354906089079934428e-01,1.731372297505399338e+00
2.724941245030248482e-01,2.203721511228066365e+00
-5.424983769760661767e-01,1.728646903179043015e+00
4.512948564846626098e-01,1.848079317283275014e+00
3.988858511535868234e-01,1.948775681895797529e+00
-2.952386031514708797e-01,1.667048445481417396e+00
3.717042726285257892e-01,1.301215339193529275e+00
-4.754740444563645974e-02,2.401250220290018333e+00
-1.432000601944117268e-01,1.816447394427480377e+00
2.323145670141149588e-02,2.175892803326335390e+00
-2.111345164704531707e-01,1.474096470897317879e+00
-9.146032704318292350e-02,2.552848424152164508e+00
-2.760993955325620197e-01,2.211428677491670491e+00
-3.560849188376007946e-01,1.791259906843703620e+00
-1.895838262850718936e-01,1.681519544309060032e+00
-4.514919557219476132e-01,1.917373138670829036e+00
9.168705994338076648e-01,2.068272754603043051e+00
-4.125556779251219885e-01,1.883594051693502358e+00
1.676848745373329952e-01,2.383963800238320996e+00
-3.930855024627170069e-01,2.413195255423329577e+00
6.096006518489183179e-02,2.100440881402572124e+00
-1.477800107348079262e-01,2.206839774196387882e+00
-1.583821553103013924e-01,1.998835374597803360e+00
7.364570485493239504e-02,1.854924326474416407e+00
-2.435254257524949451e-01,1.530753781685737280e+00
4.710992472456680402e-01,2.218214186527457610e+00
-4.149460883574859205e-01,2.084339495884227400e+00
2.904291912019600977e-02,2.260799949380173146e+00
-8.368741069494729790e-02,1.461417994546015287e+00
3.995741983532461461e-01,2.244647232192297892e+00
-5.642596994117003995e-01,2.137856386978437051e+00
1.956966125006368296e-01,1.649328428093185028e+00
5.428379436713970385e-01,2.518993605314959972e+00
-4.593386547908243599e-03,1.977256551364591886e+00
7.221212882686751655e-01,2.243562585894890660e+00
-2.890056736055736097e-01,2.147402753551942212e+00
2.696022944952135569e-01,2.593193750266055364e+00
-4.287746301571952467e-01,2.302167321188399729e+00
1.617826619001139221e-01,2.100808358393155828e+00
-6.720989096834738274e-02,2.306148838997453598e+00
5.800965494157360736e-01,2.209808654904485969e+00
9.395381799139161660e-02,1.935875866967136316e+00
-3.132537813195781506e-01,1.662542250377357256e+00
-1.288746636658670390e-02,2.269280533832194635e+00
-4.773434318521673769e-01,1.834491569149260926e+00
2.153964523048797208e-01,2.490410449964472583e+00
4.853646423186989134e-01,1.559698393704979980e+00
2.469748379256837545e-01,1.425316746043265859e+00
-4.886454953862972572e-01,2.553043708150943392e+00
4.588182351472029630e-02,2.107860136647446314e+00
3.332436213182721207e-02,1.723037989024255756e+00
6.724872453774407566e-01,1.878986906582649219e+00
-1.767279722925311214e-01,2.167363865449987159e+00
-3.523533253208719351e-01,1.792949126747379385e+00
-6.061789713882627106e-01,2.112126387681352302e+00
-3.641929403306465862e-01,2.337890713588354874e+00
-5.994411535337731411e-01,1.399274788800724645e+00
5.273017129023455096e-01,2.087268135746552122e+00
-1.429771026768036912e-01,2.576673811751438947e+00
5.548124991000248363e-01,2.045056619246877538e+00
1.251358158515828989e-01,2.213751000230786303e+00
-3.474077789071247091e-01,2.423649839933598393e+00
9.246276002558700968e-02,2.004239874595847404e+00
-2.150413742849392740e-01,2.064947455364230855e+00
2.587087216115567800e-01,2.330560592714599810e+00
8.609156552099524184e-02,1.193526565628379554e+00
2.877518321014211344e-01,1.842263491796793273e+00
4.099068695023233566e-01,2.173377614448981365e+00
-4.731296745844277424e-02,1.979938392091661781e+00
1.600874262485133814e-01,1.864350228159064704e+00
-5.149599815488666854e-01,1.719615023899027095e+00
-3.811869838532483956e-01,2.202327182371739855e+00
2.119402909618336647e-02,1.474709627860439021e+00
9.043665469130839352e-01,2.236399084020307626e+00
1.815129476359293725e-02,2.482213147264007880e+00
-3.751623925798226733e-02,1.847078752523835687e+00
-3.272027153338576133e-02,1.594197196347930667e+00
-1.524634046962067280e-01,1.787000035469733517e+00
-1.346848078130520165e-03,1.330783821042172521e+00
4.431278487914309255e-02,2.320162236619666363e+00
-8.811539056588325869e-02,1.796932492076959820e+00
2.438482989795798250e-01,2.258469497367735279e+00
2.953960777940262128e-01,2.222589339331690450e+00
8.783147804652394197e-02,2.315798112085471594e+00
1.309895782787682539e-01,1.537965811924242310e+00
4.736765562669226215e-02,2.033986316157077034e+00
7.798992171753627023e-02,2.083609332273661519e+00
-1.075876230890163709e-01,2.601677065902833874e+00
-3.380667699896982570e-01,1.577571882824919669e+00
-1.148737753191066309e-02,1.976609881026120119e+00
3.328126875388895400e-01,2.407656821406749970e+00
3.237911746022688053e-01,2.158979580191697334e+00
-4.403339753363148118e-02,2.073575869914010550e+00
2.777473430520617792e-01,2.259806118177154488e+00
6.995103488110313017e-02,2.463346292916864577e+00
2.198433230008554895e-01,2.087867063726661421e+00
-3.203775344648284590e-02,2.001118329695438458e+00
-1.757630036716411048e-01,1.955931331377748217e+00
4.172090956467581213e-01,2.256742235592790191e+00
4.199052871332613068e-01,2.569770387181958604e+00
-3.618993773396459446e-01,1.865358573123141905e+00
7.688378188260523716e-02,2.052113174945743967e+00
-1.181185161475809464e-03,2.252857243960511013e+00
-4.893733523057527263e-02,1.887374016979259661e+00
1.100276116986761143e-01,2.017692800168973566e+00
-1.206025611183546425e-01,1.879953962278560375e+00
7.379990082077653168e-02,1.553561610879056643e+00
4.765689722235056519e-02,2.284176426687041239e+00
-7.597723369871940691e-02,2.214609814929996645e+00
3.290277918559258441e-01,1.866068662787539800e+00
-4.755690319327145477e-01,2.012924401492382387e+00
-1.881105862514113602e-01,2.525612555471052012e+00
1.921378068636832026e-01,1.494415230787363047e+00
6.149334096825168627e-01,1.826312374016961337e+00
-2.307930117985399210e-01,2.747457701921285800e+00
-4.432543815071438020e-01,2.184066347297136446e+00
1.331432446131869396e-01,2.456451085772188403e+00
3.070293660985528791e-02,1.837467194450844499e+00
5.059065818806689485e-01,2.098763511537433235e+00
6.874547682367427859e-01,2.355408603014933711e+00
2.592086179010121283e-01,2.346397304345538615e+00
-3.360667382209242549e-02,2.292106900697103100e+00
-4.809036469888819387e-01,1.868960935259885270e+00
-6.856358573963604319e-02,2.002266366828250987e+00
1.075615787148356817e-01,2.077887838841805390e+00
1.064531792868756051e-02,2.026395965007866451e+00
-3.922105767721628666e-01,1.957805541914185099e+00
-5.312559517923711727e-01,2.038622840228133892e+00
5.548294435832689109e-01,1.719402457669375828e+00
2.619845354407274729e-01,2.743677852962318031e+00
-5.622094397299873814e-01,2.102838384784039949e+00
1.113017924261182207e-01,1.892738782913071072e+00
-2.348409153816549341e-02,1.545754821343158669e+00
7.585872572479200604e-02,2.192279432553491336e+00
7.688320677919120438e-01,1.721596988779606985e+00
-1.723985609012667342e-01,1.872516020838663531e+00
-1.111256967547668423e-01,1.900062349079300050e+00
2.468183729231041013e-02,1.678582058890749185e+00
6.275623370280189461e-02,1.917219801787319433e+00
1.467456617297646648e-01,2.085139932425698728e+00
2.570902096975224982e-02,2.155223600515332461e+00
5.433057110656416833e-02,1.530437999697465301e+00
-1.293874158558704635e-01,1.988637396058764439e+00
-2.200195666201585076e-01,1.658607251218155332e+00
-3.942170364830883678e-01,1.611828355696656390e+00
4.631999512074476688e-01,2.147725919263113070e+00
-2.831772483082338129e-02,1.416654105050654699e+00
-2.691507145639470133e-01,1.786249774085232112e+00
-2.886945338834147612e-01,1.939718115329050807e+00
-6.725027540939891857e-01,1.843546285761988202e+00
-2.625170284734815729e-01,2.247584639383549021e+00
9.544687808549567887e-02,2.362534852587041101e+00
-4.899056644520235482e-01,1.966062640502905579e+00
2.653756007954511387e-01,1.661797028560803691e+00
-2.785507778471336127e-01,2.249625283047352209e+00
2.323645378005485540e-01,1.523363646303830699e+00
1.133731358629253422e-01,2.023036035943425848e+00
2.745975497205261351e-01,1.768518314455075124e+00
2.424743600098846763e-01,2.283650288861317268e+00
3.028346604533182496e-01,1.277787667279760564e+00
8.487778143866138436e-02,2.056824795669402128e+00
9.873807266121256698e-02,2.211692350460409351e+00
-2.722115652950966025e-01,2.268764560455715618e+00
3.777666475364150657e-03,2.072337831787729012e+00
-2.833772518120201700e-01,1.458443134443355049e+00
3.536303105675410174e-01,1.970471336014790742e+00
-2.187820620199599775e-01,2.022086607434875116e+00
-2.718600369326765742e-01,2.568696919260816891e+00
3.916907539541153449e-02,1.439099253925131050e+00
-7.142625053760139897e-01,2.026263346359521211e+00
2.968849955261266271e-01,2.454380517195011269e+00
-4.740541216306061179e-01,2.080242222806846453e+00
1.926181751089447169e-01,2.054578859425402637e+00
-3.153876382529376826e-02,1.382294089405477822e+00
1.994061182374894658e-01,1.952962443107084889e+00
5.811828269873788866e-01,1.819315183834272487e+00
2.149073111490740762e-01,1.906216673999403532e+00
4.806577903006015173e-01,2.362066973588363261e+00
5.067513347048951955e-01,1.734116475061493468e+00
1.505060556040997005e-02,2.434323365590149724e+00
-1.056948233776696831e-03,2.127150606418845236e+00
-4.947402231571868675e-02,2.375965156330020811e+00
-3.768141792046783012e-01,2.076562757240091095e+00
-6.562687368784653197e-01,2.637775973970810206e+00
-4.757266358088372837e-01,1.870870384442041345e+00
-1.581035672530988756e-01,1.662074388886621845e+00
2.048223058746899694e-01,2.222446850260798801e+00
-2.110337885957531689e-01,2.513286940383106849e+00
3.649274482077271009e-01,2.313953402743365029e+00
3.250958060944698913e-02,2.021070560581442965e+00
2.381951904593479774e-01,2.230583745693639930e+00
-3.413530280351573243e-01,2.045980245807146325e+00
2.211569627677337224e-02,2.346226084214195318e+00
4.294244503743824826e-01,2.229230284670783657e+00
-6.170630574643751719e-03,1.639333931983477877e+00
-2.105581170693951454e-01,1.632023993316085608e+00
2.709130897056450937e-01,2.105745762679962052e+00
5.393790412286291192e-01,1.937555893977462196e+00
-1.157092768583723591e-02,1.707715315554196422e+00
1.494002073037056233e-01,2.007074684298552736e+00
-1.475283782776302122e-01,2.631742588564104146e+00
2.917333090338697019e-02,1.742714277759360275e+00
2.778201884446491188e-01,2.182417921395462201e+00
3.329246750481067996e-01,1.903400137861263497e+00
3.702380332762157389e-01,2.379687175887750694e+00
9.569692789417197712e-03,1.982347825916001671e+00
3.712433592512565661e-01,1.597791253267574652e+00
2.342199022415950849e-01,2.614336786025396098e+00
1.619036747706850410e-01,1.507790260600390342e+00
-1.922203195244563401e-01,1.624496631933036950e+00
-2.983619758674677103e-01,1.553433977411909916e+00
-1.603541701917199913e-01,2.118818877916782029e+00
-2.903495556943168077e-01,2.076969204479116371e+00
1.008741730982063017e-01,1.843223271811335051e+00
-2.210298189160521398e-01,1.680279828452611923e+00
2.163297452486710459e-01,1.890429125349653905e+00
4.832760999814904035e-01,1.912087482561331875e+00
-2.686752409322247515e-02,2.152504838177532243e+00
-1.697915780041787670e-01,2.021785852481025270e+00
-3.657650634252239685e-01,2.056734599327807889e+00
-2.302534533192301600e-02,2.584522104340214899e+00
-8.606605387307914024e-02,2.512763774243169657e+00
-8.760338141125327549e-02,1.889950014808875256e+00
-3.025537949757529654e-01,1.956679852521331142e+00
6.229333188607514282e-01,1.598829792058073629e+00
-3.572429816717882511e-01,1.559264048066533404e+00
-9.872923942978141520e-02,2.025834486259518119e+00
-1.218172250482912472e-01,2.357803622772890240e+00
2.658637771131783789e-01,2.213758078925172956e+00
1.396386999216494840e-01,1.906164513709058372e+00
2.593172267435224498e-02,2.095050862140185099e+00
1.928232872209923454e-01,1.877566539569585746e+00
1.470627444140085449e-01,2.125625512097642389e+00
-3.495393845402988142e-01,2.169125320137097912e+00
2.863432672440537341e-01,1.751062262008268755e+00
1.162154892881907819e-01,2.597851010652505899e+00
-3.365225869335355946e-01,2.182737836733615211e+00
-4.652714703947775088e-01,2.419365287781838347e+00
-2.380794068382479090e-01,2.146005144342045146e+00
-1.438497382585734174e-01,2.355427541743544850e+00
-4.491040672408813106e-01,1.825346092379092067e+00
-2.657036648843298932e-01,1.785980420254737799e+00
-2.013081353108627791e-01,1.735485337066519085e+00
-8.114586888941040244e-02,1.947462629462258343e+00
-1.642850654632914964e-01,1.492455255320369156e+00
-3.179946338294877689e-02,1.584189569440903389e+00
-2.297197132335511982e-01,2.242954312151030472e+00
-8.462708698307517263e-01,1.520277361086754597e+00
-4.206175551311490401e-02,1.714888563526472787e+00
8.226727286245881510e-02,2.047194589769182560e+00
-2.272802380127003641e-01,1.987189870628569555e+00
-8.825479641580744050e-02,2.465692146836206966e+00
4.075111139017889017e-01,2.451456463169321420e+00
-6.517806891402572189e-02,1.928547010529810590e+00
8.368305168920239789e-02,2.174090711869550052e+00
-3.937084013535325361e-02,1.886408475974192367e+00
-6.793452749542056024e-02,2.464048845562623047e+00
-2.722146536297207486e-01,2.428946108323730702e+00
2.846708608137098195e-02,1.967916501894937387e+00
4.746586479376829065e-02,2.090921342413960993e+00
-9.562220150039550670e-02,1.325059992903950157e+00
-5.051648869478054804e-01,2.404359035623309548e+00
-8.919121536491976532e-02,1.394658037929870975e+00
-8.323634698241232088e-03,2.120036722532877782e+00
4.244012543236653778e-01,2.117625188983415896e+00
-2.799666698216029537e-01,1.953035071193490069e+00
3.659644480747639705e-01,2.282840603148911462e+00
-2.137941815604645426e-02,1.333703744726821405e+00
4.242543334888177614e-03,2.181961908886256296e+00
2.282770890353569282e-01,2.210383009826516254e+00
-3.109293892707142293e-01,2.319045226025347795e+00
-1.302301849496364794e-01,2.270349400139406448e+00
9.261217310253314072e-02,1.904481847512677239e+00
7.367414402073628743e-01,1.939293058163807926e+00
2.744855237960897587e-01,2.098353882759210531e+00
-1.560469477257310500e-01,2.205300793848595120e+00
3.878270931419458001e-01,2.613459788203219780e+00
1.795052689854149397e-01,2.725392200272760856e+00
-9.276570410306830827e-02,2.294203723079414559e+00
-4.636585884005501312e-01,2.007183737095390441e+00
1.910852931518545461e-01,2.270491396602466239e+00
1.422942150676072826e-01,1.869974502132206950e+00
1.832709425548031956e-01,1.741807520092955253e+00
-2.444317466512368753e-01,2.261649179706815005e+00
-7.495699026739618964e-02,2.675178122008802895e+00
3.282243204790886715e-01,2.180234424235560020e+00
2.201101487519526168e-01,2.385039866649032447e+00
-1.005737635494953763e-01,2.121625916662988054e+00
-2.976751730581157496e-01,2.579376504524276470e+00
-5.110798128539699725e-01,1.713805392612059331e+00
-1.954558392915319576e-01,1.946488347118822793e+00
1.703615546792232038e-01,2.173165728940439134e+00
-3.960232646328053496e-01,2.081911929477263001e+00
1.452568705666835158e-01,2.221725597927765250e+00
2.646329935453724524e-01,1.757925818886147518e+00
-2.251981259762149967e-01,2.280223901646772244e+00
-1.405660278124754581e-01,1.700093071606071371e+00
-5.257641407656024057e-01,2.564930769354435647e+00
-2.185119096394080862e-01,1.732878686838811522e+00
-2.669201453893956244e-01,2.375678680111338092e+00
1.118848402533331732e-01,2.028536432657543909e+00
1.532012845958211911e-01,2.146157688100958083e+00
-3.639999314731520164e-01,1.648905024345377335e+00
-2.295109662394048955e-01,1.992029409630886594e+00
4.609013778716465337e-01,1.824514001188386469e+00
-1.774907494687691378e-01,1.704698725750781740e+00
9.164705271286061050e-02,2.208438142608369237e+00
3.111370002626981934e-01,2.128628694503095886e+00
-2.523667723584224754e-01,2.335571474203832931e+00
-2.055580898937083290e-01,1.984216891105923475e+00
2.210229395640664340e-01,1.670023789063664665e+00
4.676054636182060409e-01,2.107624018500636964e+00
-3.571260226037877294e-01,2.110951964340996856e+00
3.676050600952880942e-01,1.762637478329991403e+00
7.299381758398804099e-01,1.726724476022571730e+00
-4.782118895087455468e-01,2.299408597425065981e+00
-7.245218375749030992e-02,2.307810392194859173e+00
4.632735574445907556e-01,1.640179797951355711e+00
-2.742419592640542025e-01,2.376321406373343326e+00
-1.939303942203060016e-01,1.764248870929632673e+00
1.588571016616848741e-01,2.090211544503653762e+00
-8.120213496750440518e-03,2.594658635203922703e+00
3.899511488736122078e-01,2.081570140269111135e+00
-4.345745773868768258e-01,2.587046922341716293e+00
-1.845393676174605646e-01,1.938556595695207552e+00
-1.576921071422158205e-01,1.785597309337454863e+00
-8.651370471148907282e-02,1.922129335778981929e+00
-2.523818133281742759e-01,2.374809534544810141e+00
1.367358405845252034e-01,2.225566816033376583e+00
3.046417621469124648e-01,2.310991628400858922e+00
5.923166131303732318e-02,2.029245277957037352e+00
3.197009370592180377e-01,1.889741204129180341e+00
-1.017952893688017085e-01,2.466320589650894846e+00
-4.986075810701725425e-02,2.400233650802771734e+00
5.477516218096326606e-01,2.463092289073489205e+00
-4.372566032009702064e-01,2.119331315198485832e+00
3.848787428627711837e-02,1.697808817110636692e+00
-2.559771871350429717e-01,1.906184284737663770e+00
-2.790991284103820358e-01,1.621284087384561978e+00
-5.117901482275147851e-01,1.772353687279475176e+00
-4.016344185593029859e-01,1.847441916855331545e+00
2.532604492465089299e-02,2.046045058449390552e+00
4.323109352697060981e-01,1.963038533669197783e+00
-5.201131409817459916e-01,1.741302369673624284e+00
-3.475533065399009636e-01,1.362797845488262549e+00
1.259159119472580135e-01,2.058601336910810709e+00
-8.688483955144618576e-02,1.735492183887714646e+00
-5.569595716018186371e-01,1.824573336368911392e+00
5.454070464804126050e-01,2.354127615674306728e+00
4.910643707401807223e-02,2.111329019900955561e+00
2.155397918085312226e-01,2.167565734112795628e+00
3.800411928417415063e-03,1.586643631984659741e+00
-8.475234808223507110e-02,1.371016465453110511e+00
3.497998738453317880e-01,2.095649101108497447e+00
-8.164377536681395597e-02,2.047938838726714117e+00
-3.132980162414087388e-01,2.098555738166473006e+00
-4.232907834445848866e-02,1.534029236430598742e+00
-7.500285315973128641e-01,1.841699243233853700e+00
-5.032040510777704423e-01,1.973835670988152602e+00
-8.283581039829621129e-02,1.997831082892894905e+00
-2.829193359462456314e-01,1.934155033316783623e+00
4.208537870127666003e-01,2.095434451502085960e+00
-5.800806262351951847e-01,2.532150662934872010e+00
9.192640353291409161e-02,2.304349467943918039e+00
-1.937059661861612880e-01,2.007598730569394530e+00
4.050641512880415185e-02,2.559984528556617178e+00
2.889559188021880165e-01,1.847844992702519562e+00
-5.898952960537159340e-01,2.563168728449193523e+00
-2.694016004630775951e-01,2.082205093970642018e+00
2.061400468070770098e-01,1.656599549403236393e+00
6.062039990947434287e-01,2.641094476679981984e+00
8.195544546632052563e-02,2.399284589166219561e+00
-1.188106604684284195e-01,1.794211218671922348e+00
8.883982934204051607e-02,2.111225504530727104e+00
-7.737441595087118928e-02,1.722183403779868893e+00
-5.363141428078259665e-01,2.026853200352461304e+00
1.845231247037474320e-01,1.988040653509055788e+00
3.521476964158009038e-01,1.929719493383886375e+00
-3.054257329731261406e-01,1.936889783246052543e+00
-9.673357127794002253e-02,1.901522834458636790e+00
-7.495113325422753103e-02,1.513974360886364723e+00
4.522541556099651250e-01,1.716825858692131002e+00
2.033843166387373780e-01,2.186854789979309377e+00
-3.162844444680746880e-01,1.682662456353054559e+00
1.939390180829841936e-01,1.795745132029987534e+00
-1.225346028307389978e-01,2.046656557900188744e+00
-1.891594574711162047e-01,1.951113225990859013e+00
-1.208351509164474757e-01,2.020117827113435016e+00
1.229888294635863299e-01,2.156439121659642577e+00
7.338687495288158391e-02,2.028736333127350466e+00
-1.262658875176553008e-01,2.085770137153318604e+00
2.608903817601616187e-02,1.817515301207565548e+00
4.726808569733389337e-02,1.322280117468907612e+00
5.230239820473705503e-01,1.739512275447231637e+00
7.315181978434404098e-02,2.158437583527797354e+00
-1.787019352370064484e-01,1.686667515968893749e+00
3.053720479756785733e-03,1.642856301193847735e+00
-1.534794378659893321e-01,2.229105389293655648e+00
-2.646175405206776729e-02,2.007958739621376054e+00
-6.841925024643293052e-02,1.788614536487071360e+00
6.666527939641558875e-01,1.593862538838846765e+00
-3.161144823831398276e-01,2.386313539895698721e+00
2.783850898000779228e-01,1.955981933008211326e+00
-8.798728427803627072e-01,1.858441289181406830e+00
-6.263389271289390159e-01,1.695478185722465447e+00
8.135787178144954224e-02,1.356740548575317007e+00
1.255052151283711503e-01,1.859041388606665679e+00
3.838895319015540042e-01,2.015691843306432585e+00
-2.453563500380696039e-01,2.324345248291479038e+00
-7.204783948190034149e-02,2.059251237491952047e+00
4.699196448270501203e-01,2.145199521933993214e+00
8.615757217828622083e-02,2.349089490217426412e+00
-7.663962515456636260e-02,2.018434877860992849e+00
-4.569346462620322846e-01,1.515056654822129811e+00
4.965237093410699853e-01,2.284291075207972810e+00
-1.881589745686935156e-01,2.168861734049054579e+00
1.406942451494681001e-01,1.891973755817964120e+00
-1.648446043451367582e-01,2.157244693581656048e+00
-2.088343064729235310e-01,2.636118303873612234e+00
-6.582857322642644837e-02,2.558612471138133948e+00
-2.152198415679979215e-01,2.306127451911058390e+00
-7.311077209757937609e-03,2.056133034086989664e+00
-4.673414291772720608e-01,2.161389065152170552e+00
-1.681035198968708622e-01,1.604736809381793528e+00
1.167721106037618722e-01,2.116455201846057399e+00
-1.491671270840930902e-02,1.243019709754704660e+00
-1.318065148636998474e-01,2.205918314088928689e+00
3.909448386897354522e-01,1.604837069012290396e+00
-3.140437798808062841e-01,1.592115280988673831e+00
3.800730174979155551e-02,1.557086767622039236e+00
5.278965279696213875e-01,1.888027227727665958e+00
1.895265384217757476e-01,2.356579150778507881e+00
-2.603258433207109590e-01,1.804173560526513231e+00
1.446694629691262779e-01,1.649461105484266499e+00
-2.730119087297152788e-02,1.776592836507122630e+00
-1.488005485422106977e-01,1.915424776847197919e+00
6.370545183935623079e-01,1.462356504484930042e+00
3.436053299983138354e-01,2.288974091218665130e+00
-2.719215678784158707e-01,1.173543983931221835e+00
-3.464764205122295576e-02,2.020271799687375580e+00
3.555508516244795802e-01,1.405427038059033240e+00
-7.798082681053963849e-01,1.738578694958484938e+00
-1.676594945248276571e-03,2.022847632286882913e+00
-2.086695782876777372e-01,1.438955229207481423e+00
1.207323164142761335e-01,1.979367673100435487e+00
-3.504209480371299201e-01,1.846530360872797871e+00
3.275438819679221680e-01,2.421680051963832181e+00
-5.239605605333318844e-02,1.716055108919498418e+00
-2.829094675720686958e-01,1.989009395248593215e+00
-5.291944862111063186e-01,2.443359151886767222e+00
-6.847707557517086763e-02,1.814000314482750120e+00
-2.650944445330949417e-01,2.502713373048562673e+00
1.194246819785077102e-01,1.629581979836641992e+00
-1.149824867854582627e-01,2.104370143330342557e+00
3.703347304238628346e-01,2.488281543574490495e+00
1.988990071238655732e-01,2.744677070813079212e+00
-8.082634832470415864e-02,2.233590059725022670e+00
1.210555013748784541e-02,2.304041228724213131e+00
-4.515603199756182962e-01,2.533392684750965795e+00
2.416059933329233744e-01,1.702169627122686046e+00
5.270220017570004245e-01,1.986159321120581245e+00
-3.039265455005323718e-02,1.713186997923828336e+00
2.701101443560072757e-01,2.142260898536215485e+00
-3.559575095523642707e-01,2.332426194396767460e+00
3.560551350523562530e-01,1.553171916425190702e+00
-9.287429255761231461e-03,1.121864118025149182e+00
2.106638151156763616e-01,2.473356574758325710e+00
-2.187090699686290163e-01,1.614174915392539544e+00
3.126774235013393133e-01,2.953984079882022495e+00
3.538270084270351279e-01,2.215994384705148423e+00
-9.611170014094344571e-02,1.867046724160624338e+00
-3.273054935608548099e-01,1.964432017713361400e+00
4.779354534781740660e-01,2.622376197921359342e+00
1.286672146583713039e-01,1.737340237243533370e+00
2.586043376932920523e-01,1.928223825829385563e+00
-3.855600398554240305e-02,1.473324804887614858e+00
-1.074431375350165252e-01,2.450855459374064793e+00
-4.968705947851229099e-02,1.723355220872313076e+00
1.253386987926756180e-01,1.915826359001573165e+00
-4.990588358623298387e-03,1.672707479931049512e+00
-1.420170634382704189e-01,1.862618379144445946e+00
-4.002714997123426460e-02,1.222253219707875704e+00
-2.183646541361916882e-01,2.326116427490779959e+00
5.941366012032736066e-01,2.011573865369848502e+00
2.650815570759612605e-01,1.783344044404484574e+00
-5.736700192080819161e-01,2.551447086325467239e+00
1.102343960349692481e-01,2.143141065688848101e+00
1.712282946836980735e-01,1.681364629840807146e+00
-9.963369332858488733e-03,1.719791365338510625e+00
2.644510890149966986e-01,1.883953438044603912e+00
8.228425788356157067e-02,2.121161643358227433e+00
4.221887496609164625e-01,1.781707530208372470e+00
4.878665271265472669e-01,2.151331963718141616e+00
2.363142622195737730e-01,2.367511309394285224e+00
1.687090815457962523e-01,1.843466576495490727e+00
2.438243616187103432e-02,2.034671651875898934e+00
5.491729493140824481e-01,2.184535494525508437e+00
1.070505695711180677e-01,2.336096316706487652e+00
-9.689544030371231853e-02,2.214807810348898620e+00
-5.395845851203772137e-01,2.169036031154045752e+00
1.209647886035019049e-01,2.022540747339451439e+00
-9.332556875839763399e-02,2.366968302749080433e+00
-8.979436176603912134e-01,1.875054089026610527e+00
-4.206796261822401961e-01,1.869289147384047611e+00
-1.828857150601330417e-02,2.373358145382533646e+00
-5.208549535649038553e-01,2.321929608130895328e+00
-8.044963613021990922e-02,2.113128431147482722e+00
-3.780261333689811099e-01,2.041095946827735208e+00
1.643258217218949990e-01,2.129471265006981806e+00
-3.020641896745865362e-01,1.394423130946535139e+00
1.564174457001570873e-01,1.742852261972673844e+00
3.351976953775811369e-02,1.908286702577965288e+00
1.870142831653927307e-01,2.297133378185338248e+00
-2.520551914267774585e-01,1.997792604760915136e+00
-3.949877276166187390e-02,1.250492685853351382e+00
9.777006291768411406e-02,2.200951253780075501e+00
-2.691005362461565409e-01,1.811589561280841254e+00
-2.700146976615767636e-01,2.394005204358407468e+00
3.364305073706546634e-01,1.865703739279551687e+00
3.140064567490861158e-01,2.228772807320807292e+00
1.669619817271741358e-01,1.806120044742349329e+00
7.120691569566347523e-01,1.392878654390954152e+00
9.110236081803491093e-02,2.035089181717467888e+00
-4.689628435714523480e-01,2.226843987224404575e+00
5.319153588662958176e-01,1.933943322260239572e+00
7.060424597246865719e-03,2.098742653509137135e+00
-1.300357634873189209e-03,1.818770075348614013e+00
-2.308399537545928748e-01,1.986783118981194196e+00
-3.009882216627053908e-01,1.664921189593238537e+00
3.257502215048812544e-01,2.318288878154601829e+00
-3.068181008001319432e-02,2.291552553796411207e+00
4.055920574613210428e-01,1.723100022930514896e+00
-2.109224581754740868e-01,2.089363999854776832e+00
-1.274753298947817748e-01,1.851603751833380551e+00
4.062500308296405072e-01,1.984221184924564785e+00
-5.107000415394965520e-01,2.098453334066685549e+00
2.363600933947246630e-01,2.824464320170796405e+00
-3.576850163304622354e-01,1.766641591001817169e+00
1.464577071461851121e-01,2.220715924683529963e+00
4.816806086979886214e-01,2.185200663383115582e+00
-1.675877628771876016e-01,1.664075154965524383e+00
-5.881886947866751258e-01,1.706925565550321711e+00
2.311479913338591041e-01,1.624145748641517173e+00
-3.869230222642234263e-01,2.380473176135526003e+00
-1.402099786675360116e-01,2.161281793636498083e+00
-2.156091376540563986e-01,2.154151141931850866e+00
3.584749608146394761e-01,1.732433719001872152e+00
1.020059578709442971e-01,2.177994665510854411e+00
2.554730370711867926e-01,2.031304145987411047e+00
-2.596079836599312629e-01,1.763764509242924383e+00
-1.526172747807633956e-01,2.115824750675802779e+00
-6.159857232294054796e-01,2.042482405148094315e+00
1.255955347251375420e-01,2.034563611715547893e+00
-2.373593147448204710e-01,2.202132999259366564e+00
3.144905597123782148e-01,2.057222394446756031e+00
-3.466942376826815386e-01,2.431523198948812414e+00
5.949105709507391399e-02,1.583782020873422791e+00
6.745904856913885819e-03,2.343426041885861899e+00
1.302738262790390233e-01,1.708530456269993003e+00
5.817692689503072695e-02,1.879988259288592811e+00
-5.032672630171080019e-01,2.537395154263212049e+00
1.716733479248784278e-01,1.631497276311081102e+00
-9.686371765990682559e-02,1.354209451080220283e+00
-3.889292729509660207e-01,2.738868708180789646e+00
-6.470183874982873284e-01,2.104509896086815601e+00
3.860363843495103198e-01,2.516178269171712945e+00
2.858494940846897370e-01,1.958962616351522579e+00
8.490905897567085914e-02,2.551655478787844267e+00
-4.166724678547468197e-01,1.892506759832622620e+00
4.146618469076543967e-01,2.127739929809771446e+00
1.046532849959323358e-01,1.999852971268405222e+00
8.547090152073673341e-02,2.011667755199873397e+00
-2.962125486648827244e-01,1.443027088895347809e+00
3.422791716200442730e-02,1.763460397170214744e+00
-7.889497248047407096e-02,1.550171923378806271e+00
-1.655279903824293797e-01,2.100416126897866054e+00
6.685808789134010943e-02,1.970503243801341453e+00
1.464571150397852017e-01,1.893067627608869818e+00
-2.926905872386356341e-03,2.217688346637805896e+00
6.346226507093958302e-01,1.508377442510550281e+00
-7.624518735583060147e-01,1.974729617489758615e+00
3.197083765828230839e-01,2.311781761238212773e+00
-4.931452303363405565e-01,2.582252083832885070e+00
4.440667298226181475e-02,1.613192787365024472e+00
9.886032459504606740e-02,2.231888145343074115e+00
-1.757966891432128365e-01,1.870747344014288993e+00
-1.206088334052854150e-01,2.273663675262044492e+00
1.900300834458678034e-01,1.940169683118395660e+00
9.735086742239157376e-02,1.367151564881332826e+00
-3.093369576960462997e-01,1.668304864802539145e+00
-7.314606113371377449e-02,1.353628677815903458e+00
-4.195794426779401176e-01,2.224195766605885805e+00
-3.730230335157592170e-01,1.785024755972962396e+00
-8.411129223186164516e-02,1.883995698914679995e+00
-6.330425658253103771e-01,1.366625163702214873e+00
1.685877377749961104e-01,2.257141486757958226e+00
4.053460908743153346e-02,2.412706825884616713e+00
4.924880891935425886e-01,1.993827073529677918e+00
4.811090646519816660e-01,1.772350327531110770e+00
7.745903928508136860e-02,2.063133145670779101e+00
5.720960573056386609e-04,1.828202044776688240e+00
-1.521795534395261607e-01,2.094894135258480894e+00
1.105857948501688115e-01,2.418607822422498277e+00
-1.865165391533149253e-01,2.251011477680623152e+00
7.052099796180176516e-02,2.414308324640178860e+00
5.140304910090564006e-01,2.380219885858773310e+00
-1.151791725278472900e-01,1.464381230324553806e+00
3.190216848071963929e-01,1.270712835749867597e+00
1.103877794460215583e-01,1.998960121789008504e+00
-1.740976290499948731e-01,2.140770998966942340e+00
-1.685076553938751609e-01,1.788316729806281646e+00
3.442195318764569301e-01,2.306339433077826406e+00
-2.004890883924408673e-01,2.318355723630219245e+00
4.737122431868258099e-01,1.277992520745758309e+00
4.963257657074746643e-01,1.538394995752481842e+00
-1.247310281039076263e-01,2.453059112761129867e+00
8.971879138372310103e-02,1.763533006143698012e+00
-1.439078347310820405e-01,1.500073861803727926e+00
4.363105667691158374e-01,1.848144873613792871e+00
-9.951339797608885207e-02,1.813932306925424065e+00
1.558320309313601937e-01,1.708570011762378771e+00
-3.367780057825692230e-01,1.239465292251144213e+00
-1.104173212312440783e-01,2.136109271761279960e+00
1.227504478003608457e-01,1.201560093056088130e+00
-6.605354227334778172e-02,2.316278462587914699e+00
-1.643132679066428015e-01,2.221033741000926209e+00
-3.685439827226073550e-01,2.318225956629901496e+00
-1.151365667859418490e-01,1.891753871989070079e+00
-6.287816368227844288e-01,1.989651886381586632e+00
-1.446980764415687903e-01,2.152647053448536685e+00
-1.957754479437423256e-01,2.117981849270155426e+00
4.190410792762442327e-01,1.798971896567530981e+00
4.916421751251634498e-01,1.620219496824598204e+00
2.334962032667877996e-01,2.036239332134185176e+00
-5.556753654608931337e-01,1.923824339438496844e+00
7.201760598029142979e-02,2.125372219043430544e+00
2.613941355433928027e-01,1.610168748613266088e+00
-7.198391089294299550e-02,1.949583647568050138e+00
6.722919273260276052e-01,1.607825794599701430e+00
5.110808161676749783e-02,2.855629350024125213e+00
-2.359027379948827330e-01,5.917930083684919129e-01
-1.062107088104365972e-02,2.806131898499931943e+00
-3.750777473992515931e-01,2.375797801992477698e+00
-2.903072491816380274e-01,2.010204547045947532e+00
-1.433602876711116969e-01,1.872236515881289254e+00
-7.136101719280208977e-01,2.230461212927926429e+00
2.263337673131899930e-01,2.444878311092659740e+00
-2.558454620704240789e-01,2.242893239714224940e+00
-6.192533470884286073e-01,2.515766345412771443e+00
1.373606292517932925e-01,1.755576793933716129e+00
6.722929597305168925e-02,1.617725496772159932e+00
-1.130477414950187720e+00,1.668508980291189880e+00
8.798806123846271143e-01,1.884069225177331219e+00
7.479718982490448156e-03,1.985052420866082468e+00
7.032631407392334055e-02,2.133302589123313275e+00
-1.913655089267007059e-01,1.832057167897040539e+00
-8.797905416140021362e-02,1.916954870033882763e+00
2.858977274454267414e-01,2.292374722355317918e+00
-1.341583758337559495e-01,1.989319960048440583e+00
5.547830576316988838e-01,1.797040033382570678e+00
-3.005276627121987176e-01,2.253842816362370716e+00
9.249609465122288210e-02,1.484186104221338454e+00
-5.119399691842106970e-01,2.011702074979681232e+00
-6.040343520595524429e-02,2.092470251111730573e+00
2.526175072717369297e-01,1.982356901614996447e+00
-1.274616255805865461e-01,2.745633191588298772e+00
-4.778347656924274434e-01,2.311436739571294474e+00
-1.938333642154734249e-01,2.506153549826229732e+00
1.243804663257798565e-01,2.806954923709019667e+00
-6.062892091640588177e-01,2.088999877770551183e+00
-4.748903054219221626e-02,2.086226318244438716e+00
-1.825012999265926139e-01,1.737934361585072640e+00
5.553539553666494433e-01,1.698303100564670487e+00
-6.320540666845993194e-02,1.343888379899868646e+00
3.496328264082977366e-01,2.137819964470227596e+00
5.164751995820840991e-01,2.240497502377644778e+00
4.593720164917345361e-01,1.782296327658067669e+00
-1.878776837138001199e-01,2.009710773980449172e+00
-7.163469569451329233e-02,2.003311246338743246e+00
1.365311951244576327e-01,2.104931159662358997e+00
-8.633637902846209855e-02,1.650790467792609517e+00
-1.670596128678853431e-01,2.069961593340460482e+00
2.716538984900014331e-01,2.294070940258100322e+00
-1.265488597617599187e-01,1.955775389150918420e+00
2.214820175788076440e-01,2.172041065336961285e+00
5.629094765388332755e-01,2.072135126233268565e+00
3.780700477036273432e-01,2.234455589819194454e+00
-1.104661663413288725e-01,1.351614167517315668e+00
-2.664116821853798056e-01,2.139916711338556432e+00
-2.784572066182272598e-01,1.937351154780619034e+00
3.621767059264469624e-01,1.966991618795044472e+00
-3.671253371160911882e-01,1.855663057027927332e+00
8.051122293384758155e-01,1.943251737479342323e+00
1.807245828995026338e-01,2.012128534446138595e+00
-7.433976663047295874e-01,1.827378245277641478e+00
3.043969951752254280e-02,1.205072957818955404e+00
-6.358788590858829304e-01,1.876602285200053677e+00
-7.315311032511864209e-01,2.044170286267341652e+00
-3.806702046865261257e-01,2.375273571499439740e+00
-7.142833981479517202e-01,1.640737236306574198e+00
-4.704615195852673848e-01,1.844487321379099320e+00
-1.389549003085373546e-01,1.475160924195742407e+00
-1.796600106670764030e-01,2.395003297121962138e+00
4.133471228826062216e-01,1.638124390355803150e+00
-1.658486292923774530e-01,1.801942258464548807e+00
-1.526111277614479178e-01,1.996667814533873431e+00
3.111457714461530188e-01,2.079666242406196908e+00
2.915775890432065198e-01,2.746664343566813216e+00
-4.248739127735210452e-01,2.582057581232438448e+00
5.716561587081674389e-01,2.137163284358286841e+00
2.129193844065461749e-01,1.954341298457052511e+00
5.770820395772686684e-01,1.902140565990093624e+00
1.445858445716229346e-01,2.421325993192197767e+00
9.235255816164297804e-02,2.091612102390466355e+00
1.126740026706914422e-01,1.425794236717842445e+00
-7.236510904182352766e-01,1.838534462332439334e+00
3.291674009387160482e-01,1.859170710028550833e+00
-1.064682780465671108e-01,1.887007254909512710e+00
-4.073131244723775940e-02,1.903848555898732586e+00
2.829563069641258255e-01,2.242867098002368831e+00
2.964599373916693148e-01,2.170829961304193034e+00
-1.790756904313620945e-01,2.088121528968057472e+00
3.511993222124091263e-01,2.606759367264273486e+00
1.073989807697041804e-01,1.711296080785307039e+00
1.006043781356832922e-01,2.004320389197534524e+00
1.726238162954541258e-02,2.690615108260530519e+00
-2.596731000447183302e-01,1.825797449836827901e+00
-4.404083453320990493e-01,1.974373310746832200e+00
-2.852826431373470806e-01,2.552073766468048177e+00
-2.839045923403035743e-01,2.590661177480168664e+00
-3.337154723250609911e-01,2.157633099082172379e+00
-1.101942610622797247e-01,2.315167243925164708e+00
6.270974063983122404e-01,2.351307164594711896e+00
1.751793395239627238e-01,2.057507917261011787e+00
4.699237712924712596e-01,2.039440776031001157e+00
-1.409689313340917460e-01,1.907319873080815853e+00
5.029463319188266605e-03,2.112258283941926162e+00
3.904766653662358755e-02,2.401226903012878999e+00
2.412715683137992284e-01,1.954406181667381670e+00
1.341201378803381361e-01,1.967611914672922513e+00
-2.844123091395291958e-01,2.486623426852937691e+00
2.056513709868190709e-01,1.535704167207415205e+00
-2.947168272927862265e-02,2.065506236450602273e+00
-1.903096654891343054e-01,1.879531443262462131e+00
1.134181800160219827e-01,2.240424593577631462e+00
9.317827393422921378e-02,2.134318692198486911e+00
-2.549262169139929202e-01,2.206164838203881207e+00
-3.470109031677904854e-01,2.008636232554511736e+00
-4.062060044275654369e-01,1.745765276058820925e+00
1.544498632659295212e-01,1.726886817051436651e+00
2.052781414979786001e-01,2.703994356297879431e+00
1.981165542918141703e-02,2.333987110224287509e+00
6.414049976456125401e-01,2.251116271145707781e+00
-4.480426094623997657e-01,1.858025453467192278e+00
-3.762510690924255052e-01,1.977554318264318267e+00
5.929792919753423819e-02,2.159360043865472534e+00
3.706533316739871187e-01,1.989519562613657921e+00
5.442319592535167089e-02,1.628755265957336107e+00
3.902571661038465867e-01,1.968312958048366035e+00
6.520641246157232729e-02,2.352308191307496799e+00
-8.765614416432994382e-02,2.695267944659857307e+00
1.381322021209055728e-01,2.109811846349821440e+00
1.666332844659095536e-01,2.114168336862801034e+00
5.171303336215274382e-02,2.030030512468072867e+00
7.561657139244695180e-01,1.713442978918893855e+00
-1.072505427037672848e-01,2.159115388581550832e+00
1.725396129702106429e-01,2.149245188583800648e+00
-7.246558406254764995e-01,2.726028365338533099e+00
8.571925116721437754e-02,2.382853972125318354e+00
1.477520194437864920e-01,2.041951259902968108e+00
-9.421282215029720686e-02,2.064549119355050255e+00
-2.040993991935987906e-01,2.284786775905117917e+00
4.931542413228842681e-01,1.998401260290137094e+00
2.274829507413408114e-01,2.285891484222512648e+00
5.085335952579015384e-01,2.031333133071366426e+00
3.123778260864747830e-02,2.140367511507464737e+00
8.615621597070900056e-03,1.988817005012463168e+00
1.892791074499989845e-01,2.018684266065650323e+00
1.037587777483354318e-01,1.855245961970433566e+00
-5.443444996320257606e-03,2.454886372184012622e+00
-3.763335411215128212e-02,2.078858632663981965e+00
4.064344110070623461e-01,2.105859565090369756e+00
-7.171159085557717028e-02,2.656782429676669111e+00
2.797419926581907190e-01,1.900812557148272575e+00
-1.741957816661732772e-01,1.365810108957892233e+00
3.809608909168112900e-01,1.948407761210674050e+00
-3.392901807221103128e-01,1.825790560040024824e+00
-5.056637616036233768e-02,2.258589879164831782e+00
-2.418128351501544482e-01,1.963157238661916493e+00
-2.444282566599217110e-01,2.033722089484376827e+00
-3.438460393671624593e-01,1.585701993921966091e+00
1.359795947481021693e-02,2.474502389222709375e+00
-1.337752150185165800e-01,2.036255837276382152e+00
7.769467228481910515e-02,2.427236172735936393e+00
-2.650749979744548845e-01,2.459698185890076161e+00
-1.280564413652994851e-02,1.992380856545204137e+00
1.800161452585840316e-01,1.751184307118319738e+00
1.025796124910139800e-01,2.328115874257238538e+00
-5.547403948807261981e-02,1.977315622040876963e+00
3.982359227797386825e-01,1.972055511706853670e+00
3.449476242449748264e-01,2.549113215267587940e+00
7.970081725097426240e-02,1.972825259293350175e+00
4.507732056119140851e-01,1.985612943170885325e+00
-8.409791985701471628e-02,2.111097504485372589e+00
-2.365794949099953304e-01,1.969860827650761648e+00
3.641484486015398314e-01,2.077049784121258291e+00
-9.212420831938837595e-02,1.683170979660965738e+00
-2.340065102130568092e-02,2.032671136164479364e+00
-2.477966450495812031e-02,1.894541480091753050e+00
-2.387812601734731477e-01,2.155487965705217501e+00
-4.682490472728984554e-01,2.119481012883749571e+00
-3.270567709536842393e-01,1.936396587262686930e+00
-4.615186895995263688e-02,2.613688159612691297e+00
3.237969762661294659e-01,2.570436513939727607e+00
2.539454528847831516e-01,1.572775067138689531e+00
-7.966035594599156500e-02,2.021991691573318040e+00
-3.656224593359786446e-01,2.179873328812336641e+00
-1.943288788606754303e-01,1.510348762432693448e+00
1.169483881639965528e-01,1.812969099180649746e+00
3.223746749405306811e-01,2.170749287569670560e+00
3.422375140604393406e-01,2.526125311654934258e+00
-3.157024924458878834e-01,2.187837428792147598e+00
-3.800817250810420433e-02,1.935815414995707195e+00
3.069690406046498565e-01,2.723727032962883321e+00
-2.580007420169452281e-01,1.959255755651241104e+00
9.298342216413817141e-02,2.475349850419927389e+00
9.939800832060544100e-02,1.327558171452324576e+00
2.824339842266596623e-01,1.999524698025242353e+00
-5.864565057448483110e-01,2.147587260397020525e+00
-1.008657825069389502e-02,1.816917841089225494e+00
-2.974802823326178625e-01,1.425091351720057187e+00
-3.696554850739042775e-01,2.291339688635141592e+00
-1.311110074396011071e-01,1.910098985530567228e+00
4.875321758178243203e-01,1.726764124843845671e+00
-3.859106231405358411e-02,1.872398084554756981e+00
-1.442905701823967435e-01,1.788839077329407612e+00
6.282415452548554269e-01,2.506262647459400750e+00
4.278232115411632064e-01,1.780116222052711583e+00
-2.029956370953877806e-02,2.649525405273157830e+00
7.185359135363238448e-01,2.030283367417968332e+00
-2.338181345506357700e-01,2.153680995194146686e+00
-1.279959255870761203e-01,1.992670832768816735e+00
-1.845592359882821387e-01,2.441587540890170605e+00
-3.186331560481409642e-01,2.263274562429892889e+00
4.262487709927632040e-01,1.302463861602923378e+00
7.270204315825901098e-02,1.886890266376770375e+00
-1.225748507393253223e-01,1.977698749147547508e+00
4.536106657900094707e-01,2.502448930610682964e+00
-3.476951619997813991e-01,2.239979233814267889e+00
1.847098313065212993e-01,2.109619329643268149e+00
2.638999601270548001e-01,1.970243460523440460e+00
3.027838233960757422e-02,1.959327725510793483e+00
5.100564877640969552e-01,2.499437647944923402e+00
-6.739410485749192103e-01,1.823968422072256512e+00
5.060972134506397380e-01,1.943999709354506500e+00
2.531267803893838542e-01,2.172877153397407390e+00
4.784385534171872179e-01,1.936984191389769849e+00
7.004998267295582393e-01,2.098768336256741751e+00
6.817287305366279693e-01,1.987838499519238855e+00
-1.574767974887908151e-01,1.682461042190283251e+00
1.375192038370848246e-01,1.940607734106121862e+00
3.493889453247158716e-01,1.961168106571285374e+00
1.784999953186158228e-01,2.022442266455156457e+00
1.763315001645038294e-01,2.209400137971672340e+00
2.735044515782091845e-01,2.681464825309620270e+00
-1.873282135342455024e-01,1.923115146975812761e+00
8.810141188036044180e-02,1.572129933720253225e+00
3.971188390864272000e-01,1.976133908719651444e+00
2.387057129551035661e-01,2.235055409670124504e+00
4.284805352383214694e-01,2.129246077316685248e+00
-3.807183161440073627e-01,2.782219103737913812e+00
2.292700144370855564e-01,2.339536463447314585e+00
7.620751802917383744e-01,2.337978935125510915e+00
-1.779123745546276059e-01,1.937647055762189208e+00
1.890099044109448123e-01,2.202770298711794084e+00
-1.534558457199985126e-01,2.326714970305150398e+00
-1.373182349429690752e-01,1.608588013955838614e+00
-5.438008923001412809e-01,1.679593622458889435e+00
1.399361952395893234e-02,1.513136975206813561e+00
-2.971034597510415973e-02,1.562659451754139894e+00
-5.375016031258523369e-02,2.026871371111103937e+00
2.114179484019571842e-01,1.958555528072249308e+00
-4.450139620789028139e-01,1.848387295904476257e+00
1.517671099498505705e-01,1.894713761687691678e+00
1.938658883035349889e-01,2.288348416990273027e+00
2.165321136938675728e-01,1.597480752530331172e+00
-2.596532177432669952e-01,1.995235373825397174e+00
2.162209976736760575e-01,1.959446559928268439e+00
1.945789774125440130e-01,2.157305815914567049e+00
-1.268015985751874686e-01,1.843210442461918674e+00
-6.680128692125464340e-02,1.717347534704521950e+00
-5.033413390091024953e-01,1.891723583697450861e+00
-3.487273995257418879e-01,1.702693345360888788e+00
4.488267357813290059e-02,2.451805128292510627e+00
4.572172464673773251e-01,2.335215489529916866e+00
9.546437276218794343e-02,1.441799363144287804e+00
5.618502594641615611e-01,1.589666680588422976e+00
-2.343464743060882927e-01,2.023250827096487736e+00
-8.553680008064576401e-02,1.862890277806394268e+00
9.882837714383584105e-02,2.304883002340820664e+00
-3.369828973192940946e-01,1.673607450113504092e+00
-3.509077189395854446e-01,2.381513644776134253e+00
2.112660944480449724e-03,2.174095363652084334e+00
9.218567876910725711e-02,2.014387884614791790e+00
2.583180019538820066e-02,2.278853968244502148e+00
2.171787711331048809e-01,1.461994969700513458e+00
1.000942321982992433e-01,1.836506106966150131e+00
-4.537437191132764336e-01,2.095301381051988265e+00
2.011196340658969184e-01,2.228804665163844234e+00
-1.284627014896796982e-01,2.322156173494366094e+00
-7.921956534179135090e-02,2.125626754691067433e+00
-1.570123979215690413e-01,1.942357638864397940e+00
3.016871752263310946e-01,1.266400000093037548e+00
-4.209835296105349789e-01,1.643740459381408447e+00
1.092246467987147834e-01,2.303481176014630982e+00
2.105162479833213793e-02,1.852794609737122844e+00
-4.526099093708852994e-01,2.062699922766157989e+00
-2.192115619178257868e-01,2.014232333925990215e+00
2.709684959493879886e-01,2.297980723644681422e+00
-1.656222751174045160e-01,1.712181508840969091e+00
2.496149262578870043e-01,1.680706643613411488e+00
-2.411702184166585605e-01,1.835225254510919335e+00
-3.529039633578019419e-01,1.875235912648688830e+00
4.560285108225795581e-01,1.794350992672759215e+00
-3.658497044045621038e-01,2.091512098310078560e+00
-2.915532466482313456e-01,1.841307113155076003e+00
3.352719686399985993e-02,1.834791917185346399e+00
4.462671477115831009e-01,1.417178582964689681e+00
-1.003906543794920309e-01,2.172476984175922166e+00
-6.347309421754465664e-02,1.922659596077292088e+00
1.272294525181574265e-01,1.898423960074785644e+00
-3.512497467442449728e-01,1.490609031638427506e+00
8.788119530955301739e-02,2.032704384571687228e+00
1.184206807976504183e-01,1.853673682856731508e+00
-4.808483060982327029e-02,1.789317503946110888e+00
1.737403400883719140e-01,2.009050564171779740e+00
-8.635681164528814791e-02,1.830010461011408074e+00
2.444770673783148995e-01,2.141713341640853585e+00
-3.035163235094454626e-01,2.056554887590058112e+00
2.843338733952104347e-01,2.112106767636152238e+00
1.923274014848131430e-01,2.187591283375228901e+00
3.376751803487115788e-01,1.938162264858399819e+00
-2.593536849147062839e-01,1.821574568219265444e+00
-2.929126780107949024e-02,1.998167558597716331e+00
-3.999176344014688800e-01,2.481555053725960303e+00
-9.986390626907172552e-02,2.262264377261821835e+00
2.504040248646421385e-01,1.750191365200300941e+00
5.447850388144891837e-02,1.549682788073147632e+00
-1.918215725258965235e-02,2.106048058149084579e+00
1.395977418556462457e-01,2.415326749686941721e+00
-1.090656555370485142e-01,2.091030602885960654e+00
1.697749313550304118e-01,2.202823366203821909e+00
-5.642505681040339144e-02,1.873943424808437452e+00
2.381495858771762175e-01,1.963600054009635887e+00
-2.237055737428085000e-01,2.534305943824453067e+00
1.726649407072769482e-01,1.651811941692432617e+00
2.198566747130628607e-01,1.985463128893909523e+00
-3.085300333646238680e-01,1.751130602961032512e+00
-2.259108660858140383e-01,2.463093367766137298e+00
-3.913335119958923775e-02,2.183473608227467722e+00
4.174071860953943447e-01,1.860865600714597168e+00
6.346468240313939135e-02,2.547772885738469828e+00
2.920477994955786305e-01,1.510772822409416127e+00
3.647929760564612711e-01,1.926367766774118362e+00
-9.500731210180905772e-02,1.987591152322022436e+00
3.554306127469664817e-02,2.204471723515514459e+00
-2.994721014969777273e-01,1.987973537596105400e+00
2.497627584234385911e-01,2.286652092329342523e+00
4.573227219698437068e-02,2.214018483791051040e+00
-2.069660235239298152e-01,2.154436844811553620e+00
1.754921573554015235e-01,1.954588874310490443e+00
2.837006620772167254e-01,2.122536117076830209e+00
1.302653266184239100e-01,2.072496494231644171e+00
8.021807394626176424e-02,2.160014149380197424e+00
-4.494855118490415635e-01,2.404441069661452435e+00
4.224754211077209609e-01,2.148347289782281955e+00
1.805909968814065902e-01,2.456855456585534725e+00
-6.447119565295286181e-01,2.413480055413844916e+00
-2.181996164244540959e-01,1.604070193826229174e+00
-3.201738804915007508e-01,2.079607936131636414e+00
4.401402227317502414e-01,2.572905960125218883e+00
-7.017206743115018686e-01,2.075374657697130587e+00
-2.199782129572507294e-01,2.193552835786507949e+00
3.896229093880000938e-01,1.949532031583442349e+00
-2.653260499344112233e-01,1.339351058839618025e+00
-1.261344884465591953e-01,2.263685190999863206e+00
4.715429456762807447e-01,2.062859255906680289e+00
-1.584560252585641427e-01,2.379629305577446896e+00
1.298894218672378698e-01,2.144201933983291841e+00
-3.485769549775366571e-01,1.937013616384710479e+00
1.415962197639930586e-01,2.007660723475418685e+00
-2.119964197100084324e-01,2.044544359409105283e+00
7.036061007934379420e-03,2.014683125626626659e+00
-1.722246802820281142e-01,2.418859375939669931e+00
5.156241743950455980e-01,1.598776461443439878e+00
3.555207265492659752e-01,2.108505798776572071e+00
5.186420556518094305e-01,2.790474498096913170e+00
1.271719440864670647e-01,2.494385267113180760e+00
-4.718650325283993974e-01,2.030047248103409530e+00
6.743359423329482460e-01,2.186957865876681506e+00
1.542956038473153671e-02,2.295334170838494003e+00
1.045825554195755659e-02,1.847854041891531240e+00
9.373785850323222701e-02,1.697843913202177646e+00
-3.766044081206051386e-01,1.642392346500561429e+00
-1.510236735339801628e-01,2.068711851902909515e+00
-1.077463143318773964e-01,2.063655077562747131e+00
5.593929651507183465e-01,2.253462244990359853e+00
-1.034186836755081884e-01,2.251672179380242778e+00
4.475625544029404601e-02,1.391482704822800898e+00
-3.008956615397850309e-01,2.487459625864097745e+00
6.381557097949349527e-03,1.761132174011860396e+00
1.738970235380463691e-01,2.088721484261453210e+00
-1.090567924202024419e-01,2.270575853983137105e+00
3.440283203938964696e-01,2.408731042962454438e+00
-2.224815973801241575e-01,2.433455457216179951e+00
-2.495007425535909207e-01,1.751680391210657772e+00
-2.989627151691098828e-01,2.367680000649241556e+00
-4.151409294226131030e-01,1.839546697843776890e+00
-1.418868420808810371e-01,2.378730771169660585e+00
2.509792996749010685e-01,2.206900790872906359e+00
2.321909649324686298e-01,1.642963035933398652e+00
-2.046430243494388457e-01,1.545632335749704822e+00
5.385726695159370053e-02,2.177143304304398175e+00
-3.491071299238616699e-01,1.985564411670820428e+00
1.773284365925657524e-01,1.770522407369001128e+00
4.993989829562436311e-01,2.082066363287438104e+00
2.233807856400992775e-01,1.717303337801395102e+00
7.087940892520766534e-01,2.387101445149511392e+00
1.764494725614291215e-01,1.859319619824781444e+00
-5.357425423505212114e-01,1.963134276324400185e+00
-1.699580247724820914e-01,2.103885107368293816e+00
2.750052060070127813e-01,2.338136656801420354e+00
-1.513556830817483490e-01,1.974130813134754581e+00
-3.052039227206941874e-01,2.132720978091883879e+00
3.804031837813660610e-01,2.233177091677374992e+00
-3.588834439148256839e-01,2.195386575989143996e+00
-2.101599021255781685e-01,2.441930484923033884e+00
3.147905852623734679e-01,2.248495637468296504e+00
-8.544275299969307513e-02,1.602453879526503311e+00
-2.497523091291642683e-01,2.118982984865986907e+00
4.444430707831542038e-01,1.982573453159022003e+00
7.908370107469123167e-02,1.772704140031809761e+00
2.766459645020446501e-01,2.159721560035246846e+00
-8.068093377818766343e-02,2.162211134744003616e+00
-4.907644118767779534e-02,2.287352343588799020e+00
1.614044020444933836e-01,1.932552653388923236e+00
-5.250349040892655916e-02,1.882457445581900313e+00
2.363370635685701493e-01,1.760646032481572254e+00
-2.487802942251152172e-01,1.832857705703315743e+00
3.413865939794721860e-02,1.521414352888596833e+00
-5.652843075814432128e-01,2.532459762287570637e+00
3.148400358945586119e-01,2.200017413955014600e+00
-2.546562539879833609e-01,1.876507254883631459e+00
2.895480289850669436e-02,1.837795331425212009e+00
-4.320180401614406862e-01,1.902518253486012334e+00
-2.711672157361182944e-01,1.549941590374068756e+00
3.178216716520237406e-01,2.285362360290382533e+00
-1.181548040629451651e-01,1.405614845762043430e+00
-2.627859174317987989e-01,2.032515024354693889e+00
7.617938153676588608e-02,2.332078588952350096e+00
4.688518037531475002e-01,2.261897446962055636e+00
1.344512208669019215e-01,2.210241699426411799e+00
-4.082425574104389665e-01,1.940454088034629931e+00
2.286063575246047030e-01,2.138709271305010429e+00
-5.744288749181863940e-01,1.562522066865809744e+00
1.018576875614335686e-01,1.687230660920327807e+00
4.065405425901361114e-01,2.191323195045120187e+00
4.259180426801563724e-01,2.169874071583238528e+00
2.450762221861640666e-01,2.257975858668360924e+00
-5.693137343429379715e-01,1.880806759415687424e+00
-1.247645403890599025e-01,2.269386326721698044e+00
-1.674462062796023068e-02,2.399075100520816850e+00
-1.557385667169191856e-01,2.400562459704778107e+00
-1.283227916998717077e-01,1.842368162405891407e+00
3.486271986079708118e-01,1.488627378833041526e+00
-1.015404778196600938e-01,1.642600501391942913e+00
-1.620524544389501109e-01,2.077262278932189066e+00
2.234744309916120997e-01,2.150606493256570495e+00
5.357517307711372190e-02,1.663197692162158070e+00
-1.369072007716821138e-01,1.977599137152543873e+00
5.952193486578998688e-02,1.268568123900273070e+00
2.504719829201270676e-01,1.933190574789601435e+00
-1.928251244482442894e-02,2.173118414591314274e+00
-2.513519945763885155e-01,1.664103135637248432e+00
-2.664462715144889082e-01,1.822027438557643375e+00
1.294261231923093947e-01,1.905554561112657641e+00
-6.894552723609313760e-02,2.312981885114788749e+00
1.433030247518902178e-01,2.058800867103456778e+00
2.715514455048625986e-01,1.634476127956513869e+00
-1.859032486901277814e-01,2.047492087376974190e+00
-9.165392017139117886e-03,2.051050532924659109e+00
-4.314488533714749829e-01,2.059419752136550485e+00
-5.132090722684250483e-01,1.866100847581597444e+00
3.070214103337690625e-01,1.670173194376986414e+00
-3.130763040946994979e-01,1.200354326420880913e+00
-2.572874527753755136e-01,2.255468758372308535e+00
4.413707894810994237e-01,2.441516170524099749e+00
2.386007982701756625e-01,1.983714627298209132e+00
4.525981080888596964e-02,2.154740875372131548e+00
-3.017724841553705573e-01,2.361991755209827737e+00
1.006384604050005183e-01,2.070481358804547423e+00
4.450652607374918635e-01,1.988900009333280927e+00
2.292700254803248516e-01,1.674349840304478088e+00
-1.861018421087166641e-01,2.254978252207466838e+00
-2.103187350916286558e-01,1.891837994440559889e+00
9.022708878037343228e-01,2.215340516430508888e+00
-1.069578520051604059e-01,1.692007037038787631e+00
2.286250243644774027e-01,2.027610027879699572e+00
-5.919396292271040805e-01,2.419759461109142862e+00
1.870282356160758719e-01,2.380959529691271115e+00
-7.266681381193529354e-01,2.346571983596744015e+00
-3.497803261362329996e-01,1.687029947173053213e+00
-3.204189359411253046e-01,1.968050127461640209e+00
-2.013323793491983080e-02,1.593431228952967293e+00
1.544790613414244451e-01,1.813538154797907698e+00
3.436915611543246013e-02,1.171805051536651820e+00
3.070647552942100678e-01,1.415764531781357194e+00
2.359541512061349988e-02,2.216284032084203659e+00
4.649147169339747920e-01,2.083357450840671810e+00
7.523351297010454353e-01,1.794538181574797386e+00
3.091863231128081368e-01,1.915068661836570874e+00
-2.158898569718619154e-01,1.558943209924446904e+00
3.390332203253090260e-01,2.245793180113681231e+00
-3.730004640990736142e-01,2.331990490660147408e+00
2.846895165081119727e-01,2.012778358462380623e+00
2.015228751240758787e-01,1.986370506522112667e+00
-2.211407405379706703e-01,1.743595271254360535e+00
3.865922259439152214e-02,2.028125564128694602e+00
1.698133980822232603e-01,2.405533378162127089e+00
-6.775427797699822008e-02,2.258144384377816394e+00
-9.029570033171960275e-02,2.171592867550158346e+00
-7.440858823795573271e-03,1.730914209163040507e+00
-5.774101467913714952e-02,1.705574145665803787e+00
2.522762484472574895e-01,1.773554629538601102e+00
-6.138083991171032761e-01,2.233544322656854320e+00
5.489464878463599096e-01,2.070261650669702025e+00
-9.510385234984805591e-03,1.697228631365879981e+00
-4.068628895574448734e-01,2.020579840173390096e+00
-7.712771240669735739e-02,1.868926961281104582e+00
-5.489280658625984854e-02,2.629393098530427242e+00
-4.889115350135638666e-02,1.829433455790112628e+00
-4.179623426017797794e-01,1.908309113313872984e+00
-2.392548874075299259e-01,1.859389023843678324e+00
-3.067523707154722404e-02,1.844021446979623446e+00
5.660544841597832111e-01,1.958286533733280432e+00
-4.021168676268804809e-01,2.085406751507120848e+00
-4.129348049672587617e-01,1.703315012780882043e+00
4.125791866734409008e-01,1.390910552536770428e+00
7.599651000348847107e-01,1.537305327122790555e+00
-4.719261245802073290e-01,1.673637241062469583e+00
-4.179613818107390244e-02,1.303494756303414714e+00
4.183249873215746373e-01,2.019520450537095613e+00
-5.682411509843217079e-01,2.474636308621975811e+00
2.371096522691998332e-01,2.010364118189113203e+00
2.612853296229526445e-01,1.885063373990991664e+00
2.302944071896539657e-01,1.852890199531735504e+00
9.940814901063808884e-02,2.406936225405985397e+00
-6.320844693073296439e-02,1.920855277754828228e+00
2.745815853773439508e-01,2.114654736561611958e+00
-4.144605110711905849e-01,2.118968871563076561e+00
1.000479609061049741e-01,2.301700831559658322e+00
-8.715453918804236255e-02,1.809896929255773612e+00
-3.187177700831108074e-01,1.142351513783521622e+00
-5.316524130763458089e-01,2.160277239650568504e+00
1.073027446610707453e-01,2.752345203739819279e+00
3.691591161459787523e-02,2.486779110647686419e+00
-1.338155983075328403e-01,1.595337306549309719e+00
-1.213455423781790860e-01,1.865457406085909708e+00
7.717141904207130976e-02,1.845638566352093779e+00
-3.003890012647526531e-01,1.728992863711207750e+00
3.811666348773624646e-01,2.050055171559693079e+00
4.120284037788531362e-01,1.734567044140130632e+00
-5.295131544020770242e-01,2.012229916143247532e+00
-7.297576604081742156e-03,2.371101632072600829e+00
-4.843879186175464868e-01,1.973346274699217640e+00
4.531504309879610393e-01,1.141986369498662945e+00
-8.627661804453970679e-04,2.261609269378402676e+00
2.566059692921318636e-01,2.062567315247767485e+00
-1.912750422517028592e-01,1.992663271734639308e+00
3.478856962717174484e-01,2.428662094068809729e+00
2.386751958361887083e-01,2.108610746335515262e+00
1.221874442470259198e-01,1.747920039491159816e+00
-1.984623142566500631e-01,2.047738948482702437e+00
-1.878337096484337110e-01,2.231743395335400670e+00
-2.417274052294723918e-02,2.210623452655937182e+00
-1.328875838978554880e-02,1.739031628827887310e+00
3.855079799653299832e-01,1.361146352707477636e+00
-5.910603035412027584e-01,1.913041844686705462e+00
-1.992079723152043735e-01,1.986088331271724572e+00
9.335469803179823056e-02,2.129971298108134903e+00
3.197377639936099109e-02,1.666850577675035971e+00
-1.902654388525812368e-01,1.799105253067022403e+00
9.437388128121329545e-02,1.910844435460753221e+00
2.787816674494165148e-01,1.737338993050551395e+00
-2.832658216589794553e-01,2.067612316090897018e+00
1.883370808719997958e-01,2.157745419343831017e+00
-4.380043359593437935e-01,1.680580600471311303e+00
2.334252823878483207e-01,2.286644859104983496e+00
3.451509220839579090e-02,2.206796916358900518e+00
1.732090601951014053e-01,1.778104921379157766e+00
-9.411565986782609305e-02,1.908588991696894110e+00
-1.859662139298855904e-02,2.302549499470460503e+00
-4.837760215993547330e-01,2.080622391944065175e+00
2.530754983818712112e-01,2.299497863317374158e+00
-8.838330922831113753e-03,2.411917987167399247e+00
-1.107480995736958573e-01,1.321385808827451491e+00
-1.927580990464815291e-01,1.775563318216413666e+00
1.947850665940063231e-01,1.926202675068737102e+00
-1.840932107836528719e-01,1.180689971775549463e+00
1.801912458724500010e-01,2.371670315055293354e+00
-1.307853355241441751e-01,1.612201372042520342e+00
5.782334846182032861e-02,1.724774222246760136e+00
3.711609167760691053e-01,2.115505670694834972e+00
-3.483395732504589448e-01,1.778460397077747501e+00
1.545475585136822372e-01,1.978041981010038031e+00
1.636103871767083939e-01,1.898813962195676108e+00
-1.036320850597683280e-01,1.766585504290187014e+00
-6.230959990139638416e-01,1.692511801901556368e+00
1.915876362252501852e-01,2.352887186737811387e+00
1.331143727783677955e-01,2.503044000641806655e+00
2.993672305815324175e-01,2.003680944834714595e+00
1.199231871352882395e-01,1.865827669966601654e+00
-3.090920609087005611e-01,2.618031754532516686e+00
-1.091895143063407320e-01,2.045977862501588529e+00
1.379520815330815553e-01,1.959537984933536592e+00
-3.162199255292396094e-01,1.731131475877808690e+00
-4.742975445637449550e-01,1.927652686184558650e+00
-2.888411190903527048e-01,2.442801906322807248e+00
1.691179448734632107e-01,2.378502938369081221e+00
7.707676453367169334e-01,1.914747848707205824e+00
1.258004259548781700e-01,1.791755848498515657e+00
5.500761246903122792e-02,1.754790029297188747e+00
4.245620420013672680e-01,2.197088804151182462e+00
-2.377364002210257954e-01,2.320123286741276658e+00
-3.089256094576105487e-03,2.412273537808217405e+00
6.817834188410856755e-02,1.674924032573901433e+00
7.768160627944168395e-01,2.074947921350148050e+00
-1.013667743659970588e-01,1.816630315288466413e+00
2.024226357622456451e-01,2.450689729638368508e+00
3.514535225014817771e-02,2.465185516170868674e+00
4.182053743166160853e-01,2.154672256233510552e+00
-1.570207895889700889e-01,1.894940458091538771e+00
2.336437736102678631e-01,2.001301288143165991e+00
1.424393641556959411e-01,1.557244495824812835e+00
-3.646486034730211934e-01,1.316205165763142393e+00
1.326149391360424978e-01,1.501237716395705801e+00
9.763645463910780586e-01,2.346150842069303355e+00
3.223112293506895654e-01,1.588577980782849952e+00
4.861272362454103768e-01,2.154228790121396564e+00
-5.666218434635529322e-01,1.352389048120561377e+00
-2.882448695644623249e-01,2.667642243162044569e+00
-6.397166121654556115e-01,1.881529973910860409e+00
3.202186181649113728e-01,1.903127127658650775e+00
4.154156565244397359e-01,1.633546506979175472e+00
3.874047151857261673e-01,2.437723961330930500e+00
7.124232019086507162e-02,2.301944843268498353e+00
-5.695064964210714425e-02,1.832159179857306697e+00
-3.849673722590585823e-01,1.789178512458035719e+00
-7.082977841184507906e-01,2.276366714497037425e+00
-7.318399657375150580e-02,2.020078089056178250e+00
3.067123703997024983e-02,1.821168536307541386e+00
-1.796948384381895081e-01,1.919004347313110870e+00
-4.422473187887370760e-01,2.092915295581597945e+00
1.987995577548692383e-01,1.893139628236318872e+00
8.961956810981147603e-02,2.253391316885744011e+00
-1.627438834447364757e-01,1.947948256264854461e+00
-2.043367410733262501e-01,1.882380035286002062e+00
-6.495074126326550769e-03,2.010105865353540633e+00
-2.574163323920111157e-01,2.397340473296628360e+00
3.896690326927577663e-01,1.803737741856351828e+00
-4.097820574308258523e-02,1.726723266562931292e+00
-2.979494243995780001e-01,2.278539099607295615e+00
1.882941093706392288e-01,2.430157524767054156e+00
3.344570599232203623e-02,2.104432667693556969e+00
-2.739536060599107037e-01,1.616831939309613331e+00
-9.205686813980923366e-02,1.995209078315949514e+00
-4.328955695912695134e-01,1.933438162500257684e+00
-6.513060098500749184e-01,1.548206505679045941e+00
5.128458918691078949e-01,1.866128739656586877e+00
1.967607496427427050e-01,1.300177823409380151e+00
-4.999846023658790495e-01,2.321148486863401583e+00
-1.321042503729835949e-01,2.347439834645974610e+00
-5.851458717563483569e-01,1.570416975451765396e+00
1.456571216363887755e-01,1.926011625231975000e+00
3.674316618888294195e-01,1.837487890341625185e+00
1.965193053355747399e-01,2.421636404267319964e+00
4.467190330336130444e-01,2.227031209188393923e+00
1.466781563270085909e-01,2.063859820981094551e+00
-2.780224329662522864e-01,2.045655540887004076e+00
-1.461756825754146616e-01,2.230002502359313965e+00
1.626475467873393921e-01,1.644760056874906340e+00
-2.282627186025162347e-01,1.930675628751209461e+00
8.867392445068414397e-02,1.640725906392936917e+00
-2.921205461157305727e-01,1.827168972653137047e+00
7.234884669652652534e-02,1.876407475647118073e+00
-1.832557579453994445e-01,2.619321978938265350e+00
1.834686946379593397e-01,1.610414896227470694e+00
-4.156541404780794147e-01,1.693943082954074697e+00
-3.734403116661477173e-01,2.162780335021761147e+00
3.303828483426181073e-01,1.777607780246171387e+00
-3.928842952399525523e-01,2.513027012456673592e+00
8.903586696396340039e-02,2.089646183893466347e+00
1.891981707266164048e-01,1.766706799132982120e+00
3.131834415349661893e-01,1.690078878810318930e+00
-1.359303871678974596e-01,2.344071575657206363e+00
3.967185198312764838e-01,2.108495354538844069e+00
-2.110413809864344625e-01,1.899678534918793016e+00
-1.815438567787575064e-01,2.260233270479794054e+00
5.394595650851748830e-02,1.875633226768415041e+00
4.556915490615891517e-01,2.375417370509990356e+00
-1.822453571014069351e-01,1.901293694685315394e+00
-2.112627764927588747e-01,2.092021171483940289e+00
1.555746391622551128e-01,2.251543681358381566e+00
-3.990969735646112126e-01,2.020794867610073542e+00
1.907509509998128183e-01,1.862341555492252443e+00
9.181861624779551201e-02,2.549695224845434982e+00
7.075492691742139850e-02,2.428306340468936675e+00
1.743352732682812156e-01,1.920840811305652318e+00
2.385857603695545892e-01,2.149775779453651392e+00
1.334582616649219178e-01,1.668055500377685352e+00
4.795331343114979106e-01,2.662761757443843802e+00
-3.674421019635219776e-02,2.059932388923685576e+00
-1.865305861273280075e-01,2.161259402718361589e+00
7.131526959849293634e-02,1.783316986924178726e+00
-7.364584390043282802e-02,1.705311440639482701e+00
5.016302904987053335e-01,2.431236662531718107e+00
-4.608932117336522194e-01,1.387336016584685972e+00
2.746947889063540149e-01,1.734403943701278816e+00
-6.362386333490880341e-01,2.155907529849669935e+00
-5.347277243076593578e-01,1.815072480583967751e+00
-3.555839140197822323e-02,1.730535145123874408e+00
1.521733679250018012e-01,1.817342591515729078e+00
-6.207865317652050408e-01,1.893957895871455355e+00
-6.301605242035577259e-01,2.256926506335580562e+00
-1.541397499254567316e-01,2.065020384419202770e+00
-1.869714766418780483e-01,1.291620501153595502e+00
2.547609601387509359e-01,1.928462476553667981e+00
4.763226576429188674e-01,1.804640479428550215e+00
3.756471929028132317e-01,1.951991342230982251e+00
6.133900547437182160e-01,2.431700876584255155e+00
-1.850446486846658301e-01,1.568484184255027447e+00
2.967079092799329021e-01,1.192786346929784136e+00
1.556861603571757513e-01,2.064728909967370019e+00
4.017514747780009943e-02,2.049642992129819152e+00
-7.770013461143329692e-02,2.451380099374375732e+00
5.728820822650740885e-01,2.090630298671612763e+00
-3.347323911638287464e-01,2.084379805089896731e+00
-1.327453991878998485e+00,1.609315563902188106e+00
-1.430935391003428370e-01,2.394389763660667025e+00
-3.730957198564020527e-01,2.416768454834278046e+00
-9.343956319957084922e-02,1.912493487621529376e+00
4.536513253598623702e-02,2.121353886120187049e+00
1.391286717104436854e-01,1.653253356312539113e+00
1.297326362479092332e-01,2.264387495871912570e+00
1.953103936134936713e-01,2.447630341311256341e+00
6.225364647515383570e-02,2.361472596574850424e+00
3.858299869085491385e-01,1.670306481114924413e+00
2.203716441619153199e-01,2.014182657029405021e+00
-2.985622443622435451e-01,1.472567730373733674e+00
1.312144434347888022e-02,2.149326372490169668e+00
1.471780689222852712e-01,2.026932822246634291e+00
-8.535611732010026098e-02,2.185076766609977739e+00
-4.194768781315563744e-01,1.828815842066744413e+00
3.989228789754744459e-02,2.063822654461382022e+00
-3.260125678265682336e-01,1.963462351160764729e+00
3.020365728855929355e-01,1.729362116590486442e+00
3.782179834934562002e-01,2.232760229906793015e+00
4.911164241049064544e-02,2.490826041889248721e+00
1.173896901682695143e-01,2.173226836685179464e+00
-1.219938213581133607e-01,2.189809160953179568e+00
-3.915126507631196406e-01,1.989611663024090316e+00
4.805065230896782835e-01,1.847391456805603349e+00
6.024593158724899505e-02,2.208824129627518396e+00
3.324973555721874585e-01,2.766434975558424547e+00
1.906952447310012733e-01,1.674344365340701524e+00
2.055093536282154298e-01,2.174562514673545444e+00
9.519332888994475050e-02,1.793970774275086999e+00
-4.471926829701422523e-01,1.509298103879058939e+00
2.167183897147212657e-01,2.023451738875751804e+00
1.287062552272230931e-01,2.203959516720466194e+00
2.492613394048464048e-01,1.830075085668499524e+00
-2.859933390441642409e-01,2.341668243388988824e+00
1.648208323180146151e-02,2.176066650438075012e+00
2.406127894815980328e-01,1.794834772276635348e+00
-3.408800499089356673e-01,2.062246767088669941e+00
6.047137495812033442e-02,2.020774414020436893e+00
-2.658933316225461224e-02,2.414307576352896501e+00
-4.308519137926669074e-01,1.786663636372222363e+00
-6.495400289832502227e-02,2.600057307252997774e+00
-8.859167149058190527e-02,2.054170695856467166e+00
3.181299272143796597e-01,2.104415967935902909e+00
-4.201300968929606861e-02,2.607012316596854173e+00
-1.282422255673090483e-01,1.722138430449162039e+00
-2.475063059985888395e-02,1.548627974071335789e+00
1.482862561376069033e-01,2.464988889584498022e+00
2.094579746469680398e-02,1.241863273033146253e+00
-5.896390303369430930e-01,2.092759309156214442e+00
3.278981354763670364e-01,1.711641317860268741e+00
-1.362965808580282427e-02,1.822455551247099237e+00
-1.612317806187852642e-01,2.081694975093789868e+00
-4.687330487251147315e-01,2.414239806223360318e+00
-8.503717927450631098e-02,2.184895273128135251e+00
-2.355561025723818327e-02,2.158083967737517206e+00
-2.069763527794471480e-01,2.103451559897874024e+00
-4.368033621329669436e-01,1.668907137134498786e+00
-1.548100848285483278e-01,1.745795912507446035e+00
-2.013816000545665674e-01,1.834745812182210223e+00
-3.920679262775410012e-01,1.388677094011298463e+00
2.427717500103987736e-01,1.775605157607647699e+00
3.917581315546523335e-01,2.390422424692911108e+00
-9.473593836317087402e-02,1.884314012634847213e+00
7.056747599682123839e-01,1.624930432900515198e+00
2.963660482761280579e-01,1.832541800161877177e+00
-1.198420209854508117e-01,2.238503766634885483e+00
1.835180720269047050e-01,2.091122336898286971e+00
3.036710029119228937e-01,2.768742818445965703e+00
9.336670590047516094e-02,2.063000567423001197e+00
-2.609931043393000083e-01,2.261177689541192137e+00
4.674219756279829885e-01,2.100969314753976303e+00
8.303693316142335412e-01,1.675277632684711859e+00
1.747267513206243184e-01,1.756896387005787874e+00
-1.013931905017944057e-01,1.702930356961820380e+00
-2.644566391372114023e-01,2.225955251840407101e+00
-8.026164524566765934e-02,1.985918687532896687e+00
-4.323262654269592331e-01,2.255445363077714926e+00
-6.454871965386424493e-03,2.371944223336821089e+00
-1.058830580620101769e-01,2.218173843610387053e+00
-8.592397176431039452e-02,1.973488374538546974e+00
9.335402212811995393e-02,1.888650607231400436e+00
2.716853269610292609e-01,2.314952090396458662e+00
5.170527327007481966e-02,2.101259983869034897e+00
-2.008983561922254024e-01,2.027096482191376392e+00
3.568870387571732028e-02,2.100240471843362933e+00
1.195692554024880144e-01,2.186881858213334695e+00
2.365345751661492024e-01,1.466520041861398393e+00
-5.751321413369828717e-01,1.742827804977104655e+00
-3.933574486786262647e-01,2.136029448468343972e+00
-2.960771147296613615e-01,1.779424234589294551e+00
2.325795597594126629e-01,1.628456388554285761e+00
-1.073784879391735947e-01,2.058969831170080145e+00
1.658800003470015660e-01,1.894485704476709609e+00
1.098170542715763004e-01,1.721825097415706551e+00
-2.843596693391936547e-01,1.854821094225437728e+00
8.519018095515381792e-03,1.857144939171272213e+00
-3.654311972783322315e-01,2.620705768205560560e+00
-9.197037401282728841e-02,1.922139805238660903e+00
-6.067844606481397340e-01,2.143819082247833130e+00
1.969026009962068502e-01,2.680804494995903120e+00
-2.961435844383642491e-01,1.426274459454185628e+00
-9.613996217727202587e-02,2.571276658622698719e+00
2.410945970218154322e-01,1.919143729582927893e+00
-5.490184548225768291e-01,1.957096594779658583e+00
-4.476277216802953540e-01,1.988055838727573743e+00
-3.473216928519997082e-01,1.603069581123955256e+00
-7.556043470058763922e-02,1.933304820737913987e+00
-3.078317658175022675e-01,1.604598354104584290e+00
-3.180769560560344211e-01,1.923657021831756575e+00
-5.484467047182183669e-02,2.039471092023481091e+00
-1.761516497112945723e-01,2.178882036153531487e+00
-3.338681766214466884e-01,1.862090239206054543e+00
-9.629111118112819445e-02,2.081934005429587398e+00
-1.941492439111023871e-01,1.829914136032595673e+00
-2.604127287711289207e-01,2.018904582447669682e+00
-4.151446921427379699e-01,1.557164221353121381e+00
4.962366398315022353e-01,1.464805347882673914e+00
-4.430188910242262024e-01,2.401044935112487622e+00
2.687253246188057165e-01,1.843255327115852715e+00
-2.839539639184370801e-01,2.688024242552984777e+00
3.092447964532458737e-01,1.599517306910443581e+00
1.049660340702518319e-01,1.973175285298117032e+00
4.309879462890711666e-01,1.845928641502650791e+00
-6.324546637869771226e-02,1.672688313713477815e+00
-9.786413393364076785e-02,1.976312500508220271e+00
1.289076996453909774e-01,1.861251808814215369e+00
-6.513857381734098340e-01,1.958079500437383214e+00
1.339534219449060592e-01,1.701046488382898847e+00
-3.106473271983522522e-01,1.945884505641016338e+00
1.334642685217208302e-01,1.954117198607447925e+00
3.095189207159291800e-01,1.939732010237625648e+00
-9.230563583458425980e-02,2.311348224778546179e+00
3.980523444454415749e-01,1.584593080140787258e+00
2.786515099397516848e-01,2.282943490379760298e+00
-2.111971504172236724e-01,1.393729006629028877e+00
-3.069794061991281131e-01,1.994572358483768459e+00
3.836319435042957471e-01,2.271701573856753420e+00
3.694394151775493018e-01,2.379123298291832445e+00
-1.868724070554330097e-01,1.753498656896354868e+00
9.063126003246760876e-01,1.695017228050178071e+00
1.677974251514791071e-01,2.447100131283487912e+00
-5.292695099645613327e-02,2.578003689092066342e+00
-3.047723006668355272e-01,2.127981739224180213e+00
-9.758953770864994826e-02,2.243831651841633690e+00
3.053653315270915547e-01,2.221804427018373662e+00
1.287149326060198218e-01,1.776799447303467838e+00
1.024347328096690685e-01,2.465268817418255765e+00
2.185358275329458977e-01,1.823649005592377081e+00
-3.246500827116953203e-01,1.773050762849652351e+00
-4.319985427321915705e-01,1.772649655659025658e+00
1.314883759986122669e-01,1.994451604300716552e+00
-4.972855400123365466e-01,1.935415452647943235e+00
3.968004913027748382e-01,1.818825716408311033e+00
-3.425279819015021876e-01,1.719712925953434501e+00
-1.475471084315097270e-01,2.216350883989344211e+00
-1.417659294109329393e-01,2.301774295458181463e+00
2.126496018620013112e-02,2.279210684302048318e+00
1.415471298684922719e-01,1.945410301606294468e+00
-2.887517409906435462e-01,2.145143469573164818e+00
-1.930898682826535373e-01,2.440428472305415042e+00
1.955659597324552468e-01,2.057259906799715043e+00
-2.059340743455863321e-01,2.001854043156815255e+00
3.685730941997679144e-01,1.705305605769998678e+00
4.151858025299700605e-01,2.302387262062789208e+00
-1.934873505091488644e-01,1.943210461920902743e+00
4.445295130820759444e-01,1.769602568817149502e+00
2.562632279575035588e-01,1.941513332304841466e+00
-2.673414308815228457e-01,1.531268396330014436e+00
9.643022077211789167e-01,1.808210659362123440e+00
-2.564279038944563549e-01,2.067992547118655544e+00
-5.698401046126118363e-02,1.914602763301276545e+00
4.958559617154834065e-02,2.187619591644435424e+00
-3.391467597788404981e-02,2.018138061959631635e+00
-1.440906379678851268e-01,2.180665199678747612e+00
-5.841961863087332674e-01,2.174378722661945318e+00
4.467498229677062671e-01,1.879657349699609181e+00
-2.616349869847808263e-01,1.493295799403985047e+00
-7.899777340114144675e-01,2.194204956473203794e+00
1.015966763449146715e+00,1.862603474079975063e+00
-3.128964751821324275e-01,1.966034222093554051e+00
9.421361331557405461e-02,1.940954638170539592e+00
-1.120112157012236875e-01,1.688895020944479075e+00
6.698601344929794310e-02,2.268851048485569954e+00
3.168342007233901914e-01,2.086997060690519046e+00
1.058146330169987270e-01,2.317028595180331330e+00
5.410247480517161867e-01,1.595329692541387567e+00
-4.201911480951607825e-01,2.433999470024456269e+00
-5.927269661310621274e-01,1.807392129745303944e+00
1.962926260942416123e-01,1.921673678021819098e+00
3.941958495124130435e-01,1.702345396092397989e+00
-1.030370172859203182e+00,2.108717020366891681e+00
-9.616112915583038823e-02,2.033364400084281431e+00
2.906015833058255282e-01,2.108207552707937360e+00
4.878095637502002369e-01,2.284572106086479870e+00
2.051827404229112639e-01,2.777873942428195964e+00
1.133654643742584706e-01,2.711807730983590403e+00
-2.943444612543372196e-01,2.144465108899311634e+00
6.281539675500649178e-01,1.748328290046091693e+00
4.452752290405217472e-01,1.709459976510124601e+00
3.018703966724912147e-01,1.465265142741353444e+00
6.576299504557016062e-01,1.608379720992275441e+00
8.792180187313227702e-01,2.012450730251509334e+00
5.263705401900276026e-01,2.262173162477224331e+00
-5.468662685551176628e-01,1.849683147254609139e+00
-1.899458181102027521e-01,1.808474803540508713e+00
3.243194922652538059e-01,1.790595082782817871e+00
3.022262402264663805e-01,2.337493121088892956e+00
-9.106816743846535278e-02,2.016112538498217699e+00
3.299088296043107271e-01,1.732370059201472579e+00
8.526199752243507346e-02,1.996304467454792508e+00
1.948039819768286607e-01,1.341627996538211853e+00
4.480058996128868376e-01,2.181810734672651630e+00
2.729214585267054627e-01,1.843254327445634111e+00
-5.176341103508174113e-01,1.582528798335999909e+00
7.687904664539596533e-02,1.531425635307458677e+00
2.521125985271314707e-01,2.471674165312618854e+00
4.157002717888849119e-01,1.661920226063924977e+00
6.795829521482964208e-02,2.480101166282959735e+00
-3.510502772283039530e-01,2.465521472715790807e+00
3.070037900969178543e-02,2.010220410984208783e+00
1.647618121003499927e-02,2.254807036799884923e+00
-4.603192531399650789e-01,2.159160063266692742e+00
2.355964850404081989e-01,1.857112474377586420e+00
-1.449892828257071942e-01,2.362192293200706672e+00
-1.323914006832801193e-01,1.499814666568007659e+00
-3.768049141085147991e-01,2.523560794810884023e+00
-4.416115396266179771e-01,2.064287177521342276e+00
1.337215060972574143e-01,1.851100174156114830e+00
-1.999533772558619582e-01,2.241534285492431611e+00
4.523184599014808960e-01,2.244339231658197154e+00
2.375439148228276551e-02,2.044848001421939454e+00
3.197957953151674415e-01,2.186025377911119616e+00
5.104487590903848959e-01,2.205258429383473384e+00
-1.628676720807239464e-01,2.567221259510381159e+00
-3.110577329566168170e-01,2.135536031758153097e+00
-2.876327351242725094e-01,1.606496691803830590e+00
1.574223527463774197e-01,1.712516445578960544e+00
5.573142488363964642e-01,1.904311441066892208e+00
1.483119109608809771e-01,2.287703046034184062e+00
1.994827828848475260e-01,1.835826457188835192e+00
7.557964260119233446e-02,1.607260032048193343e+00
3.519757176260029374e-01,1.878853317521156807e+00
9.800173426703462365e-02,2.138428287441155096e+00
-3.298995115667512357e-01,2.221397644125723048e+00
1.097805912599584405e-01,1.958136338564761880e+00
-8.289008946275314149e-02,1.836074314539274610e+00
-1.093738010955595807e-01,2.183016441614247682e+00
1.161143154484434309e-01,2.143108457542310052e+00
-2.161975537310239781e-01,2.707319068550905428e+00
-1.504909390862926022e-01,1.845561080367786433e+00
-1.552613405500578858e-01,1.760514172459572313e+00
-1.530643888085857218e-01,1.831715319122634300e+00
-9.248794122051506861e-02,2.108341273432686069e+00
-1.808530985572676386e-01,2.024946462951827009e+00
-4.147475933707152618e-01,2.654583916729660764e+00
6.572228500591651423e-01,1.950484313848929174e+00
-5.214749161421573520e-01,1.940520612530961087e+00
8.829027447588383426e-02,1.966776974163256364e+00
1.089712216405254452e-01,2.448184167140407652e+00
-1.515039136543757381e-01,1.741246951764436890e+00
-7.620553997888190878e-02,2.177977089267475463e+00
-3.518269766374829133e-01,1.586352842713298905e+00
4.771865197514614521e-02,2.053585592987916542e+00
-1.912308800107771489e-01,2.278593946409657178e+00
-1.480381327950026360e-01,2.509923403254560093e+00
1.000993379091056137e-02,1.674722925276561192e+00
2.812031516583431978e-01,1.965216600455977236e+00
1.141366090226727803e-01,1.900466416008034232e+00
-4.146360040868945496e-01,1.803727762699224968e+00
5.049496417534370396e-01,2.326654959503527742e+00
3.049945580127392253e-01,2.123083033129495867e+00
3.154571902110789392e-03,1.719454373236358746e+00
-2.294400821950054459e-01,1.614859814354066225e+00
-1.007669031710810847e-01,1.758361193688186219e+00
-2.439577169004328860e-01,1.991246583896160383e+00
-2.607540781073562908e-01,2.326760373182233721e+00
1.440963026774272904e-01,1.725934823531200646e+00
-1.656672340895930795e-01,1.622853776469563636e+00
8.727012761132506985e-03,2.254513596554031718e+00
2.325079534329086706e-01,2.183819608577368676e+00
-1.996436488945960708e-01,1.815301130618137249e+00
-3.217651012613136907e-01,2.163593704274808349e+00
-4.538617861953472832e-01,2.296332314951003539e+00
1.076548178340416412e-01,2.369215553623766457e+00
2.417690300090067912e-01,2.065689245380800898e+00
-6.642744665144477423e-02,1.514465289462196163e+00
1.197485669822937054e-01,1.826861497332945339e+00
3.967807234618438983e-01,1.945538925025432242e+00
-6.554490061858478933e-01,2.299175507924192008e+00
-1.345526699886821220e-01,2.210616919288342697e+00
4.751290114825538202e-01,1.969874438683067996e+00
5.100040641799922225e-01,2.107320163300471449e+00
-3.917130916679511382e-02,1.613013245862531919e+00
-6.365657475135431259e-03,2.179143455067881874e+00
-1.835010376496693796e-01,2.119627270979074662e+00
-6.172075318685153050e-02,2.224451471303521277e+00
-1.277489190538027564e-01,2.011711977022065501e+00
3.201748980570049419e-01,1.932890400779284201e+00
-1.523225376670611919e-01,2.565140091687721835e+00
-3.644001381282477858e-01,2.033798779583078087e+00
-3.349012573549172145e-01,1.558770213576129215e+00
-3.850383962498823975e-02,2.171203217596144430e+00
-8.521389565138486333e-01,1.659449134837962969e+00
1.236173794767428807e-01,2.175601801255631962e+00
-1.694474513168159613e-01,2.085518405409445997e+00
-2.648873005724056706e-01,2.080205859436112803e+00
-9.257532470922671952e-02,2.028700084668635828e+00
7.839366484271758501e-03,1.373995142426155613e+00
-2.420055530846094427e-01,1.722091976710576455e+00
6.464150933683751599e-02,2.271483241122292718e+00
-1.489090155283995798e-01,2.927424536164259905e+00
1.256213193930561800e-01,1.826980533442268184e+00
-8.913469353754130409e-02,2.346974997678415331e+00
6.727085920917516559e-02,2.323246957371435162e+00
1.609377516518484263e-01,1.961369395007782401e+00
-2.001934499802299205e-01,2.541247652158469261e+00
-1.811944352407309777e-01,2.194882542172362339e+00
6.174487587193772109e-01,1.899233732498812888e+00
9.462218117381812621e-02,1.352373595987593546e+00
-1.429896132711320655e+00,1.934878646678945824e+00
9.964913205718073375e-03,2.441866620419486544e+00
-4.979630117068148953e-01,2.259888475389727702e+00
-8.965496510390520701e-02,1.818419849075186168e+00
2.883617103180551380e-02,1.879199892194129307e+00
3.761605995044603468e-01,2.362834574244133901e+00
-1.413392039542195680e-02,1.941866998545350498e+00
4.329246757509416232e-01,1.713343798149769004e+00
-5.042246903477339177e-03,2.181424843057508056e+00
-3.167399686051173280e-01,1.711180636063095228e+00
-2.778445719969659389e-01,1.829065550554360264e+00
4.196654878855390902e-01,1.943337138203997450e+00
-1.668475215677330259e-01,1.629375433104694793e+00
1.921664690797550423e-01,2.190806851010520973e+00
-2.286530918530982615e-01,2.092514919689673292e+00
1.583120342224119959e-01,2.155348788982855091e+00
4.134999499331060147e-01,1.815593992732015716e+00
-1.066934816441744038e+00,2.151274291296412677e+00
-2.178997537939665607e-01,2.209794497715378281e+00
-3.299829255409203466e-02,1.993316566988083460e+00
-6.321298880841552670e-01,2.184262936035641367e+00
-4.226651167060873071e-01,1.158021474482398006e+00
2.124307611626656545e-01,2.340228001982425532e+00
-7.145685365038469128e-02,1.903065742916900671e+00
-3.320806887693588706e-03,1.913136891605362155e+00
-4.436960705463807719e-01,1.699668875590450323e+00
-8.480379716410517410e-02,1.755363766769525213e+00
-4.578512376734060751e-01,2.216033072866183229e+00
3.913282521011690607e-01,1.800365622534870091e+00
1.007382404048519225e-01,1.917360819798647587e+00
4.876544444363580810e-01,2.104823444012873690e+00
1.490821383336246586e-01,2.068844600353391794e+00
1.096839767499148272e-01,2.140094890095566527e+00
-1.852421700450979647e-01,2.042715472481840600e+00
-3.185785197097227850e-01,2.347508809514031736e+00
-2.478308115143330048e-01,1.828689312937060052e+00
2.488712124071310039e-01,1.744834198205714060e+00
3.486736049477486277e-01,1.792425127719981415e+00
-8.167638795075249369e-02,1.827557831472863104e+00
-3.095754035391530545e-02,2.286923597623597093e+00
6.283872061838195744e-02,1.790362909605329511e+00
-6.322247879177527174e-01,2.261979363013465694e+00
3.778507525038720533e-02,1.882396349474433794e+00
7.216827316044568952e-02,1.828808265892587936e+00
2.334723509209765957e-01,1.193394060341066876e+00
-3.213840469597922245e-01,1.565508415713690482e+00
2.034985273569762387e-01,2.111360318865374008e+00
1.627338104831667909e-01,2.481909010794716153e+00
-3.697481849651144126e-01,1.785355657952969466e+00
1.435385059907924865e-01,2.138212485334620716e+00
-2.596705849380527842e-01,2.570181567920623245e+00
-1.890687755816947979e-01,2.184522599243468921e+00
1.005719886533220087e-01,2.430158967829293637e+00
-1.637577920572700629e-01,2.193973615200790039e+00
-3.268042138935169372e-01,2.085351722515903283e+00
-4.360087918253382350e-02,1.795972073478840025e+00
-3.253902203031158735e-01,1.575366446425159106e+00
-1.431861667594603316e-01,2.009885285340675676e+00
-4.860531133527413172e-01,2.181563926448428337e+00
7.965544777814856925e-01,2.253075324724256312e+00
4.960931932804705236e-01,1.780940704099188920e+00
-2.220515284869281347e-01,2.147896579349428237e+00
3.835266639106422182e-01,2.070454830339870878e+00
-7.042027368961808476e-01,1.917352218945221232e+00
-4.134795529021626642e-02,2.259778851853742054e+00
4.636178716213839590e-01,2.020297059432240694e+00
-2.373668174600293210e-03,1.638829157222872368e+00
-3.812123877453976739e-01,2.107433101442665269e+00
6.064849221274567492e-01,1.497285402565352364e+00
1.101740799373342322e-01,1.738169700435679976e+00
8.927260569011247204e-01,2.271513265321405850e+00
-2.800500855226876751e-01,1.973769664209030994e+00
5.139507811416760275e-01,1.608495500252430599e+00
-2.112116140231768691e-01,1.500374219740022275e+00
-1.414761489888435031e-01,2.477516672816548748e+00
3.929114841464604324e-01,2.181846915909339213e+00
-5.110628496777005481e-01,2.267032941009546665e+00
6.639533805526118826e-01,2.166651770657530562e+00
-9.910080946138905000e-02,2.368837147153978417e+00
1.100359050065132654e-01,1.962452284494276444e+00
-1.028675218974877265e-01,1.954630064564330416e+00
-2.547619601108244147e-01,2.397157303932155870e+00
3.100017103848280442e-01,2.121414803290662121e+00
4.231576713507863019e-01,2.274373386013652798e+00
2.670630549660037989e-01,1.790273891793055627e+00
9.587855444026589791e-02,1.807076591814789079e+00
2.236845921272899163e-01,2.142122486806982362e+00
-1.562880950177533146e-01,2.151696193123404210e+00
-7.494126657943277481e-01,2.194822454752584751e+00
-1.977589311636072586e-02,1.533527817791068726e+00
-7.565068051270176785e-02,2.152231320372183010e+00
-5.145259579708422182e-01,2.353743367713071244e+00
4.605000848109917500e-01,1.842320759704172861e+00
-3.839505707827743919e-01,2.236357367296566423e+00
-3.620672718425538839e-01,1.904659220550515286e+00
-6.232514099320664025e-01,2.115409356396827256e+00
-2.072371909451468930e-01,1.986228409996631195e+00
1.093739586370759548e-01,2.122194549275614683e+00
-1.026170668222990412e-01,1.837343253417807132e+00
-5.866102712768483940e-01,2.388009767890172164e+00
8.374610952098676675e-01,2.356008836762158332e+00
-6.184087588248872169e-01,2.304898667498486375e+00
1.622108580433503644e-01,2.060220086905546921e+00
-7.768856357423986614e-02,1.915778202254502682e+00
-4.669705250810217700e-01,1.789986841265449380e+00
-2.973253295281056904e-02,1.907468909424194781e+00
9.863040223227119430e-02,2.240926421169565863e+00
2.716411171498443466e-01,1.705796855077613916e+00
-4.187187426868428930e-01,1.662739574440476931e+00
-8.953335135827757141e-02,2.306759683176837328e+00
2.539500453976485661e-02,2.305582283393130094e+00
-5.656518101307795865e-01,2.435264084345632352e+00
2.674088154517261784e-01,2.115608456515246427e+00
-1.995904714321881240e-02,1.523518575364679384e+00
6.847989701511134064e-02,1.560067131607890678e+00
1.626557064096348648e-01,1.841264826070629690e+00
1.732333286305479461e-02,2.288239769141640512e+00
4.356309442247901370e-02,2.084087428439548084e+00
2.196880168040768744e-01,2.225362384315032749e+00
-4.157271486603585364e-01,2.370444370623883579e+00
1.936202272007992720e-01,2.612056296541451328e+00
-1.225136937428268763e-01,1.932940759330717961e+00
-1.034570418070227538e-01,2.187465090606019125e+00
1.223926067851144744e-01,1.857589110742697613e+00
1.121477859592174414e-01,2.237814877671441494e+00
-6.031606951585357507e-02,1.619809320145313869e+00
1.825672403787908238e-01,2.424863298600492101e+00
5.093049938541571731e-01,2.323365876084880544e+00
-2.646221581128148370e-02,2.100039993326009213e+00
-1.092001063185697590e-01,1.872397370598931188e+00
1.960379839294299209e-01,1.883560023910717085e+00
-3.571094922738842214e-01,2.008058912675270147e+00
1.141416670221070823e-01,1.617973628567444200e+00
3.406633282831261766e-01,2.515876811643996014e+00
1.412024488591395455e-01,1.922370381517827909e+00
2.335131024850872206e-01,1.797040361523690510e+00
-2.694156778398524854e-01,1.952805419003135423e+00
2.747179201671706705e-01,1.458003114979084858e+00
-3.478567540625666643e-01,2.149764171216530073e+00
-5.573467878237573503e-01,1.626082634070914024e+00
3.827891442351386009e-01,1.501263852534178378e+00
2.538051497297882930e-01,2.430265164997955196e+00
-5.838405092915988082e-02,2.617611561832092093e+00
-5.929917063806308120e-01,2.185208389646498439e+00
2.744180265709535993e-01,1.997874082032228715e+00
2.370674730904323568e-01,2.187356926924987288e+00
-3.993115248686897045e-01,1.076341829317841725e+00
-1.214214587886337238e-01,2.253184767091687135e+00
-1.242399495850529251e-01,2.326572417724964925e+00
-1.305838536181405385e-01,1.070600562247868481e+00
4.980953152312708049e-02,1.860107140597658582e+00
-4.508876369916374194e-01,1.783170882213429342e+00
-4.925218042913623862e-01,2.114304317304008141e+00
5.395735203593975404e-01,1.330839267043963048e+00
-5.497881275181036413e-03,2.585961951387000912e+00
-1.834118937213760625e-01,1.820777159032664239e+00
1.151616370746646051e-01,1.335023911016536502e+00
4.261725689151399932e-01,2.300305434331726850e+00
-8.297147639679919306e-01,2.042037670642507408e+00
2.522764612377136895e-01,2.471780688865807818e+00
-2.309804896994200885e-01,1.737888669117310769e+00
5.553846744123208667e-01,2.611320084152411347e+00
-2.125563662087013583e-01,1.838834812962199194e+00
-1.729196118302377960e-01,2.314260110150624605e+00
-3.265364282329359935e-01,1.853748064403735629e+00
5.164820976819127774e-01,1.783327705655623818e+00
-2.105033433814125776e-01,1.873022013326910873e+00
1.487863499645958598e-01,2.426920816522093016e+00
-1.761176593894179521e-01,2.192316014788465051e+00
3.778255636007290391e-02,1.756630592434803129e+00
-2.293416262668261374e-01,2.457942564260314988e+00
-2.913803354388413980e-02,1.905210651509869457e+00
-1.488619122332316413e-01,2.009940342516056688e+00
-3.827946247195527785e-01,1.296913887285032096e+00
2.239140152879449952e-01,2.453052033401091236e+00
-2.665827014512145432e-01,2.011443757163549506e+00
2.745831594576918500e-01,1.808556780894513771e+00
2.003531044048967591e-01,2.140952085920383663e+00
2.282051690657634080e-01,2.042014434111155463e+00
3.783333599760716620e-02,1.640487717866304207e+00
3.251629930307820548e-01,2.286509667129688061e+00
-3.697982683697579875e-01,2.018537679984911293e+00
-6.835287463256739526e-02,2.219448514435054864e+00
4.232183410526638156e-01,1.660545626220339077e+00
-3.259503211241925880e-01,2.171263958751565859e+00
1.753248249332842873e-02,1.270034427436010027e+00
-1.062257195903542478e-01,2.528005431525764735e+00
4.567722465163536194e-01,1.934938043453484635e+00
-2.289638819639166767e-01,1.810904168501995759e+00
3.306339370373382325e-01,1.792487074524840462e+00
1.135721714444065944e-01,2.041379235227928302e+00
7.516685906875957002e-02,2.453162622126557668e+00
4.933856361459868639e-02,1.850850042342645052e+00
1.622232748455322560e-01,1.911034899961435274e+00
5.454663190176980286e-02,2.153151254207342102e+00
6.448840193083705229e-03,1.677632474127866313e+00
-2.249832231099704316e-01,1.813914164823014596e+00
5.724430148650577754e-01,1.633331429536312385e+00
3.332015988728909694e-01,1.564643887546123935e+00
-1.590123000432620004e-01,1.945472822595822437e+00
1.627173197653197789e-01,2.435994381938746844e+00
-3.029805608092561720e-01,2.553959119551326484e+00
9.035119377061216761e-02,2.352975594437414664e+00
-7.366151579978751363e-01,2.375746769824624405e+00
7.048565616304340586e-02,1.993625205424270019e+00
-3.044778214675561978e-01,2.433452144598545974e+00
7.992060511343022228e-03,1.763365833624503054e+00
1.862176592508603054e-02,1.646251112634979696e+00
2.313435368682557058e-01,1.838293750564444329e+00
-1.308531218582254241e-01,1.442386674836660054e+00
4.899951786310475788e-01,1.977820537371811183e+00
-6.600704231628220509e-01,1.424869560766371723e+00
5.684325401158345503e-01,2.074607783061427568e+00
5.341992738940619656e-01,1.997267725256874238e+00
2.123350575276698737e-01,2.207160142503226563e+00
-1.155912958326753802e-02,2.204231956929134206e+00
3.109930924527079532e-01,2.594033616280498222e+00
-1.524713430719271470e-02,2.265512900129659002e+00
4.909628033608609554e-02,1.790308143725424239e+00
2.568866591346648520e-01,1.517915084136632231e+00
-3.210318622159431534e-01,2.418673137350370705e+00
-1.119193361425977196e-01,1.841704040159325206e+00
2.782407533499812319e-02,2.344768757415804039e+00
-3.395047310817638775e-01,1.916010177445625962e+00
-1.081582036848443562e-01,2.153246992816263194e+00
3.049305601256375731e-01,2.311020455578869370e+00
3.577986828740460923e-01,2.355448256304166765e+00
-4.014121521984972962e-02,1.921853419286396969e+00
-1.243093434377195716e-01,2.055043692292793711e+00
1.089170578313570503e-01,2.006557448645087671e+00
-1.601604781818674883e-01,2.467085824284343420e+00
5.158220638345468317e-02,2.246267191135465247e+00
-3.468539349299346042e-01,2.000792901073092267e+00
4.546574211169109314e-01,2.296130096573674173e+00
-4.026641767478549849e-01,2.133080246366445998e+00
-1.637246978386884821e-01,1.932208391757812560e+00
2.750450191145625278e-01,1.881325572914347877e+00
-6.947785250549219638e-02,2.458091725669028893e+00
-2.388117049480623089e-01,2.538333265928756077e+00
4.018595024696295370e-01,2.257139460672241693e+00
1.405197687353093305e-01,2.306577474303295183e+00
1.403918763689525340e-01,2.092016980143636573e+00
3.754942779025537136e-02,1.286734912664913466e+00
5.347999532553540658e-02,2.714840579128796172e+00
-2.599000222444825536e-01,2.013660523291279425e+00
-1.900304177344266654e-01,2.429801180595692500e+00
9.343753077583023814e-02,2.419765215657071700e+00
-7.516356950182867536e-01,1.768345809131530499e+00
-5.454683084183461483e-01,2.393367867919625525e+00
5.394027214635802592e-01,2.734810160713730731e+00
5.384347816674976694e-02,1.606593961430955897e+00
5.075465284881521683e-02,2.145726395804563147e+00
-4.624535461347805687e-01,1.891838512179811582e+00
3.895436736812694922e-02,2.028272651686203965e+00
-3.523236575175740792e-02,2.071823132531521949e+00
8.722363412761949264e-02,2.019590968037197509e+00
-1.303693196317770864e-01,2.345588530858523590e+00
3.840768632445556996e-02,1.841543041637151656e+00
-3.764359118933738313e-01,1.763843655324218496e+00
-3.290336388450370020e-01,1.568127076050383595e+00
3.274153089305627540e-01,1.735130863319981565e+00
6.283421043227703784e-01,1.930623540482075962e+00
4.644885987729999166e-01,1.793582091794932332e+00
2.223497014670924588e-01,2.229299746695715179e+00
2.635106758611970856e-01,1.728816924672016642e+00
1.017575595984217818e-01,1.671849509548560597e+00
-3.009403085618760909e-01,1.989568061303556235e+00
9.388472338397306494e-02,2.041592835531008898e+00
4.501242276892121197e-01,1.978970452339423147e+00
-1.749408047137076261e-01,2.065578759203242409e+00
6.158460634716730331e-01,1.542789422220696371e+00
3.522584158846706615e-01,2.510411361634760308e+00
6.309247659100784000e-01,1.516004609667150227e+00
4.263086748203331194e-02,1.758927697433212423e+00
-8.422726965703494773e-02,2.152425953074190268e+00
-1.265829831603265676e-01,1.691784582796884262e+00
3.246575028988561984e-01,2.251397481158404545e+00
-2.964714364788913481e-01,1.654491999916775091e+00
-2.760440211172692782e-01,2.466766599898164714e+00
-1.244315698293742695e-01,1.968516940140608185e+00
2.238166590241985610e-01,2.127755984734315930e+00
-1.155565828918919402e-01,2.065501503826524754e+00
2.693312236081260580e-01,1.526805910328583371e+00
-2.661139375922770833e-01,2.318696615420358320e+00
1.351341251401301513e-01,1.921805851019319000e+00
-1.763705646002097782e-01,1.763220100758283948e+00
2.993417062874623169e-01,1.900514820413146566e+00
-2.920987901686745158e-01,1.850734263834326931e+00
2.347089020293994799e-01,2.018772899033222323e+00
-4.863096699086078556e-01,1.763885892079738005e+00
8.030973489115027508e-01,2.123732679958170166e+00
4.213108505241495161e-01,1.727708829786201772e+00
-1.802990157002762051e-01,2.630397257088945562e+00
-4.395547050762296237e-01,2.206470220577124497e+00
-2.351311368221228881e-02,2.058701101669422773e+00
-1.327068913736303701e-01,1.610495923483574732e+00
3.192446641973964438e-02,2.110073578331767230e+00
-3.571077840784250834e-01,1.744493598229512443e+00
-2.257264916680788436e-01,1.824550387050665412e+00
2.341092761378165289e-03,1.670569959097742752e+00
4.493460729129363229e-01,1.796893489973048874e+00
-7.566373720530846780e-01,1.577789167946409776e+00
1.952847115038007786e-01,2.039724590791056169e+00
-9.862415766217389260e-03,1.583506081425618994e+00
1.523157638595340913e-03,1.956133555135500135e+00
1.071028391559909060e-01,2.365352250090853037e+00
1.507364971103488660e-01,2.608348847550479022e+00
-4.815415701645524571e-01,2.499206801034778547e+00
-4.382097537840727863e-01,1.978163204806106412e+00
6.312760803321755196e-03,1.640729391171564577e+00
2.196152403473217440e-01,1.792626943236806936e+00
-1.698483408565660269e-01,2.164520044997049641e+00
-6.523198663541555087e-01,1.978383635789553230e+00
1.143536974518755273e-01,2.035951605968701283e+00
-1.048480041601414919e-01,1.729029733674866565e+00
2.419404595866150587e-01,1.979032400128184044e+00
-4.005722684465225503e-01,1.949957917918723416e+00
-1.194922002324812493e-01,1.740237575530559022e+00
-2.449687087741236891e-01,2.514430953347644326e+00
-2.971218775923422095e-01,2.220609535496449460e+00
9.608577303597454211e-02,2.119510740902686763e+00
5.569486694128239490e-01,1.469632966763004367e+00
-2.896596171591840352e-01,2.269866834217353802e+00
3.873130581744707035e-01,2.066923433182250136e+00
-3.616624959597379840e-01,2.329285559422140217e+00
-3.445856198325349951e-01,2.172966448139947548e+00
-3.505070344227827206e-02,2.295293796981357826e+00
1.339160998878965170e-01,2.333775517861641724e+00
3.874049126257986947e-02,2.249332450859301336e+00
3.325123308051953774e-01,1.591220931842904251e+00
-1.998072079772963416e-01,1.817883072233445141e+00
-5.222474164121428952e-01,2.516427888862158735e+00
-3.139414596166714699e-01,1.922789040673462901e+00
-9.992118990327028549e-02,2.139002261243255543e+00
5.444409678426130883e-01,1.793078600113944043e+00
1.826809473898739766e-01,2.151597927500048524e+00
1.641140892265861156e-02,1.701511054734584416e+00
-2.224141040799807734e-01,2.187892586245689053e+00
3.847409616063582893e-01,1.950828520761228591e+00
-1.745570108712220514e-01,1.335853926808446612e+00
-1.179155143527867572e-01,2.111681589541144266e+00
-3.112724342658960142e-01,2.025706755861969022e+00
1.510417944921069733e-01,2.115879884467255057e+00
2.579287491274989685e-01,2.148635830309498562e+00
3.688879186574670621e-01,1.980186238949610544e+00
1.808648721338217136e-01,2.202806360345040737e+00
1.056635328573334726e-01,1.664480169350666783e+00
-1.345518175593043986e-01,2.051580785754426817e+00
5.684954911223076834e-01,1.817678425167920775e+00
-3.890765289930429582e-01,1.012673841693316312e+00
-4.598162302635767085e-01,1.725911227229548706e+00
8.375791532221537050e-01,1.916583479046761074e+00
1.719574220562805345e-01,2.078083141266762190e+00
-3.133654188352283463e-03,1.969038674621367280e+00
-3.541335431529393785e-01,1.537294854891757989e+00
-3.452966479670241395e-01,1.638008079804845085e+00
-4.693454010164776480e-01,2.291700981728296505e+00
-5.648873697972570662e-01,1.764980214329975317e+00
2.449246352923727110e-01,1.710138168428184002e+00
-1.374295193564357420e-01,2.076650756442665724e+00
2.285575447084769452e-01,2.000218323296504952e+00
-7.415444794345800172e-01,1.584546791095599261e+00
1.203996277875386475e-03,2.099284774633249917e+00
1.179939165283643288e-01,2.249152189850505579e+00
2.134906806441345950e-01,2.343810184618741133e+00
-3.837408846556664699e-01,2.394129266782963228e+00
-2.069451595188327719e-01,1.951585666486427950e+00
2.415382524576964451e-01,2.219476540111688934e+00
-7.362357781934047996e-02,2.300544020752831820e+00
4.459903706338821938e-01,2.332173687185881139e+00
6.086929237062877612e-02,1.892426125095718392e+00
6.642588519066935371e-01,1.621032165714100692e+00
-6.512513236459805954e-01,2.298900703890099706e+00
-1.618643662061469354e-02,2.220393974546374771e+00
3.490352225808648901e-01,2.134813018743319635e+00
-3.597448208234904077e-01,1.668050530504455953e+00
-2.369372833539745704e-01,1.056279876023002995e+00
1.809953821311940936e-01,2.042616960821808991e+00
1.757116426012214072e-01,1.759330817796314950e+00
6.647152880040686773e-02,2.187612247912918306e+00
-3.885933929134114950e-01,1.197455908667722779e+00
-1.971385203645336093e-01,1.479628474999716836e+00
1.281121826274269140e-02,1.925451786544486010e+00
-6.588705050086473003e-01,2.704465847531924982e+00
1.187263914761356280e-02,1.949211272484230539e+00
-5.289389774398180200e-02,2.050405799525561346e+00
5.206848147747546174e-02,2.094466201188624588e+00
-4.491887506466191726e-01,2.063822380167891879e+00
-1.897823394934427255e-01,2.048674480312020041e+00
5.622683743035802317e-01,1.842294228138168011e+00
9.573025619797223551e-02,1.647217484683061173e+00
1.980632177123914373e-01,1.554743114635279033e+00
-4.330488477850996665e-02,2.182060114115412564e+00
-4.522348152279332401e-01,2.046791114049230753e+00
-3.918147964944471151e-01,2.389140520537833101e+00
-1.598000034221175036e-01,1.817724291293576933e+00
1.140427364018768569e-01,1.768262257905188317e+00
-7.827017627381266385e-02,1.913232911642265055e+00
4.169978514109048406e-01,2.423281097869431022e+00
4.155747287544089841e-01,2.185564969536981650e+00
-2.643378659204582704e-01,1.768535908484111019e+00
1.996877457531498479e-01,2.149355311143811953e+00
-1.240299213920937477e-02,1.954454504291036621e+00
-1.312383359698224283e-01,2.102216774345820660e+00
4.942616799876934364e-01,1.834979727772499958e+00
-1.167016231958701439e-01,2.018261521179681495e+00
-4.585981630446617774e-01,2.218945845814418671e+00
6.544009004636232307e-03,1.965619002398771853e+00
-5.056900931907391816e-02,2.016483752435942911e+00
4.763645390421624159e-01,1.762112429259292457e+00
2.806900975911414409e-01,2.450032695834929886e+00
3.587440491942044951e-01,1.478717584969562626e+00
2.283178772732123996e-01,1.638541643914454671e+00
6.138646384130882344e-02,1.570215439730467732e+00
-3.781765195147048786e-01,1.678361535345181288e+00
-5.816260229477542010e-02,1.713254518678505978e+00
4.769154164050750516e-02,2.347726041821033505e+00
-7.318915296525074776e-01,1.809156334289569124e+00
4.153945238495650449e-01,1.859169576683337155e+00
1.128065416061661413e-01,1.914986129612696208e+00
6.395887227850737267e-01,1.990214569832352343e+00
-3.176510239632037158e-01,1.964338286965650493e+00
-2.080952772351529756e-01,1.932981228517199002e+00
-2.671505725843019707e-01,2.127186151623337018e+00
5.756767702983595081e-02,2.341766114824510581e+00
6.430819044345564839e-02,2.080045303442217719e+00
-3.819180657119694011e-01,2.066271679109752846e+00
4.159379263070413224e-02,1.358991889809933351e+00
-2.988388778333833651e-01,1.740376450484733661e+00
6.602054871836735006e-02,2.194997357400203519e+00
2.963701332121451704e-01,1.667368759684807245e+00
2.642153903453302588e-01,1.775502393055621964e+00
-5.201938974786018965e-01,1.614693364720416469e+00
-2.367214030683540641e-03,2.627349170017170277e+00
-1.337843336994723187e-01,1.880029700664296977e+00
-3.780335220512611727e-01,2.297804299804126593e+00
3.369900760468774181e-01,2.227044923529190701e+00
3.245614486590544523e-01,2.435271145797808234e+00
-1.854522914727475547e-01,2.278862882334131257e+00
2.517981130475803742e-01,1.734286856444572145e+00
-4.546699842597848873e-01,1.780057035865042492e+00
-2.572520667064050540e-02,1.791496557487067154e+00
3.436330501861366016e-01,2.203888511916102022e+00
-4.819647888133871683e-01,2.458206257532694838e+00
-9.782997309841234834e-02,2.063696056349463959e+00
-1.840480047458042112e-01,2.125222962963460915e+00
1.047300734935644601e-01,1.900233919107745084e+00
4.424511518374909524e-01,2.386470739132347418e+00
-2.991713894288305572e-02,2.291883084153587102e+00
-6.131376846344609166e-02,2.039587347941361095e+00
2.440168797404032031e-01,2.449564749784748141e+00
9.855265192492594917e-01,2.553292073446565613e+00
-1.570433146144392389e-01,2.176021861037854777e+00
1.228521124303840750e-01,2.430747121712089953e+00
-1.666409670773987828e-01,2.081103594750425945e+00
3.366870967414242743e-01,1.904755272647334463e+00
6.484166092305105877e-01,2.318384132471592363e+00
-5.283540325492560447e-02,1.338880855246506574e+00
6.567751935281289366e-02,1.349019811623855869e+00
-7.101391340095074556e-01,2.777108851695371694e+00
-5.464011052812972613e-01,2.321547296961863793e+00
1.912812223401685052e-01,2.051402771485486554e+00
4.304035702630275573e-01,1.863228910492760182e+00
-3.848379642290391534e-01,2.051554674723404581e+00
-7.224434505215106272e-02,1.945209550076326011e+00
-2.691163982996585546e-01,2.081371330263553254e+00
3.574521315215942741e-01,2.044964128318945473e+00
-7.352383504857679108e-02,1.994678130667230542e+00
2.909263236258632576e-02,2.198303421994873386e+00
-4.704232183313602489e-01,1.969979000801810765e+00
2.315455165244761221e-02,2.234126652138104685e+00
1.009669803422558187e+00,2.323994948808805638e+00
4.516609726598833086e-01,2.012472918375422193e+00
-9.239062847263421197e-02,2.122982745108774605e+00
-2.012482099576149708e-01,1.888384046087212553e+00
-5.841103354969960915e-01,2.206059936080968953e+00
-4.423806982197258653e-01,2.201415001758293855e+00
-9.874740910886611878e-02,1.860086601943179652e+00
5.167775629079003341e-01,1.152710220775966743e+00
-7.718459115987755248e-02,2.337410858715802675e+00
-2.487015378691755929e-01,1.825523797329773767e+00
-1.801260910326702713e-01,2.771221882905635425e+00
-1.894278582614259410e-01,2.038361258459777670e+00
1.853698941941662182e-01,1.492570935088243012e+00
1.507964791552604822e-01,1.720265519818087618e+00
-1.719410911581694679e-01,2.162501903814955551e+00
-4.545320122999430001e-01,2.230175328218387154e+00
1.164762021356840621e-01,2.372259591856867189e+00
-1.037809814747621268e-01,1.614194207531589154e+00
-5.380801988959403870e-01,1.904607725573742361e+00
-2.411673581654120990e-01,1.479114389841842181e+00
2.719438114920582072e-01,2.138887852954571844e+00
2.131646166853986835e-01,1.877579804530052909e+00
5.182137978390160410e-02,2.115038414505160613e+00
-1.691634558391651860e-02,2.279955080339467699e+00
-1.201424441531962900e-01,1.956672885631110415e+00
6.719630570762723243e-02,2.551960536602222884e+00
1.296812271826993102e-01,2.175344294708664084e+00
-1.845611856107463311e-01,2.035238121111349496e+00
-8.540693814116261107e-02,1.854552191333927569e+00
-1.583339628440396663e-01,2.659440844889952693e+00
6.165212530039346911e-02,2.286125129829272407e+00
-2.223171820922446029e-01,2.121087812131001282e+00
3.238916359009464396e-01,2.023415768403108661e+00
-3.019997177439552316e-01,1.735337629639112533e+00
-2.714956406162999936e-01,1.231662357799917729e+00
2.140666223876653562e-01,2.004093971557299625e+00
-8.413539033500663789e-02,1.775299643567812558e+00
3.305721521421527420e-01,2.578150943568497055e+00
-2.310937285232508298e-01,1.888523189459055285e+00
8.296840012148773424e-02,1.581917561557250274e+00
5.323299490340747953e-02,1.736926467936294127e+00
4.132635413824701232e-01,2.498175311628556106e+00
5.390835454243154690e-01,1.536580451153072957e+00
1.920425625396847691e-01,1.612531124683647343e+00
-8.325799885895339703e-01,2.242388632445629248e+00
-4.393426708029843919e-01,2.140377736195870462e+00
-1.582034737686918713e-01,2.038092816741788660e+00
-3.128782297224883546e-01,2.229295615255049601e+00
2.274694934153454751e-01,1.686984990085399705e+00
-1.929677807084046459e-01,2.073295526166946789e+00
1.760523339934650933e-01,1.735683705896180484e+00
-5.717042685832228743e-01,1.990170473555677999e+00
-9.962306775187154684e-02,1.820686106551079320e+00
-3.638040928933494733e-01,1.980666394577628386e+00
-3.378628319723896434e-01,1.649634333895826144e+00
3.522142211097270548e-01,2.272182771376534127e+00
-1.090503261029003856e-01,2.541180250341924296e+00
-2.009071875810687080e-01,2.436740439843234185e+00
2.230039315959281981e-02,1.984819927096567627e+00
3.319766562658300613e-01,2.473698639804140953e+00
1.802263304979680458e-01,2.219798250143622198e+00
-6.470268996013726071e-01,2.263835326975700557e+00
-1.654367707608717375e-01,1.808175153760025466e+00
-1.613603700429527277e-01,2.132409588432107928e+00
-8.178683960472411807e-02,1.938521471164151855e+00
-2.050129846521080434e-01,2.019090976819827521e+00
5.882536930820219112e-01,1.831429787230433037e+00
3.466515248684227113e-01,2.079622048005537405e+00
5.853895790444035852e-01,2.488414803193498948e+00
5.298832780373727847e-01,1.816205188792936465e+00
-4.661189221213170031e-01,2.140181920439164553e+00
1.343775204350615982e-01,1.967995488752453337e+00
1.230512460202619895e-01,2.390110250154372284e+00
6.883659737219190167e-02,2.304864254066946394e+00
-3.684834935668185318e-01,1.826679244842307481e+00
-2.563998400320027238e-01,1.994253370225659072e+00
2.118150823763577106e-01,1.359278700156869579e+00
3.932773387526542486e-01,1.885772016933967343e+00
3.045564977404656704e-01,1.547062430174392933e+00
7.993283523782518385e-01,2.604780177237712380e+00
1.170528040037054907e-01,1.716254761634236958e+00
1.750045220540215607e-01,2.148737344051199649e+00
5.416154589787858242e-02,1.854757443158412622e+00
2.027921337924555936e-02,2.250981351037052214e+00
-9.099391632353681647e-02,2.490263795602351671e+00
-4.278633423627470345e-01,1.819806828787330799e+00
-1.478364069539286341e-01,1.533231072281726171e+00
3.431196273802263330e-01,2.026483459530864284e+00
-7.348593784700131748e-02,1.831983625036432750e+00
1.681358562720395092e-02,1.854975265070838875e+00
1.467663332074036486e-01,1.309642150592144283e+00
1.427028922994006965e-01,1.648831799138588350e+00
-3.528624866154664863e-01,2.406490782740216883e+00
-1.371095966260495458e-01,2.377583975612211908e+00
5.483423123777187991e-01,2.270355370319612653e+00
-9.832065242162753294e-02,2.209386640358145026e+00
1.367384918729593335e-01,2.111186025447189252e+00
6.563101314166187861e-02,1.888127887662349513e+00
-5.102818843592905607e-01,2.215620705721950578e+00
-1.597260145215318172e-01,1.924164063002575809e+00
1.142122358958813644e-01,2.353003419284891429e+00
-3.333634587096897389e-04,1.699654830487914214e+00
4.238296002272302077e-01,1.776582278026097361e+00
-6.477368950343894705e-01,1.988771653068851952e+00
2.606784344370011719e-01,1.819045337838081977e+00
4.144912486963960030e-02,1.857098726070821604e+00
1.019869310309178267e-01,1.538715718592334358e+00
1.109304757382191114e-01,2.171285620859876087e+00
2.774189943233364986e-01,2.076737243611688655e+00
3.827289899783545279e-02,1.713650605281481942e+00
2.377075089866694801e-01,1.568626318480793813e+00
2.042884288202755083e-01,1.669233261288166847e+00
3.304315392233327930e-01,2.110070650274605164e+00
5.647870471794522729e-01,2.391254426422932511e+00
4.438850140635447472e-01,1.933019264572706231e+00
3.539935884665568883e-02,1.483658819895452119e+00
-3.324983426230991301e-01,1.929625765630256451e+00
-6.472501737210893946e-01,2.298562639778422234e+00
-7.235420823130775947e-01,2.221380672944804235e+00
1.713595365510655888e-01,1.561194018883218515e+00
-2.119260547422461560e-01,2.424158272768731415e+00
6.885682665120697321e-02,1.655761709740287024e+00
1.558100446013311047e-01,1.697498569520643485e+00
-2.909910315576459405e-01,7.937285000384495248e-01
-7.809458382912366770e-02,2.322895337096319235e+00
4.895961828422523698e-01,2.169536013706192534e+00
5.876764035970339917e-01,2.027297882174882382e+00
5.323813113285654763e-01,2.129567739167117058e+00
1.684639990249527652e-01,1.732264358045905839e+00
1.737186552196954004e-01,2.491864140945803996e+00
1.933068730001258895e-01,2.316403864119113365e+00
-1.583848450934638163e-01,2.241351975884306125e+00
7.105540393390133436e-02,2.107096828872353278e+00
3.828686829360205546e-01,1.727943300108317093e+00
2.846841247070778236e-01,1.987665861448842497e+00
-4.112667107834894892e-02,1.724934331520447728e+00
-4.787815359173724361e-01,1.920493911267177722e+00
9.526652723849705906e-02,1.697427781665380886e+00
5.322455356096928228e-03,2.167776449518909132e+00
2.139851178545541521e-01,1.969861502799519215e+00
-9.376341588128137006e-02,1.984407058285137415e+00
4.546500300866311850e-01,1.534492853569298543e+00
-8.682703257467791480e-02,1.995898654414295592e+00
2.354965336913290852e-01,1.416767087104847667e+00
-6.901707683132199955e-01,1.507736087420930238e+00
-3.808792868682108201e-01,2.856295826920373315e+00
-5.211834657247726987e-02,2.006376911799267138e+00
2.924856983359306328e-01,1.888210973943073467e+00
-5.484686428288373938e-02,1.865699890066582656e+00
-2.244550214315249037e-01,1.787832938764197799e+00
-1.262113961368895587e-01,1.805429425967120194e+00
-8.549410273108284941e-02,2.146100659616350104e+00
-8.012996607114220016e-02,1.903750904012640577e+00
3.980148780232614647e-01,1.534827675766616162e+00
1.197680216150099064e-01,1.794215786527859402e+00
-6.797523179628680579e-01,1.781983861181305473e+00
1.286396794079914807e-01,2.087281145644644287e+00
-1.021528891903623892e-02,2.033394232040840244e+00
-1.409346996714847255e-01,1.584343566621257082e+00
3.516630050048833445e-01,1.165143144870226077e+00
3.484757947763790220e-01,2.024353748415383514e+00
6.456114352295941328e-02,2.161380547528913176e+00
5.596466009441555256e-01,1.838188648151486193e+00
-8.500966258748253457e-02,1.744866688564628232e+00
1.428008591879428579e-01,2.140364091962402071e+00
2.474916556043352256e-01,1.346967657785925976e+00
-4.799694078039761641e-02,2.123998362453190847e+00
4.609183509270112222e-01,2.281798952598638852e+00
4.561230518662810485e-01,2.704597659900449091e+00
-1.142767712235794431e+00,1.615888501257935594e+00
-4.744843027677797661e-04,1.722093483782782375e+00
-4.024797059620883327e-02,1.967970239247744058e+00
-3.825083681939255853e-01,2.160887537542334425e+00
1.600069667888325275e-01,2.013716568387609929e+00
2.469987046741402015e-01,2.086754596696526409e+00
-4.560292380320437045e-01,2.118247686400704044e+00
-1.697079708848515944e-01,2.260906908249096237e+00
-2.303303555339303588e-01,1.999072991910383346e+00
5.651362731875260170e-01,2.194199025779994816e+00
-2.314852649220696182e-02,1.572968180792699844e+00
1.016707361809144061e-01,1.575604441288751767e+00
-3.821990460647085586e-01,1.654489008723338817e+00
4.783733990966453770e-02,2.027886271719092637e+00
-1.072637780474280517e-01,2.375079855651770711e+00
5.720054298127993375e-01,2.459746723789726364e+00
-4.153536002403535043e-01,2.272174522237047078e+00
-1.289560610470074087e-01,1.901098976943307539e+00
-3.061045452616285162e-02,1.762458933721665399e+00
-2.215721117287190178e-01,2.680715860096605230e+00
2.863862807062063087e-01,2.123312292556771563e+00
-5.137239277378758961e-01,2.453370472373512357e+00
2.965501923195596953e-02,1.677583782632160458e+00
5.116814270189785629e-01,2.073738423922272478e+00
-2.364444644709383092e-01,2.152180376705520537e+00
7.377151020979018370e-02,1.267305868946356995e+00
-2.017691251674471331e-01,1.637875676745264020e+00
4.676645061967200229e-02,1.869654111064590563e+00
3.366458709789099113e-01,1.982856917733704538e+00
5.234260923740245881e-03,1.884421837723288862e+00
8.970168764218232338e-02,2.220445124722465913e+00
7.758934238088575908e-02,1.853479926430221081e+00
-7.807628426160713453e-02,2.473880026049867009e+00
-1.331848553208929142e-01,1.991579090759859172e+00
-7.519878707846547328e-02,2.045765039247826600e+00
-9.087068743473271371e-02,1.789284768749377363e+00
-5.590075566165521037e-01,2.142190102433889187e+00
4.484897769917196853e-02,2.344595882362417782e+00
-1.871555490827341572e-01,1.927016853691481568e+00
-1.047666784204923790e-01,2.772431558873114987e+00
-1.907382307333234939e-01,1.723150437314439731e+00
5.781398571500842021e-01,1.790285726286615198e+00
5.788999899797968585e-01,1.900754095724334070e+00
3.164232883023617715e-01,2.536683805025330862e+00
-4.168797139483649272e-01,1.892928339547095939e+00
-4.580300563582725970e-01,2.107482816652269442e+00
-3.743399283648202180e-02,1.908586318929478498e+00
2.003835651117735206e-01,2.347187304657710527e+00
-8.756400011146412907e-03,2.043351789053241774e+00
-5.245581267373310846e-02,1.813291001743755793e+00
1.072568770904448882e-01,2.240584799974791874e+00
-2.957345580941642682e-01,1.828222149016082154e+00
-1.371066694812653197e-01,1.717717416929578356e+00
-8.392265651111982527e-02,2.362783785118955482e+00
5.343228828667558050e-02,1.479130703688874338e+00
1.750758658555157110e-01,1.889375940534025800e+00
-1.922055937150381477e-01,2.225701767850640778e+00
3.309995770360247280e-01,1.623443911018808361e+00
3.053305738192171326e-01,1.593360054679293203e+00
-2.110012657524686641e-01,1.837268053610731533e+00
-4.877616196248847902e-01,2.000353075736540198e+00
-3.486106288964567479e-02,1.860337073505385019e+00
1.493367156629912818e-01,2.464102462531720938e+00
-1.881224068351972090e-01,1.793428609917289585e+00
-2.081984555765031553e-01,1.861165320478860297e+00
5.225798382806572107e-02,2.389189385000165089e+00
-4.871055083662695906e-01,2.028206282765018020e+00
-5.164019406700465220e-02,2.311670196729394000e+00
3.617623923019838011e-02,2.201485257987351396e+00
2.095166737092265252e-01,1.586858278207739392e+00
2.172695488443446288e-01,1.781013616165191715e+00
-1.185150786113640248e-01,1.775859070190606293e+00
2.993991033594637363e-01,2.554246138444836056e+00
2.087056606348209609e-01,1.958983360540069274e+00
7.373643722145317714e-02,1.732479140989072297e+00
1.158112825525247636e-01,1.899520774408480328e+00
2.075600786912902562e-02,2.148790572022783341e+00
-2.400265043150246261e-02,2.073550727807065286e+00
-1.550190890845289937e-01,2.239559874393205696e+00
-2.371907889475250164e-01,2.398975268225651103e+00
-1.212386482558889811e-01,1.868830950706769078e+00
-3.617661922782276496e-01,2.359530362791901315e+00
-7.501089181359611446e-01,1.930854920419349696e+00
-7.983697355258177752e-02,1.722547108437893382e+00
5.305244445573274736e-02,1.308994819068639570e+00
-6.446102991173076335e-02,2.140149734782951452e+00
5.394050817396910391e-01,2.118167458158711103e+00
6.948640086524926485e-01,2.156989156303284361e+00
3.920868196199993050e-01,2.124667231064148343e+00
-4.004107113041013855e-01,1.270981216137730074e+00
-2.723418937714616739e-01,1.685987764513700249e+00
1.393259507088103200e-01,1.981239402105945846e+00
-1.016113306567675290e-01,1.911390582867978472e+00
1.933353553996376151e-01,1.977324284015042899e+00
-4.166408752618703387e-03,2.088261244142026296e+00
6.614296532394525752e-01,1.920124814832288918e+00
1.425004548635670221e-01,2.145417138724643902e+00
8.075135153908323815e-01,2.159620802665686234e+00
-7.881917912538656534e-02,2.008058896173269492e+00
9.150240492623809563e-02,2.116858136863640105e+00
1.471158521572520361e-01,2.265048702315762164e+00
7.749130967180178908e-02,2.400255606345325976e+00
3.557799920348004852e-01,2.180718324246719408e+00
-3.159005326100155359e-02,1.935107404815697985e+00
-2.055109431492602723e-01,2.263187943332741092e+00
2.870849067945951960e-01,1.826621537610612966e+00
-4.733329536897903922e-02,2.058226293822339237e+00
2.676168785831349317e-01,2.027881266831188078e+00
3.058742699546657118e-01,2.114686855110424535e+00
5.796017196514794412e-01,2.344736478417078551e+00
-6.649009783067081347e-01,2.345054161675840021e+00
-1.482954141740800702e-01,1.722938160664206464e+00
-2.156785177565345712e-01,1.970367197200093123e+00
1.137532418679044338e-01,1.532729787557540746e+00
4.113451907871674695e-01,2.522401634503300016e+00
-2.382088270320780743e-01,2.266963693559553406e+00
-1.991479889082018173e-01,2.254998447652208693e+00
4.339575530216990135e-02,1.801415139531113763e+00
3.732055901931125713e-02,2.108418324822372458e+00
-1.597416294519557189e-01,1.603348019243814759e+00
4.002508785188808593e-01,2.574457516169378568e+00
2.102002973621855397e-01,2.080883482146611563e+00
-4.229530086296749702e-02,1.597760723744775069e+00
-5.250401412405011348e-01,2.234547415702563988e+00
2.488107336910015677e-01,1.881751942446956649e+00
9.506415808602173279e-01,2.442556810606905326e+00
-3.389084905733645292e-01,1.967955792292752415e+00
3.071435156851424764e-01,1.522015788254320823e+00
-1.673879376746272574e-01,1.918848650869676264e+00
-4.646732131249448616e-01,2.015115989415492415e+00
-7.585633139666743407e-02,2.148079841660432976e+00
-4.605572919915328356e-01,2.275363478629173208e+00
3.905564679337579781e-01,1.626974490161957609e+00
-1.994310864250553941e-02,1.738396236162827124e+00
-3.502270439720376466e-02,1.793293582358726157e+00
1.048646076597773286e-01,1.985198116279451419e+00
6.500713601562546629e-02,1.608230971566933842e+00
2.735312799093234451e-02,2.399388755430048370e+00
5.456395971384096072e-02,1.942941083986135631e+00
3.591556083797848853e-01,2.133897687309371793e+00
-2.214706884092982886e-01,1.468662069268710901e+00
-2.431525046371505946e-02,1.920504260353888881e+00
7.308992360704671953e-02,2.281919967954820994e+00
-8.493490150104165970e-02,2.273768914771897798e+00
2.462500733687021937e-01,1.805222460019699993e+00
-4.180041682223575861e-01,2.011973051037512672e+00
8.515858931005436394e-02,2.240721566793323127e+00
1.406266693766876907e-01,1.609195220672755111e+00
8.704542888238506193e-02,2.149940025612416594e+00
-3.082347014759589943e-01,1.519979476914625316e+00
1.967624172147815487e-01,2.267776563944324586e+00
2.441956311475401431e-01,1.765591582148740457e+00
-2.789656234389663036e-01,1.933189448954770073e+00
2.594960143708617273e-01,1.940337278946697719e+00
-5.182705309447064312e-01,1.087720655296111616e+00
-1.298526926458311581e-01,1.870651503640174518e+00
3.309460655389986905e-01,1.534315246281120482e+00
-1.447257007111759641e-01,1.815036652277602469e+00
3.304502121000524872e-01,2.154749953418694908e+00
2.204451952881160970e-01,1.860107651324236944e+00
-2.611330227567461026e-01,1.956123131266603421e+00
-3.497415110670520216e-02,1.736490558920225968e+00
3.995674580852742186e-01,2.176543966917154904e+00
6.412555491006319830e-01,1.356731143914101878e+00
1.654486900330515708e-01,1.811015489095386899e+00
-2.416973295631389962e-01,2.420184852562116351e+00
3.425468392252609684e-01,2.159106945777211184e+00
-3.679591641746658426e-01,2.501551894917346974e+00
2.333228066290309044e-01,1.983331109558730709e+00
-2.872320433392389627e-01,2.127680987239998434e+00
-2.198872152227788201e-01,2.362635291721522535e+00
-5.795329616749881479e-02,1.860387190117831935e+00
4.145200614804319117e-01,1.866456220777961361e+00
-1.006917549617048213e-01,2.070287229386880146e+00
4.069705713770510047e-01,1.941306727699171120e+00
1.909335276952896787e-01,1.719208517903782152e+00
1.224449312544330232e-01,2.505178021858633919e+00
-8.859023206035898657e-02,1.678129873597824728e+00
5.792376277109327898e-01,2.211318881635051525e+00
-4.113057215126796340e-01,1.558178168640667938e+00
1.701257709453564970e-01,1.723108608586443324e+00
-5.974752749707139543e-01,1.880646492557309868e+00
5.882232964854910290e-02,2.131362843435718801e+00
-8.701948580850146775e-02,1.528998305797026003e+00
2.565552533174967342e-01,1.908821516204972646e+00
1.722471795546799411e-01,2.457633592251731613e+00
-5.461331269707413866e-02,2.414535647101550886e+00
5.259331348715970966e-01,2.116691162245505353e+00
2.220106233984224797e-01,2.069998525019370650e+00
7.706737147841071778e-01,1.861744935824718672e+00
-1.429702049306417200e-01,2.028587398974927236e+00
1.076840869943543853e-02,1.968660164305698013e+00
2.677597350968591305e-01,1.871074804632119504e+00
2.120263530839336663e-01,1.618509004070112001e+00
3.398615139999905388e-02,2.422691219464761847e+00
2.139019332633638470e-01,1.903265811899643722e+00
2.895505993532812572e-01,2.496197896067618771e+00
-4.574615311850151467e-01,2.341083372087466863e+00
-2.909070806400302356e-01,1.893007253668766099e+00
7.641729459953505721e-02,2.550918971726663376e+00
2.799702111647648928e-01,1.910470987269168086e+00
3.941282744340179334e-01,2.163213747752777305e+00
1.433078207300690354e-01,2.153277018402353082e+00
-5.877329493936380711e-01,2.482584536427606903e+00
3.389198274038672243e-01,1.938097524528643367e+00
6.250584633479077112e-01,2.242316380018775313e+00
-3.132207806062694000e-01,2.199614901255699362e+00
-2.105059752982900156e-01,1.657629646639847243e+00
-2.447864368756871578e-01,2.034730415468760434e+00
1.567852674423257653e-01,1.611622148058459381e+00
-4.588315518875670240e-01,2.163095008827034427e+00
-3.669268976395138188e-02,1.462286317566925398e+00
-5.523249690550730007e-01,2.212588186750145347e+00
-4.529979696149467605e-01,1.462267739757256102e+00
-1.187382012089089889e-01,2.162898437257843476e+00
2.122835897536513583e-01,1.742708348214017322e+00
4.795267403971719689e-01,1.649462379378001886e+00
4.804544723293156516e-01,2.160130052304666926e+00
1.537211512772904409e-01,2.164886590546032163e+00
-1.148333516633246454e-01,2.045063724488497492e+00
-3.794411375789899510e-01,1.816685585720011931e+00
3.354747237341166310e-01,1.975342164870488748e+00
-5.432868931137371238e-01,1.194231403305259231e+00
-1.405104257019145764e-01,2.096800852079944821e+00
4.026004913002049768e-01,1.502530959590711701e+00
4.029522446457773494e-02,1.508564786402086355e+00
-2.637873065859478450e-01,2.299239213463424303e+00
2.788230783832416071e-01,2.142908434858598721e+00
-1.260859187451223717e-01,1.173746863101792437e+00
3.856921308653202263e-01,1.996188671679233639e+00
-3.804896181397914023e-02,2.065518229860942689e+00
6.922898562087286267e-01,2.227120988643163102e+00
4.938364386585725185e-01,2.246459486171964226e+00
4.844943453381606036e-01,2.146256562313513694e+00
-2.454433129010493431e-01,1.627015650908560707e+00
-2.868150929948117336e-02,2.082605674170793453e+00
-2.051776732713579410e-01,2.211909426733540851e+00
-1.829626368236681733e-01,2.150000016136279335e+00
2.329672844187674619e-01,2.075640143719113873e+00
-2.908058172950446774e-01,1.845528647997615179e+00
-6.770298701585345524e-01,1.971916884522088909e+00
-2.837498652896038309e-01,1.530116577439299963e+00
1.141667981303461504e-01,1.645534517980271172e+00
-2.401027847835347506e-01,1.736486467687652802e+00
-4.616565772366785780e-01,2.516539305098450807e+00
1.104539733936339141e-01,1.328329381671379927e+00
-1.971353733135504660e-01,1.617388162251228723e+00
-8.958840620227594143e-02,2.029260456246978261e+00
-3.911692507789134576e-01,1.873728081107804977e+00
-3.952287776918071427e-01,2.319176451146022000e+00
-2.566191072085660108e-01,1.815582771219298674e+00
-5.025537460841362769e-01,2.228170392894157192e+00
-1.544400785257610542e-01,2.118676615466567714e+00
1.657737442907513958e-01,2.271411190365923538e+00
-4.775680224709449861e-01,1.846765151161369189e+00
-2.679300090996606931e-01,1.906419149485680808e+00
-8.151562266613412433e-01,2.119669131618384661e+00
1.479998951139562258e-01,2.216400671969976255e+00
5.931183398308952776e-02,2.337436071307758212e+00
1.587540621748711744e-01,2.334715590651930572e+00
6.831051415790376224e-02,2.084798829918043328e+00
-3.177770318308535680e-02,1.730778873524794426e+00
3.946120299151256727e-01,1.984600100310890847e+00
1.497094894201517201e-01,1.964781895650323795e+00
-1.125305350915866975e-01,2.366642651450897805e+00
2.887388440797504230e-01,2.611028497513235624e+00
-6.986245330433917726e-04,1.711252672795394725e+00
2.428824474602521710e-01,1.669689185335520687e+00
-2.034816521483249763e-01,2.061702403023858210e+00
-4.834782069110400704e-02,2.043406753795209863e+00
1.890195844736052011e-01,1.990742518356293900e+00
-6.600858040560540416e-03,2.695677832349469227e+00
-5.577214245592901909e-01,1.690496804573691669e+00
3.652225647657783569e-02,2.411001761108457764e+00
-1.196824358538260413e-01,2.106747962053675760e+00
-7.167008169609720425e-02,1.805477940754065758e+00
2.349549059684059027e-01,2.288020684020057871e+00
-6.045158530013319265e-01,1.868261727393321747e+00
1.694035398095543044e-01,1.731672339650624615e+00
4.803358754651246981e-02,2.341402270770853722e+00
-5.859746692505871796e-02,1.644695932137083982e+00
1.336187202828493514e-01,2.464596991850723562e+00
-3.176989679181113635e-01,2.001888185225646044e+00
2.452474730371892453e-01,2.289172044221682967e+00
-1.524180478095807090e-01,2.067477973704266780e+00
3.290548220310219873e-01,2.283819949595056187e+00
1.375697591095338956e-01,2.299748654368974243e+00
2.171569215558261656e-01,1.985795459460467427e+00
-2.729846928393833694e-01,2.131012807404053078e+00
3.370287230505075171e-01,1.748641692833297956e+00
-4.310929675110402592e-01,1.651144721571040641e+00
-6.186829378575412486e-01,2.200217839504298389e+00
-2.942563396609165771e-01,1.750505424728614035e+00
-2.111067815569935835e-01,2.607092923581501687e+00
3.398821579167787821e-01,2.248281937851857482e+00
-3.767889090238019101e-01,2.350745816452307402e+00
-5.441875459353207045e-02,2.615600978301672708e+00
5.787725985377514260e-01,1.966999042047591795e+00
-7.559839169456085139e-01,2.199586060105095164e+00
7.725551198910532991e-01,2.537773954554896960e+00
7.377723691682744889e-01,2.581749926274452989e+00
-3.012224256839458048e-01,1.468229461538904213e+00
-4.699508169768995547e-01,2.030894723442825622e+00
2.208207956946432737e-02,2.321314933673401359e+00
-2.782057187190650760e-01,1.917089953452560502e+00
3.641193519915705834e-02,2.294326674194958393e+00
5.016802895478391644e-01,1.368196538792233241e+00
2.264730811568992364e-01,2.277564130255209207e+00
2.648514304047584408e-02,2.065667711516472327e+00
1.118647738438685313e-01,2.076789049560743283e+00
-3.498104342319380833e-01,2.486784633870160910e+00
3.334911080271992234e-01,2.314770500627171934e+00
4.714797191365937001e-01,1.862489905408553081e+00
8.150977865067238204e-02,1.865379835386860474e+00
-2.717810760267421744e-01,1.951621486773200909e+00
-2.789917069456674392e-01,2.129463585950609250e+00
2.954762930437421220e-01,2.187613910253479954e+00
-2.335008335918754285e-01,2.225628541937036076e+00
-2.383751518400296227e-02,1.924265171510618710e+00
-3.741472542004366936e-02,1.741468310680883036e+00
-1.783518376721228704e-01,1.907632597523897466e+00
-5.106952305747178844e-01,1.786216477165444738e+00
8.004319627634260970e-01,1.983030564496549797e+00
-6.509665561197482131e-02,1.954726152138126727e+00
-1.977377790262511703e-01,1.885752997793044061e+00
3.220719994929715502e-01,2.389049168926905775e+00
-3.980166033669826908e-01,2.131544418037376598e+00
-1.252545342567182585e-01,2.303238844945594721e+00
4.556119561827628311e-02,2.464591566821738855e+00
1.167320270002658728e-01,1.736618696023949360e+00
4.831758797567393265e-02,2.011550865457143011e+00
-1.019054496748857397e-01,2.115074939930280618e+00
-2.944730603977937511e-01,1.706667003979100095e+00
4.786899553590191481e-01,2.389451556444781133e+00
1.888123015886361833e-01,1.930975193309867999e+00
-1.014255073388817818e-01,2.333560688884946721e+00
6.371866758209865367e-02,2.213824530148898351e+00
-3.851101537686626441e-01,2.149317473641767506e+00
6.415116033307492749e-02,1.586388564834106507e+00
-4.359130510900841582e-01,1.759153469141689463e+00
-1.192321061544172611e-01,1.878964694777330413e+00
6.508673905531148218e-01,1.302987905011211200e+00
1.680411291097994864e-01,2.052359800340242124e+00
1.031191969624618981e-01,2.559927563247458959e+00
2.976326176070731577e-01,2.251870972619511413e+00
2.001557485668435665e-01,1.670243253444798182e+00
1.225343547382803516e-01,1.833050387313290397e+00
3.537811956514069212e-01,1.448014799842030520e+00
6.026298449949823999e-01,2.219407699612049090e+00
-6.372644072105740909e-01,1.916858344452686547e+00
-2.742997529747244756e-01,1.696949317571199600e+00
-9.453074643627919216e-02,1.984109221628093334e+00
1.477311181406204821e-01,1.874921334241239412e+00
4.050498269602153534e-01,2.136622398270858536e+00
8.179470450315348140e-01,2.244651133218940942e+00
-1.722956150027920297e-01,2.124138831066235245e+00
-3.340370925610998132e-01,2.471276839299343386e+00
1.159057528861982267e-01,1.694671641056359146e+00
-1.866139414037428779e-01,2.392860112899422020e+00
-6.052081459928305707e-01,2.631216692531939128e+00
1.640853592461639088e-01,1.991633309471339652e+00
4.674973041850376265e-02,1.891708626158768114e+00
-5.053902453815486417e-01,2.202338910897666313e+00
-2.903218223436324075e-01,1.356792204786705813e+00
-4.622207028684809371e-01,1.936450673955374624e+00
9.354099887932472435e-02,2.450840480347218353e+00
-3.567578230161905783e-01,2.544668114196375175e+00
-3.639110390580054810e-01,1.550775005998683564e+00
3.501525006935150564e-01,1.884594731300774706e+00
3.330288151036922550e-01,2.107704949644516379e+00
-1.950660052733591832e-01,2.286358488869398631e+00
-4.443414979593641734e-01,1.862231173398865902e+00
6.783287189304251230e-01,2.000913405389816102e+00
3.109005205650771098e-01,1.986280275635480264e+00
2.702703050427757714e-01,1.628156747649129432e+00
-4.370911463457715501e-02,2.625833821407125956e+00
1.130535511458106573e-01,2.164904973995931847e+00
5.659832222877759778e-01,1.619336863672255378e+00
-5.215402044258277137e-01,1.775877967723312745e+00
-3.862395853844396987e-01,1.880198174746271489e+00
-6.915344693248112740e-02,2.118795071044743406e+00
-6.462107223383332932e-02,1.627252000454137759e+00
2.945634126344590653e-01,1.803783982820778231e+00
-2.797157081760898167e-01,2.286384228897440973e+00
7.753269604575760421e-02,2.198095903933113604e+00
9.018043050109438852e-01,2.684126899035796487e+00
-3.909400580505085210e-01,1.777966673474664416e+00
9.978317489330670864e-02,2.504521258151994889e+00
5.442881339065508417e-01,2.103106210032427370e+00
2.364798913656305027e-02,1.967043236833492692e+00
-4.431385121690861739e-01,2.006616660192152679e+00
4.360026702208570915e-01,1.822557520272381382e+00
1.269825707983599505e-01,1.655092960605341057e+00
2.023863597701459627e-01,1.367864689804630052e+00
-2.298476191969664462e-01,1.173263811548997726e+00
-5.001938583096723345e-01,2.364509952845544660e+00
2.818892880635636700e-01,1.551104677707664470e+00
-2.410335274164542296e-01,2.073993969056817654e+00
-1.449873411337254392e-01,2.192289344012130048e+00
-4.084941479574120682e-01,1.978487041678017144e+00
5.191325032115682303e-01,2.121412701531585121e+00
2.045927765161658085e-01,1.745360203886887396e+00
3.175055206329847196e-02,1.967712188500268411e+00
3.424306274820964058e-01,2.267585169313142135e+00
5.141496074092249957e-01,2.335972054406776799e+00
-2.830982191630769806e-01,2.139091687788765128e+00
1.960462785386777040e-01,1.666272595045946714e+00
-3.014681944104051214e-01,2.190869113916235733e+00
-9.272011599338349230e-02,2.210730286653546095e+00
-3.372187454390629391e-01,2.157256196745920285e+00
-1.849584232893631275e-01,2.133267109643704806e+00
1.895659231626570795e-01,2.220680559400129539e+00
2.980739785316598445e-01,2.116001938769387358e+00
-6.245052952146469376e-03,1.953652405026975014e+00
-2.942169349105578161e-02,1.906434731870275900e+00
-2.144287084742539373e-01,1.960961896841485697e+00
-3.368332425848397649e-01,2.025787427017997633e+00
-3.976043779703321568e-01,1.957231164375641486e+00
-3.350071018325185279e-01,1.270136456588415896e+00
-5.161383055175978729e-01,2.059079991575419211e+00
3.605804297002891678e-02,1.437211796147168652e+00
3.702887828786133873e-01,2.483344648048886771e+00
1.997005380935495678e-01,1.541764794901300029e+00
1.720916554489300421e-01,2.139318315724175967e+00
-2.690300911700034270e-01,1.883026465533933491e+00
5.515967046410567010e-01,2.520562794383719218e+00
7.553798677761327518e-01,2.112104770413988142e+00
-5.816117189768849061e-01,2.389449990424350911e+00
-3.955793638999811068e-01,1.804206816778628486e+00
5.818032788895539931e-02,2.170455987559043454e+00
-1.602378275980675115e-01,2.372602822003742506e+00
-7.663165150299537133e-03,2.607878622860372531e+00
-4.996749811283462406e-01,1.665542110467828074e+00
5.997599107306046395e-01,1.267420399797761554e+00
3.649548946568018648e-01,2.058226936193293888e+00
2.361692748017714671e-01,1.812693771768385087e+00
-5.817834547852470672e-01,2.192111338994548575e+00
-5.526451276373083032e-02,2.198197418459479913e+00
1.299039527409416583e-01,1.730813130996280425e+00
1.571997291747418424e-01,2.442009813014821340e+00
2.898373419960661446e-01,1.889593385888131749e+00
3.817456673121504274e-01,1.961480579673006819e+00
-9.585014786527590314e-01,1.885712089265058289e+00
-5.901628210423535276e-02,1.952317929092277859e+00
4.927950806232664349e-02,2.497406933388365502e+00
3.214811133107421063e-03,2.079158652679304886e+00
-1.515356466488449183e-01,2.314842488578234825e+00
-1.837526401892304317e-01,2.077452352298811089e+00
2.581531838469589002e-01,1.800637311894932591e+00
6.409050586200955024e-01,1.666851010976396985e+00
5.340826329799057692e-01,2.077743563745682920e+00
-6.045219992539759002e-02,1.863847053333228976e+00
-1.854554217087865942e-01,2.076117174270395882e+00
-2.269546922650035603e-01,2.086414538091130311e+00
3.139179714205149185e-01,1.922871103026008610e+00
2.602519658443481210e-01,1.975598862465781203e+00
-3.520322385331236537e-01,2.586598237053904015e+00
2.492260209633862245e-01,2.142605099833366555e+00
-1.781053850225871871e-01,2.061091550348183254e+00
7.973332490729014010e-02,1.752069997211339603e+00
-3.667997301606717442e-01,2.654725472360376148e+00
-1.107593114862467587e+00,1.872401626536538188e+00
-1.444360129116757374e-01,2.210624380609402362e+00
1.101162172749907825e-01,1.691020103502458571e+00
1.280138486598061676e-01,1.797664618089186650e+00
7.865762726643391045e-02,2.447155860642242331e+00
3.975342200789466762e-01,2.145959133585918721e+00
4.869753271223906110e-01,1.623207603068258953e+00
-9.726175120963206910e-02,1.776564861040179188e+00
-1.289789148257960809e-02,1.937469352172615622e+00
2.689707865501699269e-01,2.270052776295399255e+00
2.610786353673880122e-01,2.166120331643688335e+00
5.890811817174383958e-01,1.915381764086225846e+00
-3.957659682952615610e-01,2.069165956902264458e+00
-8.056000018314844746e-02,2.204470147458606810e+00
2.402414285110729686e-01,2.289324486860512931e+00
1.735025398636502458e-01,1.743902934951426786e+00
-1.966253702058633548e-02,1.702852264318959863e+00
-1.263389940446731086e-01,2.156803046916548006e+00
2.420333025688436168e-01,2.308180101996582412e+00
-1.301014960408080068e-01,1.522316787080815859e+00
-5.334561386758943646e-01,1.980355837151107634e+00
-7.660328190456824338e-01,2.198933388565557756e+00
1.278282019687741189e-01,2.203744455492374854e+00
3.510743576320130011e-01,2.213062672270139863e+00
-2.366208637478121879e-02,1.574884088405536176e+00
2.470855575174351615e-01,1.682605239425351451e+00
2.830796233243220716e-01,1.948303127962036418e+00
-3.664804471257659957e-01,2.180903159349354858e+00
2.380829366876116224e-02,1.868483259054889656e+00
-3.069904579074239637e-01,1.689259149638580482e+00
1.466368997174873623e-01,1.857025032582055868e+00
8.954072931341758301e-02,2.126556562609194234e+00
3.431482013329194974e-02,1.592403984479533463e+00
-4.766073849954400865e-01,2.522066173077389006e+00
-4.146685104529566623e-01,1.613384414473862716e+00
3.997826515575780837e-02,2.069194309781458241e+00
-9.654097597148170173e-02,2.243995710838464497e+00
-2.563227228479128539e-01,1.511360641473638688e+00
-1.812949992471208638e-01,2.281779504898662658e+00
1.387505816243891086e-03,2.043892313963810992e+00
2.467965062531968234e-02,1.881122391079870004e+00
-7.611924651182979673e-01,1.449075777106596075e+00
2.173015708411790425e-01,2.613499551999875603e+00
-1.518255229172010556e-01,2.200335927665109548e+00
-3.248264190583372013e-01,1.913702833321609287e+00
-4.020053116103641799e-01,1.675809727355319412e+00
2.307946809684522371e-01,1.992097320991513376e+00
5.999300282960848829e-01,1.784170209210357072e+00
-1.371204147510340920e-01,1.610835723193335234e+00
-2.916426583768041425e-01,1.658853751352112216e+00
-2.033243614320976722e-01,2.197243761836593201e+00
-1.464157000505486306e-01,2.378914326152945069e+00
-1.850504845038624946e-01,1.774623542914701924e+00
-2.577475003823843647e-01,2.789632477962197932e+00
-1.813631819878604723e-01,2.427400610331686970e+00
-4.514850830609514754e-01,2.074445810698907877e+00
7.911168213450002484e-02,2.177647698738040649e+00
2.382282360239012242e-01,1.784281677107919961e+00
-4.579808213693981611e-01,1.679846857763517942e+00
1.065789582976303662e-01,2.548291166436007060e+00
2.922322876572511219e-01,2.120750186102841717e+00
-5.606054011512325019e-04,2.147522831555784162e+00
7.079021003202380646e-02,1.694759631642106745e+00
5.565995734234229220e-01,1.743515447481597036e+00
2.269206609910671968e-01,2.183161379590943696e+00
6.105487013940397167e-01,2.112205044813162846e+00
-3.736923164375937079e-01,1.789338485792916877e+00
-2.246984176536350741e-01,2.386311249924571332e+00
1.550520946150223123e-01,1.970009671365832604e+00
3.138675886321211639e-01,1.839561264865339218e+00
-3.890341031330717819e-02,1.996316511422239870e+00
-4.824803431344290572e-02,2.217538035047591727e+00
3.765551994250590506e-01,1.943053982400145374e+00
5.322552391709667319e-02,1.837143944886224789e+00
6.940158960675579802e-02,1.730882177331470650e+00
-2.498858166346168141e-01,2.515888390306224576e+00
-6.038409624678161558e-01,2.021236468524032937e+00
-1.728952548195252514e-01,2.409978066601957902e+00
-2.590778671250855703e-01,1.833995234607932900e+00
-7.739608136568613128e-01,1.830569038424526784e+00
1.479604510786347409e-02,1.905290136581301974e+00
1.507650225914970894e-02,2.114517025569230047e+00
-8.119295510328820020e-01,1.909947008300217020e+00
1.589741583661488655e-01,1.547659438780819796e+00
-4.000391201297639476e-01,1.619395208732409497e+00
-7.443040232983104409e-02,1.602188332558605488e+00
-1.909261794200522722e-01,2.206797770282294291e+00
-6.038511747971871818e-03,2.272402028992482670e+00
-5.057380151744993446e-01,2.425353719998138757e+00
-3.609225729951321404e-01,1.678387967284004301e+00
-1.719797577715433679e-01,1.856091731038747694e+00
3.645958893545263590e-01,1.757339546647805228e+00
1.278456534922361443e-01,2.521995229272216754e+00
-1.319972658608508653e-01,2.210240837517341461e+00
-1.763535394059039529e-01,1.953903570466917428e+00
2.230383661781668025e-01,1.901183988285773507e+00
-3.651344341273961014e-01,2.334945012693338207e+00
8.785334687949686305e-02,1.837906372918298059e+00
-1.780198884283040739e-01,2.722244850930982896e+00
-1.033853869029900119e-01,1.865805788891269579e+00
2.025579066601527478e-01,1.630795052210259000e+00
-3.275944377087778303e-01,1.765296076786964097e+00
-3.529762270452613815e-01,2.295261544352715344e+00
2.757320621165578745e-01,2.324948956202392392e+00
-1.722384873846438402e-01,1.976735737295461259e+00
2.307198818557230913e-02,1.349234275350837953e+00
-9.274305406974653332e-02,2.033402944892468867e+00
5.651703918440389302e-02,1.643210140151288856e+00
1.752813587776396245e-02,1.796022749648661820e+00
-4.558495279576293413e-01,2.375407036987199128e+00
-2.370001974831944802e-01,1.652969755230605742e+00
-3.022222977529257504e-01,1.960225518550469115e+00
-2.904829276138643501e-01,2.114501987965814234e+00
4.287850156816789271e-01,2.652802622282369960e+00
-4.637421125206883099e-01,2.185240822086647494e+00
3.748332630984024805e-01,2.191670480503162377e+00
-3.934936531001575477e-01,2.521142343139612052e+00
2.064755760780531968e-01,1.757308180716984802e+00
4.355495454157897622e-04,2.509263754509298838e+00
-9.990250816336675166e-02,1.719690627580167330e+00
-9.615954646909602443e-02,1.407502371203917857e+00
6.055205998082184848e-01,2.292752100609122490e+00
4.866923027336772511e-02,2.096649865121233525e+00
-2.916452363883221821e-01,1.821590114638423463e+00
2.573333722773284149e-02,1.386277199303333596e+00
1.949201734137896436e-01,2.425982208102141158e+00
9.204050023943713965e-01,1.671586919430552598e+00
1.911384510139824411e-01,1.748929038464908992e+00
8.413149068513466056e-02,2.411920018820260747e+00
-2.941536883711342188e-03,2.198977940320717028e+00
2.543771261209132883e-01,2.474598005483959362e+00
5.918984659321979702e-01,1.929310538387856155e+00
-6.997073420478765182e-02,2.514123140021046421e+00
1.163863674166555617e-01,2.259775576468144642e+00
-3.663676615200961439e-01,2.036061657477846953e+00
-2.512891426167637721e-01,1.682828312493223510e+00
1.321715077058153651e-02,2.391658133906766626e+00
1.778283145435079482e-01,2.089568775512701038e+00
1.727512486786239587e-01,1.725628120241253338e+00
-9.080432661235134095e-02,2.489054094202861833e+00
3.077783206376930591e-01,1.819072007648233846e+00
3.973546362964520962e-02,2.023550480133121443e+00
-9.045818182996944595e-03,2.482190006313504504e+00
7.842017242889202933e-02,1.609843687385726696e+00
2.095940051644729629e-01,2.151213070786506698e+00
1.662259149527859636e-01,2.124361280557720999e+00
-1.565427085310924782e-01,1.665306292606072214e+00
-3.776284299007314771e-01,2.093767218272287511e+00
-5.897226160222895919e-01,2.014396366917535985e+00
1.608323970482276044e-01,1.322817593134929970e+00
-2.220482344757027104e-01,2.086830685016952014e+00
-4.901011848859402331e-01,2.171733098601316581e+00
1.438910025590368069e-01,2.019187155112125431e+00
-5.226212579565386873e-01,2.036647453048531009e+00
1.600277129625258254e-01,1.745573119143916552e+00
3.647201668458178309e-02,2.542831787948515831e+00
3.292194648404271895e-01,2.443709104735062976e+00
-1.849474120773362817e-01,2.116618903943075836e+00
1.033706778093216594e-01,2.182783151592482707e+00
-3.425274102852268743e-02,1.508527930525927818e+00
-1.442943636321715462e-01,1.667902748274958880e+00
-9.480030203246427867e-01,2.169605432359864583e+00
-3.178197578529694950e-02,2.247830564356720018e+00
-2.699968389800623259e-01,1.834671076615540741e+00
6.191782963085136482e-02,1.856171738599893484e+00
-5.646309287397687643e-02,2.101207321291373109e+00
-1.272540986859459766e-01,2.296933676802347168e+00
-4.727506479064448319e-01,1.914138923889115773e+00
-6.971910350084191688e-01,1.806506872693900201e+00
-3.106956944306244472e-01,2.267218826405140053e+00
1.305882732444618444e-01,2.359771111903786078e+00
1.291388328484945613e-01,2.678437482076016618e+00
-2.043820859017482228e-01,2.171175987408953567e+00
-2.492409227404119021e-01,1.615678319655731388e+00
4.148212294711045023e-01,1.462945295609439977e+00
5.086465945466032146e-01,2.288405202666232263e+00
2.079022041274191657e-01,1.738576303948321744e+00
1.539000764022720180e-01,1.639828419939594273e+00
-1.631263422624235349e-01,2.149882459848632799e+00
1.695913730915410145e-01,2.149622617407723535e+00
3.374469623618393532e-01,2.176825421018607098e+00
1.577838799461042107e-01,2.555124981436930565e+00
7.085532290970176783e-01,2.590708951486335287e+00
-1.791714403008448087e-01,2.281686755568472780e+00
3.345505335325841267e-01,2.127038168721307798e+00
-8.342665285248088147e-02,1.569576780746969824e+00
-4.041970479553774198e-01,1.883564343493156157e+00
-1.127574264132292087e-01,2.336444647876409153e+00
-6.019524775587808962e-01,1.842202244451967230e+00
-8.361045986093876836e-01,2.047018393930338132e+00
8.248081933581327685e-03,2.046019933393632417e+00
-5.766023551367350786e-01,1.975888318455060189e+00
-2.351550712897332585e-01,2.190375053506246505e+00
-2.360814508059051464e-01,2.065236933280931275e+00
1.672033888476749386e-01,1.718078036819364440e+00
6.352141599549530060e-01,2.259250121160564007e+00
7.608176178817503965e-01,1.528991857391228226e+00
-5.399202705129678703e-01,1.764833353343358890e+00
2.213234440352404298e-01,1.688675554130161016e+00
1.484918928810912697e-01,2.236068870546044529e+00
1.485179294648099335e-01,1.632232952195960207e+00
2.452368153966575075e-03,1.867904764982721399e+00
1.491379060682365421e-01,1.612367055197895249e+00
8.839565928192485988e-02,1.320490961617017067e+00
5.952483268922231438e-03,2.519034792028345571e+00
-6.340308722062688584e-01,2.502229287528156654e+00
-6.715601985290590992e-02,1.947925229497168509e+00
7.511208403917462029e-01,1.336162290294126587e+00
4.074551605558933420e-02,1.949956660803760844e+00
-4.444465300243077843e-01,2.346239179466671043e+00
-1.362545868404524962e-01,1.474832091934054290e+00
1.907068912665807747e-01,2.491317819423631175e+00
-2.100983668266924731e-01,1.524651677598921173e+00
-8.744338628587725037e-02,2.272972358694560047e+00
4.586527854645784941e-01,1.997018140319514856e+00
6.080333601414851241e-01,1.676351890272501199e+00
-3.252897440847148380e-01,1.908734153126476762e+00
-7.330995445683924361e-02,2.210095141226442461e+00
-5.384226906246309535e-02,2.106752508280453906e+00
-6.204185325894416847e-01,1.556657718021174697e+00
-1.712870220156132439e-01,1.897587242525014872e+00
4.795455060016834969e-01,1.854996010573153109e+00
6.463393941850568147e-01,1.747116509610948665e+00
4.552908361329721099e-01,2.312025681813343336e+00
-1.478443802279573172e-01,2.031709541329933089e+00
3.854271202124577300e-01,1.632892374404328883e+00
1.528417857488080511e-01,1.834724947881814394e+00
-4.523017847624249271e-02,1.944270890651712325e+00
-5.100488522587138807e-01,2.240875514043842998e+00
-2.948390478328222208e-01,1.554962608683111203e+00
3.728878193597560675e-01,1.987760715063440653e+00
1.490434459614485008e-01,2.347586835276906037e+00
-3.935435599058604295e-01,2.211745729216555212e+00
-1.306800345152893117e-01,1.422135959470927968e+00
1.578156250714092546e-01,1.964072313743687515e+00
-1.099527051792846127e-01,1.418941971565448767e+00
-9.620310183539942939e-02,1.841886681543726256e+00
-2.958015823648927900e-01,1.769278409835247201e+00
-1.321815089774358576e-01,2.332982739658294946e+00
-1.191228077045375922e-01,2.471633517688229809e+00
6.024882018434184888e-02,1.673518703231434257e+00
-7.487128133527146678e-01,1.936209489661638639e+00
-1.909987656909868659e-01,1.931052816978712672e+00
8.889621871355864180e-02,1.552351304224347306e+00
3.585920159047474853e-01,2.244957159658357071e+00
3.263560978592400241e-01,2.137416605604032238e+00
-3.889735284765812318e-01,1.685025727915561378e+00
-3.898181133579274316e-01,1.793896170484217567e+00
3.033819300751003367e-01,1.919521380219805673e+00
-2.595288612037436882e-01,1.453596149309893892e+00
-9.031707210819793497e-02,2.074805453001333344e+00
2.945061642648116873e-01,1.519419767057286874e+00
-4.181556540586645748e-02,1.918765937647688880e+00
3.536062318194429510e-01,2.252723562654910694e+00
-1.310485730303324881e-01,2.125859926360208707e+00
-5.907124502342702560e-02,1.472399042422104065e+00
2.609781480414870014e-01,1.426149030249010741e+00
6.822398851052517699e-02,1.633625556492094510e+00
2.112389096596414551e-01,2.139816523172334950e+00
1.930636253759655530e-01,2.402771421964297272e+00
4.051109619565755326e-01,1.936941631083729298e+00
-1.019442751162787930e-01,2.056892234025804456e+00
-5.477344970829367554e-02,1.937151869108290514e+00
-1.952578536417011457e-01,2.245148807828308168e+00
-2.639000071401584879e-01,1.796001986670631156e+00
5.779345614899557004e-01,1.855877585004934938e+00
2.224995151232035950e-01,1.531069122978002017e+00
-2.890637068487991179e-01,2.745539478496840324e+00
2.015362981359829567e-02,2.072632746964235384e+00
2.465604130868905286e-01,2.465236068395588731e+00
1.374277821481252049e-01,1.947682473638497447e+00
-1.516705627503478204e-01,1.518631041590051689e+00
-2.962406072184686212e-01,1.955890386784509660e+00
6.015752147298579766e-01,2.568826779207725952e+00
-6.620761911664527211e-02,2.154200019346746764e+00
2.703590400900983681e-01,2.367136621606141134e+00
1.096430000726230647e+00,1.912517981380701837e+00
4.526365244396830106e-02,2.378225554285242627e+00
-1.149034780737077932e-01,1.837942231277592153e+00
3.411804907059986514e-01,2.234217493642722818e+00
-2.883765912360264014e-02,1.840433523254859427e+00
-3.297473348778965918e-01,2.456699861665549989e+00
1.435403821069724528e-01,2.475814928477364951e+00
7.018827852664430433e-02,1.679951248703923206e+00
-8.504186335135392738e-02,1.675872811278416696e+00
-1.885899064068509157e-01,2.391548333740167287e+00
1.029896411257919947e-01,1.346451988674049360e+00
-7.816126204619527895e-02,2.083183599717609802e+00
2.190469544994567697e-01,1.606398357508083796e+00
-3.306220936614078232e-01,2.675867822909861360e+00
1.238106468943748761e-01,1.338214057149829550e+00
-4.405299148528331321e-02,2.173610006149210960e+00
2.974753121643395892e-01,1.789027675687047125e+00
2.404270853934913077e-01,2.480310131818488806e+00
-1.167345373081572074e-01,1.840299679838728775e+00
-5.173986285960672227e-01,2.781292481646064463e+00
-3.902111433658960182e-01,1.848353972036002713e+00
-6.586060797705729497e-01,2.008732439684186133e+00
1.651452204406649582e-01,1.619371251479781781e+00
1.516176968821767446e-01,2.319657023455131029e+00
-8.514934985685244095e-01,2.206210553086738635e+00
-7.384384326099485696e-02,1.913999122206556658e+00
-3.521624555937284962e-01,1.700402593602360124e+00
2.929907147045683891e-01,1.827463877918748425e+00
-3.310776450237741808e-01,1.769404930723061486e+00
2.995060785453051988e-01,1.797825916697779469e+00
4.949226555399607319e-01,2.055113492155465682e+00
-2.202031347484490476e-01,1.320233896659403383e+00
-7.999647302874826615e-02,2.361851852577422584e+00
-1.729958175543437893e-01,2.001011795881119326e+00
2.123023864610938116e-01,1.605290701585936564e+00
-3.247678622283190625e-02,2.177730522259854862e+00
-2.783734381636810973e-01,2.071923461279020717e+00
6.466790974683392368e-02,2.086370105101994277e+00
-1.169952649857438076e-01,1.871638262029324817e+00
4.458318603893822174e-01,2.404436895223778681e+00
-3.145467328128782603e-01,1.919646488392377393e+00
-5.728555563519156096e-02,1.871161753392832416e+00
5.483283621036542099e-01,1.928711076781315814e+00
3.000803201880346549e-01,2.332138071388375700e+00
5.610143832043168466e-01,2.017505817492359910e+00
1.221503925806940727e-01,1.979537918709485700e+00
6.799283099655442086e-01,2.063873158390627349e+00
-7.733909731195037773e-01,2.270084644113598671e+00
-3.066057191961809592e-01,1.535984625864299513e+00
-6.072231013664365629e-02,1.548146071946434166e+00
2.951070535080184132e-01,1.852252376145220314e+00
1.166815447328973798e-01,1.757927874767445608e+00
-2.419054721406266317e-02,2.295465936378917604e+00
3.275024941179702220e-01,2.314171816534944526e+00
-3.377532633407329121e-01,1.006000406446303064e+00
7.287606550051940746e-02,2.051598854081884138e+00
-1.556790894055402608e-01,1.526468126448529139e+00
-8.869380244198272339e-03,1.560681636970222996e+00
1.768607103329942476e-01,2.166703641856495555e+00
1.874082306732980374e-01,1.682262298092539909e+00
7.459652375150685466e-02,1.789321510023095696e+00
-4.322910840738649618e-01,2.076125401730988251e+00
-1.149713945755523603e-01,1.816121449403297783e+00
3.187927903240254934e-02,1.655845871939713998e+00
-1.382425557088644286e-01,1.570285598531502957e+00
1.495254110705929174e-01,2.001448112578237737e+00
-6.676692122862827317e-01,2.224033774416010800e+00
2.137865436112653394e-01,2.371605543452662168e+00
-1.764259131583312823e-01,2.230616331911213113e+00
1.914803008451162192e-01,2.127407117655478075e+00
-5.985141455756428641e-01,2.331615762039263462e+00
-1.400249829968973070e-01,1.937011029358692182e+00
1.467113926141375702e-01,1.929869346235072003e+00
8.171233702582000324e-01,1.755397500423310220e+00
-7.667443298196971457e-02,1.757573725056171376e+00
6.315764832514149107e-01,2.040145729687924181e+00
-3.026231561203827636e-01,1.273640138282723377e+00
-3.472114336624994024e-01,1.844899138198317523e+00
-3.371222927324460938e-01,1.702216559242536675e+00
4.116604430711610918e-02,1.528472936240562241e+00
4.468684848713765367e-01,1.627738491741451909e+00
-4.422630220417098079e-02,1.909997210142382107e+00
1.762414100422227681e-01,1.852710365166269524e+00
-1.438162423517687638e-01,1.387917675433756548e+00
-4.968839803290022242e-03,1.853038065986157390e+00
-4.132596589661042263e-01,2.142368119957590800e+00
-1.637789317497371777e-01,2.218794632749207185e+00
-3.207367074557772590e-01,2.065170234286194173e+00
5.073597848742932293e-01,2.224104769835980822e+00
5.206856313112742107e-01,1.370300294015516229e+00
3.127083084526431356e-01,2.283675912897110027e+00
-2.902173665342753020e-02,2.108253412951561323e+00
-6.070159500517181561e-01,2.043140789231332022e+00
7.977412895197536491e-01,2.235215291790599856e+00
-1.851640839115965553e-01,2.074591076888379959e+00
8.724723651355179577e-01,2.538759778905543829e+00
4.899273630824991788e-01,1.714219456632817495e+00
2.580378658628381117e-01,1.859457872871660866e+00
8.118053626587183602e-02,1.300419468186694516e+00
-5.863499444283907236e-01,2.085450909066489000e+00
-4.299098388840142393e-01,2.149093971947588333e+00
4.622997082924145684e-01,2.348287610810809056e+00
5.665883946821902439e-01,1.492634141196352848e+00
2.065672308921978340e-01,1.639968729103282286e+00
2.443788922426135338e-02,2.294339796498580331e+00
-1.435141622419214280e-01,1.864043343439513389e+00
6.009191512998920959e-02,2.005157205204942450e+00
-4.812717247742306220e-02,2.353131840954136855e+00
-5.705653751145129959e-01,2.679319698929204296e+00
1.819060061452587584e-01,2.345079917115167945e+00
2.020605141879132094e-01,1.507107130561897268e+00
-5.241893182527266326e-01,2.007706164189865916e+00
3.880996162607823208e-01,2.201390541202820295e+00
-3.087710662172208909e-01,1.945525231367635000e+00
-1.595167705273964898e-01,2.012524087712022514e+00
-3.198811564269622432e-01,1.581077825045317020e+00
-3.847472745840132546e-01,2.281070099338382562e+00
4.905767793545506295e-01,2.063635152608095158e+00
1.346192257065785894e-02,1.876534160161286380e+00
2.563994292856738300e-01,2.229193529536017238e+00
1.012067868543183452e-01,1.815959378517485678e+00
4.699132231154329875e-01,2.517373456088400019e+00
1.151259023334055658e-02,2.606785344751333167e+00
5.320783902395705978e-01,1.678427731132309253e+00
-3.188686900544276948e-01,2.128343906585176804e+00
3.983261041766417709e-01,1.444417244283502821e+00
-2.192981322014651291e-01,2.200626913551113617e+00
-9.534734339938576164e-02,2.541541952124487747e+00
2.367483282492431618e-01,1.791562240975038911e+00
3.523955361601081027e-01,2.508358135907770681e+00
2.014717578808318532e-01,1.877153060650712746e+00
-1.030108757645874923e-01,1.880445291390175688e+00
-2.949560274544005822e-01,2.112158024494107611e+00
3.775409073684355965e-01,2.120676106131377470e+00
-9.171639456648320032e-02,2.147332185540097527e+00
5.281590828021369421e-04,2.240008510013863141e+00
-6.923839168545321554e-01,2.162292823065380620e+00
2.556730924987173914e-01,2.438332699687948413e+00
1.139950768216262955e-01,1.929099233969375771e+00
-2.892750727638520539e-03,2.116859828594062520e+00
-3.139329401912821504e-02,1.482551219962960909e+00
-1.346119020235999331e-01,2.019552379196627001e+00
2.332804833411470866e-02,2.482290239771813845e+00
3.599079846038868435e-01,2.393762555836500105e+00
-1.362990533620400679e-01,1.714114964778071126e+00
4.534518348576039859e-01,2.012096672382487128e+00
-3.043680951139818291e-01,2.402184830461344678e+00
-3.328827709704896831e-01,2.117937118808163266e+00
-1.763968072373796325e-01,2.355890388609956254e+00
1.299626895110942426e-01,1.439927172460770066e+00
3.383586066840008066e-01,2.185314027034969797e+00
-5.852982927298817639e-01,2.262244913115677658e+00
-1.160935206848644763e-01,1.786194998521383637e+00
2.346971864180939504e-01,2.074327060094443897e+00
-4.925293775796668050e-01,1.242141347816060781e+00
-1.999108327874069280e-01,2.026822746999514369e+00
3.309749615602990969e-01,2.344876092517603983e+00
3.270693846484256512e-02,2.284612123226741787e+00
-1.004332286769505506e-01,1.717438505168387364e+00
-8.114401177250075980e-02,2.143139733373775613e+00
-4.624400598610613200e-02,1.869887672264448852e+00
-3.361734689299285539e-01,1.869116585774706518e+00
-3.039087325538639139e-01,2.128935943348036819e+00
8.311225870290847584e-02,1.678963284012275015e+00
1.602047468646632805e-02,2.429509134724055830e+00
2.446618027172826615e-01,2.080095257832401678e+00
2.233489152086498841e-01,1.844899581668463684e+00
2.436956250680371583e-01,1.784582710994841559e+00
-2.108595374111587040e-01,1.847335054846087621e+00
-1.526913876911017709e-01,2.411175540543674778e+00
5.245523669800054023e-01,2.182633986936481030e+00
1.443112047196132980e-02,2.079298649403522603e+00
-5.416288760345907560e-01,1.663031945246100651e+00
4.609382449288421113e-01,2.021668992529227271e+00
6.023702565449055857e-02,2.079535869443985163e+00
-3.179978535157931274e-01,2.439236190508605961e+00
-3.452104439275645309e-02,1.549852614642628135e+00
2.188263264433761845e-01,1.360085329102989515e+00
4.644361299959663958e-01,2.257806476882171509e+00
-4.282200979364548243e-01,1.678414884736608714e+00
-5.926301101362917850e-02,1.990003710577815221e+00
4.645329697885357545e-01,1.736579079823625360e+00
-5.911422638639862726e-02,1.901699675808353085e+00
-1.864857284894755884e-01,2.043112635967395896e+00
1.495500436492867846e-01,1.855781348077900628e+00
2.381961309796374326e-01,2.521328032532155206e+00
-4.186627495929923226e-01,1.942161945776111232e+00
-4.007504961255344833e-01,2.080108010612137903e+00
1.389410681692779537e-01,2.155456634072610456e+00
5.623741838243736385e-02,2.232361268871919435e+00
-1.549293356385920140e-01,2.018611757169176180e+00
-7.460366384203485079e-01,2.053607097277633020e+00
-4.054241460963455279e-01,1.647927287653022876e+00
1.021885799263281269e-01,2.018190246112033570e+00
-6.070603758401760253e-01,1.842067212023380529e+00
2.229665422516313722e-02,1.736137389023312494e+00
-3.780813667742806694e-01,1.405117807499302707e+00
1.323085870876177517e-01,1.984291447796226349e+00
-3.947509999023172261e-02,1.758741415278391784e+00
2.612883400934796763e-01,1.815773439091860286e+00
-1.445503023777739982e-01,1.683166251344232478e+00
2.564293557500644249e-01,2.310064579909316240e+00
-2.106367585146621396e-02,1.842603857653718258e+00
5.492344462096565572e-01,2.307163912704988995e+00
1.669271965663890189e-01,2.074831404467047058e+00
-1.009375807337328512e-01,2.036264023781195753e+00
-7.761960910521169266e-02,1.295683779194032326e+00
2.593112997171533318e-01,2.299915276327558544e+00
1.027362912472131323e-01,1.822604829699745022e+00
-4.916238314470288695e-01,2.027214796015379239e+00
-3.961599465610805559e-01,2.396900959719672208e+00
7.134828863734685167e-02,1.944357384109866693e+00
-5.206490981438508525e-01,1.825301904367856221e+00
5.579420545639353080e-01,2.528679998793068595e+00
4.566509065436250014e-02,2.240230957465538353e+00
2.319008002412552560e-01,1.883681552356807121e+00
9.454809864744811998e-02,1.707594087949143802e+00
-5.784429065389563342e-03,2.132477452432203435e+00
1.977928155505037089e-01,1.681564976782571996e+00
1.493625264097589445e-01,2.059363369357286366e+00
-1.653442125710603283e-01,2.222230255940352617e+00
-3.765769086529168197e-01,2.217949982288488719e+00
2.085339357711428476e-01,2.039093570649711307e+00
-4.461442950889414893e-01,1.685459924371183860e+00
-5.548017057757599346e-01,2.281991748734029546e+00
2.361071461403000671e-01,2.301652962333596619e+00
1.447948148528256929e-01,1.805060999975206970e+00
-2.569761320262444193e-01,1.974541627571374525e+00
3.230710768360232077e-01,1.835627160848761763e+00
4.016374044066881033e-02,1.587313712359120332e+00
3.090235253042252980e-02,2.319078010130065870e+00
-4.023663494109355754e-01,1.700227557366699394e+00
6.279258897571047271e-01,2.199491175839463963e+00
-7.982118251570385903e-01,1.594173805971573543e+00
2.162866670839128924e-01,2.388600187550178333e+00
1.180019802962615771e-01,1.841171298790061694e+00
-2.923718412563181546e-01,2.302081559037106206e+00
3.058019950716107660e-01,2.191158159356050739e+00
8.473974183370104607e-02,1.662213877247632698e+00
-1.921097257803616454e-01,2.291031216877609911e+00
-2.885714741727847255e-01,1.898857457448415609e+00
-1.135572770881392857e-01,1.836292342812653633e+00
-1.375564541115707751e-01,2.246802621626295515e+00
3.484224838124879153e-01,1.568625817762482111e+00
2.377456360624863596e-01,2.261797221619558762e+00
2.458367949527282270e-01,2.250482109293465260e+00
2.302571695943929908e-01,2.116386774196727050e+00
-5.586187864072026388e-01,1.655053944615483719e+00
-5.263044630258855161e-01,1.848179719133876242e+00
-1.025376616543177272e-01,1.894369971361643312e+00
-6.575554520116422275e-02,1.787059486390152330e+00
-4.345281750097162304e-02,2.195282633928298033e+00
-8.592820205577472725e-02,1.724104578904941842e+00
-1.098835289068386400e-01,2.686338171554997434e+00
-1.616875914855215868e-01,1.622562166590637345e+00
-2.716867778141183187e-01,1.536270571988455513e+00
-9.361108035262000193e-02,1.701651682249237130e+00
3.367995051128793160e-01,1.970583697838037329e+00
3.074130033895520753e-01,2.005579498440670960e+00
-2.674770542827357156e-01,2.014899114299680605e+00
6.585928544720880407e-01,2.027486989764253789e+00
5.821530514952153457e-01,1.691971304739580795e+00
-4.426000862715573914e-01,1.835027561655814710e+00
-3.073404332908836190e-01,2.261956108112156194e+00
-5.682198909465917963e-02,1.775970605005483094e+00
4.745088035723237230e-01,2.153940081726974487e+00
6.762438976077870256e-01,1.608294703570245954e+00
-4.007735478606982427e-01,2.074122250805619849e+00
-2.972946556976310273e-01,2.011422437091479942e+00
6.023720438518163078e-01,1.704171105834489941e+00
2.002559065124956961e-01,1.501213201916990148e+00
-3.669675713001659401e-01,1.624530356544531928e+00
1.265534092028905433e-01,2.606778126727822276e+00
5.652540055675305680e-02,2.103928371532614694e+00
2.078803605996544790e-01,2.453301565801194073e+00
2.501654203240884500e-01,1.819503573472780023e+00
2.302450163274707973e-01,2.477646912161090675e+00
5.593254452961966827e-02,2.032327430333651819e+00
-7.922422100771069065e-02,2.028884520774966393e+00
-1.412187457519926137e-01,1.578981630576106410e+00
1.458585713744336154e-01,2.274037918723197382e+00
-1.142820241293658889e-01,2.080209374595761496e+00
-8.330487626593616191e-02,1.955674207850514268e+00
-2.648521395533875444e-01,2.191309534693385075e+00
-4.735189114867084659e-02,2.235725267746742073e+00
2.930663270469202608e-02,1.969212213932035160e+00
2.908166269945028359e-01,1.809821485763229987e+00
-4.576851137240359746e-01,1.981679630280760440e+00
1.022158985262332509e-01,1.750976478514736590e+00
-2.913694929351421381e-01,2.555851437060558951e+00
-6.180242200393199631e-02,2.113308450544253425e+00
2.456010531813875714e-02,1.717415222362904670e+00
-1.723420527417930115e-01,2.116203446084003126e+00
-1.297861514986400344e-01,2.446272795740505490e+00
3.828099312919459596e-01,1.872190482720532900e+00
-1.034511097181692145e-02,1.895503942149424859e+00
9.646352044444134535e-03,1.545511185324713210e+00
-1.953869654161936587e-01,1.414141828585705252e+00
-2.051255206055041524e-01,1.989444837098603980e+00
1.434361341409015334e-01,1.908767878403576645e+00
-3.249853984485470693e-01,1.903020558636479009e+00
1.696495437929752270e-01,1.929322960627718908e+00
-3.723528678577935347e-01,2.079895310999662961e+00
-1.584741292522141021e-01,1.665165459478052501e+00
-9.337457633572375515e-02,1.732963004638388815e+00
-1.515816061521961522e-01,1.777401770808348935e+00
-2.172170370398342210e-01,2.114766078224150636e+00
-2.788942365503038756e-01,1.574340658030559670e+00
-3.532438275254060067e-01,1.749768638279667776e+00
2.197416167605221581e-03,2.020303790269486033e+00
-1.176101633119093492e-01,2.006595756711922807e+00
-2.524324058571658091e-01,1.455036468986485421e+00
-9.055359711347202301e-03,2.556906582949276086e+00
8.176515011245295839e-02,2.063763753285979163e+00
4.444907376523937192e-01,2.292351482213716096e+00
-1.498704028096407848e-01,2.060338159692885807e+00
-1.172903962471131406e-01,2.082083016373830198e+00
-2.871421824854791804e-01,1.903016149293678572e+00
-4.292965830583004294e-01,2.161067739256176345e+00
-2.426790703402100235e-01,1.899980530495864794e+00
-2.023006684476956196e-01,2.041861259874580004e+00
2.943287668628652605e-03,2.363944279731623688e+00
-1.178384506102485435e-01,1.699489741975592105e+00
2.079764255982216037e-01,2.215105952018858737e+00
-3.169090910264976690e-01,2.359084083997503356e+00
1.846569259432644938e-01,2.144351815910273906e+00
-3.178269298037375221e-03,2.000099834771728702e+00
3.652912985417293146e-01,1.966969863747071390e+00
5.839333722647913616e-01,2.696259112857431361e+00
2.195866794349991269e-01,2.281795521381775771e+00
6.091684633093091827e-02,2.557426726447141085e+00
-3.174494242782898157e-01,2.432509129955515714e+00
8.509019434878162258e-02,2.024417535734910789e+00
2.314910382185478011e-01,2.113018133449839020e+00
-5.645393953003307042e-01,1.724735148261002049e+00
3.994526367751132234e-01,1.537513888380341198e+00
-3.726876993860810394e-01,1.674788982808331106e+00
-1.899373806531179376e-01,1.613943643951062379e+00
-4.591928860426518488e-01,2.266997269407211135e+00
-2.350920597790518152e-01,1.793784548968593073e+00
-3.188147175527535349e-01,1.595196935251980808e+00
-4.495347769933379922e-01,1.956601081106178919e+00
-4.769153749801795933e-02,2.828533005152815694e+00
-5.836531782916493105e-01,1.906207619551840926e+00
2.489173648710651596e-02,2.404152620205672442e+00
5.091691562574310881e-01,1.966973538383917086e+00
-9.131204654976476931e-02,2.101441531787247019e+00
1.967916537525032650e-01,1.498749228471219830e+00
-2.087415456844585460e-01,2.046039460150393730e+00
-1.541698856090675529e-01,1.860813353261650871e+00
-6.213726136139775813e-02,1.862069125827281235e+00
-4.300630657528625167e-01,2.262880062465702835e+00
1.757463960464692720e-01,1.954588756667638538e+00
-5.331434627586328738e-03,2.485885167353514280e+00
-4.239096051674347970e-02,2.352832987725329339e+00
7.038669246816342540e-01,2.387421786079567010e+00
-9.833486983995899655e-02,2.084065447505897062e+00
1.897942394366969598e-01,2.082427962420021927e+00
-3.342822322732725837e-01,2.131146965838792262e+00
1.202376091983413248e-01,1.658059217602709134e+00
-7.406312570041065357e-02,1.825308801451779095e+00
-8.327387423698140445e-02,1.653605907404937625e+00
-5.564994876462755341e-02,2.044071381540916388e+00
4.044630960375201756e-01,1.798694137932373094e+00
2.819003883148772927e-01,1.754240739425421580e+00
-1.978460970694661536e-01,1.610404504293354799e+00
2.223010598651459224e-01,1.683462642262299580e+00
1.175754039763662467e-01,1.917810178159687906e+00
1.663741740586325291e-01,2.232306316911101707e+00
-1.817454677914374095e-01,2.317035482657946677e+00
-1.839813290983497232e-02,1.997626085410985297e+00
-2.202087410438327841e-01,1.665802177478105994e+00
-1.567555756492076402e-01,1.791521959234267047e+00
-3.049871947276540651e-01,2.000527938260243666e+00
-5.707636886807582882e-02,1.827900546710627294e+00
5.379168516594672322e-01,1.986178016102868815e+00
3.943724040529122954e-01,2.220141703134024258e+00
-2.305954266580318712e-01,2.162443962169001921e+00
2.404906396384921818e-01,1.722814581960675717e+00
1.319343744962731269e-01,2.176907208203253230e+00
5.834513043703627444e-01,2.041482038604828464e+00
-2.057686826916366452e-01,1.897297139419056977e+00
5.593195204185085201e-01,1.701890353686829060e+00
-2.207022623947293705e-01,2.238936516803402998e+00
-6.937142279346938389e-01,2.169360734174674565e+00
-5.799533261984366472e-01,2.351526082670673201e+00
-1.259914648877560536e-02,1.519336422205657566e+00
3.085308686367522757e-01,1.587787438999754164e+00
-1.598704061900300399e-01,1.443328261177327043e+00
-1.466083418571827446e-01,2.195775472189426036e+00
-1.255586907813929787e-01,2.134894440682463035e+00
-4.708035581509071865e-01,1.214690659671648909e+00
4.352571679313679276e-01,2.263051784091416607e+00
3.909469588008366303e-01,2.304508740913699949e+00
2.537738911974499190e-01,1.459853820989084561e+00
1.227289190986910195e-01,2.229914474098256605e+00
-8.277583663529237967e-02,1.837575277942920193e+00
1.948232342777147241e-01,2.327031246675585141e+00
-9.618843355634616732e-02,2.304964511407693983e+00
-8.236191634697970221e-01,2.256847186252679993e+00
2.219738039708905042e-01,1.578241962554751243e+00
-2.300167819707047978e-01,2.145779412894336158e+00
-4.178511493961386408e-02,2.074684477368721858e+00
-1.399891353027508389e-01,2.049831281478356360e+00
-1.133702447151797715e-01,1.998401552782865132e+00
1.528059999891792919e-01,1.581770899775176487e+00
1.197130957221272524e-01,1.908969937748553392e+00
1.231499429821717728e-01,1.865446629616804408e+00
3.187643551108862994e-01,2.083193382748347311e+00
2.331112827077455596e-01,2.120805922188500947e+00
-8.155470395937325367e-02,2.118907780932480112e+00
2.125413352960165148e-01,2.169040067435625829e+00
2.515286567374196425e-01,2.312311594413540394e+00
4.156662457396763655e-01,1.520581589440550108e+00
1.039652401932368991e-01,2.428481426585932912e+00
-3.531824308560408965e-01,2.351384590335469760e+00
-1.456377205055492743e-02,1.515649114081190518e+00
2.311376866154750964e-01,2.233393432891631392e+00
-4.365407172792318269e-02,2.523350969913389363e+00
-5.226240906939245978e-02,1.742989554714494904e+00
-4.186201111831561184e-01,1.571597225821879551e+00
-5.707576341460999236e-01,2.120338936767356852e+00
-3.143159440106050861e-01,1.737831735758209373e+00
8.971197480552979553e-02,1.834959136743703478e+00
1.907461485464760353e-01,2.259064551770778806e+00
-8.243468875112220859e-03,1.694000039611935904e+00
1.266085355149479397e-01,2.093700413507791680e+00
1.059652132704808764e-01,1.778725856469818067e+00
2.873276924776073660e-01,1.922280128056365056e+00
3.849300837412608645e-01,1.909610071958389499e+00
3.182311824115817422e-02,2.041802722986044483e+00
1.426541505921830322e-01,2.140445116865523634e+00
4.089679123085708523e-02,1.854607839834137684e+00
8.278986122706599726e-02,2.251991432313841468e+00
6.410189466234370026e-02,2.021652843238955111e+00
-3.736784187108843636e-02,2.252681875051429028e+00
-3.085633430055962356e-01,2.032874222054421143e+00
5.246765966175573892e-01,2.433506222702478183e+00
3.401231860181757050e-01,1.406038758559879254e+00
-1.391429333831280084e-02,1.090654129664754723e+00
1.514711152955126872e-01,2.406182229609030276e+00
-2.533031332989131301e-01,1.819159363902443038e+00
4.784494852992601244e-01,2.044668202788910261e+00
5.975291451326516720e-03,1.997352363904436379e+00
-2.700877034192128434e-01,2.595806318157248160e+00
2.978352233628590515e-02,2.520158391683470889e+00
-9.505155514802930972e-01,2.232990583705338317e+00
6.080600814526896519e-02,2.157281824801845715e+00
4.588747272574053016e-01,2.120494384820879485e+00
-2.754373513592576761e-01,2.401220196250395400e+00
6.236803123635980411e-02,1.847442662703028260e+00
-7.692791373580308567e-02,2.004948087103072485e+00
1.356325850511217457e-01,2.418707046627881496e+00
2.510181880498353335e-01,1.560471764188784416e+00
-3.151882394496032247e-01,2.319376327289831785e+00
3.473000142889230424e-01,1.939836016326816237e+00
5.100972514648830503e-01,1.830865866722047430e+00
-5.418944893341178792e-01,2.059715297104125042e+00
-3.796020975842430423e-02,2.144703912471852103e+00
-2.966873158497788654e-01,1.936327966127790123e+00
-5.960180564672170472e-02,2.355272791498148166e+00
2.349946672880273701e-01,1.965200480285163032e+00
1.113939707261455830e-01,1.738735073370431650e+00
1.104163282407426803e-02,1.950326107664158037e+00
-4.354459457904296116e-01,2.451758687150539906e+00
1.560499539347630638e-01,1.723695104037415327e+00
-3.884914678320924852e-01,2.745388007725526158e+00
1.077687399448842148e-01,2.092159742617102136e+00
6.339528932931400018e-02,1.883346888001186326e+00
-1.366081062858825745e-01,2.256191419194828018e+00
8.357615313144847735e-02,2.320714971668796256e+00
-6.303863915033176835e-02,2.272631815961668078e+00
-1.818123711318374303e-01,1.720640504004066873e+00
1.117821451743410965e-01,1.523807122845718842e+00
-5.377631853503727077e-01,1.658342768754893726e+00
-5.251168385873458133e-01,1.703283180991565615e+00
1.796048471487920462e-01,2.162377474558349277e+00
2.211732805528585921e-01,1.964640497323109081e+00
4.009187232625011643e-01,1.768702329746843382e+00
2.767075659646013874e-01,2.112084020052237499e+00
6.152614477343055777e-01,1.864969287509210982e+00
2.352813597969692916e-01,1.837247699084054275e+00
-3.266104914798385189e-02,2.344754816476999792e+00
-6.012757111187751885e-02,2.084238196965454204e+00
-2.801268491898208368e-01,2.263057449397292142e+00
-6.914724928389673862e-03,2.312241845773804538e+00
-3.974028902800844643e-01,1.871979992633543421e+00
-1.856247340010281632e-01,2.334626284333905843e+00
-2.669748684275097816e-01,2.601032760302882885e+00
-1.379818037833702160e-01,1.302991891704875060e+00
-2.251975093666458427e-01,1.582477217436222272e+00
3.255000826372312916e-01,2.114797675918582254e+00
-1.199117416125165814e-01,1.726656065691411612e+00
-4.050176659170485194e-01,2.181356872488810161e+00
2.645531680495752380e-01,2.354046234720444275e+00
-2.469405114711304972e-01,1.786848163139868051e+00
2.441547771409687262e-01,1.963663704596122717e+00
4.006369488639248133e-01,2.024107932479832783e+00
4.230171718893732669e-01,2.426228356655286689e+00
1.790839850834370917e-01,1.468481347608508791e+00
-1.126831624653319291e-01,1.751982814719082571e+00
-2.415719955515156225e-01,2.177763972792712277e+00
-4.735400754746956764e-01,2.024348449754327373e+00
5.490416059399626514e-01,2.618260806280859221e+00
-6.669070986745719853e-01,1.648000230292901769e+00
-3.182491041861538750e-01,2.599923729858347521e+00
1.832184919944045143e-01,1.756200755179284645e+00
4.551806593026162528e-01,2.200423110875360688e+00
3.004991821294545340e-01,2.109222594624195146e+00
-3.033050970778921607e-01,2.351428277095409580e+00
-4.250402463964592092e-01,2.204378502443440357e+00
-1.030840807152706429e-01,1.833676464361495784e+00
4.015110722386948383e-02,1.824337249035693942e+00
-5.510320163536041038e-01,1.887264597467132932e+00
-4.485015837291768115e-01,1.781304129119114954e+00
-2.497692508130882616e-01,1.780884208240582245e+00
5.709029602242036983e-02,1.585566082870332405e+00
-1.987838607741117536e-01,1.975315011927398778e+00
-3.433016898129215289e-01,2.296146228364759789e+00
4.192238319114481304e-01,1.804228476747148591e+00
2.600051143480392457e-01,1.798294925168715030e+00
-3.821112898248469336e-01,1.945138251838285148e+00
-1.953111120128447897e-01,1.468917779201863727e+00
5.265642315951396535e-01,1.684827088719502486e+00
-1.257185357539286896e-01,1.987942492447508425e+00
3.202718696411502308e-01,2.128212288779466110e+00
-2.863754980108224046e-01,1.776172187862182339e+00
1.253572258397090688e-01,2.320848572502518525e+00
3.796436207264708429e-01,2.009219366197169343e+00
2.043379726649013073e-01,1.854208253177523247e+00
-1.124324207675627546e-01,2.265141700940581426e+00
-1.726969568225713292e-01,1.875366269478101700e+00
-1.135934401257157889e-01,2.421576509498066798e+00
-1.434359992622357138e-01,2.478641524955170095e+00
1.143024824409495308e-02,2.213601512185398246e+00
2.049141231272256780e-01,2.204443041805737469e+00
-3.031286694725997960e-02,2.174587882121155058e+00
1.968739324436825366e-01,1.819696718456461859e+00
8.941331413094751393e-03,2.020892917001130051e+00
-3.672237955226714118e-02,2.383683280611295974e+00
-2.764118797892242685e-01,2.255142073197850650e+00
4.126538441501946541e-02,1.896125087086281358e+00
2.069543582027224826e-01,2.162220273168167228e+00
-4.551699795336772159e-02,2.130781268819534890e+00
1.049926125901371327e-01,2.354480426510859203e+00
1.244043461968925984e-01,1.885368020720676219e+00
6.367681784602717832e-01,2.110055922505295722e+00
-3.240578466277651004e-01,1.992949536926774012e+00
2.146286807906309102e-01,1.671881613202747641e+00
4.998710134296092122e-01,1.518622946925524353e+00
-1.807941639039394310e-01,1.889230571047255447e+00
8.317580583482123494e-03,1.852527448953933842e+00
4.519822484239490595e-02,2.220545875715117745e+00
-6.224305805940619774e-01,2.445435239833057217e+00
-3.423252615620922534e-01,1.855247204232799652e+00
-7.285812036603496189e-01,2.011775258178569281e+00
-7.900960074694250712e-02,2.007278275576795501e+00
-4.158262363681364260e-01,2.461573582558283402e+00
-5.447487275495448422e-01,1.577976373603715565e+00
4.086408798445415741e-02,2.350657009208338089e+00
-6.110686232830697673e-02,1.532289732239352942e+00
4.089745534980136488e-01,2.142449576450407012e+00
2.879440574648891027e-01,2.372840920528243025e+00
-3.890325049734271179e-01,1.500712499994223403e+00
-1.869184539569871684e-01,2.204849367443447505e+00
-3.107528137307182248e-01,2.133278420234776096e+00
-4.845296520388947537e-01,2.269104942135211189e+00
5.475157015362708268e-02,1.836431569955399468e+00
-6.276874526843612134e-01,2.307184147817959552e+00
-7.982397428582152857e-03,2.029264159291861880e+00
1.947109210450027050e-01,1.497242225656743475e+00
7.237989255367234531e-02,2.043364937972983242e+00
-2.176000477179343140e-01,2.566153367785426020e+00
-1.721390433406458642e-01,2.731205811442775300e+00
2.779943610836880796e-01,2.095265191666223270e+00
-4.873953099807004641e-01,1.815914414489927742e+00
-4.772718459510517236e-02,2.159377287260391576e+00
-1.434476844797679396e-01,2.069552843871719450e+00
-4.078982037147220741e-01,2.162442312580937998e+00
-1.661037267523123584e-01,2.056520039259721599e+00
-2.421909390279042285e-01,1.861641689024132296e+00
8.253551884948726047e-02,1.653949251286160216e+00
4.709840837464079194e-02,1.450444342907493800e+00
4.157514087226342192e-01,2.187815431735288030e+00
4.212753909743699454e-01,2.197717844133585618e+00
4.498106113171235210e-01,1.883698940779880537e+00
-2.733480556862600830e-01,1.582257888766536613e+00
-2.715532474480381597e-01,2.418095623445406961e+00
1.699581237344892359e-02,1.788469866986811541e+00
-7.141283124544434147e-02,2.095496960829108524e+00
4.694566201573471820e-01,1.663075616583385319e+00
-7.956445386658286822e-02,2.203437972904081388e+00
-5.484624147717054310e-01,1.963160339859290060e+00
-3.979988569685247723e-01,1.861118070303811489e+00
-2.342308516160379050e-01,2.234178225367474901e+00
-5.637913559295332222e-01,1.456592698239638439e+00
-5.189323814516721978e-01,2.220983231283497616e+00
-1.523219392305408815e-01,1.760268248816573067e+00
-1.968071644288205135e-01,2.334037899024417939e+00
-2.853972519932635940e-02,1.913668303579115104e+00
-1.488480854487348182e-01,2.441575341972835211e+00
1.025746660009515671e-01,1.713831964888652415e+00
-8.785264949219202812e-02,1.759226684722224876e+00
-1.829412435652878199e-01,2.109966635542236624e+00
1.346474956620077358e-02,2.109204752702948493e+00
1.013399600523682553e-01,1.692116707801230691e+00
3.911089802788904057e-01,1.964654285475752937e+00
1.435298500449146142e-01,2.333222133514783359e+00
-5.688260145832242376e-01,1.486492446408634871e+00
-2.494310968793781585e-02,2.165326255613985396e+00
-6.141905417416505530e-01,2.186594477958053062e+00
1.009834067190560902e-01,1.734916492812663691e+00
3.691912585244617323e-02,1.880482459327786904e+00
-2.728986456497789828e-02,1.766484604960118610e+00
-1.066671604491438441e-01,2.320971497126309568e+00
-2.319870636189184099e-01,1.976377085577184722e+00
7.593604367573056346e-02,2.658048119914909968e+00
-5.608566697848369614e-02,2.282116944861240171e+00
-4.537030131626785812e-01,1.759596286829590905e+00
3.539756202474532154e-01,1.902732467927989557e+00
-2.075631699311009937e-01,1.989626877888939216e+00
-1.253488676441233407e-01,2.354390179261872440e+00
-9.563937072119961524e-02,1.730595362744566934e+00
-4.399093196476890899e-01,1.978207074770187868e+00
6.884619063621371000e-03,2.242269776971852036e+00
-2.439359612765815977e-01,2.323245802523091097e+00
2.634620754102885987e-01,2.631648154434628850e+00
-3.612624199490968580e-01,2.306603998384704202e+00
2.992276622992421919e-01,1.858798646102031604e+00
3.239285564338192369e-01,2.397796784987320518e+00
-1.820278953376980868e-01,1.946955493450084340e+00
-1.028017732422198682e-01,2.156580779761011257e+00
-3.359118053199774967e-01,1.491701178170561581e+00
6.225114685512151969e-01,1.629378758702113128e+00
-6.344019817841385356e-01,2.111468020014807045e+00
2.476373892147765710e-01,1.816070028415883497e+00
-8.924204367985587305e-02,1.885068674005025979e+00
-2.418649557664687977e-01,1.812279871273487997e+00
-3.639662654058306579e-01,2.135436520648658743e+00
9.908084060502227175e-02,1.574041789182506701e+00
-3.645574555293207286e-01,1.459860031648096745e+00
5.776977634049476618e-02,1.981151656002742678e+00
1.853460881193337573e-01,2.312520729282104170e+00
-7.391417784013462056e-01,1.626377575753572113e+00
-2.011804758790928516e-01,2.299610361942956871e+00
-1.044195374322211961e-01,1.997316196064230498e+00
5.593876225054228435e-01,2.397568621333556305e+00
-1.138689392431039560e-01,1.867225012336476642e+00
3.977507280316719962e-01,2.342504862837025748e+00
-1.130635382560053609e-01,1.862582490664144164e+00
1.077875829574491962e-01,1.999764065356308684e+00
-1.581586201378815393e-01,1.403937839735720505e+00
5.686087830788358888e-01,2.368734788603371832e+00
1.833665304530931739e-01,2.664678285383323519e+00
-4.659899097250500000e-01,2.264957649980667398e+00
-1.030262177326575351e-01,1.288646376753089573e+00
-3.477950768853124708e-01,1.988511262437172800e+00
2.725104532266466317e-01,1.946246149021605198e+00
-2.866494844829403088e-01,2.439837379821293784e+00
-4.392655390606388099e-01,2.310491602630893482e+00
8.260785078832871831e-02,1.837059326015782590e+00
2.697677919180039852e-01,2.118150958474445122e+00
-1.942750132013903175e-01,2.134553197796379642e+00
8.183152626009081165e-02,2.013866647523842257e+00
4.999198286881149644e-01,1.900192934430305902e+00
6.559974171932171638e-02,1.833022675720210160e+00
3.477210897913646237e-01,1.266444929964456234e+00
-3.155825370794033136e-01,2.019877768262916540e+00
4.346752603100120238e-01,2.220864502076250524e+00
-1.030375355014119115e-01,1.650749207847715505e+00
-3.377203324930374423e-02,1.830386038219099065e+00
-1.735301054121825282e-01,1.858922129059373152e+00
-1.869910286624754114e-01,2.244050067852146224e+00
-2.328763679202219272e-01,2.042618447487447142e+00
-5.269337329343493775e-02,1.938742416560883752e+00
1.389085682305597758e-02,1.644208217944175487e+00
-4.998564509216307794e-01,1.823593195617236651e+00
7.344475263924206410e-02,2.221777984535115991e+00
-4.895222911096069329e-01,1.935468468897102667e+00
-2.949141126988792938e-01,2.213080392565625942e+00
-4.398541643774769305e-01,1.583428831461470176e+00
1.422252825187394695e-02,2.457423856235305237e+00
1.581548270042096582e-01,1.790816788828129891e+00
-5.438769693006541006e-01,2.066552800640756082e+00
2.930793801535871643e-02,1.866217233069754400e+00
2.296361565240049307e-01,2.459436283796893274e+00
-1.141929421988829990e-01,1.866637744399174403e+00
-1.019204767555613456e-02,2.163878794997391442e+00
2.495139197490164329e-01,1.795967053644519362e+00
-1.393812272111407402e-01,2.016772211553742089e+00
2.752088966651561330e-01,2.019135747517299073e+00
-4.627088752026112806e-01,1.583971198812001990e+00
2.717723462882524754e-01,1.806674389100204836e+00
-9.215054763112762518e-03,1.849167044480779509e+00
1.184346968991583648e-01,1.786867572751663413e+00
4.092400868972423389e-01,1.902252908134451248e+00
1.300727693966207132e-01,2.216283692073399259e+00
-4.665702883416341651e-01,1.933021744673343090e+00
-2.344404623321748593e-01,1.458796392395102615e+00
3.119958032113808594e-02,2.007296625104643351e+00
-3.141126376770031481e-01,2.215416310212809492e+00
-5.332303907817958349e-02,2.105422144775483062e+00
-2.427549867143884155e-01,2.292665191606849895e+00
7.600985401030031438e-03,1.649131634485766940e+00
1.169140314523357642e-02,1.488392024518706558e+00
-6.455605517778006952e-01,1.367862893311961425e+00
5.879372465252324931e-01,1.379087896404399771e+00
2.560071539130465146e-01,2.156752209851442448e+00
2.453195305242638069e-01,1.953653991843589788e+00
-1.169653585103584137e-01,2.090011145422200123e+00
-2.441072920274489078e-01,2.106827221604842038e+00
-2.755521261599204186e-01,2.556322404329540277e+00
-8.367431628795786447e-02,2.216043810676111114e+00
-2.163779496857437534e-01,1.996667474268099429e+00
-2.508917119444899479e-01,1.841913152532265618e+00
3.270386601541945548e-02,2.213171224430321438e+00
1.077495284539928128e-01,2.141227334863936793e+00
1.619142054215247373e-01,2.500212537584187267e+00
8.948469219950874742e-02,2.207184670811441318e+00
8.978802564993972057e-02,2.399141891298806506e+00
2.672595982562143146e-01,2.310973350929325321e+00
6.221999998105809393e-02,2.176984239548250155e+00
3.760688887841343725e-02,1.684236801006171014e+00
-1.838458512019441882e-01,2.501310439673254393e+00
8.022769022618764234e-02,2.429870763905348952e+00
2.457729184531145805e-01,1.543134469074316284e+00
2.416266274322882435e-01,2.150065947521545340e+00
4.915448155380065520e-01,2.024534360714586700e+00
3.736093430214125211e-01,1.449675778744343502e+00
2.251390490125036725e-01,1.780038465779931522e+00
-1.450231906852241237e-01,2.265601271704051012e+00
4.597033013264323897e-01,2.226231791620216338e+00
-2.416721970619603865e-01,1.834897827501496215e+00
1.578758688135457056e-01,2.154654638217486262e+00
-1.990890897918198843e-01,1.998182440970077689e+00
-5.970254848471942544e-02,1.478267889572848492e+00
3.480953890789942329e-01,2.069286128220065191e+00
-2.449231467708783416e-01,2.299400104549370827e+00
3.363798148070890615e-01,2.216125049203806263e+00
-2.606173242281747959e-01,2.415548019261972712e+00
-2.433186328471481086e-01,1.972733721523963313e+00
-1.693941616512238202e-03,2.128346391971130735e+00
3.665335892431387937e-02,2.315988437100820807e+00
-4.807063682121959225e-01,2.134269562139848198e+00
-6.411067270607819779e-01,2.301585568536785864e+00
7.138886709344797188e-01,2.179810933130817308e+00
-3.936070168559263061e-01,1.918184608312463180e+00
2.744185284272741138e-02,2.329760459857015409e+00
-1.096792688932488880e-01,1.801053358797358950e+00
-1.598574028988247464e-01,2.316582690741813444e+00
-2.970509112581223854e-01,2.003245402932769093e+00
-7.484550386456850779e-01,2.083656901337196388e+00
9.048120003425195179e-01,1.892007286036511138e+00
-1.726449012971202346e-01,2.281716694768887610e+00
-3.018918497965539793e-01,1.968432845719069180e+00
-6.801248200937923261e-02,2.090892588079616310e+00
1.409185312064157591e-01,2.030644648538248109e+00
-4.543652537915739420e-01,1.959228200254236496e+00
-8.682177873250043754e-02,1.684102535416645896e+00
-8.711969959159873711e-02,2.286311622975437885e+00
-4.145139513440473239e-02,1.368901932775414387e+00
3.756632399979274450e-01,1.588672265290869579e+00
-2.370044669539155269e-01,1.958307673779112079e+00
5.695895328771558019e-03,2.154511105247871594e+00
-5.168055741376769152e-01,2.276411790394097245e+00
2.057087685425990631e-01,2.198563270466251218e+00
-1.134831432584267330e-01,1.979219082079184844e+00
-2.792783079105110589e-01,2.455774522320421926e+00
-4.635485320315810842e-01,2.249260292879754264e+00
-6.127390006880285567e-01,1.880972849077465314e+00
-3.720233195856936792e-01,1.407883146579775868e+00
-1.707659575868117341e-01,2.034510840453867431e+00
3.550748700363824950e-01,1.936505088918933026e+00
1.097234834236483353e-01,1.716897403719585657e+00
2.350323044939768916e-02,1.933384820650669189e+00
-1.618496333102070750e-01,2.020044126667713158e+00
3.592505306611876725e-01,1.578480596607464204e+00
3.991613106852153203e-01,2.244152899269984403e+00
-2.963255503986753636e-01,1.510624920754206402e+00
1.126148639897147363e-01,1.805268525610679520e+00
6.922741531874927468e-01,1.990701095473595306e+00
6.209651486958028127e-02,1.484583535250649566e+00
-1.899300860073801500e-01,2.144598381481918725e+00
-1.347388131628341201e-01,2.264054145713555677e+00
-7.155657932945129751e-01,1.771140555608289979e+00
-1.692310415553643643e-01,1.608803038560243870e+00
1.676567727467324631e-01,2.057565485203712186e+00
2.318621411669823107e-01,1.829534038616360769e+00
-4.392560874618064437e-01,2.021909496319267863e+00
-4.237016660473638674e-01,2.230283338894579082e+00
-9.430095662267506951e-02,1.782067953676700123e+00
2.083184411590786600e-01,2.355145098949428917e+00
7.637367772633557594e-02,1.360226038798783454e+00
2.746570664444087859e-02,2.085252683330665935e+00
-1.177997794876358695e-01,1.639190186124516391e+00
3.363000116649735860e-01,1.823303069201730242e+00
1.997375337884995106e-01,2.222658969381749561e+00
-2.256485886117662043e-01,2.132025768634473017e+00
2.626022868868201909e-01,1.743398690497906411e+00
4.684798543229216211e-02,2.069039352559118861e+00
-4.793610030359381491e-01,2.196205988754099003e+00
-7.135867870342552099e-02,2.443089379330068756e+00
-5.862768198158717636e-01,1.987010356352381990e+00
-2.583064502431823839e-01,2.209385099400878349e+00
9.255779587934387376e-03,2.196989756252203385e+00
9.065294374052142168e-02,1.398674312701966738e+00
-2.908923475695738281e-01,1.642030764833376733e+00
1.429348647657003868e-01,2.236415189220166688e+00
-6.811193715889567180e-02,2.265807969556477897e+00
4.061204367413309146e-01,1.920081220949733325e+00
1.846070672420458414e-01,2.570711315749921066e+00
4.280218638935939790e-01,2.408568790063917220e+00
9.741715249506841534e-01,1.778705542928260774e+00
-3.561563880259922543e-01,2.024488979671547284e+00
1.080893642715989728e-01,2.163530672436425384e+00
1.906136636613585678e-01,2.140905443396031949e+00
-2.114336591308247359e-01,2.175300695865069134e+00
6.744342991203708393e-02,1.800876915399372447e+00
2.652531963830383633e-03,1.804980329173921261e+00
-2.606784393926615540e-01,1.372947510392807047e+00
5.107103415376434627e-03,1.940503997268914649e+00
-3.322383717416813598e-01,1.688828265405275308e+00
-3.243133328217824851e-01,2.334522332945316414e+00
-1.955209974563676678e-01,1.505718599840228267e+00
7.771489068924083976e-02,2.058442576616499320e+00
2.579399683065854432e-01,1.431555881437600153e+00
-1.615364076649512537e-01,2.051984106309140632e+00
-2.591545797674859597e-01,1.575498526311108982e+00
1.226336813761971234e-01,1.876594967820435000e+00
-2.153350760454408180e-02,2.081599914191576861e+00
4.180771066995737084e-01,2.089894640793271030e+00
1.968347506274087388e-01,1.857176977702539977e+00
1.498070517536120028e-01,2.485397211860144395e+00
2.410684189655741827e-01,1.789746674203696042e+00
-6.502883345628960310e-01,1.353445902949824919e+00
3.361936448559328938e-01,1.848521786505236353e+00
3.907539400467385099e-02,2.054142432353820880e+00
6.947960945825196188e-02,2.332692146703577940e+00
-3.308550539715994776e-01,2.084707728352157563e+00
-2.143152731775396502e-01,1.427514340230660039e+00
1.684620172493259960e-01,1.822269251375979060e+00
-2.988197988909411795e-01,2.075274505185485285e+00
-4.209433638900477170e-01,2.110117437314070976e+00
4.086433677154316380e-02,1.851317209894726590e+00
2.273924070836932654e-01,1.735159962775670195e+00
-3.374697885095361838e-01,1.503291329836761392e+00
-3.803037764228126005e-01,2.645354263029724873e+00
-1.534509283677991387e-01,1.821953296391205512e+00
2.536749952779810413e-01,1.987094235084786442e+00
-5.221166355031887640e-01,2.596900847836984383e+00
1.211817474313980902e-03,1.963837080085722331e+00
5.708252163517817390e-01,2.094016435508843976e+00
1.360461300132407569e-01,1.913876883062842982e+00
3.751368297594531165e-01,1.696385264214087751e+00
1.875434984128363305e-02,1.590323412599087272e+00
7.988273321280399408e-02,2.139293515723833750e+00
6.784360160462526990e-02,2.604294909943385417e+00
2.022777460630495738e-01,2.400676655929496306e+00
1.561105922861690809e-01,2.592181349006245306e+00
5.743343466985748394e-03,2.490358614014585026e+00
-1.405389416356770949e-01,1.940465224454610782e+00
-2.588965020234710868e-01,2.268001040955234693e+00
-2.766823596071955049e-01,2.390137982760085489e+00
-3.844206438059532410e-02,1.336425189684397274e+00
1.316067888195477931e-01,2.016496207069906621e+00
-8.255857529526124949e-01,2.035692289352373674e+00
3.016579753217247806e-01,2.116359893467525399e+00
1.905911660469572499e-01,1.921013723992011535e+00
-6.758903973830574508e-01,2.562515145476077283e+00
-1.265008153646874078e-01,2.072876386513284430e+00
-4.760854013727139344e-01,1.964106541096917402e+00
-4.650745575025385103e-01,1.886670312197272770e+00
-5.995622381791385624e-01,2.060643617270559336e+00
-4.881139767566073512e-02,2.241545734287682112e+00
2.148378639234635457e-01,2.164887162653363006e+00
3.590201525459021381e-01,2.294338042780907472e+00
6.367378518094471973e-01,1.980459961809633684e+00
-2.899565747428680118e-01,2.134298317243077392e+00
1.786759012757391241e-01,1.634198963464773113e+00
-9.191346337486634710e-02,2.708201456626122994e+00
-6.777114360412174812e-03,2.415520985284382860e+00
-2.826031624675982012e-01,1.755131057805769945e+00
-3.615420989950934305e-01,1.862083686165383334e+00
2.550294555523822670e-01,1.819311905542239538e+00
2.737275839200845606e-01,2.087648884956628148e+00
3.772192914428500465e-01,2.552771506982001171e+00
-2.067895798821072217e-01,2.053998701416710926e+00
1.094349685194359489e+00,1.964344225336168037e+00
1.613776809286637456e-02,1.984425232394353422e+00
3.197371631515271151e-01,2.412813405410320300e+00
-2.878587962805345679e-01,2.009170452363936210e+00
-2.032632236536331127e-01,1.748886473974758493e+00
-2.717718026952524735e-01,2.113608727259943976e+00
1.035983872364887731e-01,2.165057034875813802e+00
-3.726179386588368558e-01,1.838479320339680978e+00
-3.412301928268944295e-01,1.685793932905952364e+00
-3.344798505890351215e-01,1.692319965062289988e+00
1.258238793346065643e-01,1.968039562298622203e+00
9.371749790494778021e-02,2.446971928905136817e+00
-3.172437904909933826e-01,1.313931422969548013e+00
1.428790720631689104e-01,1.765229469359669956e+00
-5.641068682717973598e-02,1.470649244216994944e+00
8.843226969267510562e-02,2.088713047610064599e+00
3.092511356924884103e-01,1.898468723051262463e+00
6.905281656793834655e-01,1.968515253834088208e+00
-1.609065430008674996e-02,1.983059764844187667e+00
-1.657790905568569950e-01,1.810324306584344400e+00
-3.924147610356670257e-01,2.366795646771688411e+00
-5.532562482159356643e-01,2.296549327597690926e+00
-6.149345510241540497e-02,1.807572721811810057e+00
-1.235399147765125494e-01,1.508589273100323425e+00
-1.485494160348863890e-01,2.236767523130829272e+00
-5.818512118017063646e-04,1.945321942969161944e+00
1.680348259269703881e-02,2.343328917227306629e+00
-7.902479248326460537e-02,2.325540355271244142e+00
-2.094163731959815811e-01,1.871889426839241644e+00
3.219239545857853213e-01,1.429051158289902812e+00
8.292995846973542917e-02,1.874553876951000175e+00
4.029944881333979295e-02,1.693840073919226530e+00
1.074664949056404889e-01,1.425432601604795568e+00
-9.704523017172517196e-02,1.995640805361009740e+00
5.471517894567875517e-01,1.972125840682539710e+00
-5.554101295506386204e-01,2.079022722427646297e+00
-3.071205623204269486e-01,2.000695655718357724e+00
9.326221900559266142e-01,1.251081953125191770e+00
-3.226366149909243308e-01,2.383883327207752867e+00
-4.987272189741666639e-01,1.428408095697876856e+00
2.333816343090838741e-01,2.032421916558437847e+00
8.679200843160519430e-01,1.821894930274392532e+00
-4.656879531168724995e-01,1.698260991371897344e+00
2.435626924475383370e-01,1.317904069224729025e+00
5.257320039904989778e-02,1.908357179018676630e+00
-1.682538484522342059e-01,2.209973879137586916e+00
1.970847823208081717e-01,1.727405290919648451e+00
-1.163916840405249120e-01,1.832468609677790905e+00
-2.462407677086377311e-01,1.716078222900749628e+00
2.375927868942490917e-01,1.756550331150083633e+00
-1.024398048031272129e-01,2.295860701718575037e+00
-2.739763881911880250e-01,1.703913762832187206e+00
6.217702131404468507e-02,1.565200376218335521e+00
-2.965830055415445421e-01,2.043241312609268334e+00
-9.572062395326809414e-02,1.632209979491800800e+00
3.781967933253355674e-01,2.447459426904853519e+00
-7.003934847082939064e-02,2.307217650468112335e+00
2.991543764134651714e-02,1.436283070733967104e+00
1.609438966258157355e-01,1.246295890543694052e+00
3.051040400542350817e-01,2.369269063434467970e+00
-4.089799441398033440e-03,2.092980008993638119e+00
-5.768080967657411851e-01,2.298516767174428210e+00
-2.057821837385534758e-01,1.752827392786082683e+00
-5.629150654734251663e-02,2.210373453429806734e+00
1.376508233320813124e-01,2.209292307780769349e+00
-3.071654361728174409e-01,2.227709611656962352e+00
-2.921060656369053876e-02,2.106236985557383701e+00
1.833398359663854227e-01,1.894947632903616785e+00
-9.250734727230715271e-02,1.950771732395519598e+00
8.388756403547864560e-02,2.240747302467571256e+00
-2.825365627409297531e-01,1.612521753628628929e+00
-3.624820684727594888e-01,2.296566576142270222e+00
1.717869225079430018e-01,1.954514422241516947e+00
-2.187891509579698579e-01,1.951585967084258577e+00
8.197950400224328360e-02,1.805021467523907797e+00
9.523730506248109795e-02,1.687863238346879680e+00
-2.243192172009391139e-01,1.995946843464912801e+00
7.124478551430374340e-02,1.734737885435846838e+00
-1.712366357866584310e-01,2.295939961176068689e+00
1.130389060788516559e-01,1.761003793220000224e+00
2.902059089806972025e-01,1.482952476744005876e+00
1.769411667016166090e-01,1.755486775211350547e+00
-7.441987400502778072e-02,2.216426316589216849e+00
3.720329767965616097e-02,1.705595617371107320e+00
-5.456758206768733688e-01,1.858760290435199858e+00
-2.631226709772309658e-01,1.966635485615767731e+00
1.532841212175284629e-01,2.347285809756223252e+00
-2.100967970818196640e-01,1.962636598022267531e+00
-1.138134969411234432e-01,2.090143042052294398e+00
-3.924192626241976845e-01,1.634896451970982767e+00
4.149454242849389130e-01,2.313121277562155687e+00
3.201029821723561652e-01,1.864883201291257286e+00
-1.685974028341812869e-01,1.473186181935585370e+00
-3.043042991998903823e-01,2.486187942156167008e+00
-1.436971808055571842e-01,1.629112716642448611e+00
-3.144978326489995535e-01,2.131354725165998332e+00
-5.747544859706761322e-01,1.465558753577876239e+00
1.032557122751102396e-01,1.266425625508895481e+00
-2.400452226460080551e-01,1.870271583807177951e+00
-4.594362764029733676e-02,1.913329287489312858e+00
-6.953615521095908303e-01,1.974757308203360706e+00
3.226523243581568695e-02,2.205494606153683090e+00
-3.776377603530010618e-01,2.427821984836933122e+00
2.070966822597557211e-01,1.798422301323348016e+00
4.181379357914365991e-01,1.797563064330575555e+00
-1.838095917997169260e-01,1.933082419418068465e+00
-2.418054256781026756e-01,1.745614633816138461e+00
-3.618108160794013539e-01,1.394191707210624021e+00
-6.942676752299373200e-02,1.814304949246701160e+00
-6.988634588359782240e-01,2.215132326967814258e+00
1.532798716812209805e-01,1.841618423671717242e+00
1.302431780406975437e-01,2.475589490869862797e+00
4.805263894012631321e-01,2.039608168275845568e+00
5.532171541551125227e-01,1.485509471309660379e+00
-2.304955318485090721e-01,1.704626331353893631e+00
-3.669262041756954917e-01,1.986967182632653151e+00
6.133007853618161614e-02,1.695610190219849267e+00
3.533132817380697510e-01,2.086047009508350314e+00
7.330258493664706422e-03,2.161916906084951240e+00
-2.318161582031351507e-03,2.605049739424836197e+00
5.546942827273296794e-01,2.093690075116651617e+00
3.727057433150360866e-01,2.001660913717876689e+00
1.102558806698054894e-01,2.391201102967319692e+00
2.516054143078847449e-01,2.167889911110368661e+00
-2.896817519441967637e-01,1.485153637315358433e+00
-1.140572960621882181e+00,1.977485159681173998e+00
-2.402102609885868045e-01,2.293856030852677641e+00
5.472035630580980581e-02,1.573206002072131460e+00
7.256284615588501352e-02,2.031356200044445615e+00
7.361559545398098370e-02,2.402165995178575653e+00
-3.557332164842532674e-01,2.360917683644883969e+00
-5.088821983121505528e-03,1.852699255576237602e+00
-4.882345442162550619e-01,1.809768885736348754e+00
-5.288624097634987420e-01,2.077088757406039488e+00
-2.152511921638657622e-01,2.303229197073610734e+00
2.738567957621673710e-01,1.802039895088856092e+00
4.958099730563338969e-01,2.280080539325733291e+00
-3.731697320938059392e-01,2.018400513792821371e+00
2.098354301113953546e-01,1.516189045323814710e+00
-2.798966608254793154e-01,1.998931279840269415e+00
-1.122147022661871413e-01,2.165472536873451759e+00
3.296843467380110582e-01,1.883450759541095199e+00
-2.820701794287726605e-01,1.684856446544600983e+00
-9.530643661956515744e-02,2.379259349746297492e+00
2.894817336350360426e-01,2.292694150373051354e+00
-2.885485903214222297e-02,1.659927836881881946e+00
1.039546320836838705e-01,2.119418640152333833e+00
2.915483830085677242e-01,2.159450643979929030e+00
9.307528868515559106e-02,1.966272157098118978e+00
2.009414367006733537e-01,2.836837376979135072e+00
-2.280966294380860349e-01,1.673038344024926571e+00
-2.647513911306881296e-01,1.734659087668866118e+00
7.155734006091846178e-02,1.904601147767034597e+00
2.569903687250881807e-01,1.926359436303610728e+00
2.047639141203405622e-01,2.241202151872759618e+00
-6.198287512713710479e-01,2.152113837032833654e+00
-3.166280370919138942e-01,1.797882380304114180e+00
-1.334869342200767639e-01,1.951116041169670856e+00
2.171302219575713399e-01,2.200975936898345253e+00
-1.281787002214090643e-01,1.799812079027002687e+00
2.117377996627867187e-01,1.797162765575480492e+00
8.183037804289474693e-01,2.263775915607489697e+00
-6.970022176902757050e-01,2.264405673499186200e+00
1.155035965562866557e-01,1.554153238808293480e+00
6.648414089189105813e-02,1.713427726352414693e+00
-3.037743697851967850e-01,1.732715076502731932e+00
-7.769579629468588156e-01,2.939378262653916440e+00
-7.917442332276595218e-01,2.215650265077954817e+00
-4.389656535882440758e-01,2.304715249194308146e+00
4.312510603275999665e-01,2.049811610258853278e+00
-3.009730051538080375e-01,1.919928391015824687e+00
-9.671098616139216231e-02,1.761774569112129152e+00
3.760350409233829128e-01,1.828517378757472223e+00
-1.110072962934879753e-01,2.143609754062433481e+00
-4.933596663306336061e-01,1.546863115137482758e+00
-1.211483150757300259e-01,1.868922294778791349e+00
1.191892850144420646e-01,1.618974344792775577e+00
1.055728576571505345e-01,2.177980038470689106e+00
-1.063329581971814985e-01,2.023686644132207224e+00
-9.823173972584768598e-02,2.263609864795518067e+00
5.384421292219730981e-01,1.551167148802118811e+00
-1.951062820115204155e-01,2.013064327545863286e+00
1.663623369647804773e-01,2.320068432011586079e+00
-1.785072692870374733e-01,2.093466773879661513e+00
2.165633051984236501e-01,2.110128413735708364e+00
-2.352040323468909122e-01,2.076550176774928591e+00
-2.660904630972301121e-01,2.513303996632548110e+00
-3.405793425159285570e-02,2.386651595161551231e+00
-3.244216653708083958e-02,2.327513843352939205e+00
1.733853484878347118e-01,2.149148088250970368e+00
-8.828504244784715627e-02,1.862945075149250229e+00
-1.956976010445904413e-01,2.930960476407788562e+00
6.404350493046215287e-02,1.904002726403955181e+00
-2.073181088377913650e-01,2.173794010945472088e+00
-2.618810438794846318e-01,1.373828239729838252e+00
-1.200841262532318099e-01,2.412204117262118253e+00
1.755273612443620027e-02,2.195537794405753917e+00
3.706313657211908197e-01,1.442963712323373837e+00
1.265811495578130774e-01,1.374561345777567389e+00
-3.213433760475766232e-01,2.156837690228158078e+00
-3.435319082733594431e-01,1.520691024419376092e+00
-2.483563839501548853e-01,2.795691292876328227e+00
1.903517745779544357e-01,2.152879656625203086e+00
1.382401840611241772e-01,2.093646499131789351e+00
4.115760807092652684e-01,1.456189751571587809e+00
3.048395900803558822e-01,2.646841791634148233e+00
-5.985963688058392775e-03,2.211801205450572017e+00
1.922723707640969226e-01,1.507138635030530693e+00
1.118593420058606874e-01,2.117939814184787384e+00
-1.190601318229586592e-01,2.175386065431048177e+00
-2.766391032651810966e-01,2.113571174096902539e+00
-4.453167406449322629e-01,1.682602528237757689e+00
4.842248746517782698e-02,1.427601225034112131e+00
-1.395788836806073352e-01,2.125119321899991309e+00
-8.765103033383192521e-01,1.943076701402017603e+00
3.918141009785766071e-01,1.627703544285242554e+00
-2.924255591698375345e-01,1.420413338367744860e+00
2.144242163023672987e-01,1.752459921616988492e+00
4.036505251042996067e-01,2.451045367227506322e+00
1.723503976773648749e-01,1.953950174704579545e+00
5.206786023589176082e-01,2.052485135888716616e+00
1.385110874576576945e-01,2.249472480304395727e+00
-1.554833065030880417e-02,2.228688511283157592e+00
1.325775773539928371e-01,2.424306894781451227e+00
-1.197175926004018648e-01,1.553040298572580413e+00
2.163057025627126151e-01,2.672760741140715268e+00
-3.108207463799471659e-01,2.325071741830180283e+00
2.254902439280507820e-01,2.189450750499158715e+00
-6.096294734618948885e-01,1.869529007119382191e+00
5.368370366957327944e-01,2.075166641315675964e+00
-3.775385171134200413e-02,2.466223006982695587e+00
-4.864469713865983147e-01,2.055518146016386272e+00
-1.279111370988909036e-01,1.527493845139299422e+00
-8.369492494713702546e-02,2.016059394484045697e+00
-2.494486024518081935e-01,2.086031353651377263e+00
5.022243868026861069e-01,1.690272693277046434e+00
-2.078344325746648014e-01,2.281496601180013961e+00
-3.667784494330258438e-01,2.032921005790331304e+00
8.831043826315815304e-02,1.843423573645875724e+00
-1.019301956205186793e-01,1.765232841477022196e+00
-6.811760679858533396e-02,1.645246285517173224e+00
1.251191986375707957e-02,1.443430288022207630e+00
4.286610093411814537e-01,2.060136102221571175e+00
3.206834719282176671e-01,1.806452887394779827e+00
3.115724732675198907e-02,2.448416111301174869e+00
1.595472501676657995e-01,2.149896863951342940e+00
-2.929740799928758355e-01,2.526440407031513402e+00
2.415883778658369785e-01,1.625350493399439600e+00
-2.736658701542661332e-01,2.183549470274817939e+00
-1.426507988478298294e-01,2.120537631664639378e+00
6.781427173694496435e-01,1.601531356591374466e+00
1.059702565639129845e-01,1.749960929678318955e+00
5.816830124748034736e-02,2.188762529796876244e+00
7.520634651483468769e-01,2.608700606274025890e+00
-1.184303946192888368e-01,2.058915233147798673e+00
8.868077123930339090e-01,2.447532642008561243e+00
1.003438402181563438e-01,1.925289000697411490e+00
2.812998611142943917e-01,1.887514192520834078e+00
3.242185619503155092e-01,2.039339083483016068e+00
2.555379923337914097e-02,2.143089327832696345e+00
-4.096477605874503797e-02,2.002585550918180246e+00
2.417299111933045030e-01,1.862191802287933573e+00
-8.512795005638852386e-01,2.271610058076092731e+00
1.777006482926113753e-02,1.851145088415579343e+00
3.833962028352322915e-01,2.320448901284532184e+00
-7.478172270779367414e-01,2.039080408858418902e+00
-1.255296166904120436e-01,2.011872969677919176e+00
-3.058567344968719515e-01,2.141028960933862191e+00
-3.663864771189153102e-01,1.713744884559831094e+00
2.803834191983260449e-01,1.796779667322952356e+00
5.883805950211936503e-02,2.508867722715084625e+00
4.109382367915805356e-01,2.017659311804091082e+00
-6.952237408146182129e-02,1.869555943768171913e+00
-5.167760233974595385e-01,1.766981763641644942e+00
4.171787523235084283e-01,1.984775517585540161e+00
5.748524789819438041e-01,2.104984098626299538e+00
2.759258481767746241e-01,2.313667081377347223e+00
-2.022213987378163602e-01,1.674515378918785435e+00
-1.692110022217479526e-01,2.391201584607002495e+00
4.128379262213197065e-01,2.414107476056729595e+00
6.731346896901294063e-02,1.972018681774305282e+00
1.702628563455878177e-03,2.428812607115196531e+00
6.426056564341977584e-01,2.298100069960280933e+00
6.067623919776061331e-02,2.133652194103829558e+00
4.346941631769930814e-02,1.576169358645747698e+00
-4.084984032658654507e-01,2.200280855873634867e+00
-1.423913723924983277e-01,2.066865589668384295e+00
1.630656029515896999e-01,2.355015760769614275e+00
-2.925675625302947003e-01,2.069843863783155324e+00
2.572518506379525283e-01,1.471473074228819344e+00
-6.269985862225833095e-01,1.883904322298885825e+00
-1.513616787932681174e-01,1.854113217809119751e+00
-1.659840706763881790e-01,2.078481497910597220e+00
-1.773122243366442308e-01,2.125498189302013952e+00
4.294580938686341498e-01,1.614106410237800882e+00
-2.374233737897640251e-01,1.562280225039976767e+00
2.390933024833059306e-01,1.379602274299597475e+00
2.198971670719009897e-01,1.881323300873263049e+00
5.014445202023807280e-01,2.228595682374883591e+00
2.683769152751234177e-01,1.926117365526554437e+00
-2.494347983971816340e-01,2.099480588092784039e+00
2.364039087830127062e-01,2.232259685506538194e+00
-6.818215704481460360e-02,1.962498793755595550e+00
2.655934173914944324e-02,1.755223481546532183e+00
-3.106838150470448423e-01,1.620339027150607292e+00
1.094941760340296666e-01,2.347786118264393984e+00
-2.613788046136636956e-01,2.489896445336188702e+00
-2.757294086624219598e-01,1.995440911654934313e+00
-3.743292965315459520e-01,2.437402971139243313e+00
-5.861573247588423158e-02,2.007058809079727890e+00
-6.489009539301118235e-01,1.712755963546857663e+00
-1.048870246032607562e-01,1.960671795330622524e+00
-2.975455126534214956e-01,1.989259587212534708e+00
-1.442857384368271823e-01,2.175006690014456456e+00
-1.341117635703118205e-01,2.159673003544355652e+00
5.587825324282903461e-01,2.748665846018303327e+00
-3.644539415111026082e-01,2.064886405410154335e+00
-5.281925898625969285e-02,1.546254654286678187e+00
-4.008396590664956571e-01,1.937435132197443899e+00
3.155561410805308910e-03,1.757008707948117809e+00
8.552404633421027691e-02,2.192772455294500489e+00
3.582614431669668420e-01,2.376690137491157095e+00
-5.098186776744600274e-02,2.556915170009442573e+00
-5.161629176557969156e-01,2.640239058664460181e+00
-3.703527579290372129e-02,2.125059226835196213e+00
-2.671108158382679565e-01,2.133144497393446137e+00
-3.686336816943738826e-01,1.551208812535838089e+00
1.176508207009164531e-01,1.758184455204019336e+00
-3.675587788094994979e-01,1.972903840197167913e+00
2.289279882928750010e-01,2.401110204172443030e+00
3.701548305497419644e-01,2.053167350478601438e+00
2.781029418278211929e-01,1.944822787268399855e+00
1.826362802293202137e-01,2.054089270135237566e+00
3.464983721176022324e-02,1.608905970375174466e+00
-4.769614522217156122e-02,2.051984723839583857e+00
3.061201484626965841e-01,1.966768753885103749e+00
-2.406763472774576043e-02,1.870792442256977717e+00
1.007724219967000567e-01,2.406642887568896327e+00
6.596437764151491523e-01,1.582917014779473330e+00
3.152093470893149174e-01,1.703240775146422026e+00
4.805601368987256344e-02,2.473472288802047725e+00
-2.103782236160330887e-01,1.415816365059456627e+00
5.185541607348458371e-01,1.917198445718928168e+00
1.006346783532938494e+00,1.677495019106913121e+00
-2.631604530730939986e-02,1.951476804596675274e+00
4.561672325625439894e-01,2.237075195001185346e+00
-4.582778074682933300e-01,1.764713139330457592e+00
2.046866384803872341e-01,1.893721387026029657e+00
-5.521975162451153024e-02,1.402264043261086890e+00
3.093584992937494782e-01,2.028920645394699740e+00
2.954318175754345188e-01,1.862640639305369383e+00
5.202190992089228416e-02,1.796682451545435599e+00
3.890150973000709445e-01,1.888968624965450260e+00
-5.147680326481899327e-01,1.472978224556751758e+00
3.679152744856301616e-01,2.222857461650587396e+00
-2.489573264127881713e-01,2.370737079190725183e+00
-2.927638173569112046e-01,1.880655977481485275e+00
-7.494951046536503236e-01,1.605267551460104913e+00
-1.614467009046534896e-01,1.835123879704842587e+00
3.624983669781969287e-01,1.697887035579005666e+00
1.270384698909350907e-01,1.997905625654210926e+00
1.320102881733482003e-01,2.397489799638697239e+00
1.115345112487215323e-01,2.480875685252848406e+00
-1.096275345380772898e-01,1.265957170378262386e+00
1.165917493639496288e-02,2.697903952970531982e+00
-2.153822466140508651e-01,1.839477812304711080e+00
5.404465133759395190e-01,2.294357840823781913e+00
5.142804923760049829e-02,2.067786112197592008e+00
-5.656269746648624475e-01,2.027101149777523759e+00
-3.792452698600090599e-01,2.442511447869632146e+00
-5.529260896337732240e-02,2.111839880703580530e+00
-4.954296484480050222e-01,2.311211593509554518e+00
-3.233694283533134484e-01,1.857438211257427252e+00
5.797271713550742334e-01,1.819934015361543533e+00
1.861062537253930227e-01,2.756465549775369173e+00
-6.421092971873098021e-01,2.241790460730777923e+00
-2.943561426094936651e-01,2.020514594490498084e+00
-7.024496870903548795e-02,1.794974589695686573e+00
1.441395659217446223e-01,2.207459501014868319e+00
3.414752715160290775e-01,2.005222463533970156e+00
6.201636989426382307e-01,2.324270674264811376e+00
-3.232395153652355413e-01,2.247155107618990399e+00
-4.477836778350234859e-01,2.005931486687063448e+00
2.306563608516060127e-02,2.228557797195875434e+00
-1.272579669042440687e-01,1.897729818973176608e+00
3.006621539252148367e-01,1.997874752868787462e+00
2.676057626735988682e-01,1.785071189729163788e+00
4.544308870566551306e-01,1.779976952262807943e+00
7.027561282882976990e-01,2.183158293864542188e+00
-3.795908271259615385e-01,1.921775927772209291e+00
3.381679049497771650e-01,2.283122131038731961e+00
8.627150383817847046e-02,1.793402911924909970e+00
-4.159023873326760934e-01,2.145857540199261226e+00
1.940924004872012498e-01,2.231632058582964984e+00
-1.620247316681540650e-01,2.009686423673923805e+00
4.600904559735491950e-01,1.566168297129609366e+00
1.240528847481101905e-02,1.615979150448724422e+00
-2.932973559912600003e-01,1.754042203806183364e+00
6.766186141453175429e-01,1.815009533888604087e+00
2.895458515788202902e-01,1.742230619013744208e+00
4.262044662219751090e-01,2.429772278522049245e+00
-7.760085062059761396e-02,2.627131550406015315e+00
-2.508021949557271979e-01,2.189291285254847619e+00
1.683607481748178036e-01,2.679791599578845496e+00
1.607076856450990188e-01,2.100023860852247459e+00
2.493546208551082888e-01,2.664460497154317320e+00
-2.820718554242865328e-01,1.658654495737906576e+00
-2.868521559753089423e-01,2.073108106909895554e+00
5.488057115339546321e-01,2.284154277056026139e+00
-2.728282827662325549e-01,1.963632216559358490e+00
9.831934592377187740e-03,1.861121187457087878e+00
-3.488122265513217135e-01,1.590150120691678826e+00
2.740772261478428493e-02,2.279928983332646819e+00
-3.028664192049080328e-01,2.057151689881894452e+00
5.300319508098727539e-02,2.327928063198640096e+00
-3.624794090587257767e-02,1.812034648241004575e+00
-4.790993139770454157e-01,1.757372048424714617e+00
5.175744008030302989e-01,2.365470492676446046e+00
-6.282986248591879708e-01,1.760918439026273097e+00
-2.684382716752656273e-01,1.979879181060898663e+00
-1.103581891591321890e-01,2.132293257386935981e+00
-2.757842934097141235e-02,2.272898053940504148e+00
-9.165444928880175923e-02,1.839002878798134510e+00
-2.338042416601111007e-01,2.169359681384205096e+00
3.132274385171150421e-01,1.926222206759566902e+00
-5.880579004373494012e-01,1.973945849515021500e+00
3.483024203686342912e-01,1.736295604211932631e+00
2.633573414792678147e-01,2.085075966408874049e+00
-5.003172761645918731e-01,1.911605658750730408e+00
-4.421404991137996288e-02,1.866254931182215637e+00
2.634106857094598575e-01,2.085099947587920166e+00
-2.036062618994364387e-02,2.102264587961466535e+00
1.667116721161414350e-01,1.998676301337934724e+00
-3.734119111572286598e-01,2.343316547361743662e+00
1.868146074448652494e-02,1.988958712180388000e+00
2.555828672148586778e-01,2.068956297372645192e+00
7.824060699727729273e-02,1.970311746189898017e+00
2.229777660687855545e-01,2.134127850575237240e+00
-2.217334096029394963e-01,2.301985515716462150e+00
3.120383847425570178e-01,1.983661586434567692e+00
-1.187870367835341945e-01,1.954127220169626034e+00
-2.792979453216975494e-01,1.538675847622757331e+00
1.019913671340848399e-01,2.346856446048770639e+00
2.328951993910810536e-01,1.963561031622241160e+00
1.958363946408582246e-01,2.160723424356639111e+00
-1.161395027361534493e-01,2.459746295262809745e+00
-1.469643004008790999e-01,2.102112533322064714e+00
-1.342393187412034838e-01,2.102499384762896106e+00
-2.455088653600559501e-01,1.902863235105692663e+00
-4.039493083695713804e-01,1.726704586953284881e+00
1.972285646374667134e-01,2.359865119889737795e+00
5.532802162219893072e-01,2.292653691388870651e+00
4.096474438413990615e-01,1.788751387837284712e+00
-2.163151652125649971e-01,2.363695398388198310e+00
-2.591318351644329721e-02,2.178400856182042933e+00
-1.856185122989331970e-01,1.844627686805847988e+00
1.990931752377263775e-01,1.921989456931819218e+00
-1.346259112722992257e-01,1.952496256092643101e+00
-1.718281196718047521e-01,1.641354007062776565e+00
-4.234090358725186021e-01,2.522935313663344559e+00
1.464987620901950227e-01,1.622063714819877545e+00
-2.399429811310721528e-01,1.893239901652361779e+00
-4.502874618047950084e-01,2.626999786780555901e+00
4.594645999546604909e-01,2.238656229837688194e+00
-2.897505984697017478e-01,2.386431058537759498e+00
2.261771512914889926e-01,2.112178905350658997e+00
1.572775424617668116e-01,2.290051247447423943e+00
-1.835907150621439998e-01,1.814598806410350873e+00
-6.120841802301016932e-01,1.712158066302301940e+00
1.517653089388011078e-01,1.832112124626744443e+00
-1.005982968865013899e-01,2.142359134644735708e+00
-1.062576398395785882e+00,2.185152027560910870e+00
-1.893693663828266427e-01,2.345371081044875350e+00
-5.800654086951335248e-02,1.955208012208660362e+00
4.841709232323064827e-01,1.887374312905391038e+00
-3.700313683220899930e-01,1.861158855303281179e+00
8.460760738548629700e-02,2.626486707806526599e+00
-1.362230420642773498e-01,1.692350372341011155e+00
7.694405859625226551e-02,2.893309559343677062e+00
-4.707083088490428557e-01,1.860586881378089030e+00
-1.264690159588546248e-01,1.551773624183160338e+00
-7.614008481829979136e-01,1.940719990845736431e+00
2.504787274002947539e-01,1.980898967425592572e+00
-5.919729856701457654e-02,1.992774980311998512e+00
3.375103208447084446e-01,1.777839982828216758e+00
2.477424226725671585e-01,2.067950834308239560e+00
-1.491791130926312277e-02,2.382170337371201541e+00
-7.879944922922764439e-02,2.148483595790414036e+00
-3.153987923228942503e-01,1.518964049305229658e+00
-2.625908895219006833e-01,2.279169259385012580e+00
4.473096687613751787e-01,2.041655822479966353e+00
2.950372642233881071e-01,2.004648255037430271e+00
2.767870244451909878e-01,2.408091104564350271e+00
-3.406767207477339604e-02,1.890200135962056605e+00
-1.851524330678572805e-01,2.050136054226830762e+00
4.691271335473062298e-01,1.638965773782237623e+00
-4.163732001204806243e-01,1.354490253677859801e+00
6.081224467210805118e-01,2.092993406232900533e+00
8.391530971682339968e-02,1.609723140783277717e+00
2.266523444693027967e-01,1.865207124664008287e+00
-5.549345109373980955e-01,2.063016333821807713e+00
-1.818926346372262970e-01,1.670102636362415183e+00
1.497830793679499339e-01,1.994161712642910089e+00
-4.046075080604161212e-01,1.812775419556292622e+00
3.231009340925260903e-02,2.018527581055524767e+00
3.763428096238763138e-03,2.163509982473313720e+00
4.961354421362647038e-01,1.911375020582943174e+00
2.867161327868599299e-02,2.261210133236724928e+00
-2.451417447937387362e-01,2.104029156159232361e+00
-6.783605887623050945e-01,1.843283926057092570e+00
7.997636928776070964e-02,1.021038462498657040e+00
5.742991708008574614e-01,2.273486219558757071e+00
2.331920700929172585e-01,2.108950397131566401e+00
1.122484550942725035e-01,2.193876785602303148e+00
2.083355414150631635e-01,2.279033275257627444e+00
-3.411946842736827135e-01,2.309177521183238824e+00
2.704278582530914021e-02,2.268940649696439049e+00
1.496781301752573567e-01,2.582784949888067949e+00
2.380034552990446250e-01,1.775321180635123675e+00
3.691361317093579397e-01,1.522575439382162221e+00
-7.732214709127839536e-02,1.638221542034407063e+00
-6.940380975226910498e-02,2.346744892943465111e+00
2.115895690462097911e-01,1.730044738724393127e+00
-2.184961670163422173e-02,1.704529561834145834e+00
2.584712562417752491e-01,1.655896444774453080e+00
-1.075217327933749717e-01,1.659992431720046069e+00
-1.736888537528187559e-01,2.173806708011015942e+00
-2.860579073748251711e-01,1.729190607470297625e+00
2.912673954121717812e-01,2.323361672211748719e+00
3.754201061175287402e-01,2.039383017911960749e+00
-4.862199250094251801e-01,2.181344026819500570e+00
-1.242976578487957617e-01,2.312951999758511068e+00
-1.993220780649983814e-01,2.479012956989656402e+00
5.770747682961709923e-01,1.960620871949968702e+00
4.773334118701027529e-01,2.186703910922361160e+00
6.015416762149429220e-01,1.637599042629565682e+00
1.634644716151150701e-01,2.123853889360810765e+00
-1.184121337075081520e-02,1.817598219087355194e+00
-4.801094491209392801e-01,2.020831793969223966e+00
1.036355160994063829e-02,1.742815955533340233e+00
-4.636292250684773131e-01,1.917852570820970826e+00
2.904550830582668941e-01,1.624262984151929601e+00
4.540676739209240087e-01,2.532701619036304308e+00
-1.481260226485049680e-01,1.594500855640609283e+00
-4.825945349335920009e-01,1.714344419381134799e+00
5.262785296563804449e-01,1.846505122341601801e+00
-4.832865778460774253e-01,2.080785082230904859e+00
-9.036482022457743846e-02,2.032038977707606886e+00
9.169785197039945213e-02,2.020107817057729793e+00
2.777083903515088492e-01,2.328762805821578574e+00
-2.049052367961345378e-01,2.241477074121097424e+00
-2.448110420736673565e-01,2.118252471035277473e+00
2.403689412665264147e-01,1.625307665378057376e+00
9.119571155627052839e-02,2.868237928884140864e+00
-2.970491598128956467e-01,1.820497836497669386e+00
-4.338836810448074011e-02,1.710227670609212991e+00
3.413830929607455378e-01,2.307328789930081836e+00
-1.417068350849637337e-01,1.841016702153598805e+00
3.089597750531637987e-01,1.740762691460113754e+00
2.478042327016546642e-01,2.503543029560755695e+00
-1.777527696865927875e-01,2.325858755912139753e+00
-3.652922008140873089e-01,2.291093150444055482e+00
-6.933849636599975774e-02,2.186929291396914721e+00
3.435419263011673108e-01,1.893058552660625393e+00
4.867205529914518658e-02,1.781944666237784691e+00
-1.681914459026143394e-01,2.398800102707955961e+00
3.983920690022241251e-01,2.118674446748766815e+00
-2.075224567230874728e-01,2.215601115373331709e+00
9.929791950012339941e-02,2.157535633564388711e+00
-1.940549131741778344e-01,2.244858640252811455e+00
1.016432947227309397e-01,1.906405961971666674e+00
1.274866986156823478e-01,1.431719988583123548e+00
2.546890796482681463e-02,1.964005489437474328e+00
-4.311875119301126214e-01,1.550044498762076506e+00
-8.906769506746822773e-02,2.174425527369924005e+00
9.521403239310056998e-02,1.743371452070155092e+00
1.910546387815550626e-02,1.529724541959850637e+00
-3.127723988650151776e-01,1.928494429103871033e+00
-3.348903617359245688e-01,2.225880225456930539e+00
-3.789301875186636137e-02,1.643155516244185099e+00
2.087536527294135136e-01,1.870639306455144757e+00
1.402408323365318329e-02,1.558952735475106266e+00
1.821710433263573972e-02,1.469936962347335285e+00
2.415930280625712967e-01,2.260117806169867016e+00
-1.205122106506526652e-01,1.324658778598125197e+00
-3.954098010012682129e-01,1.235350551079519299e+00
-6.106412053446161892e-01,2.104390887675586796e+00
-5.551632266554763773e-02,1.897156533980143500e+00
-5.178990441385181720e-01,2.212974499388367544e+00
3.702182558159509695e-01,1.779715202709614141e+00
-4.111425698972150378e-01,2.068329181019341156e+00
-4.889486189890718260e-01,2.025808012949914527e+00
-2.059223533398902434e-02,1.944326741625128863e+00
-1.275408473272033050e-01,1.895920830277240565e+00
-2.830939915680237839e-01,2.122237405387612519e+00
-4.652780536671548561e-01,2.378488337379458972e+00
5.123803485226238186e-01,1.859352967628836062e+00
-2.294861258740637511e-01,2.220644535571317579e+00
-3.519155486753168804e-01,2.346899346260826302e+00
-2.536733534508614496e-02,2.576516812393339961e+00
-2.500049837770537131e-01,1.996329177268344246e+00
-5.731649136951447732e-01,2.105887863344964472e+00
-6.022207611376977354e-01,1.936091812762657849e+00
-5.805335859437955187e-02,2.597588561276650498e+00
-8.360415300137291270e-03,2.292248371851859812e+00
-1.279611088546974557e-02,1.533562396035358599e+00
4.462952801235600675e-02,1.896910105102743938e+00
-2.424627098853955054e-01,1.540774747813466572e+00
-4.004069681508067857e-01,1.980562430107380756e+00
-2.699885386999024139e-01,2.173368089897200761e+00
2.004506723250116251e-01,2.237172857229711820e+00
6.587505678482376004e-01,2.184997748279661423e+00
4.189584235588766359e-01,2.375628466799555305e+00
-7.327510521308658320e-02,1.540726845331780392e+00
3.292036718168546150e-01,1.842747521141378853e+00
-2.628216613149774727e-01,1.738305365529641655e+00
-3.737168653630206783e-01,2.092533235586333973e+00
1.814667486727445100e-01,2.269693086472462706e+00
-2.612416585843319733e-02,2.120578934852158870e+00
-3.970643454369612163e-02,2.542717040293765773e+00
6.001418130805677431e-02,2.031160970816236588e+00
3.258019676656166985e-01,1.734301033113028634e+00
5.444794787404095837e-01,1.935394057244615773e+00
4.010518234047230623e-01,1.668695630848875400e+00
-2.847947940143462087e-01,1.800183309000892296e+00
1.322305535727004988e-01,1.222513329989355579e+00
-3.215267585376891391e-01,1.825630191357400456e+00
7.992404683979167923e-02,1.495694213115488225e+00
1.057595042819131853e-03,2.578643348455059048e+00
3.100850162940491095e-01,1.565084246718652761e+00
-5.486183801659823972e-02,1.944241343028943581e+00
-3.652422962339215706e-01,1.955438512343194324e+00
4.458230436398669116e-01,1.841766270836000530e+00
-5.515345163622528690e-02,1.888447980247947466e+00
-2.022075056381537062e-01,1.491308266154143247e+00
-1.587604262930755183e-01,2.093875532437637244e+00
-3.171705212172012400e-01,1.780030853890968379e+00
3.498755595923412343e-01,2.684509508362586505e+00
1.273883061589847487e-01,2.486897769920327850e+00
1.182316606040016704e-01,2.227292656146760308e+00
2.780035600769793502e-01,1.967668677912155051e+00
-1.848502924425536320e-01,1.930133459183648093e+00
-2.828096413920797580e-01,1.502982352451234016e+00
-2.579512141624581423e-01,1.838054449262247703e+00
-4.467431532666219507e-01,1.611091814859143545e+00
-5.218917961438298558e-01,1.792031722757049916e+00
2.171961985457318278e-01,1.938699357454245265e+00
-4.992732687849503748e-01,1.923898921896761038e+00
-4.236573524802184076e-02,1.668529370783105925e+00
9.361541815508918341e-02,1.995726540048326836e+00
-1.696918747543822437e-01,2.151806249388093839e+00
-2.578259434548657025e-01,1.395754520003608334e+00
-4.495594109825712947e-01,2.022261411346470528e+00
-8.932383026743623278e-02,1.574248723637135861e+00
-3.020834295931915103e-01,2.469968411779849493e+00
-2.652807785872974833e-01,2.133850861182748471e+00
-2.079695263886512102e-01,2.401328821564881810e+00
-7.206880031325342550e-02,1.323795322403543029e+00
-1.622903803629565656e-01,2.114531965987421547e+00
-3.153681675856171429e-01,2.026338732752664296e+00
-3.329031406861280296e-01,1.625030225329163969e+00
2.723907954172411980e-02,2.518783104556586050e+00
-2.927940704795108928e-01,2.117711077033645140e+00
-7.370805028538181258e-02,2.288604653163166969e+00
2.027556828387274968e-01,1.635589749582606167e+00
-1.578885826317727448e-01,2.142704700423664121e+00
1.540994448772276260e-01,2.222076061951001602e+00
-7.690597631916119559e-01,1.387051795432131307e+00
-9.533698594310535679e-02,2.001492590278263872e+00
-2.855689382511562568e-01,2.459077606621436818e+00
2.100516423416311229e-01,2.147025175396712893e+00
1.401127439896264204e-01,2.463818367711648083e+00
-2.943174506592095840e-02,1.575924903426526580e+00
-2.407513101220993823e-01,1.632849482676078434e+00
2.510780645754539520e-01,1.672672497327856167e+00
1.617899637064868501e-01,1.727898565927386887e+00
-6.119077461124275974e-01,1.971406973592156442e+00
1.113133969559930575e-01,1.841824693364420673e+00
4.082339633281671931e-01,2.120972254359973164e+00
-2.857730406540568424e-01,2.135301547052114390e+00
-4.670736590786504494e-01,2.276851174243573528e+00
-2.246104357955725217e-01,2.508765234627365892e+00
4.063342742955996512e-01,2.281174446932826338e+00
-8.269901687802506951e-02,1.971937214744864830e+00
2.118403532200390516e-01,1.805273725266549611e+00
-9.962465463330408277e-02,1.400879715068245046e+00
6.732089142152561378e-02,2.262498195860616956e+00
8.323237589024654048e-02,2.299266570553232025e+00
-2.116141001420943774e-02,2.001894557348170345e+00
-2.092048478839870496e-01,1.913281089723795292e+00
2.180437823024389959e-02,1.658557855321864505e+00
4.164802324676856737e-01,2.325529912346703032e+00
-2.646025010858760185e-02,2.158405505523753209e+00
2.731276439356858932e-01,2.039851229591663540e+00
-3.254130976163285838e-01,2.276928410448147311e+00
7.389400682694516886e-01,1.808385488156426302e+00
-1.452008805140416470e-01,1.489914748031929470e+00
4.830546385840648327e-01,1.663350784009398842e+00
-5.234540415104405042e-02,2.711529879124066067e+00
3.263677329952305861e-01,2.428437865396237072e+00
3.979702783935996635e-01,1.692573956865946805e+00
3.599594460595674783e-01,1.867381579193091001e+00
-2.644546838146270562e-01,2.052175105649022946e+00
-4.899041064766626041e-01,2.250948776278768548e+00
6.820589370626251036e-01,2.232876277097404660e+00
1.072068617685482811e-01,2.205050473176090708e+00
1.302311002372915916e-01,2.606117647051970021e+00
-3.636825499951438223e-01,1.710553389494757770e+00
3.696743703716859897e-01,2.024120249547181505e+00
2.540671896573160060e-01,2.123559400992936830e+00
-7.258557230900861690e-01,2.047544610867557680e+00
-4.301052212254893869e-01,1.943624463610423625e+00
6.306273300529278147e-01,1.732564885383564013e+00
-5.080248496996518925e-01,2.138794824265739525e+00
1.660458171108304404e-01,2.379035340523416586e+00
-3.875355189268037126e-01,2.002941548585072784e+00
1.263408339815600967e-01,2.386550960631501628e+00
3.724117422512946418e-01,1.579232229975853441e+00
6.023205904341556449e-01,2.172339321459416883e+00
-5.394769440143359907e-01,2.049060461724875992e+00
-8.119162505781864214e-02,1.999667912810527470e+00
-4.043766604640876006e-01,1.940880796935858355e+00
-3.830138210079445105e-02,1.802018705981951907e+00
4.814897926398213346e-01,2.264484524937453447e+00
3.712369848324116595e-02,2.475885321907019598e+00
-1.331529734680989008e-01,2.265873090664207279e+00
4.057400265789415927e-01,2.073030762605590827e+00
2.353710174954419809e-01,2.086810353720608635e+00
2.144771732996383073e-01,1.693087575294599967e+00
8.757665709890402606e-02,2.385774293373156052e+00
-1.563806477122541005e-01,1.758068456134060931e+00
-4.731855921279899957e-01,2.066239356052162357e+00
-8.848112273238506464e-02,2.323659856736786988e+00
1.189593404172368252e-01,2.591035352822523841e+00
8.223978663712511183e-02,1.271802737704541997e+00
8.324013356713735878e-02,1.666887325754148330e+00
7.637426748474590577e-02,2.509535873407999773e+00
2.576508031195254289e-01,3.087064747726277147e+00
5.239677768861928930e-01,1.989648567750619934e+00
3.897483560915468437e-01,1.847488937935153341e+00
-4.470093909598025356e-02,2.104814986403613641e+00
2.100756975849956201e-02,2.051713756831046176e+00
2.792249677780569428e-01,2.390330198687976804e+00
4.700203495619996730e-01,1.800625434263240621e+00
6.336703586760246421e-02,1.924745985137277904e+00
3.403026451196769497e-01,2.412021750030063139e+00
1.971338943602330696e-01,1.574947677293641490e+00
-8.244784832574996170e-01,1.974659628272638079e+00
3.195978553269948619e-01,2.085379936414397228e+00
-6.226941577798460192e-02,1.944801981710320815e+00
3.740943027897788986e-01,2.390540888615285464e+00
-3.399258608133691184e-01,1.713683551513293546e+00
-1.181081139321181334e-01,1.818770611918706592e+00
2.696084086699609972e-02,1.932015643379867864e+00
6.686368056770504442e-02,1.966642253935450668e+00
-5.049721787032217524e-01,2.335753973890164037e+00
2.922499558220412186e-01,1.968257930059444938e+00
-2.556102282580441920e-01,1.875735369259105445e+00
3.519370253164078588e-01,2.122293208055721525e+00
-1.069730621818438115e-01,1.512896702740794908e+00
-2.324706366861123419e-01,1.737996773444376863e+00
-2.400707752620430402e-01,2.309059415247034508e+00
1.905742363584430055e-01,1.647871326865888442e+00
2.373948915032828288e-01,2.094175703146207823e+00
5.774689179114891324e-01,2.081581407006391160e+00
-1.221537535031463027e-02,2.374712688308028508e+00
3.691356586159702524e-01,1.651113283165167589e+00
3.958329631212918476e-01,1.829300728933262787e+00
2.151038802392673394e-02,1.992442789487045562e+00
-9.543990663043968592e-01,1.829799716622681593e+00
-4.129259666598166650e-02,2.612547684273854642e+00
2.468201867027108032e-01,1.588462293968779360e+00
-6.821708368191732319e-01,1.734211838107026615e+00
-6.196566014275169815e-02,1.514026762280606064e+00
-1.723769192442021689e-02,1.759101166029290786e+00
-3.020259743944490038e-01,1.710887094476803316e+00
2.138062604559087809e-01,1.928898958750950410e+00
2.566585013070682431e-01,2.822793160520098432e+00
3.361617269255201546e-01,2.367892202215851505e+00
7.867927554436467130e-02,1.768936072533371373e+00
-1.303160298034331255e-01,2.310171405846221049e+00
-1.159520110119498099e-01,2.379761037692209147e+00
-7.826493141073097570e-01,1.513192722666975687e+00
-5.269275766905295866e-02,1.718023024372751451e+00
2.901916720032368668e-01,1.966267691746158341e+00
-3.115226400621199376e-01,2.153431096281231305e+00
-4.168992164330221906e-01,1.989084406178613040e+00
-1.065243126262158668e-01,2.495654929507644670e+00
-2.303115947633706598e-02,1.777865287398826544e+00
-4.495404033065005800e-01,2.182003176686999169e+00
-2.514218737832155451e-02,1.995631709061868264e+00
2.617012737649318521e-01,1.993096658175496083e+00
4.787739023351196277e-01,2.099058575304529661e+00
-2.348725699418970914e-01,1.360510589953698446e+00
6.452452652977943570e-01,1.840504085744153695e+00
-2.509090654029397793e-01,1.794223296248283361e+00
-9.075830079349707369e-02,1.627814546287648101e+00
2.069029774000934463e-01,2.311346442174217586e+00
5.040373836118797746e-01,1.622237951875194151e+00
-2.371175685873578853e-01,2.307761716885794012e+00
-2.935477125969800927e-01,2.348757372619663109e+00
-1.814014519741263542e-01,2.095269892690040603e+00
2.240039218191104686e-02,2.117924468273860050e+00
3.233710996517680930e-02,2.004289830385769466e+00
-2.384578276236866690e-01,2.172354357565775551e+00
-8.457865996890194527e-02,1.660296462426773978e+00
4.083347621572028241e-02,2.052422864547195580e+00
-1.494798691001441304e-01,2.074766616755425730e+00
-8.319062984150749074e-01,2.042133814488021226e+00
-3.215787791948842567e-01,2.371360651713172452e+00
-1.730967294328359385e-01,2.748108066286171436e+00
7.274183526851991759e-03,1.942095038166781196e+00
-4.831130453897763966e-02,2.533752769397898064e+00
3.060614984619176582e-01,2.258172866502871301e+00
4.591291642685406127e-01,2.359481207108742762e+00
2.983378956131645943e-01,2.231519691744066503e+00
2.736004516807110098e-01,2.178658736972828081e+00
3.982839335024703775e-01,1.969902797020747665e+00
2.316379285410189171e-01,2.233205551791631827e+00
-1.943885920493852726e-01,2.510085593761142153e+00
1.006742837409665137e-01,1.602514888091342238e+00
4.715202449699785331e-02,1.679358540601627370e+00
7.886861996341112957e-02,1.854937273664959418e+00
-1.717325714916541693e-02,1.988767859304169772e+00
-3.393172687522399422e-01,2.975550905107406496e+00
5.138162908544238738e-02,1.943900714976735777e+00
-4.770612548145196086e-01,2.283546019895834611e+00
4.188600454231328207e-01,2.186322852749253087e+00
2.085704251021675559e-01,1.142150925479465950e+00
6.368342674139197968e-01,1.904450366590886734e+00
-5.459405044018728059e-01,2.362977204478451387e+00
3.389845415565947429e-01,2.246462719082625181e+00
4.080128131136470659e-01,1.934540739936408515e+00
1.893315273121021769e-01,1.240785005732962576e+00
1.455434645981242003e-01,2.232432460647701955e+00
-1.862713613386430267e-01,2.084095101364638492e+00
-5.945070595611704617e-02,1.519860426495720729e+00
-6.585954015596315325e-02,1.982986347064645383e+00
-1.250078277583400455e-01,1.639111241526679752e+00
-1.111475472812757138e-02,1.938875167060522653e+00
4.282141583164687099e-02,2.436546087188246723e+00
7.069463071567747177e-03,2.182430121787755972e+00
1.103986576208851184e-01,2.538214436720747536e+00
1.027370359115771375e-01,2.222104930556021873e+00
4.307806288140922923e-01,2.341839309610804776e+00
-3.168969455512367639e-01,2.231503741690115561e+00
4.194919165664409699e-01,2.022826851937693515e+00
-4.544139973701163404e-01,1.836056794662984215e+00
-4.275948498829252459e-02,2.026948107228230267e+00
2.197228050885778328e-01,1.596047698961239769e+00
8.871169264487742401e-02,2.221060799978633593e+00
-1.202430869017405701e-01,2.226614070083181574e+00
1.211213603254063104e-01,2.056218775663357423e+00
1.464448661957614972e-01,1.857965950461739402e+00
4.820420915428498820e-01,2.365449036317321063e+00
-7.982299705010502009e-04,1.422127938153653792e+00
-5.348799157050322661e-02,2.137610283238288389e+00
4.647297529676486239e-01,2.266588519921991729e+00
-6.234198355836543387e-02,2.109221743896959378e+00
-6.107385085382721623e-01,2.297045344570637582e+00
3.335813307467812572e-01,1.967578456707174350e+00
2.882248861610800517e-01,2.154099928575827771e+00
6.153745168083701172e-02,2.034140149418674159e+00
-2.694994339625035318e-01,2.120013150550742687e+00
2.092643143421350771e-01,1.827568256277603886e+00
1.019296002018546671e-01,1.978483512255221122e+00
-7.007391226455322863e-02,2.096343183541885757e+00
-4.419991853279734567e-02,1.987698955426565828e+00
1.821711176454665279e-02,1.731878794309920533e+00
2.575689095152383645e-01,1.723753287219887964e+00
-4.713570442612665529e-02,2.449001963220442946e+00
-2.404977006302939924e-01,2.099705244978394170e+00
-6.516027165408311284e-01,2.054340302950296238e+00
2.774688465632964007e-01,1.997327141543889795e+00
3.389431369134078276e-01,2.338450836393044074e+00
-8.897468560388316350e-02,1.688089600926962586e+00
-1.107688550263819655e-01,1.960267540888373849e+00
-1.109574991538079536e-01,1.746576873777693661e+00
-8.163924068007515078e-02,1.798737686423035997e+00
1.022383626504978771e-02,2.162239800100795861e+00
-8.792879483999586909e-02,2.433021603846605707e+00
1.140715510828327860e-02,1.655118789309749650e+00
2.862092211605982706e-01,2.043688378014349993e+00
-1.987621072732024749e-02,2.520877834271861850e+00
2.404861841137860556e-01,2.239769515514208109e+00
2.374809175605133160e-01,2.238509789354311330e+00
3.493024186304832801e-01,1.971907959103257779e+00
1.268615053480477151e-01,2.460385242571760056e+00
-2.733929351637935934e-01,1.504802137984121657e+00
5.873009569678474540e-01,2.053675743147987287e+00
-6.169339063832394165e-01,2.354205093443762387e+00
-8.810539431356065321e-02,1.851954193970616336e+00
-7.745056359312348093e-02,1.555774936135915887e+00
4.719276829431509612e-02,1.558210379058887707e+00
4.541078393633190546e-01,2.376828490875847244e+00
-9.580729965483654464e-02,2.044251082136240516e+00
7.750191573472980933e-02,2.294140310918316050e+00
5.536303898992956940e-01,1.966895864821937678e+00
3.230946331214893386e-01,1.397116146539519210e+00
-1.933184352884182722e-01,1.507630425457143097e+00
-6.654487303647210750e-01,1.931467932698180956e+00
-3.939189022155317188e-01,2.108938184048271491e+00
4.024613774580111381e-01,2.173294436447129385e+00
-1.620788051396608864e-01,2.022566886822421139e+00
-2.505466909528271668e-01,2.198127083432201534e+00
3.128263641287514774e-01,1.852576229396863283e+00
4.045728267980939763e-01,1.666323221742081584e+00
2.756543077148900303e-02,2.220065242713542997e+00
-2.560671399797954106e-01,1.472459431674129515e+00
-3.733238832648251293e-01,2.076045484991753121e+00
2.292965631028667794e-01,2.083190788681867023e+00
1.016523044799276243e-01,1.653735312238179267e+00
4.197800190435731493e-01,1.641566547254624808e+00
-5.028234586115434279e-01,2.385762681546503838e+00
6.412794659683788145e-01,1.486208260570971884e+00
-1.802404506228061365e-01,1.877835276955343691e+00
-2.536017197452792860e-01,1.653803241876008912e+00
4.848817102523507172e-01,2.286091077089499990e+00
-3.328751279520970607e-01,1.751251715814764465e+00
1.628201202697244221e-01,1.866576222471917790e+00
-2.350712509912909753e-01,1.756405939596671795e+00
7.076222264515978633e-02,1.737357810443396433e+00
-5.059210907604357738e-02,2.280788283370462466e+00
-2.325599358123507931e-01,1.908555889615263679e+00
4.264138116602027295e-02,1.787086487991181860e+00
6.711501137542552620e-01,2.043772197726761775e+00
5.492164804824306579e-01,2.472800848692044529e+00
-4.295500064161723031e-01,2.188506732481770189e+00
-5.776457680172580877e-01,1.975486100689421098e+00
2.382140288963457975e-01,2.341547072795327367e+00
4.505164722801522359e-01,2.182454746767938936e+00
4.886568546803030655e-01,2.430427875241090607e+00
-4.967193923233448882e-01,2.116037304817567133e+00
-2.702016335321607010e-01,1.667055117718724055e+00
3.424880185251601983e-01,2.105557777163606925e+00
3.622774816516627916e-01,1.681458682805496707e+00
1.302085503073878159e-01,2.083343279464038300e+00
3.265608166891530162e-02,1.656518899510560416e+00
-4.569429912980796371e-01,2.326430215666710044e+00
-1.534682605465370608e-01,1.737690963310545511e+00
1.677664694234107245e-01,2.761301309275253857e+00
-3.236746678317468096e-01,2.226828760976921728e+00
-2.060320325310259493e-01,2.211514707265484159e+00
-2.343574258908557584e-01,2.001960374624967454e+00
1.448392528669218415e-01,2.134110018889714411e+00
6.841316797947234740e-02,2.275389552515976632e+00
-6.001510406667158459e-02,1.376550432333262686e+00
6.065302617441230976e-02,1.809929088391272645e+00
-1.370595959820627430e-01,1.872021628689943817e+00
9.091359690351752398e-02,2.280686327432725147e+00
2.279910351880789499e-01,1.415550393703573384e+00
-5.219174627997633653e-01,1.768891950643787903e+00
-1.777327317950425922e-01,2.093828484078612107e+00
-5.759396839324580908e-01,1.667023740882664251e+00
2.132920312432630972e-01,2.309708766089300536e+00
2.117295751172977858e-01,1.998946038246140144e+00
-3.138110617314779915e-01,1.741461812803865472e+00
4.037250593311225710e-01,2.323146498978033936e+00
-5.313557836072371060e-02,1.989195743646707148e+00
2.242921222176537943e-01,1.893231273891614386e+00
-2.270687896779299275e-01,1.880427001670574860e+00
-2.944634781788846994e-03,1.741978480960436615e+00
3.408856196182107889e-01,2.050025207705600039e+00
-4.244493320507866652e-01,2.292794417248575023e+00
-8.483489194760348573e-01,2.604295596098077592e+00
2.915936068271676174e-01,2.143391691248699882e+00
-1.425006615247074483e-02,1.964389703590230685e+00
-5.375793751252414543e-01,1.943939106148233176e+00
-1.833134476653442146e-01,1.640804763678695100e+00
1.648035136592571615e-01,2.087566682162738108e+00
4.934500633030844963e-01,2.164259148098943264e+00
-4.379935804967198532e-02,2.421206571935657248e+00
4.111665593927775197e-01,1.733066963499391822e+00
2.934858693796013607e-01,1.995372688232892155e+00
-2.243405938351453743e-01,2.018717671521938595e+00
2.218608972605070478e-02,2.253173998646583520e+00
1.384624657326253283e-01,2.268794164537129454e+00
3.560620566165659077e-03,1.890841073056889199e+00
-3.283937188901759896e-01,2.194809166428116409e+00
2.204055707982848222e-01,2.025451796589610165e+00
-1.010043767703956569e-01,1.634104518825453489e+00
3.320971264266979750e-01,2.263443513855831313e+00
-8.736819122313801977e-02,1.695115285802889504e+00
2.774717002952662992e-01,2.285555298679340819e+00
-3.629127586907768821e-01,2.090832710901475266e+00
-9.862967709121545079e-02,1.591918138846779351e+00
-2.686425269046268660e-01,1.681820218624626273e+00
-2.361884888851442932e-01,1.910589038890764035e+00
-8.277054825426236051e-02,2.093556916297794057e+00
2.167435508267314126e-01,1.876268638801644961e+00
6.623316018820858686e-02,2.295058287781849060e+00
-3.032761117095593151e-01,1.848626498683679120e+00
2.131029698666679906e-01,1.786590636906990603e+00
-3.543695784892384459e-01,1.598273345784252397e+00
-8.576041119976432481e-02,2.529558487968592395e+00
-8.131759446640676181e-01,2.151914958190122462e+00
-2.458119516906233024e-02,1.652194921286149532e+00
-3.129803911031758118e-02,2.038674869178441540e+00
7.929262657918920154e-02,1.836413534987911156e+00
7.286321823140765042e-02,2.290329040847922659e+00
-1.613278911935197013e-01,2.476978956605851323e+00
-5.807069843341654096e-03,1.744143426851249679e+00
1.366165448950922290e-01,2.258083987354414734e+00
1.722397583795940157e-01,2.801742577349217278e+00
1.892401004178608515e-01,1.990726469014491906e+00
-2.163592414411209808e-01,2.786953028429822510e+00
9.188136466751142817e-02,2.247817765218436126e+00
3.269125961620266696e-01,1.501442093927078947e+00
6.452022094070916092e-01,1.997331236628606010e+00
-4.704620366202742487e-01,2.233743295256940709e+00
1.264125380576994716e-02,1.825042971702663053e+00
-7.588215047850442596e-02,2.084489867821122555e+00
3.970773525602274145e-01,2.002750428710867059e+00
-2.443881940776126416e-01,1.890287715956607384e+00
-2.079986312903198964e-01,1.459586044137630267e+00
6.668516141559314991e-02,1.788175223851672602e+00
-5.655502811360997584e-02,1.645274563022401715e+00
-9.285060821469855175e-02,2.271923294514468061e+00
-2.896246610089189266e-01,1.960606809649777071e+00
-3.816846285570055231e-01,1.878062709835678357e+00
-3.607121419976569987e-01,1.450794738589546995e+00
-4.560618262238819720e-01,2.137158251126903163e+00
3.084626691531826004e-01,2.207168441567966877e+00
1.649151611824420105e-01,1.984623782396535363e+00
-2.249177914865762781e-02,2.046888931484135643e+00
-3.426077312340630177e-01,1.806151312495828609e+00
2.921687837492253359e-01,1.886844849849383055e+00
3.672615593869673067e-01,1.956809496559285710e+00
2.007189167192007517e-01,1.994822953730356563e+00
1.144119464323380131e-01,2.327677539072633639e+00
-6.468487192247076578e-01,2.294939028890766508e+00
-2.530038093199995508e-01,2.154437069063904975e+00
6.559367349592096774e-01,1.843017673280092472e+00
3.379024907169203562e-01,2.259463094754236678e+00
2.316405481628537044e-01,2.230311664719582421e+00
-3.305160329551884435e-01,2.357760446242484598e+00
8.921924863786209747e-02,2.391722940329431779e+00
-6.733539241666290920e-01,2.023675557693227933e+00
-1.776588758141630919e-01,2.246359374446133206e+00
3.122937164502018192e-01,2.250475402143391701e+00
7.713302347636477596e-02,2.578395226804738982e+00
-2.751081329541713583e-01,2.040740912175624366e+00
-1.705640381837058295e-01,2.419874710388430383e+00
6.722376561884167712e-02,2.082522198359987531e+00
-1.191565571975416460e-01,1.896800567682229044e+00
-2.603723284112624548e-01,1.874125607157564488e+00
-6.460509424359413277e-02,1.873268852413885410e+00
-1.118889939259284094e-01,1.557138278091008132e+00
3.468672440894407516e-01,2.137228861594359319e+00
-1.462809410060377791e-01,2.244824408000507088e+00
-3.832942664034104108e-01,1.754218225331972913e+00
3.182954056044859370e-01,1.791285373026224814e+00
2.409202960027931606e-01,1.789593233073362377e+00
2.637055930883646093e-01,1.925078034567522245e+00
1.977337255605069177e-01,1.260558367472176533e+00
-1.146100299400941852e-01,2.338292837350166575e+00
2.065200006077430595e-01,1.861973755028432320e+00
5.292416072387797765e-01,2.022353705037623239e+00
-7.921667377262089915e-02,1.529254956101637308e+00
-3.147695777600211242e-01,2.174849020151982781e+00
-9.073437813235371574e-02,1.623014364438628121e+00
-2.864122566953638538e-01,2.096535844485027500e+00
8.084367733822207802e-02,2.002601659151026503e+00
-9.472088629749463029e-02,1.979212045228763817e+00
1.234413792560729306e-01,2.305885759173247340e+00
3.216884447797135893e-01,2.166446010677682388e+00
-2.045129048450231371e-02,1.887281961531874996e+00
5.814616160359342700e-01,1.891124474160503777e+00
-1.341218588042176474e-01,9.858891050008067314e-01
3.101223236879911971e-01,1.879611027175823734e+00
-2.302919469109614981e-01,2.159979700570044514e+00
3.298489489058804569e-01,1.868519541080112756e+00
-2.278771010224595883e-01,2.314598369819401036e+00
2.692324621311109056e-01,1.842237325809116255e+00
-2.007423265063407458e-01,2.397173281382229071e+00
-1.114240173420111973e-01,2.003112086943059644e+00
9.023422541775960593e-02,1.797659765402930709e+00
3.740973896645676672e-02,1.704509520116460841e+00
-1.189859901217157068e-01,1.977552838542418367e+00
1.118002393187527144e+00,2.068482179368141605e+00
2.058149850810348513e-01,1.912950257217008065e+00
2.280176323676030847e-01,1.865099995240368624e+00
-5.097986795155829975e-01,1.788290932322454729e+00
-3.187707732082439849e-01,2.261164420600192404e+00
-3.817874530277632350e-01,2.039135882299677682e+00
3.190912769883802458e-02,1.864592630115608829e+00
4.040430791301001245e-01,2.186187875025134453e+00
-3.495239466064009037e-01,1.453798641657918056e+00
2.162085844891193376e-01,2.199127101015516228e+00
-3.859889653069198956e-01,2.350086238699712116e+00
1.396890528159238365e-01,1.625646128640767518e+00
3.030479159551244805e-01,2.753345182935346358e+00
4.208138582561625207e-01,2.172516778268875903e+00
2.389591141028754862e-01,2.090694015819002605e+00
4.322590076038288487e-01,2.240443064522483763e+00
1.250639085567989417e-01,2.257637978167815085e+00
2.030184131630931588e-01,1.951392991978888602e+00
2.312108604759683661e-01,2.160150649602962325e+00
1.796178621745596060e-01,2.367436162886535023e+00
3.379338060100544050e-01,1.944373096730440231e+00
-2.915827902292354723e-02,2.206857509854397659e+00
5.205087209101484369e-01,1.669593395162208171e+00
2.455273602101355410e-02,2.135931360360828979e+00
2.514175709949425519e-01,2.037179488753200207e+00
6.136180938616725769e-03,1.917514720621022795e+00
8.757314000813111454e-02,1.582759864721087428e+00
3.160840429266576490e-01,2.334193793552216789e+00
-2.830671022526760200e-02,2.400297191534682018e+00
-7.742445834482677980e-02,1.843472230042949356e+00
-3.248895640223050107e-01,2.334263815554270316e+00
2.962570436568178200e-01,1.739085652592440301e+00
-1.238545138337566881e-01,1.727553955459729229e+00
5.851545417746531908e-04,2.483381644426541079e+00
-6.172769977935869123e-01,2.197400618494399716e+00
-1.312380863238394035e-01,1.641138711902607517e+00
1.433755426116480602e-01,2.108664100893663296e+00
-2.132975236955479692e-01,1.955606892351520409e+00
-7.118069224634655801e-02,1.733873365799336153e+00
7.986571532033556742e-02,2.236282388402354382e+00
-2.403485280845156502e-01,1.474177384442338923e+00
-2.430737629530915073e-02,1.564024668348868552e+00
-2.526676175149027426e-01,1.496763470247620909e+00
2.187307487721597832e-01,2.568936351371456261e+00
1.354930329154709623e-01,1.912022589075089263e+00
-7.476253723335435364e-01,2.366561399679136812e+00
-2.522448953864516730e-01,1.757499152041421819e+00
1.783418648073793744e-01,1.895449877094533830e+00
8.538979345256687836e-02,2.194052657203002354e+00
-6.334011780916247447e-02,1.989272564808576726e+00
-4.384776466025092599e-03,1.634448732045827857e+00
-2.613117437529449694e-01,2.138961801569970067e+00
7.520260476155986307e-02,1.525240954793775749e+00
1.909444564291222848e-02,2.358615738274831841e+00
2.882725169150708311e-01,2.407782080853396955e+00
1.186829771619117846e-01,2.352470944522850438e+00
-3.967722137748106448e-01,2.536132984136392210e+00
-3.593376538656797153e-02,1.642144974471009711e+00
-8.305614796779868525e-02,2.001634441622764271e+00
-5.789311432756303333e-01,2.172597273466706280e+00
2.591246771180870101e-01,2.185796972687374939e+00
-2.884066398867865533e-01,2.159531571667323568e+00
-1.435088781372290678e-01,2.449080030123074625e+00
5.134117182134492752e-02,1.983851050348794942e+00
9.310763688354140033e-02,2.295430184776145133e+00
-4.132696116522437402e-01,1.705648492724906262e+00
2.614615628473636044e-01,1.825217684722890477e+00
-7.550382956290094261e-02,1.646309097382436804e+00
-2.522896780009782347e-01,1.975572190009296181e+00
6.632874992407874482e-01,1.812166131969050520e+00
-2.134831964545607086e-01,2.263343995493664718e+00
3.667385160244313047e-01,1.748107809132425361e+00
2.959091718343087249e-02,1.955186001655612849e+00
-5.498500264923587844e-02,1.723707431895850739e+00
-1.778658612099211778e-01,2.191386399607758051e+00
1.825961331408349625e-02,1.950572218878927844e+00
5.686865418154804508e-02,1.320252302979902703e+00
-1.549018936646430478e-01,2.491896316917094456e+00
9.243054555566383723e-02,1.814483723180365438e+00
-2.761104991858883695e-01,1.981139472476778574e+00
5.935855585805729223e-02,1.775401572587183452e+00
-6.482503431974871375e-03,2.498408448801437753e+00
3.873100507356992683e-02,2.272333743940318840e+00
2.997480170031845970e-01,2.505384386715972411e+00
-2.361697787229215806e-01,2.379133064781671525e+00
-1.064168083779903073e-01,1.876369532635489445e+00
2.808667635940885129e-02,2.115544746961584011e+00
4.731650240037944821e-02,1.805220294069020293e+00
1.598255594357522458e-01,2.125852313847891306e+00
1.960876772875028706e-01,2.945096220079760130e+00
-1.496044419139058168e-01,1.881580891465285399e+00
3.320314452990408283e-02,2.339258701810174035e+00
-7.942492052805609770e-01,1.904586239899454192e+00
-2.893621480601105134e-01,2.142829801457877714e+00
2.468128478063343623e-01,1.981620443999128511e+00
1.181341509812665058e-01,2.600370830745852846e+00
-3.735143978878548432e-01,2.528270589417903391e+00
-1.524280652239221392e-02,1.981447742925005029e+00
1.520049135106993354e-01,2.187739100541420623e+00
-1.521542114350802610e-01,2.635579423284497569e+00
-3.628212444113909640e-01,2.131132653766099505e+00
-2.979287039832814385e-02,2.003594432001955639e+00
6.691369177560787529e-01,1.831666548076607670e+00
5.396742970556709373e-01,1.824331940466568991e+00
-4.029303840990824392e-01,1.452547270599793716e+00
-1.687581707729156888e-01,1.412979410224271648e+00
2.487008082980848578e-01,2.397000142364501318e+00
2.067542153129789673e-01,2.069453910384272621e+00
-1.168199283664003718e-01,1.803616873352100081e+00
5.151363580148032861e-01,1.820378207699069772e+00
8.308498505679832169e-01,1.752714801035604619e+00
-4.870792589440683940e-01,2.085427188212320093e+00
2.674540534966700078e-01,1.556457322345354610e+00
-3.277670072997818651e-01,1.891286364462055669e+00
-2.064720212736556246e-02,2.298350809628679770e+00
-4.785354929390979728e-01,1.763827865864519673e+00
1.493609465107384182e-01,2.316891715869869195e+00
-5.332549495675028561e-01,1.973029283137923917e+00
7.457607294400079301e-01,2.029645941886844884e+00
2.669617642476564412e-01,1.602229189783161534e+00
6.568597793925089190e-02,1.895956608794574727e+00
-2.302927410548453457e-01,1.966986317720195387e+00
-2.231132457080415576e-01,1.794367803211747603e+00
-2.855585202231920340e-03,2.135448706614401004e+00
-2.168638086810070753e-01,2.234835291159827708e+00
-1.788038829023336496e-01,2.052811668114687293e+00
-2.085893742741891932e-01,1.663409173571803956e+00
-1.232620804231396028e-01,2.170067447904931779e+00
-3.422969002869313271e-01,1.972725165195435393e+00
7.682415160129538734e-01,1.628578448070193030e+00
4.207536729926365515e-01,2.120011881137415344e+00
7.227648520010331035e-02,1.783171411599682621e+00
2.540170135702646270e-01,1.648556003877243992e+00
-2.643991771095383636e-01,2.173604963462897999e+00
1.920422370633665665e-01,1.825199247432442773e+00
-6.557508287436800143e-02,2.026530752626234388e+00
7.550438761842487127e-03,1.957299687782849462e+00
6.613697181419269100e-01,1.919396163181604109e+00
1.265390330699846799e-01,1.802955859524402626e+00
3.725327731681473131e-01,1.972184179253229530e+00
4.441304940424067697e-03,2.451443425252580965e+00
5.158408464242031366e-01,1.598506348461752546e+00
-1.102689602467550989e+00,2.302746288833405597e+00
-5.599136720848664206e-01,1.865208435416438215e+00
-1.524587265590581497e-01,2.430080905465996199e+00
-4.093029222131253086e-01,1.412385409547897375e+00
2.883955912946807310e-01,1.661448858806459539e+00
-4.036221646537299645e-01,2.162992351495189869e+00
-1.769447756483248091e-01,2.232387709581669988e+00
9.312552833560483467e-02,1.634616512666069887e+00
5.315126631439838212e-01,2.047423387714852439e+00
-9.189265897918613701e-02,2.185528286092071060e+00
3.764315695317987931e-02,1.674447362604938982e+00
5.286396674148347019e-01,1.762615354895988418e+00
5.944457991157863219e-01,2.180494245900545192e+00
-2.458879511141031093e-01,1.780087626974758308e+00
-8.186755679345698589e-01,1.861664230006365495e+00
6.410361399650087444e-01,2.238474785897726083e+00
-1.047384961112235724e-01,1.965532773757305174e+00
5.637108183275924000e-01,2.265143459833706352e+00
2.007891146276847005e-01,2.661999350193626324e+00
2.476419704340853400e-01,2.363482782306542962e+00
1.060936077271536493e-01,1.881754932806188885e+00
2.403573393302185779e-02,2.168287641670802124e+00
7.558147907139094179e-02,1.933679956545926171e+00
-1.721082361938853222e-01,1.590641349082486666e+00
-8.319308805395646267e-02,1.922233021923124285e+00
2.790889984005858193e-01,1.581432545263674383e+00
-3.755025003532626582e-01,1.639188958187100864e+00
2.700870530051309726e-01,2.116223504894523266e+00
5.554590394498565287e-01,1.749811304299979886e+00
4.829039251709996150e-01,2.474869303604990023e+00
2.547931345129996750e-01,1.894499018100917587e+00
5.629928511356716569e-01,1.944101436572362784e+00
-4.819194379125105177e-01,2.102325820360413378e+00
1.803957006962971510e-01,2.425229439736340087e+00
-5.671092160973363605e-02,2.508885752092012034e+00
5.510222376554987367e-01,2.358650615035653875e+00
1.307705908500077507e-01,1.799729612836709736e+00
-3.984436823919234975e-03,2.299458690633961133e+00
4.688326901341590136e-01,2.198568923648019258e+00
-1.379472635789369961e-01,1.689731432256687649e+00
4.290699301842741953e-01,1.470950808268404852e+00
-2.434668456354519006e-01,2.068613528507252219e+00
5.892120843163391186e-02,2.626190566174620766e+00
1.114550044644150861e-01,2.270093558550530854e+00
-1.131715667249940799e-01,1.871998392341732487e+00
-8.364609424157354312e-02,1.973291138880817197e+00
9.678828881607534629e-02,1.524098507560140092e+00
3.190933597638326291e-01,2.499493236213123026e+00
3.712883865537136563e-01,1.867741140863615090e+00
-2.642507324100781818e-01,1.933076070053848960e+00
-3.076242727116710873e-01,1.996891242730352678e+00
2.857840251670712428e-01,2.154560717443229301e+00
-8.571647630581306909e-02,2.009924382184688607e+00
-4.872799564516224757e-01,1.979264141715538550e+00
1.044978926667262387e-01,1.678570163943045479e+00
-7.709730453360034985e-02,1.766333467473801377e+00
-4.797007115530518839e-01,1.860806367121023985e+00
-4.561273376487466336e-01,1.744119213899647303e+00
5.612556816794190542e-04,1.745242283267656846e+00
-4.633324165957199980e-01,2.196414121130903840e+00
-2.479177330818701785e-01,2.283117885163698624e+00
-3.225039721174757790e-01,1.122203702967928152e+00
-6.147384995244752348e-01,2.224077660944542068e+00
4.532406560480133906e-01,2.296116860484230138e+00
3.271259125498990339e-01,2.324200983130086939e+00
2.123527584479831809e-01,2.275484525759051024e+00
9.466830221324160077e-02,1.731053582051043316e+00
8.968001997792669766e-02,1.853192284736970841e+00
1.201094629347124049e-01,2.209354856194253980e+00
3.101646482660804227e-01,1.602448962419477319e+00
-4.816637219573711715e-01,2.392688203944477454e+00
-5.291954035995460881e-01,2.021539009678428478e+00
-6.266549915404194537e-02,2.335545791410083449e+00
-1.702499696982242780e-02,1.542542232047283912e+00
3.209361770494535415e-01,1.950512269486570194e+00
-1.544187515635654928e-01,1.978547627651876750e+00
-7.096926381951206009e-02,2.148018019965929337e+00
-7.075804947766975439e-02,2.162285836813989004e+00
-2.772848610380845326e-03,1.320826178259264960e+00
-3.510536285801661716e-02,1.994415229543834656e+00
-8.688015275337576671e-02,2.156199835019423805e+00
-6.108421281680804782e-01,2.024110850138291173e+00
-2.060322619559539770e-01,1.627836030094095943e+00
-1.764953731020296457e-01,1.742023518830550621e+00
-2.338036214599500118e-01,1.775917700802614352e+00
-1.392753282352572619e-01,1.681565293922499649e+00
-4.082063122232883479e-01,1.942161340447850826e+00
2.215440641177248149e-01,1.960862833108994119e+00
2.535895319278912430e-01,2.185925236020294982e+00
1.196538316790837497e-01,2.040603846357333051e+00
-2.106002343229210205e-02,2.034842137510914917e+00
-7.682471610085822578e-02,2.675665125092160146e+00
7.269380735645561420e-02,2.229085492946737634e+00
7.564988827790136705e-01,2.160702657296056817e+00
-3.891907056191034053e-01,1.937786537879555571e+00
-2.333211386100916829e-01,2.251789691429449292e+00
6.845800510466688582e-01,2.237921657190042435e+00
-3.100353271540114836e-02,2.216562303296877090e+00
-5.379728779099360314e-02,2.517657977387669277e+00
-8.593802215010262757e-02,1.954905212484033372e+00
-1.172312755537641277e-01,1.919184275022918662e+00
-2.413090478218484214e-01,1.487256143134475073e+00
-3.011092507560205744e-01,2.386481478139063306e+00
-1.137858405157151365e-01,1.677812936850454184e+00
7.524920146633996831e-02,2.168436410388485225e+00
-2.782523429737574494e-01,1.849537423461222518e+00
-6.470629507711656014e-02,2.444381035953480552e+00
8.349531723102461556e-02,2.224126997169661113e+00
-7.527455441293290361e-02,1.863902012764631078e+00
4.382164447186620015e-01,2.025981980742918687e+00
-3.275849856414249639e-01,1.519624254581782852e+00
2.682156832367953436e-01,1.826545472052446328e+00
5.603367384153651320e-01,1.797488567749916610e+00
-8.238006617759286998e-01,2.045228357039557743e+00
-2.063724868520649958e-01,1.701562225817534690e+00
-2.802931374787280827e-01,2.132213476763798354e+00
-4.002057673198534671e-01,1.917276691976883551e+00
3.619081841899924323e-01,2.356011587520182804e+00
-6.283372699423585006e-01,2.334312240576346120e+00
-1.339965888302880881e-01,1.940480776491891879e+00
2.111707716872793517e-01,2.041932820033683260e+00
-5.861041807604890769e-02,2.882922003442265790e+00
3.025719914859715254e-01,1.838313839425536056e+00
6.555817225400369097e-02,2.252227922773922142e+00
-2.154787812655065971e-01,2.017067465656589675e+00
1.561410594952530040e-01,1.645222107718887550e+00
-1.695717726149544580e-01,1.392614611655259793e+00
-3.827818412378374280e-01,2.422430645061253607e+00
-2.640809789858213907e-01,1.695928526587147989e+00
2.168846870769645593e-02,2.010609520357089952e+00
6.558314199548627432e-02,2.611676770719880469e+00
6.617550119021116117e-01,2.026250023883295004e+00
2.085076441419534965e-01,2.090189032994856255e+00
1.227014595460487884e-01,1.779030239803128799e+00
1.023304820937933068e-01,2.401840319543953939e+00
2.807686726266575561e-02,1.839689196962080775e+00
4.807050709146450940e-01,1.771077364634638052e+00
-2.977497744768058952e-01,2.539988821062324043e+00
1.435397063080094959e-01,2.048871894191309995e+00
-1.701589714525753860e-01,1.845424597851282877e+00
7.315674334355133646e-02,1.865442162117096236e+00
9.499621221717302610e-02,2.004779402050989034e+00
-7.549810770976396468e-02,1.860338561662481460e+00
-3.683274824652973956e-01,2.185944736944553490e+00
-3.384247013487218236e-02,1.868019140846475468e+00
-8.308438107232352099e-02,1.595272719622298663e+00
-8.381366385620812876e-02,1.680095070743535812e+00
-2.329967743660988355e-01,2.117496442200988316e+00
1.156253043045904622e-01,1.763269903908091241e+00
5.913267458007598343e-02,2.425615678446818801e+00
2.702128622186319995e-01,1.587917548184421657e+00
2.353281137808922729e-01,2.123711732445714873e+00
-8.434931366165186739e-02,1.978445249180513343e+00
-2.275736364946485957e-01,2.078689762828812349e+00
6.801389229652664292e-02,1.289583730939730444e+00
-2.118188212653231983e-01,2.198251679532250868e+00
-2.834872843708496903e-01,1.459714860129746716e+00
-2.654273096080526639e-01,2.161492487101377868e+00
8.526681750281212002e-02,1.429176318530283485e+00
-1.032052904340629462e+00,1.834044646071864682e+00
2.580904770985567587e-01,2.428578994527880841e+00
-1.168531551788026257e-01,2.398200308594539365e+00
2.720422125774239752e-02,2.231736362977993160e+00
1.545779456335525520e-02,1.822974037990498841e+00
9.770219485938236303e-02,2.277860345452207280e+00
-1.692937934728903360e-01,2.288553948920786674e+00
-5.283614284558207919e-01,1.955258120305178426e+00
-3.531596969329960922e-01,2.211722531996813679e+00
1.499125655600950374e-02,2.230673698459400001e+00
6.365347496085396739e-02,1.624024431090376863e+00
1.067899810618090084e-01,1.496229629238271297e+00
-2.461789835617359673e-02,1.707245474644417449e+00
5.227554783356077595e-01,1.899474717194460593e+00
1.961758462893929134e-01,2.053967822496724605e+00
7.623212094584354108e-03,2.808347145296110181e+00
6.702044741484024515e-01,2.068475461913692470e+00
3.872728052950936278e-02,2.314260450312153328e+00
4.789373704509009566e-01,1.763056471596514907e+00
-1.291115496919020278e-01,1.686022391331573722e+00
-3.349647372261262412e-01,2.546523588635370761e+00
2.542288174905856235e-01,2.226591881038673115e+00
-3.041988691019227309e-01,2.223206785880329051e+00
-2.934493246768610786e-01,2.796367188618838373e+00
1.801586061984911113e-01,1.740587795985659936e+00
-1.462134816695810635e-01,2.418038169298685869e+00
-2.833923368346447091e-01,2.150690148299353677e+00
4.773129304639612269e-01,1.977381207673851504e+00
-8.653985212690572248e-02,1.949122169115634184e+00
-2.659989487985565115e-01,2.038116378998664935e+00
-7.452270400809131445e-02,1.919435750001091678e+00
-5.601377451428607435e-01,2.125543279091570259e+00
1.323492245371521991e-01,1.476097752102535354e+00
-3.447362735404951861e-02,2.273844078646212186e+00
-8.289136855120486924e-01,2.197977194042066706e+00
-5.491088740509963984e-01,1.972457772309729407e+00
-1.772497154198933722e-01,1.925306145473584918e+00
-5.547018221212003386e-01,2.191734979067866185e+00
8.270140700659799060e-02,2.141763797221808208e+00
4.708846170879987802e-01,1.761961153663466950e+00
-4.321204538617490765e-01,1.590708918336417588e+00
1.673974761730266381e-01,2.731747095614565080e+00
7.842880115823579190e-02,1.633040677425415588e+00
-1.797515481814687399e-01,1.982094606542853077e+00
-1.486112148014636647e-01,1.426728809838859968e+00
-3.185812160266499049e-01,1.957522689513103042e+00
-8.212911172702215545e-02,1.766775482821691723e+00
-5.111537970394757213e-01,2.189602815282045256e+00
2.075462813602843015e-01,1.953108431132408507e+00
1.879818036203029230e-01,1.129796832772548054e+00
1.633705184373873340e-02,1.817368449783133499e+00
-2.507000054705850745e-01,2.430302940555820079e+00
-9.671285126126177856e-02,1.997997349118364685e+00
3.353223957337567174e-01,2.162610927226842339e+00
-4.873203159347651026e-01,2.133662859278127932e+00
-3.293201063537817275e-01,2.064981705039012461e+00
-4.560642780633489823e-01,1.858144415603464106e+00
5.797956928411327482e-01,1.721058133406538238e+00
-7.656352052846526757e-02,1.423230764139489235e+00
2.843021703275042666e-01,2.181346572167190523e+00
-1.729217341895242233e-01,1.639576170656404042e+00
-1.172660987903562935e-01,2.378173474586247504e+00
-1.261761410495965408e-01,1.967018472258872608e+00
-6.262011382073414678e-01,1.853972415698304843e+00
-4.143369924853590458e-01,2.080172549297348183e+00
4.448002764299849310e-01,2.170542378105841941e+00
-1.068133534750380226e-01,1.759248391501562647e+00
-4.801999834568111969e-01,2.011425796585814663e+00
2.607627274169152173e-02,1.706107674725385159e+00
3.234915279066156168e-01,2.034524724686109565e+00
1.021576793550253437e-01,2.277572175838777024e+00
-9.385784707927935511e-02,2.100330091971747581e+00
2.588204799692838121e-01,1.836559241405816278e+00
4.300641147071959103e-01,2.357231804347692972e+00
-9.351390233424447529e-02,1.540449303078639920e+00
-1.358950619443799190e-01,1.339639980725606083e+00
-3.020581694156322383e-01,1.799284710195042880e+00
-3.903391766769993554e-01,1.565060831367267813e+00
4.390225118979284025e-01,2.335482840458849463e+00
-1.474868402559914859e-01,2.643671647412849879e+00
3.053385107885101535e-01,2.440849347356015997e+00
-2.275781841755901425e-01,2.272161121035247255e+00
4.617079432511744796e-01,2.204791014352130762e+00
4.621778262507918178e-02,1.734784921487374731e+00
1.345597923695945053e-01,1.526288856771339075e+00
-2.409147930635256174e-01,2.482605112418386994e+00
1.576246472884487437e-01,1.770059262737930350e+00
1.170751123879757022e-01,2.630489818486303033e+00
-2.743769796469732736e-01,1.438834362770069930e+00
-1.082460055952997810e-02,2.415256106795265367e+00
-3.894888004725863273e-01,1.964946219484751122e+00
-1.319442908513442092e-01,2.167382636648955252e+00
-1.580132460326208466e-02,1.890947557105522314e+00
-4.565368488546903830e-02,2.043943549649381630e+00
1.651559442826154578e-01,1.778135025852900286e+00
2.152340103947142369e-01,1.767977292395957356e+00
1.322957108627587641e-01,1.876401773860634670e+00
2.988423823170454630e-01,1.772076072502943189e+00
-1.186170002874637613e-01,1.981790468408893169e+00
3.209873773901505967e-01,1.974511956061343776e+00
-5.293337969416771482e-01,1.969090172613380707e+00
3.410146830020609199e-02,2.227185403746456682e+00
-1.980607694495185034e-01,2.380909942931028311e+00
-3.248205084354971461e-02,2.364096288893706266e+00
-1.868113115843777206e-01,1.984852906548912888e+00
2.637237775553128438e-01,1.714135795012996288e+00
5.848211460671206563e-01,2.239738147627412523e+00
-2.815346671109311139e-01,1.797805405598303041e+00
2.387270424004088176e-01,2.216425980578012211e+00
-3.516489665009734367e-01,1.828371155300539952e+00
1.426623719440512916e-01,2.259804905729987823e+00
8.110594123961230306e-02,2.391713587441807398e+00
6.190566030713705314e-02,2.045918040670472671e+00
-3.443262928268788770e-01,2.016625700947095368e+00
-5.508250910455396721e-01,2.323447944079486405e+00
3.588921387413380182e-01,2.511199864891708433e+00
1.963850036277385858e-01,1.623137364074553002e+00
-4.671369168897771540e-01,1.916790310124118379e+00
1.840389118185836170e-01,1.629677968147349665e+00
1.578767536098487911e-01,2.325052533309720282e+00
2.682928953680181472e-01,1.950069905004148341e+00
1.062866053134128436e-01,2.203554726014839815e+00
1.026636972927213176e-01,1.979842614408592105e+00
2.607484674559266136e-01,1.967116746104930147e+00
3.993577925429581676e-01,1.633438338964404490e+00
3.153161517874784048e-01,1.950393550522681707e+00
-1.120019452713061220e-01,1.907760123798954544e+00
3.354235611552744967e-01,2.249806939442123177e+00
-1.255044332298357324e-01,1.501336313375567499e+00
-3.085005542673261991e-01,2.151323863815871373e+00
4.703183173433882480e-01,1.798299240264312315e+00
-5.430275702788978781e-02,2.719638656342217242e+00
2.741771627369338771e-01,1.958396396467134259e+00
-6.510191814174195457e-01,2.219931424777811024e+00
1.821342123956786740e-01,2.194524017222706291e+00
1.539052978492549961e-01,2.242506128073661120e+00
3.881072277725126085e-01,2.323722336058956728e+00
-3.417282411494038108e-01,1.909736485831233122e+00
-4.811926292924369013e-03,1.852222995250277116e+00
-1.799025746273694715e-01,1.463883956448806867e+00
1.962432265737325265e-01,1.829800867132523878e+00
-2.722258649386510507e-02,2.233662733093613184e+00
-1.530343597957084245e-01,1.998653081071265714e+00
4.598502862887760001e-02,2.084443390038599464e+00
5.742076713741640637e-01,2.005597619839856183e+00
6.094109705210771361e-02,1.552710368586196932e+00
3.040946408552678837e-01,1.776773390722338197e+00
6.341970565418006411e-02,1.416926224333018514e+00
-4.856911574935309645e-02,2.399986429025106283e+00
-3.073163522562142314e-01,2.226806302129646475e+00
6.026877049250290996e-01,2.025871628319649176e+00
7.750794588904708071e-01,1.908671060939268305e+00
-5.737097436455228516e-01,1.658577726822368037e+00
6.155289492236195592e-01,1.484474113466664802e+00
4.518699645516436880e-01,1.863235219278036370e+00
-2.383160161545153644e-01,2.127347388057279964e+00
1.516100914321353021e-01,1.913084540903955411e+00
4.793196505717760014e-01,1.435978155044032034e+00
-2.998802612648110433e-01,1.493363776984106828e+00
8.071237323125950158e-02,2.268342775305024706e+00
-2.948211014530359442e-02,1.880437417289116508e+00
4.351497130257573343e-01,1.900600177900960253e+00
-7.883637294106209115e-02,2.391372991997850583e+00
4.465931270509265749e-01,1.986997291270498511e+00
-6.000216127875905581e-02,1.670716446841503222e+00
3.248249663700465417e-01,2.365342937484048225e+00
4.297046435189768032e-01,2.044862572587662353e+00
-2.195590721864043304e-01,2.338142239991178428e+00
-1.768654553949598474e-01,2.148377550890077536e+00
-4.947047966165917243e-01,2.108315679088198280e+00
6.251316712268895071e-01,2.027362718379722484e+00
-4.335216333504517960e-01,2.370806813482848607e+00
-7.884918933540984165e-01,1.993742478656244321e+00
-3.991634934077717967e-01,1.502234546289183514e+00
-3.067129505485877150e-01,1.992660038113233778e+00
-4.819053380968474909e-01,1.514370751032299012e+00
1.850240298653462248e-02,1.744438976088087845e+00
4.219236989149803274e-01,2.344771304888171315e+00
-2.234100986043764947e-01,2.116043017201240772e+00
4.980016119810662945e-01,1.576238128031912655e+00
1.058019046585699507e-01,1.718933596580107359e+00
-1.643848529600196451e-01,1.495886253407697986e+00
-5.357132241857776034e-01,1.825726122630124237e+00
2.766280659747386017e-01,2.177686770800115745e+00
8.455427238902263332e-01,1.511208273378479960e+00
7.068964524995263732e-01,1.927707505310393143e+00
2.080203022816209946e-02,2.203686460313420081e+00
-2.246387359468496325e-01,1.597837216016448902e+00
4.840008552875988412e-01,1.897764193102578600e+00
9.149238096288446476e-02,1.895947755164794080e+00
-2.728594941863908829e-01,1.903752795880088833e+00
-5.436153446899684161e-01,2.325284793339507328e+00
1.768289097244953312e-01,2.460954791580753032e+00
-2.560438300939488210e-01,2.030311012291204253e+00
4.762094805596549518e-01,2.629222940900683092e+00
-2.793624455293076329e-04,1.898063289046431290e+00
-3.719057415905560049e-01,1.859073210888392058e+00
-1.728943322338589300e-02,1.992953066592798583e+00
-5.231539962390232557e-01,1.666191266470349319e+00
-5.977185938282536526e-02,2.351331934601544660e+00
2.405845214336291837e-01,2.058131119106373585e+00
1.430455310602213037e-01,2.223117400407512267e+00
4.369993503472198726e-01,1.921739158388675595e+00
8.629495941695092265e-02,2.009888276976265598e+00
-2.351079469908710570e-02,1.906421762961369781e+00
-3.560997597422607130e-01,1.770382631863749889e+00
6.162316509560569200e-01,1.529594606992624950e+00
3.399033575521428485e-01,2.098628940204808835e+00
-1.644926305330514371e-01,2.483652453502775082e+00
4.495041678831451087e-02,1.825771354955774362e+00
-3.557606751279870916e-01,2.392096919733573746e+00
-3.926093412904858582e-01,2.535078593857588825e+00
2.082338455643517883e-01,2.399125608638180474e+00
4.927916198855777918e-01,1.151481256159948119e+00
3.899192153872037270e-02,2.322651990421679358e+00
4.177532004974828794e-01,2.088301039537044268e+00
-1.150015407512932075e-01,2.694710923246429690e+00
5.274129416996024000e-01,1.918081612280902126e+00
4.471825777072414160e-02,1.184801023573553991e+00
-2.962816116860660376e-01,2.373788427136397150e+00
-1.383960242432911159e-01,1.989616236468429333e+00
1.713885485293755173e-01,1.874192424686125680e+00
-1.473623396966065868e-01,2.193985577350955118e+00
3.098693603398453011e-01,2.063996928985457391e+00
-5.218778580549424673e-01,1.864567575568348845e+00
1.129706489737751368e-01,2.220877912102579899e+00
8.432841446382406403e-01,2.253708002837547131e+00
-1.621549654757605263e-01,1.879612386051078721e+00
1.921207001051308816e-01,2.185867330924932794e+00
-6.113522359144422935e-02,1.988265945055112560e+00
-3.152739879205125328e-01,2.494007428626800582e+00
-2.960663524668502924e-02,2.477632199887185749e+00
5.995165052279588513e-02,1.133518275934655151e+00
6.418389176616109415e-01,2.081886464406374149e+00
-2.183942552798622261e-01,2.085209385608245203e+00
1.453410318421002323e-01,2.273540940907392560e+00
-2.890677861368476931e-01,2.012948961408440152e+00
-2.701023669712427910e-01,2.114732395553195143e+00
1.776141296093508570e-01,1.880189987382935524e+00
-5.306547488368065224e-01,1.775308880309163007e+00
5.117656436959107102e-01,1.773035775446253348e+00
1.786559273007887194e-01,1.906713003797728678e+00
-6.021110916602410157e-01,2.366547982836222364e+00
-1.274301536252213374e-01,2.119817599462910263e+00
1.623305090589301225e-01,2.276114307282072424e+00
-4.430948117788697793e-01,2.087810903514588645e+00
-9.054985912911194326e-03,1.765093560802088790e+00
2.705084178828353614e-01,1.711585370503704073e+00
-5.848535545407216318e-01,2.220565321048828089e+00
2.588238347670631656e-01,1.903852834677634664e+00
6.297346838594773677e-02,2.172661755394201588e+00
8.694753655922415891e-02,1.704205760134812175e+00
-2.316355158271123926e-01,1.804911640521326577e+00
4.844304862314879334e-01,1.749976348336922394e+00
-1.100802581217440179e-02,1.749040605729282660e+00
2.576810301089769717e-01,1.826867137367388594e+00
2.672875930004736666e-01,2.040556946661761462e+00
-3.366144875911800671e-01,2.298273801806769434e+00
2.586008641633182337e-01,2.109187041288333564e+00
-2.975715151460182617e-01,2.533011227321653625e+00
-4.936537875794848595e-01,2.109334686888431065e+00
2.638512370100621340e-01,1.961115713833160301e+00
4.994051701749359640e-01,2.089962475791128593e+00
4.547111216374377096e-01,2.039675216820531212e+00
-8.773551889175457141e-01,1.903980040596587431e+00
9.001553331635174515e-02,1.877060413581364218e+00
1.585288696757525956e-02,2.166045465480738841e+00
4.819448698786190088e-01,1.932388926227726733e+00
2.463977669365134404e-01,2.215741007820625441e+00
3.072464062667939477e-01,1.894064402281097736e+00
2.517076578455701777e-02,1.666436403591801785e+00
-7.452018375121258198e-02,1.888607493598800646e+00
1.877463548216829203e-01,2.070924570553024147e+00
2.240352306964736931e-02,1.956918734619142564e+00
-2.383397356291562796e-01,1.815287653620796693e+00
-1.961495689027633049e-01,1.987902086516829758e+00
-6.260343929326647183e-01,2.512922956440320821e+00
-2.711287741030061760e-01,2.058563680938354068e+00
6.548345366264047840e-01,2.095006618052337011e+00
-3.658775107166888779e-02,2.044392458536214541e+00
5.923988915761472379e-02,1.460754242260210667e+00
-7.471729751083148671e-03,1.901428166954457932e+00
4.821347508645788121e-02,2.070700170362100856e+00
3.950423181954070828e-01,1.601063173352868629e+00
-8.282247016949110044e-03,2.552237412946490647e+00
-4.457169685092074451e-01,1.885223261581236986e+00
5.830829725511506995e-02,1.798202882698125560e+00
1.280103559610449027e-01,2.487797336735332543e+00
6.751214888904925882e-02,2.055411742082624116e+00
3.337978418685071946e-01,1.523846448120980801e+00
-1.516737330584400911e-01,1.851070372630690741e+00
2.134604107996547206e-01,2.234447631439024473e+00
-2.162471626975169189e-02,1.860061627701129705e+00
2.435005831960908029e-01,2.167288643435923312e+00
-3.576114837969650018e-01,2.355030783975804010e+00
1.468895690985577984e-01,1.257931491151185188e+00
1.213194409794044470e-01,1.915397287660088654e+00
-2.771906134945354983e-01,1.984010636912194148e+00
-9.949397091217980493e-02,2.085079463620241214e+00
1.913719548798898107e-01,1.980961572546897420e+00
9.123566251875811495e-02,1.670692120134115832e+00
-3.406778801830421810e-01,2.065337028048243706e+00
1.579575766123277603e-01,2.168702790757659482e+00
-2.463328509832515278e-01,1.470192490575097821e+00
-5.721257652431992538e-03,2.106017864373516346e+00
-1.314634875815063886e-01,2.285941137917848920e+00
-4.040275242225593172e-02,2.106089901979831591e+00
-2.870459852629756448e-01,1.647789808442172488e+00
2.102454720448925507e-01,1.497109837171978430e+00
8.364084939661969864e-02,2.327544626655155824e+00
-7.798586666429034586e-02,1.649884649744924658e+00
-1.869398640470853190e-01,1.839410312562911098e+00
6.917127926969891538e-01,1.766944408869228988e+00
-2.720953942812218140e-01,2.268565599065157645e+00
3.985685709576964469e-02,2.037812562456098320e+00
-1.195282353180625451e-01,1.984650925152987577e+00
3.227515297326509769e-01,1.817389357142699335e+00
1.131223647560656437e-01,2.015164826640178486e+00
-6.034409339755748558e-01,1.660828247816883430e+00
4.865256067933439454e-01,2.116539945207622786e+00
2.723933558226703799e-01,2.593879682557657329e+00
5.153863798006457220e-01,1.662923377315576268e+00
-1.435642845887273034e-01,1.349208061434178152e+00
9.389645315194845854e-02,2.170135890498841480e+00
3.102880027382236561e-01,1.642141599698054844e+00
1.443170361873347650e-02,2.129166029905313895e+00
-6.624206508419333561e-02,2.352635160541294290e+00
5.881015926431476526e-01,1.306203287002940971e+00
-2.131576063921129249e-01,2.202130526611142614e+00
-1.596589338792269719e-01,1.800821275677641164e+00
-6.549690904623781673e-01,1.522179255886931148e+00
1.641751290219641279e-01,2.109179008485113638e+00
-4.653963944464575841e-02,2.043056412102754571e+00
-3.101584049509715224e-01,1.909943067455822430e+00
-6.398605366845964981e-02,2.000796161942665741e+00
-2.132932252707415433e-01,2.253507546982262078e+00
-3.531904813529366249e-01,2.008318252268263215e+00
-3.110473497315987546e-01,2.115092217831574306e+00
6.704513700075476201e-02,1.603923126485164552e+00
8.883273722542522899e-02,1.848586382441174125e+00
2.662334517030759962e-01,2.349521237084218228e+00
2.760613438141109044e-01,2.342372098182678997e+00
-2.888320993616688148e-01,1.661655027929192174e+00
7.353429105134590138e-01,2.178856202287103194e+00
-2.991099327322935819e-01,1.352349349373837217e+00
2.054667601869942378e-02,1.936238069451557742e+00
-5.952057648164823522e-01,1.799228509992289116e+00
3.173027062570657475e-01,1.713999404956980666e+00
-1.311863033087802277e-01,2.219050141504520290e+00
4.591568232545111261e-01,2.428145063665462899e+00
2.472564919343021861e-01,2.037194450804467483e+00
3.810703129334477857e-01,2.687874974813437401e+00
3.618037970419420990e-01,1.704660310934733136e+00
-9.264327634184452154e-02,2.148795619530693202e+00
-6.530218514430191634e-01,1.949384275261949018e+00
-9.202457367414959566e-02,2.096757893462223965e+00
2.017487960292661461e-03,2.397418888386778413e+00
2.590078603683618752e-01,2.095442659624097370e+00
9.176165161030084283e-01,1.316560506102684602e+00
-1.401890106194226271e-01,2.306901135215556842e+00
1.024040132787192720e-01,2.091939885865702120e+00
-1.221349444909922699e-01,1.855511152206116066e+00
-2.867105319044517819e-01,1.736153129769552717e+00
2.251586483244633063e-01,1.663467079877241073e+00
-9.586033195732522952e-03,2.047302751980177415e+00
4.728533027775707609e-01,2.047066808284896400e+00
-1.272984740359308919e-01,1.827564425286499095e+00
-6.729696449980812067e-01,1.481273347065473311e+00
4.118647498276758329e-02,2.034160990857460050e+00
2.170876454100552910e-01,2.021638544515985458e+00
6.867863389246869898e-01,1.586444937615105299e+00
2.424580165555211275e-01,2.481829647390696003e+00
2.653226052339366925e-01,2.416326130807287420e+00
9.046439625412813212e-01,2.262825321337716744e+00
4.770547095862349707e-01,1.874988349827725553e+00
8.657129998262876047e-02,1.939933370947626523e+00
6.292599862993235316e-02,1.845439078129195831e+00
6.397498577325348712e-02,2.275026040659737347e+00
1.926581564513808464e-01,1.653855990335027615e+00
-1.713575056577149314e-01,2.019788241461562883e+00
-5.266055902110353681e-01,1.565234296259509383e+00
1.565466951564591647e-01,2.061378336807067946e+00
-3.351335802988673063e-01,2.030170578014629967e+00
6.689800668882949219e-01,1.902607202303402190e+00
4.754438803686565906e-01,1.969360154180096245e+00
1.519499929786945480e-01,1.835708518430177794e+00
-5.557681999483592428e-01,2.187455793922132408e+00
7.061140339184640916e-03,2.100661625769649543e+00
4.493998230405481242e-02,2.330176096028949928e+00
1.881150161986706038e-01,1.599347151578674131e+00
6.560724421309368504e-01,2.157393840649949990e+00
7.213225346601931376e-02,1.911204391810510828e+00
-1.540927328614144776e-01,1.980018726922754491e+00
-1.382796089735546796e-01,2.377079682291614038e+00
4.037410385800188628e-02,2.298867644003274258e+00
3.624851671507302586e-01,1.869240962735681633e+00
-1.595879596563098968e-01,1.917191319234017755e+00
-1.356268346693687288e-01,1.523883510015960230e+00
-4.147222810388668246e-01,2.405190752763947337e+00
6.262368772306007303e-01,2.394912466126125405e+00
-6.599298473067620463e-02,2.207982805485411593e+00
-3.819764938638621765e-01,2.100340635557433444e+00
7.421601445840254885e-02,2.244490637557070567e+00
-1.026083519540111344e-01,2.108864132723195173e+00
1.758113929861874203e-01,1.461663582752334767e+00
-4.242548993563180493e-02,1.965094244776989241e+00
-4.767528932906086453e-02,2.327177871825466315e+00
4.160143924353638667e-01,2.322036399706107979e+00
-4.043125804237492349e-01,2.269939485921787181e+00
3.215871105887841974e-01,2.562952172403799356e+00
-6.695780923507796412e-02,2.464975355960012049e+00
-2.522991639593207339e-02,1.964376422457195570e+00
-2.935230466894401813e-01,2.140585132400446788e+00
-3.224716664464608029e-01,2.567797521117130888e+00
-3.536769268864111138e-01,1.912148915454955356e+00
3.576379870983587561e-01,1.795854993186202897e+00
-2.199610098668424163e-01,2.186339808705119125e+00
-2.141128670957147817e-01,2.128205344859577242e+00
-1.322303721196295689e-01,2.369165574917143413e+00
4.153955009955898614e-01,2.303757398976400417e+00
4.204338118516198208e-01,2.062174700058494903e+00
2.425013573596721261e-01,2.459920393489274382e+00
2.853840409985529680e-01,1.900458435636762644e+00
-2.691471257568230913e-01,2.210996565139599301e+00
7.747809588102743186e-03,2.565352929235875656e+00
-4.519657828163748392e-01,2.520483427211059446e+00
4.594349425313918878e-01,2.205733893477170859e+00
5.051829805512781935e-01,2.142411032721108111e+00
2.821652005512940153e-01,1.738593724358098225e+00
5.076261228008149134e-02,2.000367841618057252e+00
2.705115410021778355e-01,1.998300967940735084e+00
5.768403338843633987e-01,2.020411764915345021e+00
-4.468241757168430611e-02,1.730272039448775390e+00
3.292266087958353182e-01,2.328802298440971086e+00
-3.660313778640121862e-01,1.685495477094218320e+00
-1.112771812519683379e-01,1.865277268058021409e+00
4.271569128901152590e-01,1.669483285899882263e+00
9.858041631841227836e-01,2.251871240342158131e+00
2.285081138578365367e-01,2.334985789229764741e+00
-3.472968269169657285e-01,2.514242737326536137e+00
2.029072274916695340e-01,1.991888975477946744e+00
-5.735041251148604441e-02,2.280740665519222610e+00
4.356819374415719093e-01,2.201698323656765321e+00
-4.192518107123493487e-01,1.946664429098803106e+00
3.555802035422110374e-01,1.808346302462833455e+00
-1.869453664714972874e-01,2.385700556716938259e+00
-2.509387775301519241e-01,2.086449587782511550e+00
-4.087271003653741297e-01,1.825621094982671666e+00
-1.492304360872595270e-01,2.458471248912731166e+00
-3.445754461355243770e-01,1.743777748947563877e+00
5.245046980033956086e-01,1.724235795835033613e+00
-2.589565313082781151e-01,2.316624111603815095e+00
1.123439349336634446e-01,2.389036850269568468e+00
1.421797650083483078e-01,1.815370939076426327e+00
2.911280635239067993e-01,1.985464526099657290e+00
2.593189647721760860e-01,1.532126151837768901e+00
-3.943375768765511324e-02,2.719530872610088856e+00
2.390884102135212852e-01,2.220707012499205657e+00
4.973213631762140458e-02,1.819222633713834636e+00
6.697734858502212008e-02,1.860916393618410769e+00
3.717006708540426807e-02,2.652979708462078534e+00
2.030310978369307406e-01,1.595251326705988681e+00
8.815003499242853036e-02,2.196605199593343993e+00
2.269063872653706015e-01,2.103382864023829235e+00
3.991458687037248709e-01,2.096171189482600727e+00
2.149699284409796740e-01,1.987735512481084044e+00
8.434226030885982883e-02,1.754089020985375447e+00
2.930928564933383274e-01,2.711144865357767664e+00
2.301104503452587602e-02,2.263830996518163552e+00
4.279239073081551881e-02,3.255589617082343068e+00
-1.089885644081950433e-01,1.837744464273943779e+00
8.967384119311663099e-03,2.276040306961460313e+00
1.070851138641559230e-01,2.573131035628212437e+00
1.803158119871413889e-01,1.987555368008674384e+00
3.421484707116309587e-01,1.993935068943826661e+00
1.868406944648229595e-01,1.970141095642830908e+00
-1.627707182464511459e-01,2.114387676755357770e+00
-3.361276813134089769e-01,2.288047319953587344e+00
8.182135377690730182e-02,2.285105499998579592e+00
-1.274275688913543148e-01,1.980935083047025369e+00
-1.511925854515939471e-01,1.923143521762227470e+00
2.094420729096783951e-01,2.257144506245534643e+00
6.299461976572330313e-01,2.031415080407879881e+00
2.119603254601198361e-01,2.039573331010839041e+00
-4.607902222341980214e-01,1.690650196520919746e+00
1.923738134346351658e-01,1.875172504704629262e+00
3.115927682226315443e-01,1.984135346546681777e+00
-2.473371088486996938e-01,2.082079406980182679e+00
5.176189344308419482e-01,1.567559822854804885e+00
-2.367061941351229215e-01,2.171711520311178756e+00
2.079185956869986779e-02,2.159842799178922412e+00
-5.457204570119995601e-01,1.968725420226666856e+00
1.470166173828366951e-01,1.675203228220972118e+00
2.062845765788723085e-01,1.751132128273649169e+00
1.604481700664264210e-01,2.229337581697555137e+00
-1.655463519409000328e-01,2.217579827574899465e+00
2.502330598849863974e-01,1.810161582680153813e+00
3.119720596500196730e-01,2.354112342548516423e+00
-3.050838405781074528e-02,1.833424529766246369e+00
6.532196494383017971e-01,2.197028225240272636e+00
4.358669902907499200e-02,2.491440040472366668e+00
-5.903873517744641086e-01,2.149696947258350477e+00
2.639991264914036684e-01,2.256180369640060412e+00
2.505471535212718259e-01,1.866537505958590026e+00
4.309326616997344872e-01,1.653708107558957918e+00
-6.250851714293330363e-02,2.598333743222860370e+00
1.356311857820345912e-01,2.481428016562302830e+00
4.638367488149905404e-02,1.827356464519642509e+00
6.495231845158466744e-01,2.749478042722702575e+00
8.650637172882483239e-02,1.861415918260530988e+00
1.615080156070747563e-01,1.649708868949888441e+00
-8.267180187018006998e-02,1.620180634874126113e+00
1.057080846232927973e+00,1.693455533000801205e+00
-2.029307903485523881e-02,2.139456982352945236e+00
-4.354139169715202651e-01,1.961662681149081600e+00
2.794879301634560220e-01,1.852655351497598746e+00
1.289510733254896346e-02,1.769869605215081965e+00
-8.394231396803912559e-02,1.768594073248993315e+00
3.825105121874631253e-01,2.400232020198496574e+00
8.661554278191788692e-01,1.799102388881087311e+00
1.152643752716020903e-01,2.106661340196656518e+00
-5.499535311919451219e-01,2.095852128219889199e+00
-1.912966228614624564e-01,1.728643500696882995e+00
-1.529040990174247716e-01,1.501413497162404020e+00
4.059566523868180510e-01,1.725275907014466092e+00
1.044733107616637957e+00,1.964297558266316024e+00
2.367951534058431728e-01,2.386099550336167496e+00
-3.626363778177082997e-01,2.099290020216631802e+00
-5.710303544404839171e-02,2.094048128828819522e+00
2.277412984364691195e-01,2.037114300538926948e+00
-1.641572879298220933e-01,2.092590582075955385e+00
-1.148099698350161096e-01,1.757555611078800206e+00
4.006551191754791422e-03,2.494344587484513820e+00
9.246904926776500222e-02,2.495764231070395134e+00
-9.813534661404256509e-02,1.728359112302395140e+00
7.891818899141510302e-02,1.679892899924229077e+00
2.859820410807957236e-01,1.874959526883689387e+00
8.379719896430590231e-02,1.662405752832658790e+00
1.595301554620364992e-01,2.300574192324146061e+00
1.130061994126361491e-01,1.692604019070485855e+00
8.175944186463193764e-02,1.976274646797756107e+00
2.889742805447693130e-01,2.576421608307261302e+00
-7.258091284547392164e-01,1.759418682078356166e+00
3.838255783369540208e-01,1.504347214985738646e+00
3.482733149141047369e-01,2.104456612839070040e+00
1.106181138849025580e-01,2.230544965717287997e+00
-1.413546356628831158e-01,2.642231408927702141e+00
-3.230443411794194364e-01,2.113424126503029132e+00
1.885908259953051613e-01,1.843082792317590313e+00
-1.549665052673549759e-01,2.449044577281002333e+00
-5.303911007083077500e-01,1.438760506544113138e+00
-9.597758041701083542e-02,2.328893420139779291e+00
-2.770114774573277372e-01,1.291599044128706852e+00
6.933946252948065825e-02,2.144754093019514141e+00
-1.807951580798469737e-01,1.873164745609759985e+00
3.029050905088498391e-02,1.832202253259569869e+00
3.851840590231560002e-01,2.385292761722766386e+00
-4.996724277198962005e-02,2.594573388734181751e+00
9.511835420570757815e-02,1.891578618282472979e+00
9.602138655355682562e-02,2.205654918793976904e+00
3.514839375406480504e-01,1.967298846463268136e+00
4.702598764927206076e-01,1.777540354188095861e+00
4.465920494672534491e-01,1.659720867172520542e+00
-3.081243439060215583e-01,1.768781680796708944e+00
-1.093537303309059655e-01,2.299207202498220415e+00
2.013049466052074798e-01,1.615627180613523395e+00
2.652235925181551934e-01,1.685407457571212353e+00
2.537413697604034568e-01,1.994136218139292094e+00
4.971687373851782499e-02,1.979197148879628054e+00
3.318756332314616309e-01,2.180184616963074085e+00
4.167369339628237968e-01,1.684157992150017602e+00
2.660133864753098654e-01,2.376594428092705602e+00
-1.937967304141676728e-01,2.225399825608990412e+00
-2.402698814248064862e-01,2.202884155382280440e+00
-8.434470949051645766e-03,2.291906660838973320e+00
3.148775807111549585e-01,2.438986216063978585e+00
-7.681357513664613390e-02,2.456243931535044389e+00
-2.827556422018243434e-03,2.240818958366007418e+00
-8.730357866702044556e-02,2.167817674649830550e+00
1.620459216839593708e-01,2.031249864397973504e+00
2.006555276924033016e-01,2.378256377512315112e+00
2.799855987423806036e-01,2.198125744823663741e+00
-4.792877378488396567e-01,1.562067077374825974e+00
3.842875665302025179e-01,1.866238127822476667e+00
-8.576950945316166863e-02,1.688930334390993160e+00
-4.405019480121023512e-01,2.190029376933224192e+00
1.753097013489995915e-01,1.447502730968507567e+00
9.118912420198899138e-01,2.203907472977526982e+00
6.392043500336651307e-02,1.559402382780095797e+00
1.523740883534800217e-03,1.676760180498357400e+00
-1.501949061436849697e-01,1.785838578025630063e+00
2.096235177092767021e-01,1.617329775755582677e+00
2.354595574393930635e-01,1.854938572950824982e+00
2.989927102797693692e-01,2.005047798711371509e+00
-3.614584611883002729e-01,2.159684194370626198e+00
1.735872041185410330e-01,2.436083994755892324e+00
5.523841180301579390e-02,2.059375114839322229e+00
-2.132984784189772276e-01,2.154227602127516406e+00
-1.863466755598466862e-01,2.072350200774984330e+00
4.782181411370240443e-01,2.751088148173010506e+00
-7.790178467142247487e-02,2.111509221261203884e+00
-3.745751941890476111e-01,2.250524617102170666e+00
9.551181103536751649e-02,2.229318610732136108e+00
6.272567407135555273e-01,1.911190304022176267e+00
-3.678564822563968328e-01,1.783627104719192058e+00
-9.733884536704666413e-02,1.777363873364154134e+00
-3.758713470908585652e-01,1.923448748897728322e+00
2.276572834550990299e-01,1.607665926246389043e+00
1.331080307167723797e-01,2.104972670457313733e+00
4.870064545288063096e-01,1.707745989972310197e+00
-4.574665944851480370e-02,2.338220085607761956e+00
3.121239460251934994e-01,2.264817197613334443e+00
-1.063851657040720128e-01,2.080117023616166350e+00
1.517636233037738050e-02,2.141411732128763123e+00
-1.057659917470511884e-01,2.090686455504858987e+00
-2.337378660526389425e-03,2.071758695239703574e+00
1.574642993176120914e-02,2.088324480779210290e+00
1.854421002268754892e-01,1.978293559534837653e+00
-1.040147582989274788e-01,2.303700807389148952e+00
-1.254266071083572631e-01,2.150792492997253724e+00
-8.164866727460984297e-02,1.692280393617406897e+00
-1.373676443081756904e-01,1.657533768413646413e+00
-9.827318874735559151e-02,2.278423355046412802e+00
1.250496325382616514e-01,2.112829647418835055e+00
-5.148587781793174667e-01,2.091510746504342322e+00
-6.912866549354060863e-01,1.791536833661587558e+00
-2.672975128927845834e-02,1.310080277299670248e+00
-2.628799038602217530e-01,2.276517868521680921e+00
3.585852277868748494e-01,2.271386100212510417e+00
3.023617675455962384e-01,1.457057011209497599e+00
3.813362113019930777e-01,2.189742660796939688e+00
1.265180361490322314e-01,1.522142465348192530e+00
3.195759851967814313e-01,2.122495901679635200e+00
2.160587407525359771e-01,1.804020106624924402e+00
2.390336421841409917e-02,2.267521147726020203e+00
5.122419893823573211e-01,1.565296968465026861e+00
1.207491955788675547e-01,1.484520939261507078e+00
-2.993410344575662130e-01,1.433454615292139689e+00
4.702890152584461858e-01,2.025567627400798543e+00
-2.414398697477780353e-01,1.816414221078462621e+00
-3.151338986141693499e-01,2.297852829745400172e+00
2.747844385771038844e-01,1.476751972739485996e+00
-1.230222101725784167e-01,1.621216581225889852e+00
1.212439947551827435e-01,2.135808978016375370e+00
-5.505341643364428106e-02,2.451918853638366702e+00
-4.115045158673432679e-01,1.466873425160596600e+00
-2.439031891194571866e-01,2.095139558897384457e+00
3.763576376645239585e-01,1.704656886816199979e+00
-9.633020615449807700e-01,2.139700770241046435e+00
1.167500538924404335e-01,1.983398284403001144e+00
-5.524646466528312372e-01,2.306251584896460649e+00
-1.928204750951712232e-01,1.758623765701614383e+00
-4.747256125454615144e-02,1.743682300140477981e+00
-2.314134936924833741e-01,1.800766204978667240e+00
7.641163356578874188e-02,2.469161103025610426e+00
-3.810629094114336562e-02,1.678986725516150802e+00
-2.042528884326356708e-01,1.696595597457114302e+00
-3.853984371920904373e-01,2.550004623745774524e+00
3.628075356055524003e-01,1.743948076993196983e+00
2.672071043890764663e-01,2.305987064754303706e+00
-3.781005165609416241e-01,2.571128551566286724e+00
-4.511855533694641429e-01,1.376116508168350627e+00
1.629409094813523140e-01,1.988083280488121218e+00
-2.422781150654953475e-01,1.090415991458389078e+00
1.366831662560620553e-01,1.507756334832177414e+00
2.879839334183996180e-01,2.240584687740031722e+00
4.724373169777069670e-01,1.902300887065539348e+00
5.157311975544701804e-03,2.361097993640044912e+00
-2.314828809979779523e-01,1.598990996969042566e+00
-2.716141055690980410e-01,2.000141319465476020e+00
-2.242624004574153562e-01,2.026234867619677082e+00
3.451829909385173978e-01,2.385358356618404674e+00
-1.699108605386687454e-01,2.499556895924266442e+00
-2.977402235339851044e-01,1.121292090857242352e+00
-2.501514983618118304e-01,2.634791709777326574e+00
-1.480900827228857561e-02,2.198874185732891728e+00
6.427072543911788172e-02,2.422267023503564598e+00
-2.815767615115137290e-01,1.917718344297319799e+00
6.083864964818126442e-01,1.896803788021856674e+00
4.333873745111135878e-01,1.861675071756913047e+00
-1.034863079684904402e-01,2.360778698847039170e+00
5.374269329636285342e-01,1.739802369525156323e+00
-1.162048242317132024e-01,1.853391650949325564e+00
-3.850832942821140747e-01,2.184281374054577451e+00
3.548407187347073222e-02,1.277034980438829681e+00
-3.100174869828635771e-01,2.019725910366608090e+00
-2.197998150923457794e-01,1.359846589873580758e+00
-1.928169198102737958e-01,2.813921663965055497e+00
2.299566309534424868e-01,2.014644821118226847e+00
-1.679832589706552470e-01,2.139211193138852884e+00
-2.385488413901751537e-01,2.170749746233744393e+00
-1.331280794172246262e-01,2.036689258683589632e+00
-6.311723046401673809e-02,2.122612452053374010e+00
2.885225338031654485e-01,1.734396675113828001e+00
2.751579420677057741e-01,2.199062632412609908e+00
-3.242610457866366147e-01,1.972724288711736884e+00
-3.219471262840356007e-01,2.558334232746367842e+00
9.756684446513003151e-02,1.756249957634962611e+00
2.783844158443653516e-01,1.917152956818403142e+00
1.945683180917696653e-01,1.762678704076649838e+00
-5.277033146408202091e-01,2.144107785525744436e+00
-1.384009860145747790e-02,2.592217295550215184e+00
1.637116400598946295e-02,2.538665603922341418e+00
-2.085259493539678710e-01,1.669753676635324924e+00
-3.196127907120490108e-01,2.058625479502941502e+00
1.145538859901839568e-01,2.233470998047279110e+00
7.883171322190392349e-02,2.024216295674086563e+00
-1.528457718216436612e-01,2.068128550192529058e+00
1.797860695874291259e-01,1.658979855085225719e+00
-1.532165196019270037e-01,1.864499580188659689e+00
5.106530751034947524e-02,2.095445287080435204e+00
1.497867290511625815e-01,2.217039282539724265e+00
1.132946771911591960e-01,1.842197530653214121e+00
2.451403121879313363e-01,2.658567988221422151e+00
-1.058152460595413874e-01,1.907644701151881117e+00
-4.313536326272625343e-02,2.475787802797191350e+00
2.259544113198348192e-01,2.163082634701148255e+00
-2.990676686224570946e-01,1.852371910107189823e+00
1.561009486040825511e-01,1.916382166689046151e+00
-2.661273759439227934e-02,2.575090462940884617e+00
4.113815618547807251e-02,2.075719037385959087e+00
1.215565792986681160e-01,2.420850479576425851e+00
-7.302181552424134026e-01,1.218182073492070749e+00
2.430591471915817536e-01,2.073911809199411760e+00
6.118020260615369271e-02,1.954556882412454177e+00
7.192307437379090451e-02,1.640433590977475653e+00
-2.373641951908984637e-01,2.047922494223944234e+00
-1.595106309457816895e-01,2.011868764140894328e+00
4.944168781448336492e-01,2.478115524214317578e+00
4.757311610431042559e-01,1.849661401229307778e+00
-2.131365917097799434e-01,2.127324337908763408e+00
-4.011916103733104699e-01,2.130658502119233244e+00
6.436553382296570369e-01,1.744673391972991316e+00
-2.389357889410385349e-01,1.647949364565143959e+00
-1.906182946712158266e-01,1.987897049593365439e+00
-8.717546298398864968e-02,2.398425193807439459e+00
2.187186945500068369e-01,1.390354376981639994e+00
-4.320284856594586859e-02,1.854940728475429790e+00
-3.109066591513671707e-01,2.159633762240845023e+00
1.035858415843582403e-02,1.885445664596442583e+00
-5.630875318696254572e-01,2.235323364496301313e+00
-2.450271106546238753e-01,2.260187730839184006e+00
6.020801819413866829e-01,2.869632220615748519e+00
1.112295093172021854e-01,2.258817789937345388e+00
-6.874022850836900012e-02,2.416655638394500372e+00
-4.374570073107776902e-01,2.329429373875541387e+00
1.758630176415150737e-01,2.027260080673942255e+00
-3.282422006742194975e-01,2.301012148105696653e+00
-2.078450574233038910e-04,1.665690735464044003e+00
-5.444062502996498409e-01,1.596639424755557091e+00
1.343494269370295036e-01,1.743355703206705964e+00
-5.332198809374042586e-02,1.945584467614292823e+00
-1.833093269233319056e-01,2.285831781232049220e+00
-1.019344868308044993e-01,1.928576807400725679e+00
3.813652349610027747e-02,1.981344660328435703e+00
9.599395109785506530e-02,1.606452732237529490e+00
1.792395586976232857e-01,1.775598344108879179e+00
1.944959031333392818e-01,1.734745963518133927e+00
-7.318554867978080414e-02,2.343878181427489160e+00
-2.449606195480345805e-01,1.745549833339115731e+00
-1.976295243877576324e-01,2.340473493223726997e+00
2.094520834519744967e-01,2.322693541585979293e+00
2.433705112639850121e-02,1.945292674663436472e+00
1.014419348507000496e-01,1.747371240473617249e+00
4.985218012637115254e-02,2.155085939992336552e+00
-3.099863897077891894e-01,2.319306047409345872e+00
7.626099726631047071e-02,2.046885288322763952e+00
1.698458665583432448e-01,1.896826233509607773e+00
1.638587165123905898e-01,2.710265221240080624e+00
-4.559097676983754899e-01,1.910775562318330678e+00
4.227714996874782361e-01,2.615806142317421035e+00
1.643529785261592380e-01,1.931721178332280742e+00
-5.435391726450847227e-02,2.796688514184259233e+00
7.076895836118900218e-02,2.939247392820105276e+00
6.777894975923362542e-02,1.109623254994781316e+00
2.232339574633415979e-01,2.305179205571739498e+00
-2.965085106261552972e-01,1.782056868449389597e+00
-1.750300672197998286e-01,2.192846467210075811e+00
-4.537558448706239256e-01,1.733074316913550739e+00
2.593802193654849986e-01,2.856783083693072545e+00
-1.954024497113262537e-01,2.482359864087598122e+00
1.515722675021560772e-01,2.014692683089025493e+00
6.860391916391921086e-02,2.194685264621890841e+00
-3.617667608842310978e-01,2.035080999624168552e+00
-4.707508744711692839e-02,1.891391431848581606e+00
-5.120668302764448399e-01,1.837356693042968780e+00
5.885869404869784050e-02,1.646010334007403486e+00
-1.932156309581883891e-01,1.677089304365975142e+00
-2.366583847817774755e-01,2.296415951622354790e+00
-2.601273175885713829e-01,2.069189951720734388e+00
2.435416075542038428e-01,2.289396505059269060e+00
-1.740193180889063052e-01,2.167925531363101843e+00
-1.190795225234824312e-01,2.065860112332041254e+00
2.482421715756434610e-01,2.189650429236198903e+00
2.463470418434872689e-01,2.185229719678675853e+00
-5.169861175675158904e-01,2.148666627453116984e+00
1.250116674792700611e-01,1.444348426201917501e+00
-4.202864528151987328e-02,1.989551069935388661e+00
-3.483118294065217224e-01,1.987932170553188049e+00
1.063253872779304637e-01,1.800350990817156882e+00
-2.637660261375558979e-01,1.696298757056259099e+00
5.499806337768418929e-02,1.337008239672507592e+00
2.803424424619495592e-01,2.128382056625326424e+00
1.510097873123483411e-02,1.568217181886732092e+00
-3.716416436099007625e-01,1.607345948350920928e+00
-3.230030266491085711e-01,2.575131920802089969e+00
3.872440010540358357e-01,2.112470694484735123e+00
-1.757906490703789459e-01,2.044501259803564785e+00
2.652635704013577844e-01,1.855950635003662752e+00
3.207070742828709298e-01,1.791965927050467977e+00
3.961977261253619986e-02,1.585347203062666521e+00
-2.274563154269579335e-01,1.700734762222332996e+00
-5.554230534007456588e-02,1.969327609727319794e+00
-1.965987306465176998e-01,2.462311119683616489e+00
-5.132102723053665917e-03,1.792590281007826691e+00
1.104203771000780848e-01,2.294834714025880906e+00
-2.856147680463861360e-01,2.449599669647099631e+00
-1.333556198784142943e-01,2.450440008621669552e+00
1.047552166065940649e-01,2.367689267453188418e+00
-8.684029614263119590e-02,1.715374069845020832e+00
2.112542444986594270e-01,2.097636858402329274e+00
4.227987736116330386e-01,1.826892737212615581e+00
-1.888437912479201120e-01,2.111313268239634944e+00
-2.532568383264205414e-01,1.638637076287706940e+00
7.680593797287587066e-01,1.670349395952519522e+00
1.008427795039334857e-01,2.287909586781621485e+00
-1.114438006048042856e-01,1.747849858062552553e+00
1.691925185719988789e-01,2.021881522757113192e+00
5.897150442478114180e-02,2.533370367833201353e+00
-4.501760216149670868e-02,1.646983976607032663e+00
1.318733870483642656e-01,2.440601410167030139e+00
1.814494325716022594e-01,1.941088628645971204e+00
8.178857675529189325e-03,2.329665319355854525e+00
5.558445135580589724e-01,1.848130417935672565e+00
7.527610975835442864e-02,1.853748620406484804e+00
2.134483273831261352e-01,1.966189654910466267e+00
-3.220199801315277721e-01,2.078896692321043904e+00
-4.129428465367384615e-01,1.918241716881949444e+00
9.787885260059320247e-02,2.252160289658345693e+00
-6.279846693996181672e-01,2.569484932149823653e+00
1.133101953299288644e-01,2.012725510079758529e+00
-3.227440014961282522e-01,1.916494852592660170e+00
4.279302457072154953e-01,2.010923454820149114e+00
1.751707147744566984e-01,1.561446388537903518e+00
-5.710322306626547384e-01,1.998395625272853415e+00
-1.297802936646701988e-01,2.171891038129789564e+00
5.951566305768261067e-01,2.270579143570575109e+00
-1.132614876495792594e-01,1.845269114740515359e+00
3.257743306019152407e-01,2.477784878153896919e+00
-1.788013897905335325e-01,2.048573480540917924e+00
3.260438202146517250e-01,1.583087826730688263e+00
-2.678340388359922164e-01,1.667366875638022439e+00
-6.852858203195424935e-02,2.100593604904351874e+00
2.225972463351559294e-01,2.095675175273942870e+00
3.277437741193767740e-01,2.132633360226854791e+00
4.847481821840300686e-02,1.797159137621243907e+00
-6.418670901904802162e-02,1.155805646004065323e+00
-2.598007297567929141e-01,1.423394235359988214e+00
6.524296925371000921e-02,1.842539440463474287e+00
8.849890870168489743e-01,1.796116674473982044e+00
1.650275089175022025e-01,2.126133795399293813e+00
3.944591349950435366e-01,1.932857209851749802e+00
5.468889470696681743e-01,1.796484833438616979e+00
-2.978962257295447169e-01,1.977195031068371911e+00
-3.589836719842304149e-03,2.229809117135285845e+00
2.502264599157481562e-01,2.172064068635961576e+00
-4.974860439564164905e-01,1.227640169389879521e+00
6.864016245062138921e-01,2.076707211636364292e+00
1.341762868295366951e-01,1.670558053045730684e+00
7.787716103055818129e-02,2.053939647540533375e+00
-9.492103691091786921e-02,2.633079449457044419e+00
-4.724031743340134093e-01,2.121566718137390506e+00
2.350477352447206125e-01,1.971579102639055447e+00
-4.077409666209503847e-01,1.804054441587639612e+00
-3.751887818344010750e-01,1.932459837591555152e+00
2.873784637791287344e-01,2.307644226600098936e+00
1.202898738194083800e-01,1.757596724843765390e+00
1.591416624683386280e-02,1.730343862631123386e+00
3.525705640503469795e-01,1.825105070351007885e+00
1.483400058290447812e-02,2.432740921344299423e+00
-2.616286500164902162e-01,1.898208413949964202e+00
7.841384226910351474e-04,1.144340671225769768e+00
3.405301552490891948e-01,1.217685561035729114e+00
-4.039972105011749304e-01,2.041956623873776966e+00
-5.342068417881812303e-01,1.880342637293709318e+00
8.592352349053405947e-01,1.588898484175563564e+00
-5.299790271390867336e-01,1.596730782460518139e+00
3.444133566066069907e-01,1.934311010001434239e+00
5.432760710808240967e-01,1.924012242419247620e+00
-4.983151549894065946e-01,2.346444416458032034e+00
-3.281709824584345125e-01,2.252559775619603410e+00
-5.103437461551544110e-03,2.014864487282715722e+00
-1.090541394853276197e-01,2.277019196047280758e+00
1.170813592519237417e-01,1.904376475472366659e+00
-3.303871931378468685e-02,1.978137111760530864e+00
6.043703754095061109e-01,1.824193480214769458e+00
4.718642583428823700e-01,2.122114695497313797e+00
-5.665348587620310239e-01,2.070818412810588427e+00
5.807760457766240891e-02,1.770716622961531428e+00
3.960129774076820985e-01,1.217683458043091527e+00
-3.747777032252422869e-01,1.636964435347317171e+00
-1.417251286138018762e-01,2.247677472720087444e+00
9.652567981278462050e-02,2.369261155693513921e+00
1.918394730572111073e-01,1.768983857377900870e+00
6.245151394520265242e-01,2.424708600074059639e+00
-2.770241399224351309e-01,1.486047512561489814e+00
2.938104219053216948e-01,1.834241784124312380e+00
-1.790803838201810161e-01,2.051495869816893691e+00
1.459125993362241913e-01,1.723672222818676492e+00
-6.998066445578658978e-01,2.194301385766126433e+00
-2.968042022638120447e-01,1.677938815964559183e+00
1.029458995972030722e-01,2.143431821479159005e+00
-4.675048276747666987e-01,2.273471485485520027e+00
3.358883144401601517e-01,1.549665398571005603e+00
-1.100972085148999441e-01,2.026950070926426761e+00
1.902641219250753302e-01,2.250442292407976108e+00
-7.860480847351850042e-02,2.065699439980818397e+00
-2.031564238180222914e-01,1.735389716958063655e+00
3.773075882506723433e-01,1.679871727794298275e+00
8.253981526072670660e-02,1.763379362440753217e+00
-3.650994994256340220e-01,1.639122684805123464e+00
-2.382738835865152657e-02,1.646675120170322693e+00
-2.685872685897987555e-01,1.320945438860320120e+00
3.569429723207226401e-01,1.735156546641886122e+00
1.114069805782499922e-01,2.145419180818586735e+00
-4.411289749064516430e-01,1.854741536630277965e+00
-3.581174977493925549e-01,1.893001362405326793e+00
-8.368793842893737511e-02,1.968522713240602018e+00
1.215077656864463757e-01,1.210779439802530888e+00
-4.130905452079963736e-01,1.829498375344934313e+00
2.757295534981641927e-01,2.607132624405194221e+00
-5.737309456074891623e-01,2.052417046322573491e+00
2.413008311991245713e-01,2.189889197271704280e+00
-4.689795860307122144e-01,2.076429800028064321e+00
3.584695358330533543e-02,2.058928740373703992e+00
4.438081724370518399e-01,2.089769950110766494e+00
6.897270976054142855e-01,2.142957011843327209e+00
3.236603916749237753e-01,1.782161444389517069e+00
-9.967312960873729588e-02,1.399732589548608352e+00
4.217290764352222832e-01,1.592818469217192057e+00
-4.321527753564558538e-01,1.805426243215386251e+00
2.191915525338780091e-01,1.656186796697230568e+00
1.487539958372144921e-01,1.748611482368125802e+00
-2.075157982868488793e-01,2.356911706288487451e+00
-7.345899796096046208e-02,1.909982817600538896e+00
-1.536262254347974809e-01,1.575833535950095898e+00
-6.649715513421575186e-02,2.202923741038959271e+00
-3.349544900771181943e-01,1.866420375253568631e+00
-7.617990050881916220e-02,1.828520416182181307e+00
4.236941390097865440e-02,1.629063949178582549e+00
9.176142884111315734e-02,1.722120930568595387e+00
-1.133712521978997440e-01,2.271543248142664506e+00
-2.219800324907783284e-01,1.711566262190967302e+00
1.975620128838819281e-02,1.849770982780501560e+00
-8.228939880715434307e-02,2.436243684336624415e+00
1.769203999371768421e-01,1.783337244049767234e+00
-8.872396972628691925e-02,2.086436869485881473e+00
-1.650271417298039278e-01,2.075968272568391892e+00
-4.812845298056092624e-01,2.414358415686240544e+00
-5.738287237996824164e-01,2.218928529297871766e+00
-2.288407943613144646e-01,1.854468406271823300e+00
9.213317879617642994e-03,2.478580412074524730e+00
3.101307759892168309e-02,2.312305989944472451e+00
-4.579746579953371532e-01,2.062299461540848977e+00
-1.946078660266720994e-01,2.229952245115803589e+00
-2.603234546213235578e-01,2.135404449031314655e+00
-3.045130645858408758e-01,2.307294510506355145e+00
5.840131372743619931e-01,1.958288780151722808e+00
5.508458052532309024e-01,2.311940268788436725e+00
-3.669394326379214646e-04,1.991573993030285594e+00
-5.270084547151006049e-01,1.839175846137562909e+00
4.387034752431595575e-01,1.733649770534395396e+00
1.559297886849306813e-01,2.141342768297147536e+00
2.471936136648319460e-01,2.703321031628554749e+00
3.639626064286207163e-01,1.913768207206796523e+00
-1.272385846675030095e-02,2.023040110961743743e+00
-1.446677723363182511e-01,1.872289834418145560e+00
-2.873274580986100515e-02,1.991657497314190284e+00
7.462774099830926655e-01,2.393066356603763545e+00
-4.151564102603718109e-01,2.124965194274725189e+00
7.954017799857837634e-01,1.738859305407736144e+00
-3.519406323509081669e-01,2.362919117674349145e+00
-2.841627830353224415e-01,1.964949151527366267e+00
-7.664443590949785584e-03,2.114873492408277489e+00
2.648839067863799634e-01,2.210275361269641969e+00
-3.358930312709821342e-01,2.298410040356020811e+00
4.397728245311906953e-02,2.346318141786522204e+00
-3.721861009198581538e-01,2.056375640643827829e+00
-3.361714007582558006e-01,2.043848080257716582e+00
-8.747737150122536498e-01,1.908276773945319249e+00
-5.063974897216912824e-02,2.183474492204488637e+00
-6.624996788706867534e-02,2.134024226492869936e+00
2.153548022276731769e-02,2.308529546301559598e+00
2.490786664221494515e-02,1.948379206360335569e+00
-1.072058767893277476e-01,2.208657250257488158e+00
3.459506559215433930e-01,2.225221529279561405e+00
-2.067785791372112048e-01,1.826197340917792955e+00
-3.901475323149111718e-02,2.252474332383473499e+00
-3.006287371570603995e-01,2.020092402893883143e+00
-6.555417923787499879e-01,2.218367076841345487e+00
3.486625658025011010e-01,1.524536396349424727e+00
-1.731943644391072401e-01,1.857518139527094547e+00
-4.647070592688075097e-01,1.810883691275070984e+00
-3.309589133092036284e-01,1.366695258742576247e+00
5.934642228722725177e-01,1.926782423680359235e+00
7.289186027659551037e-01,1.800398246732127117e+00
7.865891150344674065e-02,1.698946587855364232e+00
1.067721186610423451e-01,2.023758893079314891e+00
-3.619799185047019030e-01,2.070640176549243705e+00
8.847804557205771886e-03,2.378628531909664279e+00
-2.101472334696514455e-01,1.881847763646584459e+00
-3.014082415734772313e-01,1.831974609325283332e+00
-5.810140660470169971e-01,2.074892517820697613e+00
3.223699861216471896e-01,1.831014086168700983e+00
-4.310340182973343981e-01,1.750232433788515563e+00
-2.300112700907302465e-01,2.438265264980685298e+00
-4.017862407275680781e-01,1.831384451861430174e+00
-1.551105517419693047e-01,2.138142043927092395e+00
-4.366637758877475739e-02,1.975824090297104707e+00
2.147636060168830185e-01,2.265244647561336144e+00
-3.268834481496462052e-01,2.158148032701665997e+00
-2.836573762079108163e-01,2.392834204966519884e+00
-4.687903968291187162e-01,1.613672453847251109e+00
2.359626167769320326e-01,2.353279414192813057e+00
-2.159732922146765932e-01,2.304861950698162687e+00
3.057984104759187138e-01,2.091204147108118860e+00
7.490817797438072967e-01,2.413413935189034021e+00
1.666323006883313196e-01,2.331793788350867924e+00
-1.474085715002290131e-01,1.881177818017492509e+00
5.695814435512565332e-02,2.295568990513453755e+00
-2.967248003881590643e-02,2.173000348008430116e+00
-6.497386240229162391e-02,2.235392014532932237e+00
6.104500195825094400e-01,2.263623468096477964e+00
4.922440846309285023e-01,1.775751438322051845e+00
-5.001568817680285273e-01,2.529841689191738130e+00
3.896920228357909632e-01,1.954423338183543191e+00
-4.111286330381243026e-01,1.975345243365279613e+00
4.119224236822959240e-01,2.355785684590200990e+00
5.486530213457909699e-01,2.296376943282804284e+00
1.435551582489696110e-01,2.015394441066354680e+00
4.206356385811141352e-01,1.942950283635124009e+00
-2.918582247249136286e-01,2.077450554017296724e+00
-4.914795671895243467e-01,2.051255099151120920e+00
-2.325867076481184514e-01,2.165555665581859301e+00
1.896381518363121910e-01,1.995699993718442977e+00
-1.602741585589197715e-01,1.984770536337249203e+00
6.847066656718604760e-02,2.002359162959201466e+00
-5.537594822180039733e-01,1.771595698846704314e+00
3.896115080274365622e-02,1.717144569441022561e+00
4.859529993533489578e-01,1.968248891609710061e+00
-2.586033048024049541e-01,2.309712500890466647e+00
-1.798164740277182483e-01,2.113495288919694293e+00
-2.259953950316544169e-01,2.302014846259441860e+00
-4.054857613302589869e-02,1.409814543451568536e+00
-1.195514061929351668e-01,1.991901559557434975e+00
4.639691782186534663e-01,2.492983055306376095e+00
-1.278314864085697000e-01,2.517275840142075616e+00
-3.038988188834786941e-01,1.485754904910749019e+00
2.671774688008392573e-01,2.434737803296794567e+00
-8.082571757662533607e-03,2.068603742392773448e+00
1.826874150587807777e-01,2.136527580225835887e+00
2.587615854310985064e-01,1.988653195363286885e+00
3.156615224848561274e-01,2.379412059427259862e+00
-7.842421070043438525e-02,1.879963942813730915e+00
-2.788341598903531504e-01,1.915516186837144641e+00
9.694362329749169060e-02,2.085193229433211393e+00
3.645799624359091218e-01,1.932505926926190387e+00
2.464115100769846689e-01,2.107637597066978508e+00
1.473381151124011912e-01,2.364795900401505335e+00
-2.898879172307247676e-01,2.183310816568297064e+00
5.513571413595181464e-02,2.276909943499301203e+00
2.179978301401111762e-01,2.151499992622678992e+00
-7.052823579624702965e-01,1.922598370572747628e+00
-1.873348652622163213e-01,1.627675009456429844e+00
-1.449793095235557376e-02,2.197737389566830402e+00
-1.199691520736448636e-01,1.824237372410591806e+00
1.620820823418037404e-01,2.269343881604742208e+00
-1.652005888530304334e-01,2.425241680200360239e+00
-1.598005918897031988e-02,1.490985277353415794e+00
2.655778748749390572e-01,2.571709982128537852e+00
-2.349956987701782851e-01,1.658756288349511276e+00
2.508521119258539378e-01,2.097002565811418417e+00
1.938290856037420407e-01,1.927154161454397663e+00
-3.944015609149170709e-01,1.587460146894375868e+00
9.833533378770253908e-02,1.907670234975591850e+00
-1.547442147722058736e-01,1.892917277087420080e+00
-4.507819052674851279e-01,1.168803101263756972e+00
-8.430418035210153482e-02,1.850291351011447594e+00
-3.168454066194759111e-01,1.999485495596694751e+00
-7.295241769346271221e-01,1.969120125901725915e+00
3.030767183474587512e-01,1.985161250952239165e+00
-2.215151372307401223e-01,1.413716807795984298e+00
4.277198605681434111e-03,2.042209284443072814e+00
8.841986634411129753e-01,1.671389315967663824e+00
-4.596265667585454073e-01,2.119004971859085540e+00
-2.294787976189220924e-01,2.612149142567695037e+00
4.989712295697102395e-01,2.394133633235849157e+00
4.597247551338410343e-01,1.520898584140085941e+00
3.496269734442247756e-02,1.831662808218456062e+00
8.875567643342106156e-03,2.126466929501622971e+00
3.177376561485291684e-01,2.191356820997141686e+00
1.010423943328899593e-01,1.782929126727726965e+00
2.119923249215120709e-01,2.127806905685828198e+00
2.601231954489525711e-01,1.423844358277746913e+00
4.435723355993889672e-01,2.112126965483902108e+00
-1.912867041660848144e-01,1.891339294079302125e+00
2.007206316837669910e-02,2.533515877271226291e+00
2.406117014759306394e-01,1.729288107266479635e+00
-2.032661153686432520e-01,1.400819526092138112e+00
-3.014619353835846227e-01,2.024960270296441323e+00
1.996480313365061598e-01,1.886065455294356763e+00
-2.534939397061850008e-01,2.022132014460351179e+00
-2.009508040776635807e-01,2.198649564181437643e+00
3.046950161813615221e-01,2.124080411445472105e+00
-1.915606594947953101e-01,1.885663274448456050e+00
1.544304356729196172e-02,1.555241876290247127e+00
-1.065368400729527765e-01,2.273350082912779069e+00
-1.091147488987577185e-01,2.213265835410837212e+00
-8.430587023867260055e-02,2.016071241418359694e+00
-4.544974145541708088e-01,1.657210643170995645e+00
2.582030726058812120e-01,1.738261237910197599e+00
-4.758345531662723227e-01,1.351813261881416928e+00
2.284198878138500588e-02,2.273056238591601996e+00
2.316637364241439789e-01,2.286407522657124769e+00
-2.822191919119143924e-02,2.077897133557217391e+00
2.767397482627023675e-01,2.646409758263535750e+00
3.163036715694192980e-01,1.982927798450005108e+00
9.771857091280532204e-02,2.271339186650249253e+00
-2.138869280905862091e-01,1.763640522149973355e+00
-2.329809851212358840e-01,2.307081905302637015e+00
-4.037958637250709804e-01,1.942970781347915121e+00
6.189221110847153984e-01,1.771019138657734082e+00
1.351979469711487025e-01,1.638392723258079720e+00
5.690091075255827163e-02,2.081973232847570632e+00
-2.796641767590234834e-02,1.843796206613884658e+00
-7.744128714613186526e-01,2.169204327317210801e+00
-2.217864853382920942e-01,2.048170701961772089e+00
5.017447713587647184e-01,1.508801172082396391e+00
-1.410301218357308539e-02,1.574939808540661623e+00
5.909557837551264459e-02,2.017665901866950495e+00
1.205208896096857801e-01,1.525304974793703972e+00
3.083438095837767179e-01,1.822669642259962419e+00
3.788296879027812647e-01,2.161331926339530973e+00
-5.046350729869992779e-01,2.131623002478020279e+00
-1.371851720681493102e-02,1.399080991419230591e+00
3.355371068048618732e-01,2.460892231774149064e+00
1.208425337287373225e-01,1.360684368748617867e+00
-1.626707196726590726e-02,1.560710403362417065e+00
3.868780921306843590e-01,2.267591996993768344e+00
-2.686057543498934219e-01,2.554099821967912298e+00
-1.822597656712516834e-01,1.597671942523440913e+00
-9.330361643915038861e-02,1.951911173938552180e+00
-1.736018960420867008e-01,1.943429233784205401e+00
7.256157286079246982e-02,2.164193786064178227e+00
-1.697682164021891427e-01,1.886077949582076974e+00
3.795192842791213494e-01,2.637295474450452204e+00
-4.036762476590495807e-01,1.647898484658252283e+00
1.531066929709108404e-01,2.090463372697339839e+00
-7.860101889265470598e-01,2.108642740859916209e+00
-3.314727458277202943e-01,2.090834782544223724e+00
2.312479072255448423e-02,1.862415660358132996e+00
3.403245687444299006e-01,2.112429726095855553e+00
-2.734846420715846271e-01,1.800640513624521377e+00
-3.640756463152525768e-01,1.859698523095020706e+00
8.314495238706812175e-02,2.306544698386838732e+00
-8.250254356494520769e-01,1.574549570390421316e+00
4.900243947562969993e-01,2.116435264532955163e+00
1.288822884555971271e-01,2.145303939908357105e+00
8.730424151665246157e-02,2.220721438174052320e+00
-1.142459736065702947e-01,2.223755910959416049e+00
5.151629601077258869e-01,2.335554983583825628e+00
-6.660882827581025012e-01,1.904019420373525673e+00
2.366330216110043225e-02,2.097098141661560611e+00
5.213738649983794549e-01,2.031115449812385343e+00
-3.619520610098440061e-01,2.213147350067830033e+00
-6.064094273594137219e-01,1.978779059011511077e+00
-3.252682875798367235e-01,2.717410706211404126e+00
7.579493691967807700e-02,1.399234999061011120e+00
-2.733335151630426063e-01,2.379393340763588771e+00
-4.515293439707503131e-02,2.226675949078096739e+00
-2.938309463056796300e-01,1.768677035389190078e+00
2.863801982369555965e-01,2.025890820079718324e+00
6.489921062393948503e-01,1.782641870552316821e+00
-4.264576429652017775e-01,1.639495973922940442e+00
-2.058712546125167631e-01,1.919846658158387509e+00
-5.056464149836488453e-02,1.536286345419019650e+00
5.618051839910148670e-01,2.129323998883206670e+00
4.780105375170846660e-01,1.521894581832138993e+00
2.088357375484034828e-01,2.149967428564763416e+00
-3.512566319017344091e-02,2.049695692392757618e+00
8.643249684073449346e-02,2.161947378574772038e+00
-2.536784269529503422e-01,1.366567845999690833e+00
-1.025341150723521055e-01,2.169914844100327311e+00
-3.234526791469197748e-01,2.316174626295559147e+00
-1.335695213554261886e-02,1.838874268310958238e+00
2.218860148720166181e-01,2.552590837893184528e+00
2.975626156579864179e-01,2.196761206768363284e+00
3.656660189706589237e-01,1.248259848870724609e+00
-4.056925411476663412e-01,1.862108234618034874e+00
4.609203205190954833e-01,1.987554399362937874e+00
3.157677043091441926e-02,2.012670504786825187e+00
5.641531076985046855e-01,2.235292409299443950e+00
5.882520538275602950e-01,1.696544671380098679e+00
-3.041999644413950210e-01,2.360687892818152278e+00
-2.051627307418740220e-01,2.476704823263105926e+00
-7.206246945224135947e-02,1.651245378397826924e+00
-4.059579756844815257e-02,2.838099735634858067e+00
2.718513701077661660e-01,1.820037670281366537e+00
4.816738571056056184e-01,1.998343284664994224e+00
5.914535556972722041e-01,1.871807572206541925e+00
9.195506508387264744e-02,1.925102758623282506e+00
1.145555968171998035e-01,1.974266471288403491e+00
-1.589100908330730866e-01,2.083146539072097791e+00
4.121708040440985599e-01,2.304969396486644229e+00
-7.330195896230299324e-01,1.709666869150189950e+00
-2.699713594045675680e-01,1.708531379434547803e+00
3.236581909197473045e-02,2.547546305923731769e+00
3.569328982555219909e-01,2.069721181695250323e+00
-7.375829633657320084e-02,1.886687536964166023e+00
2.007113264335599334e-01,1.638264990194291837e+00
3.273461613877258758e-01,1.869103573556182285e+00
-6.867336499111088843e-02,1.845544723915270247e+00
-4.031873136598400631e-01,2.006647574345367335e+00
5.426547027786441380e-01,2.050191523991727216e+00
-1.530101915949916014e-01,2.165222121796030574e+00
-2.025324998340077010e-01,2.125622883724842538e+00
-1.014109124477258761e-01,1.562368443248764116e+00
3.842406660354630854e-01,1.483578131749959006e+00
3.901066398818072156e-01,2.168206108108865493e+00
2.218608436098937209e-01,2.453271291970166246e+00
2.109281086759060703e-02,1.753931376728398162e+00
-1.684746458742706343e-01,2.249023128373353941e+00
8.884718735584049565e-01,2.024830473947340170e+00
2.613669894565848750e-01,1.868347560462426227e+00
-6.712601579852366107e-02,1.985809866075767927e+00
6.633099840828959870e-02,1.906733268754909005e+00
1.596207071769150942e-01,2.065482030699422378e+00
-1.936103766915636404e-01,2.004460650491043605e+00
-2.205345335106756177e-01,2.134774420123582317e+00
3.686169466398890593e-02,2.084637038130977782e+00
1.730466378792719084e-01,1.421623091457624666e+00
-2.548747198318862539e-01,1.666812875594104071e+00
7.817105684873378035e-02,2.277335813590191549e+00
-1.480206804096226292e-01,2.144377165423410059e+00
-8.048453325717234985e-02,2.353539952703147087e+00
-2.140807728897769491e-01,1.569371250732144230e+00
1.430235748419507735e-01,1.759013115692358742e+00
-7.119704095032068636e-02,2.031195307420806451e+00
-3.967048411789811935e-01,1.531406686696279440e+00
2.833112471891937600e-01,1.890313868124916086e+00
-4.703618775776915450e-01,1.955673799915357058e+00
9.552015715874503377e-01,2.469215182569115985e+00
1.784207697623419187e-01,1.634155293364686345e+00
-8.300981016141439905e-02,1.975745051002277819e+00
-1.476788854892992393e-02,2.183699775562433221e+00
3.560988949041025281e-02,1.727654093946122682e+00
7.191184903939221718e-01,2.039488802198206940e+00
1.221713147655510354e-02,2.179589074468426535e+00
-2.050592211354468064e-01,2.053684987743524815e+00
-5.252449880548309274e-02,1.840783622443093570e+00
2.555943948064454130e-01,1.954893532567923309e+00
2.452067371994011702e-01,1.657376392461064718e+00
1.766867286907161938e-01,2.251991174501950521e+00
2.201440026878079825e-01,1.985574967869585983e+00
-1.184122004583070334e-02,2.283972480189493393e+00
3.308798723866330227e-01,1.989269866287967314e+00
-2.574141567887177837e-02,2.044060682211775504e+00
-2.423115399821793858e-01,2.361401157263123718e+00
-3.585465094390010710e-01,1.939920459306402334e+00
3.000415618328537981e-01,1.692793202508703354e+00
3.639031998814682423e-01,1.982218202342282964e+00
1.133757085457391955e-01,2.069058548904093797e+00
1.649340127918942356e-01,2.538782670732682156e+00
-2.019409394180934902e-02,1.748568021122980154e+00
2.456613529404231555e-01,2.127526192767405178e+00
-7.980176974129857270e-02,1.811148164152430962e+00
2.304103473571086080e-01,1.976714178150939638e+00
-1.853679917037949487e-03,2.027705925239799534e+00
1.384137230947350417e-01,2.135271230343732007e+00
-1.093174125096767479e-01,2.203060536067785513e+00
-1.100252638392475307e-01,2.201451877743223928e+00
-1.962708132070958011e-01,2.010097132519051755e+00
-8.751502076116579598e-02,2.031450586790219948e+00
-3.950369543799138461e-02,2.043412614452336573e+00
-3.017220106173265637e-01,1.862619894163969336e+00
-1.872522601021048283e-01,2.127662761957454851e+00
-1.811892816780832638e-01,1.889309044398227888e+00
2.165409121115849378e-01,1.585203010167561155e+00
-2.676427271011595499e-01,1.446737923257435110e+00
9.355359236387686406e-02,1.486195595875997588e+00
7.162630402994279999e-02,1.587462790505415722e+00
2.322888705775458251e-01,2.414451207800249133e+00
1.991296159727539705e-01,1.510901660610776132e+00
8.566822066467929542e-01,1.783588116942396828e+00
-4.311645540638732454e-02,1.325939152304179913e+00
2.746820492780360223e-01,1.800443463020358736e+00
-1.326447205055134859e-01,2.455527290251401151e+00
6.167370126865234781e-01,1.726006361029965408e+00
1.719798025684176820e-02,1.956128571246026127e+00
-1.320888827092612461e+00,2.389141276540671210e+00
1.114081164897209597e-01,2.035946774332733522e+00
-1.822071018614561666e-01,2.020998095214674883e+00
1.143871180135166699e-01,1.813042642791738324e+00
3.432015087037161849e-01,1.805098213754298797e+00
9.567431696140002439e-02,2.536584733619261733e+00
7.972160350833103204e-02,1.869531257767004906e+00
3.113458837382889199e-01,2.132775536128420413e+00
-2.760525123610527154e-01,2.479952081541607622e+00
-1.379812552643893131e-01,1.843031553662959787e+00
-3.183590265116226226e-01,2.192775860365860030e+00
1.305884501641786377e-01,2.566126656749772916e+00
2.590997517113087234e-01,1.528987690606475214e+00
3.749908409461088499e-01,1.959853310205283972e+00
-3.816671378603671005e-01,2.033672774049612109e+00
-1.654752892920398899e-01,1.529637539321605288e+00
-8.143495869175243485e-02,1.305584522356410426e+00
5.589374541027644638e-02,1.955862797596035874e+00
-1.622184114056851867e-01,1.612283882846172078e+00
1.042841276326388344e-01,1.424437336836303691e+00
1.614950887565963500e-01,2.208940133826768459e+00
2.724404430035771707e-01,1.848461017714083221e+00
-7.861322319658780033e-01,2.186972109505793682e+00
2.337435793407925122e-01,2.339258656134434400e+00
2.278584727381121611e-01,2.482475057677486330e+00
3.201489701510458752e-01,2.064453132272921376e+00
1.104010099181487563e-02,2.172542225303661478e+00
-2.632031351657521459e-02,1.957998884933679795e+00
4.313916658044136127e-02,1.701058996267303280e+00
-1.859333523100516541e-02,1.694724594534867679e+00
-2.818733574426457444e-01,2.101770870379711553e+00
-7.600541815964081613e-03,1.890093287841847491e+00
1.620838321775875390e-01,2.175659975329585993e+00
3.897344348689906757e-01,1.467874774908038749e+00
1.681046972384902805e-01,2.552431511872923053e+00
2.927069527796198889e-01,2.171221502466277986e+00
1.757011900035483631e-02,1.747764644237758791e+00
7.583720575776937978e-02,2.362934247924736830e+00
8.130739418742728708e-02,2.444968762014424257e+00
1.847849418996611592e-01,1.751373761191580503e+00
-2.549506541660918058e-01,2.058900100105956810e+00
-2.956609955975154636e-01,2.035742475687453368e+00
5.548405143906693926e-01,1.996198793913141589e+00
-2.747572699613238800e-01,1.006484554464375680e+00
-7.630187341059823103e-01,2.191727127039202916e+00
-1.727730098431388694e-01,2.440280748507828168e+00
-9.358888470131113135e-02,2.172842806516269487e+00
2.756448643718188429e-01,2.178565702266757054e+00
5.028879735756407870e-02,2.455369638641438090e+00
2.792749156818670198e-01,1.909156942424668602e+00
-9.616465068711482767e-02,1.789520655397555560e+00
6.587259377899791490e-02,2.235751130033348577e+00
-2.354719422949248797e-01,2.504590665186094967e+00
-6.584360159225847997e-02,2.692511693429276320e+00
-3.169792109176021722e-01,2.739747983089122929e+00
-1.040437452980707139e-01,1.532094123188780577e+00
3.925403983613609538e-01,2.013109666893926786e+00
-2.775684851610165649e-01,2.121340645415647153e+00
4.824329731950340872e-01,2.050211728966151892e+00
-1.757892716946567457e-01,1.838463855552986193e+00
1.457729337294286776e-01,1.779545736945606915e+00
1.528982519993992428e-01,2.102309842707919874e+00
-3.588838411981729037e-01,1.670966538048648253e+00
-5.523463829704913092e-02,2.385994307621948529e+00
-1.394067546845011440e-01,2.147587926112867418e+00
3.992315468335982942e-01,1.469916961199298377e+00
2.484973584887303355e-01,2.309599043751473957e+00
-3.258022385590049214e-03,1.946370412826767593e+00
1.356390448733860998e-01,2.212418342043280806e+00
-1.295700975216079187e-01,1.904571291199035787e+00
2.533341465047863061e-01,2.180679661650338996e+00
2.986290522999479058e-01,1.483257839618319585e+00
4.093037434310984463e-02,1.566488583816785018e+00
-1.893247425349335322e-01,1.688745680796655435e+00
3.862874803423725356e-01,1.748170212722281125e+00
3.200161732736651887e-02,1.997158281797348334e+00
-1.543020572604770525e-02,2.135372754027285325e+00
-2.579136362552980066e-01,2.333038986059561282e+00
-3.632120574982957567e-02,1.914283089888284772e+00
7.383892000488588570e-02,1.057013889750993307e+00
-8.245552405887567049e-02,2.208128427133817961e+00
5.630176404461132433e-01,2.690708401018285567e+00
5.292644754496629300e-01,2.113394784651194236e+00
-2.949957189351808950e-01,1.668916722728796209e+00
3.572218924725155675e-01,1.631072623379860920e+00
-1.619478754475348016e-03,2.021200779203889741e+00
2.422013073551017651e-02,2.009916008546056343e+00
4.656870120469146501e-01,2.220155488005803868e+00
-4.842987229322160414e-01,2.295260189777053483e+00
1.408123061466412806e-01,2.594452921315271166e+00
5.139992435127056503e-01,2.435735426649905389e+00
4.108296778838580465e-01,1.957510162469014547e+00
-2.650053970189014674e-01,2.058948232070343831e+00
-6.775802560478906555e-02,1.698171374801432432e+00
-1.814460672492491933e-01,1.933263807052891581e+00
-3.084627321574822112e-01,1.768380700414799112e+00
3.541037996596990700e-01,1.656926796837821625e+00
6.642297850650817903e-01,1.887695690714364272e+00
-1.734349214425929264e-01,2.160144388367446933e+00
8.654416417551928642e-02,2.353635611255108895e+00
7.548416156918162992e-03,1.708736167937037420e+00
-4.882465939354974083e-01,2.007908484878850874e+00
4.896408959572839392e-01,1.908055353728490111e+00
-1.775911287692704399e-01,2.095120324346449348e+00
3.874598943419222535e-02,2.025350606314664237e+00
3.725461005696587002e-01,1.923831186835192941e+00
4.601117975038220287e-01,1.825577963715342422e+00
1.360138341298948450e-01,2.069946875550539467e+00
-3.594566494635286769e-01,2.220066733432004558e+00
5.239651777760007123e-02,1.804177851796422427e+00
3.862634835600529948e-03,2.201643425296233580e+00
-8.774481541830951581e-02,1.960951265160904233e+00
-2.053689946191817883e-01,2.248776944494934149e+00
4.053585589423109870e-01,1.403736426209845956e+00
8.283966448930016671e-03,2.163503426694498355e+00
2.704196897941972821e-01,1.944789749031467174e+00
6.822132407597047976e-02,2.182570824967180467e+00
-2.509086119899754386e-01,2.121326385952620353e+00
7.689365880387512286e-02,2.015765251027325622e+00
-1.673446759127758254e-01,2.193769775820611390e+00
4.668404711496010884e-01,1.191935212972867308e+00
6.732737304567569525e-02,2.234650548932881176e+00
-7.518004017592665178e-02,1.879155477607181490e+00
-2.824659301391824751e-01,1.656227937739343625e+00
-3.812856960815649149e-02,2.053085716059708243e+00
-3.841458573060624326e-01,2.080585266801044497e+00
-2.685360821602343351e-01,2.247480090888150706e+00
-1.740394614573486931e-01,2.469489478967612950e+00
5.547534972964188876e-02,1.936211074255842046e+00
1.815138741287424529e-01,1.794171578109680976e+00
4.566202854467635297e-01,1.948340754352850590e+00
3.507593052168071490e-01,2.186113059302968065e+00
9.272434428030056075e-02,1.859075541938997933e+00
6.999986455091779941e-03,2.116105467105996674e+00
-4.742720921329508510e-01,1.921242729540475480e+00
-1.493740648728968667e-01,2.327211945408543592e+00
-4.315992615491094364e-01,2.431990496729135920e+00
2.776346757030694890e-01,1.960690725917480837e+00
4.341107160236102325e-01,1.703270291707068118e+00
-2.686316095063220333e-01,1.944193532136329949e+00
-2.630309189400927838e-01,2.504058163484086386e+00
-2.032325297751734483e-01,2.049826976936233613e+00
-5.678747970274945767e-02,2.442065843566824768e+00
-3.436777997295280274e-02,1.913199577369181892e+00
-1.847694354348036749e-01,9.615076918297580377e-01
3.149835677030171643e-01,1.417997882794443498e+00
1.976751033779498845e-01,2.314462151820904978e+00
5.536785447766464502e-02,2.165230625896358507e+00
-2.151323232367852167e-01,1.716085887120133879e+00
-8.176596044853333412e-02,2.375324752142986995e+00
-1.365313296246083996e-01,2.168290587170385475e+00
-1.642695228382992367e-01,1.937265346864585513e+00
2.926846047046309240e-01,1.965618282581220289e+00
-3.239417136183569967e-01,2.035757002681271466e+00
-7.894509579193201287e-02,1.897743102935251613e+00
2.848289190828831585e-01,2.079839479699233884e+00
2.767517567710396920e-01,2.033374274324739162e+00
-3.993736613363894905e-02,2.378235341519292056e+00
2.524081853749410853e-01,2.174652642085722398e+00
2.064467213563276476e-02,1.619857436071541867e+00
-6.967377644151179217e-02,2.044186792599103075e+00
-5.330182048995547872e-02,1.523204607520737497e+00
2.377872354121422227e-01,1.595123364590489867e+00
-2.835393370402587432e-01,2.488281945138780316e+00
-3.103999783523052614e-01,1.680548629739837097e+00
-2.561028355821655667e-01,1.968950609655930828e+00
3.533342142377048911e-01,2.302530256972634248e+00
1.932976958748315252e-02,1.733757287610130593e+00
-3.230863272569863831e-01,2.026337076931041370e+00
-4.405860028667294426e-01,2.296904973285335494e+00
4.249206614641274915e-01,2.159636188329911555e+00
-4.408995606573645198e-01,2.310007697407059357e+00
-2.485377834152050769e-01,2.161391868217818146e+00
-4.221182737829098364e-01,2.062329792570697595e+00
-2.675748000148641115e-01,2.456190181173077747e+00
6.195715090790319124e-01,1.385375236799441190e+00
2.157199854754732887e-02,1.751806860154964784e+00
-3.177257408685668083e-01,1.949487408043825365e+00
1.862174487794817923e-01,1.875283589329808320e+00
-3.954097839708324846e-01,1.817222064012505856e+00
3.449457297577358111e-02,2.345079011112698897e+00
-7.479309682024372352e-02,2.860776106345582548e+00
5.062595089184059871e-01,2.098330152577935426e+00
-3.242586427731661836e-01,1.862235047724448478e+00
-1.547545984307095168e-01,2.010249103024001283e+00
8.450028399379076738e-02,1.923865769438066309e+00
6.158922098206705276e-02,2.493649268741612524e+00
2.765046586082227642e-01,1.638801643762768157e+00
5.256226874266508586e-01,1.924812199973827243e+00
4.566735242680114437e-02,1.704850143181643851e+00
-2.006809179727474940e-02,2.281857983643867271e+00
2.320431151716303708e-01,1.567598100444160147e+00
-4.923728187703870773e-01,2.376880648375405691e+00
4.599789454522615340e-01,2.208526838389112346e+00
1.347750122695285935e-01,2.704375842565038823e+00
-1.354117864036146479e-01,2.409278708234315225e+00
2.507975775133493013e-01,2.040761149451641110e+00
3.492067279813892977e-01,1.659001019319623627e+00
-3.832303461055998062e-01,1.965036188328474154e+00
-3.663177267844162088e-01,2.969062404075414552e+00
1.685173881155722642e-01,2.313236180195735070e+00
-1.687264726691182007e-02,1.913178311044602120e+00
8.605260404287981557e-02,1.716309947658705148e+00
-1.612181597764146546e-01,2.035054001550040237e+00
1.307478731843818021e-01,1.596547140952246924e+00
2.794194562536169157e-01,2.488456513641442491e+00
9.161962892228751876e-02,1.918680291321857245e+00
2.020502173124512912e-01,2.373924948893189502e+00
-1.504492113524529551e-01,2.343200190418397000e+00
1.137399008375411108e-01,1.927870097864507803e+00
1.016636525695248927e-01,1.567049145465277515e+00
3.594988849491206895e-01,1.642966371348025589e+00
6.358957976148081892e-01,1.615484936852315867e+00
-3.253914234888395374e-01,1.330059180206284664e+00
-5.471857201191865361e-03,2.303054893326626829e+00
-7.517353644602702001e-02,1.869528694139598102e+00
-6.940736278855745844e-01,1.858109469662878821e+00
-4.184021690280868011e-01,2.223116998274435652e+00
-4.613573175342024490e-01,1.978296816829969273e+00
1.095428002310357279e-01,1.752882189467541263e+00
-4.402447299219979793e-01,1.165193419340250447e+00
-3.438698702833841714e-01,2.084389968032536178e+00
-4.465313802074181160e-01,1.774136560619519187e+00
3.881177716393809374e-01,2.298031646652198834e+00
-6.322961455669551256e-01,2.221710367629074145e+00
2.157251624616555313e-02,2.922396506788444981e+00
5.779251389473974432e-02,2.150760286024650192e+00
-6.189749869751135503e-01,2.126829003624648440e+00
2.464220155207581531e-01,1.891008713430721411e+00
8.126620250930628730e-02,1.700435206405513489e+00
4.475149829172028193e-01,1.808518959622854583e+00
-5.896652751621358490e-01,2.009239937901813988e+00
4.430409868877064339e-01,1.995722461107968693e+00
5.342383485684955302e-02,1.858473893936061438e+00
-1.424984154704478923e-01,1.640386664434827502e+00
-3.821127888908192882e-01,2.024602451533750180e+00
-4.460345553736305702e-01,1.876826348938369415e+00
1.875868058263708282e-01,2.086774965831214246e+00
9.111407120246360625e-02,2.599642671909600189e+00
5.144217665312396104e-01,2.484306997599657230e+00
-9.567834694574252341e-02,2.852151841343166794e+00
1.076945389849923024e-01,2.007229136922883406e+00
1.450632435019366118e-01,2.281569799762947603e+00
-1.154318845818340933e-01,2.253496044030749879e+00
1.037592203953582592e-01,1.866599719710183569e+00
-6.052926436282022316e-01,1.783207187596874910e+00
3.628116241477605808e-01,2.159154413025340613e+00
1.384642489433067503e-01,1.105407911205990246e+00
-4.408450646325755562e-01,1.819998888244708235e+00
2.600734148737302021e-01,1.808282866151142088e+00
6.250905603964854729e-01,2.301512262825478494e+00
-7.426283028908701178e-01,1.982464138846075086e+00
-1.592540032077013057e-01,1.906543917830432200e+00
1.037452508562835135e-01,1.796843937949962999e+00
4.293908260433855206e-01,2.407786338685693472e+00
5.514558656634519496e-01,1.858892601445853998e+00
3.867274919692677559e-01,1.340171844653125444e+00
-4.016724051609830148e-01,2.005501884679619540e+00
6.459492973842458075e-02,1.396247518485218997e+00
1.364349826576602420e-01,1.975571254974640034e+00
-2.950815602038773244e-01,1.648389472356298402e+00
1.957766910477755362e-01,1.586694430814814538e+00
1.050392352643069599e-01,1.764303959064759786e+00
-8.560163887089537738e-02,1.859561334729183724e+00
9.754430773521091669e-02,1.804595663605882638e+00
3.783171850308540418e-01,2.166165161623231139e+00
1.068390550271225009e-01,1.746291148532527204e+00
-3.573818874042641175e-02,2.700468202180553501e+00
-2.423725726552938831e-01,1.836785642659017892e+00
2.342136266901053698e-01,2.114126594744043075e+00
-3.917643759518927293e-01,1.717308169656232675e+00
8.805271937594073492e-03,1.680625648229488567e+00
-4.441349574201106098e-01,1.974678848428935263e+00
-4.378784123955256624e-01,2.214712066204660879e+00
-3.438076169954183969e-01,2.119376514784677479e+00
-4.786413218586726970e-01,2.331605358728678468e+00
5.566743879984433763e-01,1.997509882079994581e+00
2.331604923260580386e-01,1.883712972056180046e+00
3.178396994839930573e-02,2.002564097911243568e+00
4.450233241387899219e-01,2.065310875963226156e+00
-1.085021686482660203e-01,2.275044042984438075e+00
-3.845071553683390708e-01,2.055046306753399499e+00
-1.986584859823662674e-01,1.807850528876003837e+00
3.607226601178709635e-01,2.032478423170386073e+00
-1.030694454152670664e-01,2.508994827097407843e+00
-2.222416966857288304e-02,2.068105121842006344e+00
-1.421162367515955705e-01,2.137069615011508716e+00
-1.519641716954798494e-01,2.016061568875130217e+00
1.876285786098430275e-01,2.402097896370082530e+00
-4.496879026223492282e-02,2.603112558362168372e+00
-3.003141314521078908e-01,2.102362290400580758e+00
-5.260167100170809462e-02,1.809911300161832326e+00
5.245726963642338703e-01,1.800604055695715688e+00
6.455751106006516471e-01,2.276181176833167008e+00
-1.491047474108881110e-01,1.983393630596576473e+00
2.844281634418208138e-01,2.144116474283363605e+00
2.072592977641669609e-01,2.343295152539054627e+00
1.274364421376280587e-01,2.311978438937146940e+00
-2.089170660262238410e-01,2.248634410759690283e+00
-1.325620143241198756e-01,1.565242943058224423e+00
-3.973530271105343153e-02,2.144791376733756749e+00
-5.957924792038201689e-01,2.142282064457833535e+00
5.380526046802766027e-01,1.808676496204013828e+00
3.838480243992653529e-01,1.537860864859250887e+00
-8.944083500574566414e-02,2.165409818974865175e+00
-1.303261559962455018e-01,2.010970268287310958e+00
-1.523836505367880123e-01,2.266182561579684673e+00
-3.031150114475290591e-01,2.106148634551690879e+00
-5.994821261774915810e-02,2.103241691223073584e+00
-1.716506104678134914e-01,1.936634018110777289e+00
-2.864995076842849486e-01,2.034252239278917518e+00
-1.501201987390404224e-01,2.020750241782019785e+00
-1.415812010460487658e-01,1.858685920180895623e+00
3.600032850314856953e-02,1.840058938627866292e+00
-2.993191252743713227e-01,2.124082257604783308e+00
5.623297046654885945e-01,2.689721315117775458e+00
-1.149435250627222210e-01,1.813616615871104232e+00
2.828136123398561907e-01,1.543246030474818786e+00
-4.889331232118464265e-02,1.825978350197751343e+00
2.021672782471124474e-01,1.586488138258485892e+00
1.032510606360106109e-01,1.891549078537962725e+00
7.931890911891062990e-01,1.207718375019486423e+00
-1.775066876102121827e-01,1.721938693318502578e+00
7.740642357091034875e-02,2.295541605936573415e+00
4.183217947721880048e-01,2.013482096321544734e+00
2.121266031642551342e-01,1.915341630169080211e+00
1.300646642058834734e-01,1.742609303666239562e+00
2.413819787512785364e-01,1.930070716857537283e+00
1.395970059898456461e-01,1.837841281183686837e+00
-8.272958102803564806e-01,1.935061969332606324e+00
1.220308659165507265e-01,1.709100509605294471e+00
1.297552875470592559e-01,1.665291647464394398e+00
1.709248977132596103e-01,1.210742311519740877e+00
-2.572115031409048444e-02,1.882614132376213778e+00
1.387958651807093269e-01,1.532569049607225509e+00
-2.439214439660643621e-02,1.871661245070341595e+00
1.558343068069759085e-01,2.051347004129754126e+00
3.210071412252931689e-01,1.937320364247559379e+00
6.513050839136108085e-03,2.597868901704796674e+00
-5.346599019518715190e-01,2.124515527027481365e+00
1.948748970704532457e-01,1.661323378778346349e+00
-1.623403200885905895e-01,2.426217813868952966e+00
2.096820894837888305e-01,2.033055930409218615e+00
-1.727811213868484519e-01,1.489557839515093463e+00
-6.051546004221614733e-02,2.241411537699782741e+00
-3.402527893030531381e-01,1.754237387609190790e+00
6.249144142124207768e-01,1.568475372359011688e+00
-3.158227656630150371e-01,2.223215362339282297e+00
3.110838163535409873e-01,2.143619948853639823e+00
2.109120804177589403e-01,1.873119249702003941e+00
6.237183892765988391e-01,1.995824865132284298e+00
3.713866456666320981e-01,2.145510394588917347e+00
1.494841866654085354e-02,1.809062168299766293e+00
-2.885619232268132883e-01,1.733697509846347629e+00
-1.679528439045535060e-01,1.840896077139013709e+00
5.702705889197384748e-01,1.625866205573851975e+00
7.202831889630109674e-02,1.837307775848604718e+00
1.504132983341629759e-01,1.816638087975039451e+00
-1.306894710979717433e-01,1.887286074296816052e+00
-3.214371296859750426e-01,1.481663475915880213e+00
3.029567633126545867e-01,1.320576808874642794e+00
-2.641798497827125836e-01,1.730440239753705312e+00
3.831478930505492486e-01,2.125759412671465842e+00
1.695095124013726307e-01,1.515225475153933354e+00
1.413326779669546729e-01,1.768087160047929096e+00
-3.258454160243710596e-01,2.440323738807775200e+00
-2.785108289817096461e-01,1.891064468776006313e+00
-4.284444239566951446e-02,2.237379770143519853e+00
4.549437740544891584e-01,2.174671484154106604e+00
1.407444167590565093e-02,2.541558858373663909e+00
4.424595476970774044e-01,2.036982729460041774e+00
1.077867825138930091e-01,1.964333337483816999e+00
-7.598379994392001624e-02,1.622512793896738970e+00
5.966618677963269057e-01,2.276833184320748327e+00
-3.135237970658806828e-01,2.119706646045334875e+00
3.159091945947267166e-01,2.218840720901227304e+00
2.908427006168621265e-01,2.018026932557946296e+00
1.926242731642724970e-01,2.174251727689114677e+00
-1.030962829553230542e-01,2.032429585437455888e+00
3.415398409596075435e-01,2.003872130493764114e+00
3.326179577270957921e-01,1.877676433461120453e+00
1.539219961680121929e-01,2.181715408604767426e+00
4.514920482423478293e-02,1.760328453369597757e+00
-9.178591298643831720e-02,2.287594619731863954e+00
-3.451956029568074014e-01,1.594388563100876066e+00
-3.081810177985351840e-01,1.794369551724350309e+00
1.051500162574015435e-01,2.394307275315915362e+00
-3.622390621588970072e-01,2.024045661521220119e+00
-1.653520255579928044e-02,1.788832850760548876e+00
1.809024602121559744e-01,2.210005488359559234e+00
5.199571155593532001e-01,1.600249139061203474e+00
-3.954207308009312083e-01,1.961376933016766966e+00
3.699258352238385394e-01,2.305753771346858549e+00
1.403035601580729548e-02,1.634408642998142369e+00
-3.353666373958251734e-01,2.282417936882946918e+00
-1.808278423683918057e-01,1.936078724852530630e+00
-9.929138998686777573e-02,2.004120632600715268e+00
-1.318613449741934396e-01,2.578484257974770877e+00
2.255706947525123185e-01,1.657744216763280987e+00
-5.680843523387077987e-01,1.694162645157663460e+00
-3.951244613573779985e-01,2.031379374531822712e+00
1.415217360699932148e-01,1.979429519087049671e+00
-4.780664375953788126e-01,2.214763947646663844e+00
1.937141400812437964e-01,1.668858335738492515e+00
-7.157956515812556597e-02,2.132753121970565324e+00
-1.326350689642693398e-02,2.507875403010240145e+00
1.080382380798076830e-01,2.266273449573066756e+00
4.460877171188750712e-01,2.221023116403399111e+00
-9.302245627756028368e-02,1.756706545541305564e+00
6.041846874841610981e-01,1.979193152381980569e+00
-1.197836090399063275e-02,1.647636818022897076e+00
7.653473952682833259e-01,2.488834247672772726e+00
3.080496862167305672e-01,1.850507325502285472e+00
1.696612274796209519e-01,1.795857516154278910e+00
4.040541966813154806e-01,1.676367698186955302e+00
5.676343920379083308e-01,1.708430038211449231e+00
4.825339211819409946e-01,2.093090687049385057e+00
2.614395372226128722e-01,2.217154006680718936e+00
1.123966537286453793e-01,2.210517443196667209e+00
7.605725515931904823e-02,2.259860038447426334e+00
-5.536326436328288247e-01,1.731697734167606084e+00
-5.601898579428161301e-02,2.141310872013669542e+00
7.135130971441010043e-03,2.160278653298529861e+00
-4.222128921004522986e-03,2.480886676411124814e+00
1.604312764249736512e-02,1.591937073930251856e+00
3.138812032642627203e-01,1.660736597310716212e+00
4.996801907710991530e-01,2.410269948511212679e+00
-1.029908840754219790e-01,1.497519220041199084e+00
-2.175492781062835224e-01,1.726090810827004107e+00
-1.289051264683042583e-02,2.293201844674140233e+00
-1.862315287761267812e-01,1.876178182435030317e+00
-8.170781125922198518e-01,2.530865304996328558e+00
-1.477737066493785556e-01,2.266217254791074165e+00
-2.455754242754470684e-01,2.169277735122386641e+00
-3.175928869689396139e-01,2.328481951458414301e+00
-5.590701522421904351e-02,2.041516966097888020e+00
-2.774156130855559566e-01,1.880436952711778575e+00
1.109334322955764507e-01,2.230849742366313393e+00
-2.350138898134646603e-01,2.073843512077627516e+00
-1.878351356484511958e-01,2.635795059922427797e+00
-5.066503615330032045e-02,1.627571517739617057e+00
-7.303831753664511428e-01,2.073893205524820704e+00
8.074007121892176064e-01,1.872660720271846824e+00
-1.167135000979988568e-01,1.312381916375759516e+00
-1.147756496036504148e-01,2.477275489648030682e+00
2.689976813844177639e-01,2.384600548634058903e+00
1.097991855594811494e-01,1.934583204844431137e+00
-7.362452136091870991e-02,2.135697340155789714e+00
3.614603528721345715e-01,2.133238134115415185e+00
3.923484944924338080e-01,1.597260584950420892e+00
-5.887962998288808619e-02,2.269797166962888024e+00
-4.375909283313931253e-01,2.015957970615271044e+00
-5.753423004862188161e-01,1.944430370261361896e+00
-1.095031864515356307e-01,1.403222671167290159e+00
-1.536896798418638521e-01,1.482208082084598644e+00
4.416482569445608908e-01,1.827885799512604326e+00
-2.110857391835111729e-01,2.010967770034085333e+00
-8.036437180155828752e-01,2.265157767047160320e+00
-3.247505502361137109e-01,2.147794836191685430e+00
1.086867060599149976e-01,2.468433648743837860e+00
1.529412565663635093e-01,2.062860568361704505e+00
2.723292875760544018e-01,1.976348072931427780e+00
-2.820733146562736104e-01,2.077627934456304892e+00
6.429440646746510390e-01,1.964658792488040318e+00
1.532650030588861290e-01,1.811911080244488215e+00
3.693795522435301681e-02,2.124719146000599856e+00
2.841571796831941499e-01,1.942333354639719900e+00
1.733716503734977765e-01,1.793956201611977441e+00
-4.862605853597136707e-01,1.961290458141212945e+00
2.348574307249554349e-01,1.926782690777153917e+00
5.485363785160467937e-02,1.600064643289038857e+00
1.501274356676838007e-01,1.939211598929930114e+00
-1.209366217985899800e-01,2.055256542703870704e+00
-2.295684564755990920e-01,1.766756537838241714e+00
-2.605499950027578282e-01,2.224093613576847872e+00
-1.821986788929824130e-01,2.369682700880967996e+00
2.903191513930555301e-01,1.901743019725318673e+00
-1.844428997621333777e-01,2.075483615474602139e+00
2.580780794802075562e-01,2.128608589013133656e+00
3.237952889509233545e-01,1.892971069919768823e+00
4.932102655937119495e-01,2.088510993160660245e+00
2.531534199104891192e-01,1.882915139953869277e+00
-3.781730394732816802e-01,2.032950284006301178e+00
-4.517414175791199527e-01,1.810914327989054939e+00
2.403265745432400513e-01,1.434143635800569916e+00
-3.671396727866789722e-01,1.854969015161258783e+00
4.718020381753388337e-01,1.858004003253212799e+00
3.972256329269122088e-01,1.923151327402374822e+00
-2.830179418099190713e-01,2.248515674462637559e+00
5.412896624573799997e-02,2.182860600213349045e+00
2.815633925107214330e-01,2.027942355304089173e+00
-2.846502799793093619e-01,2.770169165688561197e+00
-9.023367049160367914e-01,2.603559946149151649e+00
7.667932765054805144e-02,1.942574089874143706e+00
4.899758064210987807e-01,1.846711338977715222e+00
5.750227942474082400e-03,2.065693691510458230e+00
-1.246668210222781764e-01,1.302460784376547442e+00
-1.287819878207946689e-01,1.951734412457018175e+00
-3.994293353374209210e-01,1.712107467199252664e+00
-9.683348074698547303e-02,1.916812908028928231e+00
1.690866842978588913e-01,1.852108195518183509e+00
-1.719071049436735887e-01,2.417079114366980974e+00
1.791173849194755696e-01,1.699485118516127269e+00
-8.546453100636931810e-02,1.974499931597991642e+00
-3.836893106026448841e-01,2.313476122723912010e+00
2.564218807254952659e-01,2.454226996417393725e+00
-6.257392560025202277e-01,2.546571690360817986e+00
1.289549898650936832e-01,2.336662525029617576e+00
1.382395615814210055e-01,2.254987948098396977e+00
-2.691318405207940856e-01,2.220101573697309316e+00
-3.656573541803123661e-01,1.769885481344877665e+00
2.342403975933111948e-01,2.010130189347552054e+00
-1.133028971078673952e-01,1.614033187173676609e+00
-3.063086833496920236e-01,2.468656744582074847e+00
-4.065721724709144280e-01,2.244095263550160535e+00
8.901784729064603219e-02,1.780695304318119288e+00
1.563921049703146104e-01,2.723532863469555476e+00
1.522548365595690345e-01,1.721154949343449259e+00
-8.264997451093403225e-01,1.291561000633597800e+00
-4.114068459946599310e-01,2.021539667095353376e+00
-8.560185554743685032e-02,2.165596635437551765e+00
7.509812610099571017e-01,1.911281703529115195e+00
1.338595408653326102e-01,1.653885374559145083e+00
-1.115651780271203625e-01,2.486416406662331546e+00
7.399584293632210930e-02,2.132802912081523505e+00
-9.676339653117323192e-02,1.354152678615468508e+00
4.462269390279990366e-01,2.310963254512463205e+00
4.947797138827569885e-01,1.845923384237895037e+00
4.660678599534592292e-01,1.749736550551833414e+00
-5.049042352565332736e-01,2.716309745401106035e+00
-2.122980392537362482e-01,1.880504601075871696e+00
-2.460377846880396069e-01,2.481726321504343691e+00
-1.268256908020867942e-02,1.965450937239798579e+00
-4.288633888362455293e-01,2.040442903904929217e+00
-1.768443362447757461e-01,1.738618411982334910e+00
-3.905114376349591576e-01,1.667495833172857544e+00
-3.485555386554529123e-01,1.637722817980921564e+00
4.496655228314111463e-01,1.802066388303239952e+00
-5.344489754560558664e-02,1.903902791883177459e+00
5.545834932360405034e-01,1.553315186690817917e+00
-4.250962894480698750e-01,1.873874577342004022e+00
1.905940452012366004e-01,2.263892707199598231e+00
-1.897207130059631042e-01,1.668642419520478759e+00
5.292341258617223598e-01,1.959876991037736493e+00
-2.807909812928909288e-01,2.256042042871326814e+00
1.513761968935644908e-01,1.887677654842661479e+00
-5.535790989317439514e-01,1.758364683945812912e+00
8.679352858058334008e-02,2.452611183732095856e+00
1.925127191815558525e-01,2.332977277954595419e+00
4.720700969771825517e-01,1.672375701174582563e+00
2.583064678964440142e-01,1.940561990541974202e+00
1.689348169101965724e-01,1.902585065057306846e+00
-4.558352881579240401e-02,1.931830973616704306e+00
2.268772191603837807e-01,1.809341444412150501e+00
7.559182654515977928e-02,1.839493371985786663e+00
-3.151625751821842542e-02,2.112580909736245793e+00
-6.477664741903450540e-01,1.717894022088132022e+00
3.571077788779652984e-01,1.970598069977191891e+00
1.587345642024275971e-01,1.524060885102572538e+00
5.575043095568086304e-01,1.748542398267644904e+00
-1.226834618772680852e-01,2.408383213650810539e+00
1.000965170503281154e+00,1.817350792836613271e+00
1.662714631900512677e-02,1.536877573829269039e+00
2.048646652648930533e-01,2.009400375123907789e+00
-2.493763696434523613e-01,1.374774985989845266e+00
4.460847354619474903e-01,1.847319130723967362e+00
-3.201709156538405932e-01,2.060617063122437198e+00
-2.004568557136717222e-01,1.958930117313284258e+00
-2.221009913511481082e-01,2.074931722891157904e+00
1.233708321591922147e-01,1.699763860630651990e+00
3.880622864879690326e-01,1.787029009919558931e+00
-8.524144063251137826e-02,2.419729533927985177e+00
3.544309295180854136e-01,1.986559125929768577e+00
-6.658989797799222399e-02,2.362656334298852912e+00
5.397986950023889730e-01,2.124644103876411894e+00
1.350419320612031848e-01,2.048091000617376256e+00
5.637744184982042966e-02,2.485341873133923407e+00
-6.691744354137067752e-02,1.421956185631535252e+00
6.407277951779425385e-01,2.094321077985949131e+00
-4.427142205171964717e-03,1.825050847166505230e+00
1.572463880370194439e-02,1.740481275312386167e+00
2.735216339043597955e-01,2.148602633352084457e+00
-1.865072220813573586e-02,2.063663336210696198e+00
3.863327619166556648e-02,2.052715063445155419e+00
3.543153820738108029e-01,1.897479504518422733e+00
-4.163421156104282206e-01,2.277136009756390411e+00
-8.088318709168651477e-02,1.931033883948977792e+00
-4.827552506750821260e-01,2.030828806848999690e+00
7.102707568482600209e-01,2.440899132081716161e+00
-4.081176798008662177e-01,1.875637294221535800e+00
8.339875380921208947e-01,2.229344264096796202e+00
1.302699963801809760e-02,1.693611741688657801e+00
-8.719253580599202469e-02,2.223281259771898721e+00
-2.651419613706666387e-02,2.292452196943564502e+00
-2.866224627547137582e-01,1.974373649177259438e+00
-2.304326139376868809e-01,2.483275643522955711e+00
1.310013693770835652e-01,2.510613104655393002e+00
-1.103781334029184519e-01,2.147902525678095476e+00
-3.375850968135661878e-01,1.717771627578015492e+00
5.019398204165741451e-01,1.746744420535272901e+00
-3.152703859492786975e-01,2.352122252129162039e+00
5.263725396934661876e-02,2.084350490966354386e+00
-3.815068003846024958e-01,2.059281646823338807e+00
2.331179524447725415e-02,2.205596528635027642e+00
-4.007505861120258528e-02,1.882118941579873139e+00
1.138999306476517759e-01,2.620677390986241306e+00
-8.384887367079999149e-04,2.258795287374554928e+00
1.953655299668320133e-01,1.436836379985089174e+00
2.527324939114782704e-02,2.533089400064048924e+00
9.509685986384276701e-02,1.832075902169138626e+00
3.810245386627406083e-01,2.138066035899945039e+00
-3.859747546025495968e-01,1.951241591080181026e+00
-1.206694061252635009e-01,2.550806959757080605e+00
-1.086270492613117811e-01,1.823017637758939102e+00
-1.515226752230112994e-01,1.693068692774327921e+00
-4.329820069840480956e-01,2.434881822621370429e+00
-2.224807593053385046e-01,1.778925657851307296e+00
1.290851458056340439e-01,2.335492769883705577e+00
8.213405703131651525e-02,1.744467978399937280e+00
5.004147671900219807e-01,1.954845331921328588e+00
-2.438610579158813005e-02,2.148672877498723821e+00
1.011970295566465838e-01,1.934591742393463765e+00
1.259847623451921250e-01,1.578726480888993366e+00
5.759002759874268934e-02,1.413033698521145798e+00
3.523779251848770944e-01,2.075364359458164110e+00
3.162484519599030874e-01,2.356014251238917279e+00
-3.435795852515763915e-01,1.948108516776779320e+00
-2.082928501854669837e-02,1.602923242020166672e+00
3.082586147694991174e-01,2.197268883460116840e+00
-2.111604156246049413e-01,1.969669124310793329e+00
-4.422676176804146708e-01,1.999481570023109667e+00
3.811047597992589520e-01,2.202249558549063124e+00
-1.453821913394456877e-01,2.241846856553180167e+00
-2.661807867235723157e-01,2.470570803226976864e+00
8.378069478102324885e-02,1.886103502489155037e+00
8.575048013523839385e-02,2.456366679958521981e+00
-1.423274641254430872e-01,2.027952289313780465e+00
2.316992197131050035e-01,2.010456952086731253e+00
7.691399203811931373e-02,2.068056464350223500e+00
8.436521132197420669e-02,2.619277802605849637e+00
-8.023059975717073966e-01,2.174451750563617392e+00
2.957048401186052056e-01,2.180839869776078022e+00
3.397297570768663122e-01,1.466745391353655892e+00
-1.382519335785080128e-01,1.635481996745567379e+00
2.363202118689660125e-01,1.324887561582741569e+00
-3.133431936346355862e-01,1.532073022491058145e+00
1.856509819194485378e-01,1.608113905083247808e+00
-4.773325424317350490e-02,2.846512497813869835e+00
4.580840824773495523e-01,1.495379138664457264e+00
-5.153052116818560568e-01,1.969387878875023423e+00
-7.238042388201079702e-02,2.137661922165019934e+00
6.997585352872695563e-02,1.538549839986327550e+00
9.641667082707799930e-02,1.881951672290458566e+00
2.260004852288696742e-01,2.034095419726916543e+00
-2.833560471912326961e-01,1.790677004560055297e+00
-3.210467175079647628e-01,2.223235598240503652e+00
-1.318162952603493809e-01,2.348823379938698608e+00
3.942208817912809526e-01,1.615150554089195500e+00
2.900011486157634266e-01,2.174504926407684113e+00
-2.270445441283437393e-01,1.877255364182395025e+00
-2.544038163535561892e-01,2.013395374275315231e+00
-6.948234635025531906e-04,1.958439722504880409e+00
1.964514925928219358e-01,1.920577951481808876e+00
-2.558065306830169527e-01,1.803366926904109935e+00
-5.622643826375793852e-01,1.826981322976728661e+00
5.297498234248906313e-01,9.784762921782141909e-01
-3.233775213250689173e-02,1.835100803409548620e+00
-2.829302618629072480e-02,1.792559686890527137e+00
5.300663181311553868e-02,1.829597054100301268e+00
1.488651752650438920e-01,1.923284844746358635e+00
3.444808939166332240e-01,2.669564724670576261e+00
-3.803435964425291860e-01,1.752260757289422877e+00
5.452907468503933597e-01,2.254498719953034414e+00
-1.300937859906165783e-01,1.427872575207882910e+00
4.981624659742028838e-02,1.782514719485164711e+00
4.276703272483254326e-01,1.959913411833485331e+00
1.425467482475240577e-01,2.311299586846693899e+00
3.573676072182263019e-01,2.040897754241941087e+00
-5.570595339836471593e-01,2.233108119269069380e+00
5.690942057568467716e-01,1.881788868717230834e+00
-1.674043676478164655e-01,1.644455897631306618e+00
4.981789869804542636e-01,1.948569415359221679e+00
3.984258977397159979e-02,1.557996055649758294e+00
3.486813705562391563e-01,2.153473572048581808e+00
9.133064413239403434e-01,1.952449192050897731e+00
-1.270160161479795269e-01,1.982697208150715928e+00
4.258836683106623777e-01,1.764500082257703273e+00
-6.000290569131576379e-02,2.013077140979504076e+00
3.992535567433486143e-01,1.735286830055339014e+00
1.726239562963244878e-01,1.359260868173826964e+00
9.061470262503597273e-02,2.126633550739724932e+00
2.986138422304597251e-01,2.107922381379716548e+00
-5.287686276480958458e-01,1.894640147442228528e+00
-5.633447564696221210e-01,1.725170188313782216e+00
-2.031805541717670582e-01,1.692790153769409667e+00
2.884236103328957634e-01,1.774507990503179977e+00
1.229732846531685769e-01,2.307270708748025978e+00
4.389155698945714223e-01,1.756203434896800530e+00
4.183302678446059603e-02,2.037570075418973836e+00
-1.640359641274268254e-01,2.418824776540701826e+00
-6.225176508500424727e-02,1.876843258873205134e+00
1.658125109487871562e-01,1.883133629281437571e+00
1.615806952178095723e-01,1.616128748091365086e+00
6.589558360234500090e-02,1.977284725275941346e+00
2.483612359763961996e-01,2.056333613521681425e+00
1.759938501521704779e-01,1.748724946834592009e+00
-1.178654441839819267e-01,2.039829043758997429e+00
-8.980377374643905286e-02,2.161510645303635236e+00
-1.980608424741213056e-02,2.058631698886566941e+00
3.318858192660708029e-01,1.628163815424643612e+00
-4.551905781603349799e-01,2.385840232762041158e+00
4.856150792184343867e-01,2.313956117288852976e+00
-4.590248288071908933e-02,1.889664053478493200e+00
5.017750294703744451e-01,2.252097193087246207e+00
6.559139394330787409e-01,1.945179792537321317e+00
-8.665928324018577766e-02,2.140756034693064969e+00
2.137888337384805382e-01,1.806413406792246601e+00
-3.581011783001276649e-01,1.717256870802784663e+00
-3.355967889043557917e-01,1.678643537456826262e+00
3.905413792005353324e-01,2.284118902832245723e+00
6.394411527266249951e-02,2.120354276954158124e+00
1.061927794118548152e-01,2.061504608410525297e+00
1.380035009727475885e-02,1.894167910413697475e+00
4.783930175975036753e-02,2.704732076887010450e+00
-4.016354233493931586e-02,2.074363538286308373e+00
-8.171667412063046698e-02,2.598723557313430188e+00
1.456783253166235303e-01,2.546620460969066801e+00
-3.541518796160751381e-01,2.098061626065232943e+00
5.729065064665521678e-01,2.166743863448135521e+00
4.818599208164863756e-01,2.533724364818278119e+00
2.365291744613284008e-01,1.740474778284351487e+00
2.842096078887293431e-01,2.307246596156940388e+00
6.520303123022854752e-01,1.802620127662266425e+00
4.548027604834555815e-01,2.356781173332545443e+00
2.904642990212915818e-02,2.067589727027093538e+00
3.061818048020606420e-01,2.000510064376992414e+00
1.861625997643293895e-01,2.077639242779428574e+00
5.399388266418336801e-01,1.811976611902948342e+00
-3.454853839139582217e-01,1.846223304325472547e+00
2.752069997608407870e-01,1.819907666875819618e+00
1.175852589401106124e-01,1.787987494922509635e+00
5.316898597799572801e-02,2.090795666911303474e+00
4.534573945668063377e-02,1.856107816063588656e+00
3.942588739312072876e-01,2.454245693771051506e+00
-3.323800291422273068e-01,2.148251630198270590e+00
-4.381766773379501545e-02,2.062092176530938126e+00
3.580849578333109018e-01,1.801181437599454371e+00
-1.541532366445121371e-01,2.021409631487892877e+00
-5.135749642900424572e-01,1.893021718070330373e+00
-3.692755093774463537e-01,2.527122534698988954e+00
4.555109029579364026e-03,2.082423856900907033e+00
7.419540813189097195e-01,1.764396327052870639e+00
1.071189902205147843e-01,1.347664051656942918e+00
-4.654173078498207716e-01,2.215357560693063110e+00
-1.407364951659372809e-01,2.087918030822939031e+00
7.006075587589614961e-02,1.878887586352385952e+00
-1.353625856162350705e-01,2.054338982580235395e+00
6.555926238349583934e-02,2.136776009724949965e+00
8.566773705820936169e-02,1.712405051981815474e+00
-6.813801544318986991e-01,2.479337028044064972e+00
6.154928379192278060e-02,2.448555470574943715e+00
-3.814852296394981579e-01,1.958540159017088556e+00
5.665058077454864296e-03,2.378741195494745941e+00
2.155671248488821301e-01,2.070492417171089006e+00
2.268364096550603837e-01,2.393264508180870997e+00
-1.088950565353967795e-02,2.903906646312463202e+00
1.568078485234525657e-02,1.684555366686081967e+00
7.261885864072319396e-01,1.885661029226071372e+00
4.190962273366224955e-01,2.102245847744868446e+00
-6.277427729022612146e-01,1.709247050428707615e+00
-4.138179607820702960e-02,2.210575168116109435e+00
1.067741778161467037e-01,2.183558360368845097e+00
6.565657324209983603e-01,1.818934756439238187e+00
4.945476971919745938e-03,1.577612567428455570e+00
3.254403156147512299e-01,2.255024826710990471e+00
5.231307817754821468e-03,1.713261943568727297e+00
4.395714909013055671e-02,2.688221173359614635e+00
1.900464416429487879e-01,2.121920441879284525e+00
1.827586878022778930e-02,1.803201202878182974e+00
4.015921579482319981e-01,1.808089309611454976e+00
-1.007835398367616653e-02,1.558018564800723205e+00
4.978368679632302202e-02,1.841588210444610851e+00
2.060133338782697832e-01,1.747669904211901493e+00
3.345393137987974219e-01,2.204758521993274378e+00
-4.935121722139448330e-01,1.660214164020829886e+00
1.013630528339677095e-01,1.857141314035134494e+00
6.335528601402061755e-01,2.133868590356855943e+00
-1.952458228397058182e-01,2.204571180027111055e+00
-5.314058025703255472e-01,2.392052547149133179e+00
-3.015971048720539338e-01,1.722656477066386360e+00
-3.984783682364217428e-01,1.558830440577149146e+00
-3.801548161323100583e-01,2.054606709753044935e+00
1.851986767003163115e-01,2.663488511662013281e+00
1.282264187155972290e-01,2.145372665295905978e+00
-5.712261759221878843e-02,2.018247451935037518e+00
-7.091761844592536779e-02,1.732646232430725908e+00
-1.316162131466192334e-02,1.996368098868165353e+00
2.545747624969622036e-01,1.663484715765119137e+00
4.804034419258224053e-01,1.855911222373801017e+00
-8.153045853067489301e-02,1.941530801416922580e+00
1.873589916608136285e-01,2.109052884832780084e+00
5.154094836183582551e-01,2.269615430247985177e+00
1.627994671259428983e-01,1.664042548439503388e+00
-3.741372689300681564e-01,1.555656855005034478e+00
1.852689267246077076e-01,2.228229380960675243e+00
-3.900543800580280052e-01,1.926130811525712527e+00
-7.549787516644135277e-02,1.707437107925952935e+00
2.826166150014537415e-01,1.883293301063105663e+00
4.766501744158274101e-01,1.977074879717634737e+00
-3.103767537945537613e-01,2.212369275610822417e+00
3.378692841803697666e-01,1.793724971683047453e+00
3.072128397229805796e-01,2.056270569681375449e+00
-4.866823604160863681e-02,1.890685163045570549e+00
-7.545778611332681907e-01,1.944809533763688369e+00
1.326900122787774972e-01,1.760405390634682155e+00
1.321429216982871191e-01,2.498204474980374457e+00
3.538259949611553823e-02,1.676823640157184325e+00
8.708808903672134172e-02,1.090272045604475437e+00
-3.283614043344648126e-01,2.086678966023232995e+00
-8.079003024179994830e-01,1.881501986960646633e+00
3.293228220447479981e-01,2.057563384039388765e+00
4.470439297630343090e-01,1.835546127258677274e+00
2.598336612167609916e-01,2.079222920854443490e+00
-8.442614251047037000e-01,1.981318854113954586e+00
-4.349468394330108789e-01,2.057312490585145870e+00
2.425036125973698831e-01,2.079924137831467679e+00
5.379595528616550881e-01,1.549272197518754890e+00
1.742800601034407704e-01,2.050440749347767433e+00
-1.601873219914863866e-01,2.567030209460433365e+00
4.759784621217128531e-01,2.230322173724775148e+00
-8.492942620394017261e-02,1.735040207343215846e+00
4.509694880741448308e-01,2.000432505234251757e+00
5.323189591012102984e-01,2.056477860447489370e+00
2.462714376278366257e-01,2.360304175514204239e+00
3.102809260127808652e-02,2.009632142284061729e+00
1.540160383919625675e-01,2.170298933430009125e+00
-3.105155818987386795e-01,2.525832042659219567e+00
5.363816891861664660e-01,1.592790014112363206e+00
1.384356877193799740e-01,1.602152031071088389e+00
-1.904213752521471126e-01,2.251361297432158182e+00
-1.329090650232999660e-01,2.030958824326359213e+00
-5.125228270814990994e-01,1.522223347293931273e+00
-5.376328944628883111e-01,2.044836898503705758e+00
9.561009375656963627e-01,2.079459647668118194e+00
-6.446856842316143199e-01,1.919815559188080112e+00
4.782676104604074441e-01,2.320591968321519261e+00
-2.595659391420730988e-01,1.515966207028617729e+00
-2.520382123491929915e-01,2.206623623821402091e+00
1.608161690524485266e-01,2.040115087604680522e+00
-2.075354399760832511e-02,2.058092423653608449e+00
1.294919694109808728e-01,1.600732127518190939e+00
6.136344755707626164e-02,2.018895922285226963e+00
-1.548548938039906453e-01,1.409567511087228109e+00
5.265645657104279787e-01,1.773787274700836525e+00
1.465848306105027310e-01,2.077209227899860622e+00
-1.107112720199027456e-01,2.136727920602986330e+00
1.514875272384551830e-01,2.027707376291095542e+00
3.016814065107167320e-01,2.278662159700712397e+00
2.595447317482199590e-01,2.297708855886343660e+00
-7.913062749136003104e-02,1.813026864605446153e+00
4.486521951322166024e-01,2.456513027203695465e+00
3.933302488144025943e-01,1.984214823719091081e+00
-1.707710409705004984e-01,2.014662992708287526e+00
-3.248606977448724731e-01,2.147072339581216127e+00
-3.965936373020297889e-01,1.720371468880766308e+00
-2.539576013848926506e-01,2.287325256566100862e+00
6.446969400393733063e-02,1.749651618795516894e+00
-1.888509860067377755e-01,2.471014478539840020e+00
2.711396568402861251e-01,2.023331010606297387e+00
-2.325593722283310072e-01,2.101832623590854432e+00
-1.622274305003885975e-01,1.692542166264463521e+00
1.624636047075230794e-01,1.713963344761382901e+00
4.518023690398929593e-01,1.466604205041920350e+00
1.696106626434262798e-01,2.052987097269666883e+00
7.081830065133300212e-02,2.409233280869529814e+00
-1.584713289762665067e-01,2.231877240157283726e+00
1.087223268164126955e-01,1.647185475863982562e+00
1.041086757955343445e-01,1.872300079168176090e+00
-4.741171824997107431e-01,1.931961668644263996e+00
-4.284052547244804887e-01,2.044268348298934779e+00
3.757428196491117145e-01,2.205684312988320794e+00
-1.418892786526420591e-01,2.328827884751243804e+00
-1.219254215580093809e-01,1.901552556888920442e+00
5.721207354213073831e-02,1.841967206185549877e+00
-1.910139406625102343e-01,1.676243483772503762e+00
-3.205412693593761575e-01,1.573472784076372477e+00
-2.108670506923739363e-01,1.960854664353529175e+00
4.296873288004129932e-01,2.339312128298897342e+00
-6.579619209101709165e-01,2.176479055389625827e+00
-3.535732416720972163e-03,1.950770569724588288e+00
-1.347321037150443213e-01,2.429678105768609431e+00
-6.885108988449666068e-02,1.372294758683124449e+00
1.833970453529760736e-01,1.533546525376443981e+00
1.700263174994796345e-01,2.042811503207867752e+00
-2.015554321541360716e-01,1.555006413774564944e+00
1.249937578775476149e-01,1.965021449449597446e+00
-3.173319590446638805e-01,1.267866543635749910e+00
5.809380233781045177e-01,2.082008015465836692e+00
-5.767586499524151034e-01,1.726291002843069133e+00
-1.956351011532999132e-02,1.657785492812630324e+00
-4.122707811252100396e-01,1.531144799429703829e+00
-6.276438505953461089e-01,2.218830354589762965e+00
4.789661436289447960e-01,2.085665294494877919e+00
7.549603454566885530e-01,2.232284189807208996e+00
-4.566678598567911612e-02,1.500992531970909205e+00
3.760970145386799968e-01,1.788036044518753753e+00
2.080351455956813700e-01,2.205135441753856451e+00
3.595024613712352046e-01,2.239277237553677136e+00
-3.037934951125173533e-01,2.594238014635705802e+00
-3.792107214974863028e-01,1.834591903685304670e+00
1.803631197398448405e-01,1.795422058262675202e+00
3.066829295892673501e-01,2.306665198215861246e+00
-1.720985883879944667e-01,2.209262144579789311e+00
-3.480199295484170396e-01,1.963915711320312951e+00
2.897057366662557643e-01,2.396657948025618712e+00
8.110019566131244917e-02,2.261775367987257201e+00
9.382281857899782418e-02,1.641726449560322321e+00
1.365730718658037524e-01,1.840002463483191741e+00
-3.835995142855871259e-02,2.244669332828080677e+00
4.651932442882236174e-01,2.351245568319417334e+00
-3.982920830923492028e-01,2.161172120352065740e+00
2.054460263618139992e-01,1.801498367618719509e+00
1.827523772249614598e-01,2.701420743810868164e+00
1.749476330009659963e-01,2.084173110936637041e+00
-6.032716298907822572e-02,1.905902418599704884e+00
-6.598395091251986200e-01,2.089509861197211382e+00
4.421512408472088040e-01,1.484437052249586220e+00
1.887093051627253826e-01,2.299489078903844241e+00
2.422489131966948928e-01,2.269158114287504358e+00
-5.106573652817391062e-01,1.873551906697269009e+00
-2.873904969345219551e-01,2.350184283971006760e+00
-6.206350617108193912e-01,1.554244134093544005e+00
4.402587812016984792e-01,2.194361616955005090e+00
-4.770241423630841027e-01,2.297635437007295778e+00
-3.755280560704980508e-01,1.779415011369987143e+00
1.415264557248555044e-01,1.939894512445255792e+00
-3.239063586710990705e-01,1.528215226565918350e+00
-3.339926576043822370e-02,1.970524573380328714e+00
9.221744835931913742e-02,2.188739079998465176e+00
2.581685257740671396e-02,1.777101991004987447e+00
-3.694674221687268556e-01,1.621831182437529550e+00
1.546931152299456033e-02,2.070958727272218969e+00
-3.307535638979768045e-02,1.707768591511135137e+00
-3.927170793057724874e-01,2.130381596150842327e+00
-4.198711898510449347e-01,2.021554133639677175e+00
1.561703881639402713e-01,2.991286580687636310e+00
-2.453345142759740527e-01,1.542385571874870021e+00
-3.282895859447734210e-01,2.004900835349160637e+00
3.532793050401396018e-01,2.021465799821958065e+00
-7.125316922858744295e-01,1.643791234781338817e+00
1.119710792132550953e-01,2.149169810573384076e+00
1.239597241712410147e-01,1.956667232698927616e+00
-1.980292965695695795e-02,1.649485659750044242e+00
-5.513408549997605990e-01,1.815827401585265122e+00
-7.837743788665226807e-01,1.778528226745165641e+00
-5.531421245426649397e-03,2.504003425653002601e+00
-2.744453878333418251e-01,1.554350006033818010e+00
-3.345989107381097671e-01,2.122289704832604595e+00
-9.796119966716911043e-02,1.640031673954422065e+00
3.818834957910088312e-01,1.955984142885498711e+00
1.169798094608989342e-01,1.896251871715501025e+00
1.474681756266212618e-01,2.317620377289620670e+00
2.027940440248774956e-01,1.895723412684188647e+00
2.550578708749809409e-01,2.514878012853451139e+00
3.024749397381092941e-01,1.873688478637530297e+00
1.097990913473650687e-01,1.922669074225786812e+00
-2.012524075131053719e-02,2.009125168650506943e+00
-1.131382098976858458e-01,1.838890488942262147e+00
-3.657156296404186491e-01,1.815707980295411916e+00
-1.087351374420510719e-01,2.003499342287020202e+00
-7.688390244947071461e-02,1.400319138029159305e+00
2.620246303073459765e-02,1.749818187152716087e+00
-1.212156928215195467e-01,1.774417691683943810e+00
-1.580505082971821462e-01,1.462987782704138429e+00
-2.613088295170956088e-01,1.436201340941915205e+00
-2.784213654579954511e-01,2.010215728473420338e+00
2.667928182619096478e-01,2.038301976978571073e+00
2.777654958648867380e-03,2.133594317111568994e+00
4.508522732754973728e-01,1.361113363217004490e+00
-3.503156544236842862e-01,2.183842499821474714e+00
-1.524312184664154413e-01,2.095488783485245143e+00
-2.697528990561605042e-02,2.041455677424168780e+00
5.361651480648079587e-02,1.653439720356938203e+00
8.491893280677244304e-02,1.906142403303711319e+00
4.454746305730843958e-01,1.573074717600545958e+00
1.403011072500577779e-02,1.691259185702865375e+00
-1.518199089425101844e-01,1.798195462918209309e+00
-2.872739727437855217e-01,2.306943564030485394e+00
1.542191727917231747e-01,1.906813209390678887e+00
4.601580146240669689e-01,1.871980934851184886e+00
-2.651175909637199513e-01,2.543866323651156058e+00
-6.583128294190228047e-01,2.224651204745938138e+00
3.248367085872187476e-01,2.121740698447508677e+00
1.977134056942548429e-02,2.218001466509566200e+00
-2.349566758949082901e-01,2.167933252304404590e+00
1.045616822178389166e-01,2.413972381213621787e+00
-2.367796315416838965e-02,2.079208099579254121e+00
2.198778051710644499e-01,2.275000052677068840e+00
2.552011459035380958e-01,2.215435022152361544e+00
-9.545806515929484981e-02,2.220624935582906190e+00
1.748374240343712471e-01,2.196748430654984929e+00
3.083884315389845976e-01,1.869595927260939261e+00
1.290360134993331076e-01,2.435808323705169087e+00
3.591667837177398570e-01,1.918050312487681763e+00
-8.064739579559235261e-02,1.866398134760352434e+00
-3.074776988246655796e-01,1.842983136792842425e+00
4.274671253087596878e-01,2.523057187608585661e+00
-1.456569739208703196e-01,1.779972624307678775e+00
-1.431275369414826693e-01,2.266505825019622833e+00
4.722175935145945247e-01,2.476371762455154446e+00
-3.500150543560922034e-01,1.577326025971366841e+00
2.138621307574060937e-01,2.213201430679611281e+00
1.421387880804586834e-01,1.944025984263461071e+00
-2.526940397644145686e-01,1.798130840115949036e+00
-1.290621421094066412e-01,2.055155411693843082e+00
3.780703163280981632e-02,2.428004893992867785e+00
1.312697210681264548e-01,1.931712508217349189e+00
-1.190526198905903499e-01,1.444471841315167815e+00
3.595233381715011722e-01,1.750934346728706181e+00
1.439027463625870869e-02,1.294901712653554915e+00
-2.093381510959170522e-02,1.977805132525740861e+00
8.268235269933413290e-02,2.572430209825896874e+00
-1.505546743376695584e-01,2.108110509572481472e+00
-3.349141296528294620e-01,1.637670076670713959e+00
-2.742193233310870337e-02,2.029267737642254321e+00
-9.306249465617702499e-02,2.087262255412207335e+00
-5.362191614070291878e-01,1.920702700139315100e+00
2.537422093097282949e-02,1.657342683532732730e+00
9.158278165875027854e-02,2.031155640222150449e+00
-8.076453030495370222e-02,1.503944024499103804e+00
4.027063556379956721e-01,2.194496011803816149e+00
-4.338543887451963565e-02,2.096422344745020983e+00
-5.785720413574440592e-03,1.613873487525634864e+00
-1.515577901435820607e-01,1.284809022294814085e+00
-3.814400050668232955e-01,2.151466221652294841e+00
5.137358386050728809e-01,1.917200778261186178e+00
-1.794929959101543293e-02,1.507583396081723759e+00
-2.165767320771782578e-01,1.776514856673898413e+00
-6.244682323430088278e-02,2.053173977038841524e+00
-1.801297932334960661e-01,2.001740425344610053e+00
2.423776526587067270e-01,2.151346542829681407e+00
3.546137274323105659e-01,1.929168447016047505e+00
-3.489790079628447561e-01,1.980191620808968933e+00
3.189248029253593519e-01,2.048120068989045084e+00
6.936742126944296649e-02,1.863999157789123062e+00
5.714496136780443380e-02,1.846470989243197636e+00
-9.168094378001492850e-02,1.000508099209836743e+00
1.102069989077447548e-01,1.927521724197548636e+00
-3.844828868597140459e-01,2.228134455679230630e+00
-1.136886341639368608e-01,1.679542558470675573e+00
-1.923487798227464796e-01,2.153204333683237159e+00
-9.219290736295904232e-02,1.816579038053747208e+00
-2.488145243164448239e-01,2.233284362971606818e+00
-1.732104004875301140e-02,2.126895775170064784e+00
-4.038879761179967748e-02,2.896679750565729350e+00
-2.018881244976103786e-02,1.693190042812437790e+00
5.201937048492555338e-01,2.277807861510247722e+00
-3.018499593233964773e-01,1.997630050089473919e+00
1.137058993866473244e-01,1.869937341984822643e+00
-2.056217092024052451e-01,2.434565675702684118e+00
1.239835977615731250e-01,2.269574021757167159e+00
-1.542627549643231233e-01,1.929834150837530293e+00
1.318930421471329328e-01,1.782188119893030720e+00
-2.214135885437406859e-01,1.802025945109300142e+00
-2.678963128855768941e-02,2.317790442427509756e+00
2.919763793627484783e-02,1.941560033529757590e+00
2.687455056603691439e-01,1.974468912315703983e+00
-8.934322537678006382e-02,1.859066670045087966e+00
-3.704604681288212187e-01,2.037596966604034332e+00
-4.183407895917833907e-01,2.058139022998969114e+00
-2.769448316227044460e-01,2.767837547190711955e+00
1.069403174856493749e-01,1.337390238257684993e+00
1.090190372288800530e-01,2.033567397788335729e+00
7.111793211259150038e-02,2.382203818292677244e+00
5.073615572061611623e-01,2.085601944535026675e+00
7.713691694662531961e-02,1.670927577987485479e+00
-1.972414800725454109e-01,1.891235834096999024e+00
-2.728603297043714071e-01,2.112435769854208889e+00
1.770676572378719338e-01,1.732907155338723637e+00
-2.939424135112988501e-01,1.791145987259463279e+00
1.630232522392573713e-01,1.815183377422872946e+00
-6.240937727294677134e-02,2.145303266702919931e+00
-1.205074084849021426e-01,1.828768800371906700e+00
2.927573853021652739e-01,1.663382697759302475e+00
-3.158961693606854304e-01,2.159594015078036389e+00
-1.300159393184974026e-02,2.167145666111535363e+00
6.129917785287142262e-02,2.131048819917869874e+00
-2.701095846245970544e-01,1.930911201721083659e+00
-7.266619539211780464e-03,1.642077764467826828e+00
-2.237099546079902024e-01,2.183924230056669025e+00
3.042567456313862717e-01,1.967591232446405991e+00
2.092419811513888950e-02,1.315262157442186552e+00
-1.432673686848670233e-02,1.680046058893875038e+00
-8.110250414246449324e-01,2.416646863279309443e+00
-1.791851979912095216e-01,1.929103124068630937e+00
-4.229591801778679466e-02,2.138173773626230734e+00
1.767973343845971046e-01,2.269541061047581465e+00
1.836210274588811198e-01,1.974197227845962521e+00
-3.358756259559644852e-01,1.363750594400649163e+00
-1.118435302474642262e-01,2.700762974006438277e+00
-3.402878853820705540e-01,2.351894012764146336e+00
2.178341930066864107e-01,2.399902587178377456e+00
1.419892640989295907e-01,2.199729244176432452e+00
8.997730047855097496e-04,1.874045857793223524e+00
-7.595610362858064291e-02,2.022334542827582293e+00
-1.384410372391051136e-01,2.115910875158536708e+00
-2.559491626203013737e-01,2.090332173073406352e+00
1.665009813163832036e-02,1.964873889289899811e+00
-6.041450628407641493e-02,1.787641819016913658e+00
1.727990624900233585e-01,2.305760931092748933e+00
-7.112374763634307651e-02,1.939773598377145358e+00
-8.838542672859802662e-01,2.204039620240037411e+00
2.255083303230895342e-01,1.366852948580266736e+00
8.210965028647041961e-03,1.922717265498449013e+00
5.712973800587421991e-01,1.960372425347883141e+00
1.240820201074273182e-01,1.975023529124133370e+00
-4.302705794794998151e-01,1.519678777577442297e+00
-3.250597197673233962e-01,2.143289185055741619e+00
6.976508199179587422e-01,2.250388133004133984e+00
-3.849068754378018320e-01,2.105271684657384679e+00
5.255808670160003748e-01,2.385083657816189806e+00
-8.185279409675684514e-02,2.520855596101782670e+00
1.431915721877180525e-01,2.183563723315817384e+00
-1.301251386911037589e-01,2.183569900183826462e+00
3.482256308066308814e-01,1.895094488156481516e+00
2.839924146818321171e-01,1.483218493318998465e+00
2.877170739999660234e-02,2.006497801424724781e+00
-2.068376335336239713e-01,1.868195468913482982e+00
5.669974072246007912e-01,2.132811241261633128e+00
-6.720734517597475033e-02,2.625836374354312497e+00
-3.112136539740422703e-01,2.350652890883114132e+00
-9.597080005738847786e-02,1.703450327889577620e+00
-3.010040607520679812e-01,1.477008490832636411e+00
7.626312490720432713e-01,1.841744781693969379e+00
2.058393432116966959e-01,1.970874550931208002e+00
7.236570193498822468e-01,2.151359623924678832e+00
5.432217305542283992e-01,1.433976785799512044e+00
3.235246278479143589e-01,1.725726636206114328e+00
-3.994205116428523605e-01,2.373207015599481551e+00
1.401778120367868641e-01,2.012291026114002790e+00
9.187679666096303377e-01,2.541845097396622233e+00
-3.608670927608649825e-01,1.886457090241091317e+00
-1.391554543818667444e-01,2.022070393638252916e+00
-1.631000974200906839e-01,2.276242029395355804e+00
-8.947870576303653678e-01,2.675077398286541452e+00
4.712247583065801715e-01,2.119854804906024182e+00
-1.412054782059829483e-01,1.936968493002847680e+00
2.428701107645463153e-01,2.686822844559457746e+00
2.322694925458561876e-01,1.772040519163688099e+00
6.607221062174629678e-01,2.272183916962539296e+00
3.488770832311674508e-01,2.012090879706900370e+00
2.113140524017592323e-02,1.869890742194002309e+00
-7.756149428332290152e-02,2.005928996047684709e+00
-1.589591246187641860e-01,1.998726036407624029e+00
4.981963727880814874e-01,2.043459015852849614e+00
-1.820664770439676394e-01,1.912197104630780187e+00
1.314447696611987793e-01,2.259335495926704240e+00
-1.166603971292841657e-01,2.221839238984522513e+00
-2.094915854999389593e-01,2.008921510300112345e+00
2.084639355365796587e-01,1.632952021130970932e+00
2.782943155825676543e-02,1.800379855760919634e+00
1.628007374003357655e-01,2.368709025119176914e+00
-1.862139808230680108e-02,1.690460329706945819e+00
2.485989706730543924e-01,1.813732362142989718e+00
7.920394419966185484e-02,1.683785186900918385e+00
-1.476788936070539890e-02,2.191854191975441513e+00
5.234618352193795010e-01,2.174888552159548016e+00
-9.008596574089000608e-01,1.674789299512941865e+00
1.492595988444214428e-01,2.500852563878912083e+00
1.261442709885578772e-01,2.138689492646393742e+00
-5.433270731210954052e-01,2.597614590419071945e+00
-1.787142091120716980e-01,1.771351529180469786e+00
5.242436636789553628e-01,2.284598515052144840e+00
-1.044692100663390938e-01,2.231590922217758344e+00
2.098865734194284571e-01,2.267728541855596802e+00
-2.544767752936379357e-01,2.141477846402707552e+00
-2.898716744079870011e-01,2.377543916849603534e+00
-3.247301037551313108e-02,1.825503335039818209e+00
6.176361578698038451e-02,1.347094566322918130e+00
-3.011216162341780883e-02,2.750710606603894437e+00
9.654961887460097869e-02,2.306422155653575778e+00
-5.164797327132152147e-04,1.715698732146818895e+00
5.467232258726437699e-01,2.529978414288350574e+00
5.230368294739597967e-01,1.803954168094628718e+00
-1.042817153105053823e-01,1.668386955912775527e+00
-1.330132721235282312e-01,1.853330975733435304e+00
-2.487770749846857365e-01,1.541853517771066828e+00
3.308765392149350393e-01,1.859196774580022860e+00
5.687691729861277246e-01,2.434977488172605842e+00
3.618085621167843047e-01,1.967568268495900163e+00
-5.212101247510564361e-01,2.101747422977051638e+00
6.573426450037346547e-02,1.582650276281394319e+00
-4.450501959346722103e-01,2.059206968855198383e+00
1.285376852402245196e-01,1.936098756019178690e+00
-4.606141820232886874e-01,2.203707412601692894e+00
2.886931778245886981e-01,1.824556557711245919e+00
-5.291292646851494252e-01,2.289687311646973811e+00
-4.486138960829405553e-02,1.406767640495086180e+00
2.408255283039291150e-01,1.867581935482174105e+00
1.289650699808047862e-01,2.203776571853941046e+00
2.819077972817002342e-01,2.050368362911349607e+00
-6.036437674549919447e-02,1.932933997330595677e+00
-2.363279680130183635e-01,2.309938836832852616e+00
1.126576045727463726e-01,1.729374610525691303e+00
-4.208226037133380171e-01,1.521018279876650059e+00
-5.303687503008798210e-01,2.044542234336636621e+00
-1.392096497671784228e-01,1.983566101034269114e+00
-5.100387796911257654e-01,2.320728452953933374e+00
-1.182172560689162544e-02,1.838347258236203707e+00
-2.803605726902285711e-01,2.274823780866987111e+00
-1.480733939074891092e-01,2.088535407205813321e+00
-2.536603713014247696e-01,2.440894385163364433e+00
2.316676240462361147e-01,1.918784595022696049e+00
6.778784378407165523e-01,1.492836855915478544e+00
-9.624644825752928790e-02,2.590552534195868173e+00
1.797600839338674983e-01,1.940057582133532188e+00
-4.752190015937827750e-01,2.205372269034863386e+00
-1.271256509050902039e-01,2.077484974005718410e+00
3.735034911616662567e-01,2.240839392670936459e+00
5.970955759288777420e-01,1.792672580210359579e+00
-1.808467954350145802e-03,2.229556618399977097e+00
-1.365198971484014590e-01,1.941517543521569245e+00
3.076287213019059386e-01,1.886231896293129040e+00
3.050039118919720821e-02,1.928487929327513450e+00
-1.421458869297836380e-01,2.182592933288756143e+00
1.114367131998469929e-01,1.995431020889858464e+00
-7.991826574002260097e-02,1.914979009992951786e+00
-4.522244345412836930e-01,1.711413358122830797e+00
-1.354510522067481695e-02,1.760300498937476199e+00
-1.741386543273773235e-01,2.003939354809520790e+00
2.310322229278099770e-01,1.782720176506332077e+00
4.066863112574482797e-02,2.229033142454851291e+00
-5.463363162306866805e-02,1.298084622149621836e+00
-1.267448844421892040e-01,1.680842405839013676e+00
-2.162203653455945646e-02,1.934184694911944336e+00
-1.812524893608674290e-02,2.883143563400048848e+00
-3.084154752833164759e-01,2.235207156341609380e+00
4.771833973843491172e-01,2.107209257839661287e+00
5.035188136605948106e-01,2.077297740455489983e+00
-1.467641762327602795e-01,2.704961238712528804e+00
-4.618235064555460401e-01,2.180923862749081898e+00
1.545250278513300435e-01,2.290918146138020806e+00
-3.595276410704876802e-01,2.568411028856133260e+00
-4.406102570922950101e-01,2.167040710652175406e+00
-1.239974637085428516e-01,1.764766303124339020e+00
6.372495870125705064e-01,2.082041418400392363e+00
-1.094729810206128140e-01,2.393930580312931156e+00
-1.796500457174300940e-03,1.955327710244973538e+00
-2.554958012689464986e-01,2.465593675064022161e+00
-6.212895205002316734e-02,1.701677969535252410e+00
8.151088830836410171e-02,2.097096524060610978e+00
5.519522935704602312e-02,1.841271651262301079e+00
-3.122314198790280826e-01,1.621311967597657500e+00
-6.901342465854695685e-02,2.575447982702753880e+00
-3.512718205344997693e-03,1.633396956816908663e+00
1.669814092106053915e-01,1.790176114451319078e+00
-1.474754463975941898e-01,1.955898016357666913e+00
-3.480326533479934786e-02,1.695932582949804202e+00
2.052893544337998089e-01,2.360231565973573975e+00
-3.884730956682554137e-02,1.638693696256805943e+00
5.327110528933585165e-01,1.735067460979780485e+00
3.956576646208709302e-01,2.539980742286699567e+00
-2.554420061483558269e-01,1.980639653317938009e+00
3.183739121275308004e-01,2.493789530859789938e+00
3.367966542230743099e-01,2.172957411787176607e+00
4.187868910958714719e-01,1.961705076004121917e+00
-4.671431248125975100e-01,2.228043164683591648e+00
6.725714920175864149e-03,2.623159281191859371e+00
2.400261753426035857e-02,1.838932866086731899e+00
-1.139452323699522013e-01,1.797003458869389725e+00
2.076905761568864084e-01,2.019534377227356625e+00
1.075207222168653165e-01,2.318219534262236259e+00
-9.869323328141556273e-02,1.771559429761689231e+00
8.557336393969976196e-02,2.330973330684763312e+00
7.590798865370569637e-02,1.670427982075729734e+00
-1.332504567722683775e-01,1.629432317125884211e+00
3.188708808575321796e-02,1.929712265380365999e+00
2.109116197690575900e-01,1.450765410420139290e+00
-1.411435397603084119e-01,2.076697378364694035e+00
-1.892632810002123078e-01,2.226239720551994150e+00
-1.313504467285205313e-01,2.026835643972042078e+00
1.851990733085397134e-02,2.673019357996908596e+00
-5.811171893278951339e-01,2.269603283783810266e+00
-2.181142400548661264e-01,1.757517645633955405e+00
-3.250279306052410999e-01,2.694305723225416838e+00
-5.194014608384370790e-01,2.196104520536783067e+00
-1.900695701874588472e-01,1.966218842803615585e+00
-2.266659653820154996e-01,1.749056524862059092e+00
-8.776715082437003268e-01,2.269575827870728535e+00
4.220214175692935665e-01,1.362755665457973109e+00
3.532213503509437080e-01,2.076750441582801976e+00
-4.463433393585145570e-01,1.193003213163075893e+00
5.547994788641156250e-01,2.280661178090544361e+00
-2.488927437244433660e-01,2.102965622121335088e+00
-1.422460791769483701e-01,2.364303660331093848e+00
-4.864098080549641434e-01,2.050663601357890720e+00
5.132328016453809871e-01,1.843505959907147940e+00
9.468935242284820183e-03,1.912230371318244471e+00
-4.048170621142122699e-02,1.707325526015885497e+00
3.245527347102113852e-02,2.019245639346017640e+00
3.131889951277385120e-01,2.187522133176873940e+00
4.510675017300991851e-01,1.622559949962864234e+00
-1.163882153559417099e-01,2.161305347788499365e+00
-2.990865786411438521e-01,2.031680824126556040e+00
-2.200369888280518937e-01,2.283306459525370258e+00
-1.209134848867905315e-01,1.987520880692803749e+00
-5.350213178895968716e-03,2.118869697892134418e+00
9.803931292789756780e-02,1.725698515588954152e+00
5.112701965857320563e-02,1.665556949670066178e+00
3.225699561994671560e-01,2.279889786411805730e+00
1.099525065190898043e-01,1.962544252929129929e+00
1.647251659129230772e-01,1.553175385002924402e+00
2.001952252732088766e-01,1.610015918509090094e+00
-2.053571183539271983e-01,1.708762399505228569e+00
2.414498012422838236e-01,2.102172641386081509e+00
-3.355029513754548276e-01,1.849670308208615221e+00
2.958099403955993800e-01,2.087937458688671200e+00
-1.518718912839275292e-01,1.993397110593630561e+00
2.058175427090894183e-01,1.838712735271880172e+00
1.112250800753318419e-01,1.995007295227658517e+00
-3.002617114825046341e-01,1.813941162339418600e+00
5.873190279444987505e-01,1.925503044958933430e+00
-2.409065304127893659e-01,2.060769313971614558e+00
-1.761383857573311507e-01,2.021443454556690611e+00
-8.433076845879675654e-01,1.982059903029967929e+00
-5.239659773552213934e-02,1.769129489561572566e+00
3.645615604335389337e-01,1.563349778421222913e+00
-2.736926526404167559e-01,2.662697741309670629e+00
1.660331238251721575e-01,1.743367906300809622e+00
1.109343896700749760e-01,1.616707750863881410e+00
1.497973209615589552e-01,2.263718460164927393e+00
-2.169081125183075220e-01,1.964226273209444429e+00
1.026094968602206947e-01,1.605587782857200496e+00
5.971115468709456975e-01,2.097048086679056844e+00
-2.196834828703231324e-01,2.420402181451728030e+00
3.202423712422533542e-01,2.435604017346168604e+00
-9.418674278326075733e-01,2.016321636747021806e+00
-4.554740647485168714e-01,2.228127397184728409e+00
-6.361712426209596982e-01,2.761811959380051640e+00
-4.089019774350882153e-01,1.462787202825924560e+00
-2.261246159123074806e-01,2.062185478724420040e+00
1.084306421945677307e-01,2.227266818070049670e+00
-5.662500525548916919e-01,1.886307330553584460e+00
1.536186898892125396e-01,2.122446001087330281e+00
-1.651494503007991665e-01,2.171403249200746011e+00
5.691942396921539915e-01,2.437915884429637359e+00
3.638009850857184535e-01,1.590242280152352805e+00
-1.187556056493866558e-01,1.747273102237357323e+00
1.551562411603402414e-01,1.983273711009922557e+00
4.816337878922070659e-01,2.299360438249836935e+00
-3.355015250966715823e-01,2.192941495235045224e+00
3.114000559658024886e-02,2.310181030345380915e+00
-2.066405005287662300e-01,2.252597017386179790e+00
-1.911211593408995157e-01,1.578512156214896711e+00
-1.177364181788770753e-01,1.907849289833087658e+00
-3.160735509993692904e-01,2.200719932431143722e+00
-1.041628426458484497e-01,2.001752117332557646e+00
3.877932776020140970e-01,1.709625612103280012e+00
-4.649337707444965023e-02,1.782410414528988518e+00
7.667780514707272371e-03,2.512833491892882520e+00
-3.059842253864952441e-02,1.811153938075905190e+00
9.434831894841469446e-03,1.821991635080990157e+00
4.534675538988432453e-01,2.377682240248776502e+00
-8.069200647006843918e-02,2.105372856817564919e+00
-3.610542873630332439e-01,1.581103486872643682e+00
1.935904594434829651e-01,1.791319862590802225e+00
-4.419618473642933365e-02,1.859896574751612519e+00
-2.578773319721926471e-01,1.704779403158975359e+00
2.674761310854348872e-01,1.694950543005569132e+00
5.013510690993311369e-01,2.200626234236914502e+00
-3.947766616838043197e-01,1.526164046900293725e+00
1.601289152384778314e-01,1.965972283023061484e+00
9.767123230928966005e-02,1.509902496689159879e+00
-4.808478493896583550e-01,1.922102961871617666e+00
3.446749446579959464e-02,2.097251315202252719e+00
2.048949155293555147e-01,2.412906528488953928e+00
2.228109292731594859e-01,1.838798404983841506e+00
1.247498629175331497e-01,1.927103157536522726e+00
-3.530665241108851826e-01,2.661464043678549718e+00
-4.011054612322654256e-01,1.240105144759090283e+00
8.213371866924210618e-01,2.252157482042421055e+00
-1.915857326836142849e-01,1.598810688714570105e+00
-3.428484997848247340e-01,1.642009951106342847e+00
1.876131796077386282e-02,1.665190371850267859e+00
3.442005336161923501e-01,1.538470103236492248e+00
4.891058705075719271e-01,2.230614564354244322e+00
-3.361496082918022377e-01,1.872747343203353232e+00
3.277277819551194793e-01,2.148450440946495732e+00
3.770668327683225629e-02,2.002716105162658966e+00
1.293327799710646542e-01,1.420463665657534236e+00
-6.763834591269326513e-01,2.368657289258624399e+00
-2.143716287273373655e-01,2.400768364599918492e+00
-1.987032174570193058e-02,2.220504899568388701e+00
4.744440503932865205e-01,1.916425348476928692e+00
-7.865038411939252738e-02,2.117210385630441394e+00
2.155973186486377369e-01,2.300270967668988309e+00
2.631719581921860077e-02,1.801152793823653564e+00
-2.239697288239009265e-01,1.926870024767177503e+00
4.019002260585117781e-01,2.443808129911510640e+00
-2.250143518795979236e-01,1.540141212964183826e+00
1.245018784802853426e-02,2.422105361828472692e+00
3.757676676573071806e-01,2.252671728713994348e+00
-3.280219442362886789e-02,1.956538889674189763e+00
3.428740631945720319e-02,1.595219960799839853e+00
4.105076332995131749e-01,2.319115016202533130e+00
3.068284495346180196e-01,1.762671681363180864e+00
1.919966500054945402e-01,2.043354197977586661e+00
1.245235189824029851e-02,2.310097910732222370e+00
-1.519819382752411741e-01,2.521564927169734460e+00
2.985505824095152083e-01,1.891030749073033590e+00
3.953714387781599726e-02,2.192304111329528737e+00
2.814036081895123220e-01,2.187496498899623720e+00
-3.219197657173919480e-01,2.627191732514638112e+00
1.915179714827107693e-01,1.646715073327615464e+00
-8.354448544894934603e-01,1.916817727363545165e+00
3.386137248857807869e-01,2.202663447962593501e+00
1.520982804098665042e-01,2.025201090508185420e+00
1.350041188942020243e-01,1.189745638231310965e+00
2.520861191693827413e-02,1.615101585542499052e+00
-2.946724347136895905e-01,1.665012373629056075e+00
-5.425680890572961990e-02,2.135862717849753345e+00
1.557752024584737882e-01,1.946952350535468002e+00
-4.641025166184477024e-01,2.175589453298609754e+00
7.275680256918028166e-02,2.730206054498216961e+00
3.646525371092713685e-01,2.367027013174835215e+00
-3.171375643397396638e-01,2.543035148764802855e+00
2.635784316645556902e-01,1.799327280195597734e+00
-3.489639060383132457e-02,2.958262790596606795e+00
1.000402558087550020e-01,2.381973132622378309e+00
-4.050466203378817742e-02,1.877803323581576311e+00
5.522449411752718834e-02,2.371892112781825102e+00
-8.781484819144196041e-02,2.030110727227462775e+00
2.544917408574793316e-01,2.165931084515832605e+00
4.607311516656225625e-01,1.378894207330489063e+00
-2.714473022157408710e-01,1.762483487955226913e+00
1.610480149193814492e-01,1.632979344363120422e+00
2.721572664183604662e-01,1.906581753758662456e+00
-3.547598784130300831e-01,2.849074274514390659e+00
-3.276723343674803335e-01,1.946133880966324670e+00
-3.724042743710488379e-01,1.941869312722029450e+00
-7.591856226312446165e-02,1.955023040990598648e+00
8.954625347349877418e-02,2.204110036828848873e+00
-2.247330159062049526e-01,1.983895935312634640e+00
-6.575668773121726152e-02,1.750170121993006811e+00
1.411893163323558187e-01,2.280769657722833355e+00
3.545064922789185613e-01,2.344525359321793179e+00
-2.212227348972637675e-01,1.876761787554420025e+00
2.633305662581344464e-01,1.826963081170649872e+00
-4.948584798524466866e-01,1.707744754961753486e+00
1.781149970856395204e-01,1.689089436019542312e+00
-6.216785620980717075e-01,2.207017590027768872e+00
2.531236293988769481e-01,1.975036109182476629e+00
-6.427684454179330986e-01,2.137258352581164811e+00
-2.146718232641302015e-01,1.813514342238775168e+00
4.648799311876760654e-01,1.851146156936632536e+00
-1.750124040288817129e-01,2.085054388455309216e+00
2.834548165530128006e-01,1.726733340768443536e+00
-2.554361840120259255e-02,2.600391481412530847e+00
-1.833263661568497183e-01,1.853138576169950813e+00
2.193570382466317192e-01,2.440724103208494089e+00
1.086804419504285857e-01,2.462481010232731471e+00
8.496349834798022638e-02,1.934970751717346893e+00
-3.514281533546870229e-01,2.244462916778725781e+00
-1.535160122089697932e-01,2.413101777819228744e+00
1.497040530350710053e-01,1.941968035370082335e+00
4.132362915833899808e-01,2.613853988679486484e+00
-3.143530926947227938e-02,1.832152016875145728e+00
-2.182306746881679249e-01,1.412025025651486132e+00
5.375907456242116217e-02,2.060130213599061566e+00
-2.327366566132485215e-01,1.967098581315500638e+00
-3.858689486748557301e-02,2.162372127947348233e+00
-1.796113726307997094e-01,2.316518563937800756e+00
3.895377575915903168e-01,1.533780933122571799e+00
-3.241448509145085366e-02,2.345090521066652389e+00
-5.249391953764439428e-02,1.646288599244590811e+00
-1.572996987113007769e-02,2.158646890282122754e+00
-6.135547002164306596e-01,1.513629016602563215e+00
-5.662476767124903221e-01,2.025140716836080212e+00
-7.357516415441209268e-02,1.995880733047331379e+00
1.661529918596384159e-01,1.682044208025265331e+00
2.509161443962305837e-02,2.100402969319484558e+00
-1.780031482788324571e-01,1.783037267295468187e+00
-2.210730391943339090e-01,1.975828298024159713e+00
-4.998238978856558989e-01,2.239465389428392683e+00
-2.128987419791002894e-03,1.208163635822250725e+00
-1.351046598059218451e-01,1.816240434275638416e+00
-1.914838320454798348e-01,2.056273068847489061e+00
-1.940286968836673342e-01,1.574447492909988755e+00
2.724948029628805612e-02,2.028677284103974632e+00
-1.111311183409364300e+00,1.683411639807627314e+00
-2.064455003449267578e-01,1.895046712424745872e+00
1.276020766943940232e-01,2.303012187932944599e+00
3.494775735167356401e-01,2.257066217454732904e+00
-2.600917321229231360e-01,2.211504873347303946e+00
1.864702368141797073e-01,2.245310120804249632e+00
4.178498902573227203e-03,2.033115626335820991e+00
4.399162249953469939e-01,1.541594907506952605e+00
4.102514850813505087e-01,2.163268030958886534e+00
-8.103948800259754004e-02,2.206366744185872530e+00
1.666333947515814262e-01,2.227631716548140073e+00
-3.579293128005887059e-01,1.785528322541643398e+00
5.966600517854266927e-01,2.274149345857543025e+00
-3.708457545107052278e-01,2.236554591494532840e+00
1.659462988297432939e-01,1.779974745173440898e+00
2.389664172291455224e-01,2.011536967465898051e+00
5.917273821203729300e-02,1.979731035334556744e+00
4.234780775266414055e-01,1.773072203609373121e+00
-3.778183537289176441e-01,1.593748677348772125e+00
4.297098681494900263e-01,2.200280351987075722e+00
2.910093038943547539e-01,2.675129409476801889e+00
-3.413822254798265510e-01,2.023207970543380085e+00
-4.402968864112450920e-01,1.728546161779008106e+00
2.718576124427629637e-01,1.650891018195847160e+00
-4.348977528311475660e-01,1.779453246688624368e+00
-2.874766783562662797e-01,2.179500172255747881e+00
1.246064744909072264e-01,2.190844777010406030e+00
-2.011911127713273406e-01,1.629791381039905840e+00
-3.590596237804954266e-02,1.876772443020960690e+00
6.696235801476452254e-02,1.948730660095726153e+00
-3.772050158921122498e-01,2.494599721115648094e+00
-1.979816087447346662e-01,1.820014249117513305e+00
-3.040023298668541596e-01,1.928980259966944777e+00
-1.706468679316676396e-01,2.156917633368058862e+00
-1.579234378877031053e-01,1.913326885267333743e+00
-4.945593947258285494e-01,2.675872184818866018e+00
2.287557539468709489e-01,1.676020074494555923e+00
-2.691404120132633304e-01,1.744497733950069795e+00
4.430514039223654166e-02,2.480587640847560671e+00
1.055197388498858718e-01,2.278592712128783671e+00
-6.820177563700907664e-02,1.956471577939157935e+00
3.523910785462318063e-01,1.596847587850249273e+00
3.756948231510616742e-01,1.824869985162140607e+00
5.113709748835259562e-03,2.094631545259937777e+00
-8.452575948067804490e-02,1.760822731283571585e+00
1.477522399507581914e-02,2.311460835266571756e+00
2.315564395856400393e-01,2.355916400044372416e+00
-1.318379391956298052e-01,2.453861560063097969e+00
-6.808237914175999661e-01,2.056209073071467053e+00
4.138715614309628199e-01,1.508992827575892370e+00
2.226495410909713410e-02,2.032359582808366039e+00
7.864502589030464286e-02,1.881521639799019985e+00
1.796998484140954200e-01,2.275049937844130454e+00
8.095400496859025408e-01,2.137662164653608254e+00
-1.384032209752374121e-01,1.987239263172630555e+00
5.675270743221262626e-02,2.118637722858498051e+00
-2.263632923297211608e-01,2.220196382522297895e+00
3.167068244476941574e-01,1.985796309101564461e+00
2.174004802305397888e-01,1.966873948219793666e+00
-5.758972423903075954e-01,1.679498456914222171e+00
-2.570953448302334965e-01,1.920870962605050192e+00
-2.770865003844870667e-01,1.979842410956879073e+00
2.534496028516557420e-01,1.631876268351767134e+00
-4.493151651492162113e-01,1.741476070155104638e+00
2.950125198355872322e-02,1.610799149114809481e+00
-5.439318081093367230e-01,1.681025515029073825e+00
6.481944112305666472e-01,1.347306596854283001e+00
5.078809569129275614e-01,1.877614494612612317e+00
1.276798291560952703e-01,1.350307064685974723e+00
-1.503358204533148668e-01,1.866459957716218421e+00
8.915659917435253545e-02,1.888209147514967601e+00
-4.222896238948300462e-01,1.914729141691379199e+00
-3.860275548956631358e-02,1.294592944295653414e+00
1.611690037768400419e-01,1.933982702596517944e+00
9.267171768803227072e-02,1.958120636908147860e+00
1.594328503266786989e-01,1.920071213222081852e+00
2.459563178387177695e-01,2.722209819038835743e+00
-5.422632386443918540e-01,2.550281694381812514e+00
-9.663180469066687261e-02,1.383381760684853967e+00
-7.716902835079191003e-02,1.730927136057716531e+00
4.898325050329135344e-01,2.571996896320879245e+00
3.865508044316837144e-01,1.820348952422238487e+00
3.518465544648434473e-02,2.137383806838025979e+00
3.320929166021500678e-01,2.122357884940296202e+00
-2.986283697817090355e-01,2.469526537963922408e+00
1.514661295772030958e-01,1.605286123429008338e+00
-2.699845483675805125e-01,1.906165820659609711e+00
-1.370388054885806339e-01,1.726839156892456595e+00
-4.607688615878988703e-01,1.834778538942652526e+00
-7.110229212615420957e-02,2.675000525265318174e+00
1.014903258322125967e-01,2.183082069982348106e+00
1.054105179186377722e-01,1.492115497943927505e+00
2.546221030458662438e-01,1.689480927501548324e+00
5.458875518948928113e-02,1.900545536556699888e+00
5.287414690375721316e-01,1.697562973949352072e+00
2.770609121581092960e-01,2.050377294547843565e+00
-9.125215780332826543e-02,1.624252672867937397e+00
-7.549103212855469147e-01,2.240303673850260413e+00
5.215666538014780418e-01,2.304727485005795717e+00
-1.153828952699253035e-01,2.026081574464241530e+00
-3.497299193308045940e-03,1.483017551862364503e+00
-2.176693301942136116e-01,1.766732051786758406e+00
9.476470710101399242e-02,1.616765013579969379e+00
4.190538579811049769e-02,1.687303109197832107e+00
5.310257566949563302e-01,1.866135969158225327e+00
4.518476265703796901e-01,2.092146487869493310e+00
-1.058817486583145742e-02,1.352737501780939322e+00
-4.940492024091402978e-01,1.820163017797945537e+00
1.611244527559433093e-01,1.826893841623852932e+00
2.784826160736435519e-01,2.101088577896486953e+00
-1.989242244623092293e-01,1.725674841494045264e+00
3.210579851171717070e-01,2.185126341840077480e+00
-4.953278556453112325e-01,2.012919281214472278e+00
-3.996303324266958779e-01,1.422756198304119479e+00
4.373995137935826061e-01,1.782202793274821007e+00
-1.090013191187674535e-01,2.100278055142494882e+00
-2.943011378830690319e-02,1.888688761994707699e+00
-1.598392874603379865e-02,2.158657100848119903e+00
-4.034032189671200586e-01,1.882161653094438725e+00
2.130024897002577577e-02,2.256177883874589618e+00
3.634884586542375673e-01,1.753048569435450954e+00
2.037261048459610424e-01,1.906235093277640624e+00
-2.172615955822314593e-01,1.705515938330689263e+00
5.351870703952874703e-02,2.234315112431589867e+00
1.749782380862885678e-01,1.773651271944348684e+00
-1.619738564786718793e-01,2.062209102635423896e+00
-1.503434522911734073e-01,2.021616910790597466e+00
3.279540177177304727e-01,2.508784372808582575e+00
-2.427910243490156716e-01,1.560360003736290579e+00
-1.386570718692898274e-01,2.611064212436113863e+00
1.247180448644795853e-01,2.423106481322484740e+00
-7.089288170048589632e-02,1.894032638427459059e+00
-4.307304388812265017e-02,2.210248271928845654e+00
1.262582200483683692e-01,1.879666728906340012e+00
2.098035978122747280e-01,1.793764642235763374e+00
-7.876529097514355093e-02,2.255657468127282073e+00
1.021767952999844548e-01,2.422299907696992882e+00
-6.517128143404736507e-02,2.178415643497546572e+00
-1.042272596304267065e-02,1.945003645746920862e+00
2.657334361392721944e-01,1.716545691125854312e+00
3.606447871018438889e-01,1.730811526658905919e+00
2.896590682860446936e-02,2.343705732907533257e+00
2.001541306378293583e-01,2.064930363757554677e+00
5.287270360842902805e-01,1.810292538273194252e+00
-5.288678191508553450e-01,2.162043831006442485e+00
-2.989651919770709432e-01,1.825793737926348692e+00
-2.165153460431798738e-01,2.426411182577274950e+00
-4.121695915957112044e-01,1.725455224397990595e+00
8.737820811732108228e-02,1.970376239286565134e+00
5.650185811327919083e-01,1.557851978121205683e+00
-7.845581043270230537e-02,2.242209528521497131e+00
-3.167545405559514526e-02,1.707779037855945425e+00
1.228927054110398875e-01,1.586620226078842233e+00
-1.122094944606709943e-01,2.481634394387418396e+00
-8.689210235551468250e-03,1.931942865634398654e+00
-4.453347129048152997e-01,2.245781199919786530e+00
-3.958750088193076500e-01,1.376376173246020462e+00
3.253666836437038024e-01,1.977401239049783710e+00
2.733151130893764491e-01,2.179192901199577648e+00
3.848026993524948924e-01,2.061700819897097858e+00
2.898933510951384740e-01,1.946237871545309250e+00
2.404714470229216139e-01,2.310349085515031042e+00
-1.427645573746250951e-01,1.852689258616330159e+00
8.383574704475979522e-02,1.718050173843376882e+00
2.838488000240521267e-03,2.005045898015326511e+00
3.410479878365796913e-01,2.197828737267478072e+00
1.901447127826321193e-01,2.133932510937477378e+00
1.414862170386614049e-01,2.045548714087570552e+00
-3.781464477056521029e-02,2.536988953949393277e+00
-9.718783024561993000e-02,1.939632663894955922e+00
-1.101849534225816801e-01,1.946260679242075131e+00
1.260519741922402903e-01,2.363009815359260024e+00
-5.447946081746426333e-02,1.351743082514323291e+00
-2.189632929279136941e-01,1.807746469465732586e+00
-2.433429946637090113e-01,1.888768446203793916e+00
-9.219315381660045383e-02,2.085622411356932826e+00
-4.661785644820060082e-01,1.958357000574778128e+00
5.366906190509149743e-01,1.774957678097409453e+00
4.958987274485276986e-01,1.748293196963875529e+00
-1.177944423942799274e-01,2.723220764613962785e+00
-3.030622663693389174e-01,2.327475758045084664e+00
8.708441484808113198e-02,1.774858097114272892e+00
2.750379444749158075e-01,1.919873955216757411e+00
-2.044115851799904460e-01,2.257744774798403853e+00
2.589474897972074974e-01,2.455846330597537985e+00
2.330912153312118262e-01,2.437537232044163726e+00
-4.802116789384050510e-01,2.329196657350402599e+00
3.053104785360149509e-01,1.872297105601308909e+00
-1.368543402243028728e-01,2.036719954546171607e+00
1.209293062891741016e-01,2.124833199222687874e+00
-1.166740006251851119e-01,1.387748855421489402e+00
-2.711675655030353904e-01,1.882330765544259821e+00
-3.881575166402139176e-01,1.207477609033536181e+00
3.518290178250259997e-02,1.717083332397051798e+00
2.887837461471351452e-01,2.253782750043131333e+00
4.609282565365031559e-01,2.854967773914131257e+00
-3.424826613928200758e-01,1.406507030650938628e+00
-2.876330366657446347e-01,1.693064036323554955e+00
1.106637996569474619e-01,2.488718651505736901e+00
1.715230552972627498e-01,1.964958529801773102e+00
1.288817553624058976e-01,1.797406779974657809e+00
2.990333734665804322e-01,1.425167668683611222e+00
-2.935675037084501393e-01,1.999765585509483357e+00
3.417924309898044966e-01,1.929493761126054530e+00
-9.412073751149507839e-02,2.181885539549496489e+00
-7.019973382687955121e-02,1.967567916049477672e+00
-7.579751564045501822e-02,2.009304012250834770e+00
-2.468397931767911668e-01,1.916821073457172009e+00
1.457904319582801859e-02,1.860909217387823222e+00
-1.550960853963216368e-01,2.240322820807733262e+00
-3.769230949772827688e-01,2.058121615328050602e+00
-1.367889455006612298e-01,2.222511410830402490e+00
-2.581467546987096240e-01,1.672481770958461400e+00
-1.939597590416831385e-01,1.623090431749586893e+00
-1.039125076242156109e-01,1.961996956474593379e+00
1.868676932026662463e-01,1.750450987565637773e+00
-1.990216966712310132e-01,2.500292587185595661e+00
5.644314092644289182e-01,1.654513282425956744e+00
-2.627694634008485020e-01,1.548080493730213059e+00
-2.248194000506110179e-01,1.791517084606568444e+00
1.172822646407081608e-02,2.213440377749211319e+00
2.570519656601570335e-01,1.731830114470432003e+00
4.097212976011174734e-01,2.453722380810364978e+00
-6.834941636527016584e-01,2.024454738194133352e+00
6.834838036786075044e-01,2.067787527824173743e+00
-7.434908278574489104e-01,2.033377787821450511e+00
-7.117196597268796165e-02,1.625073671726361635e+00
-3.333758127940510962e-01,1.473750238075678176e+00
3.113963856167121791e-01,1.865757211733992893e+00
-1.589222884814758541e-01,1.733123379509177608e+00
-3.801007726253263219e-01,1.874132359091318811e+00
-1.593373855424390917e-01,2.359532019389990687e+00
2.466256546384374693e-01,2.005574484791580403e+00
-1.710113264897558938e-01,1.907559036043369849e+00
-4.396030120843926192e-01,1.669095858051868886e+00
1.137387867764285410e-01,2.038143579960850271e+00
-8.625836621867334630e-02,1.814502929227581163e+00
1.516436155570324851e-01,2.216607876089796036e+00
-5.913266707654096788e-02,1.604933987239912874e+00
6.314447628412711566e-03,1.894696312397728066e+00
-9.079632766597552085e-02,1.438921267413237892e+00
-1.660511297524035756e-01,2.084609298960861778e+00
2.551730805752428499e-01,1.920118679988614963e+00
6.670200028271607851e-01,1.888092092949076761e+00
7.481515853029691021e-02,2.201074827902638198e+00
-2.554217547794985221e-01,2.072457983299209161e+00
-5.424660918693705036e-02,2.463050096368100128e+00
4.670939995777419473e-01,1.828808270521511403e+00
-9.666403140532885130e-02,2.239205664047187572e+00
4.368536688005464352e-01,2.003881261346989184e+00
1.754346480685028964e-02,1.954764262069514702e+00
2.801807419437532184e-02,1.182133553610610788e+00
-3.809969216264187941e-01,1.536625982497825005e+00
-2.342241778694598153e-01,1.755175131715345671e+00
-7.959975670686832983e-01,2.174922002485252470e+00
-4.514600525259047648e-01,1.832337942036902589e+00
-2.342053545475980547e-02,1.919732249024001636e+00
-1.492006974964696364e-01,2.270581771983886554e+00
-1.426602169328328173e-02,2.118087123192946564e+00
-4.916773910827841321e-01,1.974365173250260508e+00
-9.314613130020144016e-02,1.776231862207963808e+00
4.945800207604589271e-02,1.071315769223285752e+00
1.863652383295087700e-01,2.018318847779850600e+00
8.606430769710095297e-02,2.076062238500495205e+00
7.622003627216304526e-03,2.601499396409880482e+00
-9.282941320847214461e-01,1.853845568872461103e+00
6.668760709032047762e-01,1.625774831688650668e+00
-1.197850096568425365e-01,2.214714274498656543e+00
-2.997240266707286160e-01,1.796012867591803008e+00
3.961680565695062106e-01,2.390775162122629194e+00
-5.187580999280875238e-01,1.852777752719994675e+00
-2.001031299427672716e-01,2.236830716060463242e+00
-2.570353114947348996e-03,1.409863285277435541e+00
4.040740409042860581e-01,1.672460076183559963e+00
1.633154660290887794e-01,2.505895077768613088e+00
2.826099428107999023e-02,2.536620800816208998e+00
-8.150628176774456224e-02,2.201914423712708402e+00
3.682351996511288306e-01,1.720166200068865558e+00
8.833483087416449386e-02,2.160237166343312420e+00
-1.087503709907207405e-01,2.088179413289432684e+00
-5.442703073913139900e-01,1.969907372151526337e+00
-2.833781461366006171e-01,1.968222694420099561e+00
6.150951805008491036e-01,1.784101304759623696e+00
2.901476771624684203e-01,2.201622854887010483e+00
-9.559089587618353756e-02,1.964807809123315430e+00
-4.263593796389252705e-02,2.162123444713884624e+00
-7.676421883823496550e-01,2.240216532209369671e+00
1.589166972166391190e-01,2.186350972995650732e+00
-3.367249638506433218e-01,2.665692421118918798e+00
-7.431791613985563871e-02,1.865360416383784692e+00
-2.592273386044725569e-01,1.992762484135190082e+00
-1.075135818564907919e-01,1.765716737577184281e+00
-1.347635746681123403e-01,1.543893214762138255e+00
2.759182957636732714e-01,1.901418961320136214e+00
-3.826220863293484653e-01,2.204197872285848625e+00
-1.722622155680307854e-01,2.024769987071266542e+00
-1.053799839842944480e-01,2.183806939214506304e+00
-5.011667463321868576e-02,2.310520448320073417e+00
1.074554262086965112e-01,2.046594137717213879e+00
-1.120846968383754222e-01,1.965500359358925087e+00
-2.435505417344678569e-02,1.798963897673215850e+00
-2.710903793956453978e-01,1.502734705109644908e+00
-1.607624021431786066e-01,2.073113913509954997e+00
3.887448836690707288e-02,1.290092369455857702e+00
8.451102250213894385e-01,1.798419260993610269e+00
-2.981720173240352129e-02,1.921817659410250290e+00
-1.802228084727823532e-01,2.293600091363394711e+00
-2.938324643527198687e-01,2.031446063676024760e+00
1.821371780443243882e-01,1.757466021194732164e+00
-5.632962448269259736e-01,2.213413148071260661e+00
-1.592998769741459375e-01,2.347983775162323816e+00
2.388995024815107615e-01,2.139887214198703536e+00
7.031362083361500370e-02,1.685830097489135149e+00
1.043848975815209745e-01,2.272766323071129246e+00
2.328671681658224524e-01,2.014153125672527800e+00
1.784638125849159485e-01,2.846846845091268285e+00
-2.387273651837099608e-01,2.023780845943530249e+00
8.008623861720449710e-01,2.044988155878095792e+00
-2.006676622009289507e-02,1.872200428382165160e+00
2.493493175384887961e-01,1.912129017417643073e+00
-5.652371242419307329e-01,1.981440079845735891e+00
-2.295963628891401764e-01,1.736040222913699527e+00
-2.994801101513639985e-01,1.439869618545973617e+00
9.962752917907084782e-02,2.531311365551268011e+00
-2.538736108261450686e-01,2.132198956398748901e+00
9.874519645016446856e-02,1.827977591210250496e+00
-4.052800712913317005e-01,1.877407505319993009e+00
1.785776711017114382e-01,1.965736874402207679e+00
1.601564222462378562e-01,2.660178898652447277e+00
-1.698160295918989537e-01,1.806092068893561775e+00
-1.883581181659490233e-01,2.145723675513222961e+00
-1.727534582564896337e-01,2.053946159767881419e+00
3.749100565517488604e-01,1.704868609899224730e+00
-4.457828293611595938e-01,2.323166006894910041e+00
-4.406618038756173750e-01,2.069448808726815248e+00
-3.594060261977634618e-01,1.799162946077550895e+00
2.195293272607178880e-01,2.281887107250357705e+00
6.163499631040564308e-01,2.125656945735941328e+00
-3.956904259716331751e-02,1.790107899498367683e+00
-4.720783244850587645e-01,2.455936480724727478e+00
5.907939683912402096e-01,1.611711127493093754e+00
-3.238065728346371519e-01,1.809433763594518130e+00
3.503743001069067886e-01,1.630192851737031212e+00
1.784805383055350636e-01,1.969124127418033554e+00
1.965927038026202556e-01,1.820702154590146726e+00
4.790502453861513604e-02,2.312082985919902356e+00
-1.871460206519099112e-01,2.042434895082848367e+00
4.427239682095262530e-01,1.909535429319525912e+00
5.065035117654373975e-01,2.009298703841362332e+00
-1.623076459972285224e-01,1.724991362422132468e+00
5.365775564152840404e-01,2.731149088766338551e+00
5.151354845737033533e-02,1.793859011414228100e+00
-4.691984338537918964e-01,2.574562396781330254e+00
2.785259714819474097e-01,2.314280804390768331e+00
-4.591316473194201331e-01,2.475978572747018713e+00
-2.434746770330586396e-01,2.245341917481429306e+00
-1.460083900034611915e-01,2.441022537953418059e+00
-1.296340501441458626e-01,2.156843607683585073e+00
-6.352670286376478348e-01,2.031290908971352227e+00
-1.243197590370214572e-01,1.978181935771038624e+00
4.611949613750502414e-02,2.545069219547178907e+00
4.549455129844789392e-01,1.332160163146234755e+00
-3.291142110627422873e-02,2.308730195263935858e+00
2.194055357945512708e-01,2.264331026529239121e+00
-4.330309463130574410e-01,1.729298103159982336e+00
1.409799681495612148e-02,2.057377372285984496e+00
-2.762061357967702802e-01,1.614463187202974437e+00
-9.312212898308314113e-02,1.928668488128874925e+00
2.094942568554934437e-01,2.119890603023494080e+00
-2.571952653604634986e-01,1.781158108498773762e+00
4.994147372933512297e-01,1.972867478705331745e+00
-1.616821137450243639e-01,2.130612117298483543e+00
1.675648000650154512e-01,1.958125728218129247e+00
1.006134119494238310e-01,2.164201923485382650e+00
-1.192702153424496370e-01,1.823253233418909769e+00
1.440375570927557303e-01,2.181023381021347518e+00
-4.101345203293808167e-02,2.027026585155855098e+00
8.168025792883017999e-01,1.940147156917082505e+00
-4.824008680928573156e-01,1.830010985339615148e+00
-3.573892542653038518e-02,1.901478548124339696e+00
3.794461817164032080e-01,1.675505173509596268e+00
1.815460910480089229e-02,1.891870609017060501e+00
-2.434148626353060951e-01,1.769025452346703053e+00
-2.002057496252691859e-01,1.542759954584856263e+00
1.634196422918800518e-01,1.907906538041284961e+00
3.362977901624595867e-01,2.140985907548298428e+00
6.790649020044059458e-02,2.157964093349122425e+00
-4.782915695087782693e-01,2.071385718477701143e+00
1.906676677851935620e-01,2.144972844174406479e+00
-1.527692466740029342e-01,1.852560422475980628e+00
-3.163917043890171477e-01,2.506343799378702553e+00
-7.644441956232237434e-01,1.973348237214973766e+00
1.652813238759809344e-01,2.316816648526507372e+00
9.210582168734707253e-02,1.726993947355922376e+00
-3.512247968990537816e-01,2.461808318920479355e+00
-4.182617483595453822e-01,2.374202609812020359e+00
2.557898506781949299e-01,1.850267523429909966e+00
-7.876312442909702560e-02,2.033522506021851584e+00
4.652781679592255526e-01,2.470513946680757300e+00
1.618611409093468345e-01,1.697958347179949534e+00
-7.208674316354706235e-01,1.663560181497745649e+00
-2.200062873101652494e-01,2.062165702538512058e+00
-5.417159739133943219e-01,1.646498249157545946e+00
-2.473385826602102489e-01,1.815556003941050545e+00
-2.198986280121935644e-01,2.174954393735810676e+00
1.901646301019469243e-01,1.964500583923291188e+00
2.566091552952634580e-01,2.355633719488688715e+00
-9.476923533255067478e-02,2.062234986995882924e+00
3.650733832512224886e-02,2.034858160573475239e+00
4.726915486940184707e-01,2.177253338193751109e+00
-7.420642880880513881e-02,2.103405468113137999e+00
-9.024969561209747471e-02,1.583581622388491539e+00
-5.009280888783594898e-01,2.037934794294261831e+00
-1.178448275770649090e-01,2.054742334167353413e+00
2.125429649411855748e-01,1.798091358412691187e+00
7.809613322260260115e-02,1.427155256559740071e+00
-3.051114931569615663e-01,1.925606662653748469e+00
3.473125933706670554e-01,1.937602434727619061e+00
1.066173108384399215e-01,2.791927240623494733e+00
-2.981247548605690523e-01,2.282399317740301914e+00
-9.075164220250603320e-02,1.933523082791964942e+00
9.350961956797405883e-02,2.290530608521071265e+00
3.241995971749652705e-01,2.059770169899290515e+00
-1.873342966059506898e-01,1.776262614364799264e+00
5.329591076320885357e-01,1.973461507853551122e+00
3.980642609865157611e-01,2.122632993739875573e+00
-1.715734957136762565e-02,2.057181619054742949e+00
-2.660210896545624551e-02,1.932650996646614772e+00
-1.639889921412929497e-01,1.990848500458773040e+00
2.039251454949341791e-01,1.798719064184729932e+00
1.377519469334490543e-01,2.386018562427310474e+00
-4.568365322187249999e-01,1.851731597804860296e+00
1.051219001362248967e-01,1.799826232186755526e+00
2.730462540036818556e-02,1.936834824354969120e+00
-5.798567379022401269e-01,1.651989390191149543e+00
-4.216937344153428441e-02,2.448622490577748056e+00
1.713473853499019317e-01,1.840480992329830867e+00
8.732638432806953677e-02,1.802661435998208717e+00
-2.031851426797856922e-02,1.667025483533528307e+00
-2.763332596922453768e-02,2.187717169222171520e+00
3.442745057949330723e-01,2.358967550082775588e+00
-2.269325421977669635e-02,2.458630250884187962e+00
-1.702958973697661915e-01,2.625051646300898600e+00
6.481471149662715314e-02,2.145744450265839376e+00
-3.769860502440450789e-01,1.709077816583714604e+00
-6.058078264287920789e-02,2.104925583452594395e+00
-2.078081627602709203e-01,2.298543114611728999e+00
4.304300677937192982e-02,2.339290532794551680e+00
2.622793706067166331e-01,1.987359022503375705e+00
-1.058549859234562407e-01,2.589984146989443570e+00
2.334625634843677175e-02,2.293451497105145620e+00
-3.244731843578041453e-01,2.070955947769859140e+00
-7.095873632438742806e-01,1.845492021956896878e+00
-6.165473505608903837e-01,2.310319407265947866e+00
1.463277042991985855e-01,2.005532079824773106e+00
-4.489819567598755112e-01,1.516450847703781912e+00
-3.285479441780481680e-01,1.961953708816483788e+00
5.131088974042566017e-03,2.268288152714001082e+00
-1.569504029289898184e-01,1.613534612563928494e+00
-1.502640291538913202e-03,1.492258784281372819e+00
2.387026444749326681e-01,2.584627899859146538e+00
2.875246681386908754e-01,1.889203972957252953e+00
-1.433202700754227649e-02,1.273988830222838375e+00
1.617557881154373101e-01,1.871148193873914956e+00
-1.803912976867078910e-01,1.918361898645713159e+00
1.979025411074772645e-01,1.742455749669360232e+00
-2.995565822406878187e-01,2.420456453940520447e+00
-2.773958647693729462e-01,1.884489672242385172e+00
1.242786963668690292e-01,2.388582412625254836e+00
7.291219883089822273e-01,2.516110640387642761e+00
8.225840420253292817e-02,1.647916200087354399e+00
4.016724494755646302e-01,1.906682786842856636e+00
3.000236849894885038e-01,1.568556746226007048e+00
-7.699700043624139179e-01,2.322984731628858324e+00
-3.456926473302519565e-01,1.827731602969502989e+00
-2.203097602499187735e-01,1.507687961014993139e+00
4.723562174262329605e-01,2.395194039159203481e+00
7.935108962034732871e-02,1.931876414663900476e+00
-7.558355517245322897e-02,1.523204048826537926e+00
5.578557994435788814e-01,1.907812736098516426e+00
-2.714518234546538233e-02,1.903517923141476054e+00
6.538370263180252884e-02,2.169587700507424000e+00
2.812281601459775127e-01,1.740683230777321899e+00
1.711316278493617005e-01,1.566748747268012387e+00
9.343734077013597650e-02,1.789873616136104850e+00
-5.284079085088998901e-02,1.984703024623108325e+00
7.415674860909837740e-02,2.117970884027424727e+00
5.910555245792354501e-02,2.292500057219087672e+00
-2.361075924013865748e-02,1.992094871061482531e+00
-3.464624942301954280e-01,2.290744900151438390e+00
-3.950751873277464493e-02,1.955681188602276466e+00
5.482054076397246262e-02,2.259624691818123310e+00
1.918031837413340934e-01,1.826393524035729854e+00
4.264432440874301733e-01,1.741461299998482426e+00
2.208541290904793286e-01,1.673900581204465610e+00
8.304513680724659452e-02,1.984679340705972406e+00
6.705405264178461167e-01,1.605337135724796527e+00
1.511225930162220232e-01,1.901985834527590402e+00
-1.898825901042845432e-01,2.375053649270820966e+00
-5.926972918645777577e-01,1.950645196434655615e+00
3.504617596861006601e-02,1.599896019248994605e+00
1.635689992275822513e-01,1.653443234856354360e+00
3.527719667039443951e-01,2.609722728619392917e+00
-1.598329518948373995e-01,1.361912651318978096e+00
3.658712096640430733e-01,2.094444211343874596e+00
-7.709942367220999626e-02,2.223671212317975598e+00
8.251977197131642461e-01,1.881084942238332447e+00
3.414994165425497830e-01,2.599070519966065529e+00
3.756154537177227581e-01,1.910369503383228862e+00
3.764202518594355062e-01,2.641247908546701328e+00
-1.334189370032212718e-01,2.212904486555660188e+00
-3.285739977127381528e-01,1.808728882477979694e+00
-7.154933974349673154e-01,1.761033008384405907e+00
6.306090460478555593e-02,1.901915960099512581e+00
3.097534128112179319e-01,2.229229484239281689e+00
2.113380289122302955e-02,1.622741242558600305e+00
-1.952722652705905781e-01,2.061041880652949576e+00
-8.149838587555341407e-02,1.505290034871443527e+00
-4.353766686563002031e-01,2.464672379664901936e+00
-2.659619512667263375e-01,2.638546350412986463e+00
-1.917226832772827433e-02,1.880899674827850809e+00
-3.024325135270062859e-01,1.836953599914034729e+00
-1.600188466554549813e-02,2.568351614050865983e+00
1.516329484596241894e-01,2.257641450331485000e+00
4.586959717285669647e-01,1.474026720099105070e+00
-2.533016789538927171e-01,1.832233235998360632e+00
2.126069655416025772e-01,1.974296554330357001e+00
3.267196554348103521e-01,2.043576907009399424e+00
3.098999587341513262e-01,2.315694805656717925e+00
-3.473369044668073863e-02,2.411154009160102252e+00
-2.811844867287246474e-01,1.651991126353353101e+00
-3.717505865738002790e-01,2.105318983438682512e+00
4.005652077768419583e-01,1.666784661159517400e+00
-1.755102141605389687e-01,1.760943772749933078e+00
-2.622073187142114348e-01,1.361765315347916783e+00
4.545260573599150811e-01,2.347611400368939005e+00
-5.133924709630894867e-01,2.214271846594297433e+00
1.487079300335810428e-01,2.052397356598045342e+00
3.868766642598672756e-01,2.446350344240634023e+00
5.074135782371850256e-01,2.399301649620266819e+00
-1.695630497082447063e-01,1.955881683205849875e+00
-1.105647840066815851e-01,2.386766668166075522e+00
-2.615740678479808179e-01,1.648267492952014246e+00
-1.282808173595188783e-01,2.494085575567844160e+00
7.627666688895347324e-02,2.056114987981280784e+00
1.009381891280297233e-01,2.266874461544110986e+00
3.781748001395339176e-01,2.141348244448325833e+00
-3.955627130803510694e-01,2.092157174887817828e+00
-4.884635607869978746e-01,1.381623588526483593e+00
-1.272564951920436283e-01,1.137344798177232441e+00
4.206999384713304146e-01,2.069907344956847695e+00
-4.382394996035812729e-01,2.013381837307907318e+00
1.214139621982440048e-02,1.754741647541187666e+00
-1.741770534745731569e-01,1.487353752258278039e+00
-1.553935029602691864e-01,2.057430666146851994e+00
3.078025434844643971e-01,1.888748938286213264e+00
4.418601630807978409e-01,2.277484177455615821e+00
-2.020063661759655127e-01,2.196772132318823623e+00
-4.226362128202295620e-01,2.162306797209623710e+00
-1.563363565300047719e-01,2.491406981552391819e+00
6.238681556603563605e-01,1.875969248339821149e+00
-1.326985467367591265e-01,2.090670313209558984e+00
-1.777420235109546942e-01,2.487182770045599511e+00
2.691918001413572958e-01,2.608411246038915721e+00
-8.555509740703112764e-02,1.881356069419447330e+00
8.373054904641960561e-02,2.055039971571944069e+00
3.305112584487500671e-01,2.553421137689258824e+00
6.437943596142821356e-02,1.995610042728769740e+00
-1.574572335142579438e-01,1.825079605465359078e+00
1.220290841849688418e-01,2.241581186702703565e+00
-7.112682244886091576e-01,2.532564459016035219e+00
-1.086455877992173052e-01,1.499111814066711679e+00
4.352278898024178888e-01,2.182874338141071568e+00
2.792026851631854850e-02,2.014840157232774764e+00
1.086839610748574492e-02,2.249545624988125159e+00
-2.583289444481871588e-01,2.169470537552609546e+00
2.762437574345872893e-01,2.050749107573812235e+00
-3.060052023722937831e-01,2.421363577228886399e+00
2.558659043599240679e-01,2.239024428072277306e+00
1.652586021865546928e-01,2.072654836079559804e+00
1.678915767498217471e-01,1.585619546419440695e+00
-3.863277894998402018e-01,1.716047479782564444e+00
4.817230003257143289e-02,1.909046485103091939e+00
-2.993043169243162493e-01,2.611420366978460805e+00
-6.339856341337665180e-01,2.290783800166817041e+00
6.622017942287637959e-01,2.311377658639100385e+00
2.912887331880120168e-01,2.332513065351302206e+00
4.084768551814317306e-01,2.539000111424642547e+00
-7.306617226525177200e-01,1.207892369902478169e+00
5.281855815601760318e-01,2.538978619545964044e+00
-3.741556393803717739e-01,2.104467779982043485e+00
3.307563638538925099e-01,1.989329775501024411e+00
-1.424548778304842445e-01,2.286153782976782622e+00
1.038743027265615487e-01,1.944478068805597371e+00
-1.124830420886103743e-01,1.522084269157799152e+00
3.345330176333625311e-02,1.783708079962281756e+00
-2.092836042143357278e-01,1.815564166932966739e+00
1.856137696525229641e-01,1.491293027437020191e+00
9.163361014229169654e-02,2.039784790086235144e+00
1.829936857876419132e-01,1.455829629734608277e+00
-1.539659598655940265e-01,1.995285993880404840e+00
-3.631154215925281314e-01,1.834666174770988478e+00
1.139036775697920001e-01,1.540887491737549020e+00
-4.614949697962761888e-01,2.275998916966470276e+00
7.465772837717599142e-02,2.114033792907099141e+00
-2.802007186332906019e-01,2.403572674872595183e+00
2.921188607829518571e-02,2.146596544674175266e+00
4.884877116008006226e-01,2.356122593132711884e+00
3.109653660871702224e-02,2.199587839198537953e+00
-4.992515816866996969e-01,2.080427758269954630e+00
-4.303510470733010740e-01,1.973807468038005108e+00
-2.477119527022233203e-01,2.334310990894011173e+00
1.995798888237848914e-02,2.021630502025191678e+00
-5.547772744222787544e-01,2.235883567114826498e+00
-2.223907451720723294e-01,2.594398811213394218e+00
-4.532405715001392582e-02,2.401287223569294138e+00
-9.745077842380610311e-02,1.997485935586124306e+00
-2.761858743131016536e-01,1.801053052283064337e+00
-1.250727788890600156e-01,1.514083887154257457e+00
3.003122414195837087e-02,1.708290304608671484e+00
-4.947823216486315068e-01,2.141904688232083576e+00
-2.618623680740895382e-02,2.019949445576098679e+00
4.082278404543432937e-01,2.004592072117423296e+00
1.966110652764970212e-01,2.464878546259857472e+00
1.318041877829345676e-02,2.702582150837510078e+00
3.232754245810530447e-02,1.893444623573986130e+00
3.292578747584706811e-02,2.677162345495624596e+00
-9.167100496215335736e-02,2.547203495747552893e+00
3.297674473753771651e-01,1.902962609804135008e+00
-3.797600417109391335e-01,1.405454573675829710e+00
4.134636037207167214e-01,1.614360613406200073e+00
7.455424164882968885e-01,2.151817760334173713e+00
-9.810234917286991818e-02,1.959786884636033566e+00
1.766531619627512428e-01,2.226101424979445742e+00
9.580177890614759162e-02,2.001271407344412889e+00
2.385428837302089877e-01,1.824551049329182106e+00
3.948122369027948775e-01,1.564647637434233296e+00
1.910107032513979897e-01,2.181698815209344389e+00
3.707750004207800987e-01,2.118215997615490842e+00
1.781608780624638899e-01,2.380678106108214287e+00
-2.912289053558397289e-01,1.619694972389309040e+00
2.677427104419459747e-01,2.635246209273754303e+00
2.334660849335322974e-01,2.065904475594883660e+00
1.916243624629856979e-01,1.994199756179828142e+00
3.337530711271929906e-01,2.532115258176324879e+00
-1.896019324333908795e-01,1.685889587759569208e+00
3.670330872362017605e-01,1.670085044504389105e+00
4.331168616221071077e-01,1.819008319690641695e+00
3.829482581738505864e-01,2.200222222004014849e+00
-4.219835285604389141e-01,2.244932963538119886e+00
-8.443174316355982201e-02,2.018719215594714012e+00
-1.589186119066309244e-01,2.564279589661501824e+00
2.792312758427703545e-01,2.130551440557653997e+00
-8.849141033794007127e-02,2.240717229825647028e+00
-2.802686909069364574e-01,1.886787601561547900e+00
-5.720620222453981496e-01,1.801725390763545764e+00
2.613967519063837286e-01,1.739121138354557949e+00
-2.735993586571981995e-01,1.431935137775651956e+00
1.269890953513812260e-01,2.192596358577552085e+00
7.006410773427262928e-02,1.913139457005538668e+00
-2.917190318376755576e-01,1.965080941258078751e+00
4.727158514625255381e-01,2.729247160841810071e+00
-1.976192374827009154e-03,2.216336463603425511e+00
3.868761039614090902e-02,2.223583864423548384e+00
4.096200430832713235e-01,1.739561824507766641e+00
1.240385295234423396e-01,1.944786758591908971e+00
1.828654962925560234e-01,2.260926082092234335e+00
2.917772872358223579e-01,1.859565825089832369e+00
-2.966946878868624293e-01,1.651852074649368562e+00
-6.805552586717049657e-01,1.893698485198253234e+00
-1.304305018067031252e-01,2.036194803290809041e+00
2.990153566890914674e-02,2.270561566227392358e+00
-1.478602419169376403e-01,2.108357807676755513e+00
4.174313668060752880e-01,2.290984061800507732e+00
2.715756715335398974e-01,2.273705030244169478e+00
-1.046877551097402242e-01,9.203893846668906864e-01
4.349875316520010471e-01,1.673290180429450880e+00
1.343054766034856851e-01,2.363482630083308500e+00
-1.635358295640485515e-01,1.697120080546973719e+00
-9.215010730932776672e-02,1.923376047585812820e+00
-5.341747801233837079e-01,1.730942510132168488e+00
5.642394391379811081e-02,1.948960996370104670e+00
3.473334279810539882e-01,1.806861979217488479e+00
1.486352210031596233e-01,2.107536345474812389e+00
3.203121750299229853e-01,2.430959703350804801e+00
3.378797998929664592e-01,1.682005547618478314e+00
1.032797442368304092e-01,1.920168836788140432e+00
-8.172258451870716145e-02,1.936682983463603014e+00
-3.057412330262663791e-01,1.614069916166502638e+00
2.372328881052648553e-01,2.641109506739899526e+00
-2.069134634477337309e-01,1.519757593843658494e+00
3.676811028807643322e-01,1.228928795199183188e+00
-1.648301164986411618e-02,1.767192964091901075e+00
7.747899866762727461e-01,1.994635432600009528e+00
2.834184249594148830e-02,1.988572791289172859e+00
2.893284491197382069e-01,1.792749928340816146e+00
7.891828909115519708e-02,2.296170750635992075e+00
1.369023453674134416e-01,2.208328947829254485e+00
-3.809324205764327842e-01,1.538109649442758631e+00
1.584982550577759275e-01,1.819339451735915159e+00
-1.754183309219844167e-01,2.848163871763842447e+00
-1.139539734684300032e-01,1.667916962759716792e+00
2.679919976249117708e-01,1.959042229647946387e+00
4.538641924861060439e-01,2.355137894633003715e+00
-3.619036300814568730e-01,1.587486783954127567e+00
-6.671064049905485460e-02,2.077621929643953980e+00
3.314152325098233542e-01,2.010535976166155869e+00
-2.078049551770896619e-01,1.865145684682475880e+00
-8.775845840250327823e-02,1.484439984726071415e+00
2.864484343647416553e-01,1.849664736501867024e+00
2.465561542332660727e-01,1.166993917795242863e+00
-1.283937017796385749e-01,2.175803901006770680e+00
5.146889457156608172e-01,2.013031437773788568e+00
3.432778077569817454e-01,2.030956063489626207e+00
-1.231626012083735303e-02,1.828068766700733816e+00
-4.151796523896586488e-01,2.348390217925712786e+00
3.713618685390004948e-01,2.753327309586604432e+00
2.628824003763110539e-01,1.859790338055912651e+00
-3.801524991688450816e-01,1.999142656182773647e+00
-2.050295081307027811e-01,2.068553419803535132e+00
2.871251621327992054e-01,2.101182712195096780e+00
2.289701732531298217e-01,2.393333711955238030e+00
3.040382022216291391e-01,2.071810752380224496e+00
1.437133359506707619e-01,2.023937971739511177e+00
-1.452690828093438358e-01,2.240731143831297789e+00
1.208684545469716765e-01,2.036013201636991177e+00
2.895807640902118285e-01,1.997722623337094383e+00
1.284568565751424973e-01,2.942065768287507765e+00
-9.931038944035186500e-02,1.773515781951995773e+00
-4.119020529164277994e-02,1.924113091075082771e+00
-3.818361576164073790e-01,2.129093890535259881e+00
-1.841149080176737451e-01,2.323417921066873060e+00
-1.192216887555781063e-01,2.022143537121831702e+00
1.293073339000243571e-01,2.260806141987228735e+00
-1.606389135759569708e-01,1.986291149820982982e+00
1.645781990172057868e-02,1.889520755101760763e+00
4.009998310903183927e-01,1.600764281573652692e+00
7.713076928405132593e-02,1.293918715291674904e+00
1.484744064153529358e-03,1.906557501583784786e+00
4.053801580307462293e-01,1.763687888455002017e+00
2.614197537818376826e-01,2.206366824229177848e+00
1.180761298228032302e-01,2.324838594026249705e+00
2.514605372027227115e-01,1.939446766332838301e+00
9.945053137143426703e-02,2.182339400791523776e+00
5.244160554794438101e-01,2.375992873729851240e+00
-1.570166265021648855e-01,1.721292711260008268e+00
-1.337929554515942532e-01,2.544688853685889374e+00
6.198807750488182222e-01,1.914234085000391383e+00
6.862035307741941592e-01,2.140495907946971865e+00
-1.941698023104468374e-01,2.096221656929172283e+00
2.368414044688325060e-01,2.178572485841861361e+00
3.090796555788412614e-01,1.532122335371728816e+00
3.269755782832432511e-01,2.268103781077964065e+00
6.671161358986497092e-01,1.710699376151294748e+00
2.472486456254311959e-01,1.906818434551832864e+00
-1.395408475099199630e-01,2.130803322735014937e+00
-3.217954767003780026e-01,2.443431222995141816e+00
2.376873487618154090e-01,1.604236720527783433e+00
-1.576272509248704268e-01,2.337901104410812891e+00
5.514564980632470637e-02,2.188650506720383859e+00
5.032894553993449982e-01,1.727595860833682551e+00
-1.768920295550277799e-01,2.302469721203450170e+00
1.136951912005046972e-01,2.229762541077821680e+00
-3.838601335517387581e-01,1.627565283241897642e+00
1.424760538887788752e-01,1.558033937161417581e+00
-3.111792563466588696e-02,2.265068290968693887e+00
2.620585995549521430e-01,1.893813130669514955e+00
4.459312896158514061e-02,2.153197527156256452e+00
-6.291015424174813964e-01,2.235784677980078072e+00
4.058416946106836558e-03,2.258650380001988811e+00
-1.855207243336553791e-01,1.671455959770366873e+00
-4.085597971615771012e-02,2.122036857829732615e+00
2.680324558906491683e-01,1.878005962878651847e+00
1.234859477586188886e-01,2.060368908104496022e+00
6.320918648277575047e-02,1.879505830082587980e+00
8.823271418592459892e-03,1.619043758587619841e+00
2.166438956535967353e-01,2.097308538433159786e+00
5.082419559856252711e-01,1.805563366324988817e+00
-7.672947424810981631e-02,2.074090465258837668e+00
-5.086672233535484144e-01,2.101693492143563713e+00
-2.047007980170986036e-02,2.068463925398526637e+00
-5.550859195868677876e-02,1.388563831733170773e+00
4.814078643192949425e-01,1.853179322386061090e+00
-1.180275663499764927e-01,1.363365671684448888e+00
7.394376870814381997e-01,2.151863124147112671e+00
2.050985375360426521e-01,1.724027732821150405e+00
1.532158759232514211e-01,2.418024520285526613e+00
3.544325059457149873e-02,2.209789877296049809e+00
-6.948966117881141824e-02,2.152714886787703730e+00
-5.695959260023460979e-01,2.172421146245791412e+00
1.344546528481752601e-01,2.223273007698644221e+00
4.538727032251678728e-01,1.793158037303739460e+00
-1.645883535305913692e-01,1.574555069790348316e+00
1.117141436614840916e-01,2.040350587020594464e+00
7.397404568764885668e-02,2.028445474611620281e+00
7.059850385094084135e-01,1.812162983747190426e+00
-2.839062316789231488e-01,2.378347863972298359e+00
-2.277496767323676230e-01,2.051415631236117587e+00
4.436329669516292373e-02,2.570945008363410444e+00
1.703895999031633801e-01,2.161093655411122860e+00
-2.545933121511134156e-01,1.915612480212441904e+00
-2.802565922505921847e-01,1.899200673678141271e+00
6.840726464455806344e-01,2.029496770548207873e+00
-2.666372832696332074e-01,1.659174608975565679e+00
-4.980700013110701541e-01,2.446025111307916333e+00
8.249490120470175103e-02,1.850704707624949874e+00
-1.916572285503122808e-01,2.035054146415154364e+00
2.324654520282682518e-02,2.244985062593261915e+00
3.587283669542630227e-01,2.048102120201654941e+00
-6.589986168588245208e-02,1.883921092061070501e+00
-2.268909788151073914e-01,1.823139806210665403e+00
-2.212137990587148828e-01,2.351355997791560348e+00
2.083603829069023139e-01,2.011587700659929201e+00
4.516425795749257621e-01,2.228910182085615865e+00
3.500217804546184586e-01,2.202274774613184327e+00
-2.647051873291046964e-01,1.743697282268724003e+00
-3.624305620737182654e-01,1.619828374264541182e+00
7.658727799048353768e-01,1.882990164797391230e+00
-1.198382381945234110e-01,1.587126030905197993e+00
5.168790913743995796e-01,1.720264467742257608e+00
1.366273904025256947e-01,1.921520011316588006e+00
-1.974382745428778507e-01,1.107400316471200075e+00
4.874989773863515063e-01,2.072018498947217680e+00
-1.786242659938093100e-02,2.417493716803586601e+00
-3.802628164631275953e-01,2.015063004505907251e+00
6.490939434366715596e-03,2.162321675689763190e+00
4.819217803131953803e-01,2.547495925495757874e+00
-1.851903642811892348e-01,2.077570024619532774e+00
7.165930751966252954e-01,1.776501346102733248e+00
1.456911586231915967e-01,2.716753424404614758e+00
4.576792872319150884e-01,1.879797997493462436e+00
-1.399173148505636899e-01,1.950800497515343679e+00
-1.446874443157402101e-01,1.411758779425486665e+00
1.109268587681180689e-02,1.649072915455342958e+00
2.508075124752852728e-02,2.102963280109791278e+00
-1.192844867563188221e-01,1.454896793745801054e+00
2.847862235809511811e-01,1.811195674573030434e+00
-4.306030543670285454e-02,2.162881992961259492e+00
8.915142377994776657e-02,2.017335484311983063e+00
-2.308986614152924374e-02,2.185335282760905162e+00
-9.751388477104973307e-02,1.546929495066514892e+00
3.766495127153232647e-01,1.559082219215819354e+00
-6.694832821385154897e-02,2.176857303937191013e+00
4.965826790616046371e-01,2.418827590409975414e+00
4.911712969228758663e-01,2.183480051164941482e+00
-1.265719430883088525e-01,1.928176634705216275e+00
-4.306122854750270568e-01,1.419450956772858152e+00
2.535711876348506477e-01,2.730123137014144330e+00
2.503573332451005107e-01,2.007184253246030892e+00
6.231835891888767298e-01,2.321232536352990206e+00
8.863609316305488817e-02,2.064086066097693628e+00
5.092638572071705311e-02,1.739324118286596166e+00
6.787688000327132820e-02,1.948301997793051354e+00
1.860570524822204030e-01,2.017978861695851833e+00
1.929168326031581449e-02,1.868624995552667478e+00
2.217932234865788999e-01,2.021034557756495431e+00
-7.267804989950940597e-02,2.071113581219667932e+00
3.366898458977378161e-01,2.196485884382260778e+00
3.877037510647091817e-02,1.951805635411445250e+00
4.251203572362789451e-01,2.029585475336422640e+00
-6.701856470694300683e-01,2.094871697715606551e+00
-2.448717344178465705e-01,2.238162182414490609e+00
-3.302794809247908830e-02,1.537830821836840611e+00
-2.093878385573030576e-01,1.091114570451879651e+00
4.110513720554393458e-01,1.870329531132421064e+00
5.751520987275275942e-01,2.235275132970737211e+00
-2.246236981473692315e-02,2.684420266345911354e+00
4.130449233449789426e-01,2.163963096880170411e+00
-4.657187799866953186e-03,2.269962568522958968e+00
-7.429523212715025138e-02,2.081841510708665410e+00
2.389887279562844247e-01,1.893699612184759573e+00
1.864702562656332940e-01,1.751000180342988655e+00
-3.323001895358773661e-01,2.027439898319942646e+00
-4.788041142686535467e-01,2.313101991639661126e+00
-3.994495426669384952e-01,1.894270919927598884e+00
2.212514726138937182e-01,2.597448028103745088e+00
3.688680350428099053e-01,2.137853434505091688e+00
-9.563886873238657341e-03,2.448535120705330748e+00
1.377070008629091291e-01,2.269224679494847408e+00
-1.543979712585247521e-01,2.632148948625443019e+00
2.317760938627198564e-01,1.755414516254563129e+00
1.830493057130921086e-01,1.808502928970990187e+00
1.723488516035626972e-01,1.605183965112253253e+00
4.446215892048977492e-01,1.693132021110514085e+00
3.342487511570323838e-02,1.773542497643208815e+00
4.622501143682199443e-01,2.323574034079859629e+00
-7.061468845365765669e-03,1.951682478827380551e+00
1.508515696030066509e-05,2.062844823048405107e+00
2.893868623556970499e-01,1.065612932487709497e+00
8.047171526367136174e-02,2.446790947628470825e+00
7.650446279615036316e-02,1.536713582430157654e+00
-2.640021485513219246e-01,2.496948554442282919e+00
1.721742633070420586e-03,1.682641107787964829e+00
1.953321460002733212e-01,1.713717378194344887e+00
7.236169966875083404e-02,1.537638373314100582e+00
-3.522155674305741391e-01,1.859417917654126118e+00
6.926820679594716812e-02,1.849102645893464292e+00
2.035634481272184937e-01,1.359316497034366078e+00
-3.149491118185561156e-01,1.953563967872885776e+00
-4.104527151804373553e-01,2.607286695584868141e+00
2.380562485065572664e-01,1.715291242628366852e+00
-5.581457982787326744e-01,1.868323695668892004e+00
-3.886908735951511984e-01,2.021501849893905689e+00
-1.551189073416448516e-01,1.889451645276519764e+00
2.162838476416013012e-01,2.373242709293221786e+00
-2.924237200622266108e-01,2.291595881684112879e+00
-4.228507593306489176e-01,1.875177188271344608e+00
-2.703965716733046087e-01,2.322983123096587832e+00
-8.391429319388864216e-02,1.594449021399179101e+00
1.192755234605979986e-01,2.387909195272500007e+00
-6.559493428982314800e-01,2.537502420834246042e+00
1.055162454632966179e-01,1.733177554078408455e+00
-1.400995306943823016e-01,1.612247631213461041e+00
-4.275630693462747489e-01,2.449900478670107962e+00
5.301519471828280983e-01,2.156681728414124866e+00
1.681833702632896596e-02,1.351281970638371632e+00
4.172267422023529515e-01,1.613768778361552858e+00
9.063296669578735365e-02,2.254621940094094779e+00
4.416739813900509848e-01,1.834149510081871659e+00
3.073102061474298208e-01,1.798511059134996648e+00
1.572049589062802233e-01,1.815361879579898918e+00
2.929939878216894500e-02,1.712460755134469048e+00
-1.890850279151005953e-01,2.242992361210273788e+00
-3.696260137280492630e-01,2.357457466733930307e+00
-2.717910169302250045e-01,1.965571070560654388e+00
6.746917141959085651e-02,1.972082112328973569e+00
3.540100865646841899e-01,1.953680838332968461e+00
-4.148708758263417590e-02,2.253183123430503976e+00
-3.390143484830812071e-01,2.282812810461468445e+00
1.337318174743562238e-01,1.841473200652217201e+00
4.625485500916278192e-01,2.130950904584294481e+00
-1.136427438688885211e-01,1.999507585794264797e+00
-4.730100037481225692e-03,2.004979882205097041e+00
-2.720345423894523496e-01,2.191646455169681929e+00
-4.594220078172046168e-02,2.141597435797219173e+00
1.813220056264814861e-01,3.075748815762164856e+00
-7.990897244760780671e-01,1.601671571152256224e+00
3.236340224399772980e-01,1.780546038575137491e+00
2.603229170269385495e-01,1.623029673148655094e+00
-4.206242488816645531e-01,2.302285313215456153e+00
4.322860354579542430e-01,2.018095583421386952e+00
-3.268918451096013977e-01,2.290707056643092709e+00
-4.292108957432982236e-02,1.969229257028496827e+00
-1.170021305480675317e-01,1.581667099392630949e+00
3.122505313952375627e-01,1.810647858304344826e+00
2.755723791672066159e-01,1.569872846858968884e+00
-2.889526131885236104e-01,1.940046167858883619e+00
-3.362188174233375626e-02,1.876342042689533640e+00
4.155940530296467483e-01,1.772233798905434199e+00
-6.396154945988359319e-01,2.071381916467008644e+00
-5.015249018814981197e-01,1.948075122674659543e+00
4.721386567810082480e-01,1.875507620561689626e+00
-1.407303868135177383e-01,2.025241535611627786e+00
2.769012051021950693e-01,1.743353329274858421e+00
3.213709244152042344e-02,2.054602855946136675e+00
1.002159614332986774e-02,2.135030226146818144e+00
3.906557879713765113e-02,2.283200837196515565e+00
1.363615368871540223e-01,1.865946286136267451e+00
4.843675924111581765e-01,1.959599348188311829e+00
2.907304351525983876e-01,2.254331610983912881e+00
1.271194532385538367e-01,2.211061169134430848e+00
4.206609739625408184e-02,2.060982977984786579e+00
-2.318884869270073090e-01,1.919255449809170067e+00
-2.331664729510496761e-02,2.100767928502437876e+00
3.800554914530933082e-01,1.503295359038451018e+00
2.301484227181132755e-03,1.922201349515542557e+00
-3.679153352647480252e-02,2.260554290631569874e+00
-2.445410558008902224e-01,2.664051048156335977e+00
3.074784184798082798e-01,2.459531235269980520e+00
4.449084424111824920e-01,2.326894296764125514e+00
-1.755573229736456797e-01,2.042808765516298752e+00
-1.800558280278860834e-01,2.067168214783202451e+00
-4.126293485633162339e-01,1.592369338515092325e+00
-2.282854179657400340e-01,2.000437212715602708e+00
-3.496174904825346541e-01,1.774452428138013849e+00
1.496383086370975946e-01,2.198889431313999054e+00
6.842928419754543690e-01,1.876426915828274922e+00
-2.747453295245473950e-02,2.412972457391509895e+00
-4.377679368852394615e-01,2.280768641035108679e+00
2.313836132033339488e-01,2.262280542432252073e+00
1.774662403318772452e-01,2.035500774235493360e+00
-2.388164535406161679e-02,1.817924106250600413e+00
-4.070437309839431417e-01,1.300651901967156965e+00
-2.741796323988244799e-01,1.907056883532375346e+00
1.457122226240096519e-01,2.364475296902309065e+00
1.605687164468891093e-01,1.775254997567029758e+00
-1.869576431868409105e-01,1.799004873511007130e+00
-1.678482541125388139e-01,2.072810949527125413e+00
-1.296922488401471285e-01,1.931889372474499877e+00
2.261967759751273011e-01,2.006771702008051328e+00
5.664580157747770711e-02,1.850990208867705933e+00
1.135378915273101419e-01,2.216333385351822116e+00
1.474841779142535836e-01,2.685721087056347045e+00
-7.342411938783433012e-01,1.630108076898080904e+00
-4.707558836924755075e-01,1.753267915250536158e+00
2.444969661584236731e-01,2.219858715766209301e+00
1.459385614646772078e-01,1.878720685961217551e+00
-5.520581261926073985e-02,1.325854364942009589e+00
-7.826999190420486086e-02,2.596781947555573566e+00
-2.810883540834583361e-01,2.359228932858805194e+00
4.202474288013796633e-01,2.170216701819856375e+00
2.098124234040096153e-03,1.435877381047235168e+00
-1.307694593650393644e-01,2.053932234112884281e+00
3.980656298977762741e-01,2.306029594206416178e+00
2.537500719370355817e-01,1.201901287983587974e+00
1.800057097546481910e-01,1.839647100537904700e+00
5.987960219795384065e-01,1.646412927266861059e+00
2.431041592663884532e-01,1.639306680002967420e+00
2.457384672757548794e-01,2.168655303902724540e+00
1.426251166096599576e-02,1.891852132522393815e+00
-3.490918780039568500e-03,2.047808640275080361e+00
4.111299126620856503e-01,1.984138937774632794e+00
7.197546948098815234e-02,2.039489430052621621e+00
2.592174557835482118e-01,2.097517921962527510e+00
1.680597768861481212e-01,1.936165704373539187e+00
6.302915594974247693e-01,1.657489322547803345e+00
2.767894213615295640e-01,2.305132610365965284e+00
-7.477971781673666690e-03,2.351224873205755461e+00
-3.079108353004592069e-01,2.021410479105107960e+00
-1.023535546137271379e-01,2.108977061258229480e+00
-1.749275241410001014e-01,2.444622182353399786e+00
7.939223012034048177e-02,1.854688459640756903e+00
-2.521861093514268792e-01,1.883421576374957551e+00
6.479161913977532494e-01,1.854309859108391301e+00
2.214841556131798284e-01,1.646081794894226125e+00
-8.634570516698995835e-02,1.889896936829054575e+00
-1.951881356253640787e-01,1.765058324704230630e+00
-5.808384168079736010e-02,2.287028822260652738e+00
-3.709955584537381057e-01,2.374204734693424967e+00
1.337431833453139873e-01,1.363883704769180749e+00
3.743979466159872982e-01,2.067800737806950284e+00
-2.560600157265088828e-01,2.384157815362891508e+00
1.504466081709105452e-01,2.767408205013453859e+00
2.921729714429674440e-01,2.022623525032423597e+00
-5.549438949725964826e-02,1.854194122023784752e+00
4.186416133089810969e-03,1.898621832396190978e+00
-5.218609030510579228e-02,2.477252413015744281e+00
3.616139084695242367e-01,2.289542644138478078e+00
-3.792030566877949149e-01,2.099076312091761487e+00
1.578998087772321979e-01,2.472353983459594229e+00
-2.100333015987821683e-01,1.963544445138138750e+00
1.239723493688744682e-01,1.967082102325509396e+00
1.345561203808146589e-01,2.317990378417944086e+00
-3.923063474225293307e-02,1.964053916716353543e+00
2.925515115405608046e-02,1.927674222636484025e+00
3.922540409926786320e-01,1.549085922522697611e+00
-3.952050205475495237e-01,2.125386258584752941e+00
2.457012427724589165e-02,1.813300769880449748e+00
-3.591290452769264618e-01,1.764970155232790994e+00
-2.334822504260558318e-01,1.858372851671799664e+00
4.303636997915381845e-02,1.890019836279153820e+00
4.621234462533140297e-01,1.484440199013408623e+00
3.334444436260582817e-02,1.570458470230559733e+00
2.401083808641956974e-01,2.094479741287401886e+00
5.905062181388135434e-01,2.078517231349727545e+00
4.465170858967562606e-01,1.484566034503824294e+00
2.175073457632945850e-01,1.329858305755204473e+00
-2.841991814443408093e-01,1.809089551890567416e+00
2.531919026491398217e-01,1.866464373265196430e+00
9.102587620419565206e-02,1.575505988099598742e+00
2.729744662391607180e-01,2.320318816413120544e+00
1.211231442866810559e-01,1.931222721339449722e+00
4.953803347466858437e-02,1.885375848490984607e+00
-8.019471043944528810e-02,1.667595054537107657e+00
-1.692867735748683489e-01,1.954664893587662711e+00
3.719526041935877769e-01,2.633808876941806432e+00
3.003698944533670923e-01,2.722424330889356536e+00
1.066379930613170213e-01,1.417915285285588523e+00
1.367584955722474793e-01,1.815538738839651334e+00
7.230452605843451508e-02,2.227893078518524028e+00
7.424632823951106408e-02,1.776453152215076159e+00
-3.223201757720746130e-01,2.094092134482722134e+00
1.931627110296287309e-01,2.198912790032139686e+00
-3.853029713183270810e-01,2.131596362983566806e+00
-4.140768935979088905e-01,1.956152101643575669e+00
5.843272362019769073e-02,2.207377214574219870e+00
1.693443617104686827e-01,1.802264685092805241e+00
-5.701801946697055978e-01,1.908419464425564982e+00
4.277916542592232751e-01,2.006006997113205514e+00
-4.418337297876646641e-01,2.379590954469095632e+00
-7.032738654517752819e-01,2.175846635604228307e+00
5.476622579323774803e-02,2.328679172532079455e+00
-1.383352399142751543e-01,2.149690799967880039e+00
9.707564287552312987e-02,1.743110957222094193e+00
1.974571700280091102e-01,2.236568422291552949e+00
2.754877391756501148e-01,1.673594554445422267e+00
-2.649423962446949971e-02,2.111427175539284828e+00
-1.318445553805126236e-01,1.886113513494718230e+00
2.498368163516437868e-01,1.689036889009903453e+00
-1.685504794081776336e-01,1.474682058615623292e+00
1.955271921001828228e-01,1.854641896889472896e+00
-8.978718420188866456e-02,2.016863126972816556e+00
2.250925285014793512e-02,1.851504704376044863e+00
4.312175258919090370e-01,2.367556281386956396e+00
-8.210840860436417754e-02,2.387258446129309597e+00
2.908440012296688026e-01,1.781875025107478638e+00
4.366051873205031852e-01,2.113976155455748795e+00
4.360800303342760031e-02,2.274129929977735998e+00
-2.116779394251619983e-01,2.255848067694932180e+00
-1.956225435626140208e-01,1.869180816229583986e+00
-2.488191145767363124e-02,1.978879673934983208e+00
-4.924962507878077322e-01,2.178198275994637445e+00
-1.744467375890099980e-01,2.250470801075551197e+00
2.458708586171448052e-01,1.745049930077055222e+00
-3.612192713924518572e-01,2.044736053827929112e+00
3.874352019113034284e-01,1.748895896821659690e+00
-4.103972001056132024e-01,2.287980635017050624e+00
-7.779819318786805882e-01,1.590832809736086428e+00
6.145068487623327885e-02,1.436873997940271597e+00
-3.603737844186863382e-02,1.856760406976594613e+00
-1.066541472502189891e-01,1.628141503408128798e+00
3.208087627378450324e-01,1.666921324930279447e+00
5.551696768109239816e-02,2.603651409716658094e+00
-1.798953494185896174e-01,2.812087928407990045e+00
3.391548995284051071e-01,2.101409294171696640e+00
7.253537338873969897e-01,1.711753518883014191e+00
1.111430757933607599e-01,2.326945970995796475e+00
2.872260089649876225e-01,2.164407459541664025e+00
-3.825609197757512403e-01,1.524697721226685232e+00
2.159715264462044315e-01,2.507092810879553380e+00
-2.624324886277217828e-01,1.594713475343466413e+00
1.995016900454836817e-01,2.207176220512061970e+00
5.711902964845269604e-02,2.359430174310536810e+00
1.750783431623767206e-01,1.909597294475719798e+00
-7.243307353322003643e-03,1.733280729005951537e+00
-6.792717108634764578e-02,1.963302874369161621e+00
6.832096523507925900e-02,2.018227629757892494e+00
1.970084252374169342e-01,1.730451042052687960e+00
4.359561735881654632e-01,1.772014354909851708e+00
3.811731136324846836e-01,2.044571453813454287e+00
2.525677322880794384e-01,2.083062484049260643e+00
1.014749220281973008e-01,2.016881457577982317e+00
1.513113463370341083e-01,1.782448860791464806e+00
-2.849220765106820763e-01,1.667501887578427988e+00
1.711799643428245365e-01,1.874672255280283473e+00
-3.474311865097258201e-01,1.451073680800465393e+00
3.452313615010147441e-01,1.688683603083736218e+00
1.101714885078349665e-01,2.317278204692414079e+00
-4.923300266151338644e-01,1.612477887301898116e+00
-1.606472278517357133e-01,1.785971525712849894e+00
-9.841816057780181093e-02,2.049686153949621836e+00
6.305703713509379638e-01,1.905544997001440866e+00
2.173459968677647070e-01,1.709849377226615452e+00
8.042790484415905661e-02,2.081708403176582678e+00
-7.945262312228377199e-01,2.083307247695274977e+00
4.939199266629701324e-02,1.980664997408508654e+00
-2.929333072264352425e-02,2.231031834231436584e+00
1.308663583689708143e-01,2.305590574718247687e+00
-3.374922929069719413e-02,1.919067240322391177e+00
2.273743103405841959e-01,1.699097212995891226e+00
-3.142730872557961685e-01,2.144371071842540832e+00
1.454523626555818683e-01,2.965670016323786573e+00
3.064380201097893219e-01,1.092128389905990371e+00
2.080516445756175614e-01,1.931663626206077788e+00
-1.893929021822202963e-01,2.122077288922249227e+00
5.037136105437302336e-02,1.432747088856907824e+00
-1.111744265894319961e-01,1.758688063740621033e+00
3.902148879936898629e-01,1.718255734610838914e+00
-3.623143147793227437e-01,1.614356341656827842e+00
-5.773119062971066029e-01,1.609028241176550633e+00
6.426876412049468967e-02,2.049169521540520567e+00
1.221419494368660985e-01,1.769743541853951552e+00
7.065902353759450083e-01,2.272801845614566219e+00
5.112338519908536938e-01,2.079184570210953265e+00
2.539729796677218931e-02,1.895032330718811719e+00
2.960524684663133899e-01,1.531859485277530686e+00
-1.951022259542266324e-01,1.920129419333075571e+00
4.058948680722372637e-02,2.199059010128475933e+00
-4.733915537788104810e-01,2.260532381580635519e+00
2.205614140063139328e-01,2.259693947053523555e+00
9.969617503364835986e-02,1.890394771491068493e+00
-1.886443474633136552e-01,1.866815518352273662e+00
6.083868418494106090e-01,1.821689604548100583e+00
-1.429882053629378258e-01,1.814242182371334833e+00
1.069105135866534190e-01,2.161127769620824868e+00
-1.331387152736084323e-01,2.013006270777611739e+00
2.718314707201534008e-01,2.258883075919234429e+00
1.715623696313453572e-01,2.184142607623984489e+00
1.879464433492399056e-01,1.900309539960412408e+00
-7.197248675175784705e-01,2.697233272374636837e+00
-1.372733629576958492e-01,2.103360869448892334e+00
-1.834540958188159154e-01,2.756219592385154904e+00
3.279372066106176486e-01,2.258658780704497104e+00
1.395426348314734721e-01,2.581330203132202072e+00
3.948308062552600972e-02,1.393212976845280338e+00
-1.278156560164366851e-01,2.005879874708858424e+00
-3.371467744262947597e-01,1.729193992260895429e+00
-2.225873561249550325e-01,1.816260757684654781e+00
5.215410994504545705e-01,2.166625401972380072e+00
-4.377355547551442516e-01,2.219485325285746935e+00
-2.398384216478728070e-01,1.788738078078486726e+00
9.689895065124382034e-02,1.856879931606762346e+00
-1.524857106495487724e-01,1.977831697353479301e+00
5.635572221103349322e-03,2.248144359551595972e+00
-4.180462417066524439e-01,2.578617227970948278e+00
-4.837914386727852345e-01,2.139122299976187858e+00
5.766782184946873668e-01,2.244437794143045561e+00
4.836200223121108199e-01,1.648107637336842846e+00
3.290649544436501928e-01,2.203238005270469202e+00
-4.376936382921939317e-01,1.989846525277378930e+00
3.378064705725304928e-01,2.638952698064079172e+00
-1.685601392945718091e-02,1.835863883932553620e+00
2.682362232032924343e-01,2.221774069395959117e+00
2.141035084090093799e-01,1.918374853655003376e+00
-1.983584902970776664e-01,2.159574741127899156e+00
2.758436870427447563e-01,2.124992679276048957e+00
-1.897794089587726274e-01,1.752554711944951382e+00
-4.337386852565672940e-02,1.918364721171471832e+00
-2.041237523120848218e-01,1.331926187641977011e+00
-1.318431683710508950e-01,2.130900301483872994e+00
3.425053758038186791e-01,2.494711541009579925e+00
1.803247918600001665e-01,1.888119841827904155e+00
-7.064375125730135707e-01,1.486016121060997897e+00
1.802224601298385298e-01,2.340919834019744350e+00
1.062473708962830277e-01,2.479945195414633208e+00
1.625899900808155940e-01,2.056355410174598664e+00
2.612733904770194737e-01,2.021636755380235684e+00
-1.787799100780941841e-01,1.692231295461697371e+00
8.205112584360851891e-01,2.325774503599417287e+00
6.729864449742237187e-02,1.984157885288215795e+00
1.616261867150120268e-01,1.739351469325044475e+00
3.131971639611687980e-02,2.096705349304011090e+00
1.112285645676457241e-01,2.141982779433940109e+00
-5.354602285743827184e-02,1.992339566798842831e+00
4.769897236521583594e-01,1.638327819613415892e+00
1.761256502371402397e-02,1.777634037958570445e+00
5.185989478267588604e-01,1.751547152442184174e+00
-4.568137326118026226e-02,1.865556586292343777e+00
2.699977856396673648e-01,1.654085224327366932e+00
-4.375242720175647193e-01,2.395143668305514062e+00
3.440350478706748205e-02,2.948898399565724304e+00
4.094422698656821624e-01,2.195605815676069827e+00
1.955775471048883662e-01,2.029289543623390202e+00
-2.569797799494721868e-01,1.579779448441472445e+00
-5.414124276869349828e-01,2.460365240206793924e+00
5.771933038386016512e-02,2.274765988914007941e+00
-8.926426011493124313e-02,2.887735305992773061e+00
1.651304443508217756e-01,1.690489105701566075e+00
-5.577724565374730242e-02,2.122794967266336652e+00
4.486259258932455418e-02,2.358043676786892640e+00
1.474541510669604705e-01,2.144283186174374300e+00
-5.980873693478740150e-02,1.237198023522393164e+00
1.954261447335721158e-01,1.655193711023408509e+00
2.244790494653811364e-01,2.227338689840320907e+00
5.609700292009747180e-01,1.861871218125314309e+00
-4.213601065591349171e-01,1.913102611618506588e+00
-5.895556046248405790e-01,2.085984897123461135e+00
-3.013435920453670647e-02,2.408083835330623756e+00
5.520950076373872806e-01,2.483850912290754831e+00
4.400913520360719144e-01,1.854664758478576703e+00
2.145739914826748015e-02,1.584702596066385638e+00
4.318221273474793231e-01,1.698405850487869628e+00
2.530484551305391960e-01,2.093289905683057395e+00
-3.242390549396393373e-01,1.823257618211127085e+00
-8.733399096322314037e-02,1.866588476728261448e+00
3.695803944454846279e-01,1.650273728248031091e+00
5.544297538387312763e-01,1.816704287401883944e+00
2.740853848073739885e-01,2.246113282277564238e+00
-2.672743861704959464e-02,1.379836129135604716e+00
-4.223377640732084437e-02,2.318037097841469052e+00
-2.324574215504477681e-01,2.059530964846574719e+00
2.451423825364847098e-01,1.873895024938753595e+00
2.475288666781385594e-01,1.267599222290896721e+00
5.716015843206422309e-01,2.240672704484327760e+00
-1.026453581204036097e-01,1.711895275483084289e+00
-3.561466516125841864e-01,1.701233074050523042e+00
1.838776107474259236e-01,2.361733399585347115e+00
1.968520050737080362e-01,2.235792992243225807e+00
4.310143971897281157e-01,1.557754517658779037e+00
-5.609606431518966430e-01,1.881450997037730444e+00
-5.338480259414342122e-01,2.642382112553995022e+00
4.012693370985662665e-03,1.653248669636646406e+00
1.938546163839956760e-01,2.071899321952913375e+00
1.012477093200152972e-01,1.697127598911336355e+00
1.685508321043291402e-01,1.580566696442363916e+00
-1.606459149818075249e-01,1.790181474219394442e+00
-1.147593517539204772e-01,1.808709626941321646e+00
1.815470588975321431e-01,2.034676962243889609e+00
-5.326942410915735948e-01,2.345645812102877592e+00
-1.141665778376115131e-01,1.725035188757161553e+00
5.036456233238221225e-01,1.965025092523592809e+00
-3.256897410943992988e-01,1.758798131839246270e+00
-9.332563549853506446e-02,1.918032905342268890e+00
-3.060208414878394234e-01,2.213848481867780826e+00
3.775910064991923609e-01,1.423136722865019799e+00
-5.548006331136116215e-02,1.745118634621309450e+00
-3.816182356388798658e-01,2.145053100294799897e+00
-2.869583257004612031e-01,1.666934438598315804e+00
-1.235997744056201719e-01,1.288955898623225682e+00
1.521010054096410269e-01,2.186575249207443505e+00
1.350508644518091383e-01,2.027005665278762248e+00
2.274410582258104552e-01,2.116817295300766233e+00
-3.650412878993081756e-01,2.392778003833369027e+00
3.221252241203527156e-01,1.745717668609139350e+00
-4.651269186482702954e-03,2.124915509176255046e+00
-3.940347700118785879e-01,2.049939703043587080e+00
-8.073671438988485466e-03,1.973089405141731367e+00
-1.894062438669898707e-01,2.634522164161615887e+00
7.547586645734261079e-02,1.916922278144506997e+00
5.459666610765729899e-01,1.892427936203196381e+00
5.447203998304059880e-01,1.873607670205901243e+00
3.157069955519350435e-01,2.076890104316656771e+00
-3.782448379424194762e-01,2.139684315539453596e+00
-7.340840377266868999e-02,2.047476579867895552e+00
-7.593477761889765032e-02,2.304315143916914721e+00
1.878992814393840582e-01,2.145747703050772781e+00
2.451963355868570504e-01,1.791950059381497429e+00
5.734452123876372653e-02,1.896893580831378268e+00
-9.515989953448720021e-03,2.164724134966027336e+00
1.127110743076497335e-01,1.976055450482521181e+00
-1.325317434493806512e-01,1.525559773846498546e+00
1.174987742879884944e-02,1.698485480455407259e+00
9.440283234908629362e-02,1.611837247465924605e+00
-1.313925278268684438e-01,2.207495834260663425e+00
-1.684807027965743720e-01,2.062859345728401905e+00
-7.394113346643974016e-02,2.080906656924735199e+00
1.631441551392339706e-01,2.144053075268135267e+00
1.262193205722149103e-01,2.152081295285646068e+00
4.411840649907598499e-01,2.345028489720283105e+00
5.039129176710143571e-02,2.157511692534235248e+00
-2.940579815341681225e-01,1.302478779802813680e+00
7.188459101301093446e-01,2.083409391219913420e+00
-3.559480894255729333e-01,2.065260735703958073e+00
-7.442873896340711504e-01,2.492458737702448968e+00
-3.017335483865699053e-01,1.424227721440397110e+00
2.593844435999620793e-02,2.053444893503431956e+00
-8.580273828881893050e-02,2.156599347323570726e+00
4.743276006855038363e-01,1.399263907620845071e+00
3.508446344302704745e-01,1.648285326601494516e+00
-7.570327275584939897e-02,1.907195367159590926e+00
5.191641640360019627e-01,1.963007149457242750e+00
1.920959352402019094e-01,1.732751220137445092e+00
3.275910699106886481e-01,2.309345016516477500e+00
4.472315272770356898e-01,1.715338773944573125e+00
-2.513097832848285584e-01,2.280785040371509975e+00
3.828112662559955692e-02,1.798561567943113060e+00
-3.544509197873247919e-01,2.569723596683178179e+00
-4.026154159479404804e-01,2.356368634879176138e+00
2.687385742675333367e-01,2.134518480351150327e+00
-1.152774321296989452e-01,2.612840662843218809e+00
-3.199358598747280014e-01,1.794457622321966594e+00
-3.376824938837463819e-01,1.363467440742617054e+00
-3.983986463278781365e-01,2.558859802801789929e+00
-2.643520098791538042e-01,1.320068270119130860e+00
6.047035266682837529e-01,1.559282262073142356e+00
-1.343345559641716258e-01,2.338899810486531727e+00
-5.192729508710357961e-02,1.897843871258325432e+00
3.116999686226886723e-01,1.730756940872025362e+00
5.381920979824842410e-01,2.158529045015447512e+00
1.021558071065673673e-01,1.649604089787444883e+00
4.677462192191573220e-01,1.669645671376328577e+00
-3.221941413197972337e-01,2.453991259170052786e+00
-9.978619438108873307e-01,1.803742054779378323e+00
-1.475085578994089763e-01,2.149480990368602296e+00
-3.860263408992520295e-01,2.001465200195298610e+00
1.402584025778245702e-01,2.275338282479276941e+00
-3.417325793948380874e-01,2.188100814254826609e+00
-1.729261574628077058e-01,1.764198302809702135e+00
2.912182799669204014e-01,1.738934748380181361e+00
-1.207958651551435669e-01,1.908850344777638597e+00
-5.120236165715189580e-01,2.488709371621553146e+00
3.857522763758347573e-01,2.576588521361738771e+00
1.959330431204640843e-01,2.148947482728246872e+00
-3.969854048150850412e-02,1.932595797255630687e+00
-4.072854492662889569e-01,1.930139502235626914e+00
5.129911536987011855e-01,1.937583061685172137e+00
1.644471095952792505e-01,2.304053543192152720e+00
3.241825338390111333e-01,2.566863020168182352e+00
-3.682337580235338637e-01,2.616149446508766907e+00
-3.417838718018517130e-01,2.205801568016179548e+00
2.873208261690099463e-01,1.760215649407504301e+00
-5.229974278806561599e-02,1.978183681497122759e+00
-8.340294890954942685e-04,2.232552841273529154e+00
3.178992482822092236e-01,1.822627605201410317e+00
-1.701419455512018508e-01,1.328622688754076853e+00
-2.225630781084441123e-01,2.248052712373452611e+00
-4.035452582799730487e-02,1.466211993174147965e+00
-2.641476819644818508e-01,2.194023050506657579e+00
4.625762194726379395e-01,1.694568358570706312e+00
-2.646314227592490020e-01,2.246394417905148710e+00
-1.103466292658039222e-01,2.002949361853954002e+00
1.878202474300621760e-01,2.236129704210303881e+00
-1.911917141509730522e-01,1.833357047104838822e+00
1.655952650339783533e-02,1.992524822007799568e+00
-3.076622024168244041e-01,1.827481573736141396e+00
3.530094471683947743e-02,2.012777056006406440e+00
5.645475477669766873e-01,1.981588949916573084e+00
2.021723485200535297e-01,1.550101184148952704e+00
-6.506029828001691495e-02,2.208793528706291642e+00
-1.148617785395134316e-01,1.933566368200142493e+00
1.963179919935402820e-02,2.091587627028158813e+00
-8.006590063210629327e-02,2.034057601353720379e+00
4.660397950852372961e-01,1.970395871602471427e+00
-1.447960866340196606e-01,2.051306333201984966e+00
-2.829202276281027606e-01,2.154981125788424823e+00
-3.826462502644231156e-01,1.828023936883203637e+00
-4.549588632656775822e-01,2.289533356784089868e+00
1.048452309249649356e-01,1.212794209446154570e+00
-5.834958237169501905e-01,1.598094647172148441e+00
-1.966321954960405793e-01,1.483077446382682130e+00
-2.092666049523392580e-01,2.418956380922490101e+00
4.385465133524567571e-01,2.030473713985380790e+00
5.595015334182160682e-01,2.100827623378878517e+00
-4.560489305749276245e-01,2.468933043377852243e+00
-3.853600166877895750e-01,1.975765098481603754e+00
8.826649043093123814e-02,2.552754103385304951e+00
2.903536150756190204e-01,2.621773372464711649e+00
2.848896446590567511e-01,1.790223627530933115e+00
-4.467378780971181795e-01,2.331302815263954997e+00
-2.342011308940756265e-01,2.403429009072651112e+00
-1.381353544651653664e-01,1.861327556839785125e+00
-2.971077469524143226e-04,2.249969755559893869e+00
3.645031129945022763e-01,2.009669098469560211e+00
1.798295955211006991e-01,2.059025186448625089e+00
2.102062950282276854e-01,1.435081103058915897e+00
2.420782582708587427e-02,2.124743972828196714e+00
-2.837079756789100404e-01,2.381987858985149309e+00
2.153594148033897426e-01,1.716810018375768632e+00
-1.969005231587239724e-01,2.252557387047844362e+00
6.844326445749034094e-02,2.089365699506284813e+00
-3.221300147844030626e-01,2.166611446121296858e+00
-1.225742353569206355e-01,1.939979202763315369e+00
-3.768686461686732853e-02,2.029209801630326826e+00
-1.581769083785747598e-01,1.848297024105788999e+00
-2.972952647754855682e-01,1.922975641736279107e+00
-3.036273101649294426e-01,2.489118819794166715e+00
9.551066175557121340e-02,1.847993229021030137e+00
-3.134266314864885827e-01,1.922837638491516676e+00
1.961766711546672204e-01,2.256205606598322255e+00
9.246684648318623245e-02,1.686831181234278443e+00
-2.749291648165101964e-01,2.028194024683109387e+00
-1.988961352931065130e-01,2.013925040136151257e+00
-4.721292389109851134e-02,2.004808374431692020e+00
9.349914865415220877e-02,1.480175689773959524e+00
6.371164700595826069e-01,2.184579249149021241e+00
5.977594912354806250e-02,1.596073158276081871e+00
1.563995127343487390e-01,2.073671397930221705e+00
-2.731614074755757682e-01,2.589381233660669857e+00
2.393231924177165737e-01,2.206281048649088472e+00
2.761599463316899983e-01,1.979194113616690398e+00
-9.945491951503249162e-01,1.991841127734049754e+00
4.452878425221115655e-01,2.577425365901687027e+00
-3.466526901466672195e-01,1.791148882466108816e+00
-5.758760325015283010e-01,2.196096505143421584e+00
-5.603874720060739723e-01,1.868674214502070940e+00
1.216092815410053513e-01,2.267957827016721772e+00
9.736393299707872540e-02,2.244272272878673480e+00
5.231846075516777272e-02,1.586231847104552450e+00
-6.200869155380651643e-01,2.044011174975257195e+00
-6.262961392044875779e-03,2.163881831300187741e+00
3.369602365391616838e-01,1.977732098121703697e+00
6.516958284633197485e-01,2.068336226581059201e+00
1.452158591795071896e-01,1.797535667407404780e+00
9.754576155057927134e-02,2.341551918277312794e+00
4.552909850383993901e-02,2.099134132605704028e+00
1.599709081232703056e-01,2.077313539611093773e+00
1.755558718227406279e-01,1.505731487139336355e+00
7.568158479770847880e-01,2.011298888611668723e+00
2.084169338461409338e-01,2.073834858207881826e+00
3.214723871822889323e-01,1.718648150504278993e+00
-9.924080872374078932e-02,1.900232438498284493e+00
2.045639403869458084e-01,1.659307521222628701e+00
1.795974355148237112e-01,1.996196784096305521e+00
1.877501441087382483e-01,2.438954457901018280e+00
-4.859476315426475290e-01,1.814161233511385030e+00
-4.719061608535410901e-01,2.058502079728713685e+00
9.506782828297971610e-02,2.274283684934215621e+00
-4.465551929914005069e-01,1.620403759080941253e+00
2.985521156105880314e-01,1.608288703428497834e+00
-5.862100083336579948e-01,1.785721839574536896e+00
1.412712032825685568e-02,2.557164762474798181e+00
1.277654573110304503e-01,1.633950471691266060e+00
-3.872959520383869453e-02,2.112215599921923204e+00
5.210805509498355192e-01,2.379576398419189776e+00
2.530724253574078153e-01,1.767688800221190792e+00
-2.010803185085547895e-01,1.694556169396956857e+00
-1.810896186196391811e-01,1.814724661911151449e+00
-3.724562681331509278e-02,2.075280497346382536e+00
-2.041288789077016219e-01,1.857940533644371062e+00
3.202052235507751865e-01,1.884191133159245135e+00
3.984268917735431237e-01,1.680124067436166602e+00
-7.536421044645566503e-02,1.528219199026529473e+00
-3.470547549754198768e-01,2.518913827462391897e+00
-8.488864834583242924e-01,1.869521639264724699e+00
-2.771228881762502483e-02,2.063694258661068037e+00
-6.356825129125319440e-02,2.014963077332962982e+00
1.504019317762752550e-01,1.933066448808342663e+00
-6.348885060447847506e-01,2.575937871840315641e+00
-4.010815660488852297e-01,1.948725205082939560e+00
-2.160204050197852832e-01,1.856911911968952777e+00
2.004401020635446576e-02,1.892583431103442848e+00
4.429081005153389511e-02,2.626686416575822136e+00
-4.737166076199268439e-01,1.906182420553662160e+00
-4.248649743553887248e-01,2.177532463415983610e+00
1.835731234125736744e-01,2.231951531146080026e+00
-5.721393597661803693e-02,2.852599120734209404e+00
2.989776128731125304e-01,2.146161883879607490e+00
1.934847229976676963e-01,1.767242756895504252e+00
3.153317754378218152e-01,2.030237810598122472e+00
1.004860069912601184e-01,1.785620722074328537e+00
-7.300187735783801590e-02,1.798498396502524077e+00
-2.797260923373799391e-01,2.421884539064222519e+00
4.044551170996100176e-01,2.234541219041009441e+00
5.870948779532095818e-01,2.674087563400468603e+00
-5.232883758826505360e-01,2.223384261991382171e+00
1.861544787243024357e-01,2.274912225813043420e+00
2.138937188558172886e-01,1.857008063063140924e+00
2.286164683859324281e-02,1.808437757597651130e+00
-3.772549381932855939e-01,1.786137218083980960e+00
1.833133963977678360e-01,2.230584575844113182e+00
-4.857745059510351071e-01,1.920654465721915782e+00
7.239211173016943945e-01,2.235313161868385023e+00
2.852768269583136340e-02,2.134368047093303300e+00
-3.332260029297469672e-01,1.798825953912649878e+00
-1.377298761818913399e-03,2.189337751911595298e+00
-2.395331304984839316e-01,1.981115749090897937e+00
-7.553551672560795960e-02,2.497803150141455486e+00
2.663746403311290645e-01,2.107477882089634047e+00
3.385041378139399398e-02,2.329449805638321713e+00
-3.195252411311569340e-01,2.018462850891975968e+00
-2.614080698512956658e-01,2.058284444496125687e+00
-1.503689936652132797e-01,2.032498715702501624e+00
3.290141623464251652e-01,1.854379475741604333e+00
7.914244342375108265e-02,1.994672179788264721e+00
4.632651165706034857e-01,2.082722161379053194e+00
-4.551445070431444084e-01,2.284190662099088609e+00
-1.850492186212340517e-01,1.958233651280866461e+00
-1.426304391485569423e-01,1.993492058105275078e+00
-1.150387637557444449e-02,1.701308718470805115e+00
2.709022680050794663e-02,2.322100618271386807e+00
-3.267903706239086992e-01,1.921411497889656594e+00
-7.993538241475205419e-01,2.035643561360543252e+00
4.993243992059299141e-01,2.079109016611270899e+00
-1.118736049177922048e-01,2.037233908493750967e+00
1.777228800503765915e-01,2.652115023541975258e+00
-5.072438520468178780e-01,1.525182013381559010e+00
-2.134042095958963159e-01,2.071310116339869722e+00
4.346714980773008774e-02,1.820975495583622594e+00
1.587216649704076554e-01,2.388564581576076318e+00
-5.436514975921512560e-01,2.290454894053593815e+00
1.262835305039008427e-01,2.073320240007082926e+00
-9.715533741625227704e-02,1.439778194932273214e+00
7.706398159774020991e-03,1.955681830500509699e+00
9.715855167219404620e-02,2.074835923764652534e+00
9.899224687412413320e-03,1.922801219478991186e+00
1.990443535728222690e-01,1.981282679443461259e+00
5.367807252916446947e-02,1.665853061442917671e+00
-2.901773925117929753e-01,2.426997257453088697e+00
2.301687941337079713e-01,2.090632770334329038e+00
-2.957598414746300253e-01,2.050542923370357595e+00
-1.723082807758504198e-01,2.187147854913723766e+00
2.207334696455383050e-01,2.613192561976632966e+00
3.825057047846397440e-02,2.204636413675439499e+00
3.401024305702102790e-01,1.703684027955741698e+00
-1.709087153352006616e-01,1.492818300316052893e+00
4.039470130266448189e-02,1.949233381644764673e+00
-6.174566781145911509e-01,1.569747353154125502e+00
-3.568602165051012326e-02,1.899162340799979587e+00
5.376270965769036625e-01,1.732521158578924414e+00
7.190999157754050797e-02,2.078464442819869085e+00
-3.191135444231994744e-02,2.250274514755150168e+00
3.435675840981042284e-01,2.053595515970062291e+00
-6.554288099954080904e-01,2.205887802423487809e+00
1.048752264985838567e-01,1.899995168045879979e+00
1.919464050506148878e-01,1.870228574098984575e+00
-5.025885264758990223e-01,2.585980203145310963e+00
2.723049265256228813e-01,1.890398766940337261e+00
6.987065591431784739e-01,2.202886081604609192e+00
1.016260389835838662e+00,1.920284322765114515e+00
5.727107006639866466e-02,1.684586780545914486e+00
-1.820951808790284565e-01,2.064442463485903545e+00
-1.552170380260601557e-01,1.676273613031806331e+00
-2.484227075513687211e-01,1.798035129848567504e+00
8.259260072158750021e-02,1.773079811588652799e+00
-3.835024532291207433e-01,2.519374223420556280e+00
-1.505670518542505387e-01,2.114490812500050332e+00
6.973670960920931583e-02,1.904592258228005708e+00
-1.447989231662947518e-01,1.608937252540069363e+00
-5.881247105880482023e-02,2.286083461218508806e+00
6.043684108953114587e-01,2.238763988769632007e+00
3.722017729684645726e-01,1.449746554272406396e+00
1.049979357286305176e-01,2.287965713627498232e+00
-1.422525253435057979e-01,2.207887143602276669e+00
-9.016400869593725609e-02,2.014776508612134531e+00
-2.867732518940134812e-01,2.086554578509439484e+00
1.509239188884470839e-01,2.362366098539979475e+00
-2.163058845845264866e-01,1.404994309453132750e+00
1.647993792238141575e-01,2.251764300904416594e+00
-3.791359710357177643e-02,2.167783656672173986e+00
3.143909303017519696e-01,2.117702686811321122e+00
3.770405306034032428e-02,2.464207503626776319e+00
2.201017018278107196e-01,1.495574070871198202e+00
1.199458800302141415e-01,2.216621098237550047e+00
1.844770680178611788e-01,2.121225390617630602e+00
7.701373497895988574e-02,2.206338813315026570e+00
7.327355290808962307e-01,2.031257782114087362e+00
5.416782988456135817e-01,2.365776641422944415e+00
4.074978050914964123e-01,2.090156230944673066e+00
6.130709513338462591e-01,1.894751616594026578e+00
-7.298290335893884428e-01,1.970348311361976856e+00
-1.772672025508047200e-01,2.486846485009140295e+00
6.032496186383819181e-02,2.302076037009284981e+00
2.579052705691738390e-01,2.028560583859449817e+00
4.526734730761859948e-01,2.412784515816521758e+00
-4.931605573975711421e-01,2.034118939130158399e+00
3.159296773451940599e-01,1.799035117177842924e+00
-1.023166239571803027e-01,2.179121022961525433e+00
-1.316022650426722229e-01,2.320109769975171599e+00
2.565760824733793188e-01,1.821165703556963944e+00
-5.257365307064309351e-02,2.101383319070649236e+00
3.759919799353563241e-01,1.936381473348004256e+00
-7.552977225422398133e-01,1.639802701773051208e+00
8.730602790399016877e-02,2.184299769098244859e+00
-3.290454583767916663e-01,1.816373395766826881e+00
1.716374938667049321e-01,1.946352757648876830e+00
-3.025455640180855221e-01,1.972231869972421947e+00
8.609431418776276601e-01,1.553469937936080791e+00
-2.576041580200343351e-01,2.512024297085637681e+00
1.280938058915006839e-01,1.628552480461729957e+00
9.090034455790934054e-01,1.791908134548931608e+00
-6.747900971755134425e-02,2.166232566785523783e+00
2.501672400336349411e-01,1.308003966925636696e+00
-3.056266370670388532e-01,2.407047535560235207e+00
5.833961437162479280e-01,1.791205536139961696e+00
-2.531278235340450045e-01,2.311845579241685655e+00
8.147514825013414674e-02,1.621930369438785213e+00
4.067524820295971288e-01,2.080542614867334716e+00
1.308632093343523872e-01,1.868699495257784893e+00
-6.211918211731436851e-02,1.848750609211996299e+00
4.783423334916759861e-01,2.093790508656664606e+00
2.942015919158290638e-01,2.317177263790358932e+00
3.899136972472279639e-01,2.075515568207827233e+00
-1.629673200666537924e-01,2.232591281016175433e+00
-2.021912844974316503e-01,2.204743175260066135e+00
-4.865633771789583673e-01,1.834312786980634602e+00
3.231353120146672198e-01,1.855137170936359103e+00
-1.494842773306028771e-01,1.841976462647489043e+00
-3.741407743625641547e-01,2.024995616256363373e+00
-1.746068046733396158e-03,2.047876430344461429e+00
8.948167275517920904e-02,1.736616240988200222e+00
-1.722117674200741161e-02,2.166604342451904142e+00
-2.895231918318723063e-01,1.801151537336559194e+00
2.698824189844929722e-02,2.440602521589964713e+00
-2.439798763902657486e-01,1.749692775555207191e+00
3.960774563557690753e-01,1.381207879417556850e+00
9.336220606451876847e-02,1.704885766480922715e+00
-8.140344492520153186e-02,2.500121193449011514e+00
-4.603114577998799750e-01,2.168974236647203568e+00
-8.115903238295078814e-02,1.853511327397896258e+00
-3.917012997353105236e-02,2.163793564054542706e+00
1.567648165522414483e-02,2.709208643770877778e+00
5.220758834637710954e-01,1.766603565521913444e+00
1.948169420837303767e-01,2.036781811204043446e+00
-3.559260165804737364e-01,2.531065866551699184e+00
-6.760740860687734777e-02,2.089913651951262885e+00
-3.881813362008786905e-01,1.961262882543822084e+00
3.387127079631463977e-01,2.298080978640718364e+00
1.257381224962965567e-02,2.447362698744365073e+00
4.996210134713426898e-01,2.353582346967761918e+00
5.855473943489231115e-02,1.866836969580899508e+00
-3.080987521622646219e-01,2.085448622528561557e+00
-1.335063077856451785e-01,1.416648957805908271e+00
1.340139278713708970e-01,2.409890435958286670e+00
-5.321874720937331826e-01,2.281244914505597077e+00
8.284809688521098392e-02,2.386634401270905315e+00
3.312927187798713757e-01,2.112766292205742857e+00
-6.468119836923183139e-03,1.758963074353115497e+00
7.626116502886137738e-01,1.570554631578335414e+00
-2.080299666646343859e-01,1.835258828747934778e+00
4.671468589294373031e-01,2.380439012726165871e+00
2.657759912349352827e-01,1.870451119582920319e+00
-1.058988463062728452e-01,2.084701678733379637e+00
-4.704291836611255301e-02,1.924853574928613975e+00
5.584599885086530824e-01,1.700597153029056452e+00
2.355048028107533942e-01,1.548078486225385131e+00
3.079897648391900500e-01,2.076397482763980396e+00
6.354958040434921518e-01,1.418854171705238754e+00
-4.078239079364903152e-01,1.803440762037479939e+00
6.770535048609147566e-01,2.080645121025430644e+00
7.214767603441450683e-02,2.060362422036822849e+00
-2.531968754776995900e-01,2.358462922655136129e+00
-3.273057116662871358e-01,2.001002174467783501e+00
4.332593540685074074e-01,1.904219479118782976e+00
-1.128899203441003085e-01,2.238547679295715298e+00
-1.074922312668279700e-01,1.944462455931093903e+00
2.603397270658825979e-01,2.143317673013453994e+00
-2.144729985341292111e-01,2.121052858020958443e+00
-8.200789526583771374e-03,2.204316176016645645e+00
-2.888755388020599613e-01,1.810782630625364709e+00
6.225564181482463877e-02,2.531024382317884847e+00
-4.749179156501160959e-01,1.716827278109048116e+00
-3.925739980753263914e-01,2.561980958733727665e+00
2.817049341450293398e-01,2.153464252399698076e+00
-3.420325155875242884e-01,2.235182865071511760e+00
6.654090723626567838e-01,1.864965609248547374e+00
3.859928392422212751e-02,1.981017665288490992e+00
-7.823627881890270197e-02,2.026455526485318348e+00
1.179477894553490752e-01,2.115456443968994904e+00
-4.288023627440166186e-01,2.450145238037035877e+00
-3.952200559009020897e-01,1.807516656978464198e+00
-3.939541942729429813e-01,2.024398199665668141e+00
1.471298142474949111e-01,1.753945199289717705e+00
-1.531959939327308395e-01,1.978110115716023687e+00
6.384210814816811963e-01,2.253230340005324184e+00
1.242773437488331051e-01,1.875967846180180976e+00
